frame,time_s,displacement_mm_motion_compensated,target_match_score,static_feature_inliers
0,0.0,-0.014547257404326408,0.9792582392692566,17
1,0.02,0.01087375971970792,0.9645540118217468,17
2,0.04,-0.07061465592429121,0.9664074778556824,17
3,0.06,0.02253467540949438,0.9690355062484741,17
4,0.08,0.4697232975436015,0.9718923568725586,17
5,0.1,0.552913225288438,0.9615371227264404,17
6,0.12,0.20521460466384295,0.9676752686500549,17
7,0.14,0.00382549785424211,0.9704256057739258,17
8,0.16,0.004415335691485614,0.9737149477005005,17
9,0.18,-0.11796688067766192,0.9677526354789734,17
10,0.2,-0.5068274264048479,0.961022138595581,17
11,0.22,-0.5712269517038706,0.9676049947738647,17
12,0.24,-0.111689178016523,0.9610422849655151,17
13,0.26,0.10406148316940868,0.9650510549545288,17
14,0.28,-0.006694165414947881,0.9570705890655518,17
15,0.3,0.0354970026015928,0.970180869102478,17
16,0.32,0.18113501190986672,0.9707649946212769,17
17,0.34,0.36370457757187413,0.967537522315979,17
18,0.36,0.3094370933986848,0.9666166305541992,17
19,0.38,0.22811422486051328,0.9734645485877991,17
20,0.4,0.11181723601034103,0.970237135887146,17
21,0.42,0.029568705079446745,0.9636051654815674,17
22,0.44,-0.23158373113959885,0.9564971327781677,17
23,0.46,-0.45304027159976046,0.9617488384246826,17
24,0.48,-0.4412364818766878,0.9722028374671936,17
25,0.5,-0.3704746848381794,0.973837673664093,17
26,0.52,-0.011745670157401899,0.9608866572380066,17
27,0.54,0.05512883956449965,0.9617062211036682,17
28,0.56,0.061886774998630205,0.9630848169326782,17
29,0.58,0.02020457254435087,0.968398928642273,17
30,0.6,0.21172462637773415,0.9620538353919983,17
31,0.62,0.49655958860283844,0.9735163450241089,17
32,0.64,0.3314044668362723,0.9733589291572571,17
33,0.66,-0.12468796473058594,0.9756373167037964,17
34,0.68,-0.04402334011839601,0.9705670475959778,17
35,0.7,0.043778710983769335,0.9641658067703247,17
36,0.72,-0.5030733416079198,0.9714767336845398,17
37,0.74,-0.9350871271244822,0.9727665185928345,17
38,0.76,-0.6073104770977198,0.9713675379753113,17
39,0.78,0.21634109822451902,0.9598954916000366,17
40,0.8,0.2764175497489198,0.9627454280853271,17
41,0.82,-0.11292280293862268,0.9619691371917725,17
42,0.84,-0.10158389822925502,0.9746103882789612,17
43,0.86,0.2960455499246432,0.9642788171768188,17
44,0.88,0.3919352174446104,0.9667648673057556,17
45,0.9,-0.021671014324109436,0.9755685925483704,17
46,0.92,-0.07316835880361078,0.9758620858192444,17
47,0.94,0.21217031846851803,0.9722815752029419,17
48,0.96,0.0292133886862864,0.9723924398422241,17
49,0.98,-0.7465286599516351,0.9648009538650513,17
50,1.0,-1.0002084874736799,0.9664919972419739,17
51,1.02,-0.21063225398973892,0.9616239666938782,17
52,1.04,0.32459049320668215,0.9561731219291687,17
53,1.06,0.14919013302545184,0.9567156434059143,17
54,1.08,-0.03999491064196985,0.9539183974266052,17
55,1.1,0.3597078639608362,0.969921886920929,17
56,1.12,0.6009239498182743,0.9659101963043213,17
57,1.14,0.3093219400517216,0.9654732346534729,17
58,1.16,-0.15555365754873335,0.973770260810852,17
59,1.18,-0.044813035451992236,0.9663675427436829,17
60,1.2,0.31707334025038614,0.9735312461853027,17
61,1.22,-0.10185465775487776,0.9691873788833618,17
62,1.24,-0.8967611036211831,0.9690170884132385,17
63,1.26,-0.8375845481512869,0.9674884080886841,17
64,1.28,-0.3040826197107922,0.9641362428665161,17
65,1.3,-0.06347879875288581,0.9708801507949829,17
66,1.32,-0.016418143485877536,0.9722729921340942,17
67,1.34,0.008426102452593613,0.9704945683479309,17
68,1.36,0.3089219047879368,0.9659726619720459,17
69,1.38,0.4430887207026967,0.9650260210037231,17
70,1.4,0.15353559535706846,0.962399423122406,17
71,1.42,-0.36582744594405525,0.971574604511261,17
72,1.44,-0.22130258771038336,0.9693966507911682,17
73,1.46,0.2530327638855167,0.9687014818191528,17
74,1.48,0.11226218029726166,0.9641757011413574,17
75,1.5,-0.6319870301015432,0.9621429443359375,17
76,1.52,-0.8739877722436852,0.9582518935203552,17
77,1.54,-0.21390524290344673,0.9677996635437012,17
78,1.56,0.2659438431694283,0.9698032140731812,17
79,1.58,0.1296572401563344,0.9650226831436157,17
80,1.6,-0.08918154181313821,0.9682050943374634,17
81,1.62,0.3907924589232241,0.9739018678665161,17
82,1.64,0.6608827141508844,0.9745888710021973,17
83,1.66,0.11123767048712073,0.9580207467079163,17
84,1.68,-0.6312907947794391,0.9680200219154358,17
85,1.7,-0.302823499456477,0.9719003438949585,17
86,1.72,0.3070233645311537,0.9682501554489136,17
87,1.74,0.10994047752225262,0.9638749361038208,17
88,1.76,-0.7825316016958286,0.9666587710380554,17
89,1.78,-0.7932273795900651,0.971003532409668,17
90,1.8,-0.02811077503654604,0.9584375023841858,17
91,1.82,0.18484768858338602,0.971522867679596,17
92,1.84,-0.2758186328898086,0.9599242806434631,17
93,1.86,-0.2955265774832179,0.9580061435699463,17
94,1.88,0.6705010846306758,0.9488111734390259,17
95,1.9,0.9089925066053638,0.9640933871269226,17
96,1.92,-0.13678237431930562,0.9639720320701599,17
97,1.94,-0.690751131676346,0.9616273641586304,17
98,1.96,-0.023457490987810165,0.9614518284797668,17
99,1.98,0.4424111407836436,0.9703270196914673,17
100,2.0,-0.28855063839690737,0.9696930646896362,17
101,2.02,-1.048151846076695,0.973025381565094,17
102,2.04,-0.5333169270064256,0.9653140306472778,17
103,2.06,0.18147392232509044,0.9648327827453613,17
104,2.08,-0.1644170153929728,0.9652726650238037,17
105,2.1,-0.6821461153378544,0.9722975492477417,17
106,2.12,-0.06186332290683106,0.9721490740776062,17
107,2.14,0.994908565192207,0.9555676579475403,17
108,2.16,0.6208087579102411,0.9609999656677246,17
109,2.18,-0.280321413626034,0.9720228314399719,17
110,2.2,-0.4306285421475245,0.968525230884552,17
111,2.22,0.3179299834450799,0.9602260589599609,17
112,2.24,0.2941373034078129,0.9680129289627075,17
113,2.26,-0.35409533972135004,0.9748684763908386,17
114,2.28,-0.5646771854749726,0.966869592666626,17
115,2.3,0.040673222726278165,0.9729307889938354,17
116,2.32,0.16321527119955614,0.9720094203948975,17
117,2.34,-0.31001168545449515,0.9646068215370178,17
118,2.36,-0.5237692562199951,0.9653042554855347,17
119,2.38,0.17227403983622844,0.9687303304672241,17
120,2.4,0.8942833843897098,0.9705671072006226,17
121,2.42,0.6442408839766345,0.9653738737106323,17
122,2.44,-0.166331194112414,0.9703004360198975,17
123,2.46,-0.13572223124482463,0.9712914228439331,17
124,2.48,0.3555827883621405,0.9635241031646729,17
125,2.5,0.12305180129049056,0.9695715308189392,17
126,2.52,-0.6380370586752967,0.9661197662353516,17
127,2.54,-0.43859012478781506,0.9703199863433838,17
128,2.56,0.24585216028057952,0.9622472524642944,17
129,2.58,0.20367453976338992,0.9656816720962524,17
130,2.6,-0.3268963688778719,0.955894947052002,17
131,2.62,-0.5241695115400042,0.9702863693237305,17
132,2.64,0.4781318347989603,0.9669507145881653,17
133,2.66,0.9773454344728079,0.9631614089012146,17
134,2.68,0.33039088054061616,0.9650986194610596,16
135,2.7,-0.1840825425778169,0.9725381135940552,16
136,2.72,0.13357657946388232,0.9680049419403076,16
137,2.74,0.4728487105333378,0.9740673303604126,16
138,2.76,-0.08503207195629539,0.9622254371643066,16
139,2.78,-0.7378687735780443,0.96144700050354,16
140,2.8,-0.4162846188397192,0.9619824886322021,16
141,2.82,0.32343391117389536,0.9679510593414307,16
142,2.84,-0.10765437884075411,0.9628971815109253,16
143,2.86,-0.7783894205643141,0.9710074663162231,16
144,2.88,-0.5959880236846206,0.9747450947761536,16
145,2.9,0.43748272562562773,0.9716891646385193,16
146,2.92,0.5382592819423053,0.9747020602226257,16
147,2.94,0.13809663771410718,0.9719336032867432,16
148,2.96,-0.0654831657928367,0.9657350778579712,16
149,2.98,0.20137093054108907,0.964126467704773,16
150,3.0,0.16908413957761442,0.961693525314331,16
151,3.02,-0.20481746151219812,0.9719368815422058,16
152,3.04,-0.46882923621342576,0.9744942784309387,16
153,3.06,-0.1115753122204774,0.9646696448326111,16
154,3.08,0.22068958073273584,0.9697699546813965,16
155,3.1,-0.1022161077342266,0.9671512246131897,16
156,3.12,-0.598254726564492,0.9601433277130127,16
157,3.14,-0.3810454556423182,0.973223090171814,16
158,3.16,0.49671300819374603,0.9641632437705994,16
159,3.18,0.534780787616911,0.9639339447021484,16
160,3.2,0.10503405876869386,0.9630012512207031,16
161,3.22,0.013624721679215537,0.9727190732955933,16
162,3.24,0.4384721110846589,0.9563583135604858,16
163,3.26,0.32818643249556045,0.9619321227073669,16
164,3.28,-0.5432496443882591,0.9565231204032898,16
165,3.3,-0.5925518706026396,0.9742178916931152,16
166,3.32,0.13625952335721186,0.9591374397277832,16
167,3.34,0.4565895764020561,0.9647606015205383,16
168,3.36,-0.2954503478400043,0.9634393453598022,16
169,3.38,-0.6925989514701189,0.9660320281982422,16
170,3.4,-0.11370017589731313,0.9698135256767273,16
171,3.42,0.45533140544072886,0.9674313068389893,17
172,3.44,0.16252903754339237,0.9672121405601501,17
173,3.46,-0.1296690855841537,0.963655412197113,17
174,3.48,0.3130554121299877,0.9680305123329163,17
175,3.5,0.5762726527986021,0.9743688106536865,17
176,3.52,-0.0867679124833625,0.9567502737045288,17
177,3.54,-0.6441049070834457,0.97405606508255,17
178,3.56,-0.30695343542715836,0.9703023433685303,17
179,3.58,0.33246488455388923,0.9604529142379761,17
180,3.6,0.08573151978660012,0.964954674243927,17
181,3.62,-0.3154611314161994,0.9578261375427246,17
182,3.64,-0.23203592996380548,0.9612049460411072,17
183,3.66,0.09862222878997738,0.9747477769851685,17
184,3.68,0.06944684424372619,0.9737019538879395,17
185,3.7,-0.0827679259809463,0.9547231197357178,17
186,3.72,0.13556530209264694,0.9602384567260742,17
187,3.74,0.5336829864921157,0.9727573990821838,17
188,3.76,0.351891434338862,0.9641357064247131,17
189,3.78,-0.21102236753338838,0.9731631278991699,17
190,3.8,-0.39739961968220344,0.9612793922424316,17
191,3.82,-0.18618497566396466,0.9671439528465271,17
192,3.84,-0.0757096352096615,0.9673561453819275,17
193,3.86,-0.06370375796837598,0.9729463458061218,17
194,3.88,0.01594415512027081,0.9762024879455566,17
195,3.9,0.023407911154072415,0.9701564311981201,17
196,3.92,-0.19572469063166445,0.9629186391830444,17
197,3.94,-0.21284817585282104,0.9656923413276672,17
198,3.96,0.08975505286840485,0.9674932360649109,17
199,3.98,0.1658542746116219,0.9697188138961792,17
200,4.0,0.20340186729696058,0.9721808433532715,17
201,4.02,0.19003357078153152,0.9698163866996765,17
202,4.04,0.13722731196676993,0.9684495329856873,17
203,4.06,-0.05942383924125646,0.9695167541503906,17
204,4.08,-0.2370891456083359,0.9655635952949524,17
205,4.1,-0.1371427483042825,0.960036039352417,17
206,4.12,0.1521231579482687,0.9718486666679382,17
207,4.14,0.1089542171961388,0.967479944229126,17
208,4.16,-0.09919934948260219,0.966201901435852,17
209,4.18,-0.13732125489501915,0.9702687859535217,17
210,4.2,0.040941032719727787,0.9697751402854919,17
211,4.22,0.016909310644040255,0.9691972136497498,17
212,4.24,-0.03255491841817184,0.9704064726829529,17
213,4.26,0.06527287996987136,0.9717064499855042,17
214,4.28,0.3393190021506235,0.9656933546066284,17
215,4.3,0.23681267598999597,0.9571768641471863,17
216,4.32,-0.3314637986785848,0.9720343351364136,17
217,4.34,-0.30879778584963613,0.9739016890525818,17
218,4.36,0.018046621125459815,0.9677059650421143,17
219,4.38,0.1358484968500503,0.9633225202560425,17
220,4.4,-0.14271796972943543,0.9667871594429016,17
221,4.42,-0.15098421868915,0.9708049297332764,17
222,4.44,0.052637395391533226,0.9715477228164673,17
223,4.46,0.18789519032544227,0.9658350348472595,17
224,4.48,-0.011403088286874042,0.9641240239143372,17
225,4.5,-0.1716877432050451,0.9704414010047913,17
226,4.52,0.16593425907535733,0.9719176292419434,17
227,4.54,0.4100868270913178,0.9693940877914429,17
228,4.56,-0.011214953958687006,0.9622238278388977,17
229,4.58,-0.388138775300436,0.9700103998184204,17
230,4.6,-0.27746564813119823,0.9724979996681213,17
231,4.62,-0.02301225330162513,0.9720360636711121,17
232,4.64,-0.1042582355447511,0.9707725048065186,17
233,4.66,-0.2793667059159881,0.9652015566825867,17
234,4.68,0.002852516787787165,0.9622820615768433,17
235,4.7,0.36475795389929094,0.9619863033294678,17
236,4.72,-0.005889506520995421,0.9725272059440613,17
237,4.74,-0.4867278673399744,0.9654867053031921,17
238,4.76,-0.16701720376997317,0.9568184614181519,17
239,4.78,0.362352595592817,0.969124436378479,17
240,4.8,0.1853624912293687,0.9684238433837891,17
241,4.82,-0.4285478773934824,0.9586352705955505,17
242,4.84,-0.29274514542715635,0.9576457738876343,17
243,4.86,-0.019204128826854672,0.9667448401451111,17
244,4.88,-0.27524583494349814,0.970206081867218,17
245,4.9,-0.5620813629852931,0.9665348529815674,17
246,4.92,-0.17726190839740794,0.9609203934669495,17
247,4.94,0.32465923150170983,0.9709913730621338,17
248,4.96,0.21823895727196646,0.9684345126152039,17
249,4.98,-0.42484447201801134,0.9706457853317261,17
250,5.0,-0.39294720176931824,0.9733790755271912,17
251,5.02,-0.06534670669060645,0.968114972114563,17
252,5.04,0.00812261924309914,0.9711937308311462,17
253,5.06,-0.2518062886532757,0.9702632427215576,17
254,5.08,-0.16019003550905392,0.9706519842147827,17
255,5.1,0.03179511410369932,0.9674524068832397,17
256,5.12,-0.11501456174894013,0.9724299311637878,17
257,5.14,-0.35862257311644863,0.9654080867767334,17
258,5.16,-0.4329458964325216,0.9678179025650024,17
259,5.18,-0.06537960371693569,0.9561409950256348,17
260,5.2,0.17823736336488125,0.9748954772949219,17
261,5.22,0.07561579242847155,0.9665166735649109,17
262,5.24,-0.10560012900653344,0.9715995192527771,17
263,5.26,-0.2737552875733181,0.9701670408248901,17
264,5.28,-0.14144499968169097,0.9688680171966553,17
265,5.3,0.04696588696034384,0.9752219319343567,17
266,5.32,-0.043350262071425665,0.9644139409065247,17
267,5.34,-0.22991982185006585,0.9563647508621216,17
268,5.36,-0.1150942560824626,0.9709925055503845,17
269,5.38,0.19964052269697738,0.9675753712654114,17
270,5.4,-0.024344429198749122,0.9729718565940857,17
271,5.42,-0.36199958107695945,0.9730521440505981,17
272,5.44,-0.3590226287690891,0.9748016595840454,17
273,5.46,0.47643851251176195,0.9716410040855408,17
274,5.48,0.44336680525216715,0.9626069664955139,17
275,5.5,-0.14934990752503227,0.9624195098876953,17
276,5.52,-0.20716699932700658,0.9683841466903687,17
277,5.54,0.3189395383497985,0.9662966132164001,17
278,5.56,0.3895830753982443,0.9643487334251404,17
279,5.58,-0.1673296315900726,0.9692139625549316,17
280,5.6,-0.20707095437764497,0.9693650603294373,17
281,5.62,0.47407655226298273,0.9623940587043762,17
282,5.64,0.4723947606976349,0.9721273183822632,17
283,5.66,-0.4448777888003617,0.9623039364814758,17
284,5.68,-0.7282932968584446,0.9683277010917664,17
285,5.7,0.05757329864435366,0.9624148607254028,17
286,5.72,0.4474080158085094,0.9619114398956299,17
287,5.74,-0.024788045728096203,0.9678642153739929,17
288,5.76,-0.2682625701255565,0.9606214165687561,17
289,5.78,0.2274158803107627,0.9721134305000305,17
290,5.8,0.48611651165972597,0.9635809659957886,17
291,5.82,-0.20282649268613975,0.9619026780128479,17
292,5.84,-0.668927333330373,0.9614784121513367,17
293,5.86,-0.1662902106648197,0.9568737149238586,17
294,5.88,0.6277352057458673,0.9672805070877075,17
295,5.9,0.13083352107883425,0.9629963636398315,17
296,5.92,-0.6463721718879135,0.9664315581321716,17
297,5.94,-0.488418425633767,0.9690316915512085,17
298,5.96,0.31480131085702345,0.9673521518707275,17
299,5.98,0.2887739362376904,0.9671276211738586,17
300,6.0,-0.3027096830642924,0.959040105342865,17
301,6.02,-0.23110563535226897,0.9599846601486206,17
302,6.04,0.42148921511682697,0.9714754819869995,17
303,6.06,0.43698877497614697,0.9633543491363525,17
304,6.08,-0.3083812853456581,0.9722315073013306,17
305,6.1,-0.6205021191867772,0.9700870513916016,17
306,6.12,-0.12902124021676933,0.9710970520973206,17
307,6.14,0.42446841258471457,0.9620948433876038,17
308,6.16,0.15496928969933513,0.9626940488815308,17
309,6.18,-0.5802301168430877,0.9701156616210938,17
310,6.2,-0.4434446512004484,0.966147780418396,17
311,6.22,0.10981739980249382,0.9616420865058899,17
312,6.24,0.17777272248414697,0.9726031422615051,17
313,6.26,-0.37898142329719464,0.9683175683021545,17
314,6.28,-0.34994158922301444,0.9730702638626099,17
315,6.3,0.27000566321272984,0.9647949934005737,17
316,6.32,0.5211373604351418,0.9632552266120911,17
317,6.34,-0.21481504090820977,0.9746288061141968,17
318,6.36,-0.6622335267676258,0.9683483839035034,17
319,6.38,-0.05320992121168148,0.9587525725364685,17
320,6.4,0.759119792118917,0.9652653336524963,17
321,6.42,0.21276616489013325,0.9719071984291077,17
322,6.44,-0.7558774698703852,0.9676430821418762,17
323,6.46,-0.29909803392382883,0.9640878438949585,17
324,6.48,0.6131636690490059,0.9735047221183777,17
325,6.5,0.34564100160004,0.9695417284965515,17
326,6.52,-0.6903048961712358,0.9725507497787476,17
327,6.54,-0.4386013241520482,0.9691264033317566,17
328,6.56,0.9280726265240157,0.9682702422142029,17
329,6.58,0.8253250960145492,0.9677392840385437,17
330,6.6,-0.5979103569416631,0.9716443419456482,17
331,6.62,-1.0240763962681845,0.9694944024085999,17
332,6.64,0.15928387254272025,0.9599447846412659,17
333,6.66,0.8126532265559439,0.9639712572097778,17
334,6.68,-0.2388584453472685,0.9666677117347717,17
335,6.7,-0.9246199336690648,0.965654730796814,17
336,6.72,0.014305308271139579,0.9687577486038208,17
337,6.74,0.8315999325917426,0.9685527682304382,17
338,6.76,-0.1902465939522307,0.9716237187385559,17
339,6.78,-1.1739105690367784,0.9747263789176941,17
340,6.8,-0.2703210601103481,0.9699244499206543,17
341,6.82,1.1041065697807897,0.9656944870948792,17
342,6.84,0.5766542580666713,0.9742372035980225,17
343,6.86,-0.9901385041797716,0.9727193117141724,17
344,6.88,-0.7547103115109308,0.9565230011940002,17
345,6.9,0.7059094347300088,0.9757495522499084,17
346,6.92,0.5620664804384097,0.967930018901825,17
347,6.94,-0.6923229445080618,0.9658159017562866,17
348,6.96,-0.709914305282943,0.9677340388298035,17
349,6.98,0.5021958054263286,0.9731509685516357,17
350,7.0,0.7865615259536448,0.972063422203064,17
351,7.02,-0.645894813108783,0.9651961922645569,17
352,7.04,-1.1467704045910625,0.9728127121925354,17
353,7.06,0.24705221124344115,0.9740638136863708,17
354,7.08,1.2352966614743321,0.9664497375488281,17
355,7.1,0.08724064938814946,0.9631701707839966,17
356,7.12,-0.9630302791008916,0.9689366221427917,17
357,7.14,-0.25932333498830673,0.9621923565864563,17
358,7.16,0.9913498041995946,0.9669656753540039,17
359,7.18,0.2786249884433907,0.9637207984924316,17
360,7.2,-1.1290248188076515,0.9619731307029724,17
361,7.22,-0.606244205023715,0.9668319821357727,17
362,7.24,0.7920592997141822,0.9708827137947083,17
363,7.26,0.5896852863285363,0.970475435256958,17
364,7.28,-0.8104494054956913,0.9663554430007935,17
365,7.3,-0.8476300455034769,0.9634479880332947,17
366,7.32,0.593761632095946,0.9626680016517639,17
367,7.34,1.0559190758560344,0.9603171348571777,17
368,7.36,-0.19551329967572414,0.9603452086448669,17
369,7.38,-0.7256664901458191,0.9712490439414978,17
370,7.4,0.2799025991553706,0.969759464263916,17
371,7.42,0.8349551885976199,0.9700936675071716,17
372,7.44,-0.16049647777326037,0.9724038243293762,17
373,7.46,-1.1018153580526617,0.970146119594574,17
374,7.48,-0.09082303492682059,0.9711927771568298,17
375,7.5,0.9371399533504936,0.9742306470870972,17
376,7.52,0.39909404017084804,0.9670600295066833,17
377,7.54,-0.9807836803113416,0.9717559814453125,17
378,7.56,-0.5244479962411999,0.9723315238952637,17
379,7.58,0.880412767225017,0.9633648991584778,17
380,7.6,0.7285663847997559,0.9655946493148804,17
381,7.62,-0.6148354215872325,0.9632101058959961,17
382,7.64,-0.60184476612323,0.9717639684677124,17
383,7.66,0.6654901318996437,0.9722234010696411,17
384,7.68,0.621525028412096,0.9643470048904419,17
385,7.7,-0.7270134015392451,0.9741936922073364,17
386,7.72,-1.044264385518719,0.9681980609893799,17
387,7.74,0.3682453566253459,0.9729811549186707,17
388,7.76,1.0385506105013347,0.9663919806480408,17
389,7.78,-0.24000504118006388,0.9652358889579773,17
390,7.8,-1.0830460492109457,0.9634557962417603,17
391,7.82,0.05069815696803125,0.9708731174468994,16
392,7.84,1.1761547001067558,0.9672346115112305,16
393,7.86,0.308544171661037,0.9655376672744751,16
394,7.88,-0.9056056269025073,0.9686447978019714,16
395,7.9,-0.22671508124936918,0.9727905988693237,16
396,7.92,0.928599196011987,0.9713711142539978,16
397,7.94,0.44212467392554644,0.9689459204673767,16
398,7.96,-1.1725565297999883,0.9741235375404358,16
399,7.98,-0.7576786495686784,0.9708863496780396,17
400,8.0,0.6755337795110767,0.9683050513267517,17
401,8.02,0.803788457733538,0.9727887511253357,17
402,8.04,-0.6059318515009317,0.9675518274307251,17
403,8.06,-0.7696202733449405,0.96958327293396,17
404,8.08,0.6533590512889912,0.9661832451820374,17
405,8.1,0.9362238167265665,0.9664897918701172,17
406,8.12,-0.2495686442031594,0.9607023596763611,17
407,8.14,-0.9634420163733297,0.9639901518821716,17
408,8.16,0.15484469116361227,0.9738433957099915,17
409,8.18,0.7824770258836088,0.9670239090919495,17
410,8.2,-0.2233658114947379,0.9602684378623962,17
411,8.22,-1.186464731033655,0.9628434181213379,17
412,8.24,-0.36052471949117565,0.9642884731292725,17
413,8.26,0.8568708339570997,0.9694859981536865,17
414,8.28,0.2819265328501878,0.9746966361999512,17
415,8.3,-0.9161083788855149,0.975618302822113,17
416,8.32,-0.4600529253080078,0.9710507392883301,17
417,8.34,0.8971143162617495,0.9727328419685364,17
418,8.36,0.7661844057803692,0.9751944541931152,17
419,8.38,-0.5207920800158182,0.9650742411613464,17
420,8.4,-0.6533818233025971,0.9641488194465637,17
421,8.42,0.48175511633449136,0.9604042768478394,17
422,8.44,0.6525951191134608,0.9624964594841003,17
423,8.46,-0.6510369864209083,0.9705372452735901,17
424,8.48,-0.9640616662757273,0.9692177772521973,17
425,8.5,0.14036729615264582,0.9660483002662659,17
426,8.52,0.6449531978244216,0.960638701915741,17
427,8.54,-0.22272850170174122,0.9711505770683289,17
428,8.56,-0.8608587858983554,0.9725045561790466,17
429,8.58,0.04865976598517728,0.9673123955726624,17
430,8.6,1.054571284911575,0.97186678647995,17
431,8.62,0.34516361305666277,0.9724669456481934,17
432,8.64,-0.7018871301270296,0.9695889353752136,17
433,8.66,-0.10232099488348725,0.9692814946174622,17
434,8.68,0.7979796472511798,0.9732325673103333,16
435,8.7,0.41725427828048944,0.9741445779800415,16
436,8.72,-0.7852912493175641,0.9677984714508057,16
437,8.74,-0.6923369108968155,0.9733977317810059,16
438,8.76,0.3520822869867565,0.9692802429199219,16
439,8.78,0.37504481480222596,0.9593591094017029,16
440,8.8,-0.5937138281825949,0.970731258392334,16
441,8.82,-0.7903577494028354,0.9716245532035828,16
442,8.84,0.3995501204704738,0.9679825305938721,16
443,8.86,0.828713654837632,0.9768797159194946,16
444,8.88,-0.05949842232025492,0.9755522608757019,16
445,8.9,-0.5662606790142873,0.9630386233329773,16
446,8.92,0.07567963484790843,0.9642342329025269,16
447,8.94,0.7220856152648308,0.9705615043640137,16
448,8.96,0.0008770382761501327,0.9685999751091003,16
449,8.98,-0.7792198951829223,0.9648582339286804,16
450,9.0,-0.38700088425033496,0.9669064283370972,16
451,9.02,0.3636939988455819,0.9721232056617737,16
452,9.04,0.09039733998037432,0.969092071056366,16
453,9.06,-0.7426384830592221,0.9693005084991455,16
454,9.08,-0.5008184571517977,0.9736069440841675,16
455,9.1,0.3945986931317035,0.9628333449363708,16
456,9.12,0.5224167925943219,0.9675331711769104,16
457,9.14,-0.054544626027036434,0.9659954905509949,16
458,9.16,-0.375607123559011,0.9586940407752991,16
459,9.18,0.2703123060623759,0.9581109285354614,16
460,9.2,0.5068038180800309,0.9702149629592896,16
461,9.22,0.10552362359461209,0.9689871072769165,16
462,9.24,-0.4379444532715965,0.9732264280319214,16
463,9.26,-0.1511009355003952,0.9731967449188232,16
464,9.28,0.24169945086066288,0.9724116325378418,16
465,9.3,0.0016103495425794669,0.964970052242279,16
466,9.32,-0.5408021141496988,0.9619971513748169,16
467,9.34,-0.44329628363364815,0.9734161496162415,16
468,9.36,0.09886657136467107,0.9662051200866699,16
469,9.38,0.3804248687880284,0.9617841839790344,16
470,9.4,-0.04641676903836404,0.9743205308914185,16
471,9.42,-0.43501155761777355,0.9692993760108948,16
472,9.44,-0.1332728365594216,0.9621368050575256,16
473,9.46,0.4122305126922206,0.9739854335784912,16
474,9.48,0.11920810866213677,0.9647676944732666,16
475,9.5,-0.5795997294765999,0.9708608388900757,16
476,9.52,-0.20057316399289904,0.9679597616195679,16
477,9.54,0.5294495122600698,0.9658621549606323,16
478,9.56,0.17110301538045117,0.9586150646209717,16
479,9.58,-0.6663765080031995,0.9658108353614807,16
480,9.6,-0.5048953838787905,0.9715141654014587,16
481,9.62,0.3655258051392966,0.9700477123260498,16
482,9.64,0.4788143511440732,0.9658939838409424,16
483,9.66,-0.29012706555349954,0.9714308977127075,16
484,9.68,-0.255186794359039,0.9662715792655945,16
485,9.7,0.5145514268046243,0.9669633507728577,16
486,9.72,0.5702359986533363,0.9735666513442993,16
487,9.74,-0.3706271129305322,0.9743638038635254,16
488,9.76,-0.747761245228439,0.9668711423873901,16
489,9.78,-0.032580928182001694,0.9679151773452759,16
490,9.8,0.3610267902336399,0.9669377207756042,16
491,9.82,-0.21161646479261678,0.9634170532226562,17
492,9.84,-0.6886517290513603,0.9659225344657898,16
493,9.86,-0.17392363995101076,0.9658886790275574,16
494,9.88,0.4652401383279268,0.9591283202171326,17
495,9.9,0.0975233847892839,0.9609847664833069,16
496,9.92,-0.23068370838177793,0.9609164595603943,16
497,9.94,0.11860416306433917,0.9574776291847229,16
498,9.96,0.628372486889849,0.9671844840049744,16
499,9.98,0.2925198188089552,0.9731095433235168,16
500,10.0,-0.30493583697774373,0.9509137868881226,16
501,10.02,-0.42233635889918986,0.9631627202033997,16
502,10.04,0.20683261721748283,0.9646893739700317,16
503,10.06,0.17353156170021725,0.9562333822250366,16
504,10.08,-0.45237244143203,0.9648755192756653,16
505,10.1,-0.5079900722516517,0.971342146396637,16
506,10.12,-0.14033058419515443,0.9674142003059387,16
507,10.14,0.2544614380172823,0.9728100895881653,16
508,10.16,-0.03613792348028079,0.9555179476737976,16
509,10.18,-0.21222867537919432,0.9728297591209412,17
510,10.2,0.07186364885068176,0.9699133634567261,17
511,10.22,0.5485851689803234,0.9637519121170044,17
512,10.24,0.30749052565114965,0.9690243005752563,17
513,10.26,-0.26248672920620875,0.9605839252471924,17
514,10.28,-0.199191988548617,0.9556068778038025,17
515,10.3,0.016293570148823378,0.9542660713195801,17
516,10.32,-0.009571505995576799,0.9723748564720154,17
517,10.34,-0.5244777232536484,0.9600188136100769,17
518,10.36,-0.4798625305725871,0.9671061038970947,17
519,10.38,-0.05352073661785449,0.9622130393981934,17
520,10.4,0.21594136607664138,0.9707330465316772,17
521,10.42,-0.1509905075527541,0.9600962996482849,17
522,10.44,-0.32036641238997626,0.966742217540741,17
523,10.46,0.13852314367057234,0.9621797204017639,17
524,10.48,0.4826425760355938,0.9648398756980896,17
525,10.5,0.12991539944268202,0.9649285078048706,17
526,10.52,-0.32832473933308093,0.9598014950752258,17
527,10.54,-0.13583595302151594,0.9686022400856018,17
528,10.56,0.11136995537053651,0.9639381766319275,17
529,10.58,-0.18046353004793012,0.962735116481781,17
530,10.6,-0.7042940550963953,0.9583762288093567,17
531,10.62,-0.44385437743154177,0.9628340601921082,17
532,10.64,0.09808898170909974,0.972000241279602,17
533,10.66,0.008259484761492958,0.962851345539093,17
534,10.68,-0.39817383218467955,0.9550477862358093,17
535,10.7,-0.21759693643014452,0.9680066108703613,17
536,10.72,0.3829773971521627,0.9633855223655701,17
537,10.74,0.32868856624348713,0.9638528823852539,17
538,10.76,-0.08533577341970837,0.972283661365509,17
539,10.78,-0.12756575352892147,0.9635375738143921,17
540,10.8,0.28317860261544564,0.9576688408851624,17
541,10.82,0.19160481533704637,0.9630143642425537,17
542,10.84,-0.47270662067116737,0.9664150476455688,17
543,10.86,-0.567435339156512,0.9673320651054382,17
544,10.88,-0.21282315905909044,0.9708569645881653,17
545,10.9,-0.004221193694010463,0.9698324203491211,17
546,10.92,-0.161775771283295,0.9734895825386047,17
547,10.94,-0.3010562433152813,0.9698683023452759,17
548,10.96,0.0925459169754378,0.9564740657806396,17
549,10.98,0.33474437396807266,0.9705815315246582,17
550,11.0,0.06506742543699397,0.9699797034263611,17
551,11.02,-0.23979757394479245,0.9582017660140991,17
552,11.04,0.062162576716157526,0.9652450680732727,17
553,11.06,0.3038157325396842,0.9683845043182373,17
554,11.08,-0.0014675992173483667,0.9620819091796875,17
555,11.1,-0.5315059326327687,0.9580360054969788,17
556,11.12,-0.551293998594802,0.9639374017715454,17
557,11.14,-0.3258313869753777,0.9688981175422668,17
558,11.16,-0.22542706034083412,0.9628472924232483,17
559,11.18,-0.27067588599085346,0.9609480500221252,17
560,11.2,-0.1990056032239239,0.969997763633728,17
561,11.22,0.17016486726563762,0.9747797846794128,17
562,11.24,0.2673833523594954,0.9692032933235168,17
563,11.26,-0.05436424655652817,0.9719482064247131,17
564,11.28,-0.1066238629255713,0.9736117720603943,17
565,11.3,0.18882056188554758,0.9608556032180786,17
566,11.32,0.3001835390784902,0.964207112789154,17
567,11.34,-0.11342790436626646,0.9632387757301331,17
568,11.36,-0.43197167852463836,0.9660326838493347,17
569,11.38,-0.3229471036478346,0.9722129106521606,17
570,11.4,-0.11124154970208185,0.9688008427619934,17
571,11.42,-0.26289144320662666,0.967918336391449,17
572,11.44,-0.37309030847478325,0.9715811014175415,17
573,11.46,-0.0017885659417305098,0.9630400538444519,17
574,11.48,0.4189216368508942,0.9723764061927795,17
575,11.5,0.24933428684872794,0.9707049131393433,17
576,11.52,-0.0853072252126845,0.9676766395568848,17
577,11.54,-0.11629220104092634,0.9626210927963257,17
578,11.56,0.3774245783834256,0.9666837453842163,17
579,11.58,0.2753636132946954,0.9651442766189575,17
580,11.6,-0.06643342791711451,0.9637743830680847,17
581,11.62,-0.3459421519434715,0.9625521898269653,17
582,11.64,-0.059990980343272764,0.9730842113494873,17
583,11.66,-0.05793012828571559,0.9746708869934082,17
584,11.68,-0.39976322322018043,0.9748152494430542,17
585,11.7,-0.29483980626914363,0.9606451392173767,17
586,11.72,0.3525549729478474,0.968717098236084,17
587,11.74,0.4506021687502859,0.9721978306770325,17
588,11.76,0.13809845676988688,0.964253306388855,17
589,11.78,-0.20239612431409773,0.9651392102241516,17
590,11.8,0.012390664962679744,0.968431293964386,17
591,11.82,0.1633518006827356,0.9558091759681702,17
592,11.84,0.0872907754977517,0.9584615230560303,17
593,11.86,-0.0982358794882059,0.9703033566474915,17
594,11.88,-0.11076670405747005,0.9755759835243225,17
595,11.9,-0.17939049589177258,0.9719513058662415,17
596,11.92,-0.29257668387028873,0.9607211351394653,17
597,11.94,-0.21299202822217617,0.9641240239143372,17
598,11.96,-0.016260276476750043,0.9693426489830017,17
599,11.98,0.07858695095990259,0.971474826335907,17
600,12.0,0.20256303174655396,0.9717005491256714,17
601,12.02,0.21518276256662636,0.9633644223213196,17
602,12.04,0.12491243598966785,0.9633132815361023,17
603,12.06,-0.18955324183855735,0.9678714275360107,17
604,12.08,-0.08794136721384052,0.9609436988830566,17
605,12.1,0.14739562178756194,0.9705142974853516,17
606,12.12,0.04069942055431396,0.9735885858535767,17
607,12.14,-0.24626927622124042,0.9659174680709839,17
608,12.16,-0.21798543549947214,0.965806245803833,17
609,12.18,-0.18659482437779817,0.963219165802002,17
610,12.2,-0.19235775911535735,0.9721457958221436,17
611,12.22,-0.35075223616808937,0.9736679792404175,17
612,12.24,0.07986088474113691,0.9551483988761902,17
613,12.26,0.578243957898279,0.9712045192718506,17
614,12.28,0.33756091240554825,0.9632781147956848,17
615,12.3,-0.358815930687479,0.9651377201080322,17
616,12.32,-0.37563026812575073,0.9688153862953186,17
617,12.34,0.08332970907456183,0.9751837253570557,17
618,12.36,0.14490766643625935,0.962402880191803,17
619,12.38,-0.33088709280578765,0.9605596661567688,17
620,12.4,-0.3730988535359117,0.9638210535049438,17
621,12.42,-0.014456166448145576,0.966025710105896,17
622,12.44,0.09469107240949397,0.9615145921707153,17
623,12.46,-0.6257689403785169,0.9660921096801758,17
624,12.48,-0.5211805565441899,0.9683685898780823,17
625,12.5,0.26712366873042487,0.9639285802841187,17
626,12.52,0.7372486655587381,0.9727591872215271,17
627,12.54,0.2845559592440002,0.9654560685157776,17
628,12.56,-0.3285639455342631,0.966393768787384,17
629,12.58,-0.15499602056467426,0.9657406806945801,17
630,12.6,0.13506255551038074,0.9734477400779724,17
631,12.62,-0.07541867713275889,0.9676841497421265,17
632,12.64,-0.43235240981894396,0.9708803296089172,17
633,12.66,-0.1902898812013084,0.9742148518562317,17
634,12.68,0.430004617390702,0.9714108109474182,17
635,12.7,0.21065121646051982,0.9664648175239563,17
636,12.72,-0.6374143333433957,0.9686150550842285,17
637,12.74,-0.546457578777649,0.9673554301261902,17
638,12.76,0.3362769916067505,0.9635718464851379,17
639,12.78,0.5173899984276615,0.9603080749511719,17
640,12.8,-0.23717914515852037,0.9703946709632874,17
641,12.82,-0.39560177364607435,0.9718666672706604,17
642,12.84,0.04434267015450046,0.968241810798645,17
643,12.86,0.058571766422131924,0.9710943102836609,17
644,12.88,-0.30245020506474174,0.9731673002243042,17
645,12.9,-0.52773089545674,0.9722205996513367,17
646,12.92,0.1116628890737843,0.9732564091682434,17
647,12.94,0.3353042413489226,0.9674978852272034,17
648,12.96,-0.12871031898348564,0.9618568420410156,17
649,12.98,-0.4411355510878899,0.9602247476577759,17
650,13.0,-0.02923925547381779,0.9755593538284302,17
651,13.02,0.4357691176591016,0.9610544443130493,17
652,13.04,0.20297075970052567,0.9590448141098022,17
653,13.06,0.00866710460980247,0.9610995054244995,17
654,13.08,0.08260097595780817,0.9650043845176697,17
655,13.1,0.2065540423741427,0.9684131741523743,17
656,13.12,-0.13114662007460098,0.9672982692718506,17
657,13.14,-0.4306404658174723,0.9652541279792786,17
658,13.16,-0.36891900526008214,0.9677758812904358,17
659,13.18,-0.1480131075370335,0.9657114744186401,17
660,13.2,-0.041403225238483235,0.9578023552894592,17
661,13.22,-0.24731514819070669,0.9685154557228088,17
662,13.24,-0.1547201476896587,0.967795729637146,17
663,13.26,0.004373258561506707,0.9756438136100769,17
664,13.28,0.05158285707972796,0.9654427766799927,17
665,13.3,0.07583995810649607,0.9715737700462341,17
666,13.32,0.12726732476789057,0.9689616560935974,17
667,13.34,0.15594484315430376,0.9740543365478516,17
668,13.36,0.13022552493501321,0.961804986000061,17
669,13.38,-0.10405932448621523,0.9619070291519165,17
670,13.4,-0.32869686597865383,0.9638609886169434,17
671,13.42,-0.2858989338817888,0.9620984196662903,17
672,13.44,-0.10117499102247568,0.9625715613365173,17
673,13.46,0.025852046901516712,0.971946120262146,17
674,13.48,-0.02712518198499131,0.9689862728118896,17
675,13.5,-0.21084051993178593,0.9542440176010132,17
676,13.52,-0.19195233893327418,0.967576801776886,17
677,13.54,0.03667754824896159,0.9681654572486877,17
678,13.56,0.21037155405164842,0.966008186340332,17
679,13.58,0.056836180749247955,0.9724931120872498,17
680,13.6,0.11972501238572662,0.9625099301338196,17
681,13.62,0.1867478443318699,0.9653360247612,17
682,13.64,-0.0294975387328799,0.9588918685913086,17
683,13.66,-0.42446985547705895,0.9630997180938721,17
684,13.68,-0.3669296448339664,0.9684804081916809,17
685,13.7,-0.040106450568740085,0.9723129272460938,17
686,13.72,-0.0077489577379466455,0.9681943655014038,17
687,13.74,-0.20962480778984635,0.9631738662719727,17
688,13.76,-0.2806083371888572,0.9682368040084839,17
689,13.78,-0.004953705073222099,0.9661693572998047,17
690,13.8,0.22383202727395451,0.9621553421020508,17
691,13.82,0.13650752043644712,0.9616557955741882,17
692,13.84,-0.10145853926274932,0.9693816304206848,17
693,13.86,0.15253498752217032,0.9617821574211121,17
694,13.88,0.38393172277280263,0.9703927040100098,17
695,13.9,-0.04710295563952682,0.9676077365875244,17
696,13.92,-0.6548892588825785,0.9654543399810791,17
697,13.94,-0.5598041493485557,0.9646207094192505,17
698,13.96,-0.023034594007220518,0.9633186459541321,17
699,13.98,0.07205440808769502,0.9689488410949707,17
700,14.0,-0.39398575162472665,0.9577473998069763,17
701,14.02,-0.36018499098566287,0.9701776504516602,17
702,14.04,0.28871173647029913,0.9698184728622437,17
703,14.06,0.2936530206714096,0.9736627340316772,17
704,14.08,-0.08221561236452456,0.9644841551780701,17
705,14.1,-0.11998301549149032,0.9653792381286621,17
706,14.12,0.36666729261175196,0.9619171023368835,17
707,14.14,0.5035988602997855,0.9643478989601135,17
708,14.16,-0.19895940783550173,0.9712502360343933,17
709,14.18,-0.7191057552936675,0.966261088848114,17
710,14.2,-0.3836138790826793,0.9728783965110779,17
711,14.22,0.15862888688119486,0.9617621898651123,17
712,14.24,-0.08698591235215614,0.951522946357727,17
713,14.26,-0.44467254362146086,0.971005380153656,17
714,14.28,-0.06570934591055,0.9609544277191162,17
715,14.3,0.4644509601282037,0.962139368057251,17
716,14.32,0.3113297879285812,0.9703376293182373,17
717,14.34,-0.29268201696980234,0.9676877856254578,17
718,14.36,-0.16197210607428317,0.9713447690010071,17
719,14.38,0.26571455399638766,0.9583585262298584,17
720,14.4,0.3098112651670077,0.9564118385314941,17
721,14.42,-0.17378048814974048,0.9619041085243225,17
722,14.44,-0.5452742313648056,0.9651286602020264,17
723,14.46,-0.3956839061342025,0.9666134715080261,17
724,14.48,-0.20508233017078173,0.9698251485824585,17
725,14.5,-0.39987018104597627,0.9669039249420166,17
726,14.52,-0.4807113837897984,0.9648283123970032,17
727,14.54,-0.05696505620581962,0.9688985347747803,17
728,14.56,0.4226773366099678,0.962601900100708,17
729,14.58,0.15914237667420886,0.9650664329528809,17
730,14.6,-0.27085721976985117,0.9584478139877319,17
731,14.62,-0.16947079864897038,0.9661439657211304,17
732,14.64,0.2694394479951951,0.9739575982093811,17
733,14.66,0.2334266981197881,0.9629349112510681,17
734,14.68,-0.30829289621787437,0.962302029132843,17
735,14.7,-0.4157641753209597,0.9629653692245483,17
736,14.72,-0.17520841800631218,0.9655779600143433,17
737,14.74,-0.2817495349601528,0.9724454283714294,17
738,14.76,-0.6501320194931509,0.9739654064178467,17
739,14.78,-0.40910402724669265,0.9609376788139343,17
740,14.8,-0.03669242126044922,0.9724041819572449,17
741,14.82,0.21271151643125305,0.9629834890365601,17
742,14.84,0.14221228653037296,0.9693396687507629,17
743,14.86,-0.0833044235547091,0.972078263759613,17
744,14.88,-0.05829190193366518,0.9671960473060608,17
745,14.9,-0.0567044947110371,0.9656601548194885,17
746,14.92,-0.16151191659696765,0.9643568992614746,17
747,14.94,-0.19424731890636598,0.9673885107040405,17
748,14.96,-0.1862943360868028,0.9713082909584045,17
749,14.98,-0.2337568169091451,0.9709787964820862,17
750,15.0,-0.3860346487965045,0.9739747047424316,17
751,15.02,-0.42775439796865,0.9739170670509338,17
752,15.04,-0.3994907221560034,0.96885746717453,17
753,15.06,0.048210943890879016,0.967216432094574,17
754,15.08,0.21873927234753304,0.9716823697090149,17
755,15.1,0.19209829680937737,0.9718907475471497,17
756,15.12,0.10150046337904653,0.9723832607269287,17
757,15.14,-0.03834390496798172,0.970127522945404,17
758,15.16,-0.14371032069840284,0.9598046541213989,17
759,15.18,-0.23824959072193047,0.9619444608688354,17
760,15.2,-0.14315004915737756,0.9718139171600342,17
761,15.22,-0.096411889366676,0.970091700553894,17
762,15.24,-0.1860604635035296,0.9668460488319397,17
763,15.26,-0.2804619359902742,0.965731143951416,17
764,15.28,-0.44693664855846704,0.9579303860664368,17
765,15.3,-0.2857453848163414,0.9636958241462708,17
766,15.32,-0.0721357741739839,0.9633389711380005,17
767,15.34,0.05633480426439459,0.9645888209342957,17
768,15.36,0.09640130972246531,0.9615558385848999,17
769,15.38,0.24474999727082303,0.9547915458679199,17
770,15.4,0.25941591713963985,0.9660868048667908,17
771,15.42,-0.02098288478851807,0.9610052108764648,17
772,15.44,-0.2646700687700664,0.9666100740432739,17
773,15.46,-0.25120663205338084,0.9696237444877625,17
774,15.48,0.08450426392246536,0.9682095646858215,17
775,15.5,0.04769611367237952,0.9633154273033142,17
776,15.52,-0.2307153805171856,0.9696335196495056,17
777,15.54,-0.4786202982798208,0.9580224752426147,17
778,15.56,-0.21381259794652346,0.9680009484291077,17
779,15.58,0.06179396344569968,0.966562807559967,17
780,15.6,0.03185131661611909,0.9674272537231445,17
781,15.62,0.05559840037410451,0.9737511277198792,17
782,15.64,0.13508895460758302,0.97069251537323,17
783,15.66,0.35141478611306953,0.9554084539413452,17
784,15.68,0.12349964503723114,0.9554171562194824,17
785,15.7,-0.5004697808305802,0.9637688398361206,17
786,15.72,-0.5025594351262708,0.9626703262329102,17
787,15.74,0.1543172241048362,0.9681873917579651,17
788,15.76,0.25287853585964765,0.9653058648109436,17
789,15.78,-0.06879134443288594,0.9694653749465942,17
790,15.8,-0.3296722785430106,0.9693159461021423,17
791,15.82,-0.0722433941144357,0.9686808586120605,17
792,15.84,0.07595779321478903,0.9624141454696655,17
793,15.86,-0.06337297188501409,0.9638457298278809,17
794,15.88,-0.06606678524175044,0.9667558670043945,17
795,15.9,0.340800169983593,0.966985821723938,17
796,15.92,0.5211495813051028,0.9704064130783081,17
797,15.94,-0.21456182845087843,0.9538271427154541,17
798,15.96,-0.4684526756314537,0.9637677073478699,17
799,15.98,-0.24680098491634428,0.9687803983688354,17
800,16.0,0.1069868886735907,0.9661725759506226,17
801,16.02,-0.01260967373104476,0.9590216875076294,17
802,16.04,-0.4136786936835152,0.9719141721725464,17
803,16.06,-0.21420858073612786,0.9680401086807251,17
804,16.08,0.0525621097197559,0.9604810476303101,17
805,16.1,-0.011969656202456016,0.9685416221618652,17
806,16.12,-0.3406341415955731,0.9650546908378601,17
807,16.14,-0.1316899671008678,0.9718312621116638,17
808,16.16,0.40581456649149716,0.9601308107376099,17
809,16.18,0.453460951280531,0.9637387990951538,17
810,16.2,-0.2814839709463365,0.9572855234146118,17
811,16.22,-0.6834866354284789,0.9700247645378113,17
812,16.24,-0.16797505528093765,0.9613876938819885,17
813,16.26,0.3369700037495407,0.9619680047035217,17
814,16.28,-0.11434883566330771,0.9659700393676758,17
815,16.3,-0.37334017195234526,0.9657583832740784,17
816,16.32,-0.08267307097533962,0.9664135575294495,17
817,16.34,0.4302222135029198,0.962828516960144,17
818,16.36,0.12887517436261867,0.9665170907974243,17
819,16.38,-0.34370366113966333,0.9640815854072571,17
820,16.4,-0.04940152544691859,0.9747487902641296,17
821,16.42,0.70563781737868,0.9690989255905151,17
822,16.44,0.4357622614677316,0.9659422039985657,17
823,16.46,-0.3570935602938898,0.972488522529602,17
824,16.48,-0.42679675011899343,0.9697137475013733,17
825,16.5,0.005205338709614062,0.9661349654197693,17
826,16.52,0.20056614914558513,0.9644151329994202,17
827,16.54,-0.04739924627600352,0.9614548683166504,17
828,16.56,-0.19762146576730374,0.968772292137146,17
829,16.58,0.40669627003569303,0.9635624289512634,17
830,16.6,0.4895063948542501,0.9643192291259766,17
831,16.62,-0.09002607242200564,0.9686400890350342,17
832,16.64,-0.320224071107977,0.9739440083503723,17
833,16.66,0.10213658233606215,0.9599697589874268,17
834,16.68,0.5825967295417492,0.9612160325050354,17
835,16.7,0.2777751818364703,0.9651603102684021,17
836,16.72,-0.23385731980092797,0.9648308157920837,17
837,16.74,-0.4130218615761202,0.9697994589805603,17
838,16.76,-0.13584437405354435,0.9714353680610657,17
839,16.78,-0.042751122483821964,0.9695020914077759,17
840,16.8,-0.24421013762295551,0.971347451210022,17
841,16.82,-0.16020952186957937,0.9680796265602112,17
842,16.84,0.42001242097047137,0.9709455370903015,17
843,16.86,0.3145173502944623,0.9659309387207031,17
844,16.88,-0.014844607343146637,0.963340699672699,17
845,16.9,-0.3481988173223259,0.9694933295249939,17
846,16.92,-0.1184638427189641,0.9680578708648682,17
847,16.94,0.2669348481801954,0.970812201499939,17
848,16.96,0.29648525443677304,0.97335284948349,17
849,16.98,-0.22832037226748778,0.9740480184555054,17
850,17.0,-0.34752272972929943,0.9625532627105713,17
851,17.02,-0.15238478918273018,0.9680699706077576,17
852,17.04,-0.12867736237102007,0.9638636708259583,17
853,17.06,-0.3425733393001014,0.9666925668716431,17
854,17.08,-0.2723024354156432,0.968837320804596,17
855,17.1,0.1843890384060108,0.9524989128112793,17
856,17.12,0.46383289601731625,0.9685995578765869,17
857,17.14,-0.04803306712548412,0.9739505052566528,17
858,17.16,-0.37162731844993174,0.9714528918266296,17
859,17.18,-0.1023849774526389,0.9734436869621277,17
860,17.2,0.25579764268131744,0.9669035077095032,17
861,17.22,-0.12024235900864713,0.9736760854721069,17
862,17.24,-0.5752704554875013,0.9706556797027588,17
863,17.26,-0.3532619438487623,0.9623232483863831,17
864,17.28,0.10749600742237005,0.9683292508125305,17
865,17.3,-0.14952617328370998,0.962068498134613,17
866,17.32,-0.7261956721780641,0.9662856459617615,17
867,17.34,-0.302647716966674,0.9726497530937195,17
868,17.36,0.5996669427392309,0.9637491106987,17
869,17.38,0.3695585169435893,0.9685789942741394,17
870,17.4,-0.27530916546861867,0.9724197387695312,17
871,17.42,-0.3894933999392175,0.9571855664253235,17
872,17.44,0.35543559596035385,0.9663301110267639,17
873,17.46,0.2442645762895218,0.9703883528709412,17
874,17.48,-0.2169573819551887,0.9731096029281616,17
875,17.5,-0.5151918736888285,0.9733574986457825,17
876,17.52,0.15301150929206195,0.9720343947410583,17
877,17.54,0.3761169847071472,0.9625111222267151,17
878,17.56,-0.22995941719444452,0.9738980531692505,17
879,17.58,-0.5214200549884042,0.9752916097640991,17
880,17.6,-0.04079672492566561,0.9697762727737427,17
881,17.62,0.4844180535342748,0.9709997177124023,17
882,17.64,0.32373901996932725,0.9708908796310425,17
883,17.66,-0.24113091111755441,0.9686927795410156,17
884,17.68,-0.15354973917429637,0.9666574597358704,16
885,17.7,0.485241395872394,0.975283145904541,16
886,17.72,0.2526400052811186,0.9670904874801636,16
887,17.74,-0.38877090792499785,0.9713564515113831,16
888,17.76,-0.4459976089381055,0.9690244793891907,16
889,17.78,0.3436952939078537,0.9733710289001465,16
890,17.8,0.3675378669418644,0.9617523550987244,16
891,17.82,-0.4576263242089623,0.965858519077301,16
892,17.84,-0.5531729552141097,0.9617766737937927,16
893,17.86,0.07510610949111032,0.9708393216133118,16
894,17.88,0.4278393774647506,0.9638312458992004,16
895,17.9,-0.08146895304187893,0.9718453288078308,16
896,17.92,-0.33160607028368155,0.9724944233894348,16
897,17.94,0.1724329772022886,0.9649343490600586,16
898,17.96,0.4217727321662024,0.9726623892784119,16
899,17.98,-0.14780554783561625,0.9665647149085999,16
900,18.0,-0.6591288984729939,0.9750530123710632,16
901,18.02,-0.22125377151178346,0.959229052066803,16
902,18.04,0.3862851009886305,0.9705427885055542,16
903,18.06,-0.0110476463184195,0.971050500869751,16
904,18.08,-0.6572710592123053,0.9547640085220337,16
905,18.1,-0.3894243075752634,0.9719699025154114,16
906,18.12,0.3480344561737363,0.9703949689865112,16
907,18.14,0.3323074353446974,0.9663364887237549,16
908,18.16,-0.23928628091995127,0.9704105854034424,16
909,18.18,-0.20285412462918154,0.974685549736023,16
910,18.2,0.42829109180909397,0.9657324552536011,16
911,18.22,0.4031227539085247,0.972405731678009,16
912,18.24,-0.14931545777006824,0.9603933691978455,16
913,18.26,-0.4092190971434771,0.9617058038711548,16
914,18.28,0.1157831684094476,0.9755823612213135,16
915,18.3,0.3102068379094535,0.969931960105896,16
916,18.32,-0.15947686677828063,0.9605622291564941,16
917,18.34,-0.6219823170086198,0.9675757884979248,16
918,18.36,-0.24714757992762015,0.9740805625915527,16
919,18.38,0.24323807654713325,0.9635091423988342,16
920,18.4,0.050747219058820264,0.9653463363647461,16
921,18.42,-0.2811268529032977,0.9713004231452942,16
922,18.44,-0.2215484072123472,0.9746351838111877,16
923,18.46,0.3480202457867204,0.9689341187477112,16
924,18.48,0.2917478000299362,0.9617230296134949,16
925,18.5,-0.31158222603624464,0.9698591828346252,16
926,18.52,-0.4155543959417638,0.967132568359375,16
927,18.54,-0.0004105191843348861,0.9683834314346313,16
928,18.56,0.37244683150504826,0.9630617499351501,16
929,18.58,-0.000199962298689951,0.9720956683158875,16
930,18.6,-0.4165951373629469,0.9693204760551453,16
931,18.62,-0.2269686849965643,0.9708737134933472,16
932,18.64,0.2821905269911569,0.9733428359031677,16
933,18.66,0.23035229282531094,0.9678513407707214,16
934,18.68,-0.3834408662757158,0.9708890318870544,16
935,18.7,-0.2550872550104405,0.9727055430412292,16
936,18.72,0.3959287381418368,0.9589385986328125,16
937,18.74,0.3550008795377446,0.9737746119499207,16
938,18.76,-0.6087923956018176,0.9706003665924072,16
939,18.78,-0.6277140274731152,0.9714193940162659,16
940,18.8,0.27873942079244207,0.9662405252456665,16
941,18.82,0.4452978294208565,0.9632508158683777,16
942,18.84,-0.22748751962326486,0.9707164168357849,16
943,18.86,-0.5061748816628159,0.9634373188018799,16
944,18.88,0.016422654558444154,0.9714525938034058,16
945,18.9,0.41766955004327944,0.9735751152038574,16
946,18.92,-0.07608546884695941,0.9615405797958374,16
947,18.94,-0.4592949120081093,0.9665493965148926,16
948,18.96,-0.07131817227541719,0.9642708897590637,16
949,18.98,0.5526877969082802,0.9559218883514404,16
950,19.0,0.1368703106330387,0.9592294692993164,16
951,19.02,-0.6459471951928704,0.957751989364624,16
952,19.04,-0.3312086087972131,0.9690752029418945,16
953,19.06,0.23127014988691313,0.9682185649871826,16
954,19.08,0.127498994432771,0.9619534611701965,16
955,19.1,-0.3987002610550081,0.9763256311416626,16
956,19.12,-0.18097355403490634,0.9765759110450745,17
957,19.14,0.10692388457543162,0.9711560606956482,17
958,19.16,0.15296651658247748,0.9695809483528137,17
959,19.18,0.03035961401626299,0.9719744920730591,17
960,19.2,-0.16333865082039306,0.9735703468322754,16
961,19.22,0.048437256788768694,0.9658232927322388,16
962,19.24,0.17306440299365713,0.9669811725616455,16
963,19.26,0.057316637569715195,0.9674808382987976,16
964,19.28,-0.3649804583075914,0.963207483291626,16
965,19.3,-0.3410838197261497,0.9687320590019226,16
966,19.32,0.00812200005163613,0.9651894569396973,16
967,19.34,0.10520941883535424,0.9724472165107727,16
968,19.36,-0.040335657001771746,0.9694017767906189,16
969,19.38,-0.1637957857407338,0.966691792011261,16
970,19.4,0.21101074220924737,0.9596385359764099,16
971,19.42,0.4176810045986186,0.9663212299346924,16
972,19.44,-0.009422031927518794,0.9610954523086548,16
973,19.46,-0.16279771639783092,0.9641733169555664,16
974,19.48,0.0340278930713587,0.9654456377029419,16
975,19.5,0.36136435640255427,0.9638627171516418,16
976,19.52,-0.16799962332446414,0.9669212102890015,16
977,19.54,-0.7972481134229676,0.9689289927482605,16
978,19.56,-0.4657695994852851,0.9630895256996155,16
979,19.58,0.21619739594620438,0.9715152382850647,16
980,19.6,0.08336680225329482,0.9658617377281189,16
981,19.62,-0.44696936659508935,0.966471791267395,16
982,19.64,-0.12526702597044653,0.9671648740768433,16
983,19.66,0.5450118177116575,0.9689675569534302,16
984,19.68,0.38179540727500677,0.9703829288482666,16
985,19.7,-0.19444734512545797,0.9687083959579468,16
986,19.72,-0.21131481401394261,0.9627293944358826,16
987,19.74,0.2737012995590193,0.9641607403755188,16
988,19.76,0.2902458348583578,0.9629671573638916,16
989,19.78,-0.3086790486752298,0.956494927406311,16
990,19.8,-0.6252249861171166,0.9594196677207947,16
991,19.82,-0.2563061135823194,0.9638911485671997,16
992,19.84,0.2138630894922314,0.9712799191474915,16
993,19.86,0.012818702160383794,0.9727976322174072,16
994,19.88,-0.3489310498109312,0.960853636264801,16
995,19.9,-0.011711632841151403,0.9633309841156006,16
996,19.92,0.46399662740961767,0.964943528175354,16
997,19.94,0.18619763659323194,0.9521297216415405,16
998,19.96,-0.3521372915620369,0.9631353616714478,16
999,19.98,-0.13511209866970772,0.9721154570579529,16
1000,20.0,0.4758140629310115,0.9735902547836304,16
1001,20.02,0.316700056902802,0.971480131149292,16
1002,20.04,-0.4382058185083736,0.9592911601066589,16
1003,20.06,-0.6337951268676754,0.9610753655433655,16
1004,20.08,0.03054858336619904,0.9700132012367249,16
1005,20.1,0.2814550646702077,0.9693053960800171,16
1006,20.12,-0.2531585855461504,0.9624212384223938,16
1007,20.14,-0.5307308878770103,0.9700673222541809,16
1008,20.16,0.0019878428077696616,0.9569552540779114,16
1009,20.18,0.5564698901440961,0.9725784063339233,16
1010,20.2,0.0014496425721475404,0.964974045753479,16
1011,20.22,-0.4622076043431034,0.9728621244430542,16
1012,20.24,0.021929793534731474,0.9640019536018372,16
1013,20.26,0.6404079016509113,0.9701250195503235,16
1014,20.28,0.24434777813051722,0.9634450674057007,16
1015,20.3,-0.513393367578081,0.9558329582214355,16
1016,20.32,-0.43249079211639874,0.9559252262115479,16
1017,20.34,0.3337205603569628,0.9637060761451721,16
1018,20.36,0.17813171411427994,0.9630635976791382,16
1019,20.38,-0.4570710304407224,0.9697210788726807,16
1020,20.4,-0.39756943102561265,0.9686200022697449,16
1021,20.42,0.48018817718322127,0.9715696573257446,16
1022,20.44,0.5491175398168131,0.9708608388900757,16
1023,20.46,-0.10839394757791776,0.9620519280433655,16
1024,20.48,-0.3826005129213743,0.9619781374931335,16
1025,20.5,0.38618031190980784,0.9614306688308716,16
1026,20.52,0.6686407949437535,0.9620839953422546,16
1027,20.54,-0.04807513666998937,0.9696017503738403,16
1028,20.56,-0.5571112549494962,0.9599429965019226,16
1029,20.58,-0.19795948160804144,0.9684034585952759,16
1030,20.6,0.3346955590795076,0.9671208262443542,16
1031,20.62,-0.0035373865500536775,0.964695394039154,16
1032,20.64,-0.6327390615994184,0.9634373784065247,16
1033,20.66,-0.1622304329339147,0.9724835753440857,16
1034,20.68,0.6137404265684675,0.9642856121063232,16
1035,20.7,0.383082839261732,0.9645162224769592,16
1036,20.72,-0.3639142057398106,0.9683905243873596,16
1037,20.74,-0.22434573279925826,0.9678637981414795,16
1038,20.76,0.523676860284653,0.9673235416412354,16
1039,20.78,0.30997923730194293,0.9661081433296204,16
1040,20.8,-0.3460044877921296,0.9650274515151978,16
1041,20.82,-0.4018039979393291,0.9684717655181885,16
1042,20.84,0.1480612554646505,0.9642546772956848,16
1043,20.86,0.077908863419315,0.9558302164077759,16
1044,20.88,-0.5005530023597287,0.9738813638687134,16
1045,20.9,-0.47111874904586304,0.9694173336029053,16
1046,20.92,0.24898993693616636,0.9665390849113464,16
1047,20.94,0.41933407011330465,0.9719735980033875,16
1048,20.96,-0.028370426088716243,0.972382128238678,16
1049,20.98,-0.2743588017755156,0.9632406830787659,16
1050,21.0,0.015202364743487311,0.96445232629776,16
1051,21.02,0.23611264631379728,0.9697368741035461,16
1052,21.04,0.10173784017922297,0.9692181944847107,16
1053,21.06,-0.27471399892242,0.9612048268318176,16
1054,21.08,-0.2091218249107665,0.9641984105110168,16
1055,21.1,-0.05184369873362886,0.9647303819656372,16
1056,21.12,-0.08986174419306038,0.9738625884056091,16
1057,21.14,-0.4120787161062424,0.9624010324478149,16
1058,21.16,-0.3853079030785664,0.9711591601371765,16
1059,21.18,0.013407100903334994,0.96938556432724,16
1060,21.2,0.38968828458810845,0.9645555019378662,16
1061,21.22,0.27968444398821496,0.9719351530075073,16
1062,21.24,-0.24660786821914785,0.9615336656570435,16
1063,21.26,-0.12368477848297531,0.961513102054596,16
1064,21.28,0.24527035980985795,0.9654473662376404,16
1065,21.3,0.20640850853709486,0.9677858352661133,16
1066,21.32,-0.3127851604083882,0.9738259315490723,16
1067,21.34,-0.28918190974635877,0.9655500650405884,16
1068,21.36,0.38271402480669026,0.9706766605377197,16
1069,21.38,0.2008928407169654,0.9625298976898193,16
1070,21.4,-0.43181746582216185,0.9645704030990601,16
1071,21.42,-0.45518301878228273,0.9621899724006653,16
1072,21.44,0.4360833297348732,0.9667624235153198,16
1073,21.46,0.6089587394750243,0.9619306325912476,16
1074,21.48,-0.11436813891269663,0.9710439443588257,16
1075,21.5,-0.4259052819494062,0.9627895951271057,16
1076,21.52,0.1905420046782778,0.9671706557273865,16
1077,21.54,0.3538878993440598,0.9651798009872437,16
1078,21.56,-0.2973438920092164,0.9646741151809692,16
1079,21.58,-0.5679002777899214,0.9649662971496582,16
1080,21.6,-0.009028663428225909,0.9629105925559998,16
1081,21.62,0.4959417628180272,0.959061861038208,16
1082,21.64,-0.0843378063936543,0.9672844409942627,16
1083,21.66,-0.6978882628737231,0.9693085551261902,16
1084,21.68,-0.2667062115316389,0.9617845416069031,16
1085,21.7,0.6950835930075407,0.967447817325592,16
1086,21.72,0.5041496570188867,0.9679155945777893,16
1087,21.74,-0.39895662236144963,0.9665942788124084,16
1088,21.76,-0.3463962432661037,0.9679669141769409,16
1089,21.78,0.5422722013113513,0.9612142443656921,16
1090,21.8,0.35310383201837886,0.9623792171478271,16
1091,21.82,-0.6199545735392329,0.9589056372642517,16
1092,21.84,-0.7892757923709062,0.9476907253265381,16
1093,21.86,0.3218803694511642,0.9717236757278442,16
1094,21.88,0.46531599307144433,0.9676108360290527,16
1095,21.9,-0.48877500619046443,0.9584830403327942,16
1096,21.92,-0.80741886227525,0.9591662287712097,16
1097,21.94,0.058161601558361004,0.9647489786148071,16
1098,21.96,0.5225354756647349,0.9681793451309204,16
1099,21.98,-0.052999330328855655,0.9677775502204895,16
1100,22.0,-0.5376931872812882,0.9588913321495056,16
1101,22.02,0.010454698170758916,0.9722056984901428,16
1102,22.04,0.47575652095904963,0.9661713242530823,16
1103,22.06,0.017856659290682357,0.9646542072296143,16
1104,22.08,-0.6611441552131444,0.9643527865409851,16
1105,22.1,-0.3387934157243685,0.9646285772323608,16
1106,22.12,0.3920351850305556,0.9549188017845154,16
1107,22.14,0.20256735358536312,0.956817626953125,16
1108,22.16,-0.47174851655459826,0.9596715569496155,16
1109,22.18,-0.46654867212758344,0.9574486613273621,16
1110,22.2,0.24013582636729192,0.9631196856498718,16
1111,22.22,0.3804902469216613,0.9654061794281006,16
1112,22.24,-0.15193200393473724,0.9548134207725525,16
1113,22.26,-0.4603283849399691,0.9635810256004333,16
1114,22.28,0.16751322527836152,0.9667630195617676,16
1115,22.3,0.6206167858489602,0.967789351940155,16
1116,22.32,0.16048464588605924,0.9660049676895142,16
1117,22.34,-0.7065872376345933,0.9618053436279297,16
1118,22.36,-0.3104242797691556,0.9560995697975159,16
1119,22.38,0.5019084030569595,0.9657382965087891,16
1120,22.4,0.21236150956096722,0.9702563881874084,16
1121,22.42,-0.6347374286284597,0.95908522605896,16
1122,22.44,-0.38633363837085744,0.9718930125236511,16
1123,22.46,0.5008344529211396,0.968504786491394,16
1124,22.48,0.4259523664114024,0.9688137769699097,16
1125,22.5,-0.32579278353383184,0.9638595581054688,16
1126,22.52,-0.40323696128675024,0.9667350649833679,16
1127,22.54,0.3776366123301335,0.9682903289794922,16
1128,22.56,0.5445139637964697,0.9685696959495544,16
1129,22.58,-0.2923633623591413,0.9709682464599609,16
1130,22.6,-0.6693512959247699,0.9723173379898071,16
1131,22.62,0.020493149512038723,0.9613274931907654,16
1132,22.64,0.43597219621299943,0.9637367129325867,16
1133,22.66,-0.2599324262745885,0.9569948315620422,16
1134,22.68,-0.8082144175001397,0.9666277766227722,16
1135,22.7,-0.0963657260761478,0.969985842704773,16
1136,22.72,0.6795985518389257,0.9614070057868958,16
1137,22.74,0.21119984524789318,0.9606364965438843,16
1138,22.76,-0.4903652404123851,0.9685730338096619,16
1139,22.78,-0.06942061521217857,0.96663498878479,16
1140,22.8,0.47373313762880453,0.9613950252532959,16
1141,22.82,0.2557233758893214,0.9643325805664062,16
1142,22.84,-0.4490271063880388,0.9612436294555664,16
1143,22.86,-0.375740763196936,0.9608032703399658,16
1144,22.88,0.24868251742560857,0.9713678359985352,16
1145,22.9,0.13011579531588136,0.9593344330787659,16
1146,22.92,-0.4447554892988791,0.9663618803024292,16
1147,22.94,-0.4655790082069077,0.9702681303024292,16
1148,22.96,0.0016943684765324501,0.9653974175453186,16
1149,22.98,0.19232959573379796,0.9608092904090881,16
1150,23.0,-0.06310777588428076,0.9698812365531921,16
1151,23.02,-0.20575132157466125,0.9650712609291077,16
1152,23.04,0.07748732857133676,0.9744526743888855,16
1153,23.06,0.21526000367759737,0.9610753059387207,16
1154,23.08,0.10948190990133026,0.9701661467552185,16
1155,23.1,-0.1860199805631201,0.9569246172904968,16
1156,23.12,-0.16137081747166399,0.9637959003448486,16
1157,23.14,-0.024497416305157817,0.9632624387741089,16
1158,23.16,0.13137287523824104,0.966566264629364,16
1159,23.18,-0.1739283293529636,0.960137665271759,16
1160,23.2,-0.453834431808433,0.97170490026474,16
1161,23.22,-0.28185254934975507,0.9719118475914001,16
1162,23.24,0.05228224406851461,0.957953929901123,16
1163,23.26,0.03101773333820653,0.9563917517662048,16
1164,23.28,-0.2795283528156617,0.9747753143310547,16
1165,23.3,-0.18296641362276048,0.963180422782898,16
1166,23.32,0.3071799628291278,0.9666523933410645,16
1167,23.34,0.2287943998728005,0.9672673344612122,16
1168,23.36,-0.2590074137116218,0.9698602557182312,16
1169,23.38,-0.3901681965261617,0.9686242341995239,16
1170,23.4,0.10471094944997233,0.9563800096511841,16
1171,23.42,0.3510879403047251,0.9669373631477356,16
1172,23.44,-0.051545043992968026,0.9622569680213928,16
1173,23.46,-0.39769396482382424,0.9626322984695435,16
1174,23.48,-0.20762993223660572,0.9587506651878357,16
1175,23.5,0.25903855012547583,0.9685136675834656,16
1176,23.52,0.043472941978842806,0.9672759771347046,16
1177,23.54,-0.41893174052534654,0.9637852311134338,16
1178,23.56,-0.24309651598035176,0.9628050923347473,16
1179,23.58,0.3269872164952116,0.9617536664009094,16
1180,23.6,0.2618784805765489,0.9692033529281616,16
1181,23.62,-0.47929150841325474,0.9586063027381897,16
1182,23.64,-0.4483612675241074,0.9633632302284241,16
1183,23.66,0.21335761399923228,0.9679984450340271,16
1184,23.68,0.35587596234195934,0.9708454012870789,16
1185,23.7,-0.15768019385329152,0.9561676383018494,16
1186,23.72,-0.4472517781914164,0.9665841460227966,16
1187,23.74,-0.051230831718809544,0.9716564416885376,16
1188,23.76,0.2654321200475144,0.9576113820075989,16
1189,23.78,0.04421581296715715,0.9584032297134399,16
1190,23.8,-0.41018730502105344,0.9698770642280579,16
1191,23.82,-0.10858330468508508,0.9622162580490112,16
1192,23.84,0.43141388826486354,0.9682385325431824,16
1193,23.86,0.23823829692047643,0.9661473631858826,16
1194,23.88,-0.3874525514465643,0.9630570411682129,16
1195,23.9,-0.341205503231528,0.9637717008590698,16
1196,23.92,0.4343449829853319,0.9657455682754517,16
1197,23.94,0.4495730116717551,0.9583953022956848,16
1198,23.96,-0.299749891428331,0.9655617475509644,16
1199,23.98,-0.4846930245121626,0.9577336311340332,16
1200,24.0,-0.05342248988435416,0.9609343409538269,16
1201,24.02,0.11807936901684687,0.961846113204956,16
1202,24.04,-0.1565071905457195,0.9706943035125732,16
1203,24.06,-0.36193175236214653,0.9722947478294373,16
1204,24.08,0.11489171585711154,0.9620528221130371,16
1205,24.1,0.4438292819123192,0.9712356328964233,16
1206,24.12,0.09326080498016623,0.9627484679222107,16
1207,24.14,-0.35872842170902886,0.9708357453346252,16
1208,24.16,-0.20676931274803234,0.9669687747955322,16
1209,24.18,0.13451435333688247,0.9590139985084534,16
1210,24.2,0.13516527751681853,0.9722318649291992,16
1211,24.22,-0.3205610820653559,0.9629650115966797,16
1212,24.24,-0.28686860714908463,0.9628242254257202,16
1213,24.26,0.025093251679057522,0.9658350348472595,16
1214,24.28,0.16099991553559576,0.9673777222633362,16
1215,24.3,-0.21191731965291752,0.9632657766342163,16
1216,24.32,-0.2365347073740026,0.9626296758651733,16
1217,24.34,0.13052515652079993,0.9607381820678711,16
1218,24.36,0.3713801273644879,0.9550676941871643,16
1219,24.38,0.12598204172039532,0.9598512649536133,16
1220,24.4,-0.3293437949596981,0.9641987085342407,16
1221,24.42,-0.17361212037755563,0.9735610485076904,16
1222,24.44,0.25429468784951637,0.9627776741981506,16
1223,24.46,-0.04307317228821849,0.9567697644233704,16
1224,24.48,-0.4477305716834719,0.9691776633262634,16
1225,24.5,-0.2760288987521293,0.968150794506073,16
1226,24.52,0.19736187857095322,0.9702751040458679,16
1227,24.54,0.15221703452204685,0.9696341753005981,16
1228,24.56,-0.26090014654350613,0.9714846611022949,16
1229,24.58,-0.12773889593172566,0.9659198522567749,16
1230,24.6,0.25769427506730247,0.9670057892799377,16
1231,24.62,0.2979230849110247,0.9595596790313721,16
1232,24.64,-0.10149037252110789,0.9607306122779846,16
1233,24.66,-0.21572434925225417,0.9674112796783447,16
1234,24.68,-0.13401258997167878,0.9665180444717407,16
1235,24.7,-0.03341422573982366,0.9575977325439453,16
1236,24.72,-0.13537001678806554,0.9605293869972229,16
1237,24.74,-0.23918067109036972,0.9630468487739563,16
1238,24.76,-0.12380188583142958,0.9612119197845459,16
1239,24.78,0.07607143892493731,0.9649445414543152,16
1240,24.8,0.02988561471261754,0.96534264087677,16
1241,24.82,-0.09119807093745332,0.9617081880569458,16
1242,24.84,-0.006562769954641029,0.9644511938095093,16
1243,24.86,0.10289777965580217,0.9672195911407471,16
1244,24.88,0.18221651561681845,0.9700352549552917,16
1245,24.9,0.10430622672560186,0.9615932106971741,16
1246,24.92,-0.19138166997765838,0.9729529023170471,16
1247,24.94,-0.248154678433527,0.9613695740699768,16
1248,24.96,-0.13918843144262258,0.9661844968795776,16
1249,24.98,-0.16550033946766043,0.965461790561676,16
1250,25.0,-0.348394824983281,0.9631107449531555,16
1251,25.02,-0.17019743916077715,0.9644314646720886,16
1252,25.04,0.18837945890256336,0.960604727268219,16
1253,25.06,0.1822289888603741,0.9597262144088745,16
1254,25.08,-0.05185932825204484,0.9644508957862854,16
1255,25.1,-0.16259247139635388,0.9641500115394592,16
1256,25.12,0.12139430086720665,0.9596554040908813,16
1257,25.14,0.2907978889773703,0.972768247127533,16
1258,25.16,-0.026155160233814468,0.9624534249305725,16
1259,25.18,-0.3063396820510191,0.9731386303901672,16
1260,25.2,-0.08373749272611863,0.960710883140564,16
1261,25.22,0.06878582095608583,0.9528873562812805,16
1262,25.24,-0.09828400449865385,0.9657267332077026,16
1263,25.26,-0.3743286509390035,0.969794511795044,16
1264,25.28,-0.036390110485911446,0.9598349332809448,16
1265,25.3,0.3937093744989398,0.9696198105812073,16
1266,25.32,0.2148793215747077,0.9729557037353516,16
1267,25.34,-0.09480633552163176,0.9575865268707275,16
1268,25.36,-0.03680897939947734,0.9737474918365479,16
1269,25.38,0.22386587080574366,0.963454008102417,16
1270,25.4,0.18598256958961323,0.9641048312187195,16
1271,25.42,-0.132061339625852,0.9703090190887451,16
1272,25.44,-0.1083142598703798,0.967200517654419,16
1273,25.46,0.06004416769960495,0.9667819738388062,16
1274,25.48,0.021840173737293214,0.9684638977050781,16
1275,25.5,-0.4141129900976159,0.9611762762069702,16
1276,25.52,-0.4140375058072795,0.9713811874389648,16
1277,25.54,-0.019599237109174127,0.9575360417366028,16
1278,25.56,0.29498319762685243,0.9624098539352417,16
1279,25.58,0.08591006735111256,0.9702786803245544,16
1280,25.6,-0.20516005694735562,0.967659056186676,16
1281,25.62,-0.03752377295656959,0.9712468385696411,16
1282,25.64,0.24800931267478057,0.9689542055130005,16
1283,25.66,0.1180037263810348,0.9629518389701843,16
1284,25.68,-0.1385364638770845,0.966219425201416,16
1285,25.7,-0.28232846127490835,0.9617012739181519,16
1286,25.72,0.2187941452450984,0.9702557921409607,16
1287,25.74,-0.04678156643344092,0.9665402173995972,16
1288,25.76,-0.3380718185015133,0.9663737416267395,16
1289,25.78,-0.3785140531332834,0.9680162072181702,16
1290,25.8,-0.1310370076984839,0.9665877819061279,16
1291,25.82,0.11958579826398817,0.9604336619377136,16
1292,25.84,-0.05253355675794562,0.9742744565010071,16
1293,25.86,-0.3007077289371715,0.9665042757987976,16
1294,25.88,0.04604345565622298,0.9630962610244751,16
1295,25.9,0.30264354973167756,0.9607137441635132,16
1296,25.92,0.05144056598699997,0.9711405038833618,16
1297,25.94,-0.2753554748320013,0.9675592184066772,17
1298,25.96,-0.06032866136646647,0.9613099098205566,17
1299,25.98,0.2419965920073826,0.9594220519065857,17
1300,26.0,0.07858500155909819,0.9719679951667786,17
1301,26.02,-0.4670498373024609,0.9626799821853638,17
1302,26.04,-0.4008009789770523,0.9725825786590576,17
1303,26.06,0.2881434245312856,0.962637186050415,17
1304,26.08,0.25149127889540607,0.961461067199707,16
1305,26.1,-0.14953091570379587,0.9611815214157104,16
1306,26.12,-0.21928991932667574,0.9624546766281128,16
1307,26.14,0.07001740149029109,0.9639241695404053,16
1308,26.16,0.24567518402481195,0.9749094247817993,16
1309,26.18,-0.04437900284256837,0.9647871851921082,16
1310,26.2,-0.19450382327682922,0.9628445506095886,16
1311,26.22,0.18742868830984322,0.9621565341949463,16
1312,26.24,0.3759561417669223,0.9681558609008789,16
1313,26.26,0.11196162517449011,0.964404284954071,16
1314,26.28,-0.3899315161949958,0.969073474407196,16
1315,26.3,-0.3758282452665553,0.9630663394927979,16
1316,26.32,0.10204892531875552,0.9600271582603455,16
1317,26.34,0.05302338709674379,0.9687134623527527,16
1318,26.36,-0.25848745695525055,0.9690508842468262,16
1319,26.38,-0.22861674439459334,0.9734576344490051,16
1320,26.4,0.12045035712767851,0.9690910577774048,16
1321,26.42,0.21528984276790095,0.9698700308799744,16
1322,26.44,-0.09773643287783404,0.9688806533813477,16
1323,26.46,-0.2269758746941761,0.9730997085571289,16
1324,26.48,0.11325449461942393,0.9630523324012756,16
1325,26.5,0.3942351542686556,0.9696885943412781,16
1326,26.52,0.10134377293630442,0.9687625765800476,16
1327,26.54,-0.39612938890173577,0.9710730910301208,16
1328,26.56,-0.40736480900517746,0.965239942073822,16
1329,26.58,0.09061354580373955,0.963813841342926,17
1330,26.6,0.15248372055428158,0.9682517647743225,17
1331,26.62,-0.12956998158731461,0.9635017514228821,17
1332,26.64,-0.2839635569843727,0.965529203414917,17
1333,26.66,0.29133933986601607,0.966960072517395,17
1334,26.68,0.40647180774925384,0.9563165307044983,17
1335,26.7,-0.17198510267303144,0.9736178517341614,17
1336,26.72,-0.4582466222505565,0.9542606472969055,17
1337,26.74,0.07522801483889684,0.9691272974014282,16
1338,26.76,0.5720049570160506,0.9601907730102539,16
1339,26.78,0.09220082037067834,0.9691446423530579,16
1340,26.8,-0.5123378386034614,0.9710609912872314,16
1341,26.82,-0.18762514297339686,0.9709432125091553,16
1342,26.84,0.15914532592030453,0.9676132798194885,16
1343,26.86,0.08848927258583679,0.9632450938224792,16
1344,26.88,-0.3763937903818753,0.9654760360717773,16
1345,26.9,-0.24240426427910278,0.9642655253410339,16
1346,26.92,0.31216097189218245,0.9680168628692627,16
1347,26.94,0.25275592171972183,0.9609474539756775,16
1348,26.96,-0.4208001063533598,0.96095210313797,16
1349,26.98,-0.42484126785606563,0.9661492109298706,16
1350,27.0,0.03364692010304007,0.960947573184967,16
1351,27.02,0.16104357881344825,0.9635082483291626,16
1352,27.04,-0.15523790862474424,0.964038610458374,16
1353,27.06,-0.3224136023412168,0.9731407761573792,16
1354,27.08,-0.023385390204208073,0.9662013053894043,16
1355,27.1,0.17524219442590705,0.9745994210243225,16
1356,27.12,-0.1446541926551848,0.9619475603103638,16
1357,27.14,-0.2918187929493126,0.9555374979972839,16
1358,27.16,-0.012885840567951464,0.9738569855690002,16
1359,27.18,0.4572416016368043,0.965596616268158,16
1360,27.2,0.30665547087477474,0.9741994142532349,16
1361,27.22,-0.1424304367643933,0.9665459394454956,16
1362,27.24,-0.2395097049956385,0.9624162316322327,16
1363,27.26,-0.10716567252437634,0.9693191647529602,16
1364,27.28,0.1807650325921957,0.9731669425964355,16
1365,27.3,-0.023442028205398695,0.9631185531616211,16
1366,27.32,-0.2109159685047925,0.9625917673110962,16
1367,27.34,-0.08763200698999273,0.9715149998664856,16
1368,27.36,0.22623760323986933,0.9582037329673767,16
1369,27.38,0.035402631581181156,0.9587417244911194,16
1370,27.4,-0.13536901707575838,0.9685678482055664,16
1371,27.42,-0.0398976086668748,0.9700125455856323,16
1372,27.44,0.43096341966431684,0.9651392698287964,16
1373,27.46,0.32649112012452747,0.963754415512085,16
1374,27.48,-0.30250694389825317,0.9689595103263855,16
1375,27.5,-0.2882425120939824,0.9680874347686768,16
1376,27.52,-0.06545722831977613,0.9736000299453735,16
1377,27.54,0.041110632334368305,0.9741142392158508,16
1378,27.56,-0.07929040105591197,0.9644001722335815,16
1379,27.58,-0.2932955006505486,0.972458004951477,17
1380,27.6,0.04994322850409838,0.9716709852218628,17
1381,27.62,0.23637074768876143,0.9667791724205017,17
1382,27.64,0.022362714669801016,0.9722927212715149,17
1383,27.66,-0.10881392061653382,0.9740931391716003,17
1384,27.68,0.14143778691552147,0.9642627835273743,17
1385,27.7,0.5390824965972695,0.9736769199371338,17
1386,27.72,0.34669550611957317,0.9651241302490234,17
1387,27.74,-0.2588263941325324,0.972523033618927,17
1388,27.76,-0.3110847571817092,0.9743924140930176,17
1389,27.78,-0.04042470777420723,0.9611783027648926,17
1390,27.8,0.07533266348110405,0.960162878036499,17
1391,27.82,-0.2607245828721886,0.9674862027168274,17
1392,27.84,-0.3137979682110268,0.9744347333908081,17
1393,27.86,-0.02796393933616133,0.9580952525138855,17
1394,27.88,0.49754433467187104,0.9671972393989563,17
1395,27.9,0.017603624667493444,0.9640762805938721,17
1396,27.92,-0.3097780619662066,0.960919201374054,17
1397,27.94,0.17401517270778283,0.9612904787063599,17
1398,27.96,0.7940870650639581,0.9604889750480652,17
1399,27.98,0.3885415922724658,0.9669899940490723,17
1400,28.0,-0.4285211161511641,0.9662115573883057,17
1401,28.02,-0.3601595260167557,0.9672603607177734,17
1402,28.04,0.07646540012802977,0.9681727886199951,17
1403,28.06,-0.022944149231731287,0.9674603939056396,17
1404,28.08,-0.5830151658053645,0.969882607460022,17
1405,28.1,-0.2125947600594146,0.9750053882598877,17
1406,28.12,0.45556225759957136,0.9759457111358643,17
1407,28.14,0.3929179427338611,0.9617928266525269,17
1408,28.16,-0.42356138103166313,0.9699719548225403,16
1409,28.18,-0.2719125506012338,0.9699647426605225,17
1410,28.2,0.5264984488765114,0.9649050235748291,16
1411,28.22,0.635573574199837,0.9626379013061523,16
1412,28.24,-0.26637130412659077,0.9708237648010254,16
1413,28.26,-0.38743968313479726,0.9717130064964294,16
1414,28.28,0.10435942372248902,0.9702761769294739,16
1415,28.3,0.18219437981669437,0.9739751815795898,16
1416,28.32,-0.6513840637577288,0.9721006155014038,16
1417,28.34,-0.5700588702246465,0.9634130597114563,16
1418,28.36,0.33505251461826674,0.9678727984428406,16
1419,28.38,0.45921346672490576,0.9711694717407227,16
1420,28.4,-0.15298212239904158,0.9628084301948547,16
1421,28.42,-0.31427713223654635,0.9636178016662598,16
1422,28.44,0.22309117463595218,0.9697885513305664,16
1423,28.46,0.5954452429234299,0.9706591367721558,16
1424,28.48,0.08046833928633002,0.9655115604400635,16
1425,28.5,-0.273931253928269,0.9719783663749695,16
1426,28.52,0.07691273217528671,0.9723305106163025,16
1427,28.54,0.2180549094152685,0.969219982624054,16
1428,28.56,-0.21144985379707376,0.9732050895690918,16
1429,28.58,-0.6979634603179473,0.9654463529586792,16
1430,28.6,-0.24487201484708357,0.9729921221733093,16
1431,28.62,0.3477412867346659,0.9628678560256958,16
1432,28.64,0.21564604964560147,0.9676198363304138,16
1433,28.66,-0.392254588087791,0.9658192992210388,16
1434,28.68,-0.2851454712798591,0.9572087526321411,16
1435,28.7,0.16564649075894558,0.9640578627586365,16
1436,28.72,0.23145716222034873,0.9640227556228638,16
1437,28.74,-0.14026130673727266,0.9727752804756165,16
1438,28.76,-0.07649612634110876,0.9650266170501709,16
1439,28.78,0.11093069257884224,0.9562696814537048,16
1440,28.8,0.029473645294759817,0.9654010534286499,16
1441,28.82,-0.4823901605965219,0.9680107235908508,16
1442,28.84,-0.6458827424945369,0.9675597548484802,16
1443,28.86,-0.27125349891176154,0.9674062132835388,16
1444,28.88,0.16863706703877943,0.9744731783866882,16
1445,28.9,0.08750150023465268,0.9739160537719727,16
1446,28.92,-0.111559314668939,0.9676320552825928,16
1447,28.94,-0.026931205434657404,0.9671376347541809,16
1448,28.96,0.1888617800936462,0.9666572213172913,16
1449,28.98,0.22259062720607214,0.9651006460189819,16
1450,29.0,-0.06278770185630637,0.9716859459877014,16
1451,29.02,-0.03778841724377174,0.9757001996040344,16
1452,29.04,0.1850320308758307,0.9694705009460449,16
1453,29.06,0.09772036948031851,0.968076229095459,16
1454,29.08,-0.47586301150238425,0.9669943451881409,16
1455,29.1,-0.6000678287625855,0.9621984362602234,16
1456,29.12,-0.14990663316398653,0.9748393297195435,16
1457,29.14,0.17878312903244056,0.970465362071991,16
1458,29.16,-0.04907018089809911,0.9645437598228455,16
1459,29.18,-0.26954879650783364,0.9614935517311096,16
1460,29.2,0.10064118163051376,0.9720583558082581,16
1461,29.22,0.3824692304677787,0.9649268984794617,16
1462,29.24,0.15938459593524504,0.9641757607460022,16
1463,29.26,-0.15364513912694452,0.971951961517334,16
1464,29.28,0.007716805822505245,0.9732992649078369,16
1465,29.3,0.31421029562976277,0.9747629165649414,16
1466,29.32,0.14154545743356342,0.9682972431182861,16
1467,29.34,-0.4844734977383702,0.9550433158874512,16
1468,29.36,-0.5895563177320875,0.9596764445304871,16
1469,29.38,0.011798978300477733,0.9687262773513794,16
1470,29.4,0.16530139721310472,0.9672857522964478,16
1471,29.42,-0.0889156170571227,0.9663398861885071,16
1472,29.44,-0.16838287109554628,0.9672738909721375,16
1473,29.46,0.2842190285389815,0.9590778946876526,16
1474,29.48,0.5071857892789228,0.9681906700134277,16
1475,29.5,0.03862163690909672,0.9630635976791382,16
1476,29.52,-0.4490140226108142,0.9654362797737122,16
1477,29.54,-0.026343498520634993,0.9749619364738464,16
1478,29.56,0.3930221190762649,0.9664487242698669,16
1479,29.58,0.011165860275486625,0.9585400819778442,16
1480,29.6,-1.0073468889163222,0.9575014114379883,16
1481,29.62,-0.7729725086177414,0.9606338143348694,16
1482,29.64,0.3057154626967469,0.9600124359130859,16
1483,29.66,0.3549939938172552,0.9665969610214233,16
1484,29.68,-0.34131694331796847,0.9631532430648804,16
1485,29.7,-0.31756052258737116,0.9643363356590271,16
1486,29.72,0.6791758715732981,0.966569185256958,16
1487,29.74,0.6801918023052733,0.9721424579620361,16
1488,29.76,-0.4135770980909634,0.9668407440185547,16
1489,29.78,-0.6280775400007166,0.9620640873908997,16
1490,29.8,0.29081359330286943,0.9673718214035034,16
1491,29.82,0.6271556774306452,0.974323570728302,16
1492,29.84,-0.38302129236890337,0.9704928994178772,16
1493,29.86,-1.1111280968996684,0.965737521648407,17
1494,29.88,-0.30990596709157003,0.9604393839836121,17
1495,29.9,0.5867895203469364,0.9647559523582458,17
1496,29.92,0.2802616805174352,0.9668462872505188,17
1497,29.94,-0.5775077277515083,0.9704999923706055,16
1498,29.96,-0.06741915374345084,0.9669228792190552,16
1499,29.98,0.8847045769587464,0.9643933773040771,16
1500,30.0,0.5606113040927234,0.9608713984489441,16
1501,30.02,-0.6323479498431075,0.9605504274368286,16
1502,30.04,-0.4835488535791082,0.9558151960372925,17
1503,30.06,0.41770970527915374,0.9738650321960449,17
1504,30.08,0.6320554854035344,0.9745739698410034,17
1505,30.1,-0.5251194633217572,0.9577481150627136,17
1506,30.12,-1.014010112579843,0.9674167633056641,17
1507,30.14,-0.29853622235431226,0.9708864092826843,17
1508,30.16,0.41127086759719844,0.9707921743392944,17
1509,30.18,-0.1304494405454424,0.9630263447761536,17
1510,30.2,-0.5615503264357342,0.9638996720314026,17
1511,30.22,-0.030684312300415854,0.9678921699523926,17
1512,30.24,1.0335395593586894,0.9591155052185059,17
1513,30.26,0.44486263319116104,0.9613397717475891,17
1514,30.28,-0.6886910990800319,0.9690569639205933,17
1515,30.3,-0.5394863086312218,0.972025990486145,17
1516,30.32,0.6766180466061685,0.955686628818512,17
1517,30.34,0.6005799367103585,0.9633655548095703,17
1518,30.36,-0.5338833531577543,0.9629402756690979,17
1519,30.38,-0.8082352003468186,0.9659541845321655,17
1520,30.4,0.21319024818223806,0.9674497842788696,17
1521,30.42,0.573691519879266,0.9747523069381714,17
1522,30.44,-0.2900790787451223,0.9611639976501465,17
1523,30.46,-0.6639844435115424,0.9687086343765259,17
1524,30.48,0.3725742556297159,0.9729125499725342,17
1525,30.5,1.1491011083129405,0.9672256708145142,17
1526,30.52,0.10746113238915266,0.9625944495201111,17
1527,30.54,-0.9931447347009749,0.9701722860336304,17
1528,30.56,-0.2567299852861986,0.9678807258605957,17
1529,30.58,0.779266993861988,0.9743898510932922,17
1530,30.6,0.2147625923276275,0.9718829393386841,17
1531,30.62,-1.0108650052046086,0.9664232134819031,17
1532,30.64,-0.8304067277416951,0.9685980677604675,17
1533,30.66,0.6017458511127916,0.9640090465545654,17
1534,30.68,0.39274226231945014,0.9669552445411682,17
1535,30.7,-1.032843801820834,0.9686644077301025,17
1536,30.72,-0.8317569626290957,0.9708282947540283,17
1537,30.74,0.7246542966695685,0.9670430421829224,17
1538,30.76,1.0522619114934715,0.9692984819412231,17
1539,30.78,-0.35913294257919187,0.9558815360069275,17
1540,30.8,-0.9290012271884805,0.9715996980667114,17
1541,30.82,0.0847480918183617,0.9674980640411377,17
1542,30.84,0.6523592569176384,0.9587351083755493,17
1543,30.86,-0.4802915231703295,0.9706934690475464,17
1544,30.88,-1.2062473077523117,0.9647333025932312,17
1545,30.9,-0.18432244221882796,0.965550422668457,17
1546,30.92,0.7057908886247307,0.9614241123199463,17
1547,30.94,-0.047187314974373236,0.9678759574890137,17
1548,30.96,-1.1786560166277291,0.9637937545776367,17
1549,30.98,-0.4094433858024648,0.966464102268219,17
1550,31.0,1.0275717413886742,0.9632924199104309,17
1551,31.02,0.741913900722486,0.972444474697113,17
1552,31.04,-0.47492705354485054,0.9668702483177185,17
1553,31.06,-0.5183138113976085,0.9664613604545593,17
1554,31.08,0.7390377311692615,0.9670154452323914,17
1555,31.1,0.5730778290059092,0.9737062454223633,17
1556,31.12,-0.5796173477959256,0.9748148918151855,17
1557,31.14,-0.8981246368649082,0.9645224809646606,17
1558,31.16,0.2975858273543013,0.957774817943573,17
1559,31.18,0.7355469365635936,0.9636033773422241,17
1560,31.2,-0.415312650156281,0.963087260723114,17
1561,31.22,-1.014945527008162,0.9691590070724487,17
1562,31.24,0.12469108767480636,0.9725308418273926,17
1563,31.26,1.1353200555566503,0.9756091833114624,17
1564,31.28,0.2608100825015459,0.9719836711883545,17
1565,31.3,-0.7224467218191608,0.963962972164154,17
1566,31.32,-0.19175164243546078,0.9672398567199707,17
1567,31.34,0.83868284477075,0.9684677720069885,17
1568,31.36,0.2218449766224314,0.9663459062576294,17
1569,31.38,-1.1842718763553943,0.9712298512458801,17
1570,31.4,-0.7323296669045518,0.9592885375022888,17
1571,31.42,0.6696956876903571,0.9749608039855957,17
1572,31.44,0.5612708243749722,0.9716407060623169,17
1573,31.46,-0.8500175369985191,0.9701713919639587,17
1574,31.48,-0.7657823633711558,0.9651619791984558,17
1575,31.5,0.7043912020187302,0.9648057818412781,17
1576,31.52,0.8390620801227723,0.9703210592269897,17
1577,31.54,-0.2943647463342473,0.9625860452651978,17
1578,31.56,-0.4742316071706485,0.966254472732544,17
1579,31.58,0.55573039646714,0.9631519317626953,17
1580,31.6,0.8548241690510324,0.9734023809432983,17
1581,31.62,-0.4118282368985574,0.9554311633110046,17
1582,31.64,-0.9333670636097975,0.9666638374328613,17
1583,31.66,-0.1243087373486952,0.9673612117767334,17
1584,31.68,0.7196214705631767,0.9617688059806824,17
1585,31.7,0.007941639637150751,0.9722039699554443,17
1586,31.72,-0.6911762885565251,0.9614654779434204,17
1587,31.74,-0.18691234071314067,0.9741130471229553,17
1588,31.76,0.6168784330782071,0.9757801294326782,17
1589,31.78,0.41957007883441105,0.9760656952857971,17
1590,31.8,-0.49269225974923536,0.971998393535614,17
1591,31.82,-0.3038130063404344,0.9711306095123291,17
1592,31.84,0.5613273293409335,0.9678826928138733,17
1593,31.86,0.5449019031013779,0.9742406606674194,17
1594,31.88,-0.4955393706724555,0.9744544625282288,17
1595,31.9,-0.627914507632642,0.9753289222717285,17
1596,31.92,0.11861960819056055,0.9665173292160034,17
1597,31.94,0.570519902932376,0.9682508111000061,17
1598,31.96,0.015737957872297044,0.9717512130737305,17
1599,31.98,-0.7332419181224066,0.974037230014801,17
1600,32.0,-0.2066010704935129,0.9741038084030151,17
1601,32.02,0.7379010417211643,0.9753850102424622,17
1602,32.04,0.4981248276329162,0.9648827910423279,17
1603,32.06,-0.5594162347823576,0.9622889757156372,16
1604,32.08,-0.42500642019743706,0.9646753072738647,16
1605,32.1,0.6031272744116002,0.963199257850647,16
1606,32.12,0.5864031138459946,0.9662226438522339,16
1607,32.14,-0.44932871389087853,0.9608034491539001,16
1608,32.16,-0.8857688705336072,0.9665233492851257,16
1609,32.18,0.06544383476829822,0.9589444398880005,16
1610,32.2,0.6805651052623772,0.9675290584564209,16
1611,32.22,0.04382103101327173,0.9705941677093506,16
1612,32.24,-0.7273894099957117,0.968671977519989,16
1613,32.26,-0.11710002494998083,0.9629809856414795,16
1614,32.28,0.7211602328790478,0.9652539491653442,16
1615,32.3,0.29904331616991303,0.9740488529205322,16
1616,32.32,-0.6819201787682285,0.9695323705673218,16
1617,32.34,-0.3049058808923582,0.9619826674461365,16
1618,32.36,0.5132105677286207,0.9637743234634399,16
1619,32.38,0.44410185015886383,0.9735804796218872,16
1620,32.4,-0.5763503825477396,0.9722013473510742,16
1621,32.42,-0.5976327909561361,0.9745683073997498,16
1622,32.44,0.2855225151626243,0.9717034101486206,16
1623,32.46,0.5116082066220629,0.9717155694961548,16
1624,32.48,-0.17084665676259095,0.9672640562057495,16
1625,32.5,-0.44214080021932495,0.9719097018241882,16
1626,32.52,0.04605530557154153,0.9636398553848267,16
1627,32.54,0.5439792701435721,0.9673534035682678,16
1628,32.56,0.12828220573946408,0.9718214869499207,16
1629,32.58,-0.6355602227093143,0.9759396314620972,16
1630,32.6,-0.26544578666692664,0.9660554528236389,16
1631,32.62,0.5777824352137142,0.973189651966095,16
1632,32.64,0.3642708553052926,0.9701927304267883,16
1633,32.66,-0.5829289428943953,0.9645366668701172,16
1634,32.68,-0.5261541395492876,0.9653726816177368,16
1635,32.7,0.414442679694508,0.9722335934638977,16
1636,32.72,0.4593908703935081,0.9738776683807373,16
1637,32.74,-0.3397438524822139,0.974054753780365,16
1638,32.76,-0.6373955058520524,0.9691789150238037,16
1639,32.78,0.19903872062469277,0.9668144583702087,16
1640,32.8,0.4496401013741836,0.9682238101959229,16
1641,32.82,-0.3701216099156799,0.9627680778503418,16
1642,32.84,-0.756953381321559,0.9649693369865417,16
1643,32.86,0.1537195121112081,0.9708081483840942,16
1644,32.88,0.8613137959177147,0.9656094908714294,16
1645,32.9,0.07790958610300117,0.9713374376296997,16
1646,32.92,-0.7180452446301021,0.9697440266609192,16
1647,32.94,-0.10850071188151444,0.9692336320877075,16
1648,32.96,0.6823181204348565,0.9706509709358215,16
1649,32.98,0.1549086168325252,0.9627476334571838,16
1650,33.0,-0.6274798573106456,0.9622147083282471,16
1651,33.02,-0.30364156034991235,0.9726400375366211,16
1652,33.04,0.4586431103970408,0.9752019047737122,16
1653,33.06,0.27573986506752485,0.962078869342804,16
1654,33.08,-0.7039708523318716,0.9699069857597351,16
1655,33.1,-0.6158713595854886,0.9706443548202515,16
1656,33.12,0.23593153416226514,0.967517077922821,16
1657,33.14,0.4238578579923587,0.9726479649543762,16
1658,33.16,-0.16816636265303864,0.9577111601829529,16
1659,33.18,-0.502322985492878,0.9641726613044739,16
1660,33.2,-0.13426203225655867,0.9616203308105469,16
1661,33.22,0.3691993612002989,0.971129834651947,16
1662,33.24,-0.10088417773835914,0.9651846885681152,16
1663,33.26,-0.5332598175302421,0.9648444056510925,16
1664,33.28,-0.22185204358523258,0.971876859664917,16
1665,33.3,0.29494303918533477,0.9655268788337708,16
1666,33.32,0.15193870166494583,0.9669008851051331,16
1667,33.34,-0.6288153059700747,0.9720332026481628,16
1668,33.36,-0.5447778362885533,0.9742705821990967,16
1669,33.38,0.08129056530808015,0.9670531749725342,16
1670,33.4,0.3902238555239008,0.9734187126159668,16
1671,33.42,-0.10752759351306958,0.9729818105697632,16
1672,33.44,-0.523018646893213,0.9672743678092957,16
1673,33.46,-0.061705937675423025,0.9735206365585327,16
1674,33.48,0.2940537099645366,0.9700356125831604,16
1675,33.5,0.0030031122304180285,0.9749026298522949,16
1676,33.52,-0.4722373022268853,0.9701561331748962,16
1677,33.54,-0.23719645579878934,0.972914457321167,16
1678,33.56,0.5026958991504942,0.9730733036994934,16
1679,33.58,0.2944794572547756,0.963624894618988,16
1680,33.6,-0.6162975661585149,0.967734158039093,16
1681,33.62,-0.6997467332536453,0.9679492712020874,16
1682,33.64,0.33990436869837914,0.964262068271637,16
1683,33.66,0.6067835360626499,0.9652904868125916,16
1684,33.68,-0.09350208258613585,0.966672420501709,16
1685,33.7,-0.4077545786547651,0.9652650952339172,16
1686,33.72,0.19566208703368268,0.9685819149017334,16
1687,33.74,0.6453937923621278,0.9626004695892334,16
1688,33.76,-0.07157027565806397,0.9630841016769409,16
1689,33.78,-0.7786114213720997,0.9680889248847961,16
1690,33.8,-0.11405616495001036,0.9754064083099365,16
1691,33.82,0.5783191206085643,0.9688560962677002,16
1692,33.84,0.03918572641941481,0.9710468053817749,16
1693,33.86,-0.919543516319567,0.9678388237953186,16
1694,33.88,-0.5099159537177143,0.962380588054657,16
1695,33.9,0.4582076776607338,0.9600240588188171,16
1696,33.92,0.37125197929954895,0.9696282744407654,16
1697,33.94,-0.45660628937913267,0.964871346950531,16
1698,33.96,-0.41020283405296515,0.9686980843544006,16
1699,33.98,0.35027974649796795,0.9604199528694153,16
1700,34.0,0.4086706759585115,0.9664301872253418,16
1701,34.02,-0.5658571829676312,0.9668569564819336,16
1702,34.04,-0.6478775767543208,0.9710603356361389,16
1703,34.06,0.23734778282100438,0.9558306336402893,16
1704,34.08,0.6684523357529442,0.9717444181442261,16
1705,34.1,-0.19147483042899047,0.9627975821495056,16
1706,34.12,-0.7825630245039764,0.9665719270706177,16
1707,34.14,-0.18645838612445934,0.9657468795776367,16
1708,34.16,0.5624237634928481,0.9576985239982605,16
1709,34.18,0.14858268664892396,0.9730501770973206,16
1710,34.2,-0.6336768124747457,0.9691446423530579,16
1711,34.22,-0.268771822961801,0.9673843383789062,16
1712,34.24,0.5461067498324037,0.9651022553443909,16
1713,34.26,0.3121543613044091,0.9734565615653992,16
1714,34.28,-0.5419471212299202,0.961028516292572,16
1715,34.3,-0.5073631559963712,0.9644771218299866,16
1716,34.32,0.5135863790571007,0.9614797830581665,16
1717,34.34,0.40977602515417394,0.9692712426185608,16
1718,34.36,-0.42627088299314597,0.9658790230751038,16
1719,34.38,-0.5567181888468733,0.9718706011772156,16
1720,34.4,0.22711126299315101,0.9719728827476501,16
1721,34.42,0.4984644332602296,0.9741824865341187,16
1722,34.44,-0.26907497613292286,0.9742575287818909,16
1723,34.46,-0.4780351009817631,0.975888729095459,16
1724,34.48,0.29356695795595283,0.969114363193512,16
1725,34.5,0.6147732389248736,0.9662498831748962,16
1726,34.52,0.019510992333569753,0.9723759293556213,16
1727,34.54,-0.6213774488934356,0.973714292049408,16
1728,34.56,-0.057035883530740634,0.9707250595092773,16
1729,34.58,0.5895368270234109,0.9627551436424255,16
1730,34.6,0.16609484220516432,0.9577507972717285,16
1731,34.62,-0.5425785996298454,0.9693159461021423,16
1732,34.64,-0.3953450773905828,0.9623569846153259,16
1733,34.66,0.4099303604415252,0.9587743282318115,16
1734,34.68,0.39849664891525877,0.9656893610954285,16
1735,34.7,-0.29078043131866277,0.963802695274353,16
1736,34.72,-0.3656220854502071,0.9713817238807678,16
1737,34.74,0.3462106806726926,0.9645944237709045,16
1738,34.76,0.5442549508474194,0.9692903757095337,16
1739,34.78,-0.036908034313963244,0.9721065759658813,16
1740,34.8,-0.46173012608118047,0.9532538056373596,16
1741,34.82,0.022540530017065522,0.9719604253768921,16
1742,34.84,0.43035231386251066,0.9658812880516052,16
1743,34.86,-0.014277847511176747,0.9627913236618042,16
1744,34.88,-0.6139031172491158,0.9605578780174255,16
1745,34.9,-0.33535278885444586,0.9680821299552917,16
1746,34.92,0.41192332535127557,0.969967246055603,16
1747,34.94,0.21993264045767652,0.9558755159378052,16
1748,34.96,-0.3474270834824295,0.9682074189186096,16
1749,34.98,-0.1532788764822661,0.9717983603477478,16
1750,35.0,0.2615420338040365,0.971951961517334,16
1751,35.02,0.2337000514824565,0.960990309715271,16
1752,35.04,-0.1759931911177814,0.9732082486152649,16
1753,35.06,-0.2776354133982623,0.9745745658874512,16
1754,35.08,0.10721809096087456,0.967172384262085,16
1755,35.1,0.12545966748110837,0.9640817642211914,16
1756,35.12,-0.3956772233153518,0.9704129695892334,16
1757,35.14,-0.49858710638058207,0.9659803509712219,16
1758,35.16,-0.1135807998466341,0.9718942046165466,16
1759,35.18,0.3307578891322309,0.954660177230835,16
1760,35.2,-0.03865628901518047,0.9586811065673828,16
1761,35.22,-0.3131274551969207,0.9737316370010376,16
1762,35.24,-0.0740315823710931,0.9707139730453491,16
1763,35.26,0.3446713694175746,0.9636133909225464,16
1764,35.28,0.1944540981127271,0.9721634387969971,16
1765,35.3,-0.2986366917160649,0.9662695527076721,16
1766,35.32,-0.26744770303598536,0.970200777053833,16
1767,35.34,0.18743417427493864,0.9661970138549805,16
1768,35.36,0.155417124003311,0.9645364880561829,16
1769,35.38,-0.37864738026357453,0.9630292654037476,16
1770,35.4,-0.4501070643531741,0.9734405875205994,16
1771,35.42,0.10837017965841209,0.9666539430618286,16
1772,35.44,0.27914754651400336,0.9677793383598328,16
1773,35.46,-0.21801362553643952,0.9703186750411987,16
1774,35.48,-0.3221270902124045,0.9707292914390564,16
1775,35.5,0.27387067041565294,0.9654878973960876,16
1776,35.52,0.4633256498606549,0.9727270603179932,16
1777,35.54,-0.11071610435549223,0.9708649516105652,16
1778,35.56,-0.35443678143315893,0.9638826847076416,16
1779,35.58,-0.08497791600881326,0.9691384434700012,16
1780,35.6,0.2565749172558876,0.9639930725097656,16
1781,35.62,-0.16945616473674,0.9663004875183105,16
1782,35.64,-0.4222922057473671,0.972690999507904,16
1783,35.66,-0.11284242904383612,0.9696701765060425,16
1784,35.68,0.28109544511059575,0.9657607674598694,16
1785,35.7,-0.09035538727882123,0.971229076385498,16
1786,35.72,-0.2822476657295927,0.9756878018379211,16
1787,35.74,-0.0938116007826331,0.9652577638626099,16
1788,35.76,0.43502158715669853,0.9751369953155518,16
1789,35.78,0.2473355282586901,0.9749621748924255,16
1790,35.8,-0.1077422744438594,0.9745506048202515,16
1791,35.82,-0.09181094509058575,0.9750831127166748,16
1792,35.84,0.1900655036700456,0.9689220190048218,16
1793,35.86,0.12275577376535436,0.9705740809440613,16
1794,35.88,-0.3383048233102925,0.9710138440132141,16
1795,35.9,-0.33662009125777426,0.9733945727348328,16
1796,35.92,-0.023060134733620983,0.9759562611579895,16
1797,35.94,0.1554100429710691,0.9699686169624329,16
1798,35.96,-0.06749732071715263,0.9719698429107666,16
1799,35.98,-0.23557600467517514,0.962364912033081,16
1800,36.0,0.03714274293918956,0.9639360308647156,16
1801,36.02,0.3400359916976346,0.9755610823631287,16
1802,36.04,0.12632175342867832,0.9768409729003906,16
1803,36.06,-0.09212361584800079,0.9747418761253357,16
1804,36.08,-0.0906771608942575,0.9765142798423767,16
1805,36.1,0.19511722415529267,0.9684044122695923,16
1806,36.12,0.14346582702677563,0.9700513482093811,16
1807,36.14,-0.5106493976695974,0.9710113406181335,16
1808,36.16,-0.5057385763957257,0.9623196721076965,16
1809,36.18,-0.06239514136423331,0.9617721438407898,16
1810,36.2,0.23557721168938597,0.9621163010597229,16
1811,36.22,-0.23849943312355998,0.9675332307815552,16
1812,36.24,-0.24830619334800258,0.9730902314186096,16
1813,36.26,0.1809426176332709,0.9697397947311401,16
1814,36.28,0.5026858964155382,0.9655832052230835,16
1815,36.3,-0.180809777425024,0.9640994668006897,16
1816,36.32,-0.3811549932763246,0.972295880317688,16
1817,36.34,0.15035602018882543,0.9752552509307861,16
1818,36.36,0.4652941625977136,0.961111843585968,16
1819,36.38,-0.14731590807914002,0.9657807350158691,16
1820,36.4,-0.5089728384211596,0.9595841765403748,16
1821,36.42,-0.14449751778459938,0.9654245972633362,16
1822,36.44,0.08366449689632807,0.970191478729248,16
1823,36.46,-0.18110913008086452,0.9649004340171814,16
1824,36.48,-0.2868120361508286,0.9656630158424377,16
1825,36.5,0.08566019702820447,0.955544650554657,16
1826,36.52,0.35390231522437543,0.9710566997528076,16
1827,36.54,0.04216784742413892,0.9620440602302551,16
1828,36.56,-0.0735654892323483,0.9654911756515503,16
1829,36.58,0.10787069687585153,0.9642112255096436,16
1830,36.6,0.1904126790838302,0.9729869365692139,16
1831,36.62,-0.012700323944034714,0.967680037021637,16
1832,36.64,-0.1865657699495704,0.9762641191482544,16
1833,36.66,-0.04277287195792462,0.971983790397644,16
1834,36.68,-0.103016708598002,0.9627824425697327,16
1835,36.7,-0.2939567357562322,0.9645196795463562,16
1836,36.72,-0.35472710925028983,0.9694684743881226,16
1837,36.74,-0.041988022117051986,0.966792106628418,16
1838,36.76,0.15037337098048392,0.9634835720062256,16
1839,36.78,0.09604930473213617,0.9674744606018066,16
1840,36.8,0.08581468414863541,0.9712681770324707,16
1841,36.82,0.1386767698271705,0.9715772867202759,16
1842,36.84,0.3046357091025332,0.9690831899642944,16
1843,36.86,-0.04923954816138232,0.9696323871612549,16
1844,36.88,-0.1909360087037017,0.9739058613777161,16
1845,36.9,0.05625095725403111,0.9709057807922363,16
1846,36.92,0.17168692896867768,0.9657789468765259,16
1847,36.94,-0.11506144009047034,0.9716350436210632,16
1848,36.96,-0.48016632734281695,0.9682452082633972,16
1849,36.98,-0.20044175754365512,0.9614921808242798,17
1850,37.0,0.06401345928268792,0.9550104737281799,17
1851,37.02,0.08584753123184961,0.958328366279602,16
1852,37.04,0.17876923846021792,0.9653820991516113,17
1853,37.06,0.06927818932813626,0.9696230888366699,17
1854,37.08,0.1341981016637908,0.9677411317825317,17
1855,37.1,0.10948012336550939,0.9728668332099915,17
1856,37.12,-0.05064348032131424,0.9653691649436951,17
1857,37.14,-0.06590773541530508,0.9603459239006042,17
1858,37.16,0.11835274557706252,0.9721397757530212,17
1859,37.18,0.22030976562129892,0.9674859642982483,17
1860,37.2,-0.2285173154771973,0.9715120196342468,17
1861,37.22,-0.34193175266040565,0.9736073613166809,17
1862,37.24,-0.16846469224684915,0.9702438116073608,17
1863,37.26,0.0674880136818739,0.9635699987411499,17
1864,37.28,0.06397816391938001,0.9563653469085693,17
1865,37.3,0.08261070313997944,0.9667686223983765,17
1866,37.32,0.1407327926799216,0.9665034413337708,17
1867,37.34,0.19353481890091062,0.9574185013771057,17
1868,37.36,-0.03235955045146618,0.9708880186080933,17
1869,37.38,-0.19080593377336313,0.9684974551200867,17
1870,37.4,-0.14739458963595667,0.9715967774391174,17
1871,37.42,0.233139315964092,0.9673299789428711,17
1872,37.44,0.08874624761623305,0.9758838415145874,17
1873,37.46,-0.18392400763970293,0.9605126976966858,17
1874,37.48,-0.1957673909163153,0.9569246768951416,17
1875,37.5,-0.06688237915670286,0.9710248708724976,17
1876,37.52,-0.12887121478361274,0.9707146286964417,17
1877,37.54,-0.17361271681757465,0.971960186958313,17
1878,37.56,-0.03213685717789837,0.9760040640830994,17
1879,37.58,0.584123195082879,0.9722883105278015,17
1880,37.6,0.502838924090343,0.9723721742630005,17
1881,37.62,-0.1624276163851202,0.9723292589187622,17
1882,37.64,-0.22981093444193004,0.973872721195221,17
1883,37.66,0.06274260696657044,0.9709540605545044,17
1884,37.68,0.2534581931343408,0.9607310891151428,17
1885,37.7,-0.07947444476412105,0.9734556674957275,17
1886,37.72,-0.22952527374451942,0.9664567112922668,17
1887,37.74,-0.1187212198195784,0.9647729396820068,17
1888,37.76,0.06100934328151382,0.9724923968315125,17
1889,37.78,-0.05429554594660475,0.9675756692886353,17
1890,37.8,-0.1692261617294404,0.9624015092849731,17
1891,37.82,0.1788924766243231,0.9660747051239014,17
1892,37.84,0.4394835119963684,0.9729981422424316,17
1893,37.86,0.3462143563297914,0.97560715675354,17
1894,37.88,0.004214317273639102,0.965371310710907,17
1895,37.9,-0.03612101666259439,0.9636285305023193,17
1896,37.92,-0.020783337430936855,0.9738070964813232,17
1897,37.94,-0.05023157061218698,0.9645913243293762,17
1898,37.96,-0.0470111106504166,0.9712335467338562,17
1899,37.98,-0.051310240671648674,0.9743432998657227,17
1900,38.0,0.018158107427534112,0.9662631154060364,17
1901,38.02,-0.057855350159819526,0.9723996520042419,17
1902,38.04,-0.17798594377826096,0.9750734567642212,17
1903,38.06,-0.08069420998664398,0.9643940925598145,17
1904,38.08,0.22742146891316262,0.9716911911964417,17
1905,38.1,0.4064049891616613,0.9682947397232056,17
1906,38.12,0.21924117428678697,0.9628722667694092,17
1907,38.14,0.19842445322022093,0.9664399027824402,17
1908,38.16,-0.09726817261537771,0.9638268351554871,16
1909,38.18,-0.07696531692199528,0.9573693871498108,16
1910,38.2,-0.16227419085937295,0.9696297645568848,16
1911,38.22,-0.23573020661083893,0.9700444936752319,16
1912,38.24,-0.19882954188225208,0.9730595350265503,16
1913,38.26,0.046393000344458694,0.9764448404312134,16
1914,38.28,-0.05021593979781759,0.974323034286499,16
1915,38.3,-0.2190718375354044,0.9694899320602417,16
1916,38.32,-0.26395494929879687,0.9686204791069031,16
1917,38.34,0.15454121463209067,0.9647498726844788,16
1918,38.36,0.40140044514617074,0.9705010652542114,16
1919,38.38,0.1501343707235815,0.9681154489517212,16
1920,38.4,-0.08036061564112933,0.9691931009292603,16
1921,38.42,0.017654491156896816,0.9738892316818237,16
1922,38.44,0.033252035427862765,0.9739181995391846,16
1923,38.46,-0.19309555975912884,0.9646825194358826,16
1924,38.48,-0.35914603134187806,0.9761683344841003,16
1925,38.5,-0.02628358474104579,0.96844083070755,16
1926,38.52,0.1964168722244042,0.960234522819519,16
1927,38.54,-0.04685574172739786,0.9693382978439331,16
1928,38.56,-0.4113026862629652,0.9689227938652039,16
1929,38.58,-0.2843832143499474,0.9762897491455078,16
1930,38.6,0.16285152553808588,0.9649389982223511,16
1931,38.62,0.2404019248349186,0.9656814336776733,16
1932,38.64,-0.01720682509070029,0.972668468952179,16
1933,38.66,0.04070526646408112,0.9705190658569336,16
1934,38.68,0.12292442933451131,0.9626036882400513,16
1935,38.7,0.07960701560211907,0.959815502166748,16
1936,38.72,-0.2505144354998527,0.9730004072189331,16
1937,38.74,-0.2608514750259459,0.9683043360710144,16
1938,38.76,0.04496797320237751,0.9669294357299805,17
1939,38.78,0.21984058931502867,0.9580381512641907,17
1940,38.8,0.055224231320957606,0.97545325756073,17
1941,38.82,-0.20475630180616738,0.9661129117012024,17
1942,38.84,-0.06418922255035707,0.9645684957504272,17
1943,38.86,0.11475040812661795,0.9671604633331299,17
1944,38.88,0.17702037783743807,0.9739358425140381,17
1945,38.9,0.006464796438536459,0.9689034223556519,17
1946,38.92,0.05096078583906583,0.958761990070343,17
1947,38.94,0.22931081137492984,0.9639705419540405,17
1948,38.96,0.20132900577000695,0.969539225101471,17
1949,38.98,-0.15653062680609217,0.9693079590797424,17
1950,39.0,-0.20626893210141603,0.9659339189529419,17
1951,39.02,0.10399970879594188,0.9750654101371765,17
1952,39.04,0.2573705179787037,0.9739988446235657,17
1953,39.06,-0.07691106323638942,0.9660736322402954,17
1954,39.08,-0.2279827281142068,0.9618344306945801,17
1955,39.1,0.014253306857937005,0.9680661559104919,17
1956,39.12,0.16064266596791643,0.9682820439338684,17
1957,39.14,-0.0993347477178321,0.9686309099197388,17
1958,39.16,-0.33691678209057196,0.9750306606292725,17
1959,39.18,-0.08772801118026471,0.9753051400184631,17
1960,39.2,0.12411000288897324,0.9703460931777954,17
1961,39.22,0.005088451781404564,0.9587787985801697,17
1962,39.24,-0.45336185145312485,0.9687292575836182,17
1963,39.26,-0.24431416019112615,0.9717937707901001,17
1964,39.28,0.22150659100316394,0.9726784825325012,17
1965,39.3,0.16568837605401046,0.9694576859474182,17
1966,39.32,-0.2656945989045439,0.967221200466156,17
1967,39.34,-0.18540320939319804,0.9552344083786011,17
1968,39.36,0.21601531534147975,0.9625250697135925,17
1969,39.38,0.21992872935717936,0.9725332856178284,17
1970,39.4,-0.30674513605321396,0.9649302959442139,17
1971,39.42,-0.2312041260692974,0.9727258086204529,17
1972,39.44,0.11041706096514295,0.9660268425941467,17
1973,39.46,0.24912879953899747,0.9600448608398438,17
1974,39.48,-0.35156386273391665,0.9624638557434082,17
1975,39.5,-0.49339371911006746,0.9694409370422363,17
1976,39.52,0.04539457827281169,0.9701035022735596,17
1977,39.54,0.20451928005271727,0.9749679565429688,17
1978,39.56,-0.036958309760832905,0.968402624130249,17
1979,39.58,-0.32982461689680376,0.9689508676528931,17
1980,39.6,0.029714708626948402,0.960652768611908,17
1981,39.62,0.1963680994490182,0.964778482913971,17
1982,39.64,-0.15008424997731598,0.9677591919898987,17
1983,39.66,-0.3431990766604565,0.9627609848976135,17
1984,39.68,-0.1059633645839023,0.9653317332267761,17
1985,39.7,0.08793125234842494,0.972847044467926,17
1986,39.72,0.039355225226989296,0.9729878306388855,17
1987,39.74,-0.14467008997152142,0.972546398639679,17
1988,39.76,-0.16779434600569815,0.9698864817619324,17
1989,39.78,0.05148443432233724,0.9677428007125854,17
1990,39.8,0.12837146086496476,0.9702272415161133,17
1991,39.82,0.00441116768633254,0.9755584001541138,17
1992,39.84,-0.14519316713161912,0.9756516814231873,17
1993,39.86,-0.09052153048625833,0.9674838185310364,17
1994,39.88,0.18457926617248488,0.9599948525428772,17
1995,39.9,0.09832821214173763,0.9735138416290283,17
1996,39.92,-0.2691305740097272,0.9718469977378845,17
1997,39.94,-0.15283856528100978,0.9647592306137085,17
1998,39.96,0.3449293853366989,0.9642457365989685,17
1999,39.98,0.2871312476795533,0.9637987017631531,17
2000,40.0,-0.1916704623624037,0.9740288257598877,17
2001,40.02,-0.19432359139785263,0.9754006266593933,17
2002,40.04,0.22240479170170627,0.9664786458015442,17
2003,40.06,0.28503245599310034,0.9747512936592102,17
2004,40.08,-0.32159720403938147,0.967681884765625,17
2005,40.1,-0.27023226059773536,0.963891327381134,17
2006,40.12,0.26892649103006594,0.9735528230667114,17
2007,40.14,0.3007933011248054,0.9755670428276062,17
2008,40.16,-0.1639498979169548,0.9658793807029724,17
2009,40.18,-0.4502563373803755,0.9694766402244568,17
2010,40.2,-0.08637747457586915,0.9684692621231079,17
2011,40.22,0.3249653048268242,0.9635555744171143,17
2012,40.24,-0.04762460020359375,0.9676023125648499,17
2013,40.26,-0.40315513602411773,0.9683294296264648,17
2014,40.28,-0.07893873581718207,0.9722886681556702,17
2015,40.3,0.29626080735179927,0.9694886207580566,17
2016,40.32,0.05079138332630613,0.9736281037330627,17
2017,40.34,-0.380645736159892,0.9608519673347473,17
2018,40.36,-0.1489212544496216,0.9647281169891357,17
2019,40.38,0.46094731777213155,0.969825267791748,17
2020,40.4,0.29346223093059454,0.9649905562400818,17
2021,40.42,-0.3527455282990028,0.9686822891235352,17
2022,40.44,-0.455487909831525,0.9748631715774536,17
2023,40.46,0.2733185718020646,0.9682887196540833,17
2024,40.48,0.32248580978904773,0.9711270332336426,17
2025,40.5,-0.35260599255871916,0.9678800702095032,17
2026,40.52,-0.49750681799048746,0.9702540040016174,17
2027,40.54,0.1949590272179199,0.9757072329521179,17
2028,40.56,0.4040459605193914,0.9725936651229858,17
2029,40.58,-0.23797848951837475,0.956250011920929,17
2030,40.6,-0.5631917872332503,0.9734526872634888,17
2031,40.62,-0.0237659544662379,0.9656358957290649,17
2032,40.64,0.5475816896585982,0.9709499478340149,17
2033,40.66,0.10856197130019558,0.9743708968162537,17
2034,40.68,-0.5653090793716341,0.9677828550338745,17
2035,40.7,-0.24621481571923073,0.9600045084953308,17
2036,40.72,0.5490110678015232,0.9643948078155518,17
2037,40.74,0.16718353816285575,0.9750484228134155,17
2038,40.76,-0.7437168759141431,0.9745104312896729,17
2039,40.78,-0.4539491239304191,0.9678866863250732,17
2040,40.8,0.43972346375745563,0.9662008881568909,17
2041,40.82,0.38615793965694345,0.9651175141334534,17
2042,40.84,-0.445994050311059,0.9692733883857727,17
2043,40.86,-0.5985935078965967,0.9626311659812927,17
2044,40.88,0.40389290545483836,0.966170608997345,17
2045,40.9,0.4365463781720413,0.9677932858467102,17
2046,40.92,-0.3094060905817086,0.9628320336341858,17
2047,40.94,-0.6003301009968571,0.9709891080856323,17
2048,40.96,0.35645678005708137,0.9692609310150146,17
2049,40.98,0.6120376117798338,0.9716714024543762,17
2050,41.0,-0.24690914670977565,0.9619698524475098,17
2051,41.02,-0.8077745056940953,0.9693889617919922,17
2052,41.04,-0.05761142118645404,0.9679194688796997,17
2053,41.06,0.5518695374357245,0.9670417904853821,17
2054,41.08,-0.002240218567134152,0.9634175300598145,17
2055,41.1,-0.7558710052425464,0.9662188291549683,17
2056,41.12,-0.21114852580164423,0.9640862345695496,17
2057,41.14,0.6652062059397676,0.9671930074691772,17
2058,41.16,0.1774267471850776,0.9636093378067017,17
2059,41.18,-0.6922077491513019,0.9697823524475098,17
2060,41.2,-0.3699108799167804,0.9614447951316833,17
2061,41.22,0.8040476014315874,0.9740894436836243,17
2062,41.24,0.5971810229696937,0.9635955691337585,17
2063,41.26,-0.49065764384230465,0.9703822135925293,17
2064,41.28,-0.4555492235038479,0.9631513357162476,17
2065,41.3,0.5568337107635802,0.9644997119903564,17
2066,41.32,0.6621272584810224,0.9705173373222351,17
2067,41.34,-0.5033790799729567,0.9670618772506714,17
2068,41.36,-0.7641394469494259,0.972892701625824,17
2069,41.38,0.293428250994775,0.9717438817024231,17
2070,41.4,0.7109859844497153,0.9694191813468933,17
2071,41.42,-0.3402294583800662,0.9672209620475769,17
2072,41.44,-0.9730110523831149,0.958840012550354,17
2073,41.46,-0.10968199919595695,0.9689462780952454,17
2074,41.48,0.8545246091861614,0.9743862152099609,17
2075,41.5,0.1968896998563273,0.9638344049453735,17
2076,41.52,-0.853714279867799,0.9698015451431274,17
2077,41.54,-0.36666998440127613,0.9677135944366455,17
2078,41.56,0.775874046405583,0.9721079468727112,17
2079,41.58,0.3808734310598685,0.9641739130020142,17
2080,41.6,-1.0591938329585562,0.9710484147071838,17
2081,41.62,-0.8890855788601526,0.9699722528457642,17
2082,41.64,0.6500626505078733,0.970626711845398,17
2083,41.66,0.7566767944796559,0.9675400853157043,17
2084,41.68,-0.7522687539341079,0.9654106497764587,17
2085,41.7,-1.0087990382941878,0.9736341238021851,17
2086,41.72,0.36572878130755365,0.9623187780380249,17
2087,41.74,0.925449350842431,0.9660161137580872,17
2088,41.76,-0.10524162931419025,0.9632790088653564,17
2089,41.78,-0.75537180387829,0.9652814269065857,17
2090,41.8,0.12669162337371281,0.9707193970680237,17
2091,41.82,0.7459894248152125,0.9578215479850769,17
2092,41.84,-0.19466668924734154,0.9647413492202759,17
2093,41.86,-1.1220500598135237,0.9658083319664001,17
2094,41.88,-0.36248181772709653,0.9687471985816956,17
2095,41.9,0.8168667692639421,0.9682371616363525,17
2096,41.92,0.5939663869051518,0.9740270972251892,17
2097,41.94,-0.7455772031816407,0.9700790643692017,17
2098,41.96,-0.6914027763374841,0.9614866375923157,17
2099,41.98,0.5687554290834663,0.9662154912948608,17
2100,42.0,0.6238091308694714,0.9731511473655701,17
2101,42.02,-0.38242935537576617,0.9655514359474182,17
2102,42.04,-0.6994140177281877,0.9584567546844482,17
2103,42.06,0.45322479719583736,0.9672107100486755,17
2104,42.08,0.6907737453828503,0.9647249579429626,16
2105,42.1,-0.2569791710578095,0.9637620449066162,16
2106,42.12,-0.8806138413386496,0.9650468826293945,16
2107,42.14,0.03793698168992215,0.9589457511901855,16
2108,42.16,0.9268929439176218,0.9686717987060547,16
2109,42.18,0.2803033144516001,0.9692116379737854,16
2110,42.2,-0.7117944675032987,0.9614812135696411,16
2111,42.22,-0.25479571845946286,0.9627095460891724,16
2112,42.24,0.702497758781561,0.9743231534957886,16
2113,42.26,0.4953529072034754,0.9620189070701599,16
2114,42.28,-0.5478899831172608,0.9733876585960388,16
2115,42.3,-0.5267734286521507,0.966584324836731,16
2116,42.32,0.5383618069874598,0.9706172347068787,16
2117,42.34,0.5636859808948076,0.9662483930587769,16
2118,42.36,-0.5548905946553406,0.9647615551948547,16
2119,42.38,-0.955089340894772,0.9544075727462769,16
2120,42.4,0.14264481812397198,0.9672346115112305,16
2121,42.42,0.8088852564289644,0.971113383769989,16
2122,42.44,0.07598766850320104,0.9708598852157593,16
2123,42.46,-0.6929856786785414,0.9678372144699097,16
2124,42.48,0.04467550935107406,0.9687698483467102,16
2125,42.5,0.8055243169532064,0.9630507826805115,16
2126,42.52,0.2300419983857828,0.9588721990585327,16
2127,42.54,-0.8277384447019441,0.961517870426178,16
2128,42.56,-0.32709040972854314,0.9673094153404236,16
2129,42.58,0.8658777557741812,0.9608008861541748,16
2130,42.6,0.5145780863152896,0.9688723087310791,16
2131,42.62,-0.8802823128096134,0.9602082371711731,16
2132,42.64,-0.8292816040976712,0.9651283621788025,16
2133,42.66,0.49269425153427887,0.960861325263977,16
2134,42.68,0.5278461960414228,0.9691658616065979,16
2135,42.7,-0.6517506191624877,0.9677303433418274,16
2136,42.72,-0.7630913496439471,0.9626906514167786,16
2137,42.74,0.5956616365064726,0.9687767624855042,16
2138,42.76,0.8177960530446531,0.9686688184738159,16
2139,42.78,-0.6345746732415262,0.9615011811256409,16
2140,42.8,-1.0394383282764277,0.9717282652854919,16
2141,42.82,0.19780373836144766,0.9625025391578674,16
2142,42.84,0.8203873557043267,0.9631989002227783,16
2143,42.86,-0.24329018123392118,0.9529371857643127,16
2144,42.88,-1.0683774055102273,0.960995614528656,16
2145,42.9,-0.22808990443367388,0.9678828120231628,16
2146,42.92,0.622558349526589,0.9678437113761902,16
2147,42.94,-0.10494241273932811,0.9698619246482849,16
2148,42.96,-0.8391883506259825,0.9670686721801758,16
2149,42.98,-0.1526270398372415,0.9645041227340698,16
2150,43.0,0.809798550983471,0.9631274938583374,16
2151,43.02,0.35243948676964915,0.9649296402931213,16
2152,43.04,-0.6317516473547186,0.9646450281143188,16
2153,43.06,-0.43417717260567457,0.9611485004425049,16
2154,43.08,0.5131668852505327,0.963692843914032,16
2155,43.1,0.4556865652601846,0.9657906293869019,16
2156,43.12,-0.49767835661498194,0.9631516337394714,16
2157,43.14,-0.512669654032914,0.9625201225280762,16
2158,43.16,0.2261176296967668,0.960813581943512,16
2159,43.18,0.2675145677325179,0.9644388556480408,16
2160,43.2,-0.23123416056782306,0.9652731418609619,16
2161,43.22,-0.36863386801714537,0.958750307559967,16
2162,43.24,0.11423371521159734,0.9613105654716492,16
2163,43.26,0.49217970302507336,0.9732427597045898,16
2164,43.28,0.028184884588199625,0.960069477558136,16
2165,43.3,-0.30102235653304765,0.9660347700119019,16
2166,43.32,-0.0008402830550978621,0.9645212292671204,16
2167,43.34,0.308385184899886,0.9711017608642578,16
2168,43.36,0.10006429883061942,0.971220850944519,16
2169,43.38,-0.1958777327098374,0.9696860313415527,16
2170,43.4,-0.20630677219185958,0.9634059071540833,16
2171,43.42,-0.013197092348538489,0.9640033841133118,16
2172,43.44,-0.0985007608956136,0.9550358653068542,16
2173,43.46,-0.22748264301525922,0.9694592356681824,16
2174,43.48,-0.13210629434504234,0.9752575755119324,16
2175,43.5,0.13221272587972055,0.9653760194778442,16
2176,43.52,0.2018303017543346,0.9619101285934448,16
2177,43.54,0.1518753771054833,0.9573849439620972,16
2178,43.56,0.03134727586568388,0.9702272415161133,16
2179,43.58,0.0466889613695276,0.9683979749679565,16
2180,43.6,0.15947593117654593,0.9595498442649841,16
2181,43.62,0.101104768027232,0.9654011726379395,16
2182,43.64,-0.19623022640480553,0.9621586799621582,16
2183,43.66,-0.2964855098585934,0.9591927528381348,16
2184,43.68,-0.13457451520863928,0.9704461693763733,16
2185,43.7,0.022526665731207672,0.9603540897369385,16
2186,43.72,-0.11122752506555163,0.9720908403396606,16
2187,43.74,-0.3104077427948385,0.9615416526794434,16
2188,43.76,-0.008147601556362464,0.9701254367828369,16
2189,43.78,0.2286268675347299,0.9707013964653015,16
2190,43.8,0.15069582041749058,0.9748355746269226,16
2191,43.82,-0.025393561707524992,0.9642336368560791,16
2192,43.84,0.09121873415791908,0.9626970887184143,16
2193,43.86,0.4617965051303402,0.9665568470954895,16
2194,43.88,0.10602506085172145,0.9678881764411926,16
2195,43.9,-0.3000888673425918,0.9690915942192078,16
2196,43.92,-0.4286731020857883,0.9635382890701294,16
2197,43.94,0.037340305910802764,0.9578668475151062,16
2198,43.96,0.10877017747445467,0.9598292708396912,16
2199,43.98,-0.21664678934320816,0.9666110873222351,16
2200,44.0,-0.31006694026750764,0.9720193147659302,16
2201,44.02,0.009293018154426187,0.9586437344551086,16
2202,44.04,0.26102621091923295,0.9672574400901794,16
2203,44.06,0.07274466926603167,0.9662635326385498,16
2204,44.08,-0.14140169591733792,0.9703041315078735,16
2205,44.1,0.10053063928788787,0.9707490801811218,16
2206,44.12,0.4625834869586411,0.9717179536819458,16
2207,44.14,0.1569369111080066,0.969943106174469,16
2208,44.16,-0.4626965268035244,0.9686551094055176,16
2209,44.18,-0.3727058715195668,0.9713867902755737,16
2210,44.2,0.17364311267220833,0.9678026437759399,16
2211,44.22,0.17192903142963037,0.9692376852035522,16
2212,44.24,-0.3321938958488488,0.956678569316864,16
2213,44.26,-0.4084316252073719,0.9570668935775757,16
2214,44.28,0.35578836505148465,0.9682484269142151,16
2215,44.3,0.48808323216096733,0.9731510281562805,16
2216,44.32,0.025547159018809832,0.964711606502533,16
2217,44.34,-0.24843256797274016,0.959810197353363,16
2218,44.36,0.2250555371293349,0.9623228907585144,16
2219,44.38,0.5748398811719897,0.9737632870674133,16
2220,44.4,0.12398683738259421,0.9680916666984558,16
2221,44.42,-0.2252150023286019,0.9749678373336792,16
2222,44.44,-0.22817657250388812,0.9653534889221191,16
2223,44.46,0.03484494897991017,0.9697466492652893,16
2224,44.48,-0.060660325992158926,0.9664355516433716,16
2225,44.5,-0.34211389447942886,0.953954815864563,16
2226,44.52,-0.18724052948733297,0.9567448496818542,16
2227,44.54,0.1600027930617503,0.9675862789154053,16
2228,44.56,0.20423346055817007,0.967822253704071,16
2229,44.58,0.022410853623880837,0.9664826393127441,16
2230,44.6,-0.08924006981398173,0.9695917367935181,16
2231,44.62,0.0700062035908087,0.9662922024726868,16
2232,44.64,0.3034204553632854,0.9724145531654358,16
2233,44.66,0.055042748314885225,0.9682498574256897,16
2234,44.68,-0.19849136443122736,0.9623377323150635,16
2235,44.7,-0.17170180470992422,0.9746679663658142,16
2236,44.72,0.035625334853420114,0.9684610962867737,16
2237,44.74,-0.06929961182299052,0.9689480662345886,17
2238,44.76,-0.2822520497472632,0.9666792154312134,17
2239,44.78,-0.19925704262429766,0.9688688516616821,17
2240,44.8,0.12651009031469015,0.968738853931427,17
2241,44.82,0.20323748026730812,0.968377947807312,17
2242,44.84,-0.14602238655483699,0.9618196487426758,16
2243,44.86,-0.16578265644701828,0.9725380539894104,16
2244,44.88,0.04892253544987817,0.9684099555015564,16
2245,44.9,0.1740694436941789,0.9746503233909607,16
2246,44.92,0.04595749576471089,0.9697089791297913,16
2247,44.94,-0.2086179567762391,0.9613360166549683,16
2248,44.96,-0.17920587784018396,0.9552796483039856,16
2249,44.98,-0.007935872577909836,0.9748700261116028,16
2250,45.0,-0.08566882800914848,0.9631354212760925,16
2251,45.02,-0.22413689105579682,0.9704381823539734,17
2252,45.04,-0.11145198643141796,0.9736195802688599,16
2253,45.06,0.3004621510231979,0.9642605185508728,16
2254,45.08,0.2663954944393197,0.9610645174980164,17
2255,45.1,-0.08928968524414753,0.9669229388237,17
2256,45.12,-0.1780218051426278,0.9614229202270508,17
2257,45.14,0.1773001912596662,0.9659929871559143,17
2258,45.16,0.3217998765833399,0.9604708552360535,17
2259,45.18,-0.02875819929863216,0.9622088670730591,17
2260,45.2,-0.19905485856675095,0.9725278615951538,17
2261,45.22,-0.010509169821602894,0.9713552594184875,17
2262,45.24,0.19576461045408883,0.9551286697387695,17
2263,45.26,-0.09959576821850687,0.9708468317985535,17
2264,45.28,-0.42492980651704976,0.964191734790802,17
2265,45.3,-0.17087518652054862,0.9635106921195984,17
2266,45.32,0.40413895706173003,0.9612917304039001,17
2267,45.34,0.2528072435415876,0.9626256823539734,17
2268,45.36,-0.07855978975506817,0.9714034199714661,17
2269,45.38,-0.12036263348386712,0.9672313332557678,17
2270,45.4,0.4908857418619498,0.96860671043396,17
2271,45.42,0.4269785819664918,0.9652529954910278,17
2272,45.44,-0.02180370755018961,0.9709510803222656,17
2273,45.46,-0.15884195507056775,0.9712352156639099,17
2274,45.48,0.13873757907755788,0.9747805595397949,17
2275,45.5,0.1499232031855605,0.9667172431945801,17
2276,45.52,-0.20759392069781116,0.9532672762870789,17
2277,45.54,-0.34296077638356914,0.9595080614089966,17
2278,45.56,-0.18839998145474945,0.9649198055267334,17
2279,45.58,0.07595963870510518,0.9714233875274658,17
2280,45.6,0.0656696978895463,0.9621356129646301,17
2281,45.62,0.014665676292038207,0.9669137597084045,17
2282,45.64,0.0642865673665354,0.9656373262405396,17
2283,45.66,0.2761782280758799,0.9695131778717041,17
2284,45.68,0.1521575207768476,0.9721121191978455,17
2285,45.7,0.008085386411590508,0.9723542928695679,17
2286,45.72,-0.05449706994213441,0.9749414324760437,17
2287,45.74,0.016079387954650724,0.9752109050750732,17
2288,45.76,0.13080377184854142,0.9662612080574036,17
2289,45.78,-0.11477571890690445,0.9642612338066101,17
2290,45.8,-0.458624853213535,0.9729630351066589,17
2291,45.82,-0.27889455941169217,0.9730774760246277,17
2292,45.84,-0.007966786173191616,0.973028838634491,17
2293,45.86,0.21281617208806455,0.9738815426826477,17
2294,45.88,-0.019747782294312965,0.9626792073249817,17
2295,45.9,-0.12698892946113782,0.9675999879837036,17
2296,45.92,0.07489566525778824,0.9725020527839661,17
2297,45.94,0.27446370287159527,0.9740038514137268,17
2298,45.96,0.08254831497797552,0.9527651071548462,17
2299,45.98,-0.10841910108615639,0.9700366854667664,17
2300,46.0,0.05348712044603283,0.970298171043396,17
2301,46.02,0.17036925986194326,0.9640416502952576,17
2302,46.04,-0.1936689717225987,0.9722324013710022,17
2303,46.06,-0.4331035675472768,0.969109058380127,17
2304,46.08,-0.23922601938856364,0.9704293608665466,17
2305,46.1,0.18209391402153244,0.9653502106666565,17
2306,46.12,0.2754043131440101,0.9645335674285889,17
2307,46.14,-0.062154702578689734,0.964292049407959,17
2308,46.16,-0.04771896041944419,0.9620319604873657,16
2309,46.18,0.22365550722476024,0.9631146192550659,16
2310,46.2,0.228353987999731,0.955369770526886,16
2311,46.22,-0.061336257459843224,0.9660205245018005,16
2312,46.24,-0.0036072654830216263,0.9661574959754944,16
2313,46.26,0.18010978817307188,0.9674379229545593,16
2314,46.28,0.10767653635774958,0.9707130193710327,16
2315,46.3,-0.2903160386846565,0.9683421850204468,16
2316,46.32,-0.35842907933828944,0.9688842296600342,16
2317,46.34,-0.2860298919069756,0.9646308422088623,16
2318,46.36,-0.07476470651616265,0.9666258692741394,16
2319,46.38,0.025771093561950554,0.9729854464530945,16
2320,46.4,0.014838604862647592,0.9722689390182495,16
2321,46.42,0.04453676975888495,0.9671957492828369,16
2322,46.44,0.046897648660545944,0.9715386629104614,16
2323,46.46,0.05213894029633001,0.9672850370407104,16
2324,46.48,0.037163562535110495,0.9575425982475281,16
2325,46.5,0.07485731649784427,0.9669621586799622,16
2326,46.52,0.16572384869406098,0.9670959711074829,16
2327,46.54,0.13464157362815515,0.9647897481918335,16
2328,46.56,-0.0270911679477852,0.9616736769676208,16
2329,46.58,-0.20573353764206662,0.9739584922790527,16
2330,46.6,-0.2223772897335865,0.9753316044807434,16
2331,46.62,-0.09419071002184322,0.9730169177055359,16
2332,46.64,0.005192895090100191,0.9729358553886414,16
2333,46.66,0.05610637650581486,0.9689594507217407,16
2334,46.68,0.010531146439550271,0.9704151749610901,16
2335,46.7,0.04036985256654884,0.9582769870758057,16
2336,46.72,0.05327883913111492,0.9690378308296204,16
2337,46.74,-0.044038439822451945,0.9577529430389404,16
2338,46.76,-0.12079293274506774,0.9730086922645569,16
2339,46.78,0.11201495406538438,0.9631351232528687,16
2340,46.8,0.31101739156709074,0.9686939120292664,16
2341,46.82,-0.11380697400959967,0.9679256677627563,16
2342,46.84,-0.39070728142980105,0.9693101644515991,16
2343,46.86,-0.32198250121167366,0.9604625105857849,16
2344,46.88,-0.008419186054937843,0.9740938544273376,16
2345,46.9,0.03427466292196313,0.9734706282615662,16
2346,46.92,-0.050158640707325085,0.9748110771179199,16
2347,46.94,0.042978742237977374,0.9665582180023193,16
2348,46.96,0.2853298195411112,0.9619101881980896,16
2349,46.98,0.1588122969948794,0.9650568962097168,16
2350,47.0,-0.23518192422198844,0.9659772515296936,16
2351,47.02,-0.19674916805610013,0.9691733121871948,16
2352,47.04,0.1685394956623004,0.9682095646858215,16
2353,47.06,0.21927230809777973,0.967621922492981,16
2354,47.08,-0.1532921542791543,0.969039261341095,16
2355,47.1,-0.5367637463720706,0.9700266122817993,16
2356,47.12,-0.24109829546894548,0.9653117060661316,16
2357,47.14,0.12708555690662499,0.966045618057251,16
2358,47.16,0.06500107741732306,0.9647872447967529,16
2359,47.18,-0.19033547098394454,0.9637576937675476,16
2360,47.2,0.13092877386653987,0.9663734436035156,16
2361,47.22,0.4597196969643874,0.9744588136672974,16
2362,47.24,0.0542253006973401,0.9726845026016235,16
2363,47.26,-0.3583483097525609,0.9700682759284973,16
2364,47.28,-0.02335833782287341,0.9639452695846558,16
2365,47.3,0.33172249190614306,0.9715884923934937,16
2366,47.32,0.07571828746615579,0.9594520330429077,16
2367,47.34,-0.38595833416001557,0.9719139337539673,16
2368,47.36,-0.18410031669885946,0.9642994403839111,16
2369,47.38,0.04288366285813559,0.9696664810180664,16
2370,47.4,-0.03684149542957715,0.9650601744651794,16
2371,47.42,-0.3548337267352452,0.9700806140899658,16
2372,47.44,-0.01280509405592978,0.9629380106925964,16
2373,47.46,0.39228928135441565,0.9714531302452087,16
2374,47.48,0.3114605301760321,0.968122661113739,16
2375,47.5,-0.24758702662715518,0.9680671691894531,16
2376,47.52,-0.07063145909304303,0.9696885943412781,16
2377,47.54,0.2825691711116138,0.9590200781822205,16
2378,47.56,0.1929704330228651,0.9698680639266968,16
2379,47.58,-0.12293693733335405,0.9644312262535095,16
2380,47.6,-0.06203478139077703,0.9648146629333496,16
2381,47.62,0.11970327738535305,0.955913782119751,16
2382,47.64,0.007661779374578749,0.9672267436981201,16
2383,47.66,-0.29321993711338673,0.9729382991790771,16
2384,47.68,-0.29176516055420104,0.9709048271179199,16
2385,47.7,0.0818513860008737,0.9677913188934326,16
2386,47.72,0.27624844188226205,0.9636008143424988,16
2387,47.74,0.09824401844931499,0.9627246260643005,16
2388,47.76,-0.05331711508460089,0.9636573791503906,16
2389,47.78,-0.09355070481447281,0.962631344795227,16
2390,47.8,-0.07288090957804477,0.9653047323226929,16
2391,47.82,0.03975375224696098,0.9670091867446899,16
2392,47.84,-0.07417782053670455,0.9659919142723083,16
2393,47.86,-0.007117335352650579,0.9562222957611084,16
2394,47.88,0.09261805992638444,0.9614978432655334,16
2395,47.9,-0.10515737739542584,0.9622906446456909,16
2396,47.92,-0.3938825781565051,0.9665378332138062,16
2397,47.94,-0.2927786738270737,0.9671356081962585,16
2398,47.96,0.1749079152226361,0.968116044998169,16
2399,47.98,0.3399594662235626,0.9746346473693848,16
2400,48.0,0.08937991379159747,0.9658424258232117,17
2401,48.02,-0.03149059608210283,0.9688969254493713,17
2402,48.04,0.23588798974898567,0.9649196267127991,17
2403,48.06,0.20647312340397547,0.9669589996337891,17
2404,48.08,-0.04338625469518501,0.9741322994232178,17
2405,48.1,-0.1482802613192797,0.9684074521064758,17
2406,48.12,0.056492530619301366,0.9611366987228394,17
2407,48.14,0.2323459907286085,0.9648337960243225,17
2408,48.16,-0.05842194115316609,0.9740196466445923,17
2409,48.18,-0.35483590695279804,0.9694892168045044,17
2410,48.2,-0.28600501925688004,0.9621734619140625,17
2411,48.22,-0.13229922517640616,0.9608206152915955,17
2412,48.24,0.025257465173544574,0.9645604491233826,17
2413,48.26,0.04939451110697444,0.9562698602676392,17
2414,48.28,0.06078858318398448,0.9666832685470581,17
2415,48.3,0.040507594217199724,0.9666657447814941,17
2416,48.32,0.059015192479875155,0.9687842726707458,17
2417,48.34,-0.018804659004076754,0.9613921046257019,17
2418,48.36,-0.03615367603917527,0.9665089249610901,17
2419,48.38,-0.029912429767277707,0.9647059440612793,17
2420,48.4,0.0034848571794921118,0.9732440710067749,17
2421,48.42,-0.006142387882284153,0.9744170904159546,17
2422,48.44,-0.12743664508715616,0.9751678705215454,17
2423,48.46,-0.21375152365335703,0.9758175015449524,17
2424,48.48,-0.14301351881457566,0.9721943140029907,17
2425,48.5,0.0945799040493754,0.9590985774993896,17
2426,48.52,0.04383215772498615,0.9623647928237915,17
2427,48.54,-0.05350607400252436,0.9758201837539673,17
2428,48.56,-0.08854967942012204,0.9699919819831848,17
2429,48.58,0.18475169793598997,0.9704822301864624,17
2430,48.6,0.14491221592267006,0.9648399949073792,17
2431,48.62,-0.09223667656272108,0.9648005962371826,17
2432,48.64,-0.14193247854224433,0.9612228274345398,17
2433,48.66,0.14315776345154427,0.9743513464927673,17
2434,48.68,0.13856212866183643,0.9753250479698181,17
2435,48.7,-0.049259155161402016,0.9746524691581726,17
2436,48.72,-0.15895655687449695,0.9727434515953064,17
2437,48.74,-0.0513635865134204,0.9758689999580383,17
2438,48.76,0.18704371617611973,0.9716911315917969,17
2439,48.78,0.05851248848534555,0.9759232997894287,17
2440,48.8,0.041334820704968286,0.9643645882606506,17
2441,48.82,0.064773267855007,0.9644778966903687,17
2442,48.84,0.0934538487557902,0.9627652764320374,17
2443,48.86,-0.01788053018317047,0.9679027199745178,17
2444,48.88,-0.041509842639553665,0.9739752411842346,17
2445,48.9,0.034244362191669854,0.9643871784210205,17
2446,48.92,0.14570101636589838,0.9667091369628906,17
2447,48.94,-0.04480651452640304,0.965013861656189,17
2448,48.96,-0.2328869418210276,0.9723581671714783,16
2449,48.98,-0.23744795833071342,0.9664831757545471,16
2450,49.0,-0.08089941703034577,0.9597697257995605,16
2451,49.02,0.024889923222469728,0.9673004150390625,16
2452,49.04,-0.06506938589858019,0.9685722589492798,16
2453,49.06,-0.004139937865837822,0.9638813138008118,16
2454,49.08,-0.05944452653228525,0.9584962129592896,16
2455,49.1,-0.059879646353455926,0.964967668056488,16
2456,49.12,-0.07030053317115911,0.9587070345878601,16
2457,49.14,-0.077415148738326,0.9666699171066284,16
2458,49.16,-0.10957334575674509,0.9717086553573608,16
2459,49.18,0.022551738815615154,0.9726959466934204,16
2460,49.2,0.017399755397760612,0.9697908163070679,16
2461,49.22,-0.045955556308931014,0.9684293270111084,16
2462,49.24,-0.13424445328786638,0.9725854992866516,16
2463,49.26,-0.04375069194948285,0.972661554813385,16
2464,49.28,-0.03149029397991936,0.9668579697608948,16
2465,49.3,-0.004873939896409661,0.9662904739379883,16
2466,49.32,-0.05128513176507864,0.9707819819450378,16
2467,49.34,-0.03981471678941293,0.9649481177330017,16
2468,49.36,-0.0941975615169523,0.9596725702285767,16
2469,49.38,-0.08387025993846457,0.9617024660110474,16
2470,49.4,-0.029583995357074778,0.9684832096099854,16
2471,49.42,-0.017019177100969753,0.967328667640686,16
2472,49.44,-0.1777209540107929,0.9742628931999207,16
2473,49.46,-0.1575860487269193,0.969716489315033,16
2474,49.48,-0.017230533423856706,0.9580190777778625,16
2475,49.5,-0.06314989524626652,0.9673678278923035,16
2476,49.52,-0.22240616007652722,0.9693771004676819,16
2477,49.54,-0.132056488736053,0.9754581451416016,16
2478,49.56,0.022526392444258362,0.9755392670631409,16
2479,49.58,0.0820811175221259,0.9675419926643372,16
2480,49.6,0.019157955407269056,0.9746954441070557,16
2481,49.62,-0.05338467592381908,0.9710244536399841,16
2482,49.64,0.11544135002735097,0.975433349609375,16
2483,49.66,0.09380243912204436,0.975022554397583,16
2484,49.68,-0.19657307653212056,0.9639019966125488,16
2485,49.7,-0.18911466899128115,0.967403769493103,16
2486,49.72,-0.00859381361513359,0.9707784652709961,16
2487,49.74,0.047148623937050466,0.9624842405319214,16
2488,49.76,-0.23784230056787314,0.9692755937576294,16
2489,49.78,-0.13470062283983766,0.9712079763412476,16
2490,49.8,0.12035524984720372,0.967612087726593,16
2491,49.82,0.040386599265112955,0.9636052250862122,16
2492,49.84,-0.10357828257055429,0.9680967330932617,16
2493,49.86,0.10330754408184678,0.9734357595443726,16
2494,49.88,0.39012276524536604,0.9625034332275391,16
2495,49.9,0.10341962011298203,0.9677417874336243,16
2496,49.92,-0.06949828501683468,0.9630400538444519,17
2497,49.94,-0.05573407361171506,0.9679693579673767,17
2498,49.96,-0.11185704010298289,0.9536876678466797,16
2499,49.98,-0.005723026189270086,0.9644327759742737,16
2500,50.0,-0.06360846559006324,0.9637985825538635,16
2501,50.02,-0.09546835238391262,0.9687805771827698,16
2502,50.04,-0.07435914743388006,0.9656907916069031,16
2503,50.06,-0.014340503853979607,0.9691789746284485,16
2504,50.08,-0.12650858756939687,0.9581983089447021,16
2505,50.1,-0.002457546437279871,0.9685769081115723,17
2506,50.12,0.005900447128683121,0.958881139755249,16
2507,50.14,0.2789485523527453,0.9676806926727295,16
2508,50.16,0.14666329071934822,0.9681318998336792,16
2509,50.18,0.02088274332897971,0.9743627309799194,16
2510,50.2,-0.2266240121721035,0.9703441858291626,16
2511,50.22,-0.18859743249728605,0.9702699780464172,16
2512,50.24,-0.05825092627213975,0.9675397872924805,16
2513,50.26,0.04257082274715919,0.9739119410514832,16
2514,50.28,-0.07093479296849213,0.9739599823951721,16
2515,50.3,-0.06204592410321386,0.9654587507247925,17
2516,50.32,0.07061018292359258,0.9537339210510254,17
2517,50.34,-0.10342396488917277,0.9639430642127991,17
2518,50.36,-0.14447284261289586,0.9727082252502441,17
2519,50.38,0.056375872282521264,0.9736075401306152,17
2520,50.4,0.2478644871729821,0.9640045166015625,17
2521,50.42,0.34061229283994005,0.9625927805900574,17
2522,50.44,-0.022429711782709798,0.9638398885726929,17
2523,50.46,-0.25951462337027736,0.973160445690155,17
2524,50.48,-0.18397699350632044,0.9643644094467163,17
2525,50.5,0.025202112962486395,0.9717423319816589,17
2526,50.52,0.06676281468185521,0.9699601531028748,17
2527,50.54,-0.04324626814150934,0.9714609384536743,17
2528,50.56,-0.0191546606795363,0.9634714722633362,17
2529,50.58,0.05471555763424244,0.9689728021621704,17
2530,50.6,0.020207279808550728,0.9725940227508545,17
2531,50.62,-0.07278534991644939,0.9729716777801514,17
2532,50.64,0.009388518975672883,0.9712387323379517,17
2533,50.66,0.3819269901266608,0.9694515466690063,16
2534,50.68,0.38142594480669656,0.9654231071472168,16
2535,50.7,0.09830430056824677,0.9723577499389648,16
2536,50.72,-0.2287630729296258,0.9661481380462646,16
2537,50.74,-0.18728603402099792,0.9717774987220764,16
2538,50.76,0.009740254237884716,0.9599813222885132,16
2539,50.78,-0.11044673004443628,0.9562214612960815,16
2540,50.8,-0.20412422052747023,0.9551207423210144,16
2541,50.82,-0.04056184758384472,0.9674043655395508,16
2542,50.84,0.030731973415739654,0.9695845246315002,16
2543,50.86,-0.04141710638923855,0.9719842076301575,16
2544,50.88,-0.29623098476043475,0.9720138907432556,16
2545,50.9,-0.21568999826202584,0.972406804561615,16
2546,50.92,0.41639126875570165,0.9625413417816162,16
2547,50.94,0.3342902700516891,0.9613898992538452,16
2548,50.96,0.06832652715281459,0.9702768921852112,16
2549,50.98,-0.21111295352676643,0.9638581871986389,16
2550,51.0,-0.18040549059141928,0.9607059955596924,16
2551,51.02,-0.07880827700606725,0.9619407653808594,16
2552,51.04,-0.038079487457820756,0.9588106274604797,16
2553,51.06,-0.2509076789344258,0.9680403470993042,16
2554,51.08,-0.10961465613351783,0.972777783870697,16
2555,51.1,-0.003931624758611646,0.9674336314201355,16
2556,51.12,0.02198583231303166,0.9752839207649231,16
2557,51.14,-0.37696864952759557,0.9663233757019043,16
2558,51.16,-0.21784999193669027,0.9674748778343201,16
2559,51.18,0.24972422796818855,0.969696581363678,16
2560,51.2,0.5343330947578467,0.9748455286026001,17
2561,51.22,0.012560001268316665,0.9675129055976868,17
2562,51.24,-0.1565431654434002,0.9681651592254639,17
2563,51.26,-0.031918207247644555,0.9740707278251648,17
2564,51.28,0.08988018816848496,0.9721049666404724,17
2565,51.3,-0.09464230293141025,0.9646883606910706,17
2566,51.32,-0.1992507454857727,0.965233325958252,17
2567,51.34,0.11496076674186174,0.9661328196525574,17
2568,51.36,0.2875273946122228,0.9696518778800964,17
2569,51.38,-0.08871607948900556,0.9695824384689331,17
2570,51.4,-0.28794792107256734,0.9653148651123047,17
2571,51.42,0.05602927103683383,0.9647427797317505,17
2572,51.44,0.1830745368714739,0.9649176001548767,17
2573,51.46,0.12056374165687121,0.964808464050293,17
2574,51.48,-0.09934106263376134,0.9669524431228638,17
2575,51.5,-0.06362721230831002,0.9721415638923645,17
2576,51.52,0.026940174981736464,0.9634349346160889,17
2577,51.54,-0.1767329322681444,0.9735411405563354,17
2578,51.56,-0.29958656272342354,0.9700776934623718,17
2579,51.58,0.011743428245956335,0.9709681272506714,17
2580,51.6,0.25203544901521463,0.961991012096405,17
2581,51.62,-0.08255930108467446,0.9715186953544617,17
2582,51.64,-0.28333591037662437,0.960778534412384,17
2583,51.66,-0.17528260342921098,0.9609724879264832,17
2584,51.68,-0.004189981883563922,0.9686459898948669,17
2585,51.7,-0.004652097233172564,0.9660750031471252,17
2586,51.72,-0.011463994038924464,0.9569864273071289,17
2587,51.74,0.1954680259453089,0.9695446491241455,17
2588,51.76,0.1937226782004434,0.9690499901771545,17
2589,51.78,-0.2552123036158904,0.9663019180297852,17
2590,51.8,-0.33581504453747013,0.9665396213531494,17
2591,51.82,-0.1856989185166494,0.9744458794593811,17
2592,51.84,-0.06543229870442496,0.9696751832962036,17
2593,51.86,-0.1567267982853955,0.9608343839645386,17
2594,51.88,-0.1311278061674152,0.9634574055671692,17
2595,51.9,0.047637639426881234,0.9660266041755676,17
2596,51.92,-0.022921852109904637,0.9657953977584839,17
2597,51.94,-0.10192970664636326,0.965894341468811,17
2598,51.96,-0.17646958889781994,0.9679582715034485,17
2599,51.98,0.029921752090276504,0.9684366583824158,17
2600,52.0,0.07726471306038472,0.9617303013801575,17
2601,52.02,-0.06516842209271245,0.9603249430656433,17
2602,52.04,-0.10707825764634403,0.9631807208061218,17
2603,52.06,-0.10555865753697331,0.9648516774177551,17
2604,52.08,-0.3036781360861004,0.9683067202568054,17
2605,52.1,-0.3642753285631354,0.9599832892417908,17
2606,52.12,0.029555225295251442,0.9723395109176636,17
2607,52.14,0.11689744401830457,0.9698317050933838,17
2608,52.16,-0.03195598649474532,0.9608588218688965,17
2609,52.18,-0.13000801275514234,0.9627429246902466,17
2610,52.2,-0.019300988537259183,0.9699079394340515,17
2611,52.22,0.09147964813022676,0.9632518887519836,17
2612,52.24,-0.08541515659421015,0.9664796590805054,17
2613,52.26,0.013778809256259445,0.965671718120575,17
2614,52.28,0.16101443255561865,0.9654363393783569,17
2615,52.3,0.08145194253454677,0.9544417858123779,17
2616,52.32,-0.29546176038240246,0.9694130420684814,17
2617,52.34,-0.3159242643912294,0.9636162519454956,17
2618,52.36,-0.12597689205428214,0.971145510673523,17
2619,52.38,-0.049100634779057066,0.965756893157959,17
2620,52.4,-0.15016948454662996,0.9674184918403625,17
2621,52.42,-0.2001626844422368,0.9699087738990784,17
2622,52.44,-0.11542039573678578,0.9724839925765991,17
2623,52.46,-0.010105495209590176,0.9740406274795532,17
2624,52.48,-0.05106137458792256,0.9742942452430725,17
2625,52.5,-0.14486047263485957,0.9626205563545227,17
2626,52.52,-0.023597139927687992,0.9688186645507812,17
2627,52.54,0.23607513688273696,0.9618430137634277,17
2628,52.56,0.0730110291108237,0.9636368751525879,17
2629,52.58,-0.27042136591948596,0.9638454914093018,17
2630,52.6,-0.28044761753105224,0.9546353816986084,17
2631,52.62,-0.0876315138050914,0.959396243095398,17
2632,52.64,-0.013827248210551374,0.9627410769462585,17
2633,52.66,-0.18774213577507445,0.9617749452590942,17
2634,52.68,-0.17885362782295766,0.9648337364196777,17
2635,52.7,0.013063800099015695,0.9624586701393127,17
2636,52.72,0.16483999126458032,0.9597851037979126,17
2637,52.74,0.04391893658681903,0.9684616327285767,17
2638,52.76,-0.09329186107121056,0.961348831653595,17
2639,52.78,-0.013130481731178254,0.9551829099655151,17
2640,52.8,0.1696589087065485,0.9633859395980835,17
2641,52.82,0.06451435108294072,0.971451461315155,17
2642,52.84,-0.3416760447039085,0.9580572843551636,17
2643,52.86,-0.3247188254525043,0.9682439565658569,17
2644,52.88,-0.1326163511887265,0.958836019039154,17
2645,52.9,-0.11508782749964605,0.9734950065612793,17
2646,52.92,-0.21237286108337342,0.9672060012817383,17
2647,52.94,-0.15874433789113115,0.9714537858963013,17
2648,52.96,0.057419493701884775,0.9695637822151184,17
2649,52.98,0.10947631505060014,0.973874568939209,17
2650,53.0,-0.022968752788023263,0.9714091420173645,17
2651,53.02,-0.059431690949661574,0.9743995666503906,17
2652,53.04,0.03621549410410159,0.9697020053863525,17
2653,53.06,-0.007207759874431566,0.9632567763328552,17
2654,53.08,-0.1568668504912017,0.9609705805778503,17
2655,53.1,-0.21681314876954594,0.9660364389419556,17
2656,53.12,-0.1514714880842137,0.9585295915603638,17
2657,53.14,-0.15011808474746585,0.9678250551223755,17
2658,53.16,-0.2621069488727123,0.965538501739502,17
2659,53.18,-0.19874597148334103,0.9722956418991089,17
2660,53.2,-0.013102158421729354,0.9574689865112305,17
2661,53.22,0.17868955579154328,0.9658728837966919,17
2662,53.24,-0.028068929312096015,0.9622436165809631,17
2663,53.26,-0.09590829292410756,0.974177896976471,17
2664,53.28,0.039647067152695586,0.9632086753845215,17
2665,53.3,0.14077171763659896,0.9708538055419922,17
2666,53.32,-0.2704394986301233,0.9600726962089539,17
2667,53.34,-0.33436136833101393,0.9584234356880188,17
2668,53.36,-0.0880147249474596,0.9607678055763245,17
2669,53.38,-0.009513850923362046,0.9636701345443726,17
2670,53.4,-0.4964829230851061,0.9626429677009583,17
2671,53.42,-0.530446492847641,0.9687075614929199,17
2672,53.44,-0.0149919361728509,0.9703414440155029,17
2673,53.46,0.24551878200946514,0.9636687636375427,17
2674,53.48,-0.10827057296888215,0.9691398739814758,17
2675,53.5,-0.3173067524228716,0.9708938598632812,17
2676,53.52,0.07402862026847308,0.9603021144866943,17
2677,53.54,0.470619906320164,0.9743028879165649,17
2678,53.56,0.08426250228534955,0.9614225029945374,17
2679,53.58,-0.5233298976243757,0.9718620181083679,17
2680,53.6,-0.30122552783465534,0.9535731077194214,17
2681,53.62,0.3690186518333126,0.9617186188697815,17
2682,53.64,0.20745121780500275,0.9726493954658508,17
2683,53.66,-0.5855811779986567,0.9625976085662842,17
2684,53.68,-0.5411550329917261,0.9680831432342529,17
2685,53.7,0.29084299304470057,0.9718232154846191,17
2686,53.72,0.46047276437795664,0.9735652804374695,17
2687,53.74,-0.22928528155552247,0.9682387709617615,17
2688,53.76,-0.6269913006637166,0.9550195336341858,17
2689,53.78,0.16922115946452929,0.9667521119117737,17
2690,53.8,0.606402553987751,0.9649549126625061,17
2691,53.82,-0.19279414941902223,0.9707366824150085,17
2692,53.84,-1.0214131330740412,0.9660916328430176,17
2693,53.86,-0.33337027702020094,0.9693613648414612,17
2694,53.88,0.48954605792955264,0.9654107093811035,17
2695,53.9,-0.005210741542813543,0.963897168636322,17
2696,53.92,-0.9123087287537909,0.9586212038993835,17
2697,53.94,-0.4916544644218322,0.9702689051628113,17
2698,53.96,0.6824185300554225,0.9584795236587524,17
2699,53.98,0.574763468608302,0.9587546586990356,17
2700,54.0,-0.6398067033567504,0.9611116051673889,17
2701,54.02,-0.6034195738638025,0.9635178446769714,17
2702,54.04,0.37901943317025794,0.9632568359375,17
2703,54.06,0.4511967642590389,0.9590538144111633,17
2704,54.08,-0.5747455868473634,0.9612710475921631,17
2705,54.1,-0.7782107047935826,0.9674862027168274,17
2706,54.12,0.14744098831169705,0.9640917778015137,17
2707,54.14,0.32991364999704265,0.9559022188186646,17
2708,54.16,-0.5011244883177324,0.9664952754974365,17
2709,54.18,-0.8414024469346971,0.9634217023849487,17
2710,54.2,0.07383597423283011,0.9721972942352295,17
2711,54.22,0.7550874186265322,0.9688953757286072,17
2712,54.24,0.06754098916668613,0.9691957235336304,17
2713,54.26,-0.5544364745297689,0.9671527743339539,17
2714,54.28,-0.1088795614235049,0.9696329236030579,17
2715,54.3,0.5149153546496763,0.9742499589920044,17
2716,54.32,0.2483913657115421,0.9669840931892395,17
2717,54.34,-0.5172148129939823,0.9728295207023621,17
2718,54.36,-0.3820804026295047,0.9737731218338013,17
2719,54.38,0.3607010116076719,0.9599062204360962,17
2720,54.4,0.26546106438357703,0.9613296985626221,17
2721,54.42,-0.4951369519839591,0.9704816341400146,17
2722,54.44,-0.5283504234393753,0.9662021994590759,17
2723,54.46,0.16552171946217722,0.9644003510475159,17
2724,54.48,0.41646783437888796,0.9644140601158142,17
2725,54.5,-0.08954564071760034,0.9583597779273987,17
2726,54.52,-0.3637061764512894,0.9677430987358093,17
2727,54.54,-0.0650270508052501,0.9601314663887024,17
2728,54.56,0.37211985345159726,0.9682096242904663,17
2729,54.58,0.2360254128093212,0.9695163369178772,17
2730,54.6,-0.31675735612000017,0.9584448933601379,17
2731,54.62,-0.3227863487159953,0.9665393233299255,17
2732,54.64,0.11153704122219144,0.9663991928100586,17
2733,54.66,0.16513617392684926,0.9742836356163025,17
2734,54.68,-0.11979589189826953,0.9709989428520203,17
2735,54.7,-0.3179126859259345,0.9643320441246033,17
2736,54.72,0.02980057192090492,0.9737205505371094,17
2737,54.74,0.38990031378130313,0.9638712406158447,17
2738,54.76,0.04673867986322803,0.9703618884086609,17
2739,54.78,-0.44305633004988,0.9615077376365662,17
2740,54.8,-0.1293667776414266,0.9647458791732788,17
2741,54.82,0.41018873568742453,0.9562531113624573,17
2742,54.84,0.10361681642590834,0.970779538154602,17
2743,54.86,-0.5948825840368686,0.9717094302177429,17
2744,54.88,-0.4364969587260806,0.9640816450119019,17
2745,54.9,0.3408840226612133,0.9719990491867065,17
2746,54.92,0.138951523304543,0.971000075340271,17
2747,54.94,-0.40696707897873796,0.9622003436088562,17
2748,54.96,-0.4101993805421293,0.9641849398612976,17
2749,54.98,0.35971920179660793,0.9621053338050842,17
2750,55.0,0.35873771739885363,0.968647301197052,17
2751,55.02,-0.26521440744647634,0.9620866775512695,17
2752,55.04,-0.3161257664404203,0.9626414179801941,17
2753,55.06,0.16627503003813898,0.9597076773643494,17
2754,55.08,0.2651484994548249,0.9725468754768372,17
2755,55.1,-0.2972789910874327,0.9728019833564758,17
2756,55.12,-0.5781218691965242,0.9656387567520142,17
2757,55.14,-0.11584416079575256,0.9746184349060059,17
2758,55.16,0.21977041232366556,0.9655572772026062,17
2759,55.18,-0.17534113536166912,0.9592378735542297,17
2760,55.2,-0.5036028054905227,0.9648438692092896,17
2761,55.22,-0.17724319546499928,0.9723235368728638,17
2762,55.24,0.31994987458458984,0.9632329344749451,17
2763,55.26,0.13398478251200374,0.9626818895339966,17
2764,55.28,-0.19822214667421306,0.9536885619163513,17
2765,55.3,-0.1661253429130729,0.9603635668754578,17
2766,55.32,0.2793617437108803,0.9613307118415833,17
2767,55.34,0.25076168360354184,0.9698565006256104,17
2768,55.36,-0.11437849470205315,0.9659851789474487,17
2769,55.38,-0.34729380079130034,0.9672014117240906,17
2770,55.4,0.09407259726598965,0.9732682704925537,17
2771,55.42,0.14098060275464172,0.9674869179725647,17
2772,55.44,-0.18504036742393534,0.9596967101097107,17
2773,55.46,-0.3876414109761284,0.95778489112854,17
2774,55.48,-0.06807637947894418,0.9683520793914795,17
2775,55.5,0.19743016770916968,0.964155375957489,17
2776,55.52,0.06235590423152189,0.9634168148040771,17
2777,55.54,-0.21191555014822858,0.9622503519058228,17
2778,55.56,-0.14457204600588644,0.9623864889144897,17
2779,55.58,0.2803692985739431,0.9609277844429016,17
2780,55.6,0.30667098292547035,0.961719810962677,17
2781,55.62,-0.09418802932697037,0.9733018279075623,17
2782,55.64,-0.1821561070570695,0.9713030457496643,17
2783,55.66,0.10539272855476235,0.9757542610168457,17
2784,55.68,0.31808718778420597,0.9693917036056519,17
2785,55.7,0.167646707596614,0.9729667901992798,17
2786,55.72,-0.25815417138349245,0.9632547497749329,17
2787,55.74,-0.185282502965367,0.9658332467079163,17
2788,55.76,0.24441474951886455,0.9683862328529358,17
2789,55.78,0.11495557462126993,0.9671363234519958,17
2790,55.8,-0.32748332707009814,0.965706467628479,17
2791,55.82,-0.2561116207146004,0.9665735960006714,17
2792,55.84,0.32639037973291335,0.9738681316375732,17
2793,55.86,0.3739071385612781,0.9749891757965088,17
2794,55.88,-0.21718366768537595,0.966387927532196,17
2795,55.9,-0.3418843764926069,0.9624789357185364,17
2796,55.92,0.22435610560475258,0.9729869961738586,17
2797,55.94,0.39115089327064817,0.9672918319702148,17
2798,55.96,-0.1274665287735584,0.9566448926925659,17
2799,55.98,-0.48510220999929243,0.9633342623710632,17
2800,56.0,-0.1215108860278999,0.9636009931564331,17
2801,56.02,0.2681953199714714,0.9665884375572205,17
2802,56.04,-0.10983244583744535,0.971776008605957,17
2803,56.06,-0.5035602130665202,0.9716686010360718,17
2804,56.08,-0.14576036316962265,0.9731011986732483,17
2805,56.1,0.5977259586436154,0.9749475717544556,17
2806,56.12,0.3571038958223309,0.9724286198616028,17
2807,56.14,-0.3780949126915783,0.9735578894615173,17
2808,56.16,-0.27632043073549845,0.968209981918335,17
2809,56.18,0.3594315083210682,0.9646074175834656,17
2810,56.2,0.31886638966202474,0.9695864319801331,17
2811,56.22,-0.45782163392189434,0.9642929434776306,17
2812,56.24,-0.47577704723305836,0.9623426795005798,17
2813,56.26,0.30942933967955766,0.9680936932563782,17
2814,56.28,0.42194193156067095,0.9643149375915527,17
2815,56.3,-0.1483440367436068,0.9606559872627258,17
2816,56.32,-0.4886406510014773,0.9596801400184631,17
2817,56.34,0.11691544382305903,0.9721047878265381,17
2818,56.36,0.6753578042661589,0.9617680907249451,17
2819,56.38,0.11016351289758193,0.9670003056526184,17
2820,56.4,-0.4098706435144473,0.964294970035553,17
2821,56.42,-0.115723232818622,0.9622547030448914,17
2822,56.44,0.5110246120722476,0.951720654964447,17
2823,56.46,0.09961921277620378,0.9725307822227478,17
2824,56.48,-0.5586805833407592,0.9674495458602905,17
2825,56.5,-0.31687338157319284,0.9684247374534607,17
2826,56.52,0.46663612705180263,0.9661415815353394,17
2827,56.54,0.2596100990394424,0.9641129970550537,17
2828,56.56,-0.6973284914002453,0.966968834400177,17
2829,56.58,-0.6293397826442076,0.9620816707611084,17
2830,56.6,0.16002626849096166,0.9705990552902222,17
2831,56.62,0.3794547865737689,0.9682349562644958,17
2832,56.64,-0.15870350151549856,0.9626671671867371,17
2833,56.66,-0.4178785538955432,0.9659712910652161,17
2834,56.68,0.3819762358070956,0.9592543244361877,17
2835,56.7,0.684333401240019,0.9678552746772766,17
2836,56.72,-0.05889308153828198,0.9603002071380615,17
2837,56.74,-0.7139942570872543,0.971065104007721,17
2838,56.76,-0.06672786720007219,0.963254451751709,17
2839,56.78,0.5243516687311985,0.9567146897315979,17
2840,56.8,0.08168119406995614,0.9610001444816589,16
2841,56.82,-0.781523669410784,0.9649230241775513,16
2842,56.84,-0.48966091121226574,0.9591885209083557,16
2843,56.86,0.36596645327959615,0.9665141701698303,16
2844,56.88,0.383893239538307,0.972457766532898,16
2845,56.9,-0.44337208265288697,0.9709144830703735,17
2846,56.92,-0.47024217302846194,0.9673538208007812,16
2847,56.94,0.48377376460206667,0.965695321559906,16
2848,56.96,0.5278334537516556,0.9597877860069275,16
2849,56.98,-0.21260794968322977,0.9679834842681885,16
2850,57.0,-0.6555138027563612,0.968636691570282,16
2851,57.02,0.04191483416165046,0.9640443325042725,17
2852,57.04,0.4074838638632,0.9640511274337769,17
2853,57.06,-0.21892033271997607,0.9695741534233093,17
2854,57.08,-0.6836644211714707,0.9635713696479797,17
2855,57.1,-0.2872454031225793,0.9665553569793701,17
2856,57.12,0.3776426472391018,0.9633285999298096,17
2857,57.14,0.2964061990686301,0.9650980830192566,17
2858,57.16,-0.22354097768728293,0.9544587731361389,17
2859,57.18,-0.27489589285918603,0.955295979976654,17
2860,57.2,0.4284060335194801,0.9612981081008911,17
2861,57.22,0.5775384177229032,0.9622094035148621,17
2862,57.24,-0.18021822697142523,0.9706973433494568,17
2863,57.26,-0.5807499286634353,0.9645493030548096,16
2864,57.28,-0.020648539732992993,0.9675818681716919,16
2865,57.3,0.48478184505472327,0.9654116034507751,16
2866,57.32,0.12415759927577116,0.9587128162384033,17
2867,57.34,-0.7533747865545467,0.9541345834732056,17
2868,57.36,-0.4952397483705428,0.9548829197883606,17
2869,57.38,0.6784985008844756,0.9655077457427979,17
2870,57.4,0.575955588003186,0.9687780141830444,17
2871,57.42,-0.6426889422406487,0.9647188782691956,17
2872,57.44,-0.7702942921921284,0.9576849937438965,17
2873,57.46,0.4794050684738191,0.9559051394462585,17
2874,57.48,0.7666619648111267,0.971527636051178,17
2875,57.5,-0.4274667490525635,0.9652291536331177,17
2876,57.52,-0.8718283006700431,0.9677875638008118,17
2877,57.54,0.13693827032858819,0.9668038487434387,17
2878,57.56,0.8765098402222117,0.9719943404197693,17
2879,57.58,-0.16794738319011934,0.958001971244812,17
2880,57.6,-1.1596901620966926,0.9635615944862366,17
2881,57.62,-0.2722691546476673,0.9665807485580444,17
2882,57.64,0.9241554942671031,0.969681978225708,17
2883,57.66,0.26311623311712773,0.9614100456237793,17
2884,57.68,-1.0428525353884528,0.9573862552642822,17
2885,57.7,-0.628300094710226,0.9693189263343811,17
2886,57.72,0.7075035250313954,0.9662127494812012,17
2887,57.74,0.5864173429176794,0.9653307199478149,17
2888,57.76,-0.9815792675079015,0.9651007056236267,17
2889,57.78,-0.9549386653455565,0.969170093536377,17
2890,57.8,0.433837256154411,0.9636046290397644,17
2891,57.82,0.718808674051213,0.9694874882698059,17
2892,57.84,-0.5070991994512962,0.9627478122711182,17
2893,57.86,-1.039677996235431,0.963654637336731,17
2894,57.88,0.17705188543993572,0.9690068364143372,17
2895,57.9,0.9399634616938439,0.9679782390594482,17
2896,57.92,-0.0062287681422637945,0.9624068140983582,17
2897,57.94,-0.9369263011801402,0.9627228379249573,17
2898,57.96,-0.13462581463155066,0.9643447399139404,17
2899,57.98,0.8587708384878087,0.9718552827835083,17
2900,58.0,0.18716142216202666,0.9655922651290894,17
2901,58.02,-1.079891753132751,0.9732154607772827,17
2902,58.04,-0.691039783188626,0.966027557849884,17
2903,58.06,0.701171342915354,0.9618063569068909,17
2904,58.08,0.5024360691956725,0.9649315476417542,17
2905,58.1,-0.7848635347297024,0.9579704403877258,17
2906,58.12,-0.8786561974017827,0.9556928277015686,17
2907,58.14,0.5720851716209215,0.964605450630188,17
2908,58.16,0.8138134108689512,0.9710650444030762,17
2909,58.18,-0.41261448865015354,0.9590911269187927,17
2910,58.2,-0.9254670472148383,0.9657835364341736,17
2911,58.22,0.19754743163855248,0.9674063920974731,17
2912,58.24,0.8845724007350659,0.9694623351097107,17
2913,58.26,-0.2768872781275939,0.9651148319244385,17
2914,58.28,-1.2281117550945253,0.967950165271759,17
2915,58.3,-0.31530995751234553,0.968792200088501,17
2916,58.32,0.7157651378380416,0.9663934111595154,17
2917,58.34,0.17392567535888745,0.9696462750434875,17
2918,58.36,-1.0309472050546389,0.9601547718048096,17
2919,58.38,-0.5623296019638429,0.9724441766738892,17
2920,58.4,0.6252014697443786,0.9728676676750183,17
2921,58.42,0.4062712566809907,0.9670801162719727,17
2922,58.44,-0.5464405558570566,0.9688097834587097,17
2923,58.46,-0.5821936753479867,0.969674825668335,17
2924,58.48,0.5288028566016034,0.9678789973258972,17
2925,58.5,0.6215607616277905,0.9613103866577148,17
2926,58.52,-0.5051813061691884,0.9585221409797668,17
2927,58.54,-0.9602106675774126,0.9739068746566772,17
2928,58.56,-0.044120681993590455,0.9640985727310181,17
2929,58.58,0.5226283793894213,0.9591057300567627,17
2930,58.6,-0.1455378263286527,0.9725870490074158,17
2931,58.62,-0.7977223703383454,0.9602572321891785,17
2932,58.64,-0.14605996142676278,0.9662930965423584,17
2933,58.66,0.67772697168589,0.967869758605957,17
2934,58.68,0.36580630349716514,0.9713279604911804,17
2935,58.7,-0.5824475664843253,0.9685953855514526,17
2936,58.72,-0.36127715105292546,0.9740378856658936,17
2937,58.74,0.48571972030850025,0.9736437201499939,17
2938,58.76,0.45702876695446887,0.9728773832321167,17
2939,58.78,-0.3793780418906355,0.9700924754142761,17
2940,58.8,-0.6044767503965157,0.9677442908287048,17
2941,58.82,-0.09904374663347876,0.969535768032074,17
2942,58.84,0.1060266674547211,0.9546617269515991,17
2943,58.86,-0.4358325406864465,0.9643791913986206,17
2944,58.88,-0.613288071538614,0.9609436392784119,17
2945,58.9,0.07163076450012305,0.9708131551742554,17
2946,58.92,0.43776611745290694,0.9682663679122925,17
2947,58.94,0.06282860007641722,0.9718806147575378,17
2948,58.96,-0.3585357760853529,0.9666946530342102,17
2949,58.98,-0.06103665675713232,0.9649364352226257,17
2950,59.0,0.3423502208209192,0.9742341637611389,17
2951,59.02,0.17032659532443903,0.9741669297218323,17
2952,59.04,-0.273277137980097,0.9674152135848999,17
2953,59.06,-0.2918655530281652,0.9632871747016907,17
2954,59.08,-0.09629318747856513,0.9651990532875061,17
2955,59.1,-0.07142807647359366,0.95674067735672,17
2956,59.12,-0.34258482553104586,0.9724718928337097,17
2957,59.14,-0.3850953218250524,0.9725539088249207,17
2958,59.16,-0.18136620331761708,0.9712138175964355,17
2959,59.18,0.12750910825392953,0.9733753800392151,17
2960,59.2,0.1074603739979606,0.9683395028114319,17
2961,59.22,-0.23283346016483655,0.9701222777366638,17
2962,59.24,-0.25497863538173726,0.9702246785163879,17
2963,59.26,-0.04535470577608137,0.9687166810035706,17
2964,59.28,0.08326884375179748,0.9671061635017395,17
2965,59.3,-0.16017974179415542,0.9721603989601135,17
2966,59.32,-0.4989809866074154,0.9561414122581482,17
2967,59.34,-0.23618236219114333,0.9529083371162415,17
2968,59.36,-0.010204642551356466,0.9627857208251953,17
2969,59.38,-0.23055033508105868,0.9694867134094238,17
2970,59.4,-0.6065856055982038,0.9600644707679749,17
2971,59.42,-0.37818699432066416,0.9719531536102295,17
2972,59.44,0.3780443404453875,0.9596320390701294,17
2973,59.46,0.24046240644646355,0.9651187062263489,17
2974,59.48,-0.354252825384456,0.9649606943130493,17
2975,59.5,-0.35505981130666076,0.9743126034736633,17
2976,59.52,0.11153791370834377,0.9592104554176331,17
2977,59.54,0.16683495471476614,0.9671952128410339,17
2978,59.56,-0.4332774223187439,0.9584781527519226,17
2979,59.58,-0.6439320460422726,0.9742703437805176,17
2980,59.6,-0.15045626904983023,0.9663169384002686,17
2981,59.62,0.1383398418222197,0.9660288095474243,17
2982,59.64,-0.5254255903917301,0.9629608988761902,17
2983,59.66,-0.8033095883137711,0.9591797590255737,17
2984,59.68,-0.12810245388233116,0.9682810306549072,17
2985,59.7,0.4174815756558912,0.9658252596855164,17
2986,59.72,-0.04968039962626389,0.9614900946617126,17
2987,59.74,-0.5799435875332852,0.9704638719558716,17
2988,59.76,-0.1914046243073767,0.9642490744590759,17
2989,59.78,0.343850284864898,0.965161919593811,17
2990,59.8,0.15887891365624465,0.9738693237304688,17
2991,59.82,-0.6168823761711202,0.9706528782844543,17
2992,59.84,-0.5239238487740301,0.9673973917961121,17
2993,59.86,0.23116400209246651,0.9706031084060669,17
2994,59.88,0.15954259891178715,0.9626407027244568,17
2995,59.9,-0.6754750243412797,0.970264196395874,17
2996,59.92,-0.713236588545932,0.9684875011444092,17
2997,59.94,0.10507182248587144,0.9631962776184082,17
2998,59.96,0.4442590918049399,0.9618346691131592,17
2999,59.98,-0.4772266838491153,0.9612119793891907,17
3000,60.0,-0.6736769477340694,0.9687751531600952,17
3001,60.02,0.1776926412107887,0.9678782224655151,17
3002,60.04,0.5794346241802841,0.9619279503822327,17
3003,60.06,-0.23998139951203132,0.964160144329071,17
3004,60.08,-0.8080827531299649,0.9725923538208008,17
3005,60.1,-0.19343783641878842,0.9547774195671082,17
3006,60.12,0.4154037605222707,0.9730862975120544,17
3007,60.14,-0.2840711041950364,0.965647280216217,17
3008,60.16,-0.8172904457001181,0.9661056399345398,17
3009,60.18,-0.20718437973699594,0.963099479675293,17
3010,60.2,0.5295601463241183,0.9657062888145447,17
3011,60.22,-0.011757848216608026,0.9657600522041321,17
3012,60.24,-0.6553348318262938,0.9583759903907776,17
3013,60.26,-0.3798606871016859,0.9703871011734009,17
3014,60.28,0.6135235052479796,0.9737801551818848,17
3015,60.3,0.40121526695696946,0.9618218541145325,17
3016,60.32,-0.5874860661686331,0.9636083841323853,17
3017,60.34,-0.6236496441225259,0.9664680361747742,17
3018,60.36,0.30862226049610597,0.9610172510147095,17
3019,60.38,0.26784272582953217,0.9624095559120178,17
3020,60.4,-0.4403851291327426,0.9701555371284485,17
3021,60.42,-0.5612490304063489,0.962079644203186,17
3022,60.44,0.20029975251130133,0.9698164463043213,17
3023,60.46,0.3699192849491881,0.9652659893035889,17
3024,60.48,-0.23013386319348533,0.9676355719566345,17
3025,60.5,-0.7112825763920041,0.9574757814407349,17
3026,60.52,-0.1917237362976506,0.9672203660011292,17
3027,60.54,0.37938052010704204,0.9652132987976074,17
3028,60.56,0.02176740423024808,0.9632228016853333,17
3029,60.58,-0.5423110930659053,0.9586119651794434,17
3030,60.6,-0.2888698885171107,0.9569025635719299,17
3031,60.62,0.2701047751281474,0.9688554406166077,17
3032,60.64,0.021377106883445327,0.9655052423477173,17
