frame,n_inliers,flow_err,raw_tx,smoothed_tx,raw_ty,smoothed_ty,raw_theta,smoothed_theta,raw_scale_x,smoothed_scale_x,raw_scale_y,smoothed_scale_y,raw_shear,smoothed_shear
0,17,0.0,0.0,0.0,0.0,0.0,0.0,0.0,1.0,1.0,1.0,1.0,0.0,0.0
1,17,2.1710150241851807,0.3825155791368715,0.03825155791368715,0.010860288070286885,0.0010860288070286886,-3.160591796031889e-05,-3.1605917960318893e-06,1.000049058466598,1.0000049058466598,1.000049058466598,1.0000049058466598,6.775931161241859e-21,6.77593116124186e-22
2,17,1.9597060680389404,0.8448921543312821,0.11891561755544663,0.09638851872143146,0.010616277798468967,7.681557053416566e-05,4.8370244369878655e-06,0.9997817763366527,0.999982592895659,0.9997817763366526,0.999982592895659,0.0,6.098338045117674e-22
3,17,3.433572769165039,0.4540584658227113,0.1524299023821731,0.7008065753866678,0.07963530755728886,-3.132383100226192e-05,1.2209388930628862e-06,0.9996993431328536,0.9999542679193786,0.9996993431328536,0.9999542679193786,6.77830152093426e-21,1.2266805761540167e-21
4,17,3.690082550048828,0.5718112298271579,0.19436803512667158,1.0997882481760513,0.1816506016191651,-7.919848224035848e-05,-6.8210032202792505e-06,0.999792679551005,0.9999381090825412,0.9997926795510051,0.9999381090825412,0.0,1.104012518538615e-21
5,17,3.608490228652954,1.3409889492431561,0.30903012653832007,1.4311126890165449,0.30659681035890307,-1.5091990589640006e-05,-7.648101957215327e-06,0.9996024089024651,0.9999045390645336,0.9996024089024651,0.9999045390645336,-1.6947397079291122e-21,8.241372958918423e-22
6,17,4.346938610076904,1.4337906530235476,0.42150617918684286,1.9651278851368705,0.4724499178366999,1.1873990315758815e-05,-5.695892729917912e-06,0.9993584475515004,0.9998499299132303,0.9993584475515003,0.9998499299132303,-1.6951534243385678e-21,5.722082238688013e-22
7,17,4.348304271697998,0.748396924316399,0.45419525369979846,2.3373534392787207,0.6589402699809019,-0.00011924178500697447,-1.7050481957623568e-05,0.9994057167790215,0.9998055085998094,0.9994057167790215,0.9998055085998094,1.35605859847862e-20,1.8710459999605412e-21
8,17,4.331691741943359,0.6189170744347041,0.47066743577328907,2.605729156281923,0.853619158611004,-0.00021516759719980441,-3.686219348184165e-05,0.9995294450276692,0.9997779022425954,0.9995294450276692,0.9997779022425954,0.0,1.6839413999644872e-21
9,17,4.259493350982666,2.5803764786763415,0.6816383400635944,2.602154350730622,1.0284726778229658,-9.267600991122214e-06,-3.410273423276971e-05,0.9992658847934516,0.9997267004976811,0.9992658847934516,0.9997267004976811,1.695310447688069e-21,1.6850783047368454e-21
10,17,5.384688377380371,2.2567804233631685,0.8391525483935518,3.263083420906886,1.2519337521313578,3.905351298819245e-05,-2.6787109510673495e-05,0.9988083048924516,0.9996348609371581,0.9988083048924516,0.9996348609371581,-6.784348452893619e-21,8.38135628973799e-22
11,17,4.847208499908447,0.631695235417417,0.8184068170959383,3.742001671007164,1.5009405440189385,-0.0002092852834120817,-4.5036926900814315e-05,0.9991596949618565,0.999587344339628,0.9991596949618565,0.999587344339628,0.0,7.543220660764191e-22
12,17,5.200890064239502,1.5597883608093193,0.8925449714672764,4.004074486978048,1.7512539383148495,-0.00020355400859875877,-6.088863507060876e-05,0.9992624710653321,0.9995548570121985,0.9992624710653321,0.9995548570121985,0.0,6.788898594687773e-22
13,17,5.1623406410217285,3.274924388808289,1.1307829132013776,4.404263964197743,2.0165549409031387,2.5868104692323777e-05,-5.221296109431551e-05,0.9988011680128361,0.9994794881122623,0.9988011680128361,0.9994794881122623,3.392198465043904e-21,9.502207200262899e-22
14,17,5.714807987213135,3.107914552679435,1.3284960771491834,4.7879591003202195,2.2936953568448466,3.853124393433174e-05,-4.313854059145079e-05,0.9985236205706933,0.9993839013581054,0.9985236205706933,0.9993839013581054,0.0,8.55198648023661e-22
15,17,5.272517681121826,1.2728818753893638,1.3229346569732015,5.178532107602745,2.582179031920637,-0.00020913545367750246,-5.973823190005596e-05,0.9987535462533726,0.9993208658476321,0.9987535462533728,0.9993208658476321,2.713888167287804e-20,3.483566950509099e-21
16,17,5.118502616882324,1.7693276747949302,1.3675739587553744,5.313193737379519,2.8552805024665253,-0.0001852582003056518,-7.229022874061555e-05,0.9986084020427998,0.999249619467149,0.9986084020427999,0.999249619467149,2.714282621364916e-20,5.849492876823105e-21
17,17,4.789087295532227,3.9839849798000344,1.6292150608598404,5.316386949653776,3.1013911471852507,-2.53261896775688e-05,-6.759382483431088e-05,0.9983207925732825,0.9991567367777624,0.9983207925732825,0.9991567367777624,0.0,5.2645435891407946e-21
18,17,5.055927276611328,4.405726214021351,1.9068661761759915,5.377298302182946,3.3289818626850205,7.885962759350266e-05,-5.294847959152953e-05,0.9980797246028382,0.99904903556027,0.9980797246028383,0.99904903556027,-1.357860181105443e-20,3.3802290491212725e-21
19,17,4.976902008056641,3.2078971276915795,2.0369692713275502,6.01070532141301,3.5971542085578196,-6.439444180500752e-05,-5.409307581287733e-05,0.9977380286072706,0.9989179348649702,0.9977380286072706,0.9989179348649702,0.0,3.0422061442091453e-21
20,17,5.030025482177734,2.7401964640926137,2.1072919906040566,6.255719612870158,3.863010748989054,-0.00023038265641113834,-7.172203387270343e-05,0.9976862984294843,0.9987947712214216,0.9976862984294843,0.9987947712214216,0.0,2.7379855297882307e-21
21,17,5.233970642089844,3.4334490011625105,2.239907691659902,6.239873054335643,4.100696979523713,-0.00027571434094215725,-9.212126457964882e-05,0.9977807851700723,0.9986933726162867,0.9977807851700723,0.9986933726162867,0.0,2.4641869768094077e-21
22,17,5.131918907165527,5.158385826009856,2.5317555050948974,6.0037927251707845,4.291006554088421,-5.331245887728244e-05,-8.82403840094122e-05,0.9974339077619998,0.998567426130858,0.9974339077619998,0.998567426130858,-6.793696830739089e-21,1.538398596054558e-21
23,17,5.353499412536621,5.665373250221119,2.8451172796075195,6.22071340445158,4.483977239124737,-1.2396608575699893e-05,-8.065600646604097e-05,0.9970866547566479,0.9984193489934371,0.9970866547566478,0.9984193489934371,0.0,1.3845587364491023e-21
24,17,4.7457804679870605,4.510415401702023,3.01164709181697,6.3539416865354434,4.670973683865808,-0.00013804929375679767,-8.639533519511665e-05,0.9969748306359103,0.9982748971576845,0.9969748306359104,0.9982748971576845,0.0,1.246102862804192e-21
25,17,4.669661045074463,4.440310183395275,3.1545134009748006,6.492298360104541,4.853106151489681,-0.00023149694350006872,-0.00010090549602561186,0.9969585003651767,0.9981432574784338,0.9969585003651766,0.9981432574784338,0.0,1.1214925765237729e-21
26,17,5.005862712860107,5.281527000019152,3.3672147608792358,6.5563978108647705,5.0234353174271895,-0.00025364627052972997,-0.00011617957347602367,0.9968038744207169,0.9980093191726622,0.9968038744207169,0.9980093191726622,5.438392648280877e-20,6.447735967152273e-21
27,17,5.169200420379639,5.453332727988462,3.575826557590158,6.671176439985406,5.1882094296830115,-0.00030252209266964355,-0.00013481382539538565,0.9966554777241426,0.9978739350278103,0.9966554777241426,0.9978739350278103,0.0,5.802962370437046e-21
28,17,5.065989017486572,5.49829061228478,3.7680729630596206,6.638459872875617,5.333234474002273,-0.0002793196436938691,-0.000149264407225234,0.9966335402202164,0.997749895547051,0.9966335402202164,0.997749895547051,0.0,5.222666133393341e-21
29,17,4.7759575843811035,5.731922763667355,3.964457943120394,6.784484436965349,5.478359470298581,-0.000288377640303781,-0.00016317573053308872,0.9964429274350788,0.9976191987358538,0.9964429274350789,0.9976191987358538,-5.4403626270715e-20,-7.399631070174934e-22
30,17,4.669966697692871,5.942523183713664,4.162264467179721,6.649641045333864,5.595487627802109,-0.00029918633929857584,-0.00017677679140963744,0.9964907031874557,0.997506349181014,0.9964907031874557,0.997506349181014,5.440101794314225e-20,4.7741349979984816e-21
31,17,4.235307693481445,7.0455250459886605,4.4505905250606155,6.442331525036377,5.680172017525536,-0.00025532623697191497,-0.0001846317359658652,0.9963272151600379,0.9973884357789163,0.9963272151600379,0.9973884357789163,5.440994464410727e-20,9.737715962609361e-21
32,17,4.44401741027832,7.296361947886562,4.735167667343211,6.222588535838983,5.734413669356881,-0.00020627404886383743,-0.0001867959672556624,0.9961911189425972,0.9972687040952845,0.9961911189425973,0.9972687040952845,0.0,8.763944366348425e-21
33,17,4.8411126136779785,6.848599030547501,4.9465108036636405,6.114072220033048,5.7723795244244975,-0.0002636226735949669,-0.00019447863788959286,0.9961469225242244,0.9971565259381785,0.9961469225242244,0.9971565259381785,0.0,7.887549929713583e-21
34,17,4.297983646392822,7.2397501610735455,5.175834739404632,5.775471766895348,5.772688748671583,-0.00019977141378786902,-0.0001950079154794205,0.9961923391491212,0.9970601072592727,0.9961923391491212,0.9970601072592727,0.0,7.098794936742225e-21
35,17,4.262827396392822,7.946310681637236,5.452882333627892,5.47979846238905,5.74339972004333,-0.00015853824324237276,-0.00019136094825571574,0.996045077876811,0.9969586043210266,0.9960450778768108,0.9969586043210266,2.721267833571877e-20,9.11018327663988e-21
36,17,4.892332077026367,7.625142314043298,5.670108331669433,5.388492615013877,5.707909009540384,-0.0001584416635292059,-0.00018806901978306474,0.9958095888822668,0.9968437027771506,0.9958095888822668,0.9968437027771506,0.0,8.199164948975893e-21
37,17,4.498280048370361,5.893521691727954,5.692449667675286,5.290881890787122,5.666206297665059,-0.0003571579724856953,-0.0002049779150533278,0.9959817541641024,0.9967575079158458,0.9959817541641024,0.9967575079158458,5.442881699150417e-20,1.282213015322872e-20
38,17,4.313297271728516,6.005266029433423,5.7237313038511,4.908301103385067,5.59041577823706,-0.0003289371215573996,-0.00021737383570373498,0.9961035166039285,0.9966921087846542,0.9961035166039284,0.9966921087846541,-5.442216368143824e-20,6.097700769762025e-21
39,17,4.677402496337891,7.002910319162648,5.851649205382255,4.322939158582218,5.463668116271576,-0.00015829985888082953,-0.00021146643802144444,0.9960294559954187,0.9966258435057307,0.9960294559954187,0.9966258435057306,0.0,5.487930692785823e-21
40,17,4.609192371368408,6.925658175255315,5.959050102369562,4.252798742757332,5.342581178920152,-0.0001574625388080196,-0.00020606604810010195,0.996036835924481,0.9965669427476057,0.9960368359244809,0.9965669427476056,0.0,4.939137623507241e-21
41,17,4.546294212341309,6.864885643111889,6.0496336564437945,4.15568357895123,5.22389141892326,-0.00014793385424176356,-0.00020025282871426813,0.9960673077140252,0.9965169792442476,0.9960673077140252,0.9965169792442476,2.721207101389937e-20,7.166430962546454e-21
42,17,4.7322163581848145,7.085320055323346,6.15320229633175,3.8487176359669344,5.086374040627628,-9.891799775425887e-05,-0.0001901193456182672,0.9961522321550573,0.9964805045353287,0.9961522321550573,0.9964805045353287,0.0,6.449787866291808e-21
43,17,4.6823883056640625,7.0866492125754545,6.24654698795612,3.8185678092237896,4.959593417487244,-9.341648534141855e-05,-0.00018044905959058234,0.9961532461652334,0.9964477786983191,0.9961532461652335,0.9964477786983191,1.3604861710023304e-20,7.165295250664958e-21
44,17,4.327754974365234,6.7228007710616025,6.294172366266668,3.7962981527750346,4.843263891016023,-8.094453170850633e-05,-0.00017049860680237475,0.9960805688280068,0.9964110577112879,0.9960805688280068,0.9964110577112879,-1.360585436579169e-20,5.0881802890192924e-21
45,17,4.573183059692383,6.126277321337976,6.277382861773799,3.7412678824912455,4.733064290163545,-9.942776053670896e-05,-0.0001633915221758082,0.996151269667423,0.9963850789069015,0.996151269667423,0.9963850789069015,-1.360488870389482e-20,3.2188733897278812e-21
46,17,4.700836181640625,6.041400478427272,6.253784623439147,3.6326545193939292,4.623023313086584,-4.220264024952616e-05,-0.00015127263398318,0.996220929360771,0.9963686639522884,0.9962209293607711,0.9963686639522885,0.0,2.896986050755093e-21
47,17,4.4841156005859375,5.993860517156169,6.227792212810849,3.66912860939988,4.527633842717914,2.5428508372737347e-05,-0.00013360251974758828,0.9962838316863598,0.9963601807256955,0.9962838316863598,0.9963601807256957,-3.400769621325963e-21,2.2672104835469874e-21
48,17,4.252810478210449,5.641786161774289,6.1691916077071935,3.7259362707621646,4.4474640855223395,4.47726965546815e-05,-0.0001157649981173613,0.9964116573846399,0.9963653283915901,0.9964116573846399,0.9963653283915901,0.0,2.0404894351922888e-21
49,17,4.972148895263672,4.5131053473419325,6.003582981670667,4.335592471313628,4.436276924101469,-1.9817332538425758e-05,-0.00010617023155946775,0.9964336025827844,0.9963721558107096,0.9964336025827844,0.9963721558107096,-3.4002584620139934e-21,1.4964146454716607e-21
50,17,4.625061511993408,3.9686912984213008,5.800093813345731,4.530297648196839,4.445678996511006,-2.5819492047322637e-05,-9.813515760825324e-05,0.9966353734350201,0.9963984775731406,0.9966353734350202,0.9963984775731407,0.0,1.3467731809244947e-21
51,17,4.774954795837402,3.81061449317978,5.601145881329136,4.869678939585323,4.488078990818438,-3.6863857211041735e-05,-9.20080275685321e-05,0.9966139770796848,0.996420027523795,0.9966139770796847,0.9964200275237951,0.0,1.2120958628320452e-21
52,17,5.2352824211120605,2.713389914309249,5.312370284627147,5.23733083194258,4.563004174930851,-0.00013898523322637145,-9.670574813431603e-05,0.9966945412423759,0.9964474788956531,0.9966945412423759,0.9964474788956532,2.719494608483685e-20,3.810380885032526e-21
53,17,5.417547225952148,2.9231970972514483,5.073452965889577,5.097410896926571,4.616444847130423,-6.991947347195502e-05,-9.402712066807992e-05,0.997014677250823,0.99650419873117,0.9970146772508232,0.9965041987311702,0.0,3.429342796529273e-21
54,17,5.438435077667236,4.435072919917895,5.009614961292408,4.998374390865991,4.654637801503981,0.00013647302690650943,-7.0977105910621e-05,0.9969237578118764,0.9965461546392407,0.9969237578118764,0.9965461546392409,0.0,3.0864085168763456e-21
55,17,5.165380001068115,3.7910385403605824,4.887757319199226,5.270447656546481,4.716218787008231,6.459005491108186e-05,-5.742038982845071e-05,0.9968703430570899,0.9965785734810256,0.9968703430570898,0.9965785734810259,0.0,2.777767665188711e-21
56,17,5.182432651519775,2.8388838448018747,4.682869971759491,5.569216270899792,4.801518535397387,-3.027164566032487e-05,-5.470551541163813e-05,0.9969598761904774,0.9966167037519709,0.9969598761904775,0.996616703751971,3.39846353893772e-21,2.839837252563612e-21
57,17,5.240403652191162,2.7187553556150355,4.486458510145045,5.598102359015802,4.881176917759229,-9.783385708673296e-05,-5.9018349579147615e-05,0.9971524693530094,0.9966702803120748,0.9971524693530094,0.9966702803120748,0.0,2.555853527307251e-21
58,17,4.776041507720947,4.314148858352387,4.469227544965779,5.591486161411464,4.952207842124452,1.2944931134261085e-05,-5.1822021507806745e-05,0.9970506572093693,0.9967083180018044,0.9970506572093693,0.9967083180018044,0.0,2.300268174576526e-21
59,17,5.004016876220703,4.321484370272181,4.454453227496419,5.662176205602357,5.0232046784722435,-5.134174248526349e-06,-4.7153236781878705e-05,0.9969450527858943,0.9967319914802134,0.9969450527858943,0.9967319914802134,0.0,2.0702413571188735e-21
60,17,4.642984390258789,3.4330443894647935,4.3523123436932565,5.49320247196364,5.070204457821383,-0.0001322355629335676,-5.56614693970476e-05,0.997013407699045,0.9967601331020965,0.997013407699045,0.9967601331020965,2.718624855275712e-20,4.5818420766826984e-21
61,17,4.468438148498535,4.096758200046501,4.326756929328581,5.131424075453413,5.0763264195845865,-0.0001246912865202682,-6.256445110936966e-05,0.997117417420963,0.9967958615339833,0.997117417420963,0.9967958615339833,0.0,4.1236578690144285e-21
62,17,4.754671573638916,4.807098494712288,4.374791085866952,4.927063864850324,5.06140016411116,-7.92667246978826e-05,-6.423467846822096e-05,0.9970446129916342,0.9968207366797484,0.997044612991634,0.9968207366797484,-1.3592698841634002e-20,2.352022197949586e-21
63,17,4.637073993682861,4.650516264279753,4.402363603708232,4.810910385994198,5.036351186299464,-9.763299374241352e-05,-6.757450999564022e-05,0.9970574899914834,0.9968444120109219,0.9970574899914834,0.9968444120109219,0.0,2.1168199781546276e-21
64,17,4.505772590637207,4.184865881398691,4.3806138314772785,4.822581256609484,5.014974193330466,-0.00013231634058902318,-7.404869305497851e-05,0.9969831347031626,0.9968582842801459,0.9969831347031625,0.9968582842801459,0.0,1.9051379803391648e-21
65,17,4.407896995544434,4.138359100562967,4.356388358385848,4.804041643011238,4.993880938298544,-0.0001389266385003584,-8.05364875995165e-05,0.9970113488739171,0.9968735907395231,0.997011348873917,0.9968735907395231,0.0,1.7146241823052484e-21
66,17,4.862151622772217,4.939565571156733,4.4147060796629365,4.664403530863178,4.960933197555008,-0.00018434791592332995,-9.091763043189786e-05,0.997263488322215,0.9969125804977923,0.997263488322215,0.9969125804977923,0.0,1.5431617640747236e-21
67,17,4.6772284507751465,6.290203758336014,4.602255847530245,4.386599498359612,4.903499827635469,-3.0427681001795816e-05,-8.486863548888766e-05,0.9973220162914505,0.9969535240771582,0.9973220162914505,0.9969535240771582,-3.3972295143107294e-21,1.0491226362361782e-21
68,17,4.188532829284668,6.684545177696574,4.810484780546878,4.356720873380745,4.848821932209996,1.466910854904195e-05,-7.491486108509469e-05,0.9972547805609852,0.996983649725541,0.997254780560985,0.996983649725541,-1.69872927914734e-21,7.743374446978264e-22
69,17,4.086827278137207,5.6400193710058195,4.893438239592772,4.33674540811801,4.797614279800797,-3.7533236535513494e-05,-7.117669863013657e-05,0.9972868283377592,0.9970139675867628,0.9972868283377592,0.9970139675867628,0.0,6.969037002280437e-22
70,17,4.122607231140137,5.371121428642294,4.941206558497725,4.012492314332664,4.719102083253984,-4.4194799039548324e-05,-6.847850867107774e-05,0.9974628250699571,0.9970588533350822,0.9974628250699571,0.9970588533350822,0.0,6.272133302052394e-22
71,17,4.474360466003418,5.564434247210837,5.003529327369036,3.828095376191327,4.630001412547719,-4.2242867919842996e-05,-6.585494459595428e-05,0.9975401720050536,0.9971069852020793,0.9975401720050536,0.9971069852020793,0.0,5.644919971847155e-22
72,17,4.154524803161621,5.133832330214164,5.01655962765355,3.701748369633728,4.53717610825632,-6.374565317634123e-05,-6.564401545399298e-05,0.9975801958748197,0.9971543062693534,0.9975801958748197,0.9971543062693534,0.0,5.080427974662439e-22
73,17,4.097202777862549,4.333586947313078,4.948262359619503,3.6148726335686083,4.444945760787549,-0.00013573864706710372,-7.265347861530406e-05,0.9977078421397659,0.9972096598563946,0.9977078421397659,0.9972096598563946,0.0,4.572385177196195e-22
74,17,4.216620445251465,4.632401918869535,4.916676315544506,3.4721657630787295,4.347667761016667,-0.00019668443575547305,-8.505657432932097e-05,0.9979439151176207,0.9972830853825173,0.9979439151176207,0.9972830853825173,0.0,4.115146659476576e-22
75,17,4.1628851890563965,5.990399336259816,5.024048617616037,3.1783132926941025,4.230732314184411,-3.686598735153701e-05,-8.023751563154257e-05,0.9979821725101288,0.9973529940952784,0.9979821725101288,0.9973529940952784,0.0,3.7036319935289185e-22
76,17,4.125026702880859,5.949343648168585,5.116578120671292,3.0255520073634097,4.1102142835023106,2.1427916432232415e-05,-7.007097242516507e-05,0.9979848835814802,0.9974161830438986,0.9979848835814802,0.9974161830438986,0.0,3.3332687941760266e-22
77,17,4.4532999992370605,4.967912131635437,5.101711521767707,2.973234081123831,3.9965162632644624,-1.9491823652120127e-05,-6.501305754786057e-05,0.9981616972519063,0.9974907344646993,0.9981616972519062,0.9974907344646993,-3.3943716717895035e-21,-3.944297570310795e-23
78,17,4.395593643188477,3.992850575082924,4.990825427099229,3.2587663161661546,3.9227412685546317,-0.0001499963377479135,-7.351138556786586e-05,0.998254015478588,0.9975670625660882,0.998254015478588,0.9975670625660882,0.0,-3.5498678132797154e-23
79,17,4.413681507110596,3.474241640008551,4.839167048390161,3.2411550340288278,3.8545826451020515,-0.00018886193595348406,-8.504644060642768e-05,0.9983877401220522,0.9976491303216846,0.9983877401220521,0.9976491303216846,-2.7148825273860074e-20,-2.746831337705525e-21
80,17,4.214783191680908,3.588416071351622,4.714091950686307,3.1504798856173752,3.784172369153584,-0.00022533399327054958,-9.907519587283988e-05,0.9985252824698856,0.9977367455365047,0.9985252824698857,0.9977367455365047,2.714508564579592e-20,2.423603606446195e-22
81,17,4.203968048095703,3.7747866963083894,4.620161425248515,3.061552900339128,3.7119104222721386,-0.00018762067493755295,-0.00010792974377931119,0.9985406191437288,0.9978171328972271,0.9985406191437288,0.9978171328972271,0.0,2.1812432458015757e-22
82,17,4.10391092300415,3.6855325942219106,4.526698542145854,3.004578201187258,3.641177200163651,-0.00017021775505161827,-0.0001141585449065419,0.9985839000926644,0.9978938096167708,0.9985839000926643,0.9978938096167708,-2.7143492208939456e-20,-2.518037328771804e-21
83,17,4.09978723526001,3.5744536199431436,4.431474049925583,2.8726248966200134,3.564321969809287,-0.00019050624505596538,-0.00012179331492148425,0.9987275790915341,0.997977186564247,0.9987275790915341,0.997977186564247,-2.713958729045312e-20,-4.980192324939936e-21
84,17,4.0946431159973145,3.779590380262316,4.366285682959257,2.6128715449535473,3.469176927323713,-7.57109265533187e-05,-0.0001171850760846677,0.9987072678105566,0.998050194688878,0.9987072678105566,0.998050194688878,0.0,-4.482173092445943e-21
85,17,4.242884635925293,3.4401908237728405,4.273676197040615,2.571446731689717,3.379403907760313,-0.00011741145377553108,-0.00011720771385375403,0.9987140193152313,0.9981165771515134,0.9987140193152313,0.9981165771515134,0.0,-4.0339557832013484e-21
86,17,4.1768951416015625,3.299915390760068,4.176300116412561,2.4018267494111036,3.2816461919253923,-0.00012047454369772872,-0.0001175343968381515,0.9987648946935203,0.998181408905714,0.9987648946935203,0.998181408905714,0.0,-3.6305602048812135e-21
87,17,4.392544746398926,3.735931126473517,4.132263217418656,2.1496442865631065,3.1684460013891638,-9.354947476470264e-05,-0.00011513590463080661,0.9988842717797479,0.9982516951931175,0.9988842717797479,0.9982516951931175,0.0,-3.267504184393092e-21
88,17,4.523537635803223,5.2444187208821615,4.243478767765007,1.6695118850442408,3.0185525897546714,9.844401417247655e-05,-9.37779127504783e-05,0.9988329410671928,0.998309819780525,0.9988329410671928,0.998309819780525,-1.3568362234418047e-20,-4.297589989395588e-21
89,17,4.471468448638916,5.899496540171381,4.409080545005644,1.426608977870548,2.859358228566259,0.00018155287000213576,-6.62448344752169e-05,0.9987621089980913,0.9983550487022816,0.9987621089980913,0.9983550487022816,0.0,-3.867830990456029e-21
90,17,4.093755722045898,5.261513942906712,4.49432388479575,1.5586843777911399,2.7292908434887475,0.00011044983612789751,-4.8575367414905454e-05,0.998663237190684,0.9983858675511219,0.9986632371906838,0.9983858675511219,1.3570667920242164e-20,-2.1239810993862103e-21
91,17,3.962902784347534,4.254137320636371,4.470305228379813,1.6181784837793352,2.6181796075178063,1.4110566430752289e-05,-4.230677403033968e-05,0.9987672262134287,0.9984240034173526,0.9987672262134286,0.9984240034173526,0.0,-1.9115829894475892e-21
92,17,4.152162551879883,4.656773432534309,4.488952048795262,1.7473277709677362,2.5310944238627995,-3.031762331894172e-05,-4.110785895919988e-05,0.9988307273284036,0.9984646758084578,0.9988307273284035,0.9984646758084578,-3.392098076597542e-21,-2.0596344981625847e-21
93,17,4.4375,5.5894051421063455,4.598997358126371,1.723781875169041,2.4503631689934235,9.603787860864314e-05,-2.739328520241558e-05,0.9987526444251449,0.9984934726701264,0.9987526444251449,0.9984934726701264,0.0,-1.853671048346326e-21
94,17,4.536416530609131,5.702214195898686,4.709319041903603,1.7825646506857904,2.3835833171626604,0.0001568327268355268,-8.97068399862134e-06,0.9985835465718452,0.9985024800602983,0.9985835465718453,0.9985024800602983,0.0,-1.6683039435116936e-21
95,17,3.9978322982788086,4.2890406307171585,4.667291200784959,1.9515194812674954,2.340376933573144,-5.3533630884505936e-05,-1.3426978687209799e-05,0.9985858677819658,0.9985108188324651,0.9985858677819658,0.9985108188324651,6.785859680836133e-21,-8.228875810769109e-22
96,17,4.536286354064941,4.517330632070875,4.652295143913551,1.7738614006859676,2.2837253802844266,-8.890229812416224e-05,-2.0974510630905045e-05,0.9986794905171034,0.9985276860009289,0.9986794905171033,0.9985276860009289,0.0,-7.405988229692198e-22
97,17,4.319594383239746,5.957351752409349,4.782800804763131,1.7322497200700326,2.2285778142629873,4.4266418415151355e-05,-1.4450417726299405e-05,0.9984697213322847,0.9985218895340645,0.9984697213322847,0.9985218895340645,0.0,-6.665389406722978e-22
98,17,4.331146240234375,5.393304687856664,4.843851193072485,1.7740089829222379,2.1831209311289124,6.73781494751555e-05,-6.2675610061539145e-06,0.9983867463490895,0.998508375215567,0.9983867463490895,0.998508375215567,0.0,-5.998850466050681e-22
99,17,4.253022193908691,4.954113884637947,4.854877462229032,1.8194554921505888,2.14675438723108,2.7360121875826074e-05,-2.9047927179559155e-06,0.9983985582123546,0.9984973935152458,0.9983985582123546,0.9984973935152458,0.0,-5.398965419445613e-22
100,17,4.340184688568115,5.157452336564314,4.885134949662561,1.7864259512522838,2.1107215436332005,-2.4647324596476698e-05,-5.079045905807994e-06,0.9983539158222079,0.998483045745942,0.998353915822208,0.998483045745942,0.0,-4.859068877501052e-22
101,17,4.617699146270752,5.782009639409896,4.974822418637295,1.6473760102151502,2.0643869902913954,6.333082107924656e-05,1.761940792697462e-06,0.9982709735247617,0.9984618385238241,0.9982709735247617,0.9984618385238241,0.0,-4.373161989750946e-22
102,17,4.698006629943848,5.371958453566431,5.014536022130208,1.7249739187022444,2.03044568313248,9.309116663056599e-05,1.0894863376484315e-05,0.9980787037389884,0.9984235250453405,0.9980787037389885,0.9984235250453405,0.0,-3.9358457907758516e-22
103,17,4.458156585693359,4.321841107867101,4.945266530703898,1.8302014397715614,2.0104212587963883,9.064378547098146e-06,1.07118148935457e-05,0.9981471364280167,0.9983958861836082,0.9981471364280168,0.9983958861836082,1.697210594192564e-21,-1.8450506175057024e-22
104,17,4.892230987548828,4.936180341711263,4.944357911804635,2.043848518009047,2.013763984717654,-2.5035963313629813e-05,7.137037072828148e-06,0.9981682858753119,0.9983731261527785,0.9981682858753119,0.9983731261527785,0.0,-1.6605455557551323e-22
105,17,4.5079169273376465,6.084396477468573,5.058361768371029,2.0368222860920144,2.01606981485509,0.00010986691432264003,1.7410024797809335e-05,0.9981425094713694,0.9983500644846376,0.9981425094713694,0.9983500644846376,-1.3577747693810194e-20,-1.5072238693989815e-21
106,17,4.283196926116943,6.631769338819716,5.215702525415898,2.0851645302128783,2.0229792863908687,0.0002695503493262945,4.262405725065785e-05,0.9980926369354035,0.9983243217297142,0.9980926369354036,0.9983243217297142,0.0,-1.3565014824590835e-21
107,17,4.461711406707764,5.952500947610503,5.289382367635358,2.897762834632066,2.1104576412149885,0.00014311531965488318,5.267318349108039e-05,0.9979766586843393,0.9982895554251767,0.9979766586843392,0.9982895554251767,0.0,-1.2208513342131751e-21
108,17,3.956582546234131,4.667908731297633,5.227235004001586,3.5366593250239515,2.2530778095958848,-6.748364652372394e-06,4.673102867673512e-05,0.9980105001213766,0.9982616498947967,0.9980105001213766,0.9982616498947967,0.0,-1.0987662007918575e-21
109,17,4.36263370513916,4.632986382747329,5.16781014187616,3.8552986872390136,2.4132998973601976,8.16680278899035e-06,4.287460608796064e-05,0.998047216069544,0.9982402065122715,0.9980472160695442,0.9982402065122715,1.6973805118961003e-21,-8.191515295230618e-22
110,17,4.278177738189697,5.001643416508324,5.151193469339377,4.219155201926853,2.593885427816863,6.66508681350435e-05,4.5252232292668926e-05,0.9979728832406575,0.9982134741851102,0.9979728832406575,0.9982134741851102,1.3580055514194432e-20,6.207691748486876e-22
111,17,4.609264850616455,4.472862430667527,5.083360365472192,4.7827199096574935,2.812768876000926,7.954908068476082e-06,4.152249987024964e-05,0.9978759694909364,0.9981797237156929,0.9978759694909364,0.9981797237156929,0.0,5.586922573638189e-22
112,17,4.823181629180908,2.6953913322516807,4.84456346215014,5.374529296014271,3.0689449180022605,-0.00017134212929067742,2.0236036954156936e-05,0.9979619598263552,0.9981579473267591,0.997961959826355,0.998157947326759,-2.716040831541703e-20,-2.2132177999142662e-21
113,17,5.09850549697876,2.350681011125572,4.595175217047684,5.499881484802624,3.3120385746822967,-0.0001727155176912086,9.408814896203829e-07,0.9980298921321776,0.998145141807301,0.9980298921321777,0.9981451418073009,2.715855960409235e-20,7.239599404863959e-22
114,17,4.526220798492432,3.715156302313429,4.507173325574259,5.328513680386163,3.5136860852526834,3.1064614436064385e-05,3.953254784264783e-06,0.9980642060143221,0.9981370482280031,0.9980642060143221,0.998137048228003,-6.789406470245826e-21,-2.7376700586826317e-23
115,17,4.786879539489746,3.6011931421220726,4.41657530722904,5.3929907735776865,3.701616554085184,8.309633600352659e-05,1.1867562906190964e-05,0.9980065235371728,0.9981239957589201,0.9980065235371729,0.99812399575892,0.0,-2.4639030528143686e-23
116,17,4.778491497039795,2.512070053052175,4.226124781811354,5.625985537556493,3.8940534524323147,-8.017197745536906e-06,9.879086841018176e-06,0.9980065755095642,0.9981122537339846,0.9980065755095642,0.9981122537339845,0.0,-2.217512747532932e-23
117,17,4.624577045440674,2.4644195178009713,4.049954255410316,5.661818233213238,4.070829930510407,-5.951468495033696e-05,2.9397096618826627e-06,0.9980857356036782,0.9981096019209539,0.9980857356036782,0.9981096019209539,-6.789260016761862e-21,-6.988836164039826e-22
118,17,4.719329833984375,3.5429587294989013,3.9992547028191745,5.634575367764845,4.227204474235851,-8.249603032723447e-06,1.820778392422052e-06,0.9980530729954832,0.9981039490284068,0.9980530729954832,0.9981039490284068,-1.6973705510711527e-21,-7.987323098706996e-22
119,17,4.743741035461426,3.4650713165789306,3.94583636419515,5.590726740154982,4.363556700827765,1.4766443020102192e-05,3.115344855190066e-06,0.99803791813658,0.9980973459392242,0.9980379181365802,0.9980973459392242,-1.6973963250530227e-21,-8.88598711388932e-22
120,17,4.178023815155029,3.096541892835243,3.8609069170591592,5.5381541115241895,4.481016441897408,5.83250763930047e-05,8.636318008971529e-06,0.9979871614100192,0.9980863274863037,0.9979871614100192,0.9980863274863037,0.0,-7.997388402500388e-22
121,17,4.0842180252075195,2.810394314872173,3.7558556568404606,5.668201409336907,4.599734938641357,-2.2734485407591488e-05,5.499237667315227e-06,0.9980446156459253,0.9980821563022658,0.9980446156459253,0.9980821563022658,0.0,-7.197649562250349e-22
122,17,5.011272430419922,2.9818516624575806,3.678455257402173,5.753344725690928,4.715095917346314,-3.200900765161295e-05,1.748413135422409e-06,0.9981489589947675,0.998088836571516,0.9981489589947675,0.998088836571516,0.0,-6.477884606025314e-22
123,17,5.129667282104492,3.225975216916947,3.6332072533536506,5.771417675908399,4.820728093202523,3.2298481218382174e-05,4.803419943718385e-06,0.998092748367194,0.9980892277510839,0.9980927483671939,0.9980892277510839,0.0,-5.830096145422783e-22
124,17,5.070079803466797,3.029936188847691,3.5728801469030547,5.780488612509645,4.916704145133235,3.537411901732934e-05,7.860489851079481e-06,0.9980996165873349,0.998090266634709,0.9980996165873349,0.998090266634709,6.789165595718342e-21,1.5420790648378376e-22
125,17,4.948637962341309,2.994909801278765,3.515083112340626,5.746563997543983,4.999690130374311,2.9791645789905275e-05,1.005360544496206e-05,0.9981119520604257,0.9980924351772806,0.9981119520604257,0.9980924351772806,0.0,1.387871158354054e-22
126,17,4.881381034851074,3.031667077315463,3.4667415088381097,5.627440352209308,5.06246515255781,5.25400298470708e-05,1.4302247885172935e-05,0.9981426563290126,0.9980974572924539,0.9981426563290126,0.9980974572924539,-6.788872848051871e-21,-5.539788805533223e-22
127,17,5.0418009757995605,3.016788126183986,3.4217461705726975,5.688381653963525,5.125056802698381,5.2484600718981395e-05,1.812048316855378e-05,0.99814995759335,0.9981027073225435,0.99814995759335,0.9981027073225435,0.0,-4.985809924979901e-22
128,17,5.312724590301514,2.1060558881981803,3.2901771423352457,6.133966073826817,5.225947729811225,-7.693695733400537e-06,1.553906527835835e-05,0.9981342392538375,0.9981058605156728,0.9981342392538375,0.9981058605156728,0.0,-4.4872289324819105e-22
129,17,4.915846824645996,1.8104358288717965,3.1422030109889008,6.403199108817994,5.343672867711902,-4.5646265841310557e-05,9.420532166391459e-06,0.9982032718901227,0.9981156016531179,0.9982032718901228,0.9981156016531179,0.0,-4.0385060392337194e-22
130,17,4.914174556732178,1.6830668680213448,2.9962893966921453,6.539784709565548,5.463284051897267,-7.415348153306565e-05,1.0631307964457472e-06,0.9982283992027613,0.9981268814080821,0.9982283992027613,0.9981268814080821,1.357657943501966e-20,9.941923999709313e-22
131,17,5.783832550048828,0.9622750331741118,2.792887960340342,7.061831571624898,5.623138803870031,-0.00016269420958408938,-1.5312603241607767e-05,0.9982069956569999,0.9981348928329739,0.9982069956569999,0.9981348928329739,-2.71537410878368e-20,-1.820600948809842e-21
132,17,5.711566925048828,0.8714028513513296,2.600739449441441,7.293020129541213,5.790126936437149,-0.000211817747945653,-3.4963117712012294e-05,0.998213837280169,0.9981427872776933,0.998213837280169,0.9981427872776933,2.715355497975333e-20,1.0768146440464751e-21
133,17,5.066750526428223,0.8597093958497553,2.4266364440822725,7.490575047190498,5.960171747512485,-0.0002040860789711483,-5.18754138379259e-05,0.998300015045408,0.9981585100544649,0.998300015045408,0.9981585100544649,2.715121096227243e-20,3.684254275869071e-21
134,16,5.400960922241211,2.224927749638446,2.40646557463789,7.228022631186162,6.086956835879853,0.00012423174539692388,-3.4264697914440916e-05,0.9984353693270687,0.9981861959817253,0.9984353693270687,0.9981861959817253,-2.714753017053676e-20,6.01075831228488e-22
135,16,5.3754496574401855,2.283473739933863,2.3941663911674875,7.499733476260833,6.228234499917951,0.00012884851248979006,-1.7953376874017815e-05,0.9983615745412002,0.9982037338376728,0.9983615745412002,0.9982037338376728,-2.7149536804432616e-20,-2.1739854323376227e-21
136,16,5.2664408683776855,1.308672499132008,2.2856170019639395,7.890073795167092,6.394418429442865,4.655489883711047e-05,-1.1502549302904989e-05,0.998326357664542,0.9982159962203597,0.998326357664542,0.9982159962203597,0.0,-1.9565868891038605e-21
137,16,5.007953643798828,1.0263290527296947,2.159688207040515,8.012073643949513,6.55618395089353,-7.159502861340142e-06,-1.1068244658748505e-05,0.9984076344682139,0.9982351600451451,0.9984076344682139,0.9982351600451451,0.0,-1.7609282001934747e-21
138,16,5.032301902770996,1.9816423285714198,2.1418836191936053,7.908234279929621,6.69138898379714,3.099035128875159e-05,-6.862385063998495e-06,0.9984374032991261,0.9982553843705433,0.9984374032991261,0.9982553843705433,0.0,-1.5848353801741274e-21
139,16,5.018395900726318,3.35560209259499,2.2632554665337437,7.719676498452525,6.794217735262678,0.00015566063442244642,9.389916884645996e-06,0.9983718154966671,0.9982670274831557,0.998371815496667,0.9982670274831557,0.0,-1.4263518421567147e-21
140,16,4.922486305236816,3.595595678298448,2.3964894877102143,7.589364400970546,6.873732401833465,0.00024003737786567087,3.2454662982748485e-05,0.9983357984526051,0.9982739045801007,0.9983357984526052,0.9982739045801007,0.0,-1.2837166579410432e-21
141,16,5.443111896514893,2.945323427247237,2.4513728816639166,7.582685329704439,6.9446276946205625,0.0002401515560580028,5.3224352290273915e-05,0.9983372557939838,0.998280239701489,0.9983372557939838,0.998280239701489,0.0,-1.155344992146939e-21
142,16,5.265634059906006,2.6072459200154596,2.4669601854990706,7.597473857457666,7.009912310904273,0.00018308702383202939,6.621061944444946e-05,0.9983808323074461,0.9982902989620848,0.998380832307446,0.9982902989620848,0.0,-1.039810492932245e-21
143,16,5.320181846618652,2.7011699335862804,2.4903811603077917,7.606550007699165,7.069576080583762,0.0001673154905285705,7.632110655286156e-05,0.9984015781504754,0.9983014268809238,0.9984015781504753,0.9983014268809238,0.0,-9.358294436390206e-22
144,16,5.281170845031738,2.8037242490273497,2.5217154691797474,7.642673548566454,7.126885827382032,0.00016563714435566403,8.525271033314181e-05,0.9983596463021834,0.9983072488230499,0.9983596463021835,0.9983072488230499,2.7149589241243683e-20,1.87271242484925e-21
145,16,5.476840972900391,2.84607443859042,2.5541513661208146,7.771179646209913,7.19131520926482,9.206016742135885e-05,8.593345604196352e-05,0.9982741062951671,0.9983039345702617,0.9982741062951671,0.9983039345702617,0.0,1.6854411823643251e-21
146,16,5.233505725860596,2.666583893949215,2.565394618903655,7.706692828223379,7.242852971160676,9.178184481700439e-05,8.65182949194676e-05,0.9982261811680483,0.9982961592300403,0.9982261811680482,0.9982961592300403,1.3576609601854634e-20,2.8745580243133562e-21
147,16,5.177746772766113,2.6165910919613635,2.570514266209426,7.6708243899635,7.285650113040958,6.465810320569039e-05,8.433227574808988e-05,0.9982273135322899,0.9982892746602654,0.9982273135322899,0.9982892746602654,0.0,2.5871022218820206e-21
148,16,5.538660049438477,3.010443014365214,2.6145071410250047,7.621213171182408,7.319206418855103,0.00010647373222893663,8.654642139617455e-05,0.9981856984849681,0.9982789170427356,0.9981856984849681,0.9982789170427356,0.0,2.3283919996938186e-21
149,16,5.452446937561035,3.008460758933913,2.653902502815896,7.65005554313769,7.352291331283363,0.00015197807333040025,9.308958658959713e-05,0.9980738129406219,0.9982584066325243,0.9980738129406219,0.9982584066325243,0.0,2.095552799724437e-21
150,16,6.070231914520264,1.4433085673717505,2.5328431092714814,7.901074364018199,7.407169634556846,3.4999189919168386e-05,8.728054692255426e-05,0.9980903207221659,0.9982415980414885,0.9980903207221659,0.9982415980414885,0.0,1.8859975197519934e-21
151,16,5.819169998168945,2.40255586210416,2.5198143845547496,7.890562673134759,7.455508938414638,7.755980076451207e-05,8.630847230675005e-05,0.9981064307391789,0.9982280813112576,0.9981064307391789,0.9982280813112576,0.0,1.697397767776794e-21
152,16,5.643346309661865,3.5204989454183173,2.6198828406411065,7.9312103772576545,7.50307908229894,0.00016994249932971326,9.467187500904638e-05,0.9980931653440941,0.9982145897145412,0.9980931653440941,0.9982145897145412,0.0,1.5276579909991147e-21
153,16,5.284104347229004,3.6795031841244343,2.7258448749894395,8.117310734105121,7.564502247479558,0.0002121795746280071,0.00010642264497094246,0.9979443264531667,0.9981875633884039,0.9979443264531666,0.9981875633884038,0.0,1.3748921918992031e-21
154,16,4.818741321563721,2.436601415280152,2.6969205290185108,8.556411491270309,7.663693171858633,7.892526004191223e-05,0.00010367290647803945,0.9978882675858786,0.9981576338081513,0.9978882675858785,0.9981576338081513,0.0,1.2374029727092829e-21
155,16,4.887417793273926,2.356666247942391,2.662895100910899,8.821364334843883,7.779460288157159,-2.053987499605855e-05,9.125162833062966e-05,0.997926124923674,0.9981344829197035,0.997926124923674,0.9981344829197035,0.0,1.1136626754383545e-21
156,16,5.462187767028809,4.203462519121143,2.816951842731924,8.884086941342588,7.889922953475701,0.00010244816905105207,9.23712824026719e-05,0.9978726260539944,0.9981082972331325,0.9978726260539944,0.9981082972331325,0.0,1.0022964078945192e-21
157,16,5.741848945617676,5.003422222928122,3.035598880751544,9.040214435548709,8.004952101683003,0.00016697530784634182,9.983168494703889e-05,0.9977863830449022,0.9980761058143095,0.9977863830449022,0.9980761058143095,0.0,9.020667671050672e-22
158,16,5.629315376281738,4.005254410507726,3.1325644337271625,9.58232478633007,8.16268937014771,2.8563476051461354e-05,9.270486405748115e-05,0.997779824712351,0.9980464777041137,0.997779824712351,0.9980464777041137,0.0,8.118600903945606e-22
159,16,5.595588207244873,4.064790495089063,3.2257870398633526,9.691050564214255,8.315525489554364,-4.442469701919502e-06,8.299013068154109e-05,0.9977733281814776,0.9980191627518502,0.9977733281814776,0.9980191627518502,-8.489232206658463e-22,6.457817592885199e-22
160,16,5.349941730499268,5.930261951487274,3.496234531025745,9.767775578702755,8.460750498469203,9.505240666496913e-05,8.419635827988389e-05,0.9977069865009845,0.9979879451267637,0.9977069865009845,0.9979879451267637,0.0,5.812035833596679e-22
161,16,5.203439712524414,6.424029678458807,3.7890140457690515,9.751011667426349,8.589776615364917,0.00014758399016641993,9.053512146853749e-05,0.9976142070483486,0.9979505713189222,0.9976142070483486,0.9979505713189222,0.0,5.230832250237011e-22
162,16,4.966876983642578,5.380322648013402,3.9481449059934866,10.032349869107078,8.734033940739133,7.248621384301575e-05,8.873023070598532e-05,0.9975294462524283,0.9979084588122729,0.9975294462524283,0.9979084588122729,0.0,4.70774902521331e-22
163,16,5.036144733428955,5.285228380383326,4.08185325343247,10.14478429170736,8.875108975835957,-2.019753396738292e-05,7.78374542386485e-05,0.99756251407868,0.9978738643389137,0.99756251407868,0.9978738643389137,0.0,4.23697412269198e-22
164,16,6.344194412231445,7.715959652667289,4.4452638933559525,10.102252342484444,8.997823312500806,3.591985046646676e-05,7.364569386143034e-05,0.9974693619606559,0.9978334141010878,0.9974693619606559,0.9978334141010878,-6.793455354573271e-21,-2.98017864415049e-22
165,16,5.786036014556885,9.02785010626792,4.903522514647149,9.739138027080175,9.071954783958743,0.00015909248779122386,8.219037325440969e-05,0.9973236277188012,0.9977824354628592,0.9973236277188013,0.9977824354628592,0.0,-2.682160779735441e-22
166,16,5.887538909912109,8.31049957964216,5.24422022114665,9.856414320162784,9.150400737579147,-1.1666213139325696e-06,7.385467379757546e-05,0.9971538168800606,0.9977195736045793,0.9971538168800606,0.9977195736045793,2.1236265983129238e-22,-2.201582041930605e-22
167,16,5.827915191650391,7.61464744482501,5.481262943514485,9.801981569999953,9.215558820821228,-0.00015489620971704274,5.097958544611364e-05,0.9971485441557625,0.9976624706596976,0.9971485441557625,0.9976624706596976,-2.718256419366901e-20,-2.9163988031406556e-21
168,16,5.819397449493408,9.038631370570402,5.836999786220078,9.043537651375072,9.198356703876613,3.994037357216385e-05,4.987566425871866e-05,0.9971870058920858,0.9976149241829365,0.9971870058920858,0.9976149241829365,0.0,-2.62475892282659e-21
169,16,5.727086067199707,9.938572374130455,6.247157045011116,8.82474103015138,9.16099513650409,6.79944765105912e-05,5.168754548390592e-05,0.997101428015731,0.9975635745662159,0.997101428015731,0.9975635745662159,0.0,-2.3622830305439313e-21
170,16,5.68991756439209,9.786952201597808,6.601136560669786,8.858173057202901,9.13071292857397,-1.8486962647966476e-05,4.4670094670718684e-05,0.9970247416591527,0.9975096912755096,0.9970247416591527,0.9975096912755096,-3.398242438175605e-21,-2.4658789713070988e-21
171,17,5.727940559387207,8.734218542230185,6.814444758825825,9.345827155529848,9.152224351269558,-0.00035634064053100364,4.569021150546453e-06,0.9969140933540973,0.9974501314833684,0.9969140933540973,0.9974501314833684,-5.437791378982958e-20,-7.657082453159347e-21
172,17,5.677081108093262,8.775042922505131,7.010504575193757,9.081865608226947,9.145188476965298,-0.00035510158111824643,-3.1398039076332834e-05,0.9969636374248334,0.9974014820775149,0.9969636374248334,0.9974014820775149,0.0,-6.891374207843413e-21
173,17,5.53539514541626,10.250659017444175,7.3345200194187985,8.658077241254288,9.096477353394198,-0.0001560404761982562,-4.3862282788525176e-05,0.9969534742196724,0.9973566812917307,0.9969534742196725,0.9973566812917307,-2.7187882898299805e-20,-8.921025076889052e-21
174,17,5.571082592010498,10.049779426388406,7.60604596011576,8.565211866711383,9.043350804725916,-0.0001342489974296626,-5.290095425263892e-05,0.9969649358895751,0.9973175067515152,0.9969649358895751,0.9973175067515152,-2.718757033109918e-20,-1.0747679602310067e-20
175,17,5.429661273956299,8.760769714115655,7.72151833551575,8.669827838816374,9.005998508134962,-0.00025574453059921747,-7.318531188729678e-05,0.9969946675668384,0.9972852228330475,0.9969946675668385,0.9972852228330475,0.0,-9.672911642079061e-21
176,17,5.417742729187012,8.742188274409665,7.823585329405142,8.59306619673977,8.964705276995442,-0.00022275788057849418,-8.814256875641651e-05,0.9970255252756369,0.9972592530773065,0.9970255252756368,0.9972592530773065,0.0,-8.705620477871156e-21
177,17,5.351202487945557,9.71804717627838,8.013031514092466,8.302158703358268,8.898450619631726,-0.0001593590658152371,-9.526421846229857e-05,0.9971492800834991,0.9972482557779258,0.9971492800834991,0.9972482557779258,0.0,-7.83505843008404e-21
178,17,5.601128101348877,9.449665123284468,8.156694875011667,8.140252733934627,8.822630831062018,-8.844260822055545e-05,-9.458205743812427e-05,0.9971313687282063,0.9972365670729537,0.9971313687282063,0.9972365670729537,-1.359151620448408e-20,-8.410704207524044e-21
179,17,4.99910831451416,7.5283014332759475,8.093855530838095,8.165771060083697,8.756944853964185,-0.00025662691702098045,-0.00011078654339640989,0.9972518655361263,0.997238096919271,0.9972518655361263,0.997238096919271,0.0,-7.56963378677164e-21
180,17,4.725708961486816,7.431060140633801,8.027575991817665,7.970144564492439,8.678264825017012,-0.00025832744698056994,-0.0001255406337548259,0.9972991234455936,0.9972441995719032,0.9972991234455936,0.9972441995719032,0.0,-6.812670408094477e-21
181,17,5.054447174072266,7.787890007199918,8.00360739335589,7.428520311556335,8.553290373670944,-0.00015509138589288231,-0.00012849570896863156,0.9974957123873381,0.9972693508534468,0.997495712387338,0.9972693508534468,0.0,-6.131403367285029e-21
182,17,4.979693412780762,7.771240990861957,7.980370753106498,7.278358329483285,8.425797169252178,-0.00012001767379698541,-0.00012764790545146694,0.9975199598274492,0.9972944117508471,0.9975199598274492,0.9972944117508471,0.0,-5.518263030556527e-21
183,17,5.044670581817627,6.341152527883751,7.816448930584222,7.152384492858786,8.298455901612838,-0.000171450084910773,-0.00013202812339739754,0.9976404124731179,0.9973290118230742,0.9976404124731179,0.9973290118230742,0.0,-4.966436727500874e-21
184,17,5.010244846343994,6.079258427909581,7.642729880316759,7.011510286650365,8.16976134011659,-0.00018338028586876548,-0.00013716333964453435,0.997734407544031,0.9973695513951699,0.9977344075440309,0.9973695513951699,0.0,-4.469793054750787e-21
185,17,5.244267463684082,6.148048967267198,7.493261789011803,6.5682924689883135,8.009614453003763,-0.00013487645880343082,-0.000136934651560424,0.9979393475407483,0.9974265310097278,0.9979393475407484,0.9974265310097278,0.0,-4.0228137492757084e-21
186,17,5.429904460906982,6.3217118511008685,7.37610679522071,6.425033170096604,7.851156324713048,-0.00011348521914095148,-0.00013458970831847674,0.9979925956214822,0.9974831374709032,0.9979925956214822,0.9974831374709032,-1.3579787280515052e-20,-4.978511102399643e-21
187,17,5.326855659484863,6.141237634375729,7.252619879136212,6.353350840481156,7.701375776289859,-0.00010377586738476933,-0.000131508324225106,0.998021757424433,0.9975369994662563,0.998021757424433,0.9975369994662563,0.0,-4.480659992159679e-21
188,17,5.480780124664307,5.067612096039876,7.034119100826579,6.225425565185366,7.553780755179409,-0.0001634247143990936,-0.00013469996324250478,0.9981147134311135,0.997594770862742,0.9981147134311135,0.997594770862742,0.0,-4.032593992943711e-21
189,17,4.787581443786621,4.123689417449357,6.743076132488856,6.081925194650943,7.4065951991265635,-0.00023043138521614676,-0.000144273105439869,0.9982132223448664,0.9976566160109543,0.9982132223448664,0.9976566160109543,2.715357170732132e-20,-9.139774229172078e-22
190,17,4.749546527862549,4.427233556864829,6.511491874926453,5.595846626730346,7.225520341886942,-0.0001569488847972761,-0.0001455406833756097,0.9983300838355563,0.9977239627934145,0.9983300838355563,0.9977239627934145,0.0,-8.22579680625487e-22
191,17,4.676141738891602,4.890492281451617,6.34939191557897,5.092253216274488,7.012193629325697,-1.8407542465351408e-05,-0.0001328273692845839,0.9983843427361838,0.9977900007876914,0.9983843427361838,0.9977900007876914,3.393614707269595e-21,-4.0096024183597873e-22
192,17,5.110561370849609,4.717686021763731,6.186221326197446,4.8761091289747185,6.798585179290599,-1.893589264878284e-05,-0.00012143822162100379,0.9983789176471773,0.99784889247364,0.9983789176471773,0.99784889247364,0.0,-3.6086421765238086e-22
193,17,4.8286309242248535,3.676781076765312,5.935277301254232,4.818226900112186,6.600549351372758,-0.00011091261071294205,-0.00012038566053019762,0.9985099690478114,0.9979150001310572,0.9985099690478113,0.9979150001310572,0.0,-3.247777958871428e-22
194,17,4.602646350860596,3.5553952468193266,5.697289095810742,4.4375220806028794,6.38424662429577,-6.689804689994085e-05,-0.00011503689916717194,0.9985832862710817,0.9979818287450597,0.9985832862710816,0.9979818287450597,0.0,-2.923000162984285e-22
195,17,4.690036296844482,3.121351275771073,5.439695313806776,4.008539036304218,6.146675865496615,4.095565216046142e-06,-0.00010312365272885013,0.9986573237428952,0.9980493782448433,0.9986573237428952,0.9980493782448433,8.481717673482656e-22,-1.7825283793375912e-22
196,17,4.76224946975708,0.839575295467212,4.979683311972819,3.9825339430799143,5.930261673254945,-0.00015503643333922304,-0.00010831493078988742,0.9987251195653455,0.9981169523768936,0.9987251195653455,0.9981169523768936,2.7139654126186374e-20,2.5535378584782546e-21
197,17,4.874906539916992,-0.023643763054192284,4.479350604470119,3.6692042162630303,5.704155927555754,-0.00022103692530149136,-0.00011958713024104782,0.9989593714323605,0.9982011942824404,0.9989593714323605,0.9982011942824404,0.0,2.2981840726304292e-21
198,17,4.3678131103515625,1.0963556171994064,4.141051105743047,2.625022170952058,5.3962425518953845,2.1257096312583248e-05,-0.00010550270758568473,0.9991283632922231,0.9982939111834187,0.9991283632922232,0.9982939111834187,0.0,2.0683656653673864e-21
199,17,4.519269943237305,1.0436492383755052,3.831310919006293,2.345093902015143,5.09112768690736,0.00010500586389314866,-8.445185043780139e-05,0.9991745778275938,0.9983819778478362,0.9991745778275938,0.9983819778478362,-1.3563722953735195e-20,5.051568034571283e-22
200,17,5.289389133453369,-0.8612643816535701,3.3620533889403066,2.2330095899586677,4.80531587721249,1.2344940698393307e-05,-7.477217132418193e-05,0.9993342630729252,0.9984772063703451,0.9993342630729252,0.9984772063703451,1.6951944480512408e-21,6.241605679165396e-22
201,17,5.0085601806640625,-1.546899836954765,2.8711580663507994,2.164708277865399,4.541255117277782,-6.330380351679582e-05,-7.362533454344332e-05,0.9995468490761882,0.9985841706409294,0.9995468490761882,0.9985841706409294,-1.3558671280485217e-20,-7.941226169236361e-22
202,17,4.889398097991943,-0.7228313801123687,2.5117591217044826,1.9150717637767003,4.278636781927674,3.471914052467772e-05,-6.279088703663123e-05,0.9996888461829636,0.9986946381951328,0.9996888461829636,0.9986946381951328,0.0,-7.147103552312725e-22
203,17,4.74240779876709,-0.7782482476957642,2.1827583847644583,1.730787780315416,4.023851881766449,0.00011418019788950203,-4.5093778544017907e-05,0.9997821291457903,0.9988033872901987,0.9997821291457902,0.9988033872901987,1.3555480500184605e-20,7.123087303103153e-22
204,17,4.58452844619751,-1.8609670089076336,1.7783858453972492,1.6999685136463092,3.791463544954435,8.669963663756709e-05,-3.191443702585941e-05,0.9999074500859741,0.9989137935697763,0.9999074500859741,0.9989137935697763,0.0,6.410778572792838e-22
205,17,4.684185028076172,-2.9604844180545378,1.3044988190520705,1.6994557337354368,3.582262763832535,-8.041152518841028e-07,-2.880340484846188e-05,1.0001820349933128,0.99904061771213,1.000182034993313,0.99904061771213,0.0,5.769700715513555e-22
206,17,4.524036407470703,-2.779907725643706,0.8960581645824928,1.610903334282493,3.385126820877531,4.4327694488764976e-05,-2.149029491473919e-05,1.0003606449647664,0.9991726204373936,1.0003606449647666,0.9991726204373936,0.0,5.1927306439621995e-22
207,17,4.839606761932373,-3.135980617609123,0.4928542863633312,1.7617840761192667,3.2227925464017044,2.2601572436268205e-07,-1.9318663850829004e-05,1.0004637545964916,0.9993017338533035,1.0004637545964916,0.9993017338533035,-2.6457509809910819e-23,4.647000069756069e-22
208,17,5.2952446937561035,-4.1602134689726755,0.027547510829730504,1.9171353716439008,3.0922268289259245,-6.787303281190394e-05,-2.41741007469365e-05,1.000657620379649,0.9994373225059381,1.0006576203796491,0.9994373225059381,1.3543620595151199e-20,1.772592065793166e-21
209,17,5.190560340881348,-4.921370662109314,-0.46734430646417396,1.89921313812952,2.972925459846284,-0.0001017377325138134,-3.1930463923624195e-05,1.0008481889999772,0.999578409155342,1.0008481889999772,0.999578409155342,0.0,1.5953328592138497e-21
210,17,5.182695388793945,-5.164107150551942,-0.9370205908729508,1.824660783945617,2.8580989922562177,-2.0020479807443632e-05,-3.073946551200614e-05,1.000988864180523,0.9997194546578602,1.000988864180523,0.9997194546578602,3.3847846966718804e-21,1.7742780429596527e-21
211,17,5.141372203826904,-5.758710422214912,-1.419189574007147,1.854171712693892,2.757706264299985,-7.577905359465617e-05,-3.524342432027114e-05,1.0011973270686914,0.9998672418989433,1.0011973270686914,0.9998672418989433,0.0,1.5968502386636874e-21
212,17,4.995388031005859,-6.006005114879899,-1.8778711280944222,1.8345812776901753,2.665393765639004,-7.207924420463176e-05,-3.892700630870721e-05,1.0013754951870653,1.0000180672277554,1.0013754951870653,1.0000180672277554,0.0,1.4371652147973187e-21
213,17,4.7407684326171875,-6.211284732819456,-2.311212488566926,1.7045931934231675,2.5693137084174205,-3.2425354033588967e-05,-3.8276841081195384e-05,1.0015504450449413,1.000171305009474,1.0015504450449413,1.000171305009474,-6.7657736178534074e-21,6.16871331532246e-22
214,17,5.049814224243164,-6.5735580673607465,-2.737447046446308,1.7570887608079058,2.4880912136564692,-5.6530921268886064e-05,-4.0102249099964454e-05,1.001777949149352,1.0003319694234618,1.0017779491493521,1.0003319694234618,6.764237108421468e-21,1.2316079092211682e-21
215,17,5.324350357055664,-6.487182694507053,-3.1124206112523827,1.5100764044179589,2.3902897327326182,-6.330133101399361e-05,-4.242215729136737e-05,1.0021268198243738,1.000511454463553,1.0021268198243738,1.000511454463553,0.0,1.1084471182990515e-21
216,17,5.41775369644165,-6.31283779944705,-3.4324623300718495,1.375166047127876,2.288777364172144,3.020599656764918e-05,-3.515934190546572e-05,1.002171622548979,1.0006774712720956,1.002171622548979,1.0006774712720956,0.0,9.976024064691464e-22
217,17,5.637571334838867,-7.78834226274326,-3.868050323338991,1.3547876762837607,2.1953783953833055,-8.089857966535369e-05,-3.973326568145452e-05,1.0023951149956445,1.0008492356444505,1.0023951149956447,1.0008492356444505,0.0,8.978421658222318e-22
218,17,5.625835418701172,-8.060594905651515,-4.287304781570244,1.36732448769436,2.112573004614411,-0.00017698584120450273,-5.345852323375934e-05,1.002573365153238,1.0010216485953294,1.0025733651532382,1.0010216485953294,2.7035482144485996e-20,3.511606163688608e-21
219,17,5.594658851623535,-7.382126650347206,-4.59678696844794,1.2474482231010948,2.026060526463079,-0.0001922972025896758,-6.7342391169351e-05,1.0026941586344689,1.0011888995992433,1.0026941586344689,1.0011888995992433,0.0,3.1604455473197475e-21
220,17,5.180485725402832,-7.129472183270714,-4.850055489930218,0.893771123714074,1.9128315861881786,-8.91774455598376e-05,-6.952589660839966e-05,1.0027529364739456,1.0013453032867135,1.0027529364739456,1.0013453032867135,-1.3515320337753945e-20,1.4928689588123781e-21
221,17,5.410911560058594,-7.779996146984839,-5.143049555635681,0.6220816275440947,1.7837565903237704,-0.00016921832509796375,-7.949513945735607e-05,1.0028741372880863,1.0014981866868506,1.0028741372880863,1.0014981866868506,0.0,1.3435820629311404e-21
222,17,5.238540172576904,-7.685819816581729,-5.397326581730286,0.39626361347152605,1.645007292638546,-0.0001601775115000106,-8.756337666162153e-05,1.002922096894407,1.0016405777076063,1.002922096894407,1.0016405777076063,0.0,1.2092238566380264e-21
223,17,5.37125825881958,-7.747495265014741,-5.632343450058731,0.3384923702423469,1.5143558003989261,-0.0002608116989545757,-0.00010488820889091695,1.0031227406382228,1.001788794000668,1.0031227406382228,1.001788794000668,5.4041351499802305e-20,6.4924366209544544e-21
224,17,5.0966596603393555,-5.938382117482114,-5.66294731680107,-0.13131565982624432,1.3497886543764093,-7.436725083181264e-05,-0.00010183611308500652,1.0031253232864508,1.0019224469292463,1.0031253232864508,1.0019224469292463,0.0,5.843192958859009e-21
225,17,4.812479019165039,-5.280509931173803,-5.624703578238344,-0.49779808821482585,1.1650299801172856,-1.771945265389298e-05,-9.342444704189517e-05,1.0031205352111923,1.0020422557574409,1.0031205352111923,1.0020422557574409,0.0,5.2588736629731084e-21
226,17,4.939512252807617,-5.9358448237359225,-5.655817702788102,-0.6582274674926433,0.9827042353562928,-0.0001307082394594252,-9.715282628364817e-05,1.0031752855641058,1.0021555587381075,1.0031752855641056,1.0021555587381075,-2.7019260444495394e-20,2.0310602522262583e-21
227,17,5.196866989135742,-5.846060973726413,-5.674842029881933,-0.93900655612772,0.7905331562078914,-0.0001421872429324543,-0.00010165626794852879,1.0032548960928407,1.0022654924735808,1.0032548960928405,1.0022654924735808,-2.70171164055095e-20,-8.737574135473177e-22
228,17,4.806726932525635,-4.25504376678677,-5.532862203572417,-1.204070261096161,0.5910728144774862,-7.44129036614453e-05,-9.893193151982045e-05,1.003176105926682,1.002356553818891,1.003176105926682,1.002356553818891,0.0,-7.86381672192586e-22
229,17,4.601078033447266,-4.131339237324791,-5.392709906947655,-1.3261919893216707,0.3993463340975705,-0.00010675183938642738,-9.971392230648113e-05,1.003136948788359,1.0024345933158378,1.0031369487883592,1.0024345933158378,-1.3510146518317613e-20,-2.0587581568050886e-21
230,17,4.548080921173096,-4.470939444802962,-5.300532860733186,-1.2485853702205594,0.23455316366575746,-0.00021399864004380294,-0.00011114239408021331,1.0031413894031762,1.0025052729245718,1.0031413894031762,1.0025052729245718,0.0,-1.8528823411245798e-21
231,17,4.806354522705078,-4.138913792941619,-5.184370953954029,-1.5729288276175084,0.05380496453743086,-0.00015084691037680947,-0.00011511284570987293,1.0032381491237994,1.0025785605444946,1.0032381491237994,1.0025785605444946,0.0,-1.6675941070121218e-21
232,17,4.565604209899902,-3.973927792730173,-5.0633266378316435,-1.5761281034125456,-0.1091883422575668,-0.00012341700273217805,-0.00011594326141210344,1.0031183200472853,1.0026325364947737,1.0031183200472855,1.0026325364947737,0.0,-1.5008346963109096e-21
233,17,4.561566352844238,-4.557217179860521,-5.012715692034532,-1.5394374003540305,-0.2522132480672132,-0.0001228052491725747,-0.00011662946018815058,1.0030782183896951,1.002677104684266,1.0030782183896951,1.002677104684266,0.0,-1.3507512266798187e-21
234,17,4.542017459869385,-5.628740797525229,-5.074318202583601,-1.3992473284608429,-0.36691665610657614,-0.00020744267972748966,-0.00012571078214208448,1.0031145848080536,1.002720852696645,1.0031145848080536,1.002720852696645,2.7020895441694902e-20,1.4864134401576535e-21
235,17,4.462315082550049,-5.648096422430653,-5.131696024568306,-1.3372769966627072,-0.4639526901621892,-0.00022704298231225083,-0.0001358440021591011,1.0031050744945975,1.0027592748764402,1.0031050744945975,1.0027592748764402,2.7021151623417087e-20,4.039887258483597e-21
236,17,4.478015899658203,-4.716535416513283,-5.090179963762804,-1.3763167854282026,-0.5551890996887905,-0.00011284581098601533,-0.00013354418304179253,1.0029306729930256,1.0027764146880989,1.0029306729930256,1.0027764146880989,0.0,3.635898532635237e-21
237,17,4.600368499755859,-4.684278295836465,-5.04958979697017,-1.5588003716934302,-0.6555502268892545,-1.588788843808317e-05,-0.0001217785535814216,1.0028722967916146,1.0027860028984503,1.0028722967916146,1.0027860028984503,3.3784279412807596e-21,3.6101514734997895e-21
238,17,4.416316986083984,-5.752875694333902,-5.119918386706543,-1.722823805863662,-0.7622775847866953,-6.284521030785349e-05,-0.00011588521925406479,1.0026587710834876,1.002773279716954,1.0026587710834878,1.002773279716954,0.0,3.2491363261498106e-21
239,17,4.582427501678467,-7.271377186526718,-5.335064266688561,-1.803674985490497,-0.8664173248570755,-0.0001598531489420657,-0.00012028201222286488,1.0026766553226643,1.002763617277525,1.0026766553226643,1.002763617277525,0.0,2.9242226935348297e-21
240,17,3.9269490242004395,-6.973615838998704,-5.498919423919576,-2.028816154431184,-0.9826572078144864,-9.301221206131902e-05,-0.00011755503220671029,1.0026143984654319,1.0027486953963156,1.0026143984654317,1.0027486953963156,-1.3517187840920551e-20,1.2800816400892915e-21
241,17,3.6304783821105957,-6.44023360084477,-5.593050841612095,-2.129863226654599,-1.0973778096984979,-3.379342307822655e-05,-0.00010917887129386192,1.0024676779036388,1.002720593647048,1.0024676779036388,1.002720593647048,0.0,1.1520734760803623e-21
242,17,3.741717576980591,-6.260456453921361,-5.659791402843021,-2.0850833042651438,-1.1961483591551625,-5.323884805286308e-05,-0.00010358486896976204,1.002322719286378,1.002680806210981,1.002322719286378,1.002680806210981,6.760560693325287e-21,1.712922197804855e-21
243,17,4.234211444854736,-6.150448825204737,-5.708857145079193,-2.216321226506153,-1.2981656458902615,-2.334372831969736e-05,-9.556075490475557e-05,1.0021098048088726,1.0026237060707703,1.0021098048088728,1.0026237060707703,-3.380998542034425e-21,1.2035301238209269e-21
244,17,4.1830010414123535,-6.15280758165171,-5.753252188736445,-2.353596636214891,-1.4037087449227246,-1.4408054387285448e-05,-8.744548485300856e-05,1.0019494903611343,1.0025562844998068,1.0019494903611343,1.0025562844998068,1.6907697551680032e-21,1.2522540869556345e-21
245,17,3.8091278076171875,-6.050618240189251,-5.782988793881726,-2.6253997649091563,-1.5258778469213676,3.4714064341376804e-05,-7.522952993357003e-05,1.0019548329350476,1.002496139343331,1.0019548329350476,1.002496139343331,0.0,1.127028678260071e-21
246,17,4.280681610107422,-4.689417212946776,-5.673631635788231,-2.8640612819338,-1.659696190422611,0.00016818368691419084,-5.0888208248793946e-05,1.0016984246463916,1.002416367873637,1.0016984246463918,1.002416367873637,0.0,1.0143258104340639e-21
247,17,4.878397464752197,-4.4129856585639,-5.547567038065798,-2.8064806023524986,-1.7743746316156,0.00019496113137371427,-2.6303274286543123e-05,1.0013753532647711,1.0023122664127506,1.0013753532647713,1.0023122664127506,0.0,9.128932293906576e-22
248,17,4.55960750579834,-5.671314849678083,-5.559941819227027,-2.50834436754773,-1.847771605208813,4.7585405831630045e-06,-2.319709279957251e-05,1.0012526886525235,1.0022063086367279,1.0012526886525235,1.0022063086367279,0.0,8.216039064515919e-22
249,17,4.438339710235596,-5.64923957877393,-5.568871595181717,-2.323395662327074,-1.8953340109206391,-0.00010615832347708374,-3.1493215867323635e-05,1.0011327638953227,1.0020989541625873,1.0011327638953227,1.0020989541625873,-1.3537192712919585e-20,-6.142757554855259e-22
250,17,4.8936028480529785,-5.167172210747886,-5.528701656738334,-2.348926185345405,-1.9406932283631158,-0.00011614380783345283,-3.995827506393656e-05,1.0010116360118166,1.0019902223475103,1.0010116360118169,1.0019902223475103,0.0,-5.5284817993697335e-22
251,17,4.792300224304199,-3.8308348357361988,-5.35891497463812,-2.570398429248801,-2.003663748451684,2.04922157099932e-05,-3.3913225986543584e-05,1.0008355677128835,1.0018747568840478,1.0008355677128835,1.0018747568840478,0.0,-4.97563361943276e-22
252,17,4.594717502593994,-2.8849269129067387,-5.111516168464982,-2.4861924414200396,-2.0519166177485197,3.228717094153438e-05,-2.729318629373579e-05,1.0006107332234717,1.0017483545179902,1.0006107332234717,1.0017483545179902,-6.772127614706511e-21,-1.1250197872195997e-21
253,17,4.197594165802002,-2.585788476949631,-4.858943399313447,-2.244602917113462,-2.071185247685014,9.565754308547838e-07,-2.4468210121276732e-05,1.0002536916567506,1.0015988882318663,1.0002536916567506,1.0015988882318663,0.0,-1.0125178084976398e-21
254,17,4.364888668060303,-3.7258600695776485,-4.745635066339868,-2.0890008095659436,-2.072966803873107,-0.00016969142270653644,-3.8990531379802706e-05,1.0002775091463711,1.0014667503233168,1.000277509146371,1.0014667503233168,0.0,-9.112660276478758e-22
255,17,4.840249538421631,-2.8317207579782235,-4.5542436355037035,-2.0477136419096498,-2.070441487676761,-0.00019115271610974308,-5.420674985279675e-05,1.0002946917561586,1.001349544466601,1.0002946917561584,1.001349544466601,2.709706902927863e-20,1.8895674780447748e-21
256,17,4.160458087921143,-1.0620070028023882,-4.205019972233572,-2.0463777848729863,-2.068035117396384,-1.0571921369120106e-05,-4.984326700442909e-05,0.9999638134850429,1.0012109713684452,0.9999638134850429,1.0012109713684452,1.694127199067829e-21,1.8700234501470802e-21
257,17,4.2556352615356445,-0.9313770101769058,-3.8776556760279055,-2.031606121194444,-2.0643922177761898,2.358134011143682e-05,-4.25008062928425e-05,0.9998893866705896,1.0010788128986596,0.9998893866705896,1.0010788128986596,0.0,1.6830211051323722e-21
258,17,4.350412368774414,-1.369356348990478,-3.626825743324163,-1.5248959089441676,-2.0104425868929874,1.3869430127907162e-05,-3.6863782650767534e-05,0.9996810313707429,1.000939034745868,0.9996810313707429,1.000939034745868,-1.694606420795772e-21,1.3452583525395576e-21
259,17,4.782573699951172,-2.0625133573057584,-3.4703945047223224,-0.9693207128967173,-1.9063303994933605,-8.338784975613828e-05,-4.151618936130461e-05,0.9996398076727949,1.0008091120385607,0.9996398076727949,1.0008091120385607,0.0,1.210732517285602e-21
260,17,4.577045440673828,-1.8903107438671818,-3.3123861286368084,-0.669853348390057,-1.78268269438303,-4.521642977062128e-05,-4.188621340223628e-05,0.9994849876006007,1.0006766995947647,0.9994849876006008,1.0006766995947647,6.779755236045859e-21,1.7676347891616275e-21
261,17,4.520066261291504,-2.6768753545222452,-3.248835051225352,-0.2513468968239429,-1.6295491146271215,-0.00018127013957325335,-5.5824606019337997e-05,0.9995065071963452,1.0005596803549228,0.999506507196345,1.0005596803549228,2.7118437065675894e-20,4.3027150168130545e-21
262,17,4.516607761383057,-2.3330084723977604,-3.157252393342593,-0.056222092159845666,-1.472216412380394,-0.00010091253765949426,-6.033339918335362e-05,0.9994993832063828,1.000453650640069,0.9994993832063828,1.000453650640069,0.0,3.872443515131749e-21
263,17,4.737293243408203,-1.1776007907262491,-2.9592872330809588,0.028147394256633623,-1.3221800317166912,1.4902292895521012e-05,-5.280982997546616e-05,0.9994469587332705,1.0003529814493892,0.9994469587332705,1.0003529814493892,1.695003301281452e-21,3.654699493746719e-21
264,17,4.693368434906006,-0.6990913516635794,-2.7332676449392213,0.3155986838515034,-1.1584021601598717,5.2698577335557524e-05,-4.2258989244363794e-05,0.9992981180405478,1.000247495108505,0.9992981180405479,1.0002474951085052,0.0,3.2892295443720473e-21
265,17,4.315298080444336,-0.5326650568076837,-2.5132073861260675,0.576454447164144,-0.9849164994274703,4.472424983839665e-05,-3.356066533608775e-05,0.9992845790827154,1.0001512035059261,0.9992845790827154,1.0001512035059261,6.781114929497477e-21,3.6384180828845904e-21
266,17,4.556686878204346,-0.10180504272322378,-2.272067151785783,0.8555530810238449,-0.8008695413823388,0.0001244423168987987,-1.7760367112599102e-05,0.9992142845876264,1.0000575116140962,0.9992142845876264,1.0000575116140962,0.0,3.2745762745961313e-21
267,17,5.0096025466918945,-0.8884110229862906,-2.1337015389058336,1.3594299600588555,-0.5848395912382194,6.744236857521051e-05,-9.240093543818141e-06,0.9991124286270086,0.9999630033153875,0.9991124286270086,0.9999630033153875,0.0,2.9471186471365184e-21
268,17,5.331945896148682,-2.5628688727331,-2.1766182722885605,2.174123878790342,-0.3089432442353633,-0.00016391450471994997,-2.4707534661431325e-05,0.9991482552159251,0.9998815285054412,0.9991482552159251,0.9998815285054412,0.0,2.6524067824228667e-21
269,17,5.098447799682617,-3.370185746751815,-2.295975019734886,2.4940798989239004,-0.028640929919436897,-0.0002033514234265061,-4.25719235379388e-05,0.9993661161407403,0.9998299872689712,0.9993661161407402,0.9998299872689711,0.0,2.38716610418058e-21
270,17,4.8059468269348145,-3.213775427073541,-2.3877550604687516,2.7021478329525053,0.24443794636775734,-0.00015694074407384808,-5.4008805591529725e-05,0.9993320819314211,0.9997801967352162,0.9993320819314211,0.9997801967352161,2.7123170367703344e-20,4.8607665305328566e-21
271,17,4.881187915802002,-3.5765295770724617,-2.506632512129123,3.0781095651390045,0.527805108244882,-0.00020937556428638978,-6.954548146101574e-05,0.9994477355262539,0.9997469506143201,0.999447735526254,0.99974695061432,-2.712003174219569e-20,1.6626867032600015e-21
272,17,5.204422950744629,-3.24495797671056,-2.580465058587267,3.1371770318192915,0.788742300602323,-0.00011405150572390374,-7.399608388730453e-05,0.9994384842761986,0.9997161039805079,0.9994384842761986,0.9997161039805078,0.0,1.4964180329340015e-21
273,17,5.125028610229492,-3.1364765627629074,-2.636066209004831,3.224039366544302,1.032272007196521,-8.598214868285939e-05,-7.519469036686002e-05,0.9996053087145693,0.9997050244539141,0.9996053087145693,0.999705024453914,0.0,1.3467762296406014e-21
274,17,5.142500400543213,-2.7645292200448246,-2.6489125101088304,3.3318395126918516,1.2622287577460543,-9.825763218802349e-05,-7.750098454897636e-05,0.9995683137700078,0.9996913533855234,0.9995683137700078,0.9996913533855234,-1.3558380122068504e-20,-1.4373940553030909e-22
275,17,4.887213230133057,-2.1423614218159166,-2.5982574012795387,3.3135097663763857,1.4673568586090875,-8.558363206484841e-05,-7.830924930056358e-05,0.9995727084591981,0.9996794888928908,0.9995727084591981,0.9996794888928908,0.0,-1.293654649772782e-22
276,17,4.878932952880859,-1.5870767851025755,-2.4971393396618424,3.203055393197344,1.6409267120679132,1.6979688962453612e-06,-7.030852748088268e-05,0.9995679882200668,0.9996683388256085,0.9995679882200669,0.9996683388256085,0.0,-1.1642891847955037e-22
277,17,4.80281925201416,-1.6290147957964225,-2.4103268852753006,3.193829899839629,1.7962170308450847,-3.993815172491138e-06,-6.367705625004353e-05,0.999621058012888,0.9996636107443365,0.9996210580128879,0.9996636107443365,0.0,-1.0478602663159533e-22
278,17,4.595396518707275,-1.8182747430314836,-2.3511216710509193,3.4861306903532774,1.965208396795904,-5.592274061754754e-05,-6.290162468679394e-05,0.999547934454821,0.9996520431153849,0.9995479344548212,0.9996520431153849,0.0,-9.43074239684358e-23
279,17,4.577030181884766,-2.096949268980255,-2.325704430843853,3.523563271832276,2.1210438842995414,-7.861832253949991e-05,-6.447329447206453e-05,0.999569966135065,0.999643835417353,0.999569966135065,0.999643835417353,-1.3558357709036594e-20,-1.4407124524752518e-21
280,17,4.471236228942871,-2.1994669154938795,-2.3130806793088556,3.4724866085096475,2.256188156720552,-5.713661120734913e-05,-6.3739626145593e-05,0.9996478266344692,0.9996442345390646,0.9996478266344692,0.9996442345390646,0.0,-1.2966412072277266e-21
281,17,4.921853065490723,-2.074722960437584,-2.2892449074217285,3.4912877800783413,2.379698119056331,-7.519787848713906e-05,-6.48854513797476e-05,0.9997440155188188,0.99965421263704,0.9997440155188188,0.99965421263704,1.3555997280999676e-20,1.8862264159501384e-22
282,17,5.206745147705078,-1.978595849063111,-2.258180001585867,3.6260317279820784,2.5043314799489056,8.82995013718021e-06,-5.751391122805482e-05,0.9995073990497282,0.9996395312783088,0.9995073990497282,0.9996395312783088,1.6949008042553933e-21,3.3925045786105184e-22
283,17,4.87817907333374,-3.4876042556819953,-2.3811224269954794,3.6407802710395196,2.617976359057967,-0.00018609904847183013,-7.037242495243236e-05,0.9997795781014435,0.9996535359606222,0.9997795781014434,0.9996535359606222,-2.7111030176881023e-20,-2.405777605613156e-21
284,17,5.209178924560547,-3.563420910481993,-2.499352275344131,3.6317552712074246,2.719354250272913,-0.00027209122052732136,-9.054430450992126e-05,0.999934783003374,0.9996816606648975,0.999934783003374,0.9996816606648975,0.0,-2.1651998450518402e-21
285,17,5.077735900878906,-2.0804602957382072,-2.457463077383539,3.2132579566965402,2.768744620915276,-8.819894767770981e-05,-9.030976882670012e-05,0.9997119516385305,0.9996846897622609,0.9997119516385307,0.9996846897622609,0.0,-1.9486798605466564e-21
286,17,5.535463809967041,-2.706249775252148,-2.4823417471703997,3.2941209070508854,2.8212822495288368,-9.473057603443575e-05,-9.075184954747368e-05,0.9995394452231735,0.9996701653083522,0.9995394452231734,0.9996701653083522,0.0,-1.753811874491991e-21
287,17,5.010585784912109,-4.071285139532774,-2.641236086406637,3.242727836377709,2.863426808213724,-0.00027101060187475405,-0.00010877772478020172,0.9998623839314049,0.9996893871706575,0.999862383931405,0.9996893871706575,0.0,-1.5784306870427919e-21
288,17,5.597696304321289,-3.6149341972978113,-2.7386058974957543,3.215972866610582,2.8986814140534096,-0.0002694445484333528,-0.00012484440714551683,0.9999152826041253,0.9997119767140044,0.9999152826041253,0.9997119767140044,0.0,-1.4205876183385127e-21
289,17,5.127976417541504,-2.3729853336274234,-2.7020438411089214,3.1132450334417823,2.920137775992247,-0.00011204639536711508,-0.00012356460596767664,0.9997074951864657,0.9997115285612506,0.9997074951864658,0.9997115285612506,0.0,-1.2785288565046615e-21
290,17,5.585989475250244,-2.4761050156601376,-2.679449958564043,2.9969067908338554,2.927814677476408,3.239565966072142e-05,-0.00010796857940483683,0.9995115456868565,0.9996915302738112,0.9995115456868566,0.9996915302738112,0.0,-1.1506759708541955e-21
291,17,5.3829345703125,-4.541144548225792,-2.865619417530218,2.9675748912025885,2.931790698849026,-0.0001585147544122247,-0.00011302319690557563,0.9997702394645758,0.9996994011928877,0.9997702394645758,0.9996994011928877,0.0,-1.0356083737687759e-21
292,17,5.4559855461120605,-4.66052813830634,-3.0451102896078304,2.950541232009262,2.9336657521650498,-0.00018703775929925802,-0.00012042465314494388,0.9998344058476746,0.9997129016583665,0.9998344058476746,0.9997129016583665,0.0,-9.320475363918984e-22
293,17,5.630949020385742,-3.4728691862367413,-3.0878861792707215,2.7154876375236894,2.911847940700914,-7.396533667543762e-05,-0.00011577872149799324,0.9999204061847498,0.9997336521110048,0.9999204061847498,0.9997336521110048,-1.355360593927591e-20,-2.1942033766802996e-21
294,17,5.61075496673584,-3.4576820037245914,-3.1248657617161086,2.691579259913809,2.8898210726222033,-5.778400543287374e-05,-0.0001099792498914813,0.999923766817554,0.9997526635816598,0.9999237668175539,0.9997526635816598,0.0,-1.9747830390122696e-21
295,17,6.159660816192627,-4.068528900875185,-3.2192320756320165,2.764722413234348,2.8773112066834177,7.322406893401946e-05,-9.165891800893122e-05,0.9996295846313458,0.9997403556866284,0.9996295846313458,0.9997403556866284,0.0,-1.7773047351110426e-21
296,17,5.400610446929932,-5.991273759791928,-3.4964362440480077,2.861760417107579,2.875756127725834,-0.00015513908103900972,-9.800693431193908e-05,0.9999752506134529,0.9997638451793109,0.9999752506134529,0.9997638451793109,-2.710572516220729e-20,-4.3101467778206675e-21
297,17,5.7897467613220215,-6.246053531614186,-3.7713979728046256,2.853715574725917,2.8735520724258423,-0.0002663029188677377,-0.00011483653276751895,1.000193743028494,0.9998068349642293,1.0001937430284942,0.9998068349642293,0.0,-3.879132100038601e-21
298,17,5.396753311157227,-4.490466328029619,-3.843304808327125,2.762310987361725,2.8624279639194308,-8.003283765105984e-05,-0.00011135616325587305,1.0000537240250924,0.9998315238703157,1.0000537240250924,0.9998315238703157,0.0,-3.491218890034741e-21
299,17,5.485897064208984,-4.307818102798625,-3.889756137774275,2.7748969902603853,2.853674866553526,-3.401513099577153e-05,-0.0001036220600298629,0.9999519688606134,0.9998435683693454,0.9999519688606133,0.9998435683693454,6.776589065328366e-21,-2.4644380944984302e-21
300,17,5.596756935119629,-5.629168742104622,-4.06369739820731,2.9159353157641763,2.8599009114745915,-0.00010205548323876114,-0.00010346540235075273,0.9998819102320157,0.9998474025556124,0.9998819102320156,0.9998474025556124,-1.35541277598712e-20,-3.5734070610357075e-21
301,17,5.481794834136963,-6.133029559681886,-4.270630614354768,2.9641070238238556,2.870321522709518,-0.00020131214476301382,-0.00011325007659197884,1.0000306511473904,0.9998657274147902,1.0000306511473906,0.9998657274147903,0.0,-3.2160663549321367e-21
302,17,5.461159706115723,-5.566171920222761,-4.400184744941567,2.9064801031636214,2.873937380754928,-0.0002502884664475832,-0.00012695391557753928,1.0001830124015225,0.9998974559134635,1.0001830124015227,0.9998974559134636,-5.4200189317465246e-20,-8.314478651185448e-21
303,17,5.614917755126953,-4.203748807230622,-4.380541151170473,2.6371599945374906,2.8502596421331843,-1.071463635644374e-05,-0.00011532998765542974,0.9999301087253454,0.9999007211946517,0.9999301087253453,0.9999007211946518,0.0,-7.483030786066904e-21
304,17,5.8594560623168945,-4.989253898404582,-4.441412425893883,2.817730129246012,2.8470066908444673,-8.15601118362987e-05,-0.00011195300007351664,0.9997591591473389,0.9998865649899203,0.9997591591473389,0.9998865649899205,0.0,-6.734727707460214e-21
305,17,5.4187331199646,-6.530474621027497,-4.6503186454072445,2.858282483777926,2.8481342701378134,-0.0002780420632546649,-0.00012856190639163147,1.0000367160053882,0.9999015800914671,1.0000367160053882,0.9999015800914672,-5.420811831871095e-20,-1.1482066768585288e-20
306,17,5.580742835998535,-5.139922948562356,-4.699279075722756,2.6291936739580994,2.826240210519842,-0.000213942668437014,-0.00013709998259616972,1.0000432641568386,0.9999157484980044,1.0000432641568386,0.9999157484980045,-2.710388168554943e-20,-1.3044248260281703e-20
307,17,5.1576995849609375,-4.441733233225664,-4.673524491473047,2.5467504797974443,2.7982912374476023,-0.00016404362922313654,-0.0001397943472588664,0.9998425196893206,0.999908425617136,0.9998425196893207,0.999908425617136,-2.7109323496824195e-20,-1.4450755783935953e-20
308,17,4.975844383239746,-4.170740416919678,-4.62324608401771,2.564824231583015,2.7749445368611436,-0.00013595225810247765,-0.00013941013834322752,0.9997089135354718,0.9998884744089697,0.9997089135354718,0.9998884744089697,0.0,-1.3005680205542359e-20
309,17,5.2378668785095215,-5.093388170194317,-4.670260292635371,2.6529516640258373,2.762745249577613,-0.00025205633134653003,-0.00015067475764355778,0.9996623225579475,0.9998658592238674,0.9996623225579476,0.9998658592238674,5.422842033854168e-20,-6.2822701511339546e-21
310,17,5.11916971206665,-4.365040767939623,-4.639738340165796,2.4360601130396944,2.7300767359238214,-0.00018098653710461483,-0.0001537059355896635,0.999583940872631,0.9998376673887438,0.9995839408726311,0.9998376673887438,0.0,-5.654043136020559e-21
311,17,5.215934753417969,-3.4872112089614675,-4.5244856270453635,2.2032688418023856,2.6773959465116777,-4.902088136737753e-05,-0.0001432374301674349,0.9994134467456628,0.9997952453244358,0.9994134467456629,0.9997952453244358,0.0,-5.088638822418503e-21
312,17,5.379272937774658,-3.4605733242684864,-4.4180943967676765,2.362592128401294,2.6459155647006396,-5.216003845242386e-05,-0.0001341296909959338,0.9991471019692255,0.9997304309889148,0.9991471019692254,0.9997304309889148,6.782047973395531e-21,-3.9015701428371e-21
313,17,5.470037460327148,-5.613653618091877,-4.537650318900097,2.635368473825025,2.644860855613078,-0.00028439501780773614,-0.00014915622367711403,0.9991269863711754,0.9996700865271408,0.9991269863711755,0.9996700865271408,0.0,-3.51141312855339e-21
314,17,5.5804595947265625,-6.133032539601089,-4.697188540970196,2.5844405665578383,2.6388188267075545,-0.0004176946367907478,-0.0001760100649884774,0.9992484560130852,0.9996279234757354,0.9992484560130853,0.9996279234757354,5.425088054733539e-20,2.2648162390354886e-21
315,17,5.445193767547607,-4.955250370691365,-4.722994723942314,2.185718634733041,2.5935088075101036,-0.00026184063997939733,-0.0001845931224875694,0.9992446756287058,0.9995895986910324,0.9992446756287058,0.9995895986910324,0.0,2.0383346151319397e-21
316,17,5.487541675567627,-4.401438703079723,-4.6908391218560554,2.2185753793944203,2.556015464698535,-0.000172743845223096,-0.00018340819476112206,0.9990487966132344,0.9995355184832526,0.9990487966132346,0.9995355184832526,2.7130861279272317e-20,4.547587281545978e-21
317,17,5.645029544830322,-5.071506164068307,-4.7289058260772805,2.5504021274577484,2.5554541309744567,-0.0001673966892888227,-0.00018180704421389213,0.9988212506456039,0.9994640916994878,0.998821250645604,0.9994640916994878,0.0,4.09282855339138e-21
318,17,5.5391845703125,-6.210482994143849,-4.8770635428839375,2.795606818987357,2.5794693997757467,-0.0002808303797895322,-0.00019170937777145613,0.9989984189350116,0.9994175244230402,0.9989984189350115,0.9994175244230401,0.0,3.683545698052242e-21
319,17,5.141353130340576,-6.226629062290665,-5.01202009482461,2.9797436615270954,2.6194968259508817,-0.000283961910322638,-0.0002009346310265743,0.9990382253237255,0.9993795945131088,0.9990382253237254,0.9993795945131086,-1.0852459345428778e-19,-7.537268217181761e-21
320,17,5.491975784301758,-5.076977449480352,-5.018515830290184,2.7975872904814887,2.6373058724039424,-0.0001033893396276879,-0.00019118010188668566,0.9990310037543907,0.9993447354372369,0.9990310037543907,0.9993447354372368,0.0,-6.783541395463585e-21
321,17,5.632356643676758,-4.767101518452129,-4.993374399106378,3.1541432299280743,2.688989608156356,-3.290503273473347e-05,-0.00017535259497149046,0.9987463157130941,0.9992848934648226,0.998746315713094,0.9992848934648225,-6.78476953699321e-21,-6.783664209616547e-21
322,17,5.747766017913818,-6.522737366447718,-5.146310695840513,3.61229888098306,2.7813205354390265,-0.00022577677501471952,-0.00018039501297581337,0.9988283300012043,0.9992392371184609,0.9988283300012043,0.9992392371184607,2.713684974484547e-20,-3.391612814170345e-21
323,17,5.783876419067383,-7.056066967282078,-5.33728632298467,3.7492136795867324,2.8781098498537974,-0.00031979344904434806,-0.00019433485658266686,0.9989716514330153,0.9992124785499162,0.9989716514330154,0.9992124785499161,5.426591289804004e-20,2.3741397570506936e-21
324,17,5.703875541687012,-6.125649459966756,-5.4161226366828785,3.7302019844146588,2.9633190633098834,-0.00021909145703101574,-0.00019681051662750175,0.9989855103684256,0.9991897817317672,0.9989855103684255,0.9991897817317671,0.0,2.1367257813456242e-21
325,17,5.462674617767334,-5.747660715026841,-5.449276444517275,3.8373374576216546,3.0507209027410607,-0.00015798853888150799,-0.0001929283188529024,0.9988714737033101,0.9991579509289215,0.9988714737033101,0.9991579509289213,-2.7135677637930513e-20,-7.905145605819896e-22
326,17,5.141861438751221,-6.191730723099505,-5.523521872375499,4.251845446889051,3.17083335715586,-0.0002687283039342807,-0.00020050831736104024,0.9987759175774761,0.9991197475937769,0.9987759175774761,0.9991197475937768,0.0,-7.114631045237907e-22
327,17,5.5467305183410645,-6.393637735713116,-5.61053345870926,4.161803830352673,3.2699304044755415,-0.0003389656921650523,-0.00021435405484144146,0.9990060250758008,0.9991083753419794,0.9990060250758008,0.9991083753419792,0.0,-6.403167940714116e-22
328,17,4.995996952056885,-4.2531902359067,-5.474799136429004,4.1379340193607455,3.356730765964062,-0.0001745379386335474,-0.00021037244322065206,0.9987501832154144,0.9990725561293229,0.9987501832154144,0.9990725561293227,-2.713897305617964e-20,-3.2901824202822346e-21
329,17,5.21439266204834,-3.7080076481445423,-5.2981199876005585,4.267327317005313,3.447790421068188,-8.309756562692395e-05,-0.00019764495546127926,0.9984131218315028,0.9990066126995409,0.9984131218315027,0.9990066126995407,-1.357406754751767e-20,-4.318570933005778e-21
330,17,5.674066543579102,-5.050915639762498,-5.273399552816753,4.3112818248481135,3.5341395614461804,-0.0002764866695953312,-0.00020552912687468445,0.9985129092078776,0.9989572423503745,0.9985129092078776,0.9989572423503745,0.0,-3.8867138397052e-21
331,17,5.738351345062256,-5.178377161029812,-5.263897313638059,4.4246691509874285,3.6231925204003055,-0.0003926631493704365,-0.00022424252912425966,0.998534110169025,0.9989149291322396,0.998534110169025,0.9989149291322396,0.0,-3.49804245573468e-21
332,17,5.737549781799316,-3.95359022656159,-5.1328666049304115,3.939420934704162,3.6548153618306913,-0.00021766314343242525,-0.00022358459055507623,0.9985435798626553,0.9988777942052811,0.9985435798626553,0.9988777942052811,0.0,-3.148238210161212e-21
333,17,5.539735317230225,-3.3009589560167836,-4.949675840039049,3.990902785258943,3.6884241041735164,-0.0001560843112518461,-0.00021683456262475321,0.9983952080154581,0.9988295355862988,0.9983952080154581,0.9988295355862988,0.0,-2.8334143891450906e-21
334,17,5.885226249694824,-3.188182444258588,-4.773526500461003,4.0169562002751595,3.721277313783681,-6.795140291461381e-05,-0.00020194624665373926,0.9982078229015934,0.9987673643178283,0.9982078229015934,0.9987673643178283,1.3576859292360865e-20,-1.192387020994495e-21
335,17,5.623029708862305,-4.6729614346524935,-4.763469993880152,4.012844742450903,3.7504340566504033,-0.00021653111347382518,-0.00020340473333574786,0.998487669713399,0.9987393948573854,0.998487669713399,0.9987393948573854,2.7146108193722324e-20,1.641462500477187e-21
336,17,5.78778076171875,-4.701148430829599,-4.757237837575096,4.04924678612528,3.780315329597891,-0.00029315338808198613,-0.00021237959881037168,0.9986084785223082,0.9987263032238777,0.998608478522308,0.9987263032238777,5.428564826977305e-20,6.905881077406773e-21
337,17,5.460662364959717,-3.762856485061767,-4.657799702323763,4.04043521222747,3.8063273178608488,-0.0002130357272066842,-0.00021244521165000293,0.9985237856938087,0.9987060514708708,0.9985237856938088,0.9987060514708708,0.0,6.2152929696660955e-21
338,17,5.437190532684326,-3.6167206783538104,-4.553691799926768,4.030440977669766,3.8287386838417405,-0.0001857987479793078,-0.00020978056528293343,0.9984809153163385,0.9986835378554176,0.9984809153163385,0.9986835378554176,0.0,5.593763672699486e-21
339,17,5.5582075119018555,-3.755257271433227,-4.473848347077414,4.0304862777801365,3.8489134432355803,-0.00018104141911349212,-0.00020690665066598932,0.9984333592568966,0.9986585199955655,0.9984333592568966,0.9986585199955655,0.0,5.034387305429537e-21
340,17,5.452690124511719,-4.026370564167788,-4.429100568786452,3.941601246023957,3.8581822235144183,-0.00023899032648668644,-0.00021011501824805905,0.9985872628927688,0.9986513942852859,0.9985872628927689,0.9986513942852859,2.714340080166657e-20,7.245288655053241e-21
341,17,5.467831611633301,-3.399354617750181,-4.326125973682824,3.853442894377978,3.8577082906007742,-0.00023569538683064598,-0.00021267305510631776,0.9986452126745347,0.9986507761242108,0.9986452126745345,0.9986507761242108,0.0,6.5207597895479166e-21
342,17,5.422023296356201,-3.166383807168955,-4.210151757031438,3.877203496126037,3.8596578111533004,-0.00017183272208596705,-0.0002085890218042827,0.9985090930908701,0.9986366078208768,0.9985090930908701,0.9986366078208768,0.0,5.868683810593125e-21
343,17,5.528254985809326,-4.134157746906039,-4.202552356018899,3.909460057709702,3.864638035808941,-0.00022650845283400724,-0.00021038096490725515,0.9985744595754508,0.9986303929963343,0.9985744595754508,0.9986303929963343,0.0,5.2818154295338124e-21
344,17,5.59481954574585,-4.778710833739254,-4.2601682037909345,3.90940024099598,3.869114256327645,-0.0002947818614592017,-0.0002188210545624498,0.9986980160067849,0.9986371552973794,0.998698016006785,0.9986371552973794,0.0,4.7536338865804315e-21
345,17,5.56794548034668,-5.0278785499798175,-4.336939238409823,3.8558248602665026,3.867785316721531,-0.0003624640822800688,-0.0002331853573342117,0.9988983554427249,0.998663275311914,0.9988983554427249,0.998663275311914,0.0,4.278270497922388e-21
346,17,5.330608367919922,-3.677102790115771,-4.2709555935804175,3.9419523237698186,3.8752020174263597,-0.00014536553285327263,-0.0002244033748861178,0.9985549426024519,0.9986524420409678,0.9985549426024519,0.9986524420409678,0.0,3.850443448130149e-21
347,17,5.4752044677734375,-4.422720798439166,-4.286132114066293,3.925158201837024,3.880197635867426,-0.00017789192956096995,-0.00021975223035360303,0.9986304203699806,0.998650239873869,0.9986304203699806,0.998650239873869,0.0,3.465399103317134e-21
348,17,5.172050476074219,-5.249606579766396,-4.382479560636304,3.9325901007932305,3.8854368823600067,-0.0002557684419559938,-0.00022335385151384213,0.9988348510229113,0.9986687009887734,0.9988348510229111,0.9986687009887734,0.0,3.1188591929854208e-21
349,17,5.241103172302246,-5.1711410907066995,-4.461345713643343,3.977301231426728,3.894623317266679,-0.0002226209228914076,-0.00022328055865159869,0.998928948608775,0.9986947257507736,0.9989289486087749,0.9986947257507736,-2.71341163451988e-20,9.356163916699857e-23
350,17,5.482193470001221,-4.880043406002522,-4.503215482879261,3.9863370488644696,3.9037946904264578,-0.00010555749696111583,-0.0002115082524825504,0.9988714930822777,0.998712402483924,0.9988714930822777,0.998712402483924,-1.3567838555737493e-20,-1.2725783803234507e-21
351,17,5.678337574005127,-5.751159567903904,-4.628009891381725,4.423530662133067,3.9557682875971185,-0.0002036177327749432,-0.00021071920051178968,0.9988874536744033,0.998729907602972,0.9988874536744033,0.998729907602972,-2.7135243527618436e-20,-3.8588448950529494e-21
352,17,5.454780578613281,-5.768869112933286,-4.742095813536881,4.421759283691384,4.0023673872065455,-6.508376645043303e-05,-0.000196155657105654,0.9989830741484963,0.9987552242575244,0.9989830741484963,0.9987552242575244,0.0,-3.472960405547655e-21
353,17,5.992138385772705,-5.597830545811252,-4.827669286764318,4.5836008393198435,4.060490732417875,-8.784128824243555e-05,-0.00018532422021933217,0.9991640174870374,0.9987961035804758,0.9991640174870374,0.9987961035804758,-1.356386631111306e-20,-4.482050996104196e-21
354,17,5.948820114135742,-5.166401602442585,-4.861542518332145,4.743110849501851,4.128752744126273,-5.632365133347671e-05,-0.00017242416333074662,0.9990072822056059,0.9988172214429888,0.9990072822056059,0.9988172214429888,-6.782997180034348e-21,-4.712145614497211e-21
355,17,5.868724346160889,-5.228769596708911,-4.898265226169822,4.8208354268455755,4.197961012398203,4.429274813051265e-05,-0.0001507524721846207,0.9987578622586242,0.9988112855245523,0.9987578622586242,0.9988112855245523,6.784691098911938e-21,-3.562461943156296e-21
356,17,5.628104209899902,-6.77306069249302,-5.085744772802141,4.818729859550768,4.26003789711346,-0.00015087832917437877,-0.0001507650578835965,0.9990898121689504,0.9988391381889922,0.9990898121689504,0.9988391381889922,0.0,-3.2062157488406662e-21
357,17,5.880805492401123,-6.645527175878574,-5.241723013109785,4.800781322011537,4.314112239603268,-0.00020018892629406374,-0.00015570744472464325,0.9991654318280234,0.9988717675528953,0.9991654318280233,0.9988717675528953,-2.712769422231467e-20,-5.598363596188067e-21
358,17,5.4892497062683105,-5.516300783025096,-5.269180790101316,4.5794945408635925,4.3406504697293,-6.267326663470368e-05,-0.0001464040269156493,0.9989632600656134,0.9988809168041672,0.9989632600656134,0.9988809168041672,0.0,-5.03852723656926e-21
359,17,5.473577976226807,-5.181566608691184,-5.260419371960303,4.44947204780628,4.351532627536998,-4.7438338420371095e-05,-0.0001365074580661215,0.9988304800419822,0.9988758731279488,0.9988304800419822,0.9988758731279488,0.0,-4.534674512912334e-21
360,17,5.746114730834961,-5.932209186006631,-5.327598353364936,4.427466127751647,4.359125977558463,-6.882453273636983e-05,-0.00012973916553314635,0.9987746007138306,0.998865745886537,0.9987746007138306,0.998865745886537,0.0,-4.0812070616211004e-21
361,17,5.5811614990234375,-6.426708320362787,-5.437509350064721,4.473532765790045,4.370566656381621,-0.00014307353186076053,-0.00013107260216590778,0.9988718238229801,0.9988663536801813,0.9988718238229801,0.9988663536801813,0.0,-3.6730863554589905e-21
362,17,5.863369941711426,-6.133748300313178,-5.507133245089567,4.482738828684306,4.38178387361189,-0.00015588415786468233,-0.00013355375773578524,0.9988901811351499,0.9988687364256782,0.9988901811351499,0.9988687364256782,0.0,-3.3057777199130914e-21
363,17,5.685244560241699,-5.886216668141619,-5.545041587394772,4.584028384578108,4.402008324708512,-0.00013590288007938266,-0.00013378866997014498,0.9987215049884477,0.9988540132819552,0.9987215049884478,0.9988540132819552,0.0,-2.9751999479217825e-21
364,17,5.660802841186523,-6.340383041912552,-5.62457573284655,4.592160339081747,4.421023526145835,-0.00021390975008006065,-0.00014180077798113655,0.998860828892766,0.9988546948430364,0.998860828892766,0.9988546948430364,0.0,-2.6776799531296044e-21
365,17,6.012340068817139,-5.616475821038817,-5.6237657416657765,4.592738148645159,4.438194988395768,-0.0002838270909994434,-0.00015600340928296724,0.9990166373889561,0.9988708890976283,0.9990166373889562,0.9988708890976283,-5.426346929112163e-20,-7.836258886928807e-21
366,17,5.604030132293701,-3.6513714520199105,-5.426526312701189,4.730972135983685,4.46747270315456,-3.705636675666902e-05,-0.0001441087050303374,0.9986325951232471,0.9988470597001902,0.9986325951232471,0.9988470597001902,0.0,-7.052632998235926e-21
367,17,5.4548492431640625,-3.6995520323024587,-5.253828884661316,4.743153117864858,4.495040744625591,-4.737663480906985e-05,-0.00013443549800821065,0.9986428701560534,0.9988266407457765,0.9986428701560535,0.9988266407457765,6.785472345059157e-21,-5.6688224639064175e-21
368,17,5.50330924987793,-3.722985949918943,-5.1007445911870795,4.965711836226672,4.5421078537857,-5.098302337480335e-05,-0.0001260902505448699,0.9984810295947458,0.9987920796306734,0.9984810295947458,0.9987920796306734,0.0,-5.101940217515776e-21
369,17,5.312046527862549,-3.9869372804969014,-4.989363860118062,4.9907051703053895,4.586967585437669,-0.00012597014048234675,-0.0001260782395386176,0.9986008419797808,0.9987729558655841,0.9986008419797808,0.9987729558655841,2.714303170263742e-20,-1.877443025500457e-21
370,17,5.257385730743408,-3.2071937567539206,-4.8111468497816485,5.24412334400066,4.652683161293967,-0.00017582740944878974,-0.0001310531565296348,0.9985725000319057,0.9987529102822162,0.9985725000319057,0.9987529102822162,-2.714380208875326e-20,-4.404078931825737e-21
371,17,5.253012657165527,-2.7013023990600367,-4.600162404709487,5.396986124067053,4.727113457571276,-1.9519896849196288e-05,-0.00011989983056159095,0.9982466874691717,0.9987022880009119,0.9982466874691718,0.9987022880009119,0.0,-3.9636710386431635e-21
372,17,5.197615146636963,-4.548218881207241,-4.594968052359263,6.015486603418842,4.855950772156033,-0.00036946297454777986,-0.00014485614496020983,0.998436639100042,0.9986757231108249,0.9984366391000419,0.9986757231108249,-5.42949912907227e-20,-8.996803063851118e-21
373,17,5.414477825164795,-4.876491623151265,-4.623120409438464,5.967127502211185,4.967068445161549,-0.00046468377585557713,-0.00017683890804974658,0.9986486942857442,0.9986730202283168,0.9986486942857441,0.9986730202283168,0.0,-8.097122757466007e-21
374,17,5.210071563720703,-3.5704861766973206,-4.517856986164349,5.9753214694548165,5.067893747590876,-0.0004017746487834563,-0.00019933248212311756,0.9985254497027436,0.9986582631757596,0.9985254497027436,0.9986582631757596,0.0,-7.287410481719407e-21
375,17,5.218384742736816,-2.7127777158066206,-4.337349059128576,5.970588822616326,5.158163255093421,-0.0002954519565178962,-0.00020894442956259543,0.9983308502397554,0.9986255218821593,0.9983308502397554,0.9986255218821593,0.0,-6.558669433547467e-21
376,17,5.057513236999512,-2.883968152381499,-4.192010968453869,5.961803758795831,5.238527305463662,-0.00030507126554704195,-0.00021855711316104008,0.9983583250590383,0.9985988021998471,0.9983583250590384,0.9985988021998472,-5.429925034287611e-20,-1.1332727524480333e-20
377,17,4.889995098114014,-2.9639529323653435,-4.069205164845016,6.053468978139391,5.320021472731234,-0.0003843090008020675,-0.00023513230192514283,0.9983440262899992,0.9985733246088623,0.9983440262899993,0.9985733246088624,0.0,-1.01994547720323e-20
378,17,5.305391788482666,-2.71494517817616,-3.9337791661781307,5.644644437881839,5.352483769246295,-0.0004357624623408424,-0.0002551953179667128,0.9985011752653367,0.9985661096745098,0.9985011752653367,0.9985661096745098,-5.429148204043896e-20,-1.4608657498872967e-20
379,17,5.353482246398926,-1.3703760135840055,-3.6774388509187186,5.263187205836825,5.343554112905348,-0.0002508248313281076,-0.00025475826930285226,0.9983938356936078,0.9985488822764197,0.9983938356936078,0.9985488822764197,0.0,-1.314779174898567e-20
380,17,5.638062953948975,-0.9587155158595824,-3.405566517412805,5.401213598372468,5.349320061452061,-0.00022389689133860642,-0.0002516721315064277,0.9981102142770274,0.9985050154764804,0.9981102142770273,0.9985050154764804,-5.431274808017254e-20,-1.7264287382104358e-20
381,17,5.340633869171143,-1.7956985133845484,-3.2445797170099793,5.391584059739339,5.353546461280789,-0.00023756991070048348,-0.0002502619094258333,0.9981483684387227,0.9984693507727046,0.9981483684387227,0.9984693507727046,0.0,-1.553785864389392e-20
382,17,5.465037822723389,-1.7079039347912732,-3.090912138788109,5.355770747063092,5.35376888985902,-0.00030652986080106085,-0.0002558887045633561,0.9983821979187861,0.9984606354873127,0.9983821979187861,0.9984606354873127,-5.429795196396818e-20,-1.941386797590135e-20
383,17,5.117679595947266,-0.6909496811965307,-2.8509158930289513,5.450437715891745,5.363435772462292,-0.0002189396869719127,-0.00025219380280421173,0.9981886301742968,0.9984334349560111,0.9981886301742968,0.9984334349560111,0.0,-1.7472481178311214e-20
384,17,5.599861145019531,-0.31271614573196316,-2.5970959182992526,5.551272597420428,5.382219454958106,-7.769517541209732e-05,-0.0002347439400650003,0.9978660466406496,0.998376696124475,0.9978660466406495,0.998376696124475,-1.3581509463814164e-20,-1.7083384006861508e-20
385,17,5.215743064880371,-2.4979576255940046,-2.587182089028728,6.1391806427475375,5.457915573737049,-0.00039260150059609823,-0.0002505296961181101,0.9981958729747968,0.9983586138095073,0.9981958729747968,0.9983586138095073,0.0,-1.5375045606175358e-20
386,17,5.683747291564941,-2.4896937801053047,-2.5774332581363857,6.105221394392105,5.522646155802555,-0.00035748707116850374,-0.00026122543362314945,0.9985060885829059,0.9983733612868472,0.9985060885829059,0.9983733612868472,-5.429121489004738e-20,-1.926666253456256e-20
387,17,5.182514667510986,-0.8519575988427294,-2.4048856922070203,6.395461162457421,5.609927656468042,-0.0001802913137540201,-0.0002531320216362365,0.9982898605209723,0.9983650112102597,0.9982898605209723,0.9983650112102597,-2.715148714221382e-20,-2.0055144995327687e-20
388,17,4.861072540283203,-0.7673034006606845,-2.2411274630523867,6.6310727872875015,5.712042169549988,-0.00013860509249361344,-0.00024167932872197422,0.998178904087929,0.9983464004980267,0.9981789040879291,0.9983464004980267,0.0,-1.8049630495794918e-20
389,17,5.376383304595947,-1.3062742167116423,-2.147642138418312,7.244055895385531,5.865243542133542,-0.0002352401289370546,-0.00024103540874348227,0.9980092820019126,0.9983126886484153,0.9980092820019125,0.9983126886484153,0.0,-1.6244667446215427e-20
390,17,6.062587738037109,-2.3538408353821203,-2.1682620081146933,7.57999674460584,6.036718862380772,-0.00038623913316506635,-0.00025555578118564067,0.9981846966494363,0.9982998894485174,0.9981846966494364,0.9982998894485174,0.0,-1.4620200701593885e-20
391,16,5.577937126159668,-2.7691122965826187,-2.2283470369614857,7.400089662205465,6.173055942363241,-0.00029887644716914633,-0.00025988784778399127,0.9985519190215829,0.998325092405824,0.998551919021583,0.998325092405824,0.0,-1.3158180631434496e-20
392,16,5.342089653015137,-1.5859339016981255,-2.1641057234351497,7.408468468274371,6.296597194954354,-0.00020318654998951097,-0.00025421771800454324,0.9986149567258955,0.9983540788378311,0.9986149567258954,0.9983540788378311,0.0,-1.1842362568291046e-20
393,16,5.363048553466797,-0.9862001924646512,-2.0463151703381,7.734195826531016,6.440357058112021,-0.00016312540265368163,-0.00024510848646945707,0.9983960989176432,0.9983582808458124,0.9983960989176432,0.9983582808458124,-2.7148597977818704e-20,-1.3372986109243812e-20
394,16,5.304586410522461,-1.1847071803253986,-1.96015437133683,7.748878889510815,6.5712092412519,-0.00014668899244449439,-0.0002352665370669608,0.9983667429096486,0.998359127052196,0.9983667429096484,0.998359127052196,0.0,-1.2035687498319432e-20
395,16,5.331756591796875,-1.3494703418348997,-1.899085968386637,7.95729137479728,6.709817454606438,-0.00022640578939078977,-0.0002343804622993437,0.9983752849759894,0.9983607428445753,0.9983752849759895,0.9983607428445753,-2.714916396672367e-20,-1.3547035145159856e-20
396,16,5.67108154296875,-1.3344697962225598,-1.8426243511702294,7.819268494427688,6.820762558588563,-0.00020442169912022337,-0.00023138458598143168,0.9985513786106337,0.9983798064211812,0.9985513786106337,0.9983798064211812,2.7144376236154313e-20,-9.47789400702844e-21
397,16,5.56519889831543,-0.4215400925969043,-1.7005159253128967,8.056797621191206,6.944366064848827,-0.0002347838216830845,-0.00023172450955159698,0.9984695823187204,0.9983887840109351,0.9984695823187204,0.9983887840109351,0.0,-8.530104606325595e-21
398,16,5.513282775878906,0.41823922229691324,-1.488640410551916,7.9321508750128285,7.0431445458652275,-0.00012916442477558287,-0.00022146850107399556,0.9982761659071736,0.998377522200559,0.9982761659071736,0.998377522200559,0.0,-7.677094145693037e-21
399,17,4.760671615600586,0.6158199239073933,-1.2781943771059852,7.997580455719301,7.138588136850635,-0.0003109288520753222,-0.00023041453617412823,0.9980025181860473,0.9983400217991079,0.9980025181860472,0.9983400217991079,5.431860905802784e-20,-1.4775238253209496e-21
400,17,5.802260398864746,0.11813691059894653,-1.1385612483354919,7.919560430698217,7.216685366235394,-0.0002619761528646752,-0.00023357069784318293,0.9977308686165935,0.9982791064808565,0.9977308686165935,0.9982791064808565,0.0,-1.3297714427888547e-21
401,17,5.794220924377441,-1.5736221931884864,-1.1820673428207913,7.6706176680667655,7.262078596418531,-0.0004155170171322185,-0.00025176532977208647,0.9981383439801497,0.9982650302307858,0.9981383439801497,0.9982650302307858,0.0,-1.1967942985099692e-21
402,17,5.838801860809326,-1.2994382386722771,-1.1938044324059398,7.627828656101609,7.298653602386839,-0.0004158790707660473,-0.00026817670387148254,0.9981839380285213,0.9982569210105594,0.9981839380285213,0.9982569210105594,0.0,-1.0771148686589724e-21
403,17,5.827192306518555,-0.6314105712511674,-1.1375650462904625,7.517505151437722,7.320538757291928,-0.00012238754903560933,-0.0002535977883878952,0.997853406561417,0.9982165695656451,0.9978534065614171,0.9982165695656452,2.716336300894245e-20,1.74693291910117e-21
404,17,5.683322429656982,-2.011150992427884,-1.2249236409042046,7.708219400284268,7.3593068215911615,-0.0003762004320039431,-0.00026585805274950003,0.9981453385381629,0.9982094464628969,0.9981453385381629,0.998209446462897,-5.43108368403231e-20,-3.858844056841256e-21
405,17,5.694594383239746,-0.987084316576588,-1.2011397084714428,7.590234875630064,7.382399626995053,-0.00018705808195509883,-0.0002579780556700599,0.9979581373553607,0.9981843155521433,0.9979581373553608,0.9981843155521435,2.7160512347709663e-20,-7.569084163861637e-22
406,17,5.699070453643799,-0.9878080463945013,-1.1798065422637487,7.569281983087816,7.40108786260433,-0.00022559530554932912,-0.0002547397806579868,0.9979368910580672,0.9981595731027357,0.9979368910580672,0.998159573102736,0.0,-6.812175747475474e-22
407,17,5.38332462310791,-0.5934102673861132,-1.1211669147759853,7.440243911857048,7.4050034675296015,-0.00010715853032747628,-0.00023998165562493575,0.9976517955090035,0.9981087953433625,0.9976517955090035,0.9981087953433627,0.0,-6.130958172727926e-22
408,17,5.231780529022217,-1.134628879028766,-1.1225131112012634,7.362407551275057,7.400743875904148,-0.0002706479093536261,-0.00024304828099780477,0.9977430100476793,0.9980722168137942,0.9977430100476792,0.9980722168137944,0.0,-5.517862355455134e-22
409,17,5.297210693359375,-0.8586142970453254,-1.0961232297856698,7.088802342576096,7.369549722571342,-0.0001899212482561762,-0.00023773557772364192,0.997693357684256,0.9980343309008404,0.997693357684256,0.9980343309008406,2.716772052592502e-20,2.22016444060154e-21
410,17,5.509728908538818,-0.5049272824230868,-1.0370036350494116,7.015341215540002,7.3341288718682085,-0.00016075223944670827,-0.00023003724389594857,0.997598789637067,0.9979907767744631,0.9975987896370669,0.9979907767744634,0.0,1.998147996541386e-21
411,17,5.600238800048828,-0.30459637206823403,-0.9637629087512939,7.028150485993062,7.303531033280694,-0.00010647715714837148,-0.0002176812352211909,0.9974858935109773,0.9979402884481146,0.9974858935109773,0.9979402884481148,0.0,1.7983331968872475e-21
412,17,5.576844692230225,-0.3018975083805152,-0.8975763687142161,7.029286909173367,7.276106620869961,-0.00010934602089804285,-0.00020684771378887612,0.9974827711636396,0.997894536719667,0.9974827711636396,0.9978945367196672,1.358672805973255e-20,2.977172683171778e-21
413,17,5.488832473754883,0.08906761368687661,-0.7989119704741069,7.104682671668928,7.258964225949858,-9.138580533911265e-05,-0.00019530152294389976,0.9973955613990467,0.997844639187605,0.9973955613990467,0.9978446391876052,0.0,2.6794554148546006e-21
414,17,5.556059837341309,0.4559369270347901,-0.6734270807232172,7.208253799853419,7.253893183340214,-1.2018815081602143e-05,-0.00017697325215767002,0.9971711462600192,0.9977772898948465,0.9971711462600192,0.9977772898948467,-1.6988717542242857e-21,2.241622697946712e-21
415,17,5.552124977111816,-0.48928384252524587,-0.6550127569034201,7.538399504260316,7.282343815432224,-0.0001442050936856331,-0.00017369643631046634,0.9971395570537157,0.9977135166107334,0.9971395570537158,0.9977135166107336,-2.718280918693657e-20,-7.008204905416165e-22
416,17,5.244900226593018,-0.65912030309708,-0.6554235115227861,7.530637491568171,7.307173183045819,-0.00025623051519252236,-0.00018194984419867195,0.997356526395604,0.9976778175892205,0.9973565263956039,0.9976778175892207,-5.435379143723842e-20,-6.066117585211297e-21
417,17,5.5186309814453125,1.3537277607880673,-0.4545083842917008,7.816704085331386,7.358126273274376,-4.581206175861873e-05,-0.00016833606595466664,0.996882085191769,0.9975982443494754,0.996882085191769,0.9975982443494755,0.0,-5.459505826690168e-21
418,17,5.52829647064209,1.1646311577583992,-0.29259443008669084,8.0304465817214,7.4253583041190785,-9.159331046965141e-05,-0.00016066179040616512,0.9968066219796452,0.9975190821124924,0.9968066219796452,0.9975190821124925,0.0,-4.913555244021151e-21
419,17,5.400117874145508,0.45730851737844896,-0.21760413534017686,8.132931649095756,7.496115638616747,-0.00020247488195238736,-0.00016484309956078737,0.9968843009294476,0.997455603994188,0.9968843009294476,0.997455603994188,2.718976945154633e-20,-1.703222774464403e-21
420,17,5.591314792633057,1.0334684789534476,-0.09249687391081443,8.120944656074428,7.5585985403625155,-0.00020345082669319753,-0.0001687038722740284,0.9968201799977141,0.9973920615945406,0.9968201799977141,0.9973920615945406,-2.719151844638596e-20,-4.252052341656559e-21
421,17,5.487283229827881,1.0599205349613317,0.02274486697640017,8.130046614354871,7.615743347761751,-0.0002530300438530648,-0.00017713648943193204,0.9968856650460184,0.9973414219396883,0.9968856650460183,0.9973414219396883,-5.437946449131934e-20,-9.264793556622837e-21
422,17,5.364571571350098,1.9961601565029308,0.22008639592905324,8.046639671556454,7.658832980141222,-0.00016456308185740516,-0.00017587914867447937,0.9967667136833671,0.9972839511140562,0.9967667136833671,0.9972839511140562,0.0,-8.338314200960553e-21
423,17,5.343948841094971,2.674437506880302,0.46552150702417816,8.35881171250924,7.728830853378024,-4.156983429292056e-05,-0.00016244821723632348,0.9961632199657207,0.9971718779992227,0.9961632199657208,0.9971718779992227,-6.802362747610358e-21,-8.184719055625533e-21
424,17,5.037564277648926,0.7939094651911335,0.49836030284087374,8.42080306495588,7.79802807453581,-0.00034886075885967713,-0.00018108947139865885,0.9965747910721949,0.9971121693065199,0.9965747910721949,0.9971121693065199,0.0,-7.366247150062979e-21
425,17,5.221062660217285,1.0552692897053695,0.5540512015273233,8.152244026675389,7.833449669749768,-0.00045217703901353145,-0.00020819822816014612,0.9969651978325185,0.9970974721591198,0.9969651978325184,0.9970974721591197,0.0,-6.629622435056681e-21
426,17,5.131171226501465,3.4127352555088772,0.8399196069254788,8.26417728717332,7.876522431492123,-0.00011978788515013138,-0.00019935719385914463,0.9962718594584066,0.9970149108890485,0.9962718594584066,0.9970149108890484,0.0,-5.9666601915510136e-21
427,17,5.288027286529541,2.2310058389442506,0.9790282301273561,8.41626965196398,7.930497153539309,-0.00019345569963005144,-0.00019876704443623532,0.9963601975915259,0.9969494395592963,0.9963601975915258,0.9969494395592962,0.0,-5.369994172395913e-21
428,17,5.7862443923950195,1.2728240250916318,1.0084078096237836,8.70801229644433,8.008248667829811,-0.0003733624981313994,-0.00021622658980575174,0.9966498782655487,0.9969194834299215,0.9966498782655486,0.9969194834299214,0.0,-4.832994755156321e-21
429,17,5.66703462600708,1.744815188365996,1.0820485474980048,8.805958402144586,8.088019641261289,-0.00035690722616479485,-0.00023029465344165606,0.9968004526726483,0.9969075803541942,0.9968004526726483,0.9969075803541941,5.438411316821297e-20,1.0887160371806084e-21
430,17,5.361684322357178,2.814146435732197,1.255258336321424,9.225074049545745,8.201725082089734,-0.000294990059790306,-0.00023676419407652106,0.996479110081107,0.9968647333268856,0.996479110081107,0.9968647333268854,-5.44016508483182e-20,-4.460320651369272e-21
431,17,5.51181173324585,2.4977449579803648,1.3795069984873183,9.336255674449028,8.315178141325664,-0.00022568857035580258,-0.00023565663170444922,0.9962755780493256,0.9968058177991297,0.9962755780493256,0.9968058177991295,0.0,-4.014288586232345e-21
432,17,5.420139312744141,0.8486987614594635,1.3264261747845327,9.773633655120799,8.461023692705178,-0.0004966602723224318,-0.0002617569957662475,0.9965324653674293,0.9967784825559597,0.9965324653674293,0.9967784825559595,0.0,-3.6128597276091105e-21
433,17,6.313518047332764,0.19889142899435355,1.213672700205515,9.683575528687973,8.583278876303458,-0.0006004454350730018,-0.00029562583969692293,0.9970102303846886,0.9968016573388325,0.9970102303846887,0.9968016573388324,0.0,-3.2515737548481994e-21
434,16,5.559296131134033,2.468404446071269,1.3391458747920904,9.207579112283607,8.645708899901473,-4.7837551714954934e-05,-0.00027084701089872615,0.9968145185348077,0.99680294345843,0.9968145185348076,0.9968029434584299,0.0,-2.9264163793633795e-21
435,16,5.51520299911499,2.453855563766299,1.4506168436895113,9.615593976185998,8.742697407529926,-2.4837007948671746e-05,-0.00024624601060372074,0.9965159601151848,0.9967742451241055,0.9965159601151847,0.9967742451241054,0.0,-2.6337747414270416e-21
436,16,5.246981620788574,1.149263339816556,1.4204814933022156,9.904941973198873,8.858921864096821,-0.00018352230183936864,-0.00023997363972728554,0.99666462026089,0.9967632826377839,0.9966646202608901,0.9967632826377838,0.0,-2.3703972672843375e-21
437,16,5.390509128570557,0.6073478735770003,1.3391681313296941,9.965862384154798,8.969615916102619,-0.0002140873165417952,-0.0002373850074087365,0.996811060045651,0.9967680603785707,0.9968110600456511,0.9967680603785706,0.0,-2.133357540555904e-21
438,16,5.84906005859375,0.737347523554685,1.2789860705521934,9.983111277602697,9.070965452252626,-0.00018606619399009794,-0.00023225312606687265,0.9969060674473903,0.9967818610854527,0.9969060674473904,0.9967818610854526,0.0,-1.9200217865003136e-21
439,16,5.939682960510254,1.563570200671734,1.3074444835641474,10.06658367796313,9.170527274823677,-2.5786519443125005e-05,-0.00021160646540449788,0.9967759398170379,0.9967812689586113,0.996775939817038,0.9967812689586112,0.0,-1.7280196078502823e-21
440,16,5.716431617736816,1.0727875100634021,1.283978786214073,10.363443766541169,9.289818923995426,1.982399659844809e-05,-0.0001884634192042033,0.9966870828627358,0.9967718503490238,0.9966870828627358,0.9967718503490237,3.399393698657793e-21,-1.2152782771994748e-21
441,16,5.759686470031738,-0.616355156179011,1.0939453919747646,10.933881548263102,9.454225186422194,-0.00022210718839940418,-0.0001918277961237234,0.9969237099040058,0.996787036304522,0.9969237099040057,0.9967870363045219,2.7188694624132843e-20,1.6251190129337573e-21
442,16,6.216944694519043,-0.6094076005820658,0.9236100927190816,10.810782275308883,9.589880895310863,-0.00021181926804512033,-0.00019382694331586308,0.9971521207414077,0.9968235447482107,0.9971521207414076,0.9968235447482106,0.0,1.4626071116403817e-21
443,16,6.063464641571045,-0.4481602236982417,0.7864330610773492,10.851784057731479,9.716071211552924,-0.00016358142212648128,-0.0001908023911969249,0.9971063545447358,0.9968518257278631,0.997106354544736,0.9968518257278631,0.0,1.3163464004763435e-21
444,16,5.770691394805908,-0.5998033511682638,0.647809419852788,10.871117602977725,9.831575850695405,-7.421074345014826e-05,-0.00017914322642224723,0.9969516409223947,0.9968618072473163,0.9969516409223947,0.9968618072473163,-1.3593966447088448e-20,-1.7468488428013571e-22
445,16,6.092690467834473,-1.4767195826964112,0.4353565195978681,10.944669044443907,9.942885170070255,-0.00018298387306645892,-0.0001795272910866684,0.9971212229997157,0.9968877488225564,0.9971212229997157,0.9968877488225564,2.718330899686942e-20,2.5611145038348196e-21
446,16,6.060466766357422,-1.4561507795391724,0.24620578968416404,10.935048702520204,10.042101523315251,-0.00017428565247294177,-0.00017900312722529574,0.9971176794445091,0.9969107418847517,0.9971176794445092,0.9969107418847517,-2.7183405600869236e-20,-4.133375066355861e-22
447,16,6.017467975616455,-1.4170630280909433,0.07987890790665331,10.914134456371185,10.129304816620845,-7.982053972253712e-05,-0.00016908486847501988,0.9969809891925764,0.9969177666155342,0.9969809891925763,0.9969177666155342,0.0,-3.720037559720275e-22
448,16,6.241519927978516,-2.7820120398810366,-0.20631018687211566,10.80706297782106,10.197080632740867,-0.00019402236954276655,-0.00017157861858179457,0.9972519197362401,0.9969511819276049,0.99725191973624,0.9969511819276049,0.0,-3.348033803748248e-22
449,16,6.306340217590332,-2.864421418530057,-0.4721213100379098,10.679391787546864,10.245311748221468,-0.0001894104950401137,-0.00017336180622762648,0.9972057516769726,0.9969766389025417,0.9972057516769726,0.9969766389025417,0.0,-3.013230423373423e-22
450,16,6.128102779388428,-3.0591238735553157,-0.7308215663896505,10.323563950464251,10.253136968445748,-0.00012749290976227722,-0.00016877491658109158,0.9972971476003272,0.9970086897723203,0.9972971476003272,0.9970086897723203,-2.717851382344485e-20,-2.9890421204480936e-21
451,16,6.140869140625,-3.449023125629609,-1.0026417223136463,10.011299017391513,10.228953173340326,-0.00010516125074340957,-0.00016241354999732338,0.9974640361945025,0.9970542244145386,0.9974640361945024,0.9970542244145386,0.0,-2.690137908403284e-21
452,16,6.155365943908691,-3.5561931735120016,-1.2579968674334818,9.950848943959432,10.201142750402235,-0.000145060041351207,-0.00016067819913271174,0.9975699547333382,0.9971057974464186,0.9975699547333382,0.9971057974464186,-2.7171081269566805e-20,-5.138232244519636e-21
453,16,6.048387050628662,-3.0583042341713536,-1.438027604107269,9.50782033956499,10.13181050931851,3.528553684685616e-06,-0.000144257523850972,0.9976080733414995,0.9971560250359267,0.9976080733414995,0.9971560250359267,0.0,-4.624409020067673e-21
454,16,6.0445556640625,-2.69760971585782,-1.5639858152823243,9.491598011569831,10.067789259543643,9.050477927955525e-05,-0.00012078129353791928,0.9975009609484202,0.9971905186271761,0.9975009609484202,0.9971905186271761,0.0,-4.161968118060906e-21
455,16,5.985004901885986,-3.3381588856502717,-1.7414031223191189,9.712289410324521,10.03223927462173,0.000167463276859394,-9.195683649818796e-05,0.9974134575077195,0.9972128125152305,0.9974134575077196,0.9972128125152305,0.0,-3.745771306254816e-21
456,16,6.142441272735596,-4.937842949256274,-2.0610471050128343,10.335114171402155,10.062526764299772,-0.0001286823419288271,-9.562938704125187e-05,0.99771977887529,0.9972635091512365,0.99771977887529,0.9972635091512365,-2.716700108189958e-20,-6.0878942838192925e-21
457,16,6.902980804443359,-4.777320864931539,-2.332674481004705,10.06433368800555,10.062707456670351,-4.3326974966865804e-05,-9.039914583381327e-05,0.9981097638048038,0.9973481346165933,0.9981097638048038,0.9973481346165933,0.0,-5.4791048554373636e-21
458,16,6.132810115814209,-3.356742886031195,-2.435081321507354,10.517624934821011,10.108199204485418,0.00023456740664416927,-5.7902490586015024e-05,0.9977296373331318,0.9973862848882471,0.9977296373331319,0.9973862848882472,0.0,-4.931194369893627e-21
459,16,6.437113285064697,-4.162016575037287,-2.607774846860347,11.031225930039259,10.200501877040802,0.00010816032222791293,-4.129620930462223e-05,0.9977526309155611,0.9974229194909786,0.9977526309155611,0.9974229194909786,0.0,-4.438074932904264e-21
460,16,6.6880927085876465,-5.1691576051193175,-2.8639131226862444,11.470032690234978,10.32745495836022,-9.10128455860304e-06,-3.8076716830020316e-05,0.9976802587258811,0.9974486534144689,0.9976802587258811,0.9974486534144689,1.698004826388026e-21,-3.824466956975035e-21
461,16,6.729360103607178,-6.03956057858594,-3.181477868276214,11.496381483162427,10.444347610840442,-9.35374281254249e-05,-4.3622787959560776e-05,0.9978211026759881,0.9974858983406207,0.9978211026759881,0.9974858983406207,1.3582121203613763e-20,-2.0838081409161556e-21
462,16,6.579701900482178,-6.124961961476276,-3.4758262775962203,11.524501150448963,10.552362964801294,-0.00013183067653962626,-5.244357681756732e-05,0.9978410879621595,0.9975214173027747,0.9978410879621596,0.9975214173027747,0.0,-1.8754273268245402e-21
463,16,6.017200469970703,-6.054743038722358,-3.733717953708834,11.148152489653164,10.611941917286481,-0.00012150026077883489,-5.934924521369408e-05,0.9978510373516661,0.9975543793076638,0.9978510373516661,0.9975543793076638,0.0,-1.6878845941420863e-21
464,16,6.657692909240723,-6.476048147144751,-4.007950973052425,10.797485916718173,10.630496317229651,-0.00019280641928458991,-7.269496262078367e-05,0.9978917934297883,0.9975881207198762,0.9978917934297883,0.9975881207198762,-2.7162318089596277e-20,-4.2353279436875055e-21
465,16,6.62108850479126,-6.748146477636854,-4.281970523510868,10.422598503204705,10.609706535827158,-0.00017324793489586492,-8.27502598482918e-05,0.9979246240725326,0.9976217710551419,0.9979246240725327,0.9976217710551419,0.0,-3.811795149318755e-21
466,16,6.057708740234375,-6.6634448254239045,-4.520117953702172,9.781085266569074,10.526844408901349,-0.00015321935172820904,-8.979716903628353e-05,0.9981464340661577,0.9976742373562435,0.9981464340661577,0.9976742373562435,0.0,-3.43061563438688e-21
467,16,6.682041168212891,-5.479822075939742,-4.616088365925929,9.22345158831955,10.39650512684317,2.478124605274126e-05,-7.833932752738105e-05,0.9980467701856013,0.9977114906391793,0.9980467701856013,0.9977114906391793,0.0,-3.087554070948192e-21
468,16,6.708164215087891,-5.346821429303338,-4.68916167226367,8.900103377326044,10.246864951891459,7.524511687094744e-05,-6.29808830875482e-05,0.9980147665669289,0.9977418182319543,0.9980147665669289,0.9977418182319543,0.0,-2.778798663853373e-21
469,16,6.684990406036377,-5.921298915407614,-4.812375396578064,8.85371804880312,10.107550261582626,0.00015322933031851463,-4.135986174694192e-05,0.9977477975983502,0.9977424161685939,0.9977477975983502,0.9977424161685939,0.0,-2.5009187974680357e-21
470,16,6.147634506225586,-8.241596885782378,-5.155297545498495,8.688676945582625,9.965662929982626,-0.00019044970454446734,-5.626884602669446e-05,0.9983379399923104,0.9978019685509656,0.9983379399923102,0.9978019685509656,-2.715017953975223e-20,-4.965844871696455e-21
471,16,6.346311092376709,-7.5841228459834715,-5.3981800755469935,8.23200689502142,9.792297326486507,-8.86995138440695e-05,-5.951191280843196e-05,0.9984459976573241,0.9978663714616015,0.9984459976573241,0.9978663714616015,0.0,-4.46926038452681e-21
472,16,6.876674175262451,-7.187765253030093,-5.577138593295303,8.006202147956092,9.613687808633465,1.706512018504757e-05,-5.185420950908401e-05,0.9982467585479387,0.9979044101702352,0.9982467585479387,0.9979044101702352,0.0,-4.022334346074129e-21
473,16,6.651787281036377,-8.680821628145187,-5.887506896780292,8.011316660249772,9.453450693795096,2.3421731114070813e-05,-4.4326615446768535e-05,0.9982157930830368,0.9979355484615154,0.9982157930830369,0.9979355484615154,-3.394187722228673e-21,-3.959519683689584e-21
474,16,6.523619651794434,-10.140020441296814,-6.312758251231944,7.982150163019199,9.306320640717507,-0.00020248785648381348,-6.0142739550473034e-05,0.9986752280595728,0.9980095164213212,0.9986752280595728,0.9980095164213212,0.0,-3.563567715320626e-21
475,16,6.297356128692627,-9.995880726931762,-6.681070498801926,7.660081420846763,9.141696718730433,-0.00011008791145672161,-6.513725674109789e-05,0.9990923964112804,0.9981178044203172,0.9990923964112806,0.9981178044203172,0.0,-3.2072109437885633e-21
476,16,6.806472301483154,-9.019584883721778,-6.9149219372939115,7.786730243609604,9.00620007121835,1.7073093606043385e-05,-5.691622170638376e-05,0.9990022248114607,0.9982062464594316,0.9990022248114607,0.9982062464594316,0.0,-2.886489849409707e-21
477,16,6.695086479187012,-8.667346414437443,-7.090164385008265,7.961170691161063,8.901697133212622,0.00019703306003931566,-3.152129353181382e-05,0.9987282357156564,0.9982584453850541,0.9987282357156563,0.998258445385054,2.7139569447253095e-20,1.161160802565734e-22
478,16,6.408430099487305,-11.186305733059088,-7.499778519813348,8.184118034460763,8.829939223337437,-0.00010502030343417494,-3.887119452204993e-05,0.9992307132223647,0.9983556721687852,0.9992307132223647,0.9983556721687851,0.0,1.0450447223091606e-22
479,16,6.681983470916748,-11.821527105995639,-7.931953378431578,8.031388744479262,8.750084175451619,-0.0002322766077780674,-5.821173584765168e-05,0.9996354377088393,0.9984836487227906,0.9996354377088392,0.9984836487227905,0.0,9.405402500782446e-23
480,16,6.642175197601318,-10.704081948772311,-8.20916623546565,7.834850833439683,8.658560841250425,-0.00010399878325751363,-6.279044058863788e-05,0.9996581657321916,0.9986011004237307,0.9996581657321916,0.9986011004237306,-1.355716145842951e-20,-1.271067523335909e-21
481,16,6.618823528289795,-9.939265517134178,-8.382176163632503,7.714676761095463,8.56417243323493,2.7426605306681858e-05,-5.37687359991059e-05,0.9994488795735826,0.9986858783387159,0.9994488795735826,0.9986858783387158,3.390000087310875e-21,-8.049607622712304e-22
482,16,6.50861930847168,-11.18163913426573,-8.662122460695825,7.544970184930345,8.462252208404472,-0.00015625832915817063,-6.401769531501237e-05,0.9995833508995544,0.9987756255947998,0.9995833508995544,0.9987756255947997,0.0,-7.244646860441074e-22
483,16,6.322906017303467,-11.982845092300854,-8.994194723856328,7.053763978134009,8.321403385377426,-0.0002515194702694638,-8.276787281045752e-05,0.9998438953813298,0.9988824525734528,0.9998438953813297,0.9988824525734527,0.0,-6.520182174396967e-22
484,16,6.287288665771484,-11.148507454732167,-9.209625996943911,6.306352125673674,8.119898259407051,-0.00024530562558151256,-9.902164808756303e-05,1.0002117881122847,0.999015386127336,1.0002117881122847,0.9990153861273359,0.0,-5.86816395695727e-22
485,16,6.672918796539307,-9.892437230056316,-9.277907120255152,5.822175336339609,7.890125967100308,-9.662151526585887e-05,-9.878163480539262e-05,1.0001093039766658,0.9991247779122691,1.0001093039766658,0.999124777912269,0.0,-5.281347561261544e-22
486,16,6.376809597015381,-10.02960752444118,-9.353077160673754,5.725896463255375,7.673703016715815,-0.00012395248705726887,-0.00010129872003058025,0.9999677943116577,0.999209079552208,0.9999677943116577,0.9992090795522078,0.0,-4.753212805135389e-22
487,16,6.240342140197754,-10.931540720337484,-9.510923516640126,5.504289619420283,7.456761676986262,-0.00022958700288448186,-0.0001141275483159704,1.0002200914183437,0.9993101807388215,1.0002200914183437,0.9993101807388214,0.0,-4.27789152462185e-22
488,16,6.103614807128906,-10.504457309439172,-9.61027689592003,5.129269056569785,7.224012414944614,-0.0001902983035273775,-0.00012174462383711111,1.0003780187398439,0.9994169645389237,1.0003780187398439,0.9994169645389236,0.0,-3.850102372159665e-22
489,16,5.717390060424805,-10.298923046622265,-9.679141510990254,5.066455842160997,7.008256757666253,-0.0002099556645278197,-0.00013056572790618197,1.0002925346369205,0.9995045215487234,1.0002925346369205,0.9995045215487233,-2.7097127463793402e-20,-3.05622195987371e-21
490,16,6.460431098937988,-11.112179588120318,-9.822445318703261,4.916569707862518,6.79908805268588,-0.00022627705498309898,-0.00014013686061387366,1.0001705018455749,0.9995711195784086,1.0001705018455749,0.9995711195784085,0.0,-2.750599763886339e-21
491,17,6.081747055053711,-12.085848197754103,-10.048785606608346,5.163058478480425,6.635485095265334,-0.0006062739805451362,-0.00018675057260699991,1.000456680345135,0.9996596756550813,1.000456680345135,0.9996596756550812,0.0,-2.475539787497705e-21
492,16,6.753047466278076,-11.717147144197448,-10.215621760367256,4.353379688639358,6.407274554602736,-0.0004671882994552888,-0.0002147943452918288,1.001073414742935,0.9998010495638667,1.001073414742935,0.9998010495638665,0.0,-2.2279858087479346e-21
493,16,6.489037036895752,-9.361368096082238,-10.130196393938753,3.9194648749075185,6.158493586633215,-0.00011864979127477641,-0.00020517988989012355,1.0007393421824264,0.9998948788257227,1.0007393421824264,0.9998948788257225,0.0,-2.0051872278731413e-21
494,17,6.286271572113037,-9.270336598369463,-10.044210414381824,4.063471996355178,5.948991427605412,-0.0001836450126918528,-0.00020302640217029647,1.0003783775464719,0.9999432286977976,1.0003783775464719,0.9999432286977974,2.709480224734112e-20,9.04811719648285e-22
495,16,5.938342094421387,-11.618350626099529,-10.201624435553596,3.641258045863068,5.718218089431177,-0.0001975640146624987,-0.0002024801634195167,1.000940199159858,1.0000429257440038,1.000940199159858,1.0000429257440036,0.0,8.143305476834565e-22
496,16,6.414224624633789,-11.674013052584241,-10.348863297256662,3.465522746462805,5.49294855513434,-0.00030158631769809766,-0.0002123907788473748,1.0013989137960106,1.0001785245492045,1.0013989137960106,1.0001785245492043,0.0,7.3289749291511085e-22
497,16,5.776230812072754,-9.90869801138596,-10.304846768669591,3.4685689992471933,5.290510599545626,-4.710810026402466e-05,-0.00019586251098903978,1.001162982887765,1.0002769703830605,1.001162982887765,1.0002769703830603,0.0,6.596077436235998e-22
498,16,6.018853187561035,-9.63433079695864,-10.237795171498497,3.596330765900944,5.1210926161811585,9.023824178453453e-05,-0.00016725243571168237,1.000977107185329,1.0003469840632873,1.000977107185329,1.0003469840632873,-1.3539297810893471e-20,-7.602828118281075e-22
499,16,6.072201728820801,-11.430299570992752,-10.357045611447923,4.047266187009506,5.013709973263994,-0.00014918483704524587,-0.00016544567584503872,1.0011247913177732,1.0004247647887359,1.001124791317773,1.0004247647887359,0.0,-6.842545306452968e-22
500,16,6.724414348602295,-12.559257572970157,-10.577266807600147,3.7094494850534443,4.88328392444294,-0.00033117613254938296,-0.00018201872151547315,1.0018860298736592,1.0005708912972282,1.001886029873659,1.0005708912972282,0.0,-6.158290775807671e-22
501,16,5.583613872528076,-9.86817206046265,-10.506357332886397,3.724265056476021,4.7673820376462475,8.467714438445657e-06,-0.00016297007792008127,1.0015298853126957,1.000666790698775,1.0015298853126957,1.000666790698775,0.0,-5.542461698226904e-22
502,16,5.564554214477539,-9.99490135188377,-10.455211734786134,3.660563934907204,4.656700227372343,8.850325756612598e-05,-0.00013782274437146056,1.001513092306995,1.0007514208595971,1.0015130923069953,1.0007514208595971,0.0,-4.988215528404213e-22
503,16,5.95466947555542,-11.919462218788224,-10.601636783186343,3.8554521646417483,4.5765754210992835,-0.00011470447415110799,-0.0001355109173494253,1.0017156090410269,1.00084783967774,1.001715609041027,1.00084783967774,1.3529316138981854e-20,9.039922163418063e-22
504,16,5.998884677886963,-12.192636009601912,-10.7607367058279,3.9618255247622707,4.515100431465583,-0.0003073810576893755,-0.00015269793138342032,1.001795462826153,1.0009426019925813,1.001795462826153,1.0009426019925813,0.0,8.135929947076257e-22
505,16,6.044657230377197,-11.294030233064541,-10.814066058551564,3.0368725218453907,4.367277640503564,-0.00019717119223571498,-0.00015714525746864978,1.0020658723866085,1.0010549290319841,1.0020658723866085,1.0010549290319841,-2.7049174170138956e-20,-1.9726837217770325e-21
506,16,5.7166643142700195,-11.02485436341387,-10.835144889037796,2.885057624174333,4.219055638870641,-0.0001387824919903828,-0.00015530898092082308,1.0017619420965544,1.0011256303384413,1.0017619420965544,1.0011256303384413,-2.705738077392952e-20,-4.481153426992282e-21
507,16,6.082351207733154,-12.310094077269188,-10.982639807860936,2.5264455358586844,4.049794628569446,-0.00030755484856338924,-0.00017053356768507972,1.0020648182207634,1.0012195491266735,1.0020648182207634,1.0012195491266735,0.0,-4.0330380842930534e-21
508,16,6.280538558959961,-12.29614333170976,-11.11399016024582,2.093636924806803,3.8541788581931815,-0.00028117230367180184,-0.00018159744128375195,1.0023120081547887,1.0013287950294851,1.002312008154789,1.0013287950294851,0.0,-3.629734275863748e-21
509,17,6.004397869110107,-10.690549134114859,-11.071646057632725,2.099863388744972,3.6787473112483604,-0.00037593477404466053,-0.0002010311745598428,1.0021373362534856,1.0014096491518851,1.0021373362534856,1.0014096491518851,0.0,-3.2667608482773736e-21
510,17,5.215071678161621,-10.39940009634835,-11.004421461504288,1.814128592331457,3.4922854393566705,-0.0002761676890898621,-0.00020854482601284473,1.0020456035330594,1.0014732445900025,1.0020456035330594,1.0014732445900025,5.4099442613328854e-20,2.4698594978832496e-21
511,17,5.142431259155273,-10.987966416683486,-11.002775957022209,2.02487969795756,3.34554486521676,-0.0003620856553174317,-0.00022389890894330345,1.0018477940904174,1.001510699540044,1.0018477940904174,1.001510699540044,5.411012425644242e-20,7.633885973739167e-21
512,17,5.426600456237793,-11.816305085916996,-11.084128869911687,1.9201100928323938,3.2030013879783232,-0.0005294656207729602,-0.00025445558012626913,1.002168492624512,1.0015764788484909,1.002168492624512,1.0015764788484909,1.0818561753484784e-19,1.7689059129850037e-20
513,17,5.804402828216553,-11.325420017860905,-11.10825798470661,1.3724566942713388,3.0199469186076247,-0.0005599946511201817,-0.0002850094872256604,1.0025456712070102,1.0016733980843429,1.0025456712070102,1.0016733980843429,1.0814491585008633e-19,2.6734644801873666e-20
514,17,5.549663066864014,-9.340425712147859,-10.931474757450735,1.127390548090025,2.8306912815558647,-0.00034553162891877805,-0.00029106170139497217,1.0022490965024748,1.0017309679261561,1.0022490965024748,1.0017309679261561,5.408845846152515e-20,2.947002616783881e-20
515,17,5.5737433433532715,-8.912642144083406,-10.729591496114002,0.9664827534149244,2.6442704287417707,-0.0002799316402395785,-0.0002899486952794328,1.0021027331338428,1.0017681444469249,1.0021027331338428,1.0017681444469249,5.409635841900734e-20,3.193265939295566e-20
516,17,5.2079691886901855,-9.825177384081536,-10.639150084910757,1.0267438313327846,2.482517769000872,-0.0004725347419006363,-0.00030820729994155316,1.0022040809748431,1.0018117380997167,1.0022040809748431,1.0018117380997167,0.0,2.87393934536601e-20
517,17,5.719634056091309,-9.882776766617907,-10.563512753081472,0.7287999397620365,2.3071459860769883,-0.0006607648579960366,-0.0003434630557470015,1.0026096856549294,1.001891532855238,1.0026096856549294,1.001891532855238,-1.0813801103240657e-19,1.5051653005053432e-20
518,17,5.452716827392578,-7.62180557934546,-10.26934203570787,0.3283739523830138,2.109268782707591,-0.0003619746061367881,-0.00034531421078598014,1.0021757722898195,1.0019199567986963,1.0021757722898195,1.0019199567986963,0.0,1.3546487704548089e-20
519,17,5.337255954742432,-7.530338135879444,-9.995441645725027,0.2624935164146115,1.9245912560782932,-0.00035038589603707504,-0.00034582137931108965,1.001957505327391,1.0019237116515658,1.0019575053273913,1.0019237116515658,0.0,1.219183893409328e-20
520,17,5.011633396148682,-9.002880467073432,-9.896185527859869,0.22455824763483434,1.7545879552339474,-0.0006801566378465582,-0.00037925490516463653,1.002201281509939,1.0019514686374031,1.002201281509939,1.0019514686374031,0.0,1.0972655040683952e-20
521,17,5.721187114715576,-8.70627963267824,-9.777194938341706,-0.5950421325972448,1.5196249464508282,-0.0006620994559412355,-0.00040753936024229644,1.0026087553999699,1.0020171973136598,1.0026087553999699,1.0020171973136598,1.0813811136658034e-19,2.068920067327359e-20
522,17,4.8099236488342285,-6.108170368377146,-9.41029248134525,-0.9634591597524563,1.2713165358304999,-0.00034407909606850093,-0.0004011933338249169,1.0021899950672615,1.00203447708902,1.0021899950672615,1.00203447708902,0.0,1.862028060594623e-20
523,17,4.649796485900879,-6.06553772798154,-9.07581700600888,-0.792859702399815,1.0648989120074683,-0.00037965407969885813,-0.00039903940841231104,1.0019811694398073,1.0020291463240987,1.0019811694398073,1.0020291463240987,0.0,1.675825254535161e-20
524,17,4.321889877319336,-7.532553520132379,-8.921490657421229,-0.8317816228931731,0.8752308585174042,-0.0006134303287779061,-0.00042047850044887056,1.0021825755977931,1.0020444892514682,1.002182575597793,1.0020444892514682,0.0,1.508242729081645e-20
525,17,4.587234973907471,-7.287323592897689,-8.758073950968875,-1.414523797857514,0.6462553928799124,-0.0006266453166257728,-0.0004410951820665608,1.0025353037819316,1.0020935707045144,1.0025353037819316,1.0020935707045144,0.0,1.3574184561734804e-20
526,17,4.839021682739258,-5.4467268237923925,-8.426939238251226,-1.965610873124168,0.38506876627950437,-0.0003359831810437219,-0.00043058398196427693,1.0022586448150008,1.0021100781155632,1.0022586448150008,1.0021100781155632,5.4087943171876005e-20,1.7625560422748925e-20
527,17,4.649365425109863,-5.58350835326937,-8.14259614975304,-1.9553454646559476,0.15102734318595917,-0.00029752482955403784,-0.00041727806672325305,1.0021450165288592,1.0021135719568928,1.0021450165288592,1.0021135719568928,0.0,1.5863004380474033e-20
528,17,4.599884510040283,-7.078456515500764,-8.036182186327812,-1.907888331828995,-0.05486422431553625,-0.0004703396207774751,-0.00042258422212867525,1.0023532005361413,1.0021375348148176,1.0023532005361413,1.0021375348148176,0.0,1.427670394242663e-20
529,17,4.686581611633301,-7.500591495049732,-7.982623117200004,-1.9957352730383788,-0.24895132918782054,-0.0006057001277087751,-0.00044089581268668527,1.002681710840824,1.0021919524174183,1.002681710840824,1.0021919524174183,1.0813024320313168e-19,2.3662057868497134e-20
530,17,4.751262664794922,-5.2991515375713485,-7.714275959237138,-2.414590799290136,-0.4655152761980521,-0.00036178920409328253,-0.00043298515182734496,1.0025271342217421,1.0022254705978506,1.0025271342217421,1.0022254705978506,-5.407345773873574e-20,1.5888506307773847e-20
531,17,4.322422027587891,-5.078422512363548,-7.450690614549779,-2.5799425106599103,-0.676957999644238,-0.00029322159883362063,-0.00041900879652797255,1.0024838475993036,1.0022513082979958,1.0024838475993036,1.0022513082979958,0.0,1.4299655676996464e-20
532,17,4.558660984039307,-5.660290833395918,-7.2716506364343925,-2.398135262637547,-0.849075725943569,-0.0003784069525269429,-0.0004149486121278696,1.0022057068401087,1.002246748152207,1.0022057068401085,1.002246748152207,0.0,1.2869690109296818e-20
533,17,4.17107629776001,-7.006914612881402,-7.245177034079093,-2.484352290767706,-1.0126033824259826,-0.0005307856609062418,-0.0004265323170057068,1.0025537934196447,1.0022774526789509,1.0025537934196447,1.0022774526789509,-1.0814403971156126e-19,7.683171272110092e-22
534,17,4.473893642425537,-6.889290938091215,-7.209588424480305,-2.5954736559452107,-1.1708904097779054,-0.0006119127085757159,-0.00044507035616270777,1.002827789854528,1.0023324863965086,1.0028277898545281,1.0023324863965086,-1.0811449218442387e-19,-1.011996380395248e-20
535,17,4.279115676879883,-5.787190598848328,-7.067348641917108,-2.67258384628709,-1.321059753428824,-0.00040939032291906126,-0.0004415023528383431,1.0026059496306845,1.0023598327199261,1.0026059496306845,1.0023598327199261,-5.406920699427708e-20,-1.451488812298494e-20
536,17,4.351994037628174,-5.786631906287304,-6.939276968354127,-2.584947049768583,-1.4474484830628,-0.00030090788984718633,-0.0004274429065392274,1.002362585315993,1.0023601079795328,1.002362585315993,1.0023601079795328,0.0,-1.3063399310686447e-20
537,17,3.9491679668426514,-7.251415703254241,-6.970490841844138,-2.4847213427397556,-1.5511757690304957,-0.0004863311350301402,-0.0004333317293883187,1.0026338899515053,1.0023874861767301,1.0026338899515053,1.0023874861767301,0.0,-1.1757059379617802e-20
538,17,4.31742525100708,-7.098531639361681,-6.983294921595893,-2.508381021296245,-1.6468962942570706,-0.0005411301287346335,-0.0004441115693229502,1.0027591466985413,1.0024246522289113,1.0027591466985413,1.0024246522289113,1.0812189308420712e-19,2.3083586676469093e-22
539,17,4.06931734085083,-5.816071740763742,-6.866572603512678,-2.596428704749219,-1.7418495353062855,-0.0002900921613619356,-0.0004287096285268487,1.002494174446126,1.0024316044506327,1.002494174446126,1.0024316044506327,-5.4075235553589213e-20,-5.1997712752706995e-21
540,17,4.3867506980896,-5.904023941821039,-6.770317737343514,-2.3622102992894924,-1.8038856117046063,-0.00022571332911347494,-0.00040840999858551136,1.0022621546471584,1.0024146594702854,1.0022621546471584,1.0024146594702854,0.0,-4.6797941477436294e-21
541,17,4.582760810852051,-7.752036695052006,-6.868489633114363,-2.101339526883988,-1.8336310032225445,-0.0005206215299279466,-0.0004196311517197549,1.00261376974498,1.0024345704977549,1.00261376974498,1.0024345704977549,1.0813757053838159e-19,6.601942320868893e-21
542,17,4.165433406829834,-7.269047307960295,-6.908545400598956,-2.1085800395201026,-1.8611259068523003,-0.0005225378263383278,-0.0004299218191816122,1.0026295275126613,1.0024540661992456,1.002629527512661,1.0024540661992456,1.0813587100064867e-19,1.675533518884687e-20
543,17,4.436967849731445,-6.32902059970049,-6.85059292050911,-2.1654328984573956,-1.89155660601281,-0.00040473694814153674,-0.00042740333207760465,1.0024489472192337,1.0024535543012445,1.0024489472192337,1.0024535543012445,5.4077675251844594e-20,2.048756919514664e-20
544,17,4.140369415283203,-6.233100542141498,-6.788843682672349,-2.1724803911837984,-1.9196489845299087,-0.0003554893467271363,-0.0004202119335425578,1.002360137318883,1.0024442126030084,1.002360137318883,1.0024442126030084,0.0,1.8438812275631977e-20
545,17,4.336242198944092,-7.020231093969917,-6.811982423802106,-2.1339677559965335,-1.9410808616765711,-0.00040443947497300644,-0.00041863468768560267,1.0024166894315854,1.002441460285866,1.0024166894315851,1.002441460285866,0.0,1.659493104806878e-20
546,17,4.327008247375488,-7.028448846547975,-6.833629066076693,-2.0965638252070184,-1.9566291580296158,-0.0004037458525828793,-0.00041714580417533034,1.0023852631123682,1.0024358405685163,1.0023852631123682,1.0024358405685163,0.0,1.4935437943261902e-20
547,17,4.139252185821533,-6.440749673585757,-6.7943411268276,-1.9951481101178106,-1.9604810532384354,-0.00041237532039720126,-0.00041666875579751743,1.0023663409089467,1.0024288906025594,1.0023663409089467,1.0024288906025594,5.408213186320427e-20,1.885010733525614e-20
548,17,4.3044867515563965,-6.297130678548475,-6.744620081999688,-1.78533830608708,-1.9429667785233,-0.0003894593380921189,-0.00041394781402697757,1.0022698308903282,1.0024129846313363,1.0022698308903282,1.0024129846313363,0.0,1.6965096601730527e-20
549,17,4.373645782470703,-6.8699786851240825,-6.757155942312128,-1.3471989236777517,-1.8833899930387452,-0.0005086361462803733,-0.00042341664725231715,1.0021904427864485,1.0023907304468476,1.0021904427864483,1.0023907304468476,0.0,1.5268586941557474e-20
550,17,4.290118217468262,-6.597185491647512,-6.741158897245667,-1.3180133652138981,-1.8268523302562607,-0.0004415361573733884,-0.00042522859826442426,1.0020396016053212,1.0023556175626949,1.0020396016053212,1.0023556175626949,0.0,1.3741728247401728e-20
551,17,4.9726176261901855,-7.487796830309839,-6.815822690552084,-1.2070257479820623,-1.7648696720288408,-0.00042294943577227655,-0.0004250006820152095,1.0017828016526176,1.002298335971687,1.0017828016526176,1.002298335971687,0.0,1.2367555422661556e-20
552,17,4.282609939575195,-9.332072394435794,-7.067447660940456,-1.0474790888235446,-1.693130613708311,-0.000666357176090553,-0.00044913633142274384,1.0019764415300283,1.0022661465275213,1.0019764415300283,1.0022661465275213,0.0,1.1130799880395401e-20
553,17,4.019966125488281,-9.49174888810099,-7.309877783656509,-1.1129921596028791,-1.6351167682977679,-0.0007450826287672545,-0.0004787309611571949,1.0021171450384252,1.0022512463786117,1.0021171450384254,1.0022512463786117,0.0,1.0017719892355861e-20
554,17,4.278896808624268,-7.931461559599641,-7.372036161250822,-1.4620251540080293,-1.6178076068687939,-0.0005273992564822984,-0.0004835977906897053,1.0019223285074375,1.0022183545914944,1.0019223285074377,1.0022183545914944,0.0,9.015947903120275e-21
555,17,4.376801490783691,-7.661187830028271,-7.400951328128567,-1.515159764533155,-1.6075428226352302,-0.0005210238624064418,-0.00048734039786137894,1.001787664000254,1.0021752855323705,1.001787664000254,1.0021752855323705,-1.0822674419408996e-19,-2.708321306600749e-21
556,17,4.335384845733643,-7.328848298607569,-7.3937410251764675,-1.5603911882370727,-1.6028276591954145,-0.0004665248657768832,-0.0004852588446529293,1.0017136094508978,1.002129117924223,1.0017136094508978,1.002129117924223,5.4117372583158963e-20,2.9742480823752226e-21
557,17,4.197345733642578,-7.277750961419555,-7.382142018800776,-1.6083794685292638,-1.6033828401287995,-0.00046094058687088827,-0.0004828270188747252,1.0017024856106547,1.0020864546928663,1.0017024856106547,1.0020864546928663,-5.411797355302341e-20,-2.7349740811646413e-21
558,17,4.229542255401611,-6.8457720826011,-7.328505025180808,-1.581855698546325,-1.601230125970552,-0.00036035205212229463,-0.0004705795221994821,1.0014328282180691,1.0020210920453865,1.0014328282180691,1.0020210920453865,0.0,-2.4614766730481774e-21
559,17,3.9323904514312744,-8.126136987384017,-7.40826822140113,-1.5502018428182833,-1.5961272976553251,-0.00047181430747432343,-0.0004707030007269662,1.0014504321292252,1.0019640260537703,1.001450432129225,1.0019640260537703,0.0,-2.2153290057433598e-21
560,17,3.897808790206909,-8.920673225167148,-7.559508721777732,-1.563098474859342,-1.5928244153757267,-0.0005492604786798657,-0.00047855874852225613,1.0016022931874276,1.001927852767136,1.0016022931874276,1.001927852767136,0.0,-1.993796105169024e-21
561,17,3.8043360710144043,-8.429159321661574,-7.646473781766116,-1.5538114788731094,-1.5889231217254651,-0.0005143158482921837,-0.0004821344584992489,1.0015366590891681,1.0018887333993391,1.0015366590891683,1.0018887333993391,-1.0825386795841452e-19,-1.2619803290493574e-20
562,17,4.067840576171875,-7.882569848913995,-7.670083388480904,-1.5164364216333484,-1.5816744517162535,-0.0004671758395754831,-0.00048063859660687233,1.0014365639894351,1.0018435164583488,1.0014365639894354,1.0018435164583488,0.0,-1.1357822961444217e-20
563,17,4.41694450378418,-7.820489146509322,-7.685123964283746,-1.3440767362354047,-1.5579146801681687,-0.00034151911807179765,-0.0004667266487533649,1.001074664534018,1.0017666312659157,1.001074664534018,1.0017666312659157,-5.415191348340539e-20,-1.5637232013640333e-20
564,17,4.50478982925415,-9.225333603543074,-7.839144928209679,-1.1501391808493127,-1.517137130236283,-0.0005052052085491024,-0.00047057450473293863,1.0012096141767597,1.0017109295570001,1.0012096141767597,1.0017109295570001,0.0,-1.40735088122763e-20
565,17,4.441616535186768,-9.321401574243216,-7.987370592813034,-1.136909077372437,-1.4791143249498984,-0.0005254287172580366,-0.00047605992598544845,1.001227233942552,1.0016625599955553,1.001227233942552,1.0016625599955553,0.0,-1.2666157931048671e-20
566,17,4.417581558227539,-8.940920517309348,-8.082725585262665,-1.013646743740682,-1.4325675668289768,-0.0005275006227258148,-0.00048120399565948507,1.0011387449495317,1.001610178490953,1.0011387449495317,1.001610178490953,-1.0829689470665328e-19,-2.222923160860913e-20
567,17,4.499068260192871,-8.829018226394043,-8.157354849375803,-0.8429426639175015,-1.3736050765378292,-0.0004495539245421091,-0.0004780389885477475,1.0008686502214297,1.0015360256640007,1.0008686502214295,1.0015360256640007,5.4163059870325565e-20,-1.4590002460715663e-20
568,17,4.575538158416748,-9.199034053423917,-8.261522769780616,-0.732056100613831,-1.3094501789454294,-0.000578070469544931,-0.00048804213664746586,1.0010277059788484,1.0014851936954854,1.0010277059788484,1.0014851936954854,-1.0830890753671243e-19,-2.3961892968315343e-20
569,17,4.759891033172607,-8.849225090568952,-8.320293001859449,-0.7236058659766266,-1.2508657476485492,-0.0006024479915395613,-0.0004994827221366754,1.0010838233663,1.001445056662567,1.0010838233662998,1.0014450566625668,-1.0830283610414424e-19,-3.2395987281898235e-20
570,17,4.957096576690674,-7.6227539496587955,-8.250539096639384,-0.6507857585914838,-1.1908577487428427,-0.0004940582170100205,-0.00049894027162401,1.0009559903363705,1.0013961500299473,1.0009559903363707,1.0013961500299473,0.0,-2.9156388553708413e-20
571,17,4.892314910888672,-7.386907713819523,-8.164175958357399,-0.42678315245681925,-1.1144502891142405,-0.00044024086296303306,-0.0004930703307579123,1.0008264138055132,1.001339176407504,1.0008264138055132,1.001339176407504,5.416534563486218e-20,-2.0824215134851353e-20
572,17,4.765976428985596,-8.602134130145979,-8.207971775536258,-0.10524085710152105,-1.0135293459129686,-0.0005878222251624809,-0.0005025455201983692,1.0008648584260749,1.001291744609361,1.0008648584260749,1.001291744609361,0.0,-1.874179362136622e-20
573,17,4.88621711730957,-8.814045223617848,-8.268579120344416,-0.16589621676025876,-0.9287660329976977,-0.0007129119494213693,-0.0005235821631206692,1.0011482138194667,1.0012773915303717,1.0011482138194667,1.0012773915303717,1.0829587043352749e-19,-6.038027215876849e-21
574,17,4.592302322387695,-7.38789063081432,-8.180510271391407,-0.24805420163780145,-0.8606948498617081,-0.0005363033689180846,-0.0005248542837004108,1.0009688034451873,1.0012465327218532,1.0009688034451876,1.0012465327218532,0.0,-5.4342244942891644e-21
575,17,4.366912841796875,-7.478589767376558,-8.110318220989923,-0.20638729154377572,-0.7952640940299148,-0.00046972509891307895,-0.0005193413652216776,1.0009029475983422,1.0012121742095021,1.0009029475983424,1.0012121742095021,0.0,-4.890802044860248e-21
576,17,4.279593467712402,-7.743847390990485,-8.07367113798998,-0.28135275676448146,-0.7438729603033715,-0.0005381755846170572,-0.0005212247871612156,1.0011663361368868,1.0012075904022406,1.0011663361368865,1.0012075904022406,-1.0829391014774039e-19,-1.5231112855148262e-20
577,17,4.5917277336120605,-7.131396557550175,-7.979443679945999,-0.17528235687990024,-0.6870138999610244,-0.0004458741594383894,-0.000513689724388933,1.0010326944703216,1.0011901008090487,1.0010326944703216,1.0011901008090487,0.0,-1.3708001569633435e-20
578,17,5.169259071350098,-7.565063140167271,-7.938005625968127,0.13636328486319504,-0.6046761814786025,-0.000525705451431674,-0.0005148912970932071,1.001082747974384,1.0011793655255823,1.0010827479743842,1.0011793655255823,1.0830295244616952e-19,-1.5069061680531408e-21
579,17,5.257691383361816,-7.940578302267638,-7.938262893598077,0.3104151815292575,-0.5131670451778164,-0.0005348236399970636,-0.0005168845313835927,1.0011314392261426,1.0011745728956383,1.0011314392261426,1.0011745728956383,1.0829768499964141e-19,9.473552948716316e-21
580,17,5.029242992401123,-8.328351117699832,-7.977271716008254,0.4157356363980554,-0.42027677702022925,-0.0005763750656216925,-0.0005228335848074027,1.0012607099257909,1.0011831865986536,1.0012607099257909,1.0011831865986536,-1.0828370290949106e-19,-2.3021726371044225e-21
581,17,5.098262786865234,-8.66434077521059,-8.045978621928487,0.5514642434453547,-0.32310267497367084,-0.0005323685575945401,-0.0005237870820861165,1.001381679590359,1.0012030358978241,1.001381679590359,1.0012030358978241,-1.082706219399805e-19,-1.2899017567392032e-20
582,17,5.407115936279297,-9.030374461126215,-8.14441820584826,0.8249382366112825,-0.2082985838151755,-0.0005668626344747699,-0.0005280946373249819,1.0013695160181098,1.0012196839098526,1.0013695160181098,1.0012196839098526,1.0827193709638517e-19,-7.819221010143116e-22
583,17,5.317972660064697,-9.51794965606566,-8.28177135087,0.8643641462923466,-0.10103231080442328,-0.0006072842728915384,-0.0005360136008816375,1.0015233612348615,1.0012500516423535,1.0015233612348615,1.0012500516423535,0.0,-7.037298909128805e-22
584,17,5.412524223327637,-9.471287987780075,-8.40072301456101,0.9440199651924007,0.003472916795259129,-0.0004243720477215861,-0.0005248494455656324,1.0014612739842483,1.001271173876543,1.0014612739842483,1.001271173876543,-5.413100838997383e-20,-6.0464577408189754e-21
585,17,6.262951374053955,-11.08157766937352,-8.66880848004226,1.8689046668046525,0.1900160917961985,-0.000617064584345349,-0.0005340709594436041,1.001425469653804,1.0012866034542691,1.001425469653804,1.0012866034542691,0.0,-5.441811966737078e-21
586,17,6.174991607666016,-12.641295707096475,-9.066057202747682,2.253787279825395,0.39639321059911814,-0.000761047715723238,-0.0005567686350715675,1.001651107316436,1.0013230538404858,1.001651107316436,1.0013230538404858,0.0,-4.89763077006337e-21
587,17,5.7776079177856445,-12.674859393606276,-9.426937421833541,2.3406269055592333,0.5908165800951297,-0.000766181472612461,-0.0005777099188256569,1.0016919468763994,1.0013599431440772,1.0016919468763994,1.0013599431440772,0.0,-4.4078676930570325e-21
588,17,5.652200698852539,-12.88418580720147,-9.772662260370335,2.38460835544674,0.7701957576302908,-0.0008190946293015676,-0.000601848389873248,1.0017294658894,1.0013968954186094,1.0017294658894,1.0013968954186094,0.0,-3.967080923751329e-21
589,17,5.75062370300293,-12.824353997595926,-10.077831434092895,2.1579244923530094,0.9089686311025627,-0.0007844480896421534,-0.0006201083598501386,1.0018044957996948,1.001437655456718,1.0018044957996948,1.001437655456718,0.0,-3.5703728313761964e-21
590,17,5.668023586273193,-12.345339242426514,-10.304582214926256,2.0412623600940236,1.0221980040017087,-0.0007315833823375174,-0.0006312558620988764,1.0017876216549055,1.0014726520765367,1.0017876216549058,1.0014726520765367,0.0,-3.213335548238577e-21
591,17,5.680717468261719,-12.393057638877192,-10.51342975732135,1.9777646007326921,1.117754663674807,-0.0006683665169384819,-0.000634966927582837,1.0017293827968419,1.0014983251485672,1.0017293827968419,1.0014983251485672,-1.0823304088958611e-19,-1.371530608237333e-20
592,17,5.726694107055664,-12.597196568589904,-10.721806438448207,1.9828507532733113,1.2042642726346575,-0.000716588972277834,-0.0006431291320523367,1.0017773451687082,1.0015262271505814,1.0017773451687082,1.0015262271505814,0.0,-1.2343775474135998e-20
593,17,5.741516590118408,-12.538857244797455,-10.903511519083132,1.7480435016532248,1.2586421955365144,-0.0006758614556576065,-0.0006464023644128637,1.0017779253928727,1.0015513969748104,1.0017779253928727,1.0015513969748104,0.0,-1.1109397926722399e-20
594,17,5.890421390533447,-13.280282785193313,-11.14118864569415,1.7394211781513804,1.306720093798001,-0.0007022004781005089,-0.0006519821757816282,1.0017946571915233,1.0015757229964817,1.0017946571915235,1.0015757229964817,0.0,-9.998458134050159e-21
595,17,5.690663814544678,-13.468477013580822,-11.373917482482817,1.5549662867593457,1.3315447130941354,-0.0007225870523963467,-0.0006590426634431001,1.0018543856853637,1.0016035892653699,1.0018543856853634,1.0016035892653699,-1.0821953648920819e-19,-1.9820565969565962e-20
596,17,6.167339324951172,-13.474659869376566,-11.583991721172191,1.4248467938096696,1.3408749211656887,-0.0007412744757506382,-0.000667265844673854,1.0019838399392158,1.0016416143327544,1.0019838399392158,1.0016416143327544,0.0,-1.7838509372609366e-20
597,17,5.89152717590332,-12.197200279884077,-11.64531257704338,1.3135035159973045,1.3381377806488504,-0.0006392984856562764,-0.0006644691087720961,1.0018926989670347,1.0016667227961824,1.0018926989670347,1.0016667227961824,1.0821539807639401e-19,-5.233118627709029e-21
598,17,5.712368488311768,-12.242252292679858,-11.70500654860703,1.288618067846662,1.3331858093686317,-0.0005461102752663936,-0.000652633225421526,1.0017644440488194,1.0016764949214463,1.0017644440488196,1.0016764949214463,0.0,-4.709806764938126e-21
599,17,5.845429420471191,-13.130281015422186,-11.847533995288545,1.3327983368458631,1.333147062116355,-0.0005631638738892207,-0.0006436862902682955,1.0017626682729581,1.0016851122565975,1.0017626682729581,1.0016851122565975,0.0,-4.238826088444314e-21
600,17,5.851495265960693,-14.135918201655025,-12.076372415925192,1.4665662857401975,1.3464889844787393,-0.0007022563564313429,-0.0006495432968846003,1.001938679440553,1.0017104689749932,1.001938679440553,1.0017104689749932,0.0,-3.8149434795998826e-21
601,17,5.849976539611816,-13.975008904159305,-12.266236064748604,1.4389561310460233,1.3557356991354677,-0.0007472596062627297,-0.0006593149278224132,1.0020247527718409,1.001741897354678,1.0020247527718409,1.001741897354678,0.0,-3.433449131639895e-21
602,17,5.726022720336914,-12.860490328864604,-12.325661491160204,0.9891574012844253,1.3190778693503635,-0.0006222733783990914,-0.000655610772880081,1.0020242937971566,1.0017701369989258,1.0020242937971566,1.0017701369989258,0.0,-3.0901042184759054e-21
603,17,5.792933940887451,-12.123122777852846,-12.30540761982947,0.7174712280311601,1.2589172052184434,-0.0004892436562911026,-0.0006389740612211831,1.0018988542195195,1.0017830087209854,1.0018988542195195,1.0017830087209854,0.0,-2.781093796628315e-21
604,17,5.823140621185303,-12.727608972300114,-12.347627755076534,0.9810001785777895,1.231125502554378,-0.000655222738601838,-0.0006405989289592486,1.0017943957269735,1.001784147421584,1.0017943957269735,1.001784147421584,0.0,-2.5029844169654836e-21
605,17,6.016442775726318,-13.346002035334037,-12.447465183102285,0.7901355151267564,1.187026503811616,-0.0007703108697087736,-0.0006535701230342011,1.0019422130264384,1.0017999539820694,1.0019422130264382,1.0017999539820694,-1.0821005027930645e-19,-1.3073691003199582e-20
606,17,5.986084461212158,-13.226837498298936,-12.52540241462195,0.5893172282758001,1.1272555762580345,-0.000706203628207332,-0.0006588334735515142,1.0019225970341519,1.0018122182872777,1.0019225970341519,1.0018122182872777,1.0821216885365327e-19,-9.451050175142964e-22
607,17,6.278036117553711,-13.622671514843864,-12.635129324644144,0.7183739165341573,1.0863674102856467,-0.0006606579196665008,-0.0006590159181630128,1.0017300244095682,1.0018039988995067,1.0017300244095682,1.0018039988995067,-1.0823297156582148e-19,-1.1673891672345015e-20
608,17,6.239255428314209,-14.782264076458347,-12.849842799825565,0.7881860023414695,1.0565492694912288,-0.0007479974042862167,-0.0006679140667753332,1.0017883593106813,1.001802434940624,1.0017883593106813,1.001802434940624,0.0,-1.0506502505110514e-20
609,17,6.1589531898498535,-14.83562358089355,-13.048420877932363,0.7696447040442985,1.0278588129465358,-0.0007518294732630642,-0.0006763056074241063,1.0018092671140546,1.0018031181579672,1.0018092671140546,1.0018031181579672,0.0,-9.455852254599463e-21
610,17,5.9451704025268555,-14.697393592766412,-13.213318149415768,0.7131282290328419,0.9963857545551664,-0.0007560996654465933,-0.0006842850132263551,1.0018952300523842,1.001812329347409,1.001895230052384,1.0018123293474088,0.0,-8.510267029139517e-21
611,17,5.8848395347595215,-14.57112482597322,-13.349098817071514,0.859461095570423,0.9826932886566921,-0.0006622312734787219,-0.0006820796392515918,1.0018633092868336,1.0018174273413516,1.0018633092868336,1.0018174273413514,1.0821857257725936e-19,3.1626169315003705e-21
612,17,6.001375198364258,-14.716801372579251,-13.485869072622288,0.9905475122460853,0.9834787110156314,-0.0006592365094459282,-0.0006797953262710255,1.0018055668668728,1.0018162412939038,1.0018055668668728,1.0018162412939036,1.0822481011722917e-19,1.366883625007325e-20
613,17,5.8987627029418945,-14.747687872361599,-13.612050952596219,0.8987733648939047,0.9750081764034587,-0.0006168736910831741,-0.0006735031627522404,1.0018548312927817,1.0018201002937916,1.0018548312927815,1.0018201002937914,0.0,1.2301952625065926e-20
614,17,5.818894863128662,-14.403361328389794,-13.691181990175576,0.8869483317885971,0.9662021919419725,-0.0005888748969568193,-0.0006650403361726984,1.0018098266294118,1.0018190729273537,1.0018098266294118,1.0018190729273535,0.0,1.1071757362559334e-20
615,17,6.176755905151367,-14.450875767406735,-13.767151367898693,0.8529192971679955,0.9548739024645748,-0.0005993383021977537,-0.000658470132775204,1.0017390153458254,1.0018110671692009,1.0017390153458254,1.0018110671692007,0.0,9.964581626303402e-21
616,17,6.332139492034912,-15.161684042680122,-13.906604635376837,0.8118906731946711,0.9405755795375845,-0.0006392985871133329,-0.0006565529782090169,1.001618291784764,1.0017917896307573,1.0016182917847642,1.001791789630757,0.0,8.968123463673062e-21
617,17,6.131034851074219,-16.03338511100311,-14.119282682939465,0.8199699492152062,0.9285150165053466,-0.0008038211066870005,-0.0006712797910568152,1.0017266109728282,1.0017852717649645,1.0017266109728282,1.0017852717649642,0.0,8.071311117305756e-21
618,17,6.0571441650390625,-15.664253628829245,-14.273779777528443,0.550909004710705,0.8907544153258824,-0.0007568142794371955,-0.0006798332398948532,1.0018388223871848,1.0017906268271866,1.0018388223871848,1.0017906268271863,0.0,7.26418000557518e-21
619,17,6.10234260559082,-14.391494886349319,-14.285551288410531,0.37672371809822297,0.8393513456031165,-0.000612379652786617,-0.0006730878811840297,1.0016980773252366,1.0017813718769917,1.0016980773252369,1.0017813718769915,1.0823642343215557e-19,1.736140434823322e-20
620,17,6.231908321380615,-14.630946681538044,-14.320090827723282,0.2812660703592811,0.7835428180787329,-0.0005442425798574118,-0.0006602033510513678,1.0014913487043506,1.0017523695597275,1.0014913487043506,1.0017523695597275,1.0825876567862103e-19,2.6451140481272003e-20
621,17,6.371549606323242,-16.296480274493664,-14.51772977240032,0.29155648205819507,0.7343441844766792,-0.0007940251662043061,-0.0006735855325666617,1.0016487294951628,1.001742005553271,1.001648729495163,1.001742005553271,0.0,2.3806026433144803e-20
622,17,6.517232418060303,-15.633130564535442,-14.629269851613834,0.010898045879735297,0.6619995706169848,-0.0007992544231200425,-0.0006861524216219997,1.0017347782185422,1.0017412828197982,1.0017347782185422,1.0017412828197982,1.0823245793798035e-19,3.224866958362836e-20
623,17,5.748013973236084,-14.542541008477244,-14.620596967300177,-0.45566443632045606,0.5502331699232407,-0.000582299378849035,-0.0006757671173447033,1.0015215661243146,1.0017193111502498,1.0015215661243149,1.00171931115025,0.0,2.9023802625265524e-20
624,17,5.801807403564453,-15.474843194155781,-14.706021589985738,-0.25265628574876003,0.4699442243560406,-0.0007723165507787609,-0.000685422060688109,1.0014428093957775,1.0016916609748026,1.0014428093957775,1.0016916609748028,0.0,2.612142236273897e-20
625,17,6.383519172668457,-16.135945654300414,-14.849013996417206,-0.34790603967127404,0.38815919795330917,-0.0008388835080744981,-0.0007007682054267479,1.0014372017518893,1.0016662150525113,1.001437201751889,1.0016662150525115,1.0826461914824298e-19,3.433574204128937e-20
626,17,6.325778961181641,-16.15144567213625,-14.97925716398911,-0.3518967837181151,0.31415359978616675,-0.0008304458861268192,-0.0007137359734967551,1.0014416928116106,1.0016437628284212,1.0014416928116103,1.0016437628284214,-1.0826413362534756e-19,2.0075754474625676e-20
627,17,5.985324382781982,-16.111128800969162,-15.092444327687117,-0.2893437791705397,0.2538038618904961,-0.0008130836105599835,-0.0007236707372030779,1.0014404912589134,1.0016234356714704,1.0014404912589134,1.0016234356714706,-1.0826426352329244e-19,7.241752674833865e-21
628,17,5.775067329406738,-16.106502711630252,-15.19385016608143,-0.22647693087753681,0.20577578261369278,-0.000805377197123326,-0.0007318413831951027,1.0014622636550192,1.0016073184698253,1.001462263655019,1.0016073184698255,0.0,6.517577407350479e-21
629,17,5.708422660827637,-14.78299246671922,-15.15276439614521,-0.16635431037068535,0.168562773315255,-0.00070313167049348,-0.0007289704119249405,1.0014392767963913,1.001590514302482,1.0014392767963913,1.0015905143024821,0.0,5.865819666615431e-21
630,17,5.614684104919434,-14.009061349809501,-15.03839409151164,-0.1541756311889302,0.13628893286483645,-0.0006009030728410407,-0.0007161636780165505,1.0012810072402718,1.0015595635962609,1.0012810072402718,1.001559563596261,0.0,5.279237699953888e-21
631,17,5.991732597351074,-14.359300329515445,-14.97048471531202,0.1452881058158553,0.13718885015993834,-0.000642372773199559,-0.0007087845875348513,1.0011509299624601,1.001518700232881,1.0011509299624601,1.0015187002328811,0.0,4.7513139299585e-21
632,17,6.204679012298584,-15.033342778655324,-14.976770521646351,0.48716435363926025,0.17218640050787054,-0.0007197025067331493,-0.0007098763794546811,1.0011066148336911,1.0014774916929619,1.0011066148336911,1.0014774916929623,0.0,4.27618253696265e-21
633,17,6.2529683113098145,-15.057432249575925,-14.98483669443931,0.7138138093199122,0.22634914138907472,-0.0007914291041223532,-0.0007180316519214484,1.0010876036864391,1.0014385028923096,1.0010876036864391,1.0014385028923098,0.0,3.848564283266385e-21
634,17,6.278359889984131,-13.207677359478323,-14.807120760943212,0.6653947530212991,0.2702537025522972,-0.0006448476301829622,-0.0007107132497475997,1.0009824482529017,1.001392897428369,1.000982448252902,1.001392897428369,1.0831380454051446e-19,1.4295088308991192e-20
635,17,6.189648151397705,-12.944964275749419,-14.620905112423833,0.7153178053145093,0.3147601128285184,-0.0005810775295797395,-0.0006977496777308137,1.0008208016998243,1.0013356878555144,1.0008208016998243,1.0013356878555144,0.0,1.2865579478092073e-20
636,17,6.475893020629883,-14.239648599300478,-14.582779461111496,1.0070469733705496,0.3839887988827215,-0.0006723788142236814,-0.0006952125913801004,1.0006315657311862,1.0012652756430815,1.000631565731186,1.0012652756430815,0.0,1.1579021530282866e-20
637,17,5.829310417175293,-14.665710757838,-14.591072590784147,1.2100899192925765,0.4665989109237071,-0.0008610258994684901,-0.0007117939221889394,1.000653887045923,1.0012041367833657,1.000653887045923,1.0012041367833657,0.0,1.042111937725458e-20
638,17,6.087428092956543,-13.10755197047058,-14.44272052875279,0.7913002170662219,0.4990690415379586,-0.0007282008801971145,-0.0007134346179897569,1.0005299631834914,1.0011367194233782,1.0005299631834914,1.0011367194233782,0.0,9.379007439529122e-21
639,17,6.084242820739746,-12.561957712156826,-14.254644247093195,0.644022919848439,0.5135644293690067,-0.000672903312990635,-0.0007093814874898447,1.0003491488346214,1.0010579623645026,1.0003491488346214,1.0010579623645026,0.0,8.44110669557621e-21
640,17,5.921735763549805,-13.221497711759286,-14.151329593559803,0.658741230420232,0.5280821094741293,-0.0007000271852552112,-0.0007084460572663814,1.0000689645057095,1.0009590625786233,1.0000689645057095,1.0009590625786233,-1.0841274061748115e-19,-3.2442780357295264e-21
641,17,5.753259658813477,-13.55033403075072,-14.091230037278896,0.6902342313717459,0.544297321663891,-0.0007811497165827079,-0.000715716423198014,1.0001258071607921,1.0008757370368402,1.0001258071607921,1.0008757370368402,0.0,-2.919850232156574e-21
642,17,6.196473121643066,-12.598509632301658,-13.941957996781172,0.3773433801780012,0.527601927515302,-0.0007098859856464287,-0.0007151333794428555,1.0001220397134187,1.000800367304498,1.0001220397134187,1.000800367304498,0.0,-2.6278652089409164e-21
643,17,6.037688255310059,-11.759239962384425,-13.723686193341496,0.31463512966172463,0.5063052477299442,-0.0006551354372548512,-0.000709133585224055,1.0000437944166305,1.0007247100157113,1.0000437944166305,1.0007247100157113,0.0,-2.3650786880468247e-21
644,17,5.810648441314697,-11.664771244569248,-13.517794698464272,0.3631633109890141,0.49199105405585125,-0.0006044992994562385,-0.0006986701566472734,0.9999148270023823,1.0006437217143784,0.9999148270023823,1.0006437217143784,1.0842945251005077e-19,8.714374431762934e-21
645,17,5.703843593597412,-12.816516014117408,-13.447666830029586,0.7198388657760966,0.5147758352278757,-0.0006945327380839321,-0.0006982564147909392,0.9999219805905991,1.0005715476020005,0.9999219805905991,1.0005715476020005,0.0,7.84293698858664e-21
646,17,6.016356945037842,-13.096682922672906,-13.412568439293917,0.9335343357581611,0.5566516852809043,-0.0007481823291080738,-0.0007032490062226526,1.000117435842835,1.000526136426084,1.0001174358428353,1.000526136426084,0.0,7.058643289727977e-21
647,17,6.224880218505859,-11.505765742396118,-13.221888169604137,1.1238774505977316,0.613374261812587,-0.0006801500589644672,-0.000700939111496834,1.000083641339205,1.0004818869173961,1.0000836413392047,1.0004818869173961,1.0841114959481362e-19,1.719389392023654e-20
648,17,6.116562366485596,-11.486486588912305,-13.048348011534955,1.1203498647582064,0.664071822107149,-0.0006751819740015609,-0.0006983633977473067,1.0000775168901594,1.0004414499146725,1.0000775168901592,1.0004414499146725,0.0,1.5474504528212886e-20
649,17,6.191377639770508,-12.989286917469087,-13.042441902128369,1.1731499165614088,0.714979631552575,-0.0007306421224670978,-0.0007015912702192857,1.0001271089867534,1.0004100158218807,1.0001271089867534,1.0004100158218807,-1.0840643781608209e-19,3.0864102937833893e-21
650,17,6.253396034240723,-13.226095430519761,-13.060807254967509,1.463212591634932,0.7898029275608107,-0.0008537167150134406,-0.0007168038146987013,1.000154364409755,1.000384450680668,1.000154364409755,1.000384450680668,1.0840348360878779e-19,1.361811762528383e-20
651,17,5.848696708679199,-11.866493042292397,-12.941375833699999,1.1953650003017589,0.8303591348349055,-0.0007298636071288143,-0.0007181097939417127,1.0003353851499002,1.0003795441275913,1.0003353851499002,1.0003795441275913,0.0,1.2256305862755448e-20
652,17,6.00839376449585,-10.901267338060341,-12.737364984136033,0.998126961125168,0.8471359174639319,-0.000558559274949449,-0.0007021547420424863,1.0003628226877836,1.0003778719836105,1.0003628226877836,1.0003778719836105,0.0,1.1030675276479903e-20
653,17,6.272739410400391,-11.034115923420252,-12.567040078064455,1.126923387710784,0.8751146644886172,-0.0005433233762382497,-0.0006862716054620627,1.0003320990868232,1.0003732946939319,1.000332099086823,1.0003732946939319,-1.083842229470837e-19,-9.108145458764576e-22
654,17,6.177865028381348,-12.859859480435494,-12.59632201830156,1.6312288203321583,0.9507260800729713,-0.0007305366887931742,-0.0006906981137951738,1.0003981355190308,1.0003757787764418,1.0003981355190308,1.0003757787764418,-1.0837706848813688e-19,-1.16574399401025e-20
655,17,5.972700119018555,-13.630177985615473,-12.69970761503295,1.8283263110778794,1.0384861031734622,-0.0008998065069878679,-0.0007116089531144432,1.0006020174123404,1.0003984026400317,1.0006020174123404,1.0003984026400317,-1.0835498566046894e-19,-2.1327194512139145e-20
656,17,6.154606819152832,-12.089028016537354,-12.638639655183391,1.6238398571074992,1.097021478566866,-0.0007788068111956827,-0.0007183287389225672,1.0006831844274098,1.0004268808187695,1.0006831844274098,1.0004268808187695,0.0,-1.919447506092523e-20
657,17,6.041336536407471,-12.044897694307279,-12.57926545909578,1.6234613057063365,1.149665461280813,-0.0007676362306420422,-0.0007232594880945146,1.000664569641477,1.0004506497010404,1.000664569641477,1.0004506497010404,0.0,-1.7275027554832708e-20
658,17,6.132366180419922,-13.278895121927292,-12.649228425378931,1.6294484003850058,1.1976437551912322,-0.0008232560049534463,-0.0007332591397804078,1.000702547520934,1.0004758394830298,1.000702547520934,1.0004758394830298,1.0834410036942808e-19,-4.713114762406628e-21
659,17,6.080398082733154,-13.411587877025818,-12.725464370543621,1.3777487898524257,1.2156542586573518,-0.0008313676502703759,-0.0007430699908294047,1.0008075517550106,1.000509010710228,1.0008075517550103,1.000509010710228,-1.0833273295992359e-19,-1.5075076582158326e-20
660,17,6.136343002319336,-12.222012545859778,-12.675119188075236,0.9200180196184696,1.1860906347534637,-0.0007418684667593546,-0.0007429498384223998,1.0009693672557467,1.0005550463647799,1.0009693672557467,1.0005550463647799,-1.0831522002096312e-19,-2.4399090926038805e-20
661,17,6.112510681152344,-12.12920312145678,-12.620527581413391,0.522339975088657,1.119715568786983,-0.0006438204171423321,-0.000733036896294393,1.0010403190696697,1.000603573635269,1.0010403190696697,1.000603573635269,-1.0830754284633833e-19,-3.278993611806876e-20
662,17,5.971433639526367,-12.453233853025246,-12.603798208574577,0.5285399393572056,1.0605980058440054,-0.000696831038668482,-0.000729416310531802,1.0010332065903584,1.000646536930778,1.0010332065903582,1.0006465369307778,1.0830831238640223e-19,-1.8680111267621663e-20
663,17,5.5525360107421875,-13.06830087491145,-12.650248475208265,0.35166280140905415,0.9897044854005103,-0.0007680180309125894,-0.0007332764825698807,1.0012074521406007,1.0007026284517602,1.0012074521406007,1.0007026284517602,0.0,-1.6812100140859498e-20
664,17,6.116575717926025,-13.115224019422293,-12.696746029629669,0.2739325430198482,0.9181272911624441,-0.0008468172679277491,-0.0007446305611056676,1.0014165110149187,1.000774016708076,1.0014165110149187,1.000774016708076,-1.0826685605439877e-19,-2.5957575732213427e-20
665,17,5.388898849487305,-11.456212294547852,-12.572692656121486,0.11498444440041918,0.8378130064862416,-0.0007264986220015154,-0.0007428173671952525,1.001351932927762,1.0008318083300447,1.001351932927762,1.0008318083300447,-1.0827383828136269e-19,-3.4189201987128356e-20
666,17,5.402202606201172,-11.609700958625963,-12.476393486371935,0.024103582759143448,0.7564420641135318,-0.0007076566054936679,-0.000739301291025094,1.0013913648128188,1.000887763978322,1.0013913648128188,1.000887763978322,0.0,-3.0770281788415524e-20
667,17,5.747455596923828,-13.6980478754257,-12.598558925277311,0.09626448779347876,0.6904243064815265,-0.0008350839465713592,-0.0007488795565797205,1.0015723359254665,1.0009562211730365,1.0015723359254665,1.0009562211730365,0.0,-2.7693253609573974e-20
668,17,6.479163646697998,-13.610361555336386,-12.699739188283218,0.08485923553068556,0.6298677993864424,-0.0009379772348419409,-0.0007677893244059425,1.0018095526570785,1.0010415543214408,1.0018095526570785,1.0010415543214408,1.0822437953500221e-19,-1.4101490295116353e-20
669,17,5.918270111083984,-11.632778890763657,-12.59304315853126,-0.1234671515379865,0.5545343042939995,-0.0007356276677970398,-0.0007645731587450522,1.0017389934048733,1.001111298229784,1.0017389934048733,1.001111298229784,0.0,-1.2691341265604719e-20
670,17,6.007802486419678,-11.868457749958116,-12.520584617673947,-0.1301169137760123,0.4860691824869984,-0.0007182079894588217,-0.0007599366418164292,1.0016624741803768,1.0011664158248432,1.0016624741803768,1.0011664158248432,0.0,-1.1422207139044247e-20
671,17,5.495906829833984,-13.291020238376705,-12.597628179744223,-0.19924690087827554,0.417537574150471,-0.0008680159263899775,-0.000770744570273784,1.0018308506607239,1.0012328593084312,1.001830850660724,1.0012328593084312,0.0,-1.0279986425139822e-20
672,17,5.625351905822754,-12.98268694084076,-12.636134055853876,-0.5745210791364425,0.31833170882177964,-0.0009471618492181512,-0.0007883862981682207,1.001868493049702,1.0012964226825583,1.001868493049702,1.0012964226825583,0.0,-9.25198778262584e-21
673,17,5.382018566131592,-11.411026994326047,-12.513623349701094,-1.2608294151987673,0.16041559641972494,-0.0007510349465527752,-0.0007846511630066761,1.0018445384080865,1.001351234255111,1.0018445384080865,1.001351234255111,0.0,-8.326789004363256e-21
674,17,5.18678092956543,-11.152928573788916,-12.377553872109877,-1.4489527550417018,-0.0005212387264177387,-0.0007224304967722885,-0.0007784290963832374,1.0017830229071734,1.0013944131203172,1.0017830229071736,1.0013944131203172,0.0,-7.494110103926931e-21
675,17,4.948078155517578,-11.764153830625387,-12.316213867961428,-1.3074154892476197,-0.13121066377853793,-0.0008164087413857618,-0.0007822270608834899,1.0016899535035673,1.0014239671586422,1.0016899535035675,1.0014239671586422,1.0823730124209966e-19,4.079031030675728e-21
676,17,5.399566650390625,-12.081457011060785,-12.292738182271364,-1.4525459698269398,-0.26334419438337814,-0.0009601634353525482,-0.0008000206983303957,1.0017273774140578,1.0014543081841838,1.0017273774140578,1.0014543081841838,0.0,3.671127927608155e-21
677,17,4.944009304046631,-10.466503863337751,-12.110114750378003,-2.195856305227969,-0.4565954054678373,-0.0007939151373461894,-0.0007994101422319751,1.0017966696748273,1.0014885443332482,1.0017966696748275,1.0014885443332482,0.0,3.3040151348473398e-21
678,17,5.167883396148682,-9.586611593452831,-11.857764434685485,-2.835136045948221,-0.6944494695158756,-0.0006562181923947552,-0.000785090947248253,1.0016420750942046,1.0015038974093438,1.0016420750942046,1.0015038974093438,1.0824247497625687e-19,1.3797861118988295e-20
679,17,4.983067512512207,-10.947631344448572,-11.766751125661795,-2.8021375450442085,-0.9052182770687089,-0.000849009182236007,-0.0007914827707470285,1.0015885293322258,1.001512360601632,1.0015885293322258,1.001512360601632,0.0,1.2418075007089466e-20
680,17,4.754177570343018,-11.56151561827797,-11.746227574923411,-2.9288386043600325,-1.1075803097978414,-0.0009670823872397929,-0.000809042732396305,1.0016239970737972,1.0015235242488485,1.0016239970737975,1.0015235242488487,1.0824442861322768e-19,2.200071036770329e-20
681,17,4.688875198364258,-10.683711485881233,-11.639975966019195,-3.0809056666118164,-1.304912845479239,-0.0009373631263744087,-0.0008218747717941154,1.001684880393794,1.001539659863343,1.0016848803937939,1.0015396598633433,0.0,1.9800639330932963e-20
682,17,4.491738319396973,-9.517210869256413,-11.427699456342916,-3.2327096696081967,-1.4976925278921347,-0.0008066560212340728,-0.0008203528967381112,1.0016417490154954,1.0015498687785582,1.0016417490154956,1.0015498687785584,1.0824251021397188e-19,2.864482641923686e-20
683,17,4.410120010375977,-9.466147903524417,-11.231544301061065,-3.3175185783203927,-1.6796751329349606,-0.0007728853283262768,-0.0008156061398969278,1.0016408364220264,1.001558965542905,1.0016408364220264,1.0015589655429054,1.0824260883356118e-19,3.660460466066929e-20
684,17,4.186883926391602,-10.113549016759382,-11.119744772630897,-3.267314319227529,-1.8384390515642175,-0.0008147586186850941,-0.0008155213877757444,1.0017047251099573,1.00157354149961,1.0017047251099571,1.0015735414996105,0.0,3.294414419460236e-20
685,17,4.970774173736572,-9.118138166070542,-10.919584111974862,-3.1792425973235274,-1.9725194061401485,-0.0007531090989342965,-0.0008092801588915996,1.0018141116381605,1.001597598513465,1.0018141116381605,1.0015975985134655,0.0,2.9649729775142126e-20
686,17,5.107852935791016,-8.83195319551776,-10.710821020329151,-2.9298834076383664,-2.0682558062899705,-0.0007277008408894598,-0.0008011222270913857,1.0017330802803295,1.0016111466901516,1.0017330802803297,1.001611146690152,0.0,2.6684756797627912e-20
687,17,5.022017002105713,-9.969728866729403,-10.636711804969178,-2.527244788873151,-2.1141547045482887,-0.0008749641289486491,-0.000808506417277112,1.0017434817351876,1.0016243801946552,1.0017434817351876,1.0016243801946556,-1.0823151757448769e-19,1.3193129360416353e-20
688,17,4.576022148132324,-11.137300883505427,-10.686770712822803,-2.4712927556316626,-2.1498685096566263,-0.0009702726262339318,-0.000824683038172794,1.0019128474308405,1.0016532269182739,1.0019128474308407,1.001653226918274,1.0821322186512274e-19,2.2695138610886992e-20
689,17,4.405177593231201,-10.861129468892242,-10.704206588429747,-2.49301641104627,-2.184183299795591,-0.0009267535495518005,-0.0008348900893106947,1.0020006372860222,1.0016879679550488,1.0020006372860222,1.0016879679550488,1.0820374081019848e-19,3.124599883081814e-20
690,17,4.579608917236328,-10.14012238158392,-10.647798167745163,-2.492824603069777,-2.21504743012301,-0.0008017633905005369,-0.0008315774194296789,1.0020539597393465,1.0017245671334787,1.0020539597393465,1.0017245671334787,1.0819798294769738e-19,3.8941197242506067e-20
691,17,4.683316707611084,-10.164726035610505,-10.599490954531698,-2.3689531963674924,-2.230438006747458,-0.0008153259591386953,-0.0008299522734005806,1.002056683462354,1.0017577787663663,1.002056683462354,1.0017577787663663,0.0,3.504707751825546e-20
692,17,4.848649024963379,-10.757894619478003,-10.615331321026328,-2.123666808087806,-2.219760886881493,-0.000852910244348118,-0.0008322480704953345,1.0021482988076211,1.0017968307704919,1.002148298807621,1.0017968307704919,-1.0818779753211307e-19,2.0723590013218605e-20
693,17,4.594541549682617,-10.66674678135334,-10.62047286705903,-2.2410018997978582,-2.2218849881731297,-0.0008031379280514974,-0.0008293370562509508,1.002256922492102,1.0018428399426529,1.0022569224921019,1.0018428399426529,-1.0817607223800925e-19,7.83362378809582e-21
694,17,4.778141498565674,-10.30832923484513,-10.589258503837641,-2.3312633654899972,-2.2328228259048166,-0.0007403995765127281,-0.0008204433082771286,1.002403547203147,1.0018989106687024,1.002403547203147,1.0018989106687024,-1.081602489846118e-19,-3.765763489174942e-21
695,17,4.812045097351074,-10.4036991093272,-10.570702564386597,-2.390626012313844,-2.2486031445457195,-0.0007246569462870477,-0.0008108646720781205,1.002391584651712,1.0019481780670034,1.002391584651712,1.0019481780670034,0.0,-3.389187140257448e-21
696,17,4.52905797958374,-11.005230262642986,-10.614155334212235,-2.3635353463348556,-2.2600963647246335,-0.0008221134349114532,-0.0008119895483614538,1.0024732767770559,1.0020006879380086,1.002473276777056,1.0020006879380086,-1.0815272562388955e-19,-1.386554098862066e-20
697,17,4.897810459136963,-11.726682190677508,-10.725408019858762,-2.5562698640786823,-2.2897137146600386,-0.0008959616622024458,-0.000820386759745553,1.0024950180187426,1.002050120946082,1.0024950180187426,1.002050120946082,0.0,-1.2478986889758593e-20
698,17,4.6897382736206055,-12.410285099325655,-10.893895727805452,-2.796101523172255,-2.3403524955112602,-0.0009098429918369436,-0.0008293323829546922,1.0025926719830185,1.0021043760497756,1.0025926719830185,1.0021043760497756,0.0,-1.1231088200782734e-20
699,17,4.618419647216797,-12.09917017269709,-11.014423172294617,-3.1657658356649185,-2.4228938295266262,-0.0008340710533571521,-0.0008298062499949382,1.0027088598422575,1.002164824429024,1.0027088598422578,1.002164824429024,0.0,-1.0107979380704461e-20
700,17,4.561465263366699,-11.8472214070346,-11.097702995768616,-3.1731105650981286,-2.4979155030837767,-0.0008458914448788779,-0.0008314147694833322,1.0027373996677045,1.002222081952892,1.0027373996677047,1.0022220819528922,0.0,-9.097181442634015e-21
701,17,4.733241558074951,-12.270477341816047,-11.214980430373359,-3.2643196498502327,-2.5745559177604225,-0.0008160545911786799,-0.000829878751652867,1.0027514686939702,1.002275020627,1.0027514686939702,1.0022750206270001,0.0,-8.187463298370614e-21
702,17,4.856447219848633,-12.896125447659085,-11.383094932101931,-3.281571114892203,-2.6452574374736004,-0.0008502407262952077,-0.0008319149491171011,1.0028417025471912,1.002331688819019,1.0028417025471912,1.0023316888190192,0.0,-7.368716968533553e-21
703,17,4.712487697601318,-13.261450599404029,-11.570930498832142,-3.3415688842852678,-2.7148885821547672,-0.000843194768677336,-0.0008330429310731246,1.0029226064245005,1.002390780579567,1.0029226064245005,1.0023907805795673,0.0,-6.6318452716801984e-21
704,17,4.758623123168945,-13.142196584736622,-11.728057107422591,-3.387741709832629,-2.7821738949225536,-0.0008081008956058254,-0.0008305487275263947,1.0030634174191873,1.0024580442635291,1.0030634174191873,1.0024580442635294,0.0,-5.9686607445121786e-21
705,17,4.572662830352783,-12.26084218866546,-11.78133561554688,-3.481923619173035,-2.8521488673476014,-0.0007080484481200318,-0.0008182986995857584,1.0029736642315135,1.0025096062603276,1.0029736642315135,1.0025096062603278,1.0809876780924541e-19,5.438082110863581e-21
706,17,4.676237106323242,-12.705072387220126,-11.873709292714205,-3.4897719376126464,-2.9159111743741057,-0.0006976279365042408,-0.0008062316232776066,1.0029662928507377,1.0025552749193687,1.0029662928507377,1.0025552749193687,0.0,4.894273899777223e-21
707,17,4.912961959838867,-14.352982659820839,-12.121636629424868,-3.309710981778251,-2.9552911551145202,-0.0008236333126649409,-0.00080797179221634,1.0030802234763974,1.0026077697750715,1.0030802234763974,1.0026077697750715,0.0,4.4048465097995006e-21
708,17,5.176483631134033,-14.163008491905359,-12.325773815672918,-3.21829330495263,-2.981591370098331,-0.0007587350915112473,-0.0008030481221458308,1.0031633979418737,1.0026633325917518,1.003163397941874,1.0026633325917518,0.0,3.964361858819551e-21
709,17,5.502645015716553,-13.373777051103051,-12.430574139215931,-3.183124153284227,-3.0017446484169206,-0.0006975095128946076,-0.0007924942612207085,1.003177330916578,1.0027147324242345,1.0031773309165777,1.0027147324242345,0.0,3.567925672937596e-21
710,17,5.2974419593811035,-13.945748250488206,-12.58209155034316,-3.0290977087192092,-3.0044799544471497,-0.0007252030373644292,-0.0007857651388350805,1.0031231120444304,1.002755570386254,1.0031231120444302,1.002755570386254,0.0,3.2111331056438366e-21
711,17,5.336947917938232,-14.43205553457626,-12.76708794876647,-2.7428813445266385,-2.978320093455099,-0.0008515985960913906,-0.0007923484845607116,1.0031684786230697,1.0027968612099356,1.0031684786230697,1.0027968612099356,0.0,2.890019795079453e-21
712,17,5.425439357757568,-13.539803608868118,-12.844359514776635,-2.903210315383086,-2.9708091156478975,-0.0007656575904791111,-0.0007896793951525516,1.003245948332421,1.002841769922184,1.0032459483324208,1.002841769922184,0.0,2.6010178155715076e-21
713,17,5.1656880378723145,-13.120701361189788,-12.871993699417951,-2.89777557575849,-2.963505761658957,-0.0007376948815923385,-0.0007844809437965302,1.0031911389828427,1.00287670682825,1.003191138982843,1.00287670682825,0.0,2.340916034014357e-21
714,17,5.046671390533447,-13.108165844233351,-12.89561091389949,-2.8777754049507513,-2.954932725988136,-0.0007187627022501796,-0.0007779091196418952,1.0031488510753088,1.002903921252956,1.0031488510753088,1.002903921252956,0.0,2.1068244306129213e-21
715,17,4.966300010681152,-14.153309095582664,-13.021380732067808,-2.809003730311838,-2.940339826420506,-0.0007796648051471385,-0.0007780846881924196,1.0031965013453312,1.0029331792621936,1.0031965013453312,1.0029331792621936,0.0,1.8961419875516292e-21
716,17,4.877984046936035,-14.203062939079167,-13.139548952768944,-2.7958365811962906,-2.9258895018980846,-0.0008237875531020942,-0.000782654974683387,1.003256525110791,1.0029655138470535,1.003256525110791,1.0029655138470535,-1.0806829014800322e-19,-9.100301226003857e-21
717,17,5.231797695159912,-12.910757149524091,-13.11666977244446,-2.9087007817841015,-2.924170629886686,-0.0007909371193768768,-0.000783483189152736,1.003269346878874,1.0029958971502355,1.0032693468788738,1.0029958971502355,0.0,-8.190271103403472e-21
718,17,5.006626129150391,-11.928992927831056,-12.99790208798312,-3.292786124663626,-2.96103217936438,-0.0006884884975542618,-0.0007739837199928887,1.003219591637873,1.0030182665989993,1.003219591637873,1.0030182665989993,-1.0807226867603512e-19,-1.8178470860666637e-20
719,17,4.933988094329834,-12.20260152369953,-12.91837203155476,-3.4122231088380843,-3.006151272311751,-0.0006887847392814343,-0.0007654638219217433,1.0032072833984216,1.0030371682789414,1.0032072833984216,1.0030371682789414,1.0807359460277323e-19,-5.553264314322651e-21
720,17,4.697867393493652,-13.289765663053643,-12.955511394704649,-3.3761392482722887,-3.0431500699078047,-0.0007739783978611021,-0.0007663152795156792,1.0032090012539394,1.0030543515764412,1.0032090012539392,1.0030543515764412,1.0807340954181328e-19,5.809403071290943e-21
721,17,4.592385768890381,-13.379601962484484,-12.997920451482631,-3.2726455427966346,-3.066099617196688,-0.00084073068788028,-0.0007737568203521393,1.0031925284180063,1.0030681692605976,1.0031925284180063,1.0030681692605976,0.0,5.228462764161849e-21
722,17,4.422327518463135,-13.329244084265333,-13.031052814760903,-3.322051222030665,-3.0916947776800856,-0.0008255102339903769,-0.0007789321617159631,1.0032000471219042,1.0030813570467283,1.0032000471219042,1.0030813570467283,0.0,4.705616487745665e-21
723,17,4.281605243682861,-13.342868546085631,-13.062234387893376,-3.3709035026717165,-3.1196156501792487,-0.0008299672422916428,-0.0007840356697735311,1.0032183131524153,1.003095052657297,1.0032183131524153,1.003095052657297,0.0,4.2350548389710986e-21
724,17,4.275276184082031,-13.340964454020042,-13.090107394506044,-3.3594722866314917,-3.1436013138244734,-0.0008370384295421795,-0.0007893359457503959,1.0032144477850868,1.0031069921700762,1.0032144477850868,1.0031069921700762,0.0,3.811549355073989e-21
725,17,4.344844818115234,-12.278044349134841,-13.008901089968923,-3.7776051005042564,-3.207001692492452,-0.0007377885796655955,-0.0007841812091419159,1.0032208873531618,1.0031183816883846,1.0032208873531616,1.0031183816883846,1.0807212909472001e-19,1.423760732903859e-20
726,17,4.863775253295898,-12.6146102207725,-12.96947200304928,-3.9234497879448242,-3.278646502037689,-0.000736657123781007,-0.0007794288006058251,1.0031275770735841,1.0031193012269046,1.0031275770735841,1.0031193012269046,0.0,1.2813846596134732e-20
727,17,4.942312240600586,-13.711593267395845,-13.043684129483937,-3.8376163240779477,-3.3345434842417148,-0.0009031245627893505,-0.0007917983768241777,1.0031645710225654,1.0031238282064707,1.0031645710225656,1.0031238282064707,0.0,1.1532461936521258e-20
728,17,4.827448844909668,-12.721783232436751,-13.011494039779219,-4.0746100495853295,-3.408550140776076,-0.0008282576557635568,-0.0007954443047181156,1.0031421368277997,1.0031256590686037,1.0031421368277997,1.0031256590686037,0.0,1.0379215742869133e-20
729,17,4.3994975090026855,-11.637979755926,-12.874142611393896,-4.121880748357417,-3.4798832015342103,-0.0007595337559775986,-0.0007918532498440639,1.0030397839533518,1.0031170715570785,1.0030397839533518,1.0031170715570785,-1.0809164200967798e-19,-1.4678700323855785e-21
730,17,4.454770565032959,-11.210812045598326,-12.70780955481434,-4.267553176075199,-3.558650198988309,-0.0007509723559195027,-0.0007877651604516077,1.003010378118036,1.0031064022131744,1.0030103781180357,1.0031064022131744,0.0,-1.3210830291470206e-21
731,17,4.365026473999023,-11.638584312069009,-12.600887030539807,-4.042980268819908,-3.607083205971469,-0.000834765569325745,-0.0007924652013390214,1.0028483233784875,1.0030805943297056,1.0028483233784875,1.0030805943297056,-1.0811227851814565e-19,-1.2000202578046884e-20
732,17,4.316941738128662,-11.995014554090726,-12.540299782894898,-4.225997809282912,-3.6689746663026135,-0.0008587206276273816,-0.0007990907439678575,1.0028013573343035,1.0030526706301655,1.0028013573343035,1.0030526706301655,-1.0811734193974214e-19,-2.161191651421641e-20
733,17,4.540672779083252,-11.662639069377333,-12.452533711543142,-4.315318282427038,-3.733609027915056,-0.0008586781127403303,-0.0008050494808451048,1.002785317296946,1.0030259352968436,1.002785317296946,1.0030259352968436,0.0,-1.945072486279477e-20
734,17,4.6451802253723145,-10.287311409564511,-12.236011481345278,-4.6260292199487,-3.8228510471184207,-0.0007977786764733597,-0.0008043224004079303,1.0025764367036532,1.0029809854375247,1.0025764367036532,1.0029809854375247,-1.0814159726815709e-19,-2.8319812103331003e-20
735,17,4.737956523895264,-9.085716397510138,-11.920981972961764,-5.092584933965328,-3.949824435803112,-0.0006323009350134641,-0.0007871202538684837,1.0023625630317234,1.0029191431969444,1.0023625630317234,1.0029191431969444,0.0,-2.5487830892997902e-20
736,17,4.699962139129639,-8.920933554707076,-11.620977131136296,-5.34190035000449,-4.08903202722325,-0.0006523955597623793,-0.0007736477844578734,1.0022631128610302,1.002853540163353,1.0022631128610302,1.002853540163353,0.0,-2.2939047803698114e-20
737,17,5.445751667022705,-9.525037157389544,-11.411383133761621,-5.122882153469016,-4.192417039847827,-0.0007711324979038003,-0.0007733962558024661,1.0019145588449083,1.0027596420315084,1.001914558844908,1.0027596420315084,1.0821303702138678e-19,-9.823839321189625e-21
738,17,4.841564178466797,-10.625054246366691,-11.332750245022128,-5.065798975670443,-4.279755233430089,-0.0009584089404040795,-0.0007918975242626274,1.0017119894203035,1.002654876770388,1.0017119894203037,1.002654876770388,1.0823492021024309e-19,1.9820366319536476e-21
739,17,5.863935947418213,-9.553573257706516,-11.154832546290567,-5.622629703860836,-4.414042680473164,-0.0008145589487581933,-0.000794163666712184,1.0016213414058552,1.0025515232339348,1.001621341405855,1.0025515232339348,0.0,1.783832968758283e-21
740,17,4.955989837646484,-8.28284974848362,-10.867634266509873,-5.874472442963419,-4.56008565672219,-0.000672011079693564,-0.000781948408010322,1.001309337819684,1.0024273046925098,1.001309337819684,1.0024273046925098,0.0,1.6054496718824548e-21
741,17,5.276621341705322,-8.326100428866576,-10.613480882745542,-5.8818887051135205,-4.692265961561324,-0.000749723324252763,-0.0007787258996345661,1.0011318478938287,1.0022977590126418,1.0011318478938287,1.0022977590126418,1.082976407919135e-19,1.227466878388556e-20
742,17,5.3579607009887695,-8.406939368006144,-10.392826731271601,-5.999665848616453,-4.823005950266837,-0.0007300212525786413,-0.0007738554349289737,1.000967938665082,1.0021647769778859,1.0009679386650818,1.0021647769778859,1.0831537460944314e-19,2.187873936644132e-20
743,17,5.5058135986328125,-8.286114343177662,-10.182155492462208,-6.044805968704234,-4.945185952110577,-0.0007203112290104892,-0.0007685010143371252,1.000802982242824,1.0020285975043797,1.000802982242824,1.0020285975043797,1.0833322759048747e-19,3.052418818884594e-20
744,17,5.690864562988281,-8.744983997987301,-10.038438343014718,-5.9104564402466515,-5.041713000924185,-0.0007068660901479337,-0.0007623375219182061,1.0005909708014407,1.0018848348340859,1.0005909708014407,1.0018848348340859,0.0,2.7471769369961345e-20
745,17,5.392336368560791,-9.47207262292143,-9.981801771005388,-5.783815387944964,-5.115923239626263,-0.0007181694273402674,-0.0007579207124604122,1.0005041373994008,1.0017467650906173,1.0005041373994008,1.0017467650906173,0.0,2.472459243296521e-20
746,17,5.3643879890441895,-9.504329470988642,-9.934054541003714,-5.37951987641843,-5.14228290330548,-0.0008143409084171241,-0.0007635627320560835,1.0004675697594023,1.0016188455574957,1.0004675697594023,1.0016188455574957,0.0,2.225213318966869e-20
747,17,5.591072082519531,-8.35058081317306,-9.77570716822065,-5.147004398702648,-5.142755052845197,-0.0007116396354674581,-0.000758370422397221,1.0003081539274854,1.0014877763944947,1.0003081539274854,1.0014877763944947,0.0,2.002691987070182e-20
748,17,5.773468494415283,-8.05624789601597,-9.603761241000182,-4.819551681072786,-5.110434715667956,-0.0006478803771364423,-0.0007473214178711432,1.0000640456366732,1.0013454033187126,1.0000640456366732,1.0013454033187126,0.0,1.802422788363164e-20
749,17,6.012111663818359,-9.891613071382984,-9.632546424038463,-4.531295345055685,-5.052520778606729,-0.0007676951425402823,-0.0007493587903380571,1.000079052704715,1.0012187682573128,1.000079052704715,1.0012187682573128,0.0,1.6221805095268476e-20
750,17,5.499825954437256,-10.10048063537887,-9.679339845172503,-4.344746075917856,-4.981743308337841,-0.0007692396465101311,-0.0007513468759552646,0.9999946430541835,1.0010963557369998,0.9999946430541834,1.0010963557369998,1.08420798052891e-19,2.544170439103073e-20
751,17,5.4012532234191895,-10.087278203465194,-9.720133681001773,-4.277777293298943,-4.911346706833951,-0.0007735807441855028,-0.0007535702627782883,0.9999753886452614,1.000984259027826,0.9999753886452614,1.000984259027826,0.0,2.2897533951927657e-20
752,17,5.338044166564941,-10.104924081404599,-9.758612721042056,-4.010468200549951,-4.821258856205552,-0.0007389233109535991,-0.0007521055675958194,0.9998760265181825,1.0008734357768616,0.9998760265181825,1.0008734357768616,0.0,2.0607780556734893e-20
753,17,5.100681781768799,-10.30219005260923,-9.812970454198773,-3.902616534236366,-4.729394624008633,-0.0007559254183984864,-0.0007524875526760861,0.9998329610281316,1.0007693883019886,0.9998329610281315,1.0007693883019886,0.0,1.8547002501061404e-20
754,17,5.091464042663574,-10.238789558226292,-9.855552364601525,-3.8864038352002708,-4.645095545127797,-0.0007534827088951045,-0.000752587068297988,0.9998440064143014,1.00067685011322,0.9998440064143015,1.00067685011322,0.0,1.6692302250955263e-20
755,17,5.538323879241943,-9.059290765862036,-9.775926204727575,-3.8855013341741484,-4.569136124032433,-0.0006521371269897742,-0.0007425420741671667,0.9998260249447611,1.000591767596374,0.999826024944761,1.000591767596374,0.0,1.5023072025859738e-20
756,17,5.458051681518555,-8.302646008051862,-9.628598185060005,-3.6521209928051834,-4.477434610909708,-0.0006332555354766941,-0.0007316134202981194,0.9998034771625341,1.00051293855299,0.999803477162534,1.00051293855299,0.0,1.3520764823273764e-20
757,17,5.7089314460754395,-7.952964428063813,-9.461034809360385,-3.5115590722481635,-4.380847057043554,-0.0005806217680009685,-0.0007165142550684043,0.9997443415916937,1.0004360788568605,0.9997443415916937,1.0004360788568605,0.0,1.2168688340946388e-20
758,17,5.382465839385986,-9.098205415613183,-9.424751869985664,-2.9616339642487457,-4.238925747764073,-0.0007428915176980591,-0.0007191519813313698,0.9997818824656947,1.000370659217744,0.9997818824656947,1.000370659217744,0.0,1.0951819506851749e-20
759,17,5.224699020385742,-9.442208888470773,-9.426497571834176,-2.63640867271656,-4.078674040259322,-0.0008141480444938812,-0.000728651587647621,0.9998597570218025,1.0003195689981497,0.9998597570218026,1.0003195689981497,0.0,9.856637556166574e-21
760,17,5.682470798492432,-9.446033377633013,-9.428451152414059,-2.2630200352813974,-3.897108639761529,-0.0008167276441246898,-0.0007374591932953279,0.999879047506424,1.0002755168489772,0.999879047506424,1.0002755168489772,1.0843333253050677e-19,1.9714307053600594e-20
761,17,5.272340297698975,-8.657655877490576,-9.351371624921711,-2.2320446218210757,-3.7306022379674837,-0.0007469221897322816,-0.0007384054929390232,0.9999891634725796,1.0002468815113374,0.9999891634725796,1.0002468815113374,0.0,1.7742876348240534e-20
762,17,5.021949768066406,-7.649459598292744,-9.181180422258816,-2.212069238215248,-3.57874893799226,-0.0006411936973631766,-0.0007286843133814386,0.9999821882015687,1.0002204121803606,0.9999821882015687,1.0002204121803606,0.0,1.596858871341648e-20
763,17,5.038579940795898,-7.600976453519573,-9.023160025384891,-2.2278425470700487,-3.4436582989000386,-0.0005885966808276944,-0.0007146755501260642,0.9999954709956153,1.000197918061886,0.9999954709956151,1.000197918061886,0.0,1.4371729842074833e-20
764,17,5.38029670715332,-8.56047050281185,-8.976891073127588,-1.8063042338072965,-3.279922892390765,-0.0007276274611806692,-0.0007159707412315247,1.000000155403842,1.0001781417960818,1.000000155403842,1.0001781417960818,-1.0842020039963475e-19,2.092536817903874e-21
765,17,5.438262939453125,-8.6511088094627,-8.944312846761099,-1.7918197903460573,-3.131112582186294,-0.00068903393129371,-0.0007132770602377433,1.000058544643006,1.0001661820807741,1.000058544643006,1.0001661820807741,-1.0841387019722286e-19,-8.9581038836088e-21
766,17,5.332828044891357,-8.478039780275887,-8.897685540112578,-1.7583493379980895,-2.993836257767474,-0.0007187394378663581,-0.0007138232980006048,1.0001305939622394,1.0001626232689207,1.0001305939622394,1.0001626232689207,0.0,-8.06229349524792e-21
767,17,5.195096015930176,-8.497118331308654,-8.857628819232184,-1.8143196339364855,-2.8758845953843752,-0.0007017993856346853,-0.0007126209067640129,1.0001740643372035,1.0001637673757489,1.0001740643372035,1.0001637673757489,1.0840134843968233e-19,3.584070698245107e-21
768,17,5.184493064880371,-8.4978021829337,-8.821646155602336,-1.836496012808874,-2.771945737126825,-0.0006856290776212965,-0.0007099217238497413,1.0001728118657507,1.000164671824749,1.0001728118657507,1.000164671824749,0.0,3.225663628420597e-21
769,17,5.131228446960449,-9.68626608236249,-8.908108148278352,-1.855228290216112,-2.6802739924357537,-0.0006701609147084482,-0.000705945642935612,1.0002805359049154,1.0001762582327656,1.0002805359049154,1.0001762582327656,0.0,2.903097265578537e-21
770,17,5.348239421844482,-10.636256544723071,-9.080922987922824,-1.7717388827262126,-2.5894204814648,-0.0008052452950634656,-0.0007158756081483973,1.000482035445903,1.0002068359540792,1.000482035445903,1.0002068359540792,0.0,2.6127875390206833e-21
771,17,5.241434574127197,-10.333794346050327,-9.206210123735575,-2.0552569831771903,-2.536004131636039,-0.000650807918527866,-0.0007093688391863443,1.0006152757412354,1.0002476799327948,1.0006152757412357,1.0002476799327948,0.0,2.351508785118615e-21
772,17,5.544295787811279,-10.68499065848028,-9.354088177210047,-2.0232461260332943,-2.4847283310757646,-0.0006343447185601072,-0.0007018664271237205,1.0006069684184202,1.0002836087813574,1.0006069684184202,1.0002836087813574,-1.0835444951969668e-19,-8.719087045362915e-21
773,17,5.438012599945068,-11.73241920379717,-9.591921279868759,-1.8102393221510593,-2.417279430183294,-0.0007685462873448503,-0.0007085344131458335,1.0008779206429592,1.0003430399675175,1.0008779206429594,1.0003430399675175,0.0,-7.847178340826625e-21
774,17,5.428532600402832,-10.876778458080574,-9.72040699768994,-1.7894977036688084,-2.3545012575318456,-0.0006955244490908208,-0.0007072334167403323,1.0010441395410774,1.0004131499248734,1.0010441395410774,1.0004131499248734,0.0,-7.062460506743962e-21
775,17,5.762901782989502,-10.134826064576487,-9.761848904378594,-1.86636787918282,-2.3056879196969433,-0.0005393145154622411,-0.0006904415266125232,1.0011735329752285,1.000489188229909,1.0011735329752285,1.000489188229909,0.0,-6.356214456069566e-21
776,17,5.844059944152832,-10.863630197575972,-9.872027033698332,-1.5368157119125954,-2.2288006989185085,-0.0005670027234159412,-0.000678097646292865,1.0011499181274752,1.0005552612196658,1.0011499181274752,1.0005552612196658,-1.0829568607600428e-19,-1.6550161618063038e-20
777,17,5.594191551208496,-12.13218113794471,-10.09804244412297,-1.0174494352806587,-2.1076655725547235,-0.0007377789397780601,-0.0006840657756413845,1.00140592079968,1.0006403271776672,1.00140592079968,1.0006403271776672,0.0,-1.4895145456256735e-20
778,17,5.912635326385498,-11.622766044274304,-10.250514804138104,-1.1063467561238294,-2.007533690911634,-0.0006930121891841532,-0.0006849604169956614,1.0015647466167583,1.0007327691215764,1.0015647466167583,1.0007327691215764,0.0,-1.3405630910631061e-20
779,17,5.932591915130615,-11.362190792572505,-10.361682402981545,-1.1574466199989262,-1.9225249838203633,-0.0006489924297496774,-0.000681363618271063,1.0015843439903482,1.0008179266084536,1.0015843439903482,1.0008179266084536,1.0824871404898402e-19,-1.2401964146695527e-21
780,17,5.919299125671387,-12.04613432925577,-10.530127595608967,-1.0990185412028977,-1.8401743395586168,-0.0006690294771762901,-0.0006801302041615858,1.0015852851529654,1.0008946624629047,1.0015852851529654,1.0008946624629047,0.0,-1.1161767732025975e-21
781,17,5.7319560050964355,-13.370543315772924,-10.814169167625362,-1.139882634835604,-1.7701451690863155,-0.0008104177649429565,-0.0006931589602397228,1.0018772121595898,1.0009929174325731,1.0018772121595898,1.0009929174325731,0.0,-1.0045590958823378e-21
782,17,5.6581645011901855,-13.2157211952679,-11.054324370389617,-1.125809976651344,-1.7057116498428184,-0.0008374396478717616,-0.0007075870290029268,1.0019172858121397,1.0010853542705298,1.0019172858121397,1.0010853542705298,1.0821274249267651e-19,9.917171062973547e-21
783,17,5.654199123382568,-11.79598825616866,-11.128490758967521,-1.3287102453371398,-1.6680115093922505,-0.0006844248167271107,-0.0007052708077753452,1.0020377909120584,1.0011805979346826,1.0020377909120584,1.0011805979346826,0.0,8.925453956676193e-21
784,17,5.453271389007568,-11.78619462560623,-11.19426114563139,-1.4165048191738483,-1.6428608403704104,-0.0005489886167616144,-0.0006896425886739722,1.0020239848481953,1.001264936626034,1.0020239848481953,1.001264936626034,0.0,8.032908561008574e-21
785,17,5.501396656036377,-13.607906912389875,-11.43562572230724,-0.8979708996253694,-1.5683718462959062,-0.0007371878246765437,-0.0006943971122742294,1.0021367886646804,1.0013521218298986,1.0021367886646804,1.0013521218298986,0.0,7.229617704907717e-21
786,17,5.582940578460693,-13.824074235255042,-11.674470573602019,-0.8204778876354878,-1.4935824504298645,-0.0007760783435754866,-0.0007025652354043552,1.0023131705217458,1.0014482266990834,1.002313170521746,1.0014482266990834,0.0,6.506655934416945e-21
787,17,5.764313697814941,-12.496338850174888,-11.756657401259307,-0.9857433109851547,-1.4427985364853935,-0.0006659736923789275,-0.0006989060811018124,1.0024128067160099,1.001544684700776,1.0024128067160099,1.001544684700776,0.0,5.855990340975251e-21
788,17,5.726451396942139,-12.445235845552055,-11.825515245688582,-1.03165971290196,-1.4016846541270502,-0.0006142027811527237,-0.0006904357511069035,1.0024262692890502,1.0016328431596035,1.0024262692890502,1.0016328431596035,0.0,5.270391306877726e-21
789,17,5.582422256469727,-12.83125629991389,-11.926089351111113,-0.9607269906642659,-1.357588887780772,-0.0006802796220325463,-0.0006894201381994678,1.0025354222407554,1.0017231010677188,1.0025354222407554,1.0017231010677188,-1.0814602142059147e-19,-6.0712499658691935e-21
790,17,5.608438491821289,-12.71699738481069,-12.00518015448107,-1.0729860903926853,-1.3291286080419633,-0.000637906918448749,-0.0006842688162243959,1.0025935845014484,1.0018101494110918,1.0025935845014484,1.0018101494110918,-1.0813974767499005e-19,-1.6278099736781277e-20
791,17,5.741891860961914,-12.470609922598795,-12.051723131292842,-1.1542087010256026,-1.3116366173403273,-0.0005331009794745521,-0.0006691520325494116,1.0026647763533407,1.0018956121053166,1.0026647763533407,1.0018956121053166,0.0,-1.465028976310315e-20
792,17,5.880369186401367,-12.47909913424962,-12.094460731588521,-1.0416181155259616,-1.284634767158891,-0.0005477754677769134,-0.0006570143760721618,1.0026761278729575,1.0019736636820806,1.0026761278729575,1.0019736636820806,0.0,-1.3185260786792837e-20
793,17,5.666066646575928,-12.424152179093623,-12.127429876339033,-1.0604586840889048,-1.2622171588518925,-0.0005402667060433576,-0.0006453396090692814,1.0026748449078071,1.0020437818046533,1.0026748449078071,1.0020437818046533,0.0,-1.1866734708113554e-20
794,17,5.597015380859375,-13.14173040848148,-12.228859929553279,-0.8532026355036211,-1.2213157065170652,-0.0007333120852109921,-0.0006541368566834525,1.0025755047178235,1.0020969540959703,1.0025755047178235,1.0020969540959703,1.0814169779568421e-19,1.341085422662228e-22
795,17,5.408078193664551,-13.437197331193822,-12.349693669717333,-1.0401495050288025,-1.203199086368239,-0.0007885669627290426,-0.0006675798672880115,1.0026637644284497,1.0021536351292184,1.0026637644284495,1.0021536351292182,1.0813217859763133e-19,1.0933915547802735e-20
796,17,5.231290340423584,-12.469309633352502,-12.36165526608085,-1.4617632683774227,-1.2290555045691574,-0.0006712752900488823,-0.0006679494095640986,1.0026836667702026,1.0022066382933168,1.0026836667702026,1.0022066382933166,0.0,9.840523993022462e-21
797,17,5.152812480926514,-12.285123714604747,-12.35400211093324,-1.47019122664699,-1.2531690767769408,-0.0006401938665182067,-0.0006651738552595095,1.0026273889941857,1.0022487133634037,1.0026273889941857,1.0022487133634035,0.0,8.856471593720216e-21
798,17,5.064638614654541,-12.262347906169932,-12.34483669045691,-1.3268873237215257,-1.2605409014713993,-0.0006802602985871986,-0.0006666824995922785,1.0025961011778735,1.0022834521448507,1.0025961011778735,1.0022834521448505,-1.0813947622694306e-19,-2.8431231883461117e-21
799,17,5.285785675048828,-11.928564795390812,-12.3032095009503,-0.927555232652139,-1.2272423345894734,-0.0007401373586598223,-0.0006740279854990329,1.0025098577568299,1.0023060927060485,1.0025098577568299,1.0023060927060485,-1.0814877919619319e-19,-1.337368878913082e-20
800,17,5.203925609588623,-11.890633615942576,-12.261951912449529,-0.8990663436480381,-1.19442473549533,-0.0007403998109592896,-0.0006806651680450586,1.002477064226531,1.0023231898580969,1.0024770642265313,1.0023231898580969,0.0,-1.2036319910217738e-20
801,17,4.953705787658691,-11.944362094746854,-12.230192930679262,-0.8845416983138188,-1.1634364317771788,-0.0008158357101765898,-0.0006941822222582117,1.0023908329252458,1.0023299541648119,1.0023908329252458,1.0023299541648119,0.0,-1.0832687919195964e-20
802,17,5.341967582702637,-11.252549281205136,-12.13242856573185,-1.1697370222328503,-1.164066490822746,-0.0007544091604275863,-0.0007002049160751492,1.002302295835225,1.0023271883318532,1.002302295835225,1.0023271883318532,0.0,-9.749419127276368e-21
803,17,5.113079071044922,-10.959534818879332,-12.015139191046599,-1.2230153710710057,-1.169961378847572,-0.0008182171100294047,-0.0007120061354705748,1.0022621054405818,1.002320680042726,1.0022621054405818,1.002320680042726,0.0,-8.774477214548732e-21
804,17,4.970081329345703,-10.355166744466873,-11.849141946388627,-1.1815093939216788,-1.1711161803549825,-0.0007576331322872879,-0.0007165688351522462,1.0021039070389326,1.0022990027423466,1.0021039070389326,1.0022990027423466,0.0,-7.897029493093859e-21
805,17,5.246218681335449,-10.008025929121386,-11.665030344661904,-1.0523524046605184,-1.1592398027855362,-0.0008323681489888393,-0.0007281487665359055,1.00205705742021,1.002274808210133,1.0020570574202101,1.002274808210133,1.0819764847290995e-19,3.7124383035065224e-21
806,17,5.106677055358887,-9.115550258302227,-11.410082336025937,-1.041849252127081,-1.1475007477196906,-0.0008143812618168466,-0.0007367720160639995,1.0019609055223457,1.0022434179413542,1.0019609055223457,1.0022434179413542,0.0,3.3411944731558704e-21
807,17,4.950652599334717,-8.341605446188144,-11.103234647042159,-1.2652157917531124,-1.1592722521230328,-0.0007475480064319537,-0.000737849615100795,1.0018472976054706,1.0022038059077658,1.0018472976054709,1.0022038059077658,0.0,3.0070750258402834e-21
808,17,4.84772253036499,-8.264959051599401,-10.819407087497883,-1.0879898113811766,-1.1521440080488472,-0.000749832510522526,-0.0007390479046429681,1.0016112474768009,1.0021445500646693,1.0016112474768009,1.0021445500646693,0.0,2.706367523256255e-21
809,17,4.317623138427734,-8.331371453105028,-10.570603524058598,-1.0321689638003977,-1.1401465036240022,-0.0008291014664119437,-0.0007480532608198656,1.0015986109022101,1.0020899561484233,1.0015986109022101,1.0020899561484233,0.0,2.4357307709306294e-21
810,17,4.4130425453186035,-7.3141689727365105,-10.244960068926389,-1.2072344847182135,-1.1468553017334233,-0.0007323523734405924,-0.0007464831720819384,1.001556097509164,1.0020365702844973,1.001556097509164,1.0020365702844973,0.0,2.1921576938375663e-21
811,17,4.335522651672363,-7.081858461792946,-9.928649908213044,-1.1931475772999056,-1.1514845292900717,-0.0006993244954222231,-0.0007417673044159669,1.0014837010936697,1.0019812833654147,1.0014837010936697,1.0019812833654147,0.0,1.9729419244538098e-21
812,17,4.817460060119629,-7.010863638056504,-9.63687128119739,-0.8026204144150717,-1.1165981178025717,-0.0007398717975656576,-0.000741577753730936,1.0013571440959113,1.0019188694384644,1.0013571440959113,1.0019188694384644,1.0827327481289315e-19,1.2602975213297745e-20
813,17,4.955811977386475,-6.847327662273351,-9.357916919304985,-0.5904841920449212,-1.0639867252268067,-0.0007793382994043646,-0.0007453538082982788,1.0015418445103705,1.001881166945655,1.0015418445103705,1.001881166945655,0.0,1.134267769196797e-20
814,17,4.490032196044922,-4.798593516598588,-8.901984579034345,-0.35252095110066106,-0.9928401478141922,-0.0005129154738491027,-0.0007221099748533612,1.0012809247990753,1.001821142730997,1.0012809247990753,1.001821142730997,0.0,1.0208409922771173e-20
815,17,4.927865028381348,-4.685379718070548,-8.480324092937966,0.11429779550540096,-0.8821263534822328,-0.0005539311998186687,-0.0007052920973498919,1.001146171502871,1.0017536456081846,1.001146171502871,1.0017536456081846,0.0,9.187568930494055e-21
816,17,5.286803245544434,-5.5974316436194735,-8.192034848006118,0.6740678038965325,-0.7265069377443563,-0.0006762125032145424,-0.0007023841379363569,1.001006942043829,1.001678975251749,1.0010069420438288,1.001678975251749,0.0,8.26881203744465e-21
817,17,5.138579368591309,-6.362056794574087,-8.009037042662914,0.9722535403024233,-0.5566308899396784,-0.0008370187527863652,-0.0007158475994213577,1.001122870158889,1.001623364742463,1.001122870158889,1.001623364742463,1.0829861196892144e-19,1.827179203059233e-20
818,17,4.740955829620361,-5.568952652745355,-7.765028603671158,1.1144794523520563,-0.38951985571050496,-0.0007779864413386951,-0.0007220614836130915,1.0010635013509859,1.0015673784033152,1.0010635013509859,1.0015673784033152,0.0,1.6444612827533096e-20
819,17,4.736964225769043,-5.150402620229225,-7.503566005326965,1.211912907572069,-0.22937657938224754,-0.0006939221409281179,-0.0007192475493445941,1.0010025479921798,1.0015108953622016,1.0010025479921798,1.0015108953622016,-1.0831162964172341e-19,3.9689885806074464e-21
820,17,5.252590179443359,-5.416112181682086,-7.294820622962477,1.6231365601675873,-0.044125265427264054,-0.0007186748463151067,-0.0007191902790416455,1.0008334376091557,1.0014431495868972,1.0008334376091557,1.0014431495868972,1.083299310098496e-19,1.4405082823531662e-20
821,17,5.257472038269043,-6.006560784168267,-7.165994639083056,1.7408924878246401,0.13437650989792638,-0.0007850224042275587,-0.0007257734915602368,1.00093811410444,1.0013926460386515,1.00093811410444,1.0013926460386515,0.0,1.2964574541178496e-20
822,17,5.302170753479004,-5.4735050768444555,-6.9967456828591965,1.7265223246304389,0.29359109137117767,-0.0007838255716358327,-0.0007315786995677965,1.00095333918343,1.0013487153531293,1.00095333918343,1.0013487153531293,1.0831695445164189e-19,2.2499812532224836e-20
823,17,5.52720832824707,-4.542193837550389,-6.7512904983283155,1.6878562678679672,0.4330176090208566,-0.0006864469265551965,-0.0007270655222665365,1.000848713279972,1.0012987151458137,1.0008487132799722,1.0012987151458137,0.0,2.0249831279002352e-20
824,17,5.581142425537109,-4.274308934433009,-6.503592341938785,1.6733164701928422,0.5570474951380552,-0.0006245630913061779,-0.0007168152791705007,1.0007771246816706,1.0012465560993995,1.0007771246816706,1.0012465560993995,0.0,1.8224848151102117e-20
825,17,5.456318378448486,-4.457067571561923,-6.298939864901099,1.8792518710179098,0.6892679327260406,-0.0006709915636180833,-0.000712232907615259,1.0007967600559704,1.0012015764950566,1.0007967600559702,1.0012015764950566,-1.0833390112342787e-19,5.5689732236491186e-21
826,17,5.0388994216918945,-3.717922079285728,-6.040838086339562,1.9867551964153922,0.8190166590949757,-0.0006103523140508954,-0.0007020448482588226,1.000740514888601,1.001155470334411,1.000740514888601,1.001155470334411,0.0,5.012075901284207e-21
827,17,4.607152938842773,-3.616693181613749,-5.79842359586698,2.329333357740195,0.9700483289594977,-0.0006465239634635167,-0.000696492759779292,1.0006832844656937,1.0011082517475394,1.0006832844656939,1.0011082517475394,0.0,4.510868311155786e-21
828,17,4.978092193603516,-4.318917399598166,-5.650472976240099,2.887104569385012,1.161753953002049,-0.0007330652711980188,-0.0007001500109211648,1.0005150442775224,1.0010489310005377,1.0005150442775224,1.0010489310005377,0.0,4.059781480040208e-21
829,17,5.431186199188232,-5.417213309022816,-5.627147009518371,3.250600359931103,1.3706385936949546,-0.0009291043108994804,-0.0007230454409189963,1.0006563783333753,1.0010096757338214,1.000656378333375,1.0010096757338214,1.0834909924736378e-19,1.4488713256772567e-20
830,17,5.18918514251709,-4.720875667955379,-5.536519875362072,3.2141050230246515,1.5549852366279242,-0.0009000690109024724,-0.0007407477979173439,1.0006527291091905,1.0009739810713583,1.0006527291091905,1.0009739810713583,0.0,1.303984193109531e-20
831,17,5.408558368682861,-3.640546023789132,-5.346922490204778,2.999058530288647,1.6993925659939966,-0.0007423345682950212,-0.0007409064749551116,1.0005215034042674,1.0009287333046493,1.0005215034042674,1.0009287333046493,-1.0836370520738577e-19,8.994872172472024e-22
832,17,5.161315441131592,-3.8111841792307506,-5.193348659107375,3.0840936416935962,1.8378626735639567,-0.00069910904195568,-0.0007367267316551685,1.0003781833621035,1.0008736783103946,1.0003781833621033,1.0008736783103946,0.0,8.095384955224821e-22
833,17,5.027873992919922,-4.216288638876991,-5.095642657084337,3.0505347656501285,1.9591298827725738,-0.0007514343273328992,-0.0007381974912229416,1.0005030478295,1.0008366152623052,1.0005030478295,1.0008366152623052,0.0,7.285846459702339e-22
834,17,5.346823692321777,-3.9982356291993204,-4.985901954295835,3.088337240210098,2.072050618516326,-0.0007807596914642649,-0.0007424537112470738,1.0005037282250093,1.0008033265585756,1.0005037282250095,1.0008033265585756,1.0836563042188599e-19,1.1492289223561809e-20
835,17,5.0730743408203125,-3.1710721583970374,-4.804418974705955,3.0073349233635787,2.1655790490010514,-0.0006875800774058573,-0.0007369663478629522,1.0003403896376544,1.0007570328664834,1.0003403896376544,1.0007570328664834,0.0,1.0343060301205629e-20
836,17,5.182675361633301,-3.058132482551828,-4.629790325490543,2.9847801044671054,2.247499154547657,-0.0007180717225584745,-0.0007350768853325044,1.0002272713714861,1.0007040567169838,1.0002272713714861,1.0007040567169838,0.0,9.308754271085066e-21
837,17,5.19577693939209,-3.5243927426087187,-4.519250567202361,2.820901709402891,2.3048394100331806,-0.0007247028662845414,-0.0007340394834277082,1.0000757009738135,1.0006412211426667,1.0000757009738135,1.0006412211426667,1.0841201035379358e-19,1.921907987935592e-20
838,17,4.789631366729736,-4.070534774180616,-4.474378987900187,2.795988784950837,2.3539543475249465,-0.0008110515146698742,-0.0007417406865519248,1.000090334264186,1.0005861324548186,1.0000903342641858,1.0005861324548186,1.0841042407266176e-19,2.81382142986865e-20
839,17,5.033392429351807,-3.963492050520049,-4.4232902941621735,2.549276779433248,2.373486590715777,-0.0008012900565541878,-0.0007476956235521511,1.0001539548708174,1.0005429146964187,1.0001539548708174,1.0005429146964187,-1.0840352799740146e-19,1.4484040069077705e-20
840,17,4.9405837059021,-2.2124338121509406,-4.20220464596105,2.406327308386033,2.3767706624828024,-0.0006760983632110262,-0.0007405358975180387,1.000092145409081,1.000497837767685,1.0000921454090812,1.000497837767685,0.0,1.3035636062169935e-20
841,17,5.190729141235352,-0.7495031444716806,-3.8569344958121135,2.2871454652647234,2.3678081427609943,-0.0004810558040085333,-0.0007145878881670882,0.9999380089109164,1.0004418548820082,0.9999380089109166,1.0004418548820082,5.421346937628484e-20,1.7153419393581425e-20
842,17,5.177541255950928,-0.45782250147913495,-3.5170232963788157,2.6702547113874053,2.3980527996236356,-0.0003997797174625386,-0.0006831070710966332,0.9995033535956847,1.000348004753376,0.9995033535956845,1.000348004753376,0.0,1.5438077454223284e-20
843,17,5.145639419555664,-2.2281653624455697,-3.3881375029854914,3.115838608542467,2.4698313805155188,-0.0006137138421758937,-0.0006761677482045593,0.999556812136225,1.0002688854916608,0.999556812136225,1.0002688854916608,0.0,1.3894269708800955e-20
844,17,5.027604103088379,-2.6602677621839947,-3.3153505289053418,3.6963785359894143,2.5924860960629084,-0.000852931321866742,-0.0006938441055707776,0.9995746086354422,1.000199457806039,0.9995746086354421,1.000199457806039,0.0,1.250484273792086e-20
845,17,4.887228488922119,-1.2319316458122898,-3.107008640596036,3.302833542891754,2.663520840745793,-0.0007464701450990122,-0.0006991067095236011,0.9995879929745293,1.0001383113228879,0.9995879929745293,1.0001383113228879,0.0,1.1254358464128774e-20
846,17,5.365173816680908,0.05949136933001157,-2.7903586396034314,3.3233397089083843,2.7295027275620525,-0.0006378915496816914,-0.0006929851935394101,0.9991113130234658,1.0000356114929456,0.9991113130234658,1.0000356114929456,0.0,1.0128922617715896e-20
847,17,4.939399242401123,-0.5170436348553393,-2.5630271391286223,3.341740131627105,2.790726467968558,-0.0007467029703717153,-0.0006983569712226406,0.9988509954719573,0.9999171498908468,0.9988509954719572,0.9999171498908468,0.0,9.116030355944307e-21
848,17,4.85033655166626,-0.6412594582207726,-2.3708503710378377,2.962032783453787,2.8078570995170806,-0.000816519708465251,-0.0007101732449469017,0.9988965987872486,0.999815094780487,0.9988965987872486,0.999815094780487,0.0,8.204427320349876e-21
849,17,4.535928726196289,1.6516301263898088,-1.9686023212950732,2.3250619085831694,2.7595775804236897,-0.0005966776961146154,-0.000698823690063673,0.998725209967691,0.9997061062992074,0.9987252099676911,0.9997061062992074,1.0855860667826523e-19,1.8239845256141413e-20
850,17,4.1133928298950195,2.4630938928950297,-1.525432699876063,2.30847122761178,2.7144669451424988,-0.0005358494223672825,-0.000682526263294034,0.9984331982999818,0.9995788154992848,0.9984331982999818,0.9995788154992848,0.0,1.6415860730527273e-20
851,17,4.129758834838867,1.6174025975267823,-1.2111491701357784,2.528205255572779,2.695840776185527,-0.0006455712997419517,-0.0006788307669388258,0.9981892734463629,0.9994398612939926,0.9981892734463628,0.9994398612939926,-1.0861689274040908e-19,3.912585383433637e-21
852,17,3.90908145904541,1.2571280196520398,-0.9643214511569965,2.5016715167750587,2.6764238502444804,-0.0007712033128679797,-0.0006880680215317411,0.9981089604535403,0.9993067712099475,0.9981089604535403,0.9993067712099475,0.0,3.521326845090273e-21
853,17,4.288801670074463,1.5723134011307247,-0.7106579659282244,2.2939733642547497,2.6381788016455077,-0.0008376751652095509,-0.0007030287358995222,0.9982665099713257,0.9992027450860854,0.9982665099713257,0.9992027450860854,0.0,3.169194160581246e-21
854,17,4.4100775718688965,3.541653009732881,-0.28542686836211384,2.18470297765439,2.592831219246396,-0.0006843010916903892,-0.0007011559714786089,0.9980525291805892,0.9990877234955358,0.9980525291805892,0.9990877234955358,0.0,2.8522747445231213e-21
855,17,4.280167579650879,4.199944436990815,0.1631102621731791,2.286860494431825,2.562234146764939,-0.0005547531773057572,-0.0006865156920613238,0.9977066246387375,0.998949613609856,0.9977066246387376,0.998949613609856,-1.0866943705802155e-19,-8.299896435731346e-21
856,17,4.190255165100098,3.3973207573337274,0.48653131168923397,2.5532180588425653,2.5613325379727017,-0.0006162220693898823,-0.0006794863297941796,0.997530937209344,0.9988077459698048,0.997530937209344,0.9988077459698048,0.0,-7.469906792158212e-21
857,17,4.289059638977051,2.620553082962892,0.6999334888165998,2.6900104241216267,2.574200326587594,-0.0007631694347350797,-0.0006878546402882696,0.9976340867459892,0.9986903800474234,0.9976340867459893,0.9986903800474234,0.0,-6.7229161129423906e-21
858,17,4.556571960449219,3.1847563901270664,0.9484157789476464,2.8034549357792566,2.5971257875067604,-0.000823858046329436,-0.0007014549808923863,0.9976039571830795,0.998581737760989,0.9976039571830795,0.998581737760989,0.0,-6.050624501648152e-21
859,17,4.662288665771484,4.618477841451994,1.315421985198081,2.843688232904167,2.621782032046501,-0.0006702357523019982,-0.0006983330580333474,0.9972386711029817,0.9984474310951883,0.9972386711029818,0.9984474310951883,0.0,-5.445562051483336e-21
860,17,4.503963470458984,4.2155623052828215,1.6054360172065554,2.757580531019945,2.6353618819438456,-0.0007479112803438141,-0.0007032908802643941,0.9972936054824743,0.9983320485339169,0.9972936054824744,0.9983320485339169,0.0,-4.901005846335003e-21
861,17,4.429268836975098,4.6466315346985,1.90955556895575,2.8322628084610226,2.6550519745955636,-0.000703639172863664,-0.0007033257095243211,0.9971154954489388,0.9982103932254192,0.9971154954489388,0.9982103932254192,0.0,-4.4109052617015025e-21
862,17,4.256793975830078,4.64316559828916,2.1829165718890913,2.9346929440583485,2.683016071541842,-0.0007907169410669062,-0.0007120648326785796,0.9970653295546769,0.9980958868583449,0.9970653295546769,0.9980958868583449,0.0,-3.969814735531352e-21
863,17,4.2209272384643555,5.4296218339714715,2.5075870980973294,2.8293838978936736,2.6976528541770257,-0.0007473951345937585,-0.0007155978628700975,0.9970590903002476,0.9979922072025352,0.9970590903002478,0.9979922072025352,0.0,-3.572833261978217e-21
864,17,4.218327522277832,6.6820805925698865,2.925036447544585,2.4888328163337285,2.676770850392696,-0.0005461360512432811,-0.000698651681707416,0.9968956593575644,0.9978825524180381,0.9968956593575644,0.9978825524180381,-1.0875783862718427e-19,-1.4091333798498823e-20
865,17,4.138721466064453,6.796653263891839,3.312198129179311,2.492203916357261,2.658314156989153,-0.0005288483460141316,-0.0006816713481380876,0.9968604127200743,0.9977803384482418,0.9968604127200744,0.9977803384482418,1.0876168404833186e-19,-1.806032013815754e-21
866,17,3.992694616317749,6.708166235974734,3.651794939858853,2.6746618243290863,2.6599489237231464,-0.0005030287475696936,-0.0006638070880812482,0.9966803212866588,0.9976703367320835,0.9966803212866588,0.9976703367320835,0.0,-1.6254288124341785e-21
867,17,4.469888210296631,6.183804017512904,3.9049958476242583,2.90578393208318,2.6845324245591495,-0.0006021504793253615,-0.0006576414272056596,0.9968701510234136,0.9975903181612165,0.9968701510234135,0.9975903181612165,1.0876062156866002e-19,9.413176225675241e-21
868,17,4.541921138763428,7.081399605489748,4.222636223410808,3.019200015322637,2.717999183635498,-0.0005242735613078246,-0.0006443046406158762,0.9969082158807935,0.9975221079331742,0.9969082158807936,0.9975221079331742,1.0875646877155931e-19,1.934750548026365e-20
869,17,4.027376651763916,7.515373351792833,4.551909936249011,3.6507696356412285,2.8112762288360713,-0.0005076398959270404,-0.0006306381661469925,0.9967464320715966,0.9974445403470165,0.9967464320715966,0.9974445403470165,0.0,1.7412754932237286e-20
870,17,5.03521728515625,7.292432034538199,4.825962146077931,3.9972627841062374,2.929874884363088,-0.0004494753701800693,-0.0006125218865503002,0.9966701828825132,0.9973671046005661,0.9966701828825132,0.9973671046005661,0.0,1.5671479439013557e-20
871,17,4.700964450836182,5.63265431950081,4.906631363420219,5.018366472882801,3.1387240432150594,-0.0007034046176987043,-0.0006216101596651406,0.9967952576105524,0.9973099199015647,0.9967952576105524,0.9973099199015647,0.0,1.41043314951122e-20
872,17,4.802561283111572,5.664958077648254,4.982464034843023,5.429310833741781,3.3677827222677315,-0.0007402263523696782,-0.0006334717789355943,0.9970365032809004,0.9972825782394983,0.9970365032809004,0.9972825782394983,-1.0874247521708304e-19,1.8196508238926755e-21
873,17,5.318563938140869,7.42135818815642,5.226353450174363,5.8580166275245835,3.616806112793417,-0.0005641704919732356,-0.0006265416502393584,0.9968324850987491,0.9972375689254234,0.9968324850987491,0.9972375689254234,1.0876473115521513e-19,1.2514158857024922e-20
874,17,5.360688209533691,7.486258107605205,5.452343915917448,6.14419474967371,3.8695449764814462,-0.0005701144862220272,-0.0006208989338376253,0.9967809628702142,0.9971919083199025,0.9967809628702143,0.9971919083199025,-1.0877035305365005e-19,3.857076659574251e-22
875,17,4.961018085479736,6.255914011459972,5.5327009254717,6.9365925570285505,4.176249734536157,-0.0007759622040451314,-0.000636405260858376,0.9966685919636772,0.99713957668428,0.9966685919636772,0.99713957668428,0.0,3.4713689936168262e-22
876,17,5.011483192443848,6.204651276521662,5.5998959605766965,7.167671274664541,4.475391888548995,-0.0007607123539123668,-0.0006488359701637751,0.9966921988042815,0.9970948388962801,0.9966921988042815,0.9970948388962801,0.0,3.1242320942551437e-22
877,17,5.52833890914917,6.420565887281113,5.6819629532471385,7.046422853807412,4.732494985074837,-0.0007342786773959455,-0.0006573802408869922,0.9969665283054463,0.9970820078371968,0.9969665283054463,0.9970820078371968,0.0,2.8118088848296293e-22
878,17,5.4173173904418945,7.135795382746626,5.827346196197087,7.466971255916281,5.005942612158981,-0.0006822510892883039,-0.0006598673257271233,0.9967152607963126,0.9970453331331084,0.9967152607963125,0.9970453331331084,-1.0877752304296972e-19,-1.0624689504662306e-20
879,17,5.330880641937256,7.056864835989034,5.950298060176282,7.550220135350182,5.260370364478101,-0.0006724545769475258,-0.0006611260508491636,0.9966641748620639,0.997007217306004,0.9966641748620638,0.997007217306004,-1.0878309864358831e-19,-2.0440530418554908e-20
880,17,4.952178955078125,6.935202449370975,6.0487884990957514,7.8545079169704906,5.5197841197273405,-0.0007605133708166289,-0.0006710647828459101,0.9967502749468161,0.9969815230700851,0.9967502749468162,0.9969815230700851,0.0,-1.8396477376699416e-20
881,17,4.997980117797852,7.070096037721377,6.150919252958314,7.863099369307763,5.754115644685383,-0.0007768151797586458,-0.0006816398225371837,0.9967779340046504,0.9969611641635416,0.9967779340046504,0.9969611641635416,-1.0877068356937024e-19,-2.74338979959665e-20
882,17,5.280675888061523,7.693137662731992,6.305141093935681,7.937151987176046,5.972419278934449,-0.000718686730757416,-0.000685344513359207,0.9967328457564819,0.9969383323228357,0.9967328457564819,0.9969383323228357,0.0,-2.469050819636985e-20
883,17,5.444131851196289,8.30209600110916,6.504836584653029,7.876322632332411,6.162809614274245,-0.0005594489701540228,-0.0006727549590386886,0.9965808228885682,0.996902581379409,0.9965808228885683,0.996902581379409,-1.087921970385671e-19,-3.310067708058957e-20
884,16,5.752918720245361,7.066249283480528,6.560977854535778,8.210592689907047,6.367587921837526,-0.0004667529503489576,-0.0006521547581697155,0.9965477810658858,0.9968671013480568,0.9965477810658857,0.9968671013480568,0.0,-2.9790609372530615e-20
885,16,5.71181058883667,5.623392752059372,6.467219344288138,8.436486819755315,6.574477811629304,-0.0006312711419211348,-0.0006500663965448575,0.9968315838075557,0.9968635495940067,0.9968315838075557,0.9968635495940067,0.0,-2.6811548435277554e-20
886,16,5.409786701202393,5.082595134864382,6.328756923345762,8.453897540040115,6.762419784470385,-0.0006585965949938181,-0.0006509194163897535,0.997239151355916,0.9969011097701976,0.997239151355916,0.9969011097701976,0.0,-2.41303935917498e-20
887,16,5.85414457321167,6.911128951410333,6.38699412615222,8.425154929246125,6.92869329894796,-0.0003925247657696543,-0.0006250799513277436,0.9970629022828454,0.9969172890214625,0.9970629022828454,0.9969172890214625,0.0,-2.171735423257482e-20
888,16,5.945670127868652,7.081142900946124,6.45640900363161,8.705609773943538,7.106384946447518,-0.0002609609084004391,-0.0005886680470350132,0.996778959395309,0.9969034560588471,0.996778959395309,0.9969034560588471,-5.438528583825798e-20,-2.4984147393143138e-20
889,16,5.705723285675049,5.214817488279879,6.332249852096437,9.02231695122306,7.297978146925073,-0.0005187566518629987,-0.0005816769075178118,0.9970688714093477,0.9969199975938972,0.9970688714093479,0.9969199975938972,1.0873894507939e-19,-1.1611838145889825e-20
890,16,5.379478454589844,4.834652990190272,6.18249016590582,8.910167380606772,7.459197070293243,-0.0006413407897357163,-0.0005876432957396022,0.9974040278484355,0.996968400619351,0.9974040278484355,0.996968400619351,0.0,-1.0450654331300843e-20
891,16,5.402278900146484,5.767594409597512,6.14100059027499,8.718742106581447,7.585151573922063,-0.0005188217731522914,-0.0005807611434808711,0.9973329397669403,0.9970048545341099,0.9973329397669403,0.9970048545341099,-1.0871015377661787e-19,-2.0276604275832547e-20
892,16,5.706524848937988,6.20662087202342,6.147562618449832,8.556503673875083,7.682286783917366,-0.00034701598703873124,-0.0005573866278366571,0.9970898281411839,0.9970133518948174,0.9970898281411837,0.9970133518948174,0.0,-1.8248943848249292e-20
893,16,5.95067024230957,4.42527856156574,5.975334212761424,8.480233147670914,7.762081420292722,-0.0005273550032352015,-0.0005543834653765116,0.9973358681184952,0.9970456035171852,0.9973358681184952,0.9970456035171852,0.0,-1.6424049463424362e-20
894,16,5.671443462371826,4.325463700439622,5.8103471615292435,8.324183566603617,7.818291634923812,-0.0005935384417747617,-0.0005582989630163366,0.9976078377510622,0.9971018269405729,0.9976078377510622,0.9971018269405729,1.086801979152103e-19,-3.9136247255608966e-21
895,16,5.391542434692383,5.083001254820144,5.737612570858333,8.040450511767483,7.8405075226081795,-0.00031677548445805835,-0.0005341466151605088,0.9975232724699945,0.9971439714935151,0.9975232724699945,0.9971439714935151,0.0,-3.522262253004807e-21
896,16,5.315609931945801,4.742013104784243,5.638052624250925,8.306607101937189,7.887117480541081,-0.0002477216815866334,-0.0005055041218031212,0.997263955614064,0.99715596990557,0.9972639556140641,0.99715596990557,0.0,-3.1700360277043265e-21
897,16,5.2882795333862305,2.7747698352679557,5.351724345352627,8.504273528976332,7.9488330853846065,-0.0003875577643337412,-0.0004937094860561832,0.9975273027958763,0.9971931031946006,0.9975273027958763,0.9971931031946006,0.0,-2.853032424933894e-21
898,16,5.5470805168151855,2.147452312599646,5.03129714207733,8.546773383476589,8.008627115193805,-0.0004045232067442858,-0.0004847908581249935,0.9977515445674737,0.997248947331888,0.9977515445674737,0.997248947331888,0.0,-2.5677291824405046e-21
899,16,5.35684871673584,2.2249429319410248,4.750661721063699,8.568559405858702,8.064620344260295,-0.00025460850785516393,-0.0004617726230980106,0.9977944665699872,0.997303499255698,0.9977944665699873,0.997303499255698,5.432993511241607e-20,3.1220372470451534e-21
900,16,5.904358386993408,1.6231805201133582,4.437913600968665,8.9093991109225,8.149098220926515,-0.00021115422474473112,-0.0004367107832626826,0.9976971493304142,0.9973428642631696,0.9976971493304143,0.9973428642631696,2.7167617277776785e-20,5.526595250118317e-21
901,16,5.886773586273193,0.7803914712535224,4.07216138799715,9.018138959245166,8.23600229475838,-0.00014967109133824552,-0.0004080068140702389,0.9976086164509086,0.9973694394819436,0.9976086164509086,0.9973694394819436,0.0,4.9739357251064855e-21
902,16,5.751059532165527,-1.0661779954527162,3.5583274496521637,9.38178234631896,8.350580299914439,-0.0003722534824398355,-0.0004044314809071986,0.9978618877824044,0.9974186843119897,0.9978618877824044,0.9974186843119897,0.0,4.4765421525958374e-21
903,16,5.958334445953369,-0.913995843952363,3.1110951202917114,9.126835199291344,8.428205789852129,-0.00028706099644074535,-0.0003926944324605533,0.9979992336450197,0.9974767392452927,0.9979992336450197,0.9974767392452927,0.0,4.0288879373362535e-21
904,16,6.215482711791992,-0.23407394434727985,2.776578213827812,9.092215515820655,8.494606762448981,8.64495772864389e-05,-0.00034478003148585406,0.9975018424031249,0.9974792495610759,0.9975018424031249,0.9974792495610759,0.0,3.625999143602628e-21
905,16,6.261814117431641,-3.1662988063321515,2.182290511811816,9.561686712658739,8.601314757469957,-0.00020291548595320882,-0.00033059357693258955,0.99773630362715,0.9975049549676833,0.99773630362715,0.9975049549676833,-2.716655113540567e-20,5.467441157017983e-22
906,16,6.397457122802734,-4.4959395923517995,1.5144675013954547,9.70179105434783,8.711362387157745,-0.00027174395242423303,-0.0003247086144817539,0.9978646007901297,0.9975409195499281,0.9978646007901297,0.9975409195499281,-5.432611657067556e-20,-4.940541952935938e-21
907,16,6.18891716003418,-5.069717357441539,0.8560490155117554,9.670281113315738,8.807254259773545,-0.0002959958526869401,-0.00032183733830227254,0.997932671094363,0.9975800947043716,0.9979326710943629,0.9975800947043716,0.0,-4.446487757642344e-21
908,16,5.938785552978516,-5.243905427943623,0.24605357116621762,9.604509525416558,8.886979786337847,-0.00028508332291969174,-0.00031816193676401447,0.9979639050850303,0.9976184757424376,0.9979639050850304,0.9976184757424376,0.0,-4.00183898187811e-21
909,16,6.535592079162598,-5.931437484490776,-0.37169553439948183,9.407685804625427,8.939050388166605,-0.00020985321603673532,-0.00030733106469128655,0.9980940311001797,0.9976660312782117,0.9980940311001797,0.9976660312782117,0.0,-3.6016550836902986e-21
910,16,6.660672187805176,-5.736494502362196,-0.9081754311957533,9.405972835688674,8.98574263291881,-0.00011546074215826072,-0.00028814403243798394,0.997990060810272,0.9976984342314178,0.9979900608102719,0.9976984342314178,0.0,-3.2414895753212686e-21
911,16,6.508829593658447,-6.311033040188545,-1.4484611920950323,9.583098359219996,9.04547820554893,-0.00019670108557182399,-0.00027899973775136796,0.9981633110814482,0.9977449219164208,0.9981633110814482,0.9977449219164208,0.0,-2.917340617789142e-21
912,16,6.219338893890381,-6.249270597025349,-1.928542132588064,9.568634341120704,9.097793819106109,-0.00012387506519300677,-0.00026348727049553186,0.9980702391123359,0.9977774536360124,0.9980702391123359,0.9977774536360124,0.0,-2.6256065560102278e-21
913,16,6.220928192138672,-6.245085873233293,-2.3601965066525867,9.715167059680283,9.159531143163527,-4.408630770644168e-05,-0.00024154717421662287,0.9979635835660038,0.9977960666290117,0.9979635835660037,0.9977960666290117,-6.790091030998258e-21,-3.042055003509031e-21
914,16,6.157422065734863,-7.543807073255835,-2.8785575633129117,9.832597780921766,9.22683780693935,-0.00015876381488885973,-0.00023326883828384657,0.9980658746691096,0.9978230474330214,0.9980658746691097,0.9978230474330214,0.0,-2.737849503158128e-21
915,16,6.294551372528076,-8.121931707970345,-3.4028949777786552,9.857820043917263,9.289936030637142,-0.0002794676197561386,-0.00023788871643107577,0.9982269505294579,0.9978634377426652,0.9982269505294579,0.9978634377426652,0.0,-2.464064552842315e-21
916,16,6.916147232055664,-7.397817181917317,-3.8023871981925215,9.479083789618647,9.308850806535292,-0.0002006381240028435,-0.00023416365718825254,0.9982655392109723,0.9979036478894958,0.9982655392109723,0.9979036478894958,0.0,-2.2176580975580837e-21
917,16,7.275119304656982,-6.570328876144737,-4.079181365987743,9.547644108336597,9.332730136715423,-1.6478753914211432e-05,-0.00021239516686084845,0.9977265704205067,0.997885940142597,0.9977265704205067,0.997885940142597,0.0,-1.9958922878022754e-21
918,16,7.301168441772461,-8.916338206600813,-4.562897050049051,9.357406508743116,9.335197773918193,-0.0001981276466144191,-0.00021096841483620552,0.9980617715498803,0.9979035232833254,0.9980617715498804,0.9979035232833254,0.0,-1.7963030590220478e-21
919,16,6.8145527839660645,-9.3848564225074,-5.045092987294886,9.430705537341229,9.344748550260496,-0.000339072483115492,-0.0002237788216641342,0.9981318148744487,0.9979263524424378,0.9981318148744488,0.9979263524424378,0.0,-1.616672753119843e-21
920,16,6.730364799499512,-9.382689741367216,-5.478852662702119,9.145056517504667,9.324779346984913,-0.00025795741880868663,-0.00022719668137858944,0.9981859145275254,0.9979523086509465,0.9981859145275255,0.9979523086509465,0.0,-1.4550054778078588e-21
921,16,6.644543647766113,-9.498009260309273,-5.880768322462834,9.058207068866377,9.29812211917306,-0.0002854175269333948,-0.00023301876593407,0.998297683083399,0.9979868460941917,0.998297683083399,0.9979868460941917,0.0,-1.309504930027073e-21
922,16,6.563925266265869,-8.945170456975342,-6.187208535914085,8.915994225409426,9.259909329796697,-0.0001496953858514445,-0.00022468642792580746,0.9981509037299305,0.9980032518577656,0.9981509037299306,0.9980032518577656,0.0,-1.1785544370243657e-21
923,16,6.708183288574219,-10.10814912063414,-6.579302594386091,8.840817978676235,9.21800019468465,-0.00025037211657827395,-0.00022725499679105413,0.99847909862613,0.9980508365346021,0.99847909862613,0.9980508365346021,0.0,-1.0606989933219292e-21
924,16,6.719052314758301,-10.116607690754009,-6.933033104022883,8.773819099159978,9.173582085132184,-0.0002530344189853416,-0.00022983293901048289,0.9985715314501938,0.9981029060261614,0.9985715314501938,0.9981029060261614,0.0,-9.546290939897363e-22
925,16,6.658400058746338,-9.217638861769624,-7.161493679797557,8.724271722289389,9.128651048847905,-0.00013742192881363355,-0.00022059183799079794,0.9984261838541644,0.9981352338089616,0.9984261838541644,0.9981352338089616,0.0,-8.591661845907626e-22
926,16,7.05963659286499,-9.72807040736952,-7.418151352554753,8.649628461221074,9.080748790085222,-8.914942776928624e-05,-0.00020744759696864678,0.9984144333704582,0.9981631537651113,0.9984144333704581,0.9981631537651113,0.0,-7.732495661316864e-22
927,16,7.252810001373291,-10.995314290344048,-7.775867646333683,8.863726403555404,9.05904655143224,-0.0001401866592337899,-0.0002007215031951611,0.9983856222054979,0.99818540060915,0.9983856222054979,0.99818540060915,0.0,-6.959246095185177e-22
928,16,7.336791038513184,-12.243342902447557,-8.22261517194507,8.819562121850314,9.035098108474047,-0.00022397798137942162,-0.00020304715101358717,0.9986267903740988,0.9982295395856449,0.9986267903740988,0.9982295395856449,2.714232641604147e-20,2.0879004930374813e-21
929,16,7.419074058532715,-13.358500469476901,-8.736203701698255,8.767761543640422,9.008364451990685,-0.00038837728637999846,-0.00022158016455022832,0.9989781879658511,0.9983044044236655,0.998978187965851,0.9983044044236655,0.0,1.879110443733733e-21
930,16,7.31361722946167,-12.899131757948332,-9.152496507323264,8.528578079333707,8.960385814724987,-0.000331961637181998,-0.0002326183118134053,0.999071030524191,0.9983810670337181,0.999071030524191,0.9983810670337181,-5.42605149864393e-20,-3.73485209928357e-21
931,16,7.284089088439941,-12.06764291921053,-9.44401114851199,8.125060665088585,8.876853299761347,-8.123415146740604e-05,-0.00021747989577880538,0.9988826930642843,0.9984312296367748,0.9988826930642845,0.9984312296367748,0.0,-3.3613668893552127e-21
932,16,7.073449611663818,-13.373344827763201,-9.836944516437113,8.04690623374337,8.793858593159548,-0.00022881218830005847,-0.0002186131250309307,0.9989623983785438,0.9984843465109516,0.998962398378544,0.9984843465109516,0.0,-3.0252302004196916e-21
933,16,7.311450004577637,-13.918343077558987,-10.2450843725493,7.731099010917536,8.687582634935348,-0.00035994815866790647,-0.00023274662839462828,0.9992483870141473,0.9985607505612712,0.9992483870141474,0.9985607505612712,0.0,-2.7227071803777225e-21
934,16,7.294223308563232,-12.883191949206733,-10.508895130215043,7.225198520232147,8.541344223465028,-0.00019868984214597445,-0.0002293409497697629,0.9992722313107474,0.9986318986362188,0.9992722313107475,0.9986318986362188,2.71247948885599e-20,2.6204302651604006e-22
935,16,7.2971014976501465,-12.722843059676281,-10.730289923161166,7.027361288576569,8.389945929976182,-0.00013971732337799526,-0.00022037858713058612,0.9991928645863045,0.9986879952312274,0.9991928645863045,0.9986879952312274,2.712694943369107e-20,2.948533667233543e-21
936,16,7.297148704528809,-14.376327141520337,-11.094893644997084,6.967620574172132,8.247713394395777,-0.0002784384298738902,-0.00022618457140491653,0.9993431820424191,0.9987535139123466,0.9993431820424191,0.9987535139123466,5.424573819924672e-20,8.07825412043486e-21
937,16,7.178217887878418,-14.766676178991887,-11.462071898396564,6.5780968741185575,8.080751742368054,-0.00036798775356358063,-0.00024036488962078293,0.9997881917819008,0.998856981699302,0.9997881917819008,0.998856981699302,0.0,7.270428708391375e-21
938,16,7.358312129974365,-13.080809402202565,-11.623945648777166,6.3467076544192915,7.9073473335731785,-6.56300224414224e-05,-0.0002228914029028469,0.9993885874394313,0.998910142273315,0.9993885874394312,0.998910142273315,0.0,6.543385837552238e-21
939,16,7.450864791870117,-14.278891679806653,-11.889440251880114,6.410130596779054,7.757625659893766,-8.751726553808704e-05,-0.0002093539891663709,0.9993777685607771,0.9989569049020612,0.9993777685607772,0.9989569049020612,1.3560965214971768e-20,7.24514377529419e-21
940,16,7.243178844451904,-16.48120341019974,-12.348616567712076,6.71742957841743,7.653606051746133,-0.0004347318559640867,-0.00023189177584614248,0.9998215641713151,0.9990433708289866,0.9998215641713152,0.9990433708289866,-5.421978337625307e-20,1.0986510601394649e-21
941,16,7.197188377380371,-16.144567656852036,-12.728211676626074,6.532423660380429,7.541487812609563,-0.0003994616170507224,-0.00024864875996660047,1.0001414371092958,0.9991531774570175,1.000141437109296,0.9991531774570176,5.420244238750715e-20,6.409030192876234e-21
942,16,6.977753639221191,-14.416580879457312,-12.897048596909197,6.370838392821401,7.424422870630747,-0.00015882682397884892,-0.0002396665663678253,0.9999368218393019,0.999231541895246,0.9999368218393019,0.9992315418952461,0.0,5.76812717358861e-21
943,16,6.996731281280518,-14.285039841723126,-13.03584772139059,6.403514684884599,7.322332052056133,-6.57464902391431e-05,-0.00022227455875495708,0.9997377497259362,0.999282162678315,0.9997377497259362,0.9992821626783152,0.0,5.191314456229749e-21
944,16,7.317896366119385,-16.111168227236583,-13.34337977197519,6.489655920431913,7.2390644388937115,-0.00023329998777315528,-0.0002233771016567769,0.9997991584565156,0.9993338622561352,0.9997991584565155,0.9993338622561352,-2.711049922664693e-20,1.9611330879420814e-21
945,16,7.49820613861084,-17.61361104567777,-13.770402899345449,6.1798363007495825,7.133141625079299,-0.00035878030999199453,-0.00023691742249029867,1.0001604295473185,0.9994165189852535,1.0001604295473185,0.9994165189852535,5.420141311610498e-20,7.185161090758371e-21
946,16,7.39306116104126,-17.36560884628638,-14.129923494039542,5.879667913189483,7.007794253890317,-0.00033240991887049026,-0.00024646667212831783,1.000340139004662,0.9995088809871944,1.000340139004662,0.9995088809871944,0.0,6.466644981682534e-21
947,16,7.444829940795898,-16.771595747379106,-14.394090719373498,5.838339825405622,6.890848811041848,-0.0002740083671580241,-0.00024922084163128845,1.0002621570239265,0.9995842085908676,1.0002621570239263,0.9995842085908676,0.0,5.819980483514281e-21
948,16,7.488691329956055,-16.7852407013984,-14.633205717575988,5.428923670788532,6.744656297016517,-0.00013789628735920247,-0.00023808838620407985,1.0000942034799636,0.9996352080797772,1.0000942034799634,0.9996352080797771,2.710250116221242e-20,7.948232551384094e-21
949,16,7.238004207611084,-18.639142450725494,-15.03379939089094,5.299394734981216,6.600130140812987,-0.0004225217739032392,-0.0002565317249739958,1.0005378370000693,0.9997254709718065,1.0005378370000693,0.9997254709718064,0.0,7.153409296245685e-21
950,16,7.564507961273193,-18.35896733672862,-15.366316185474709,4.425279700788637,6.382645096810552,-0.0003612601213808877,-0.000267004564614685,1.000850194324449,0.9998379433070708,1.0008501943244492,0.9998379433070708,0.0,6.438068366621117e-21
951,16,7.716818332672119,-17.171375000290663,-15.546822066956304,4.1251626216981165,6.156896849299308,-0.00017091538255764797,-0.0002573956464089813,1.0005375473142961,0.9999079037077934,1.0005375473142961,0.9999079037077934,0.0,5.7942615299590054e-21
952,16,7.254544734954834,-17.918076011112078,-15.78394746137188,3.7273782893268597,5.913944993302064,-0.0001920290716102383,-0.000250858988929107,1.000723125347,0.9999894258717141,1.0007231253469997,0.999989425871714,2.708546812360208e-20,7.923382189323313e-21
953,16,6.855412483215332,-18.527297785139414,-16.058282493748635,3.4473639303847476,5.667286887010333,-0.0002920562046405227,-0.0002549787105002486,1.000891344464166,1.0000796177309594,1.0008913444641658,1.0000796177309592,0.0,7.131043970390982e-21
954,16,7.042834281921387,-18.489273901412805,-16.301381634515053,3.100102658489313,5.410568464158231,-0.00021962137254021323,-0.00025144297670424504,1.0009307148416948,1.000164727442033,1.0009307148416948,1.0001647274420329,-2.707985069318658e-20,3.7099545040332256e-21
955,16,7.37338924407959,-18.52280053821756,-16.523523524885302,3.070348066275141,5.1765464243699215,-0.00030584555458889934,-0.0002568832344927105,1.0010307619339214,1.000251330891222,1.0010307619339216,1.0002513308912218,0.0,3.338959053629903e-21
956,17,7.390061855316162,-18.607184028743166,-16.73188957527109,3.158263268146701,4.9747181087476,-0.0004892505706491355,-0.000280119968108353,1.000966486065991,1.0003228464086988,1.0009664860659913,1.0003228464086986,-1.0831553179633885e-19,-7.826490031366972e-21
957,17,7.259654521942139,-18.735439167016096,-16.93224453444559,3.0125618310054874,4.778502480973388,-0.0004736283556104764,-0.00029947080685856534,1.0010563595701534,1.0003961977248443,1.0010563595701534,1.0003961977248441,-5.4152903686214697e-20,-1.2459131396851745e-20
958,17,7.251422882080078,-18.782076255601602,-17.11722770656119,2.9863111413902077,4.599283347015071,-0.0004734394057152181,-0.0003168676667442306,1.0010759045110715,1.000464168403467,1.0010759045110715,1.0004641684034667,0.0,-1.121321825716657e-20
959,17,7.13092565536499,-19.37375968536698,-17.34288090444177,2.885600338773006,4.427915046190864,-0.0005147903627755373,-0.00033665993634736125,1.0013001057245239,1.0005477621355727,1.0013001057245239,1.0005477621355725,0.0,-1.0091896431449914e-20
960,16,6.791531562805176,-19.546047252204147,-17.56319753921801,2.511805884072256,4.236304129979003,-0.0003477585728873747,-0.0003377698000013626,1.0015851860239497,1.0006515045244104,1.00158518602395,1.0006515045244102,0.0,-9.082706788304922e-21
961,16,6.824831962585449,-20.12112437372394,-17.818990222668603,2.4761391988759174,4.060287636868695,-0.0004319595537220017,-0.00034718877537342655,1.0017691819601222,1.0007632722679816,1.0017691819601222,1.0007632722679813,0.0,-8.17443610947443e-21
962,16,6.949718952178955,-20.37601985244132,-18.074693185645877,2.4194252062941706,3.896201393811243,-0.0005284615069907054,-0.0003653160485351545,1.0019433919139982,1.0008812842325832,1.001943391913998,1.000881284232583,-1.0820992295925708e-19,-1.8177984794452695e-20
963,16,7.059993743896484,-19.99428887632368,-18.26665275471366,1.920306855370168,3.6986119399671358,-0.0005647645327246343,-0.00038526089695410247,1.0024226820535627,1.001035424014681,1.0024226820535627,1.0010354240146808,-1.0815818435636435e-19,-2.7176004750643864e-20
964,16,6.6833415031433105,-18.189392048171822,-18.258926684059475,1.5452590823003984,3.483276654200462,-0.0003230472731736438,-0.0003790395345760566,1.002318757894975,1.0011637574027104,1.002318757894975,1.0011637574027104,0.0,-2.445840427557948e-20
965,16,6.564747333526611,-17.983198871826318,-18.23135390283616,1.3483136169633663,3.2697803504767524,-0.00018086024314211424,-0.00035922160543266235,1.0023118746227018,1.0012785691247095,1.0023118746227018,1.0012785691247095,-2.7042535360903223e-20,-2.4716817384111855e-20
966,16,6.571704864501953,-19.11159366483916,-18.319377879036463,1.3870629038140603,3.0815086058104835,-0.00021860362701852504,-0.00034515980759124864,1.002332896631601,1.0013840018753986,1.0023328966316007,1.0013840018753986,0.0,-2.224513564570067e-20
967,16,6.4486212730407715,-20.463846556208384,-18.533824746753655,1.3115137665309182,2.904509121882527,-0.00041508829850159826,-0.00035215265668228364,1.0027516721260112,1.00152076890046,1.0027516721260112,1.00152076890046,-5.4061349515718267e-20,-2.5426757032702432e-20
968,16,6.56840705871582,-21.049705367128144,-18.785412808791108,1.1756091693927202,2.7316191266335466,-0.0006370771901976709,-0.00038064511003382237,1.0032781878557888,1.0016965107959928,1.0032781878557888,1.0016965107959928,0.0,-2.2884081329432188e-20
969,16,6.7919487953186035,-19.109371443342965,-18.817808672246297,0.7498903989251955,2.5334462538627114,-0.00026543814052985056,-0.0003691244130834252,1.0031886193558366,1.0018457216519772,1.0031886193558366,1.0018457216519772,0.0,-2.059567319648897e-20
970,16,6.772034168243408,-18.973644472684203,-18.833392252290086,0.6922579318980383,2.3493274216662443,-0.0002527407011562089,-0.00035748604189070354,1.0032664707122319,1.0019877965580026,1.0032664707122319,1.0019877965580026,0.0,-1.8536105876840074e-20
971,16,6.8799028396606445,-19.32999599261234,-18.88305262632231,0.8335421117320133,2.1977488906728215,-0.000330583789644269,-0.00035479581666606006,1.0033263914041288,1.0021216560426152,1.0033263914041288,1.0021216560426152,0.0,-1.6682495289156067e-20
972,16,6.781808853149414,-19.415977668745672,-18.936345130564646,0.7857346129696017,2.0565474629024996,-0.00034123493901589417,-0.0003534397289010435,1.003394621203156,1.0022489525586693,1.003394621203156,1.0022489525586693,0.0,-1.5014245760240462e-20
973,16,6.741782188415527,-19.49096484733434,-18.991807102241616,0.7563705840823738,1.926529775020487,-0.00034530495731201005,-0.0003526262517421402,1.0034452437495864,1.002368581677761,1.0034452437495864,1.002368581677761,0.0,-1.3512821184216416e-20
974,16,6.468874454498291,-19.776980448013557,-19.070324436818808,0.6451399272112555,1.798390790239564,-0.0004052601141635322,-0.00035788963798427935,1.0036881727797256,1.0025005407879575,1.0036881727797256,1.0025005407879575,0.0,-1.2161539065794774e-20
975,16,6.669925212860107,-19.627072229465433,-19.12599921608347,0.577927717457849,1.6763444829613925,-0.0004455750901172956,-0.000366658183197581,1.003840556717649,1.0026345423809266,1.003840556717649,1.0026345423809266,0.0,-1.0945385159215297e-20
976,16,6.6674089431762695,-19.36871355752654,-19.150270650227778,0.324796703896732,1.5411897050549266,-0.0003484555991039237,-0.00036483792478821526,1.0037924115212347,1.0027503292949573,1.0037924115212347,1.0027503292949573,5.400529830876136e-20,-4.4503168124176325e-21
977,16,6.530022144317627,-19.121755059763593,-19.147419091181362,0.27877388381653145,1.4149481229310872,-0.00029273704293018295,-0.00035762783660241203,1.003457329392034,1.002821029304665,1.003457329392034,1.002821029304665,5.4023332170107896e-20,1.3970480858349201e-21
978,16,6.648721218109131,-20.40023117587972,-19.2727002996512,0.16743822322699561,1.290197132960678,-0.0005046947301953088,-0.0003723345259617017,1.0037577988743784,1.0029147062616364,1.0037577988743784,1.0029147062616364,0.0,1.2573432772514282e-21
979,16,6.610378265380859,-20.676849314112054,-19.413115201097284,0.2512198586351474,1.186299405528125,-0.0005992481606562582,-0.0003950258894311574,1.003757230475009,1.0029989586829737,1.0037572304750093,1.0029989586829737,1.0801438231956009e-19,1.1933047181482295e-20
980,16,6.472499370574951,-20.902964289478284,-19.562100109935383,0.08381087297774457,1.0760505522730872,-0.0005784159933591765,-0.00041336489982395926,1.0038282653864816,1.0030818893533247,1.0038282653864818,1.0030818893533247,0.0,1.0739742463334066e-20
981,16,6.426254749298096,-20.795290525816498,-19.685419151523494,0.035818457924671275,0.9720273428382457,-0.0005577827610652713,-0.0004278066859480905,1.0038120531431933,1.0031549057323115,1.0038120531431933,1.0031549057323115,0.0,9.665768217000659e-21
982,16,6.841093063354492,-20.81236867377029,-19.798114103748173,-0.08683258904314073,0.866141349650107,-0.0007234300395975386,-0.0004573690213130353,1.0042545583332108,1.0032648709924015,1.0042545583332108,1.0032648709924015,-1.0796089133864475e-19,-2.096897738563881e-21
983,16,6.462757110595703,-18.538129715938155,-19.67211566496717,-0.1763704244084056,0.7618901722442558,-0.0004833785204460439,-0.0004599699712263362,1.0039469405260422,1.0033330779457657,1.0039469405260422,1.0033330779457657,0.0,-1.887207964707493e-21
984,16,6.258133411407471,-17.514293349488103,-19.456333433419264,-0.19808029652274564,0.6658931253675556,-0.00032975888864813455,-0.000446948862968516,1.0037071619141256,1.0033704863426016,1.0037071619141256,1.0033704863426016,5.400988523474668e-20,3.702501355237924e-21
985,16,6.200106143951416,-17.54648015195441,-19.26534810527278,-0.19435606329813268,0.5798682065009868,-0.00033644556718022384,-0.0004358985333896868,1.0037171303284396,1.0034051507411854,1.0037171303284396,1.0034051507411854,0.0,3.332251219714132e-21
986,16,6.301541328430176,-17.63188610817163,-19.102001905562666,-0.2979632011602746,0.4920850657348607,-0.00034330379621067095,-0.00042663905967178523,1.003924128614476,1.0034570485285144,1.003924128614476,1.0034570485285144,0.0,2.999026097742719e-21
987,16,6.116214752197266,-16.438386142627042,-18.835640329269104,-0.09757504983136685,0.4331190541782379,-0.00024420547111046216,-0.00040839570081565294,1.0035934784939153,1.0034706915250544,1.0035934784939151,1.0034706915250544,0.0,2.699123487968447e-21
988,16,6.015383243560791,-16.609138575771937,-18.612990153919387,0.19626223719978675,0.40943337248039285,-0.0003372865091530561,-0.0004012847816493933,1.0036212409764325,1.0034857464701923,1.0036212409764327,1.0034857464701923,0.0,2.4292111391716025e-21
989,16,6.312610626220703,-16.72519163090791,-18.42421030161824,0.13569238298187847,0.3820592735305414,-0.00044041761849180613,-0.00040519806533363456,1.00388544561073,1.0035257163842461,1.0038854456107298,1.0035257163842461,0.0,2.1862900252544423e-21
990,16,5.851980686187744,-15.023790829495132,-18.08416835440593,0.27899709025913877,0.3717530552034012,-0.00027814770525792543,-0.00039249302932606366,1.0035272368618189,1.0035258684320034,1.0035272368618189,1.0035258684320034,0.0,1.967661022728998e-21
991,16,5.877872943878174,-15.014515855375429,-17.777203104502878,0.24969099469304928,0.359546849152366,-0.00027935834759633844,-0.00038117956115309116,1.0035380571500445,1.0035270873038076,1.0035380571500445,1.0035270873038076,0.0,1.7708949204560983e-21
992,16,5.596636772155762,-14.833670283649923,-17.48284982241758,0.3655696101433419,0.36014912525146364,-0.0002717196940015865,-0.0003702335744379407,1.0033857235134331,1.0035129509247702,1.0033857235134331,1.0035129509247702,-5.402718750517429e-20,-3.808913322106941e-21
993,16,5.551061153411865,-14.992985898403377,-17.23386343001616,0.35329138315823644,0.3594633510421409,-0.00029430838118987135,-0.00036264105511313376,1.0034369180998644,1.0035053476422797,1.0034369180998644,1.0035053476422797,0.0,-3.428021989896247e-21
994,16,5.708148956298828,-15.333254163496107,-17.043802503364155,0.6622407515083867,0.3897410910887655,-0.00043386282401718963,-0.0003697632320035393,1.0033039713950829,1.00348521001756,1.0033039713950829,1.00348521001756,0.0,-3.085219790906623e-21
995,16,5.742828845977783,-15.578315497782986,-16.897253802806038,0.8674431249627278,0.4375112944761617,-0.0005972369724685069,-0.0003925106060500361,1.00330621688087,1.003467310703891,1.0033062168808702,1.003467310703891,0.0,-2.7766978118159607e-21
996,16,5.965331554412842,-15.72560837966724,-16.780089260492158,0.5861340534012714,0.4523735703686727,-0.0006869560729542204,-0.0004219551527404545,1.0034986915553532,1.0034704487890371,1.0034986915553532,1.0034704487890371,0.0,-2.4990280306343647e-21
997,16,6.017590045928955,-14.317912747298632,-16.533871609172806,0.10043009147522443,0.41717922247932787,-0.0004540953851552153,-0.0004251691759819306,1.0033535217085876,1.0034587560809922,1.0033535217085876,1.0034587560809922,-5.4028921463256616e-20,-7.65201737389659e-21
998,16,5.914496421813965,-13.851046533460805,-16.265589101601606,0.18208124357936156,0.39366942458933124,-0.00032727236702121846,-0.0004153794950858594,1.003053099054065,1.0034181903782995,1.003053099054065,1.0034181903782995,0.0,-6.886815636506931e-21
999,16,5.819260120391846,-14.908215754336373,-16.129851766875085,0.22131746197578606,0.37643422832797674,-0.0005053213998947763,-0.0004243736855667511,1.003362538224011,1.0034126251628708,1.003362538224011,1.0034126251628708,-1.0805687188646515e-19,-1.7003821261502753e-20
1000,16,5.961791515350342,-14.842451674485137,-16.001111757636092,0.45005726552536635,0.38379653204771574,-0.0005198943848433831,-0.0004339257554944143,1.0034104660994203,1.0034124092565258,1.0034104660994203,1.0034124092565258,0.0,-1.5303439135352478e-20
1001,16,5.601592540740967,-14.102968485256232,-15.811297430398108,0.5071482017434816,0.3961316990172924,-0.000465789234633306,-0.00043711210340830343,1.0035014119635453,1.0034213095272277,1.0035014119635455,1.0034213095272277,5.402095899217781e-20,-8.37099932259945e-21
1002,16,5.566838264465332,-12.992822196222898,-15.529449906980588,0.5078191890340091,0.40730044801896403,-0.0003761141447645075,-0.00043101230754392385,1.0034735487133661,1.0034265334458417,1.0034735487133661,1.0034265334458417,0.0,-7.533899390339505e-21
1003,16,5.473968029022217,-12.469585663469985,-15.223463482629528,0.6037897456022296,0.4269493777772906,-0.00025607733345886047,-0.00041351881013541755,1.0031801328240757,1.003401893383665,1.0031801328240757,1.003401893383665,0.0,-6.780509451305555e-21
1004,16,5.467198848724365,-13.130931451879787,-15.014210279554554,0.6203426534800218,0.4462887053475637,-0.00037060467211248103,-0.0004092273963331239,1.0033829073973215,1.0033999947850307,1.0033829073973217,1.0033999947850307,0.0,-6.102458506174999e-21
1005,16,5.5079803466796875,-12.011923387922089,-14.713981590391308,0.3588675258269895,0.43754658739550634,-0.0003592843809431364,-0.0004042330947941252,1.0034774719930877,1.0034077425058365,1.0034774719930877,1.0034077425058365,5.4022247770649146e-20,-8.998787849258478e-23
1006,16,5.391515254974365,-11.493319565225384,-14.391915387874715,0.43607947957097165,0.43739987661305285,-0.00034329508719598765,-0.00039813929403431143,1.00323647279916,1.0033906155351688,1.00323647279916,1.0033906155351688,0.0,-8.09890906433263e-23
1007,16,5.778201103210449,-12.121778222029903,-14.164901671290234,0.44944965409293397,0.43860485436104096,-0.0004056632423953036,-0.00039889168887041065,1.0031826143153324,1.0033698154131852,1.0031826143153326,1.0033698154131852,-5.403812611054206e-20,-5.4767027926332e-21
1008,16,5.766392230987549,-12.408417862799284,-13.98925329044114,0.4034656665958682,0.43509093558452366,-0.00047726867035375236,-0.00040672938701874484,1.0033461975801596,1.0033674536298827,1.0033461975801594,1.0033674536298824,0.0,-4.92903251336988e-21
1009,16,5.8638691902160645,-11.933473521975356,-13.783675313594562,0.3124438808524557,0.4228262301113169,-0.0005348621641134695,-0.0004195426647282173,1.003480678522864,1.0033787761191808,1.0034806785228643,1.0033787761191806,-1.0804415029509718e-19,-1.524054429154261e-20
1010,16,5.508037567138672,-10.427272333590563,-13.448035015594161,0.13840495938686567,0.39438410303887184,-0.0003044475342662618,-0.0004080331516820218,1.003174635401488,1.0033583620474116,1.003174635401488,1.0033583620474114,0.0,-1.371648986238835e-20
1011,16,5.588851451873779,-10.405316078846568,-13.143763121919402,0.22582379067109495,0.37752807180209413,-0.000258776611647283,-0.00039310749767854797,1.0029885461849857,1.003321380461169,1.0029885461849857,1.003321380461169,0.0,-1.2344840876149516e-20
1012,16,5.4266276359558105,-11.690933247714119,-12.998480134498875,0.4267703492342837,0.3824522995453131,-0.000452987438698463,-0.0003990954917805395,1.0032031489667779,1.0033095573117299,1.0032031489667779,1.0033095573117299,0.0,-1.1110356788534565e-20
1013,16,5.780781269073486,-11.918760361330511,-12.890508157182039,0.5116757030334685,0.3953746398941287,-0.000608464930050285,-0.00042003243560751407,1.0034999482043745,1.0033285964009944,1.0034999482043747,1.0033285964009944,0.0,-9.999321109681108e-21
1014,16,5.588451385498047,-10.28125176765181,-12.629582518229016,0.6091955189634543,0.4167567278010612,-0.00042152062964869624,-0.0004201812550116323,1.0032989928456548,1.0033256360454605,1.0032989928456548,1.0033256360454605,0.0,-8.999388998712997e-21
1015,16,5.302738666534424,-9.875082356983093,-12.354132502104424,0.8494715730867073,0.4600282123296259,-0.0003325452922878778,-0.00041141765873925685,1.0030326928820488,1.0032963417291194,1.0030326928820488,1.0032963417291194,0.0,-8.099450098841697e-21
1016,16,5.432388782501221,-10.267677327551318,-12.145486984649114,1.086004753990513,0.5226258664957146,-0.00043940431181553754,-0.00041421632404688494,1.0031352471152422,1.0032802322677317,1.003135247115242,1.0032802322677317,0.0,-7.289505088957528e-21
1017,16,5.624418258666992,-9.980662630691548,-11.929004549253358,1.1966524969869607,0.5900285295448393,-0.0005109432252614776,-0.0004238890141683442,1.0033528550142528,1.0032874945423838,1.0033528550142528,1.0032874945423838,0.0,-6.560554580061775e-21
1018,16,5.833581447601318,-8.304908471733075,-11.566594941501329,1.3130683419321465,0.66233251078357,-0.0003466854099455062,-0.0004161686537460604,1.0029618389689057,1.003254928985036,1.0029618389689057,1.003254928985036,-5.405002116531761e-20,-1.130950123858736e-20
1019,16,5.754684925079346,-8.634260933821256,-11.273361540733323,1.360866133150087,0.7321858730202218,-0.0003618463954054539,-0.00041073642791199976,1.00296138407346,1.0032255744938785,1.00296138407346,1.0032255744938785,0.0,-1.0178551114728624e-20
1020,16,5.5201191902160645,-8.898519934444765,-11.035877380104468,1.4686575670779975,0.8058330424259994,-0.00045262511595368465,-0.00041492529671616825,1.0030489361238033,1.003207910656871,1.0030489361238033,1.003207910656871,5.404532787180409e-20,-3.7561632160753535e-21
1021,16,5.645893573760986,-8.52167698793308,-10.784457340887329,1.467643448336977,0.8720140830170972,-0.0005357390250142337,-0.0004270066695459748,1.0032011438353092,1.003207233974715,1.003201143835309,1.003207233974715,1.0807425601016789e-19,7.42687870654897e-21
1022,16,5.762001037597656,-6.919549623116234,-10.397966569110219,1.484075947999106,0.933220269515298,-0.0004526120963792022,-0.00042956721222929756,1.0030475947378383,1.0031912700510273,1.003047594737838,1.0031912700510273,-5.4045400147182314e-20,1.2796508211758418e-21
1023,16,5.5254926681518555,-6.169877391465265,-9.975157651345723,1.4472091148593451,0.9846191540497027,-0.00025612703385162705,-0.0004122231943915305,1.0028756817897846,1.003159711224903,1.0028756817897848,1.003159711224903,0.0,1.1516857390582577e-21
1024,16,5.467401504516602,-6.273790321693812,-9.605020918380532,2.074515301152257,1.093608768759958,-0.0002251828952684835,-0.00039351916447922586,1.002646109798606,1.0031083510822734,1.002646109798606,1.0031083510822734,0.0,1.036517165152432e-21
1025,16,5.836554050445557,-7.273143990061744,-9.371833225548652,2.8815558660321354,1.2724034784871758,-0.0004539068346084093,-0.00039955793149214425,1.0028550241978023,1.0030830183938262,1.0028550241978023,1.0030830183938262,-5.405577806985476e-20,-4.472712358348287e-21
1026,16,5.518833637237549,-7.092434194081511,-9.143893322401938,3.3640842865016816,1.4815715592886263,-0.0005696233172183289,-0.00041656447006476274,1.0028557244970775,1.0030602890041513,1.0028557244970775,1.0030602890041513,0.0,-4.025441122513458e-21
1027,16,5.351032257080078,-6.582734666062586,-8.887777456768003,3.542495738984162,1.6876639772581798,-0.0005002729030217197,-0.00042493531336045844,1.0026800598343282,1.003022266087169,1.0026800598343282,1.003022266087169,0.0,-3.622897010262113e-21
1028,16,5.44817590713501,-6.852859427792292,-8.684285653870432,3.616266171681697,1.8805241967005315,-0.0005455110378920716,-0.00043699288581361975,1.0028690167568088,1.003006941154133,1.0028690167568088,1.003006941154133,-1.0811004771009079e-19,-1.4071612080244982e-20
1029,16,5.612163066864014,-6.1044605146307385,-8.426303139946464,3.7330757398196734,2.065779351012446,-0.00045872961223742965,-0.0004391665584560008,1.0026957638223057,1.0029758234209503,1.0026957638223057,1.0029758234209503,0.0,-1.2664450872220484e-20
1030,16,5.808598041534424,-5.767900567134161,-8.160462882665234,3.7792939432577928,2.2371308102369807,-0.00044577484327006225,-0.000439827386937407,1.0026491176989791,1.0029431528487531,1.0026491176989791,1.0029431528487531,0.0,-1.1398005784998436e-20
1031,16,5.8171000480651855,-5.7183177602716695,-7.916248370425878,3.9164139856675586,2.4050591277800386,-0.0004640692955043932,-0.0004422515777941056,1.0026251569444067,1.0029113532583185,1.0026251569444067,1.0029113532583185,0.0,-1.0258205206498593e-20
1032,16,5.694895267486572,-5.662227609620978,-7.690846294345388,3.9789720496972647,2.5624504199717615,-0.0005464409140349322,-0.0004526705114181883,1.0026284425991943,1.002883062192406,1.002628442599194,1.002883062192406,0.0,-9.232384685848733e-21
1033,16,5.634912490844727,-5.001397708010521,-7.421901435711901,3.546253501121498,2.660830728086735,-0.00048017801485311103,-0.00045542126176168054,1.0027933622895882,1.0028740922021244,1.0027933622895882,1.0028740922021244,0.0,-8.30914621726386e-21
1034,16,5.265140533447266,-4.044362744803578,-7.084147566621069,3.0993657930634453,2.7046842345844064,-0.0003137877820077528,-0.00044125791378628776,1.002713880326808,1.002858071014593,1.002713880326808,1.002858071014593,0.0,-7.478231595537474e-21
1035,16,5.446170806884766,-3.931113619786462,-6.768844171937609,3.1682687959211817,2.751042690718084,-0.00022167610905760726,-0.00041929973331341974,1.0025172877016826,1.0028239926833018,1.0025172877016826,1.0028239926833018,0.0,-6.7304084359837265e-21
1036,16,5.843128204345703,-5.341684541571061,-6.626128208900954,3.47600270707855,2.823538692354131,-0.0003050980981332473,-0.0004078795697954025,1.0026015148206973,1.0028017448970414,1.002601514820697,1.0028017448970414,0.0,-6.057367592385354e-21
1037,16,6.008443355560303,-6.483555354805156,-6.611870923491374,3.8237274477180323,2.923557567890521,-0.0005157027586704435,-0.0004186618886829066,1.0028993964082078,1.002811510048158,1.0028993964082078,1.002811510048158,0.0,-5.451630833146819e-21
1038,16,5.929238319396973,-5.97851499079768,-6.548535330222005,3.8226324427318863,3.013465055374658,-0.00037443712947676604,-0.00041423941276229256,1.0028542319649034,1.0028157822398325,1.0028542319649034,1.0028157822398325,5.4055820772736584e-20,4.991143274415224e-22
1039,16,5.499516010284424,-6.260408240091928,-6.519722621208997,4.367608645692003,3.1488794144063923,-0.00043231413138432377,-0.0004160468846244957,1.0026428400227987,1.002798488018129,1.002642840022799,1.002798488018129,0.0,4.492028946973701e-22
1040,16,5.337464809417725,-7.2694685284418314,-6.59469721193228,4.121675019131177,3.246158974878871,-0.00046430479316831355,-0.0004208726754788775,1.0030259917346758,1.0028212383897839,1.0030259917346758,1.0028212383897839,0.0,4.042826052276331e-22
1041,16,5.7502241134643555,-7.181284143040654,-6.653355905043117,4.053499903691308,3.3268930677601145,-0.0004886198872686196,-0.0004276473966578517,1.0033049684244097,1.0028696113932465,1.0033049684244097,1.0028696113932465,-1.080630722070614e-19,-1.0442452876001271e-20
1042,16,5.847531318664551,-6.154542438311492,-6.603474558369955,4.014275839406035,3.3956313449247064,-0.00025856627983076756,-0.00041073928497514334,1.0030304516499076,1.0028856954189125,1.0030304516499073,1.0028856954189125,0.0,-9.398207588401144e-21
1043,16,5.927145481109619,-6.415572818049238,-6.5846843843378835,4.335056666842719,3.489573877116508,-0.0002639024719448629,-0.0003960556036721153,1.002868907307495,1.0028840166077708,1.002868907307495,1.0028840166077708,0.0,-8.45838682956103e-21
1044,16,5.961236476898193,-7.6143519979117045,-6.687651145695266,4.36904173737017,3.577520663141874,-0.0003804188427805595,-0.00039449192758295973,1.0030824019137503,1.0029038551383689,1.00308240191375,1.0029038551383689,-5.40435247601288e-20,-1.3016900622617806e-20
1045,16,6.100551605224609,-8.28077180734537,-6.846963211860277,4.321899339660399,3.6519585307937263,-0.000448410805338431,-0.00039988381535850686,1.0032490926602506,1.002938378890557,1.0032490926602504,1.002938378890557,-5.4034545379482775e-20,-1.7118665098304304e-20
1046,16,5.925190448760986,-7.63716292138411,-6.92598318281266,4.32101959594146,3.7188646373085,-0.0003545560537031211,-0.00039535103919296826,1.003092561431228,1.0029537971446243,1.003092561431228,1.0029537971446243,0.0,-1.5406798588473875e-20
1047,16,5.870391845703125,-7.9139412993291876,-7.024778994464313,4.201691478548947,3.767147321432545,-0.0003092805958100886,-0.0003867439948546803,1.0030728851118775,1.0029657059413495,1.0030728851118778,1.0029657059413497,0.0,-1.3866118729626488e-20
1048,16,5.580101490020752,-8.96574991167549,-7.218876086185431,3.8943596920865615,3.779868558497947,-0.00037595838601026804,-0.00038566543397023907,1.0033558728478271,1.0030047226319974,1.0033558728478271,1.0030047226319974,0.0,-1.2479506856663839e-20
1049,16,5.664517402648926,-8.073137260862783,-7.304302203653167,3.510548118829911,3.7529365145311435,-0.0002025411050283044,-0.0003673530010760456,1.0032598696716404,1.0030302373359616,1.0032598696716404,1.0030302373359616,0.0,-1.1231556170997456e-20
1050,16,5.495078086853027,-8.132948237432904,-7.387166807031141,3.6709359310664365,3.7447364561846728,-0.00018612902511386327,-0.0003492306034798274,1.0028683439973454,1.0030140480021001,1.0028683439973456,1.0030140480021001,-2.7027530058531145e-20,-1.2811153559750825e-20
1051,16,5.616426944732666,-9.488168273787755,-7.597266953706804,3.641593502013478,3.7344221607675534,-0.00036210461790577833,-0.0003505180049224225,1.003100623865371,1.0030227055884273,1.003100623865371,1.0030227055884273,-5.404254302562463e-20,-1.6934292506338208e-20
1052,16,5.708405494689941,-9.534825637237844,-7.791022822059908,3.513147100970401,3.712294654787838,-0.00040792161171176214,-0.0003562583656013565,1.003289190434485,1.0030493540730332,1.003289190434485,1.0030493540730332,5.403238581769127e-20,-9.837624673935261e-21
1053,16,5.664966583251953,-7.94637532302467,-7.806558072156384,3.36418163966153,3.677483353275208,-0.00019673043773565265,-0.00034030557281478617,1.003008366674844,1.0030452553332143,1.0030083666748442,1.0030452553332143,2.7023756942323238e-20,-6.151486512309412e-21
1054,16,5.637508392333984,-8.288453416160394,-7.854747606556785,3.3518969296243313,3.6449247109101206,-0.00021191325123512297,-0.00032746634065681986,1.0030452549535107,1.003045255295244,1.003045254953511,1.003045255295244,0.0,-5.536337861078471e-21
1055,16,6.12510871887207,-8.778219441557837,-7.94709479005689,3.518731261282668,3.6323053659473756,-0.0002906068005808004,-0.0003237803866492179,1.0027668139773087,1.0030174111634504,1.0027668139773085,1.0030174111634504,0.0,-4.982704074970624e-21
1056,16,5.5473785400390625,-9.230229270193984,-8.0754082380706,3.3193829128343997,3.601013120636078,-0.00043955154164751384,-0.0003353575021490475,1.0029326370309355,1.0030089337501988,1.0029326370309353,1.0030089337501988,0.0,-4.484433667473562e-21
1057,16,5.563165664672852,-8.42829856693533,-8.110697270957072,2.7006949236459166,3.510981300937062,-0.00029323002031916617,-0.00033114475396605936,1.0028585675086519,1.0029938971260441,1.0028585675086519,1.0029938971260441,5.405558707938898e-20,1.369568407212692e-21
1058,16,6.059345245361328,-8.815639358987248,-8.18119147976009,2.8314846061794245,3.4430316314612988,-0.0003585839441146673,-0.0003338886729809202,1.002646634711462,1.002959170884586,1.002646634711462,1.002959170884586,0.0,1.2326115664914228e-21
1059,16,5.4147562980651855,-9.656610348346808,-8.328733366618762,2.732849948189222,3.372013463134091,-0.0005523925043824527,-0.0003557390561210735,1.0027515376322758,1.002938407559355,1.0027515376322758,1.002938407559355,1.0812271353335963e-19,1.1921621763178245e-20
1060,16,5.582233905792236,-9.224635607319376,-8.418323590688823,2.318283657813124,3.2666404826019946,-0.0005671455267211345,-0.0003768797031810796,1.0028812303764,1.0029326898410595,1.0028812303763999,1.0029326898410595,0.0,1.072945958686042e-20
1061,16,6.056562423706055,-7.663055899106277,-8.342796821530568,1.7830336880239026,3.118279803144185,-0.00036006220998576296,-0.000375197953861548,1.002713180215621,1.0029107388785157,1.002713180215621,1.0029107388785157,0.0,9.656513628174379e-21
1062,16,5.549062252044678,-7.092929218609892,-8.2178100612385,1.604119586175129,2.9668637814472794,-0.00034305368662854684,-0.00037198352713824787,1.0026432539815497,1.0028839903888191,1.0026432539815497,1.0028839903888191,-5.4067195295040376e-20,3.2841427358529025e-21
1063,16,5.01755952835083,-7.0558700765344256,-8.101616062768093,1.7210841008990132,2.842285813392453,-0.00045674076944192046,-0.00038045925136861514,1.002570832555481,1.0028526746054853,1.002570832555481,1.0028526746054853,0.0,2.9557284622676122e-21
1064,16,5.355225086212158,-6.124875576744195,-7.903942014165703,1.6051406909353036,2.718571301146738,-0.0003707920559904872,-0.00037949253183080237,1.0024774471875117,1.0028151518636879,1.0024774471875117,1.0028151518636879,-5.4076137848650584e-20,-2.7474581688242076e-21
1065,16,5.32745885848999,-6.107539716116285,-7.724301784360761,1.608095100143776,2.607523681046442,-0.0003698426375941058,-0.0003785275424071327,1.002472528782605,1.0027808895555796,1.002472528782605,1.0027808895555796,-5.407640316099989e-20,-7.880352668041776e-21
1066,16,5.140836715698242,-5.702322395583781,-7.5221038454830635,1.7411297100975816,2.5208842839515557,-0.0002591628272759233,-0.0003665910708940118,1.0021455836995603,1.0027173589699778,1.0021455836995603,1.0027173589699778,0.0,-7.092317401237598e-21
1067,16,5.2176313400268555,-7.6484637463693375,-7.534739835571692,2.241747830102387,2.492970638566639,-0.0005387085313106826,-0.00038380281693567886,1.0023115578224118,1.0026767788552213,1.0023115578224118,1.0026767788552213,0.0,-6.383085661113839e-21
1068,16,6.022292137145996,-7.594950016427598,-7.540760853657283,2.3510045738094427,2.4787740320909193,-0.0005755857437187002,-0.00040298110961398104,1.0025596136725514,1.0026650623369544,1.0025596136725514,1.0026650623369544,1.0814341189287308e-19,5.069564094284853e-21
1069,16,5.500482082366943,-5.639453096713566,-7.3506300779629115,2.3773344161528,2.4686300704971074,-0.0004209584698062336,-0.0004047788456332063,1.002464838041863,1.0026450399074454,1.002464838041863,1.0026450399074454,-5.4076818026021776e-20,-8.450741177458107e-22
1070,16,5.561478614807129,-5.0230450664448325,-7.117871576811104,2.6512095184276663,2.4868880152901633,-0.000397553947235984,-0.0004040563557934841,1.0022191580601438,1.0026024517227152,1.0022191580601436,1.0026024517227152,0.0,-7.605667059712297e-22
1071,16,5.702079772949219,-5.6990083469390544,-6.975985253823899,2.818048730299537,2.520004086791101,-0.000337668868891089,-0.0003974176071032446,1.0019780059740722,1.002540007147851,1.0019780059740722,1.002540007147851,0.0,-6.845100353741067e-22
1072,16,5.490238666534424,-6.418396461753595,-6.920226374616869,2.9265233755102478,2.560656015663016,-0.000496248217124696,-0.00040730066810538973,1.0021746039842074,1.0025034668314867,1.0021746039842077,1.0025034668314867,0.0,-6.160590318366961e-22
1073,16,5.809055328369141,-6.125924369606643,-6.840796174115846,3.086041115479442,2.6131945256446585,-0.0006045400754366828,-0.000427024608838519,1.0022907237165564,1.0024821925199936,1.0022907237165564,1.0024821925199936,0.0,-5.544531286530265e-22
1074,16,5.81491756439209,-4.813592012251726,-6.6380757579294345,3.055680882628588,2.6574431613430516,-0.0005217265573743729,-0.0004364948036921044,1.002157663711955,1.0024497396391898,1.002157663711955,1.0024497396391898,-1.0818678654510905e-19,-1.131768647029863e-20
1075,16,5.829308032989502,-4.3227716687121625,-6.406545349007708,2.950188928641922,2.6867177380729386,-0.0003733257268660033,-0.0004301778960094943,1.00179252510093,1.0023840181853638,1.00179252510093,1.0023840181853638,0.0,-1.0185917823268767e-20
1076,16,5.4567742347717285,-5.1275801947497,-6.278648833581907,2.890062377101146,2.7070522019757597,-0.0004749088385046364,-0.00043465099025900855,1.0017503072831315,1.0023206470951407,1.0017503072831315,1.0023206470951407,0.0,-9.16732604094189e-21
1077,16,5.425508499145508,-5.441596386865688,-6.194943588910285,2.8753717857777836,2.7238841603559623,-0.0005109269991421214,-0.00044227859114731984,1.0018047766927407,1.0022690600549007,1.0018047766927407,1.0022690600549007,-1.0822489547961454e-19,-1.9073082984809156e-20
1078,16,5.485315322875977,-5.374046931793768,-6.112853923198633,2.6974783826792357,2.72124358258829,-0.0005795330986618767,-0.00045600404189877555,1.0020374965098675,1.0022459037003975,1.0020374965098675,1.0022459037003975,0.0,-1.7165774686328242e-20
1079,16,5.231542587280273,-3.819719296667646,-5.883540460545535,2.6764413662614888,2.7167633609556097,-0.00039631421704953355,-0.00045003505941385133,1.0017769812811756,1.0021990114584753,1.0017769812811754,1.0021990114584753,0.0,-1.544919721769542e-20
1080,16,5.253310680389404,-3.2426284037278057,-5.619449254863762,2.64282296415719,2.7093693212757675,-0.0002568144170632145,-0.00043071299517878766,1.001592474395094,1.0021383577521372,1.001592474395094,1.0021383577521372,-5.412391767122163e-20,-1.931666926304804e-20
1081,16,5.490797519683838,-4.549578471715809,-5.512462176548967,2.9765664527525737,2.736089034423448,-0.0003211202207200251,-0.00041975371773291144,1.0014895651020739,1.002073478487131,1.0014895651020739,1.002073478487131,0.0,-1.7385002336743237e-20
1082,16,5.940797805786133,-6.195745891699702,-5.580790548064041,3.6199270985117624,2.8244728408322795,-0.0005277814335304312,-0.00043055648931266343,1.001617402706615,1.0020278709090795,1.001617402706615,1.0020278709090795,0.0,-1.5646502103068914e-20
1083,16,5.755692958831787,-5.616164205270251,-5.584327913784662,3.540267301098638,2.8960522868589154,-0.00038718483999788814,-0.0004262193243811859,1.001860189720573,1.002011102790229,1.0018601897205728,1.002011102790229,0.0,-1.4081851892762023e-20
1084,16,5.696346282958984,-4.242500548205175,-5.450145177226714,3.619304824347743,2.9683775406077983,-0.00016358227564310785,-0.0003999556195073781,1.0015317015528309,1.001963162666489,1.0015317015528309,1.001963162666489,0.0,-1.2673666703485821e-20
1085,16,5.744592666625977,-5.896771756827026,-5.494807835186746,4.118731892057954,3.083412975752814,-0.0002983858098475567,-0.00038979863854139593,1.0014820438688021,1.0019150507867205,1.001482043868802,1.0019150507867203,0.0,-1.1406300033137239e-20
1086,16,5.605347633361816,-6.825803486476959,-5.627907400315768,4.367026675745923,3.2117743457521253,-0.0004668607787440374,-0.00039750485256166007,1.0017541257274176,1.0018989582807902,1.0017541257274176,1.00189895828079,-5.41151837881485e-20,-1.5677188408638365e-20
1087,16,5.4651713371276855,-5.960942718109212,-5.661210932095112,4.322595296628973,3.3228564408398102,-0.0003921756313427087,-0.0003969719304397649,1.0018424779384554,1.0018933102465568,1.0018424779384554,1.0018933102465566,5.411041138505751e-20,-8.698428429268778e-21
1088,16,5.236385822296143,-5.580108478454329,-5.653100686731033,4.187119879684499,3.409282784724279,-0.00022958796989588017,-0.00038023353438537645,1.0017446493397253,1.0018784441558737,1.0017446493397253,1.0018784441558735,0.0,-7.828585586341901e-21
1089,16,5.937882900238037,-7.3942731475755865,-5.827217932815489,4.706908471166508,3.5390453533685022,-0.0002635820836888809,-0.0003685683893157269,1.0015363312608967,1.001844232866376,1.0015363312608967,1.0018442328663757,0.0,-7.045727027707712e-21
1090,16,5.990588665008545,-8.074486431207676,-6.051944782654708,4.806236781111172,3.66576449614277,-0.0003256128923984729,-0.0003642728396240015,1.0017727188287042,1.0018370814626087,1.0017727188287042,1.0018370814626085,0.0,-6.341154324936941e-21
1091,16,5.883784294128418,-8.30108667492225,-6.276858971881462,4.7911319891178445,3.778301245440278,-0.0004511184343671192,-0.0003729573990983133,1.0020433677272467,1.0018577100890727,1.0020433677272467,1.0018577100890722,5.4099563322523837e-20,-2.9708256019086265e-22
1092,16,6.998848915100098,-7.324460195334991,-6.381619094226815,4.8521651584924275,3.8856876367454927,-0.00018839753638923411,-0.00035450141282740536,1.0014958111671666,1.001821520196882,1.0014958111671666,1.0018215201968816,0.0,-2.673743041717764e-22
1093,16,5.794907569885254,-9.290465150690428,-6.672503699873177,4.601381812793266,3.9572570543502703,-0.0003975413887380984,-0.00035880541041847467,1.001962773362989,1.001835645513493,1.001962773362989,1.0018356455134925,-5.4103914901273576e-20,-5.651028363881956e-21
1094,16,5.418553352355957,-9.203738009078995,-6.925627130793759,4.6338300700428805,4.024914355919531,-0.00046789805269241853,-0.00036971467464586905,1.001815309227557,1.0018336118848994,1.001815309227557,1.001833611884899,0.0,-5.085925527493761e-21
1095,16,6.020723819732666,-9.06807196889227,-7.139871614603611,4.286230479630817,4.051045968290659,-0.0005363140503890564,-0.0003863746122201878,1.0020302578764912,1.0018532764840586,1.002030257876491,1.0018532764840582,0.0,-4.577332974744385e-21
1096,16,5.51060676574707,-7.720604852460496,-7.197944938389299,3.893082064626544,4.035249577924248,-0.00024813152051749387,-0.0003725503030499184,1.0017742357915462,1.0018453724148075,1.0017742357915462,1.001845372414807,0.0,-4.119599677269947e-21
1097,16,6.113256931304932,-8.111454931990474,-7.289295937749417,3.9651790122905983,4.028242521360883,-0.000267561484592894,-0.000362051421204216,1.001537710729104,1.0018146062462372,1.0015377107291037,1.0018146062462367,-5.412687714455716e-20,-9.120327423998668e-21
1098,16,5.756071090698242,-9.901648487655551,-7.550531192740031,3.791754392224113,4.004593708447206,-0.0003974263184719422,-0.00036558891093098865,1.0017866910992357,1.001811814731537,1.0017866910992357,1.0018118147315367,0.0,-8.2082946815988e-21
1099,16,5.766010284423828,-10.175454293048666,-7.8130235027708945,3.8422331351370533,3.9883576511161904,-0.0005981291183261754,-0.00038884293167050737,1.001844514641992,1.0018150847225824,1.0018445146419919,1.0018150847225822,0.0,-7.38746521343892e-21
1100,16,5.6052727699279785,-9.15404234058884,-7.947125386552689,3.175974058282814,3.907119291832853,-0.00043276335321161145,-0.0003932349738246178,1.001938308918329,1.0018274071421571,1.0019383089183291,1.001827407142157,1.0821047192576013e-19,4.172328500480986e-21
1101,16,5.672499656677246,-9.012678275281282,-8.053680675425548,2.8325992224936467,3.7996672848989324,-0.0003822664237647461,-0.0003921381188186306,1.0019058792898794,1.0018352543569293,1.0019058792898794,1.001835254356929,0.0,3.7550956504328874e-21
1102,16,5.7312774658203125,-9.553933901919137,-8.203705998074907,2.816078756500652,3.701308432059104,-0.00028077710975352296,-0.0003810020179121199,1.0017135411378715,1.0018230830350237,1.0017135411378717,1.0018230830350234,0.0,3.379586085389599e-21
1103,16,5.798888206481934,-10.922333732513184,-8.475568771518736,2.8371479975462197,3.6148923886078155,-0.0004447526365468312,-0.00038737707977559103,1.0019642704725562,1.0018372017787769,1.0019642704725562,1.0018372017787769,-5.410383406057795e-20,-2.3687559292071563e-21
1104,16,5.8810906410217285,-10.877582359802018,-8.715770130347064,2.7341735166586267,3.526820501412897,-0.0005219470687028268,-0.0004008340786683146,1.0022429176266194,1.001877773363561,1.0022429176266194,1.001877773363561,0.0,-2.1318803362864407e-21
1105,16,5.573339939117432,-9.513867072139417,-8.7955798245263,2.7172382155722588,3.4458622728288333,-0.0003493223919450344,-0.0003956829099959866,1.0021285335951153,1.0019028493867166,1.0021285335951153,1.0019028493867166,0.0,-1.918692302657797e-21
1106,16,5.594390869140625,-9.539536368635682,-8.869975478937238,2.901151544124201,3.3913911999583704,-0.0002976073070419311,-0.0003858753497005811,1.0020169157976089,1.0019142560278058,1.0020169157976089,1.0019142560278058,-5.410099147989312e-20,-7.13692222038133e-21
1107,16,5.463340759277344,-11.299179140384336,-9.11289584508195,2.958859006397529,3.348137980602286,-0.0004544850758041119,-0.0003927363223109342,1.0022348982930651,1.0019463202543317,1.0022348982930651,1.0019463202543317,-5.4089224708301426e-20,-1.183215246917334e-20
1108,16,5.483031272888184,-11.135810327503533,-9.315187293324108,2.915605880539127,3.30488477059597,-0.0005664767070302335,-0.00041011036078286413,1.0024870858381942,1.002000396812718,1.0024870858381942,1.002000396812718,0.0,-1.0648937222256006e-20
1109,16,5.490925312042236,-9.964932829509426,-9.38016184694264,2.7877333578728627,3.253169629323659,-0.00046500037424537235,-0.000415599362129115,1.0024206492649905,1.0020424220579454,1.0024206492649905,1.0020424220579454,0.0,-9.584043500030405e-21
1110,16,5.511440277099609,-10.639298981855116,-9.506075560433887,2.685198734428896,3.196372539834183,-0.00045623844751323717,-0.00041966327066752726,1.0023989914642681,1.0020780789985777,1.0023989914642681,1.0020780789985777,5.4080370277594813e-20,-3.2176021222678838e-21
1111,16,5.413830757141113,-10.758665890575571,-9.631334593448056,2.589324694678134,3.135667755318578,-0.0005028940476136248,-0.00042798634836213703,1.0024338810674656,1.0021136592054665,1.0024338810674656,1.0021136592054665,0.0,-2.8958419100410955e-21
1112,16,5.4158124923706055,-10.882394777828312,-9.756440611886083,2.2338725666065637,3.045488236447377,-0.000436759080241092,-0.00042886362155003256,1.0025346566927877,1.0021557589541987,1.0025346566927877,1.0021557589541987,-5.407305200112112e-20,-8.013562919149098e-21
1113,16,5.5896830558776855,-11.181639795820129,-9.898960530279487,2.0024939289553845,2.941188805698178,-0.00044937949023260133,-0.00043091520841828944,1.0026311682758708,1.002203299886366,1.002631168275871,1.002203299886366,5.4067847020450363e-20,-1.8054219251891514e-21
1114,16,5.897366523742676,-12.203625109975247,-10.129426988249064,1.9871164434290203,2.8457815694712623,-0.00042746388171573807,-0.0004305700757480343,1.0025894490441292,1.0022419148021422,1.0025894490441292,1.0022419148021422,5.407009686363571e-20,3.782129953693335e-21
1115,16,5.997748374938965,-12.800390594939296,-10.396523348918087,1.9431061822419275,2.755514030748329,-0.0004998920858157326,-0.0004375022767548041,1.002747932987143,1.0022925166206422,1.0027479329871427,1.0022925166206422,0.0,3.403916958324001e-21
1116,16,5.861300468444824,-13.348212087332307,-10.69169222275951,1.9011303383744238,2.6700756615109387,-0.0005477030593044053,-0.00044852235500976423,1.0028922659367676,1.0023524915522548,1.0028922659367676,1.0023524915522548,-1.0810754148879471e-19,-7.747228886387871e-21
1117,16,5.606698036193848,-13.309120388009527,-10.953435039284512,1.8190067483348573,2.5849687701933304,-0.00046336464451498816,-0.0004500065839602866,1.0030519951358563,1.002422441910615,1.0030519951358563,1.002422441910615,0.0,-6.972505997749084e-21
1118,16,5.412057876586914,-13.430413548587984,-11.20113289021486,1.7012227220981477,2.4965941653838124,-0.0004027581793175431,-0.00044528174349601227,1.0031946307347848,1.0024996607930319,1.0031946307347848,1.0024996607930319,0.0,-6.2752553979741756e-21
1119,16,5.415621280670166,-13.436276800553776,-11.42464728124875,1.6932250181550672,2.416257250660938,-0.00037099039704511925,-0.000437852608850923,1.003214855786257,1.0025711802923545,1.003214855786257,1.0025711802923545,-5.403638942506362e-20,-1.1051368800683119e-20
1120,16,5.569674968719482,-13.570754489715998,-11.639258002095476,1.7431769283312735,2.348949218427972,-0.00038170163977320156,-0.0004322375119431509,1.0033042568391473,1.0026444879470338,1.0033042568391473,1.0026444879470338,-5.403157442495168e-20,-1.5349389363109976e-20
1121,16,5.738379955291748,-12.948390072620331,-11.77017120914796,1.77567656188778,2.291621952773953,-0.0003251546107537897,-0.0004215292218242148,1.0034352670465183,1.0027235658569822,1.0034352670465183,1.0027235658569822,0.0,-1.381445042679898e-20
1122,16,5.798245429992676,-12.939355335472257,-11.88708962178039,1.9434640996519177,2.25680616746175,-0.00030104721707554247,-0.0004094810213493476,1.0034269759818113,1.0027939068694651,1.0034269759818113,1.0027939068694651,5.402496636213402e-20,-7.030508747905679e-21
1123,16,5.800690174102783,-13.956877605590234,-12.094068420161374,2.2431687323368243,2.2554424239492574,-0.00033951622404170494,-0.00040248454161858336,1.0034485086013183,1.0028593670426504,1.0034485086013185,1.0028593670426504,0.0,-6.327457873115111e-21
1124,16,5.981908321380615,-14.214914932644033,-12.306153071409641,2.2887777699848133,2.258775958552813,-0.00035783499354165153,-0.0003980195868108902,1.0036269073422017,1.0029361210726055,1.0036269073422017,1.0029361210726055,0.0,-5.694712085803601e-21
1125,16,5.819275379180908,-13.317275558852943,-12.407265320153972,2.2650025106561853,2.2593986137631505,-0.00030891449037379705,-0.0003891090771671809,1.0036781580780985,1.0030103247731548,1.0036781580780985,1.0030103247731548,0.0,-5.1252408772232405e-21
1126,16,5.731536865234375,-13.295147195828923,-12.496053507721467,2.284423110493494,2.2619010634361847,-0.0002525202378892077,-0.0003754501932393836,1.003545695694123,1.0030638618652516,1.003545695694123,1.0030638618652516,0.0,-4.6127167895009166e-21
1127,16,5.809680938720703,-14.272729215618435,-12.673721078511164,2.2341206224726466,2.2591230193398313,-0.0003524056592743548,-0.0003731457398428807,1.0035731353786261,1.0031147892165893,1.0035731353786264,1.0031147892165893,0.0,-4.151445110550825e-21
1128,16,5.762551784515381,-14.345055515139435,-12.840854522173991,2.083039169581504,2.2415146343639982,-0.0003971596488521105,-0.00037554713074380375,1.0035883679798456,1.0031621470929148,1.0035883679798454,1.0031621470929148,0.0,-3.736300599495743e-21
1129,16,6.030831336975098,-14.16796691572502,-12.973565761529095,1.8435858720766232,2.201721758135261,-0.00039521819918537514,-0.0003775142375879609,1.0034544189388532,1.0031913742775087,1.0034544189388532,1.0031913742775087,-5.402348886121013e-20,-8.765019425667183e-21
1130,16,6.1186323165893555,-15.521751647502198,-13.228384350126404,1.5103727494744745,2.132586857269182,-0.0005067425078433561,-0.0003904370646135004,1.0034276705328016,1.0032150039030379,1.0034276705328016,1.0032150039030379,0.0,-7.888517483100465e-21
1131,16,6.333066940307617,-15.989220589552138,-13.504467974068978,1.1763310268944753,2.036961274231712,-0.0005991652862972536,-0.00041130988678187574,1.0035320405940182,1.0032467075721359,1.0035320405940182,1.0032467075721359,-1.0803862045538031e-19,-1.7903527780328452e-20
1132,16,6.057118892669678,-15.312640205881035,-13.685285197250185,0.5419257868073099,1.8874577254892715,-0.0004582408775353029,-0.00041600298585721846,1.0036486507501214,1.0032869018899344,1.0036486507501214,1.0032869018899344,0.0,-1.6113175002295606e-20
1133,16,6.085735321044922,-13.976197350082433,-13.71437641253341,0.311328192733135,1.7298447722136578,-0.0003613134643598675,-0.00041053403370748336,1.0036547629047172,1.0033236879914127,1.0036547629047172,1.0033236879914127,0.0,-1.4501857502066045e-20
1134,16,5.6363606452941895,-13.285215197790341,-13.671460291059104,0.2634571751074588,1.5832060125030378,-0.0002701953536353593,-0.000396500165700271,1.003545516726382,1.0033458708649097,1.003545516726382,1.0033458708649097,-5.4018584828231244e-20,-1.8453530234682566e-20
1135,16,5.637228488922119,-13.174242232712556,-13.621738485224448,0.1889296243572658,1.4437783736884606,-0.0002445154307893419,-0.00038130169220917807,1.0036085101687688,1.0033721347952957,1.0036085101687688,1.0033721347952957,0.0,-1.660817721121431e-20
1136,16,5.56178092956543,-13.297455719216881,-13.589310208623692,0.36605596464059414,1.336006132783674,-0.0002342916961049377,-0.00036660069259875403,1.0035813902786,1.0033930603436263,1.0035813902785997,1.0033930603436263,-2.700832695254851e-20,-1.764819218534773e-20
1137,16,6.034445762634277,-13.884492133119572,-13.61882840107328,0.6943908985910318,1.2718446093644098,-0.00030855369414638364,-0.000360795992753517,1.0036242304416911,1.003416177353433,1.0036242304416911,1.003416177353433,5.4014348179315643e-20,-1.0481938148881392e-20
1138,16,5.884861946105957,-14.41005916453276,-13.69795147741923,0.9250520665846232,1.2371653550864312,-0.0003167235590890772,-0.00035638874938707303,1.0036369379143264,1.0034382534095223,1.0036369379143262,1.0034382534095223,0.0,-9.433744333993253e-21
1139,16,5.823914051055908,-14.417367901962576,-13.769893119873563,0.992067085795659,1.212655528157354,-0.00032973165768733183,-0.00035372304021709887,1.0036337485414295,1.003457802922713,1.0036337485414295,1.003457802922713,5.4013835926759345e-20,-3.088986307917993e-21
1140,16,5.545383930206299,-14.432758449132821,-13.836179652799489,1.0000494189940097,1.1913949172410194,-0.0002930161801698854,-0.0003476523542123775,1.0036063593897162,1.0034726585694134,1.0036063593897162,1.0034726585694134,0.0,-2.780087677126194e-21
1141,16,5.783935546875,-14.827025051344224,-13.935264192653962,0.9869847418487753,1.170953899701795,-0.0003188568233319563,-0.0003447728011243354,1.0036564529644256,1.0034910380089146,1.0036564529644256,1.0034910380089146,5.401261404154663e-20,2.899182494741089e-21
1142,16,5.9828267097473145,-14.801686473151232,-14.02190642070369,1.0015764769645696,1.1540161574280725,-0.0002744213979164043,-0.0003377376608035423,1.0035507253891454,1.0034970067469378,1.0035507253891454,1.0034970067469378,0.0,2.60926424526698e-21
1143,16,5.99281120300293,-15.86646592208895,-14.206362370842216,1.1092558494536076,1.149540126630626,-0.00031764044498294004,-0.0003357279392214821,1.0034975419204846,1.0034970602642925,1.0034975419204846,1.0034970602642925,-5.402116732695568e-20,-3.053778911955286e-21
1144,16,5.742910861968994,-16.385676034627874,-14.424293737220783,1.1122595665390371,1.1458120706214672,-0.0003952587951939309,-0.00034168102481872697,1.0036216138621314,1.0035095156240765,1.0036216138621314,1.0035095156240765,5.401448900214909e-20,2.6530478794551518e-21
1145,16,5.863008499145508,-15.886387244109887,-14.570503087909694,1.0769245907680824,1.1389233226361288,-0.0004019702235193506,-0.0003477099446887893,1.0036587527140732,1.0035244393330762,1.0036587527140732,1.0035244393330762,0.0,2.3877430915096368e-21
1146,16,6.199667453765869,-15.604163485113071,-14.673869127630033,0.9784391050376123,1.122874900876277,-0.00035828846126788284,-0.00034876779634669864,1.0034723756210113,1.0035192329618698,1.0034723756210113,1.0035192329618698,0.0,2.148968782358673e-21
1147,16,6.211050987243652,-16.371706755202133,-14.843652890387244,0.7820521569332355,1.088792626481973,-0.00036710141802452054,-0.00035060115851448087,1.0034215483556899,1.003509464501252,1.0034215483556899,1.003509464501252,5.4025258589582315e-20,7.336597763081037e-21
1148,16,6.161045074462891,-16.913671501088995,-15.050654751457419,0.44715008362461434,1.024628372196237,-0.0004070796032067778,-0.0003562490029837106,1.0035888865995184,1.0035174067110786,1.0035888865995184,1.0035174067110786,5.401625042696167e-20,1.2004563029469102e-20
1149,16,6.422506809234619,-15.744749621725354,-15.120064238484213,-0.027919341529868,0.9193736008236265,-0.0002768143867712848,-0.000348305541362468,1.0036812325839388,1.0035337892983647,1.003681232583939,1.0035337892983647,5.4011280538456785e-20,1.620523478036787e-20
1150,16,6.069080352783203,-14.925909637408624,-15.100648778376655,-0.0017559457562530485,0.8272606461656385,-0.0001716645723154243,-0.0003306414444577637,1.0034682865525366,1.003527239023782,1.0034682865525368,1.003527239023782,0.0,1.4584711302331083e-20
1151,16,6.44783878326416,-16.279182811910037,-15.218502181729994,0.16129989134388614,0.7606645706834633,-0.00021274713031965755,-0.0003188520130439531,1.0034334250354173,1.0035178576249455,1.003433425035417,1.0035178576249455,0.0,1.3126240172097975e-20
1152,16,5.918097972869873,-17.177422043370623,-15.414394167894057,0.4249087646554963,0.7270889900806665,-0.0003682090156255556,-0.0003237877133021133,1.0035469479608319,1.0035207666585342,1.0035469479608319,1.0035207666585342,0.0,1.1813616154888177e-20
1153,16,6.0439133644104,-16.782591062653452,-15.551213857369998,0.3665329407342055,0.6910333851460204,-0.00039297074813354033,-0.0003307060167852561,1.003652448909073,1.003533934883588,1.003652448909073,1.003533934883588,0.0,1.0632254539399359e-20
1154,16,6.159597396850586,-15.96603239682312,-15.592695711315312,0.3391104499632044,0.6558410916277388,-0.00033385270171702405,-0.0003310206852784329,1.0035671582403667,1.003537257219266,1.003567158240367,1.003537257219266,0.0,9.569029085459424e-21
1155,16,6.198581218719482,-15.797783961028308,-15.613204536286613,0.1280370877975768,0.6030606912447226,-0.000300720098730292,-0.0003279906266236188,1.0035180197606475,1.0035353334734043,1.0035180197606475,1.0035353334734043,0.0,8.612126176913481e-21
1156,16,6.316579818725586,-16.73897190160194,-15.725781272818146,0.2254949447755502,0.5653041165978054,-0.0004171859439877204,-0.00033691015836002897,1.003366444755609,1.0035184446016248,1.0033664447556088,1.0035184446016248,0.0,7.750913559222132e-21
1157,16,6.4860992431640625,-16.91685692923532,-15.844888838459864,0.16637529865518677,0.5254112348035436,-0.0005033635881997236,-0.00035355550134399846,1.0034556656237488,1.0035121667038371,1.0034556656237488,1.0035121667038371,0.0,6.97582220329992e-21
1158,16,6.3067731857299805,-15.887848695839489,-15.849184824197826,-0.3109653226842109,0.44177357905476816,-0.00036947982959200856,-0.0003551479341687995,1.003495298836929,1.0035104799171464,1.003495298836929,1.0035104799171464,-5.402128807888369e-20,8.761111750815581e-22
1159,16,6.127303123474121,-15.5499094822393,-15.819257290001973,-0.48408510549822353,0.34918771059946896,-0.0003523504026496438,-0.00035486818101688393,1.0033721569991738,1.003496647625349,1.0033721569991738,1.003496647625349,0.0,7.885000575734023e-22
1160,16,6.086467742919922,-16.280950128171202,-15.865426573818896,-0.4433024674900011,0.26993869279052196,-0.00048728607410333856,-0.0003681099703255294,1.003329033237286,1.0034798861865428,1.003329033237286,1.0034798861865428,0.0,7.096500518160622e-22
1161,16,5.9556355476379395,-16.142585663388157,-15.893142482775822,-0.5193795833164073,0.191006865179829,-0.000526296500838937,-0.00038392862337687016,1.0033688454024319,1.0034687821081318,1.003368845402432,1.0034687821081318,1.0805619264076827e-19,1.1444304310711285e-20
1162,16,6.135051727294922,-15.182121101918574,-15.822040344690098,-0.8188121350559575,0.09002496515625037,-0.0004274597196779402,-0.0003882817330069772,1.0033101023944802,1.0034529141367667,1.0033101023944802,1.0034529141367667,0.0,1.0299873879640156e-20
1163,16,6.112407684326172,-15.15939789289801,-15.75577609951089,-0.7786860768997514,0.003153860950650178,-0.0004298608041050334,-0.00039243964011678284,1.0032320344098733,1.0034308261640774,1.003232034409873,1.0034308261640774,-5.4035464144805745e-20,3.866340077195566e-21
1164,16,5.953946590423584,-15.908935894116054,-15.771092078971407,-0.7357038811503562,-0.07073191325945045,-0.0004771222220381096,-0.0004009078983089155,1.0032482195784085,1.0034125655055106,1.0032482195784085,1.0034125655055106,0.0,3.479706069476009e-21
1165,16,6.34543514251709,-15.630893467243085,-15.757072217798576,-0.7720089419060957,-0.140859616124115,-0.0005271120396165566,-0.0004135283124396796,1.0034326814712897,1.0034145771020886,1.0034326814712897,1.0034145771020886,0.0,3.1317354625284085e-21
1166,16,5.76223611831665,-14.097591015119704,-15.591124097530688,-0.8997205096535759,-0.2167457054770611,-0.0003031069675559384,-0.0004024861779513055,1.003412520651066,1.0034143714569863,1.003412520651066,1.0034143714569863,0.0,2.818561916275568e-21
1167,16,5.6457600593566895,-14.053071692526112,-15.437318857030231,-0.8519252937599178,-0.28026366430534677,-0.00025775222000938705,-0.0003880127821571137,1.0034145476575413,1.0034143890770417,1.0034145476575416,1.0034143890770417,0.0,2.536705724648011e-21
1168,16,5.629273414611816,-15.031870839073827,-15.39677405523459,-0.35448543146749384,-0.2876858410215615,-0.00039162330981125246,-0.00038837383492252756,1.0033323786069759,1.0034061880300351,1.003332378606976,1.0034061880300351,5.403006000817036e-20,7.686041153000247e-21
1169,16,5.794165134429932,-15.608997845813883,-15.417996434292519,-0.09029327156962189,-0.2679465840763675,-0.0005059601470274192,-0.0004001324661330167,1.0034747291790518,1.0034130421449368,1.0034747291790518,1.0034130421449368,0.0,6.917437037700222e-21
1170,16,6.176759719848633,-14.773661925386344,-15.3535629834019,-0.10595184145055249,-0.251747109813786,-0.0004478460685995345,-0.00040490382637966855,1.0035566693810305,1.003427404868546,1.0035566693810307,1.0034274048685463,5.401798451273379e-20,1.162749178520358e-20
1171,16,5.8140034675598145,-14.166124589340187,-15.234819143995729,-0.23658285683642483,-0.2502306845160499,-0.00033422183491800116,-0.0003978356272335018,1.003534864781881,1.0034381508598798,1.0035348647818811,1.0034381508598798,0.0,1.0464742606683222e-20
1172,16,5.890750885009766,-14.3400053923301,-15.145337768829165,-0.12432264775756763,-0.23763988084020168,-0.00028934508788596304,-0.00038698657329874796,1.003492984051422,1.003443634179034,1.003492984051422,1.003443634179034,-5.402141269130919e-20,4.0161270768839804e-21
1173,16,5.867285251617432,-15.029445003472963,-15.133748492293545,-0.10658951657446947,-0.22453484441362848,-0.00032491294992577103,-0.0003807792109614503,1.0036238017885661,1.0034616509399872,1.0036238017885664,1.0034616509399872,-5.4014371249134324e-20,-1.7869227557178496e-21
1174,16,5.866593360900879,-14.956417805680243,-15.116015423632216,-0.16787540628893727,-0.21886890060115938,-0.00029537081064377095,-0.00037223837092968236,1.0037025369932497,1.0034857395453134,1.00370253699325,1.0034857395453134,0.0,-1.6082304801460647e-21
1175,16,5.761088848114014,-14.89123089914703,-15.093536971183697,-0.20040392306818092,-0.21702240284786153,-0.0003327356624015529,-0.00036828810007686946,1.0038076878328681,1.0035179343740688,1.0038076878328681,1.0035179343740688,0.0,-1.4474074321314583e-21
1176,16,5.791569709777832,-14.62451561002204,-15.046634835067533,-0.38039508487196766,-0.23335967105027217,-0.0002699916444458571,-0.00035845845451376823,1.0038215562825563,1.0035482965649176,1.0038215562825563,1.0035482965649176,5.4003730329353606e-20,4.097706344017048e-21
1177,16,5.845877170562744,-15.42690714739327,-15.084662066300107,-0.34127799977302864,-0.2441515039225478,-0.00032694276541445696,-0.0003553068856038371,1.0038306573626476,1.0035765326446906,1.0038306573626474,1.0035765326446906,0.0,3.687935709615344e-21
1178,16,5.620651721954346,-15.551908378381254,-15.131386697508221,-0.5338227764851133,-0.27311863117880436,-0.00036674044618926723,-0.0003564502416623801,1.0039047392411455,1.0036093533043362,1.0039047392411455,1.0036093533043362,0.0,3.3191421386538095e-21
1179,16,5.813272476196289,-15.16226906688014,-15.134474934445414,-0.9983133388416853,-0.3456381019450925,-0.0003189062141574834,-0.00035269583891189046,1.004008228588963,1.003649240832799,1.004008228588963,1.003649240832799,-5.3993689574100714e-20,-2.4121410326216427e-21
1180,16,5.925929546356201,-15.557841586320523,-15.176811599632925,-1.2531194915139716,-0.4363862409019804,-0.00029770034620489464,-0.0003471962896411909,1.0039381909682548,1.0036781358463447,1.0039381909682545,1.0036781358463447,0.0,-2.1709269293594783e-21
1181,16,5.962890625,-17.033511676000657,-15.3624816072697,-1.2760380246716845,-0.5203514192789509,-0.00036885672409951253,-0.00034936233308702306,1.0040669193524543,1.0037170141969556,1.0040669193524545,1.0037170141969558,5.399053347882086e-20,3.445219111458556e-21
1182,16,5.833225250244141,-17.113697242932208,-15.53760317083595,-1.2287684730552733,-0.5911931246565831,-0.0004215688365739012,-0.0003565829834357109,1.0040671678544169,1.0037520295627018,1.0040671678544169,1.003752029562702,5.3990520116414497e-20,8.499749211954151e-21
1183,16,5.935123920440674,-16.579286278680026,-15.641771481620358,-1.5487984647761768,-0.6869536586685425,-0.0004041972487167557,-0.0003613444099638154,1.0042637114855562,1.0038031977549873,1.0042637114855564,1.0038031977549875,0.0,7.649774290758735e-21
1184,16,5.851896286010742,-15.200987377061379,-15.59769307116446,-1.6277056535266268,-0.781028858154351,-0.0003133864171983928,-0.00035654861068727315,1.0041807788636037,1.003840955865849,1.0041807788636037,1.003840955865849,0.0,6.884796861682863e-21
1185,16,5.780699253082275,-14.907644634824447,-15.52868822753046,-1.801906671809031,-0.883116639519819,-0.00021173944635367701,-0.0003420676942539135,1.004242625949665,1.0038811228742306,1.004242625949665,1.0038811228742306,-2.6990543531754227e-20,3.497262822339153e-21
1186,16,5.990699768066406,-15.423585025245254,-15.518177907301938,-1.6259093505512647,-0.9573959106229636,-0.00026447478831876086,-0.00033430840366039825,1.0042178800241262,1.00391479858922,1.0042178800241262,1.00391479858922,-5.398241726483981e-20,-2.2507051863787437e-21
1187,16,5.782248497009277,-15.524239334042957,-15.51878404997604,-1.3828788837211947,-0.9999442079327867,-0.00029991458934847625,-0.00033086902222920607,1.0042469936067835,1.0039480180909766,1.0042469936067837,1.0039480180909766,0.0,-2.0256346677408695e-21
1188,16,5.57155179977417,-15.081660590624862,-15.475071704040921,-1.2958940722160226,-1.0295391943611103,-0.00031831732234628756,-0.0003296138522409142,1.0043423264952807,1.003987448931407,1.0043423264952807,1.003987448931407,0.0,-1.8230712009667826e-21
1189,16,5.488727569580078,-15.085654119288622,-15.43612994556569,-1.150657226992551,-1.0416509976242545,-0.00027871651364896167,-0.00032452411838171895,1.0043443590746697,1.0040231399457331,1.0043443590746697,1.0040231399457331,0.0,-1.6407640808701044e-21
1190,16,6.437530517578125,-15.85560682278083,-15.478077633287207,-0.7875877188267615,-1.0162446697445053,-0.0002998842251914792,-0.000322060129062695,1.0043091634269234,1.0040517422938522,1.0043091634269232,1.0040517422938522,0.0,-1.476687672783094e-21
1191,16,6.192396640777588,-17.313436604779795,-15.661613530436465,-0.39911468118181886,-0.9545316708882368,-0.00046394651840222427,-0.0003362487679966479,1.0044011408498636,1.0040866821494534,1.0044011408498636,1.0040866821494534,0.0,-1.3290189055047847e-21
1192,16,6.2059855461120605,-17.15672262648566,-15.811124440041384,-0.48288064025178923,-0.907366567824592,-0.0004452659581856717,-0.00034715048701555035,1.0045194160001705,1.004129955534525,1.0045194160001705,1.004129955534525,-5.39662128584143e-20,-6.592738300795737e-21
1193,16,6.028095722198486,-16.22651338211939,-15.852663334249186,-0.48663346383772116,-0.8652932574259049,-0.0003618907983268493,-0.00034862451814668025,1.0044533998514449,1.0041622999662172,1.0044533998514449,1.0041622999662172,5.396975970442502e-20,-5.364885002736605e-22
1194,16,5.98903226852417,-16.167503704673944,-15.884147371291663,-0.4268468690194858,-0.8214486185852631,-0.0003684013351936371,-0.00035060219985137594,1.004420776691681,1.0041881476387635,1.004420776691681,1.0041881476387635,0.0,-4.828396502462945e-22
1195,16,6.03375768661499,-16.705562030734892,-15.966288837235986,-0.2523775341708062,-0.7645415101438173,-0.00036186764325806697,-0.00035172874419204506,1.004312257495941,1.0042005586244813,1.0043122574959409,1.0042005586244813,0.0,-4.345556852216651e-22
1196,16,5.74252462387085,-17.400222449565263,-16.109682198468914,0.14193157298526501,-0.6738942018309091,-0.0004632168615359395,-0.0003628775559264345,1.0042884001739276,1.004209342779426,1.0042884001739276,1.004209342779426,0.0,-3.9110011669949857e-22
1197,16,5.669978618621826,-17.147337339206686,-16.213447712542692,0.07304327858606921,-0.5992004537892113,-0.0004151642356481881,-0.0003681062238986099,1.0043438387864123,1.0042227923801246,1.0043438387864123,1.0042227923801246,0.0,-3.519901050295487e-22
1198,16,5.724430561065674,-16.4347188154586,-16.235574822834284,0.06972831253797719,-0.5323075771564924,-0.00035095021128529513,-0.0003663906226372784,1.004228067879112,1.0042233199300235,1.004228067879112,1.0042233199300235,0.0,-3.1679109452659386e-22
1199,16,5.675053119659424,-16.280961041281355,-16.240113444678993,0.021774883054058832,-0.47689933113543725,-0.0003444582632263189,-0.0003641973866961824,1.0041914530070597,1.0042201332377272,1.0041914530070597,1.0042201332377272,0.0,-2.8511198507393446e-22
1200,16,5.6621527671813965,-15.827193367685975,-16.198821436979692,-0.2853333063562505,-0.45774272865751864,-0.0002864876584746788,-0.00035642641387403207,1.0041748777920765,1.004215607693162,1.0041748777920765,1.004215607693162,-5.398472897815306e-20,-5.6550736843818475e-21
1201,16,5.709499359130859,-15.510985798359998,-16.130037873117722,-0.27762060028450036,-0.4397305158202168,-0.00024852554457833705,-0.0003456363269444626,1.004080980970012,1.0042021450208471,1.004080980970012,1.0042021450208471,0.0,-5.089566315943663e-21
1202,16,5.908696174621582,-16.15281995426012,-16.132316081231963,-0.18570319601818205,-0.41432778384001334,-0.0002799917742894912,-0.0003390718716789654,1.004065186693085,1.0041884491880708,1.004065186693085,1.0041884491880708,0.0,-4.580609684349297e-21
1203,16,5.963156700134277,-16.518928710509073,-16.170977344159674,0.343667817450978,-0.3385282237109142,-0.00043877536864841537,-0.0003490422213759104,1.0040858938249986,1.0041781936517635,1.0040858938249986,1.0041781936517635,0.0,-4.122548715914367e-21
1204,16,5.94185209274292,-15.303777950499587,-16.084257404793664,0.13981998217309088,-0.2906934031225137,-0.0002679331375591871,-0.0003409313129942381,1.0041303993686048,1.0041734142234477,1.0041303993686048,1.0041734142234477,-5.398712025685352e-20,-9.109005870008283e-21
1205,16,5.982652187347412,-15.00540032119296,-15.976371696433596,0.23194186234471054,-0.2384298765757913,-0.00022358888048913686,-0.000329197069743728,1.0040583223608357,1.0041619050371866,1.0040583223608357,1.0041619050371866,2.699549787945154e-20,-5.498555495062301e-21
1206,16,5.820970058441162,-15.063969158631796,-15.885131442653416,0.3395317712798914,-0.18063371179022303,-0.0002865211094903676,-0.00032492947371839194,1.0040118518315158,1.0041468997166196,1.004011851831516,1.0041468997166196,0.0,-4.9486999455560706e-21
1207,16,5.621227264404297,-15.059587115508608,-15.802577009938934,0.35592575858683917,-0.12697776475251682,-0.00035261403847695714,-0.00032769793019424845,1.003976447679602,1.004129854512918,1.0039764476796023,1.004129854512918,0.0,-4.453829951000463e-21
1208,16,5.5752644538879395,-14.052549138771056,-15.627574222822147,0.08932535526876656,-0.10534745275038848,-0.00022767142769465542,-0.00031769527994428916,1.0038647847298146,1.0041033475346077,1.0038647847298143,1.0041033475346077,0.0,-4.0084469559004175e-21
1209,16,5.580803871154785,-14.006195181344465,-15.46543631867438,0.15615982684326168,-0.07919672479102347,-0.0002559594804420186,-0.0003115216999940621,1.003804000209277,1.0040734128020747,1.0038040002092772,1.0040734128020747,0.0,-3.607602260310376e-21
1210,16,5.932783126831055,-14.103387289211708,-15.329231415728113,0.057985404324047495,-0.06547851187951637,-0.00023859705041223678,-0.0003042292350358796,1.0036799154921854,1.0040340630710858,1.0036799154921854,1.0040340630710858,0.0,-3.2468420342793383e-21
1211,16,5.70662260055542,-15.459937423925178,-15.342302016547821,0.23849661745511866,-0.03508099894605286,-0.0004043350522694601,-0.0003142398167592376,1.0036473983188803,1.0039953965958652,1.0036473983188803,1.0039953965958652,5.4013101329289264e-20,2.4791523020775225e-21
1212,16,5.851483345031738,-15.251855773512654,-15.333257392244304,0.07770429184534922,-0.023802469866912656,-0.0004216943175787589,-0.00032498526684118974,1.0036509009627554,1.0039609470325543,1.0036509009627554,1.0039609470325543,5.401291282882723e-20,7.632528354752495e-21
1213,16,5.963442325592041,-13.970970791549952,-15.19702873217487,-0.2965366375506112,-0.05107588663528251,-0.00031902860865273965,-0.00032438960102234475,1.0035751657610077,1.0039223689053998,1.0035751657610075,1.0039223689053998,0.0,6.869275519277245e-21
1214,16,5.849147796630859,-13.871175083855483,-15.064443367342932,-0.642781293544683,-0.11024642732622256,-0.0002631946074374498,-0.0003182701016638553,1.0035640935971117,1.003886541374571,1.0035640935971117,1.003886541374571,0.0,6.182347967349521e-21
1215,16,5.85459041595459,-14.742179754081624,-15.032217006016802,-0.6245259808749054,-0.16167438268109086,-0.00028139187853480353,-0.00031458227935095013,1.0034368716421624,1.00384157440133,1.0034368716421624,1.00384157440133,-5.402443358051845e-20,1.6166981256272352e-22
1216,16,5.854729652404785,-15.688592225955396,-15.097854528010663,-0.5033516980192801,-0.1958421142149098,-0.00040937437373664645,-0.00032406148878951976,1.0034871245330323,1.0038061294145004,1.0034871245330321,1.0038061294145002,0.0,1.4550283130645118e-22
1217,16,5.934449195861816,-14.454387227416012,-15.033507797951197,-0.45295835079132246,-0.22155373787255106,-0.0003473458378643932,-0.0003263899236970071,1.0035241617736423,1.0037779326504146,1.0035241617736421,1.0037779326504144,0.0,1.3095254817580607e-22
1218,16,5.739444732666016,-13.314909630724088,-14.861647981228487,-0.35767148635059126,-0.23516551272035507,-0.00027472615914125664,-0.000321223547241432,1.0034740373217546,1.0037475431175487,1.0034740373217546,1.0037475431175484,0.0,1.1785729335822546e-22
1219,16,5.847477912902832,-13.287923809658201,-14.704275564071459,-0.1430079500501167,-0.22594975645333124,-0.00025949036071915206,-0.00031505022858920403,1.003470040585214,1.0037197928643153,1.003470040585214,1.0037197928643151,5.4022647843736735e-20,5.5083363483960766e-21
1220,16,5.865263938903809,-14.27055074126218,-14.660903081790533,0.240175028783245,-0.17933727792967363,-0.00029991015504189937,-0.00031353622123447356,1.0034504777287032,1.003692861350754,1.0034504777287032,1.0036928613507539,0.0,4.957502713556469e-21
1221,16,5.687199115753174,-14.278839726229537,-14.622696746234434,0.5198270461258849,-0.10942084552411777,-0.00032898860721009574,-0.00031508145983203577,1.003503012515813,1.0036738764672601,1.003503012515813,1.00367387646726,0.0,4.461752442200822e-21
1222,16,5.8849616050720215,-12.852775827420833,-14.445704654353074,0.6119258926575996,-0.03728617170594603,-0.000262513629559179,-0.0003098246768047501,1.0034805839091248,1.0036545472114466,1.0034805839091248,1.0036545472114464,5.4022080241050773e-20,9.417785222085817e-21
1223,16,5.9164719581604,-12.231733800910828,-14.22430756900885,0.6851707262133995,0.034959518085988524,-0.000151704251068935,-0.0002940126342311686,1.003440610981421,1.003633153588444,1.0034406109814211,1.003633153588444,2.70121161287536e-20,1.1177218312752596e-20
1224,16,5.996633052825928,-13.127813867755789,-14.114658198883543,1.2276179581116116,0.15422536208855084,-0.0002897797444042255,-0.00029358934524847426,1.0033237805306316,1.0036022162826628,1.0033237805306316,1.0036022162826628,5.4030523023788906e-20,1.546254878385623e-20
1225,16,5.931660175323486,-13.175558299436096,-14.020748208938798,1.481538557917627,0.2869566816714585,-0.00032160893759870443,-0.0002963913044834973,1.0033506204129496,1.0035770566956914,1.0033506204129494,1.0035770566956914,5.402907769366201e-20,1.9319201674836808e-20
1226,16,5.751866817474365,-12.380458107589606,-13.856719198803878,1.6326680358147097,0.4215278170857836,-0.00028630933330228307,-0.00029538310736537584,1.0032707709570503,1.0035464281218274,1.00327077095705,1.0035464281218274,5.403337782138572e-20,2.27906192894917e-20
1227,16,5.714918613433838,-12.344770961317892,-13.70552437505528,1.6544165940666034,0.5448166947838655,-0.0002855680892150744,-0.00029440160555034567,1.0032537883143855,1.0035171641410832,1.0032537883143853,1.0035171641410832,-5.4034292474844497e-20,1.510812811305808e-20
1228,16,5.415958881378174,-12.627852332107416,-13.597757170760495,1.935470284360843,0.6838820537415633,-0.0003958702246531224,-0.00030454846746062335,1.0030525024020644,1.0034706979671812,1.0030525024020647,1.0034706979671812,0.0,1.3597315301752274e-20
1229,16,5.832234859466553,-12.262931657901598,-13.464274619474606,1.8431604745580608,0.799809895823213,-0.00047115750477240003,-0.000321209371191801,1.0029666980571201,1.003420297976175,1.0029666980571201,1.003420297976175,0.0,1.2237583771577047e-20
1230,16,6.045561790466309,-10.759189463478142,-13.19376610387496,1.4454308022293791,0.8643719864638297,-0.00033024881937180657,-0.00032211331600980156,1.0028849020333095,1.0033667583818884,1.0028849020333097,1.0033667583818886,0.0,1.1013825394419343e-20
1231,16,5.643561840057373,-9.6603104843756,-12.840420541925026,1.133038868496185,0.8912386746670653,-0.00023921118996934158,-0.00031382310340575555,1.0026960658460036,1.0032996891283,1.0026960658460036,1.0032996891283001,0.0,9.912442854977408e-21
1232,16,5.054052352905273,-9.991207464690824,-12.555499234201605,1.204425255003744,0.9225573327007331,-0.00035603489430878087,-0.0003180442824960581,1.0025906873376034,1.0032287889492304,1.0025906873376034,1.0032287889492304,-5.407003008199796e-20,3.514195561279872e-21
1233,16,5.847187042236328,-10.179349905863766,-12.31788430136782,0.9590537243471091,0.9262069718653707,-0.00038759185444610985,-0.0003249990396910633,1.0025075226760696,1.0031566623219144,1.0025075226760694,1.0031566623219144,-5.407451555033529e-20,-2.2446755498816443e-21
1234,16,5.694100856781006,-10.185015043731427,-12.104597375604182,0.9268879809378181,0.9262750727726154,-0.00040535745230799636,-0.00033303488095275655,1.0025123473382946,1.0030922308235524,1.0025123473382946,1.0030922308235524,0.0,-2.02020799489348e-21
1235,16,5.212726593017578,-9.636504924718194,-11.857788130515583,0.7459881073011633,0.9082463762254702,-0.00033084209888419605,-0.0003328156027459005,1.0024391382599567,1.0030269215671928,1.0024391382599567,1.0030269215671928,5.407820440687665e-20,3.589633245283533e-21
1236,16,5.19840145111084,-9.636767727561352,-11.635686090220162,0.7581628364713886,0.8932380222500621,-0.0003339303531578082,-0.0003329270777870913,1.0024359576200816,1.0029678251724816,1.0024359576200816,1.0029678251724816,5.407837599219539e-20,8.638507519974719e-21
1237,16,5.1778035163879395,-9.536989700084805,-11.425816451206625,0.7890441443459234,0.8828186344596483,-0.00031559838501199933,-0.0003311942085095821,1.0023740563382455,1.002908448289058,1.0023740563382455,1.002908448289058,-5.408171558460839e-20,2.3664852095164075e-21
1238,16,5.225724220275879,-9.51132995310982,-11.234367801396944,0.8699707283179464,0.8815338438454781,-0.0003082224574988355,-0.00032889703340850744,1.0023048782059574,1.002848091280748,1.0023048782059576,1.002848091280748,0.0,2.1298366885647668e-21
1239,16,5.302809715270996,-10.024895568018026,-11.113420578059053,1.1210695018577106,0.9054874096467014,-0.00038443645392185414,-0.0003344509754598421,1.0022624120894235,1.0027895233616155,1.0022624120894235,1.0027895233616155,-5.4087739867708924e-20,-3.491920967062602e-21
1240,16,5.339191436767578,-10.071972492792852,-11.009275769532433,1.1161896984324766,0.926557638525279,-0.00040172788495975657,-0.00034117866640983354,1.0022913020560007,1.002739701231054,1.0022913020560007,1.002739701231054,0.0,-3.1427288703563422e-21
1241,16,5.283381462097168,-8.269327778489556,-10.735280970428146,0.8310310627425757,0.9170049809470087,-0.0002704141494093237,-0.0003341022147097826,1.0022349301211155,1.0026892241200602,1.0022349301211155,1.0026892241200602,0.0,-2.828455983320708e-21
1242,16,4.979228973388672,-8.204504942547521,-10.482203367640084,0.8430727417898995,0.9096117570312978,-0.00033305625645624326,-0.0003339976188844286,1.0021421045759267,1.0026345121656468,1.0021421045759267,1.0026345121656468,0.0,-2.5456103849886373e-21
1243,16,5.275018215179443,-9.188239216920266,-10.352806952568104,0.9220957137683982,0.9108601527050079,-0.0003649506299127633,-0.0003370929199872621,1.0020869852614336,1.0025797594752255,1.0020869852614336,1.0025797594752255,0.0,-2.2910493464897736e-21
1244,16,5.406745910644531,-9.613533492362722,-10.278879606547566,1.0727368504080144,0.9270478224753086,-0.00048745158711679644,-0.00035212878670021555,1.0020982510663254,1.0025316086343354,1.0020982510663254,1.0025316086343354,0.0,-2.0619444118407964e-21
1245,16,5.335566997528076,-8.956825268631112,-10.146674172755922,1.0715523023738487,0.9414982704651627,-0.00047175518109881864,-0.0003640914261400759,1.0021027563432834,1.0024887234052302,1.0021027563432836,1.0024887234052302,0.0,-1.8557499706567167e-21
1246,16,5.141452789306641,-7.63278524812206,-9.895285280292537,0.9002992317378012,0.9373783665924266,-0.00034945965996456736,-0.0003626282495225251,1.0020806538013471,1.0024479164448419,1.0020806538013471,1.0024479164448419,5.4097550350494896e-20,3.739580061458445e-21
1247,16,5.309435844421387,-7.8384723484013765,-9.689603987103421,0.9127250082892159,0.9349130307621055,-0.00028213344328474474,-0.000354578768898747,1.0019565207032164,1.0023987768706792,1.0019565207032162,1.0023987768706792,0.0,3.3656220553126003e-21
1248,16,5.385650634765625,-9.016969272305,-9.622340515623579,0.9885332717076372,0.9402750548566587,-0.0003823790064348513,-0.00035735879265235744,1.0019906820235052,1.002357967385962,1.0019906820235052,1.002357967385962,5.410240793337391e-20,8.439300643118732e-21
1249,16,5.3126912117004395,-9.08923534350413,-9.569029998411633,1.1229208725602913,0.958539636627022,-0.0004194883214859117,-0.0003635717455357129,1.0020313553398033,1.0023253061813462,1.0020313553398033,1.0023253061813462,-5.4100211870008595e-20,2.185349391806e-21
1250,16,5.4127397537231445,-8.081592291140758,-9.420286227684546,1.1048183784994297,0.9731675108142628,-0.00031430440685230706,-0.0003586450116673723,1.0020755071314447,1.0023003262763561,1.0020755071314447,1.0023003262763561,0.0,1.9668144526253998e-21
1251,16,5.570382595062256,-7.433254836971072,-9.2215830886132,1.3231021106142489,1.0081609707942614,-0.00022078602718608213,-0.0003448591132192433,1.0020052119446814,1.0022708148431887,1.0020052119446814,1.0022708148431887,0.0,1.77013300736286e-21
1252,16,5.432807445526123,-7.637912086645606,-9.06321598841644,1.8692830269001837,1.0942731764048537,-0.0002955791398410056,-0.00033993111588141955,1.0019336721640846,1.0022371005752784,1.0019336721640846,1.0022371005752784,0.0,1.593119706626574e-21
1253,16,5.468780517578125,-8.547832132588908,-9.011677602833688,2.3755228503889554,1.2223981438032638,-0.00047475009797516056,-0.00035341301409079365,1.0019287112489814,1.0022062616426486,1.0019287112489816,1.0022062616426486,0.0,1.4338077359639166e-21
1254,16,5.39025354385376,-8.530401758369187,-8.963550018387238,2.49027095110676,1.3491854245336135,-0.00044088450835299387,-0.00036216016351701367,1.0019425520272127,1.002179890681105,1.0019425520272127,1.002179890681105,0.0,1.290426962367525e-21
1255,16,5.593109130859375,-7.484479927119932,-8.815643009260508,2.490238428247756,1.4632907249050278,-0.0003818070618648132,-0.00036412485335179365,1.0018957095392678,1.0021514725669212,1.0018957095392678,1.0021514725669212,0.0,1.1613842661307724e-21
1256,16,5.5462260246276855,-7.424690332589754,-8.676547741593433,2.5103307468043323,1.5679947270949584,-0.00036959834261314804,-0.0003646722022779291,1.0018541771756766,1.0021217430277967,1.0018541771756766,1.0021217430277967,0.0,1.0452458395176952e-21
1257,16,5.347919464111328,-7.946244100329446,-8.603517377467035,2.6240791796446676,1.6736031723499292,-0.0004513832680944537,-0.0003733433088595815,1.001845173493958,1.0020940860744127,1.001845173493958,1.0020940860744127,5.411026579607728e-20,6.351747835173654e-21
1258,16,5.464367866516113,-8.065984000826619,-8.549764039802994,2.6289258846085795,1.7691354435757942,-0.0005035916174287547,-0.00038636813971649884,1.0019229905477918,1.0020769765217508,1.0019229905477918,1.0020769765217508,0.0,5.716573051656289e-21
1259,16,5.290274620056152,-7.224644877309631,-8.417252123553657,2.5882737627771575,1.8510492754959307,-0.00045129376579251053,-0.0003928607023241,1.0018271186113556,1.0020519907307113,1.0018271186113554,1.0020519907307113,5.411124096881756e-20,1.0556039843372416e-20
1260,16,5.568085670471191,-7.6895761710038215,-8.344484528298674,2.587923231509313,1.9247366710972689,-0.0004927105384905929,-0.00040284568594074933,1.0018269414382075,1.002029485801461,1.0018269414382075,1.002029485801461,-1.082225010767868e-19,-1.3218142486435076e-21
1261,16,5.486830234527588,-7.700482709864532,-8.28008434645526,2.5725392939620755,1.9895169333837495,-0.000510657089647446,-0.000413626826311419,1.0018720384635047,1.0020137410676653,1.001872038463505,1.0020137410676653,0.0,-1.189632823779157e-21
1262,16,5.446587562561035,-7.3229609996807135,-8.184372011777805,2.440516868038167,2.0346169268491914,-0.0004989649384767083,-0.0004221606375279479,1.0020341960658004,1.0020157865674788,1.0020341960658004,1.0020157865674788,1.0820011699623755e-19,9.749342158222515e-21
1263,16,5.420516014099121,-5.743000783315582,-7.940234888931583,2.3260953609056805,2.0637647702548403,-0.00039868228366513227,-0.00041981280214166633,1.0019666143743673,1.0020108693481677,1.0019666143743673,1.0020108693481677,5.410370749540819e-20,1.418477869194108e-20
1264,16,5.345485210418701,-5.6817039802762555,-7.71438179806605,2.1444831642769526,2.0718366096570517,-0.00029504188249076727,-0.00040733571017657644,1.0020241903650136,1.0020122014498523,1.0020241903650136,1.0020122014498523,0.0,1.2766300822746973e-20
1265,16,5.457118034362793,-5.797329474168907,-7.522676565676336,2.1551143050465145,2.080164379195998,-0.0002879305914338827,-0.0003953951983023071,1.002011526236309,1.002012133928498,1.002011526236309,1.002012133928498,-5.410128247515848e-20,6.079542492956428e-21
1266,16,5.64060115814209,-6.277189684653834,-7.398127877574085,2.2770986422185437,2.0998578054982526,-0.0003264136749746118,-0.0003884970459695376,1.0021387888458395,1.002024799420232,1.0021387888458395,1.002024799420232,-5.4094412099055513e-20,6.214703375523385e-23
1267,16,5.661069869995117,-6.240333307651019,-7.282348420581779,2.27816516721099,2.1176885416695264,-0.0003080571787624622,-0.00038045305924883007,1.002203409117832,1.0020426603899921,1.0022034091178318,1.0020426603899921,-5.409092418872584e-20,-5.353160088492874e-21
1268,16,5.462586879730225,-6.737508278128985,-7.2278644063365,2.623528411961262,2.1682725286987,-0.0003946988370488219,-0.0003818776370288293,1.0021855368916777,1.0020569480401607,1.0021855368916774,1.0020569480401607,-5.409188880574974e-20,-1.0227032960218562e-20
1269,16,5.288954734802246,-8.377731182675067,-7.342851083970357,2.8599651384963223,2.237441789678462,-0.00054483785368976,-0.0003981736586949224,1.0022874962712727,1.002080002863272,1.0022874962712727,1.002080002863272,-1.0817277243495226e-19,-2.0021606907691934e-20
1270,16,5.210165023803711,-8.433514187349468,-7.4519173943082695,2.921371571704198,2.3058347678810356,-0.0005646840068201814,-0.0004148246935074483,1.002305142897581,1.0021025168667028,1.002305142897581,1.0021025168667028,0.0,-1.801944621692274e-20
1271,16,5.703376770019531,-8.458002084932277,-7.55252586337067,2.7800425561553896,2.3532555467084713,-0.0006075979752079493,-0.0004341020216774984,1.0025025067123834,1.002142515851271,1.0025025067123834,1.002142515851271,0.0,-1.621750159523047e-20
1272,16,5.912315845489502,-7.5793241430287726,-7.555205691336481,2.197199282781998,2.337649920315824,-0.00042961166637037776,-0.00043365298614678633,1.0025538099386502,1.0021836452600088,1.0025538099386502,1.0021836452600088,0.0,-1.459575143570742e-20
1273,16,6.015331268310547,-7.5924342518361065,-7.558928547386444,1.9173193439096397,2.2956168626752054,-0.000396742513531539,-0.0004299619388852616,1.0025762364223794,1.0022229043762458,1.0025762364223791,1.0022229043762458,0.0,-1.313617629213668e-20
1274,16,5.511730194091797,-7.732129072168244,-7.576248599864623,1.775602655118775,2.2436154419195624,-0.00047491120355249323,-0.0004344568653519848,1.0025863344558448,1.0022592473842058,1.0025863344558448,1.0022592473842058,0.0,-1.1822558662923012e-20
1275,16,5.507113933563232,-7.6212808834741255,-7.580751828225574,1.1403272495309964,2.133286622680706,-0.00047029562887773805,-0.00043804074170456013,1.0027331415908625,1.0023066368048714,1.0027331415908625,1.0023066368048714,0.0,-1.0640302796630712e-20
1276,16,5.805352210998535,-7.118861186386971,-7.534562764041714,0.7710207555475946,1.9970600359673951,-0.00040152210895072607,-0.00043438887842917674,1.0027685700866205,1.0023528301330462,1.0027685700866205,1.0023528301330462,0.0,-9.57627251696764e-21
1277,16,5.508374214172363,-7.222027285680012,-7.503309216205544,0.6345126129443532,1.860805293665091,-0.0003976796467821028,-0.00043071795526446936,1.002748759398523,1.002392423059594,1.002748759398523,1.002392423059594,0.0,-8.618645265270877e-21
1278,16,5.420070171356201,-8.09456214819617,-7.562434509404607,0.5732576871305878,1.7320505330116407,-0.0005069948759946088,-0.00043834564733748335,1.0028811078962383,1.0024412915432583,1.0028811078962383,1.0024412915432583,1.0810874429171916e-19,3.054093690428128e-21
1279,16,5.230541229248047,-7.284229263377725,-7.534613984801919,0.15575778911242952,1.5744212586217197,-0.0004463018899753677,-0.0004391412716012718,1.0029206637637584,1.0024892287653084,1.0029206637637584,1.0024892287653084,-5.4052240204958634e-20,-2.6565396991105482e-21
1280,16,5.24768590927124,-7.16166429091925,-7.497319015413653,-0.16075861079308465,1.4009032716802394,-0.00033965574864911754,-0.00042919271930605635,1.0029301411728695,1.0025333200060644,1.0029301411728695,1.0025333200060644,0.0,-2.3908857291994936e-21
1281,16,5.0514020919799805,-8.126278721947276,-7.560214986067016,-0.1477552878692759,1.246037415725288,-0.0003945667968554485,-0.00042573012706099555,1.0029751443444115,1.0025775024398993,1.0029751443444115,1.0025775024398993,0.0,-2.1517971562795442e-21
1282,16,5.075832366943359,-8.552470791325515,-7.659440566592866,-0.15142304891217703,1.1062913692615417,-0.00044974684543201866,-0.0004281317988980979,1.0030624607140424,1.0026259982673136,1.0030624607140424,1.0026259982673136,0.0,-1.93661744065159e-21
1283,16,5.312413692474365,-8.047644888303202,-7.6982609987638995,-0.4328325571770806,0.9523789766176795,-0.0003032464965306531,-0.0004156432686613534,1.0032174425050282,1.002685142691085,1.0032174425050282,1.002685142691085,5.403625009640272e-20,3.660669313053841e-21
1284,16,5.309395790100098,-8.34391103829688,-7.762826002717198,-0.1796428994819214,0.8391767890077194,-0.00032512229280536406,-0.00040659117107575446,1.0032428504044022,1.0027409134624168,1.0032428504044022,1.0027409134624168,0.0,3.294602381748457e-21
1285,16,5.774886131286621,-9.49998887016374,-7.936542289461852,0.44793889398077547,0.800052999505025,-0.00044645414585383996,-0.000410577468553563,1.0032270487820178,1.002789526994377,1.003227048782018,1.002789526994377,-5.403573267894817e-20,-2.4384311243212055e-21
1286,16,5.791037559509277,-10.663512230792056,-8.209239283594872,0.5709478096978096,0.7771424805243035,-0.0004997339209088469,-0.0004194931137890914,1.0033249769009323,1.0028430719850325,1.0033249769009323,1.0028430719850325,0.0,-2.194588011889085e-21
1287,16,5.810514450073242,-11.554427482922655,-8.54375810352765,0.9486685252368245,0.7942950849955556,-0.0004939117059002203,-0.0004269349730002043,1.0034096589345876,1.002899730679988,1.0034096589345873,1.002899730679988,0.0,-1.9751292107001766e-21
1288,16,5.723820686340332,-12.16042120936545,-8.905424414111431,1.0270899644380596,0.817574572939806,-0.0005209629069085438,-0.00043633776639103827,1.0034954197538757,1.0029592995873768,1.0034954197538757,1.0029592995873768,-1.0804256313909469e-19,-1.2581872603539629e-20
1289,16,5.663101673126221,-12.141184597409039,-9.229000432441193,1.0054101817229015,0.8363581338181156,-0.00047736363940520296,-0.0004404403536924547,1.0034972744510073,1.0030130970737399,1.0034972744510073,1.0030130970737399,0.0,-1.1323685343185666e-20
1290,16,5.435059547424316,-11.871689221872279,-9.493269311384301,0.9143214581949574,0.8441544662557998,-0.0004082359597240548,-0.0004372199142956147,1.0034504505448434,1.0030568324208502,1.0034504505448434,1.0030568324208502,0.0,-1.01913168088671e-20
1291,16,5.580436706542969,-12.289389143686655,-9.772881294614537,0.8325597421414848,0.8429949938443684,-0.00038125694534702983,-0.00043162361740075624,1.0034051417924623,1.0030916633580114,1.0034051417924623,1.0030916633580114,5.4026141950434295e-20,-3.76957093293696e-21
1292,16,5.322200298309326,-12.993756857893324,-10.094968850942417,0.5641127518860882,0.8151067696485403,-0.00036893043281615694,-0.0004253542989422963,1.0033948406332172,1.003121981085532,1.003394840633217,1.0031219810855319,0.0,-3.392613839643264e-21
1293,16,5.566275596618652,-13.19824560165093,-10.405296526013268,0.5643186132396839,0.7900279540076547,-0.00046133037539106397,-0.00042895190658717307,1.0033241863442668,1.0031422016114055,1.003324186344267,1.0031422016114053,0.0,-3.0533524556789377e-21
1294,16,5.9432902336120605,-12.42764759101486,-10.607531632513428,0.20636568525082763,0.731661727131972,-0.00036687543843871287,-0.00042274425977232704,1.0032671208913553,1.0031546935394005,1.0032671208913553,1.0031546935394002,0.0,-2.748017210111044e-21
1295,16,5.765088081359863,-11.814383772319145,-10.728216846494,-0.1565362377791705,0.6428419306408578,-0.0002378348790069057,-0.00040425332169578495,1.0030968208180224,1.0031489062672627,1.0030968208180224,1.0031489062672625,0.0,-2.4732154890999395e-21
1296,16,5.99675989151001,-12.80900211956455,-10.936295373801055,0.04889262331303874,0.5834469999080759,-0.00032580068390327955,-0.0003964080579165344,1.002820598597657,1.0031160755003021,1.0028205985976568,1.003116075500302,0.0,-2.2258939401899458e-21
1297,17,5.84367561340332,-13.435899742717183,-11.18625581069267,0.43375480453803295,0.5684777803710717,-0.000732213511920758,-0.0004299886033169568,1.0027255658671037,1.0030770245369822,1.0027255658671037,1.003077024536982,0.0,-2.0033045461709513e-21
1298,17,5.814849376678467,-12.276960933289677,-11.29532632295237,0.1545676191083354,0.5270867642447981,-0.000569538306978748,-0.0004439435736831359,1.0025583981181563,1.0030251618950996,1.0025583981181563,1.0030251618950996,0.0,-1.802974091553856e-21
1299,17,5.421271324157715,-11.73197276975987,-11.338990967633121,-0.014217180546124815,0.47295636976570576,-0.0005216581747514507,-0.00045171503378996735,1.0023664119189482,1.0029592868974846,1.0023664119189482,1.0029592868974846,0.0,-1.6226766823984706e-21
1300,17,5.554956436157227,-11.79241851158273,-11.384333722028082,0.06456547075279935,0.4321172798644151,-0.0005230492565133889,-0.00045884845606230954,1.00220143598855,1.0028835018065911,1.00220143598855,1.0028835018065911,1.0818206136534525e-19,9.357797122375901e-21
1301,17,5.45867919921875,-11.74882544576603,-11.420782894401876,0.022486577572472816,0.3911542096352209,-0.0005061949647052864,-0.00046358310692660727,1.0021927290443413,1.0028144245303663,1.0021927290443415,1.0028144245303663,0.0,8.422017410138312e-21
1302,17,5.543253421783447,-11.622447859252654,-11.440949390886955,0.4541233716756981,0.3974511258392686,-0.0005320380202647252,-0.00047042859826041907,1.0019077758492398,1.0027237596622536,1.0019077758492398,1.0027237596622536,0.0,7.57981566912448e-21
1303,17,5.790976047515869,-12.001441175526823,-11.496998569350941,0.8433063624052156,0.4420366494958633,-0.0006390570002567514,-0.0004872914384600523,1.00195592097831,1.0026469757938592,1.0019559209783102,1.0026469757938594,-1.0820856983677376e-19,-3.999022881465344e-21
1304,16,6.051003932952881,-10.418404275996949,-11.389139140015542,0.8183418053396533,0.4796671650802423,-0.00033693223453735006,-0.00047225551806778207,1.0020565572367313,1.0025879339381465,1.0020565572367313,1.0025879339381465,0.0,-3.599120593318809e-21
1305,16,6.053272247314453,-8.146808483590101,-11.064906074372999,0.9036948085360968,0.5220699294258278,-8.146559206946945e-05,-0.00043317652546795085,1.0018330683084846,1.0025124473751803,1.0018330683084846,1.0025124473751803,-1.3527729903097697e-20,-4.591981524296698e-21
1306,16,5.995547294616699,-8.064974242069615,-10.76491289114266,1.158851528627554,0.5857480893460004,-0.000142857770284006,-0.00040414464994955636,1.0017670776886076,1.002437910406523,1.0017670776886076,1.002437910406523,0.0,-4.1327833718670285e-21
1307,16,5.85269021987915,-8.546765958955943,-10.543098197923989,1.3925306678309595,0.6664263471944964,-0.00014476030005393302,-0.00037820621495999405,1.0015768575903228,1.0023518051249032,1.0015768575903228,1.0023518051249032,0.0,-3.7195050346803254e-21
1308,16,5.432797908782959,-9.093639346749676,-10.398152312806557,1.957479647826554,0.7955316772577022,-0.00031720832708929193,-0.00037210642617292386,1.0014784663758267,1.0022644712499955,1.0014784663758267,1.0022644712499955,0.0,-3.347554531212293e-21
1309,16,5.773087501525879,-8.827933465411778,-10.241130428067079,2.415634786058687,0.9575419881378007,-0.00040828409873253194,-0.0003757241934288847,1.001445259398732,1.0021825500648691,1.001445259398732,1.0021825500648691,0.0,-3.012799078091064e-21
1310,16,6.1288371086120605,-7.771380928050371,-9.994155478065409,2.6781562002859043,1.129603409352611,-0.00038225643588213055,-0.0003763774176742093,1.0014009266624573,1.002104387724628,1.0014009266624573,1.002104387724628,0.0,-2.7115191702819576e-21
1311,16,5.957706928253174,-7.302004731278117,-9.72494040338668,2.823961720735082,1.2990392404908582,-0.0003398410114533468,-0.0003727237770521231,1.0013132198842583,1.002025270940591,1.0013132198842583,1.002025270940591,0.0,-2.4403672532537618e-21
1312,16,5.67437744140625,-6.840708358904752,-9.436517198938487,2.859821032537612,1.4551174196955337,-0.00023858044723276393,-0.0003593094440701872,1.001181324722992,1.001940876318831,1.001181324722992,1.001940876318831,0.0,-2.196330527928386e-21
1313,16,5.205543518066406,-7.166268293719742,-9.209492308416612,3.208161952124922,1.6304218729384725,-0.00028549301168832647,-0.0003519278008320011,1.0011311747844411,1.0018599061653921,1.0011311747844411,1.0018599061653921,0.0,-1.9766974751355472e-21
1314,16,5.885866641998291,-6.976844935088901,-8.986227571083841,3.5496856398697574,1.822348249631601,-0.00032158903771707144,-0.0003488939245205082,1.001172338950088,1.0017911494438616,1.001172338950088,1.0017911494438616,-5.414663042041735e-20,-7.193690769663728e-21
1315,16,5.851768970489502,-6.2431777992199295,-8.71192259389745,3.6647834634568994,2.006591771014131,-0.0002658249160737819,-0.00034058702367583554,1.0010816404767346,1.0017201985471489,1.0010816404767346,1.0017201985471489,0.0,-6.4743216926973556e-21
1316,16,5.8269853591918945,-5.707618004979131,-8.411492135005618,3.8689602696052465,2.1928286208732426,-0.00023426692087418022,-0.00032995501339567004,1.0010741684073776,1.0016555955331716,1.0010741684073776,1.0016555955331716,0.0,-5.82688952342762e-21
1317,16,5.643778324127197,-5.288085007562965,-8.099151422261352,3.9733602366857332,2.3708817824544917,-0.0001709546868689593,-0.000314054980742999,1.0009692088974815,1.0015869568696025,1.0009692088974815,1.0015869568696025,-2.7078809289241273e-20,-7.952081500008986e-21
1318,16,5.488987445831299,-5.677693579011603,-7.8570056379363775,4.3199498879522045,2.565788593004263,-0.00020842616288957273,-0.0003034920989576564,1.0010528797650453,1.0015335491591468,1.0010528797650453,1.0015335491591468,0.0,-7.156873350008088e-21
1319,16,5.827439785003662,-5.571030649081098,-7.628408139050849,4.678450330150814,2.7770547667189183,-0.00017170973946230276,-0.000290313863008121,1.0010455403395413,1.0014847482771863,1.0010455403395413,1.0014847482771863,-2.7076744483516643e-20,-9.148860463358944e-21
1320,16,5.838523864746094,-6.066277621406146,-7.47219508728638,5.4484064102671566,3.044189931073742,-0.00019971514620146786,-0.0002812539913274557,1.0010317787522847,1.001439451324696,1.0010317787522847,1.001439451324696,0.0,-8.23397441702305e-21
1321,16,5.928761959075928,-6.55819927802986,-7.380795506360728,5.988313695145619,3.3386023074809295,-0.0003245702493463061,-0.0002855856171293407,1.0011437897778859,1.001409885170015,1.0011437897778859,1.001409885170015,0.0,-7.410576975320745e-21
1322,16,5.89115571975708,-5.790309712001238,-7.221746926924778,5.892597422477503,3.594001818980587,-0.0001434096018457841,-0.00027136801560098504,1.0012282893477231,1.0013917255877858,1.0012282893477231,1.0013917255877858,0.0,-6.6695192777886704e-21
1323,16,5.948850631713867,-5.762822643417046,-7.075854498574006,6.203168435954594,3.8549184806779877,-0.00014740217179597738,-0.00025897143122048427,1.0012183911886101,1.0013743921478682,1.0012183911886101,1.0013743921478682,2.7072069940664467e-20,-3.2953603559433567e-21
1324,16,6.201584339141846,-6.815593451916747,-7.04982839390828,6.978654834177623,4.1672921160279515,-0.00032081697682830615,-0.00026515598578126645,1.0010844696418282,1.0013453998972641,1.0010844696418282,1.0013453998972641,0.0,-2.965824320349021e-21
1325,16,5.941425323486328,-7.109800658130917,-7.055825620330544,6.984808383929994,4.449043742818156,-0.00031060773095333694,-0.0002697011602984735,1.001314526936004,1.001342312601138,1.001314526936004,1.001342312601138,0.0,-2.669241888314119e-21
1326,16,6.1156840324401855,-6.103531205504357,-6.960596178847926,6.978391800544375,4.701978548590778,-0.00016017936823360362,-0.0002587489810919865,1.001410955585588,1.001349176899583,1.001410955585588,1.001349176899583,0.0,-2.402317699482707e-21
1327,16,6.131828784942627,-6.057924063757591,-6.870328967338892,7.289801177349598,4.96076081146666,-6.416536997174658e-05,-0.00023929061997996252,1.0012281617416348,1.0013370753837882,1.0012281617416345,1.0013370753837882,0.0,-2.1620859295344362e-21
1328,16,6.282548904418945,-7.726602457135666,-6.95595631631857,7.607829961602764,5.225467726480271,-0.00020884792550189904,-0.00023624635053215619,1.0014497879426407,1.0013483466396735,1.0014497879426407,1.0013483466396735,0.0,-1.9458773365809926e-21
1329,17,6.609358787536621,-7.928204723387857,-7.053181157025499,7.673372332027703,5.470258187035014,-0.00018899206786219516,-0.0002315209222651601,1.00160794316219,1.0013743062919251,1.0016079431621898,1.0013743062919251,2.7061540892501193e-20,9.548644863272258e-22
1330,17,6.311765193939209,-6.883625470098779,-7.036225588332827,7.75441109002897,5.6986734773344105,-0.00011920799104499379,-0.00022028962914314348,1.0015841006030648,1.0013952857230393,1.0015841006030648,1.0013952857230393,0.0,8.593780376945033e-22
1331,17,6.13187837600708,-6.8301221889875,-7.015615248398294,7.84690603704011,5.9134967333049815,-0.00012088845790073347,-0.00021034951201890248,1.0015599580240786,1.0014117529531432,1.0015599580240784,1.0014117529531432,0.0,7.734402339250529e-22
1332,17,6.0633416175842285,-7.664847549284096,-7.080538478486875,8.20753507635101,6.142900567609584,-0.00016076520617761653,-0.00020539108143477388,1.0014379422532902,1.0014143718831579,1.0014379422532902,1.0014143718831579,0.0,6.960962105325476e-22
1333,17,5.855634689331055,-8.063956329930143,-7.178880263631202,8.263844972438758,6.3549950080925015,-0.0002044048910270324,-0.00020529246239399973,1.0014775771805482,1.0014206924128968,1.0014775771805484,1.0014206924128968,2.70650635917843e-20,3.332992948657723e-21
1334,17,6.1378254890441895,-7.74607234220074,-7.235599471488156,8.216280776969814,6.541123584980233,-0.00025917586126131476,-0.00021068080228073125,1.0016124541979996,1.001439868591407,1.0016124541979994,1.001439868591407,5.412283802689112e-20,8.411977456481063e-21
1335,17,5.990318775177002,-7.247959402889367,-7.236835464628277,8.13111740778401,6.7001229672606115,-0.00015659353515719418,-0.00020527207556837756,1.0014726972216539,1.0014431514544317,1.0014726972216539,1.0014431514544317,2.706519547395959e-20,1.0277299258228916e-20
1336,17,6.377285480499268,-7.3799489002051395,-7.251146808185964,8.066429491540239,6.836753619688574,-0.00012247540876600174,-0.00019699240888813998,1.0012170924400758,1.001420545552996,1.0012170924400756,1.001420545552996,0.0,9.249569332406024e-21
1337,16,6.146146297454834,-7.955115791110766,-7.321543706478444,7.981896472812224,6.951267905000939,-0.0003401419921324675,-0.00021130736721257273,1.0013235367634388,1.0014108446740404,1.0013235367634388,1.0014108446740404,0.0,8.324612399165422e-21
1338,16,6.181434154510498,-7.071407084660582,-7.296530044296658,7.369607768155634,6.9931018913164085,-0.000256571667243663,-0.00021583379721568175,1.0012828472129855,1.001398044927935,1.0012828472129858,1.001398044927935,0.0,7.49215115924888e-21
1339,16,5.911632537841797,-6.259747916002532,-7.192851831467245,6.9349640636252925,6.987288108547297,-0.00015758149626978214,-0.0002100085671210918,1.0011336643377737,1.001371606868919,1.0011336643377737,1.001371606868919,2.707436107451942e-20,9.450372150775934e-21
1340,16,5.898963451385498,-5.294599940488528,-7.003026642369374,6.618493227001554,6.950408620392723,-0.00011083023921641376,-0.00020009073433062402,1.0008924861852622,1.0013236948005533,1.0008924861852622,1.0013236948005533,-1.3540442498196829e-20,7.151290685878657e-21
1341,16,5.830824851989746,-5.066695533456159,-6.809393531478053,6.314938156580777,6.886861574011529,-0.00012060727604839552,-0.00019214238850240117,1.0008707267586205,1.00127839799636,1.0008707267586205,1.00127839799636,0.0,6.436161617290792e-21
1342,16,5.837948322296143,-4.856142676438285,-6.614068445974077,6.1091866038168385,6.809094076992059,-0.00011883007257014644,-0.0001848111569091757,1.000710856813023,1.0012216438780261,1.000710856813023,1.0012216438780261,-1.3542900093269416e-20,4.438255446234771e-21
1343,16,6.159343719482422,-4.318823637903639,-6.384543965167033,6.250838018594196,6.753268471152273,-2.66312774295525e-05,-0.0001689931689612134,1.000365282053804,1.001136007695604,1.000365282053804,1.001136007695604,0.0,3.994429901611294e-21
1344,16,6.167545318603516,-5.807346217152621,-6.326824190365592,6.357467993438961,6.713688423380942,-0.0002082370511041143,-0.0001729175571755035,1.0004073756191787,1.0010631444879614,1.0004073756191787,1.0010631444879614,2.709401687023906e-20,6.304388598474071e-21
1345,16,6.070744037628174,-5.859800792815496,-6.280121850610582,6.376534762920219,6.679973057334871,-0.00025935849603029887,-0.00018156165106098304,1.000444666716431,1.0010012967108084,1.0004446667164313,1.0010012967108084,-5.4186013907394523e-20,2.553483478872118e-22
1346,16,5.664465427398682,-4.227196520287681,-6.074829317578292,6.318013535844385,6.643777105185822,-4.498616517425043e-05,-0.0001679041024723098,1.0000315329467626,1.000904320334404,1.0000315329467626,1.000904320334404,-6.776049909213355e-21,-4.477914778228449e-22
1347,16,5.634612083435059,-4.569076037416807,-5.9242539895621436,6.383608922284813,6.617760286895722,-0.00017031637008652298,-0.00016814532923373112,0.9999798165059643,1.00081186995156,0.9999798165059645,1.00081186995156,0.0,-4.0301233004056043e-22
1348,16,5.807530403137207,-4.471444574396074,-5.778973048045537,6.4593143250073055,6.60191569070688,-0.00022365629391365288,-0.00017369642570172331,0.999833249861024,1.0007140079425065,0.999833249861024,1.0007140079425065,-2.710957483750935e-20,-3.0736685807874395e-21
1349,16,5.989749431610107,-4.297921054513244,-5.630867848692308,6.237813470891422,6.565505468725335,-0.00016900227184659194,-0.00017322701031621018,0.9997325416531595,1.0006158613135718,0.9997325416531594,1.0006158613135718,0.0,-2.7663017227086956e-21
1350,16,5.489823818206787,-4.18447820682823,-5.4862288845059,6.294810676331376,6.538435989485939,-0.00017563139159126672,-0.00017346744844371582,0.9996295840071969,1.0005172335829344,0.9996295840071968,1.0005172335829344,-2.7115098178149226e-20,-5.201181368252749e-21
1351,16,5.273223400115967,-4.0460223828030335,-5.342208234335614,6.376850101964647,6.52227740073381,-0.0002247337416141314,-0.00017859407776075738,0.9995204286178015,1.0004175530864212,0.9995204286178015,1.0004175530864212,0.0,-4.681063231427474e-21
1352,16,5.526272773742676,-3.643188129881982,-5.172306223890251,6.573300705626518,6.52737973122308,-0.0001360048458360792,-0.00017433515456828955,0.9991345033766933,1.0002892481154484,0.9991345033766933,1.0002892481154484,2.7128533966681037e-20,-1.500103511616623e-21
1353,16,5.28728723526001,-4.037295617922547,-5.0588051632934805,6.627566837193757,6.537398441820148,-0.0002279629331789763,-0.0001796979324293582,0.9992221924428217,1.0001825425481858,0.9992221924428217,1.0001825425481858,0.0,-1.3500931604549607e-21
1354,16,5.491123199462891,-3.7252599976867766,-4.925450646732811,6.733081053717655,6.556966703009898,-0.00025610274626665006,-0.00018733841381308742,0.9992055844530013,1.0000848467386674,0.9992055844530012,1.0000848467386674,0.0,-1.2150838444094646e-21
1355,16,5.748172760009766,-2.4025500865254883,-4.6731605907120795,6.937667308793142,6.595036763588223,-0.00016059266467347217,-0.00018466383889912592,0.9990504342613917,0.9999814054909398,0.9990504342613917,0.9999814054909398,0.0,-1.0935754599685182e-21
1356,16,5.932893753051758,-1.712089991875251,-4.377053530828396,7.363154682351977,6.6718485554645985,-8.239526388865808e-05,-0.00017443698139807916,0.9988820251660688,0.9998714674584528,0.9988820251660687,0.9998714674584528,0.0,-9.842179139716665e-22
1357,16,5.557368278503418,-1.7392417553921014,-4.113272353284767,7.864244964907786,6.791088196408917,-0.00010773897394761626,-0.00016776718065303288,0.9988611448942679,0.9997704352020342,0.9988611448942678,0.9997704352020342,-1.356797911836222e-20,-2.2425940344107223e-21
1358,16,5.708734512329102,-1.6336393899908337,-3.8653090569553736,8.516525819319774,6.963631958700003,-0.00012686314643468483,-0.00016367677723119807,0.9986086983917485,0.9996542615210057,0.9986086983917484,0.9996542615210057,-2.7142818158694284e-20,-4.732616446839078e-21
1359,16,5.922727108001709,-2.1782549899948425,-3.6966036502593207,9.058718079071983,7.173140570737202,-0.00024736616583148456,-0.00017204571609122674,0.9986431991401796,0.9995531552829231,0.9986431991401796,0.9995531552829231,5.428376087770838e-20,1.169021285615668e-21
1360,16,5.841309547424316,-1.8635597609268022,-3.513299261326069,9.16632448726377,7.372458962389858,-0.00023943263071820906,-0.000178784407553925,0.9987767147269643,0.9994755112273273,0.9987767147269644,0.9994755112273273,2.7138252136311886e-20,3.76594437068529e-21
1361,16,5.95270299911499,-0.20117831992277888,-3.18208716718574,9.393250701511583,7.574538136302031,-6.960359110013671e-05,-0.00016786632590854616,0.9985803444153126,0.9993859945461259,0.9985803444153127,0.9993859945461259,0.0,3.389349933616761e-21
1362,16,5.920117378234863,-0.09273329336364348,-2.87315177980353,9.558064266515569,7.772890749323385,-0.00010220890475793999,-0.00016130058379348555,0.9985202007173963,0.9992994151632529,0.9985202007173963,0.9992994151632529,0.0,3.050414940255085e-21
1363,16,6.415194511413574,0.03054232111190952,-2.5827823697119863,9.981025604611002,7.993704234852147,-3.491088191724132e-05,-0.00014866161360586113,0.9981502339130244,0.9991844970382301,0.9981502339130243,0.9991844970382301,0.0,2.7453734462295765e-21
1364,16,6.037241458892822,-1.2822469693303358,-2.452728829673821,10.519635497451958,8.246297361112127,-0.00025087243797077636,-0.00015888269604235266,0.998299525772956,0.9990959999117026,0.998299525772956,0.9990959999117026,0.0,2.470836101606619e-21
1365,16,5.574231147766113,-0.6678046447891229,-2.2742364111853512,10.692121928347918,8.490879817835706,-0.0002070906692621119,-0.00016370349336432857,0.9982731116160681,0.9990137110821392,0.9982731116160681,0.9990137110821392,2.715194268656422e-20,4.93894676010238e-21
1366,16,5.407501220703125,-0.3540322468654946,-2.0822159947533656,10.89821534409464,8.731613370461599,-0.0001318624377973861,-0.0001605193878076343,0.9980969160632578,0.9989220315802511,0.9980969160632579,0.9989220315802511,0.0,4.445052084092142e-21
1367,16,5.479014873504639,-1.5583552693851908,-2.0298299222165483,11.367609871443257,8.995213020559765,-0.0002656940768317839,-0.00017103685671004926,0.9980524059113263,0.9988350690133586,0.9980524059113262,0.9988350690133586,5.431589393823036e-20,9.432136269505963e-21
1368,16,6.295375823974609,-1.4630299252186136,-1.9731499225167548,11.356551694792472,9.231346887983035,-0.0002535196889805004,-0.00017928513993709438,0.9982207629830059,0.9987736384103234,0.9982207629830058,0.9987736384103234,0.0,8.488922642555367e-21
1369,16,6.221622943878174,-0.22425813638675876,-1.7982607439037552,11.438563136488117,9.452068512833543,-0.00010836216557404776,-0.00017219284250078972,0.9981633022396449,0.9987126047932556,0.9981633022396449,0.9987126047932556,0.0,7.64003037829983e-21
1370,16,6.097162246704102,0.2945107950904223,-1.5889835900043376,11.41647987377818,9.648509648928007,2.384777563194341e-05,-0.00015258878068751642,0.9980361788773104,0.9986449622016611,0.9980361788773104,0.9986449622016611,0.0,6.876027340469847e-21
1371,16,6.212809085845947,-0.025507161422727635,-1.4326359471461767,12.050997095993944,9.888758393634602,-2.0948212289685905e-05,-0.00013942472384773338,0.997712318461673,0.9985516978276623,0.9977123184616729,0.9985516978276623,0.0,6.188424606422862e-21
1372,16,6.067876815795898,-1.5177036270778423,-1.4411427151393432,12.197359394959044,10.119618493767046,-0.00019735708411835776,-0.00014521795987479583,0.9979591028289123,0.9984924383277873,0.9979591028289124,0.9984924383277873,0.0,5.569582145780576e-21
1373,16,5.936077117919922,-1.5157239263369993,-1.448600836259109,12.190346485473688,10.326691292937712,-0.0002801465053576454,-0.0001587108144230808,0.9981268420988292,0.9984558787048916,0.9981268420988292,0.9984558787048916,5.431184328264726e-20,1.0443808259467244e-20
1374,16,5.859490871429443,-0.33675748483915896,-1.337416501117114,12.080096488166507,10.502031812460592,-0.00011217165052794573,-0.00015405689803356729,0.9979572925446162,0.998406020088864,0.9979572925446161,0.998406020088864,0.0,9.39942743352052e-21
1375,16,5.794865131378174,-0.07031832700331446,-1.2107066837057339,11.930979167743306,10.644926547988863,-2.057466548315599e-05,-0.00014070867477852615,0.9978975084549825,0.9983551689254759,0.9978975084549825,0.9983551689254759,3.3952703161499555e-21,8.799011721783463e-21
1376,16,6.091182708740234,-0.7263445202112752,-1.162270467356288,12.003066817927426,10.780740574982719,6.323399688520914e-05,-0.00012031440761215264,0.9976808814156262,0.998287740174491,0.9976808814156262,0.998287740174491,1.3584030132800478e-20,9.277513562885164e-21
1377,16,5.857889652252197,-2.0650958393548766,-1.2525530045561468,12.124160677802344,10.915082585264681,-0.00010226914509036909,-0.00011850988135997427,0.9978729097591422,0.9982462571329561,0.9978729097591422,0.9982462571329561,-1.3581416053613474e-20,6.9916206012353e-21
1378,16,5.901338577270508,-2.2752883634758496,-1.354826540448117,12.147193853430204,11.038293712081234,-0.00020628497122899024,-0.00012728739034687588,0.998065142154725,0.998228145635133,0.9980651421547251,0.998228145635133,2.715760040834654e-20,9.008218581946425e-21
1379,17,6.568027973175049,-0.9442816199469255,-1.3137720483979978,12.348955207716262,11.169359861644738,1.4213126294147625e-05,-0.00011313733868277353,0.9977469395575332,0.998180025027373,0.9977469395575332,0.998180025027373,-1.6978913463366385e-21,7.93760758911812e-21
1380,17,6.791581153869629,-1.6809949427800666,-1.3504943378362049,12.839053316725034,11.336329207152767,-3.554964217777332e-05,-0.00010537856903227351,0.9976127493744062,0.9981232974620764,0.9976127493744061,0.9981232974620763,0.0,7.143846830206307e-21
1381,17,6.445095539093018,-2.6714479022839663,-1.482589694280981,12.832739312218857,11.485970217659375,-0.00014819243032983669,-0.00010965995516202982,0.9978299471031505,0.9980939624261839,0.9978299471031505,0.9980939624261838,-2.7164001632570394e-20,3.713061983928637e-21
1382,17,5.897529125213623,-2.132632721526228,-1.547593997005506,12.918305142796545,11.629203710173092,-0.00011185091361036426,-0.00010987905100686327,0.9979197368618926,0.9980765398697548,0.9979197368618926,0.9980765398697548,0.0,3.3417557855357736e-21
1383,17,5.980364799499512,-0.667331797837764,-1.4595677770887319,12.883222498887834,11.754605589044566,7.787415240821473e-05,-9.110373066535546e-05,0.9976705541084041,0.9980359412936197,0.9976705541084041,0.9980359412936197,1.3584170746805688e-20,4.365997281662765e-21
1384,17,5.689161777496338,-0.8289939708908798,-1.3965103964689467,12.962414433422895,11.875386473482399,0.00011858095222547694,-7.013526237627222e-05,0.9976234275140821,0.997994689915666,0.997623427514082,0.997994689915666,-1.358481244755803e-20,2.5709163087406852e-21
1385,17,5.958288669586182,-1.398188256444013,-1.3966781824664534,13.050888230793024,11.992936649213462,6.814176400035194e-05,-5.630755973860981e-05,0.9977270603173124,0.9979679269558307,0.9977270603173125,0.9979679269558307,0.0,2.3138246778666167e-21
1386,17,6.235049247741699,-1.5432754800360173,-1.4113379122234098,13.120100598090742,12.10565304410119,3.733953391706036e-05,-4.6942850373042794e-05,0.99784860588411,0.9979559948486586,0.9978486058841101,0.9979559948486587,0.0,2.082442210079955e-21
1387,17,6.443923473358154,-0.9921435961270569,-1.3694184806137746,13.147331017177777,12.209820841408849,8.665446363061521e-05,-3.358311897267699e-05,0.9978244915938917,0.9979428445231819,0.9978244915938916,0.997942844523182,0.0,1.8741979890719596e-21
1388,17,6.302522659301758,-0.9656349072737774,-1.329040123279775,13.210910955247453,12.30992985279271,0.00011810309868834476,-1.841449720657482e-05,0.9977247495663999,0.9979210350275037,0.9977247495664,0.9979210350275038,-1.358343286759057e-20,3.2843490340570673e-22
1389,17,6.421220302581787,-1.8764360164185148,-1.383779712593649,13.331376838470211,12.41207455136046,0.00010396408759201733,-6.1766387267156035e-06,0.9976058199756893,0.9978895135223222,0.9976058199756892,0.9978895135223225,0.0,2.9559141306513606e-22
1390,17,6.781894683837891,-2.5676350962378707,-1.5021652509580712,13.307878577940597,12.501654954018473,-4.143923159981869e-05,-9.702898014025913e-06,0.9978957757615922,0.9978901397462493,0.9978957757615922,0.9978901397462495,6.790552423035133e-21,9.450875140621358e-22
1391,17,6.317187309265137,-2.287642379729768,-1.5807129638352408,13.253431210476617,12.576832579664288,-8.699095607218288e-05,-1.743170381984161e-05,0.9980220807150689,0.9979033338431312,0.9980220807150689,0.9979033338431315,0.0,8.505787626559223e-22
1392,17,6.577561855316162,-1.3516480923758687,-1.5578064766893036,13.05870932002421,12.62502025370028,7.785973161502281e-05,-7.902560276355168e-06,0.9978572181491354,0.9978987222737317,0.9978572181491353,0.9978987222737319,1.358162962553557e-20,2.123683848943887e-21
1393,17,6.862549304962158,-1.9857504006718614,-1.6006008690875595,13.03226692881142,12.665744921211395,0.0001875975362789381,1.164744937917416e-05,0.9976576082293208,0.9978746108692906,0.9976576082293208,0.9978746108692909,-2.716869403747108e-20,-8.055539396976099e-22
1394,17,6.725668430328369,-4.144398959431512,-1.8549806781219549,13.13817841228081,12.712988270318338,-0.0001578371943168578,-5.301014990429034e-06,0.9982263135597582,0.9979097811383374,0.9982263135597582,0.9979097811383376,0.0,-7.24998545727849e-22
1395,17,6.702347755432129,-3.301280706426093,-1.9996106809523688,12.934319727160096,12.735121416002514,-8.101443256392838e-05,-1.287235674777897e-05,0.9983440998043255,0.9979532130049362,0.9983440998043255,0.9979532130049364,0.0,-6.524986911550641e-22
1396,17,6.27191686630249,-2.5628112940905527,-2.055930742266187,12.849114724348738,12.746520746837136,6.011022124025187e-05,-5.574098948975886e-06,0.9982580706694589,0.9979836987713885,0.9982580706694589,0.9979836987713887,-6.788087947528495e-21,-1.2660576167924072e-21
1397,17,6.803133010864258,-2.427225949970971,-2.0930602630366657,12.984791277097527,12.770347799863176,0.00020717171628017024,1.570048257393873e-05,0.9979162552145995,0.9979769544157095,0.9979162552145996,0.9979769544157098,2.716165226340434e-20,1.5767133712272678e-21
1398,17,6.152554035186768,-4.318266971252482,-2.3155809338582474,13.101679649688426,12.8034809848457,-2.9518044930570702e-05,1.1178629823487787e-05,0.9984500181370216,0.9980242607878408,0.9984500181370215,0.998024260787841,0.0,1.419042034104541e-21
1399,17,6.531932830810547,-4.682626966993246,-2.5522855371717474,13.307269424545975,12.853859828815729,-0.0001194650489610044,-1.8857380549614321e-06,0.9986727338135991,0.9980891080904166,0.9986727338135991,0.9980891080904168,0.0,1.2771378306940868e-21
1400,17,6.458451271057129,-3.616105166482004,-2.6586675001027733,13.308178028019968,12.899291648736153,-2.905138148275593e-05,-4.602302397740882e-06,0.9986605850065713,0.9981462557820321,0.9986605850065714,0.9981462557820323,0.0,1.1494240476246782e-21
1401,17,6.551749229431152,-3.552482240305678,-2.748048974123064,13.39647142370642,12.949009626233181,-4.970848978479118e-05,-9.112921136445913e-06,0.9986400370054886,0.9981956339043778,0.9986400370054888,0.998195633904378,0.0,1.0344816428622104e-21
1402,17,6.616092205047607,-3.7061077857557825,-2.843854855286336,13.369162016390549,12.991024865248917,-9.138697783859792e-05,-1.7340326806661112e-05,0.9987496169727965,0.9982510322112197,0.9987496169727965,0.9982510322112199,1.3569494221330893e-20,2.2879829007090788e-21
1403,17,6.406460285186768,-3.615602602416108,-2.921029629999313,13.359000168926038,13.02782239561663,-0.0001440232129731467,-3.0008615423309673e-05,0.9987672329782046,0.9983026522879183,0.9987672329782046,0.9983026522879185,0.0,2.059184610638171e-21
1404,17,6.202720642089844,-3.650971773471532,-2.9940238443465352,13.034074592786133,13.02844761533358,-0.00020624333610775938,-4.763208749175464e-05,0.9987490323517301,0.9983472902942995,0.9987490323517301,0.9983472902942997,0.0,1.853266149574354e-21
1405,17,6.152810573577881,-3.414770974455904,-3.036098557357472,12.468900261661906,12.972492879966413,-0.00019154283573122032,-6.20231623157012e-05,0.9988114413193462,0.9983937053968042,0.9988114413193462,0.9983937053968044,-2.7137308595838775e-20,-1.045791324966959e-21
1406,17,6.212240695953369,-2.990487557776859,-3.031537457399411,11.74733214407361,12.849976806377134,-0.00012917901743045106,-6.873874782717619e-05,0.9989122062735872,0.9984455554844824,0.9989122062735872,0.9984455554844827,-2.7134571128379965e-20,-3.65466930530826e-21
1407,17,6.005053520202637,-2.262774794815794,-2.9546611911410494,11.331531612352952,12.698132286974715,-3.1015195043631054e-05,-6.496639254882168e-05,0.9988328572709038,0.9984842856631246,0.9988328572709038,0.9984842856631247,0.0,-3.2892023747774338e-21
1408,16,5.893991470336914,-2.2447850342652433,-2.883673575453469,11.148642442751626,12.543183302552407,-4.1992842060540356e-05,-6.266903749999355e-05,0.9988543867780916,0.9985212957746213,0.9988543867780916,0.9985212957746215,6.784035458753847e-21,-2.2818785914243055e-21
1409,17,5.85941219329834,-1.9505738737215272,-2.790363605280275,10.92465230111514,12.381330202408682,2.5149140652344795e-05,-5.388721968475972e-05,0.9988107767155165,0.9985502438687108,0.9988107767155165,0.9985502438687109,0.0,-2.053690732281875e-21
1410,16,5.877176761627197,-2.3607689072069387,-2.7474041354729413,10.784323373335056,12.22162951950132,-6.549309855431496e-05,-5.504780757171524e-05,0.9990356795522894,0.9985987874370686,0.9990356795522893,0.9985987874370688,-1.3565608749972046e-20,-3.2048825340508923e-21
1411,16,5.59759521484375,-1.82627255561094,-2.6552909774867413,10.596479043586447,12.059114471909833,-5.091998762011587e-05,-5.4635025576555306e-05,0.9990721894385597,0.9986461276372178,0.9990721894385597,0.9986461276372179,0.0,-2.884394280645803e-21
1412,16,5.693999290466309,-1.9477808694048897,-2.5845399666785562,10.425380884759793,11.895741113194829,-0.00014578258171266963,-6.374978119016674e-05,0.9991835423897797,0.9986998691124741,0.9991835423897797,0.9986998691124741,0.0,-2.5959548525812228e-21
1413,16,5.829535484313965,-1.230353886182347,-2.4491213586289353,10.038717100834566,11.710038711958804,-0.00013595559638139947,-7.097036270929002e-05,0.9992884726071016,0.9987587294619369,0.9992884726071016,0.9987587294619369,0.0,-2.3363593673231005e-21
1414,16,5.921797752380371,0.23911518298851636,-2.18029770446719,9.702805630191069,11.50931540378203,1.3891074402131806e-05,-6.248421899814784e-05,0.9992614909460025,0.9988090056103435,0.9992614909460025,0.9988090056103435,-1.6953179021287267e-21,-2.272255220803663e-21
1415,16,6.199269771575928,0.6798629364518317,-1.8942816403752878,9.424202873294814,11.30080415073331,0.00011135304988192905,-4.510049211014015e-05,0.9991272178505795,0.998840826834367,0.9991272178505796,0.998840826834367,-1.3564365892487976e-20,-3.401466287972094e-21
1416,16,5.761371612548828,-0.3771443455761689,-1.7425679108953758,9.467059433368227,11.117429678996803,4.840572931986406e-05,-3.574986996713973e-05,0.9989558005137789,0.9988523242023082,0.998955800513779,0.9988523242023082,0.0,-3.0613196591748845e-21
1417,16,5.855960845947266,-1.969467106670645,-1.7652578304729027,9.39268591276631,10.944955302373755,-0.0001856443633545334,-5.0739319305879104e-05,0.9993690816320259,0.9989039999452799,0.9993690816320259,0.9989039999452799,0.0,-2.755187693257396e-21
1418,16,6.42270040512085,-1.4236157638553455,-1.7310936238111472,9.119593779014217,10.7624191500378,-0.00023098380702105521,-6.876376807739672e-05,0.9997649246751068,0.9989900924182626,0.9997649246751068,0.9989900924182626,-2.7111427539774844e-20,-5.190811677909141e-21
1419,16,6.344909191131592,0.3224754215069647,-1.525736719279336,9.030930879203014,10.589270322954324,9.526848441773849e-05,-5.23605428278832e-05,0.999377820970992,0.9990288652735356,0.9993778209709921,0.9990288652735356,0.0,-4.671730510118227e-21
1420,16,6.49301815032959,-0.5170021098218023,-1.4248632583335827,9.268061198682835,10.457149410527174,7.545369762538324e-05,-3.957911878255655e-05,0.9992570712867598,0.999051685874858,0.9992570712867598,0.999051685874858,1.3562603203414907e-20,-2.848297138764914e-21
1421,16,5.950808048248291,-1.7936576953369434,-1.4617427020339189,9.131833709426388,10.324617840417096,-7.790579875516006e-05,-4.3411786779816904e-05,0.9997496071292621,0.9991214780002985,0.9997496071292621,0.9991214780002985,0.0,-2.5634674248884227e-21
1422,16,5.302342891693115,-1.0769115711218076,-1.4232595889427078,8.98310843369476,10.190466899744862,1.3850021790144358e-06,-3.8932107883933774e-05,1.0000004991457057,0.9992093801148392,1.0000004991457057,0.9992093801148392,0.0,-2.3071206823995806e-21
1423,16,5.385250568389893,-0.48483169523909553,-1.3294167995723467,9.045195590982363,10.075939768868613,9.551825760924358e-05,-2.548707133461604e-05,0.9997950382528945,0.9992679459286447,0.9997950382528945,0.9992679459286447,0.0,-2.0764086141596227e-21
1424,16,5.364070415496826,-1.464038699253766,-1.3428789895404887,9.096354871134883,9.977981279095241,7.272390895552207e-05,-1.5665973305602228e-05,0.9998080108746171,0.999321952423242,0.9998080108746171,0.999321952423242,0.0,-1.8687677527436604e-21
1425,16,5.546609878540039,-2.4650150147623426,-1.455092592062674,8.919008624923178,9.872084013678034,-3.666219642634367e-05,-1.7765595617676372e-05,1.0000937217870498,0.9993991293596227,1.00009372178705,0.9993991293596227,0.0,-1.6818909774692944e-21
1426,16,5.642025470733643,-2.5531140096750624,-1.564894733823913,8.806132987691523,9.765488911079382,-0.0001171624943673637,-2.7705285492645105e-05,1.0003351779333134,0.9994927342169918,1.0003351779333134,0.9994927342169918,-1.3547986170063764e-20,-2.8685004967287417e-21
1427,16,5.726245880126953,-1.2840841960306242,-1.5368136800445842,8.43226812867544,9.632166832838987,0.00017052886859973056,-7.881870083407539e-06,1.000314665166016,0.9995749273118943,1.000314665166016,0.9995749273118943,2.709652797866275e-20,1.2800235081040738e-22
1428,16,5.786353588104248,-0.9987019353191248,-1.4830025055720382,8.596024391625681,9.528552588717657,0.00028620823893837444,2.1527140818770658e-05,1.0000536614286875,0.9996228007235737,1.0000536614286875,0.9996228007235737,5.4207199788489423e-20,5.53592209457831e-21
1429,16,6.303320407867432,-2.60784315313459,-1.5954865703282934,8.94386218136498,9.470083547982389,0.00010638546883981871,3.0012973620875464e-05,1.0001422078288922,0.9996747414341056,1.0001422078288922,0.9996747414341056,-1.3550600154640627e-20,3.627269869656416e-21
1430,16,6.16641092300415,-3.1916278754893717,-1.7551007008444013,8.929806044830782,9.416055797667228,3.228443809060343e-06,2.733452063969395e-05,1.0003446382241556,0.9997417311131106,1.0003446382241559,0.9997417311131107,0.0,3.2645428826907746e-21
1431,16,5.733455657958984,-2.7114530122019547,-1.8507359319801566,8.612814156993734,9.33573163359988,-3.585002631101454e-05,2.1016065944623104e-05,1.0005516581482181,0.9998227238166213,1.000551658148218,0.9998227238166214,0.0,2.938088594421697e-21
1432,16,5.996517181396484,-2.0889964789356736,-1.8745619866757084,8.200821674634437,9.222240637703335,3.537869879854675e-05,2.245232923001547e-05,1.0006732487636372,0.9999077763113229,1.0006732487636372,0.999907776311323,0.0,2.6442797349795276e-21
1433,16,6.100887298583984,-1.006557298775677,-1.7877615178857051,8.098191359513871,9.10983570988439,0.00016976762601855942,3.718385890886986e-05,1.0003167687919943,0.99994867555939,1.0003167687919943,0.9999486755593902,0.0,2.379851761481575e-21
1434,16,5.886725425720215,-1.4106719600084008,-1.7500525620979748,8.064357275952132,9.005287866491164,0.0001183322014811559,4.5298693166098466e-05,1.0004214587415354,0.9999959538776046,1.0004214587415354,0.9999959538776046,-1.3546817731315955e-20,7.871848122018218e-22
1435,16,6.024477005004883,-1.5502456073097397,-1.7300718666191512,8.209635806748034,8.92572266051685,-3.4316682344093054e-05,3.733715561507932e-05,1.0004303873022953,1.0000393972200736,1.0004303873022953,1.0000393972200736,-6.7733484148826156e-21,3.113148949337809e-23
1436,16,5.996696472167969,-1.3471201492705436,-1.6917766948842905,8.14389687253844,8.847540081719009,-3.951312806987319e-06,3.320830877287266e-05,1.0003215808972443,1.0000676155877906,1.0003215808972445,1.0000676155877908,0.0,2.801834054404028e-23
1437,16,5.886066913604736,-1.905582484425185,-1.71315727383838,8.158655403385595,8.778651613885668,-5.444324402406982e-05,2.444315349317841e-05,1.0002839111502229,1.0000892451440337,1.0002839111502229,1.000089245144034,0.0,2.5216506489636255e-23
1438,16,5.97024393081665,-1.8229915233405147,-1.7241406987885934,8.113397541381065,8.712126206635208,-0.00013120997950068794,8.877840193791773e-06,1.000463342147523,1.0001266548443828,1.0004633421475229,1.000126654844383,-2.7092501214443144e-20,-2.6865552656036417e-21
1439,16,6.044630527496338,-0.05678953917170241,-1.5574055828269044,7.868329865674736,8.627746572539161,6.85962395798237e-05,1.4849680132394966e-05,1.0002727533522722,1.0001412646951717,1.0002727533522722,1.000141264695172,1.3548831666812312e-20,-1.0630165723620465e-21
1440,16,5.660521507263184,0.27570176004133956,-1.37409484854008,7.745348022184545,8.5395067175037,0.00013012964480675786,2.6377676599831258e-05,1.0002029012244944,1.000147428348104,1.0002029012244946,1.0001474283481042,-2.7099555779086775e-20,-3.66667049303452e-21
1441,16,5.5170183181762695,0.3617421274330208,-1.20051115094277,7.754413046606174,8.460997350413948,9.947847304865141e-05,3.368775624471327e-05,1.0001459697972417,1.0001472824930178,1.000145969797242,1.000147282493018,-1.3550549185151732e-20,-4.655058362246241e-21
1442,16,5.328340530395508,0.6517545428247408,-1.015284581566019,7.7048356072254505,8.385381176095098,0.00016578934394633006,4.6897915014874954e-05,0.9999386326767005,1.000126417511386,0.9999386326767005,1.0001264175113862,0.0,-4.189552526021617e-21
1443,16,5.736958026885986,0.3542900133707054,-0.8783271220723466,7.780046427077854,8.324847701193374,0.00013510596552524401,5.571872006591186e-05,0.9998018804230995,1.0000939638025574,0.9998018804230995,1.0000939638025577,-2.711042541815105e-20,-6.481639815234561e-21
1444,16,5.506199359893799,-1.0421137037853685,-0.8947057802436489,7.867056773590343,8.279068608433072,-4.586419158293316e-05,4.5560428901027356e-05,0.9999558793682319,1.000080155359125,0.9999558793682318,1.0000801553591252,0.0,-5.833475833711105e-21
1445,16,5.942263126373291,-1.1009561339132736,-0.9153308156106114,7.92001808322778,8.243163555912542,-3.444647552383411e-05,3.7559738458541214e-05,0.9998323340555607,1.0000553732287687,0.9998323340555606,1.0000553732287687,-6.777399917192362e-21,-5.927868242059231e-21
1446,16,6.015667915344238,-1.321803191761216,-0.9559780532256719,7.937456594532752,8.212592859774563,-9.970837660529249e-05,2.383292695215784e-05,0.9998471892178604,1.000034554827678,0.9998471892178604,1.000034554827678,0.0,-5.335081417853308e-21
1447,16,5.979480743408203,-1.0137681441596305,-0.9617570623190678,7.644196247034959,8.155753198500603,1.6728929125454705e-05,2.312252716948753e-05,0.9998158406196763,1.0000126834068777,0.9998158406196763,1.0000126834068777,0.0,-4.801573276067977e-21
1448,16,5.569451332092285,-0.9445794989454788,-0.960039305981709,7.846173597948546,8.124795238445397,-4.7465856985875054e-06,2.0335615882680027e-05,0.9995586579641944,0.9999672808626093,0.9995586579641944,0.9999672808626093,-8.47406943559927e-22,-4.406156642817172e-21
1449,16,5.253445148468018,-1.3788212480190003,-1.0019175001854381,7.666998782359439,8.079015592836802,-7.602116143757828e-05,1.0699938150654198e-05,0.9996869145169806,0.9999392442280465,0.9996869145169806,0.9999392442280465,0.0,-3.965540978535455e-21
1450,16,5.4248785972595215,-0.9171167440438109,-0.9934374245712755,7.4060835187214025,8.011722385425262,-5.298383863281647e-05,4.331560472307131e-06,0.999657267606194,0.9999110465658613,0.999657267606194,0.9999110465658613,0.0,-3.568986880681909e-21
1451,16,5.326993942260742,-0.5227290855074365,-0.9463665906648916,7.305646228720566,7.941114769754792,1.8797325044900443e-05,5.778136929566462e-06,0.9996043689823328,0.9998803788075085,0.999604368982333,0.9998803788075085,-3.3894727695783845e-21,-3.551035469571557e-21
1452,16,5.129114627838135,-0.4813101574068921,-0.8998609473390917,7.2421898435856855,7.871222277137882,6.49577950316345e-05,1.1696102739773267e-05,0.9996191846543883,0.9998542593921964,0.9996191846543883,0.9998542593921964,0.0,-3.1959319226144013e-21
1453,16,5.254139423370361,0.062479721853072746,-0.8036268804198753,7.28573638048567,7.81267368747266,0.00013333143853272634,2.3859636319068573e-05,0.9995092999847994,0.9998197634514567,0.9995092999847994,0.9998197634514567,-2.7118361292436023e-20,-5.588174859596564e-21
1454,16,5.152072429656982,0.2164323105363524,-0.7016209613242526,7.303389941306348,7.7617453128560285,0.00012782566160112488,3.4256238847274206e-05,0.9994985108097496,0.9997876381872861,0.9994985108097495,0.9997876381872861,0.0,-5.0293573736369076e-21
1455,16,5.291380882263184,0.440259702049486,-0.5874328949868788,7.373276770860344,7.722898458656461,0.00014783254205693618,4.5613869168240404e-05,0.9993570021883755,0.9997445745873951,0.9993570021883755,0.9997445745873951,2.712249401643598e-20,-1.8141722346296193e-21
1456,16,5.612534046173096,0.06992154954768762,-0.5216974505334221,7.473529133263129,7.697961526117128,-6.713215505445596e-07,4.098535009636191e-05,0.9993463566245137,0.9997047527911069,0.9993463566245137,0.9997047527911069,-1.0594837085754216e-22,-1.6433498482524116e-21
1457,16,6.235118389129639,0.2995624701652718,-0.4395714584635527,6.995856803369941,7.62775105384241,-3.3494091679984915e-05,3.353740591872723e-05,0.9997158389445184,0.9997058614064481,0.9997158389445184,0.9997058614064481,0.0,-1.4790148634271706e-21
1458,16,5.975410461425781,2.5274841164151036,-0.14286590097568713,6.774243543554384,7.542400302813608,0.0002001002233586956,5.0193687662724065e-05,0.9992209345822051,0.9996573687240238,0.999220934582205,0.9996573687240238,0.0,-1.3311133770844536e-21
1459,16,5.785046577453613,2.70328115405965,0.1417488045278466,6.849798871732267,7.473140159705474,0.00027167518442872514,7.234183733932417e-05,0.9987107296740487,0.9995627048190263,0.9987107296740487,0.9995627048190263,0.0,-1.1980020393760082e-21
1460,16,5.965855121612549,0.6302354351509319,0.19059746759015517,6.791392014785645,7.404965345213491,-3.4136710061162245e-05,6.169398259927554e-05,0.999155868333534,0.9995220211704772,0.999155868333534,0.9995220211704772,-6.781988469262915e-21,-1.756400682364699e-21
1461,16,5.652472019195557,0.31335996523524995,0.20287371735466467,6.710625907783654,7.335531401470508,-0.00012485241317466574,4.303934302188141e-05,0.9993970867887086,0.9995095277323003,0.9993970867887088,0.9995095277323004,0.0,-1.5807606141282291e-21
1462,16,5.452466011047363,1.907744954653182,0.3733608410845164,6.568872652505834,7.2588655265740405,9.14260292449327e-06,3.96496690121426e-05,0.9992457306989316,0.9994831480289634,0.9992457306989317,0.9994831480289635,0.0,-1.4226845527154063e-21
1463,16,5.711691379547119,2.9482870501711065,0.6308534619931754,6.186319406392646,7.151610914555901,0.0002874261834533506,6.44273204562634e-05,0.9990028409556696,0.999435117321634,0.9990028409556696,0.9994351173216341,0.0,-1.2804160974438658e-21
1464,16,5.8377685546875,1.9142079844179767,0.7591889142356556,6.295887660229512,7.066038589123263,0.00016763669708887667,7.474825811952473e-05,0.9990211520517134,0.999393720794642,0.9990211520517134,0.9993937207946421,0.0,-1.1523744876994793e-21
1465,16,5.990939617156982,1.159433018185417,0.7992133246306318,6.261587997873657,6.985593529998302,2.364128482728718e-05,6.963756079030098e-05,0.9993283266699098,0.9993871813821689,0.99932832666991,0.9993871813821689,-3.39040903634501e-21,-1.3761779425640325e-21
1466,16,5.973845958709717,2.427734191729107,0.9620654113404793,6.1445299720679,6.901487174205262,0.00010799051491798622,7.347285620306951e-05,0.999382971119733,0.9993867603559253,0.999382971119733,0.9993867603559253,0.0,-1.2385601483076293e-21
1467,16,5.902745246887207,3.0039287215712847,1.1662517423635599,6.3244770882765655,6.843786165612393,0.00023644767746604735,8.97703383293673e-05,0.9990444995968212,0.9993525342800149,0.9990444995968212,0.9993525342800149,0.0,-1.1147041334768664e-21
1468,16,5.715138912200928,1.5781095918471315,1.2074375273119171,6.649015373273062,6.8243090863784595,4.278496282345857e-05,8.507180077877643e-05,0.9992195303677417,0.9993392338887876,0.9992195303677416,0.9993392338887876,-6.781556376845979e-21,-1.6813893578137777e-21
1469,16,5.633525371551514,1.113960150657352,1.1980897896464606,6.7329785262900845,6.8151760303696225,-5.9895388242077927e-05,7.0575081876691e-05,0.99940775746862,0.9993460862467709,0.9994077574686201,0.9993460862467709,-6.78027914772031e-21,-2.191278336804431e-21
1470,16,5.522158622741699,1.4619944490924142,1.224480255591056,6.58524439932418,6.792182867265079,-6.067424429024828e-05,5.7450149259997076e-05,0.9995923524698755,0.9993707128690814,0.9995923524698755,0.9993707128690814,0.0,-1.972150503123988e-21
1471,16,5.329076766967773,2.435571054676778,1.3455893354996284,6.511154818845087,6.76408006242308,7.251862872210378e-05,5.895699720620775e-05,0.9994706489508478,0.9993807064772581,0.9994706489508478,0.9993807064772581,0.0,-1.7749354528115893e-21
1472,16,5.274369716644287,2.0327932542513096,1.4143097273747967,6.426522619311108,6.730324318111883,4.3111279888958785e-05,5.737242547448285e-05,0.9996150084312084,0.9994041366726532,0.9996150084312084,0.9994041366726532,-6.778873387134354e-21,-2.2753292462438658e-21
1473,16,5.193360328674316,2.0792047267930998,1.480799227316627,6.417361384910717,6.699028024791767,6.982146193190617e-05,5.8617329120225185e-05,0.9996112317319124,0.9994248461785792,0.9996112317319124,0.9994248461785792,0.0,-2.0477963216194793e-21
1474,16,5.4126482009887695,1.7341823274682384,1.5061375373317882,6.3813623240566235,6.667261454718252,-1.977310651499656e-05,5.077828555670301e-05,0.9998010558292142,0.9994624671436427,0.9998010558292142,0.9994624671436427,0.0,-1.8430166894575313e-21
1475,16,5.202203750610352,2.5451456089779274,1.6100383444964022,6.019182007327887,6.602453509979216,9.541086158837063e-05,5.524154315986978e-05,0.9998499367310493,0.9995012141023834,0.9998499367310492,0.9995012141023834,1.3554561197831346e-20,-3.0325890072864345e-22
1476,16,5.508993625640869,3.0036492178715535,1.7493994318339172,6.069759852607072,6.549184144242002,0.00024266422722619822,7.398381156650263e-05,0.9995158671574597,0.9995026794078911,0.9995158671574597,0.9995026794078911,0.0,-2.7293301065577913e-22
1477,16,5.474266529083252,1.0853510620637714,1.6829945948569025,6.092189991118015,6.503484728929603,3.560862718167914e-05,7.014629312802029e-05,0.9998321833327093,0.9995356298003729,0.9998321833327092,0.9995356298003729,6.777400938872858e-21,4.321003842970846e-22
1478,16,5.601701736450195,0.8993769115842312,1.6046328265296355,6.108071783992443,6.463943434435887,-8.347299120472334e-05,5.478436469474593e-05,0.999864846001328,0.9995685514204684,0.999864846001328,0.9995685514204684,0.0,3.888903458673762e-22
1479,16,6.272512435913086,1.28949561530924,1.573119105407596,5.4124246957663,6.358791560568928,-8.295612252490081e-05,4.101031597278125e-05,1.0003037194798063,0.9996420682264022,1.0003037194798063,0.9996420682264022,0.0,3.500013112806386e-22
1480,16,5.981546878814697,2.894970704819315,1.7053042653487678,5.06395211920555,6.229307616432591,0.00012517844367226677,4.942712874272981e-05,1.000057014798673,0.9996835628836294,1.000057014798673,0.9996835628836294,2.7103509011028018e-20,3.0253520812553765e-21
1481,16,5.669677734375,3.5495204489932886,1.8897258837132198,4.858488325463225,6.092225687335654,0.0002918733399215831,7.367174986061515e-05,0.9996581114088476,0.9996810177361513,0.9996581114088476,0.9996810177361513,0.0,2.722816873129839e-21
1482,16,5.605892658233643,1.4225304933212468,1.8430063446740226,4.729318450287903,5.955934963630879,0.00011157789542367192,7.746236441692083e-05,1.0000373560785525,0.9997166515703914,1.0000373560785525,0.9997166515703914,0.0,2.4505351858168553e-21
1483,16,5.393038272857666,1.1109899856121292,1.7698047087678332,4.671038510956142,5.827445318363406,-5.5022443339132186e-05,6.421388364131553e-05,1.0003951507811852,0.9997845014914708,1.0003951507811855,0.9997845014914708,6.773586989843938e-21,2.8828403662195637e-21
1484,16,5.318076133728027,2.4519485406614994,1.8380190919572,4.350365023990997,5.679737288926165,0.00013492030546987646,7.128452582417163e-05,1.0002795670162148,0.9998340080439452,1.0002795670162148,0.9998340080439452,0.0,2.594556329597607e-21
1485,16,5.6146039962768555,2.752696929826859,1.9294868757441659,4.390508823394612,5.550814442373009,0.00024383549698731372,8.853962294048584e-05,0.999974806521537,0.9998480878917044,0.9999748065215371,0.9998480878917044,0.0,2.3351006966378465e-21
1486,16,5.468839645385742,1.6588737872193686,1.902425566891686,4.233013670040216,5.41903436513973,8.699276891746548e-05,8.83849375381838e-05,1.000246188190159,0.99988789792155,1.000246188190159,0.99988789792155,1.3549191505134039e-20,3.456509777487466e-21
1487,16,5.632538318634033,1.6013527434435073,1.8723182845468682,4.079706405308207,5.285101569156578,4.690823156953066e-05,8.42372669413185e-05,1.0002452889821445,0.9999236370276094,1.0002452889821447,0.9999236370276094,0.0,3.1108587997387194e-21
1488,16,5.423888206481934,1.5835300010044475,1.8434394561926262,3.5252925465977096,5.109120666900691,0.00011951748091662265,8.776528833884892e-05,1.0003807674709981,0.9999693500719484,1.0003807674709984,0.9999693500719484,1.3547368758727862e-20,4.1545097956376335e-21
1489,16,5.3209452629089355,1.8001569869443041,1.839111209267794,3.199412059313612,4.918149806141983,0.00025123746465542413,0.00010411250597050644,1.000295110012743,1.0000019260660278,1.0002951100127428,1.0000019260660278,0.0,3.73905881607387e-21
1490,16,5.370983123779297,1.2364114661658123,1.7788412349575957,3.22670621812871,4.7490054473406556,0.00015035921077510218,0.00010873717645096602,1.000276451552208,1.000029378614646,1.000276451552208,1.000029378614646,2.7097563148744086e-20,6.074909249340892e-21
1491,16,5.670879364013672,0.5886428450410953,1.6598213959659458,3.0735702129101243,4.581461923897602,3.4863100736183495e-05,0.00010134976887948777,1.0003458062617223,1.0000610213793537,1.0003458062617223,1.0000610213793537,0.0,5.467418324406803e-21
1492,16,5.386720180511475,0.5032447811888683,1.544163734488238,2.7292614225758163,4.396241873765423,3.0778461332611864e-05,9.429263812480019e-05,1.000565848087442,1.0001115040501625,1.000565848087442,1.0001115040501625,6.772431410673341e-21,5.597919633033457e-21
1493,17,5.316966533660889,1.1721537716691002,1.5069627382063242,2.6828050522543743,4.224898191614319,2.880737637546373e-05,8.774411194986654e-05,1.000298043625452,1.0001301580076916,1.000298043625452,1.0001301580076916,-3.3871222788133743e-21,4.699415441848774e-21
1494,17,5.051520347595215,1.0044344102946858,1.4567099054151604,2.8461106002222554,4.087019432475112,5.988667268130262e-05,8.495836802301015e-05,1.000007025871641,1.0001178447940866,1.000007025871641,1.0001178447940866,-6.776215969210792e-21,3.551852300742818e-21
1495,17,5.326961517333984,0.09449319702743371,1.3204882345763878,2.765309927416767,3.954848481969278,3.3847646286670105e-05,7.984729584937615e-05,1.0000989131159004,1.000115951626268,1.0000989131159006,1.000115951626268,0.0,3.1966670706685363e-21
1496,17,5.04449987411499,-0.5856996897043301,1.129869442148316,2.9070727771368023,3.8500709114860308,-0.00011869461970972277,5.999310429346626e-05,1.000283555552394,1.0001327120188808,1.000283555552394,1.0001327120188808,0.0,2.8770003636016828e-21
1497,16,5.315516948699951,-0.02071250582044577,1.01481124735144,2.5974112970340264,3.7248049500408302,0.00020227181524557457,7.422097538867708e-05,1.000276651131473,1.00014710593014,1.0002766511314731,1.00014710593014,0.0,2.5893003272415144e-21
1498,16,4.994091033935547,-0.21470255449061426,0.8918598671672345,2.6901212195735567,3.621336576994103,0.00018813134966631055,8.561201281644045e-05,1.0002336212574883,1.0001557574628748,1.0002336212574883,1.0001557574628748,0.0,2.330370294517363e-21
1499,16,5.276813983917236,-0.46795273011405397,0.7558786074391057,2.9583685359096155,3.5550397728856544,0.0002775947832860331,0.00010481028986339972,0.9999319334070189,1.0001333750572892,0.9999319334070189,1.0001333750572892,-5.421379877285025e-20,-3.3240466122193985e-21
1500,16,5.777127742767334,-1.5941029530001287,0.5208804513951824,3.194547908419388,3.518990586439028,0.00010236112407587076,0.00010456537328464683,1.0000800409795734,1.0001280416495175,1.0000800409795734,1.0001280416495175,-1.3551442485337647e-20,-4.346786199531224e-21
1501,16,5.199337005615234,-2.0835720161730684,0.2604352046383573,3.2379472784211214,3.4908862556372378,1.676791991212983e-05,9.578562794739514e-05,1.00006933242775,1.0001221707273409,1.00006933242775,1.0001221707273409,3.387896897900303e-21,-3.573317889788071e-21
1502,17,4.52431058883667,-2.339600536449122,0.0004316305296093448,3.3536371479672846,3.4771613448702428,-0.0002511489019217005,6.109217496048557e-05,0.9999794099330002,1.0001078946479067,0.9999794099330002,1.0001078946479067,0.0,-3.2159861008092645e-21
1503,17,5.177510738372803,-2.1953808050709127,-0.21914961303044286,2.873740760428935,3.416819286426112,-0.00017784223425148894,3.7198734039288125e-05,0.9999517279472121,1.0000922779778372,0.9999517279472121,1.0000922779778372,2.710636279191319e-20,-1.837512115370191e-22
1504,17,4.74367618560791,-1.4029311403552116,-0.33752776576291976,2.364627067171752,3.3116000645006762,8.17006861330072e-06,3.429586749668938e-05,0.9997313700472428,1.0000561871847777,0.9997313700472428,1.0000561871847777,0.0,-1.653760903833172e-22
1505,17,4.663755893707275,-1.5346888630337487,-0.45724387549000267,2.039505934243754,3.184390651474984,-3.118021989275529e-05,2.7748258757744916e-05,0.9997734083388209,1.000027909300182,0.9997734083388209,1.000027909300182,0.0,-1.4883848134498547e-22
1506,17,5.140910625457764,-0.9499494643650813,-0.5065144343775105,1.8268534268944996,3.0486369290169355,3.1910137019806476e-05,2.8164446583951073e-05,0.9996356988581744,0.9999886882559813,0.9996356988581744,0.9999886882559813,-6.778733078234935e-21,-8.118279410339805e-22
1507,17,4.9699225425720215,-0.5614560376947533,-0.5120085947092349,1.699279846169211,2.9137012207321633,6.247824927027899e-05,3.1595826852583864e-05,0.9995028144611142,0.9999401008764945,0.9995028144611142,0.9999401008764945,0.0,-7.306451469305825e-22
1508,17,4.5753254890441895,-0.1487649582010173,-0.4756842310584132,1.745971955120056,2.796928294170953,6.103992666272627e-05,3.454023683359811e-05,0.9993540497816366,0.9998814957670088,0.9993540497816364,0.9998814957670088,1.3561287072414522e-20,6.9854807500392805e-22
1509,17,4.4842400550842285,-0.09529250207710618,-0.4376450581602825,1.6824938399975389,2.6854848487536116,0.00010718562193306524,4.180477534354482e-05,0.9991489166648041,0.9998082378567883,0.9991489166648042,0.9998082378567883,0.0,6.286932675035352e-22
1510,17,4.48206901550293,-0.9179224806789366,-0.4856728004121479,1.6647730900777467,2.5834136728860253,1.2377422574320849e-05,3.8862040066622425e-05,0.999325061080534,0.9997599201791628,0.999325061080534,0.9997599201791628,0.0,5.658239407531817e-22
1511,17,4.652767181396484,-0.34936409136505525,-0.4720419295074386,1.6973104650817024,2.4948033521055932,7.47562155743324e-05,4.2451457617393426e-05,0.9991692304135728,0.9997008512026038,0.9991692304135729,0.9997008512026038,-1.356379554488401e-20,-8.471380078105376e-22
1512,17,4.643533229827881,0.3370003313048132,-0.39113770342621346,1.7706252346374391,2.4223855403587775,3.539128649217482e-05,4.174544050487157e-05,0.9992177816554493,0.9996525442478883,0.9992177816554492,0.9996525442478883,0.0,-7.624242070294838e-22
1513,17,4.344903469085693,1.33269186632271,-0.21875474645132112,1.718978071220169,2.3520447934449167,0.0001705984241505753,5.4630738869441945e-05,0.9990960709068414,0.9995968969137836,0.9990960709068415,0.9995968969137837,0.0,-6.861817863265355e-22
1514,17,4.625764846801758,1.8807620338130273,-0.008803068424886262,1.875372342271437,2.304377548327569,0.000240834014443381,7.325106642683585e-05,0.9989096192929875,0.999528169151704,0.9989096192929876,0.9995281691517042,0.0,-6.175636076938819e-22
1515,17,5.017770290374756,1.6876167363643562,0.160838912054038,2.098754755492815,2.2838152690440934,0.00022634333900104292,8.856029368425657e-05,0.9988414333269101,0.9994594955692246,0.9988414333269101,0.9994594955692248,0.0,-5.558072469244938e-22
1516,17,4.990414142608643,1.4194726760530356,0.28670228845393775,2.3200778059448464,2.2874415227341687,0.00011812688532889194,9.15169528487201e-05,0.9990150262753541,0.9994150486398375,0.999015026275354,0.9994150486398377,0.0,-5.002265222320445e-22
1517,17,5.045024394989014,1.9572458060608693,0.4537566402146309,2.606599892993036,2.3193573597600556,0.0002063224222287914,0.00010299749978672724,0.998669114064485,0.9993404551823023,0.998669114064485,0.9993404551823024,-2.714117612171133e-20,-3.164321482179973e-21
1518,17,5.002972602844238,1.477383303105016,0.5561193065036695,3.121661085054331,2.399587732289483,6.899007335139957e-05,9.959675714319448e-05,0.9985634275910081,0.9992627524231729,0.9985634275910082,0.999262752423173,0.0,-2.8478893339619758e-21
1519,17,5.083518028259277,0.7538004329968021,0.5758874191529827,3.375827044502064,2.4972116635107415,-2.136214864623829e-05,8.750086656425121e-05,0.9986495293711987,0.9992014301179755,0.9986495293711986,0.9992014301179756,0.0,-2.5631004005657783e-21
1520,17,5.008975028991699,0.29696088692395195,0.5479947659300796,3.614586972389978,2.6089491943986656,-0.00010412658653310689,6.83381212545154e-05,0.9986573320431924,0.9991470203104972,0.9986573320431923,0.9991470203104973,-1.3570748164779563e-20,-3.6638651769871564e-21
1521,17,5.114697456359863,0.08803438543360777,0.5019987278804324,3.5977315783723007,2.707827432796029,-0.0001463669501132508,4.6867614117738776e-05,0.9988409161520364,0.9991164098946511,0.9988409161520364,0.9991164098946512,0.0,-3.2974786592884407e-21
1522,17,5.232292652130127,1.4513286167394284,0.596931716766332,3.412740054920383,2.7783186950084646,-2.1562497966804108e-05,4.002460290928449e-05,0.9989722554384342,0.9991019944490294,0.998972255438434,0.9991019944490295,0.0,-2.9677307933595967e-21
1523,17,5.2132697105407715,2.7830443767086073,0.8155429827605596,3.50462801802132,2.8509496273097503,0.00014840676411991235,5.086281903034728e-05,0.9986391010763361,0.9990557051117601,0.9986391010763361,0.9990557051117601,-2.714199181959098e-20,-5.385156895982735e-21
1524,17,5.057684898376465,2.9555514620190975,1.0295438306864133,3.599872483142255,2.925841912893001,0.00017927850911148843,6.37043880384614e-05,0.9984576743416842,0.9989959020347525,0.9984576743416842,0.9989959020347525,0.0,-4.846641206384462e-21
1525,17,5.0121026039123535,1.8370107009881829,1.1102905177165903,3.7135802023682603,3.004615741840527,-9.307347915707323e-06,5.640321444304453e-05,0.9985145935248486,0.9989477711837621,0.9985145935248486,0.9989477711837621,0.0,-4.361977085746016e-21
1526,17,5.12428092956543,1.5990812099446685,1.159169586939398,3.6098662739631746,3.065140795052792,-8.884186343141503e-05,4.1878706655598574e-05,0.998622914442964,0.9989152855096822,0.998622914442964,0.9989152855096822,0.0,-3.925779377171415e-21
1527,17,5.292903423309326,2.42828179905233,1.2860808081506914,3.3300076801358958,3.091627483561102,-6.81686318207244e-05,3.0873972807966276e-05,0.9987864179047337,0.9989023987491874,0.9987864179047337,0.9989023987491874,-1.3568994244534744e-20,-4.890100863907748e-21
1528,17,4.926947116851807,3.7234540723341314,1.5298181345690354,2.9027011819355564,3.072734853398548,0.00016983780678530072,4.477035620569972e-05,0.9986149876862381,0.9988736576428925,0.9986149876862381,0.9988736576428925,0.0,-4.401090777516974e-21
1529,17,4.817140579223633,4.0041176387049475,1.7772480849826267,2.9056493549429545,3.0560263035529887,0.000183582660506881,5.8651586635817856e-05,0.998513268997525,0.9988376187783558,0.998513268997525,0.9988376187783558,0.0,-3.9609816997652766e-21
1530,17,4.913138389587402,4.21022220590102,2.0205454970744663,2.86514917596288,3.0369385907939774,0.00023846165534419184,7.663259350665526e-05,0.9983274030126803,0.9987865972017882,0.9983274030126803,0.9987865972017882,0.0,-3.564883529788749e-21
1531,17,4.8675456047058105,3.634159673655455,2.181906914732565,2.86408794656773,3.0196535263713526,0.00013063047308624958,8.20323814646147e-05,0.9984989080153532,0.9987578282831446,0.9984989080153533,0.9987578282831446,2.7145802658925724e-20,-4.938149109173015e-22
1532,17,4.7411394119262695,3.628659123724303,2.326582135631739,2.860985274851487,3.0037867012193664,0.00011748128672093356,8.557727199024658e-05,0.9985092675778613,0.9987329722126164,0.9985092675778613,0.9987329722126164,0.0,-4.444334198255714e-22
1533,17,4.602738380432129,3.5938538474392887,2.453309306812494,3.0572264159001628,3.009130672687446,2.377993376584433e-05,7.939753816780637e-05,0.9983328181088048,0.9986929568022352,0.9983328181088049,0.9986929568022352,-3.393789854004319e-21,-7.393690632434462e-22
1534,17,4.913352012634277,3.0632466370430684,2.5143030398355517,2.9668560974270406,3.0049032151614057,-0.00014698324382133194,5.6759459968892534e-05,0.9984458598431675,0.9986682471063285,0.9984458598431676,0.9986682471063285,0.0,-6.6543215691910165e-22
1535,17,4.894579887390137,3.5868309437934744,2.621555830231344,2.209586159420296,2.925371509587295,-3.872430042195448e-05,4.721108392980783e-05,0.9986520594912347,0.9986666283448192,0.9986520594912347,0.9986666283448192,0.0,-5.988889412271915e-22
1536,17,5.043562889099121,4.863559677902482,2.845756214998458,1.887857947466097,2.8216201533751755,0.00018144390910160166,6.063436644698722e-05,0.998327633085419,0.9986327288188792,0.9983276330854189,0.9986327288188792,2.715045984289453e-20,2.176045937184981e-21
1537,17,5.108628273010254,4.6899165618792535,3.0301722496865375,1.916003619532182,2.7310584999908762,8.933711429515072e-05,6.350464123180357e-05,0.9980526263274379,0.9985747185697351,0.9980526263274379,0.9985747185697351,0.0,1.958441343466483e-21
1538,17,4.318347930908203,3.1449292281256973,3.041647947530454,1.6770683601397067,2.6256594860057594,-9.727503615952071e-05,4.742667349267114e-05,0.9983143048481896,0.9985486771975807,0.9983143048481896,0.9985486771975807,1.3575411160846476e-20,3.1201383252044822e-21
1539,17,4.671700477600098,3.460827026028535,3.0835658553802623,1.162837556885792,2.479377293093763,-0.0001091255389771577,3.177145224568826e-05,0.9986094605928991,0.9985547555371126,0.9986094605928991,0.9985547555371126,0.0,2.8081244926840342e-21
1540,17,4.8872971534729,5.4801754284243405,3.32322681268467,0.9811850451260231,2.329558068296989,8.19438223338495e-05,3.6788689254504384e-05,0.9984198005394741,0.9985412600373488,0.998419800539474,0.9985412600373488,1.3573976746801294e-20,3.88470971809576e-21
1541,17,4.784046649932861,5.957784554570086,3.5866825868732115,0.9664314325259985,2.19324540471989,0.00018071660739550936,5.1181481068604884e-05,0.9982376494772962,0.9985108989813435,0.9982376494772962,0.9985108989813435,0.0,3.4962387462861845e-21
1542,17,4.720818042755127,5.23403093867648,3.7514174220535383,1.1987836489066417,2.093799229138565,9.196538671435187e-05,5.525987163317958e-05,0.9980914465895994,0.9984689537421692,0.9980914465895994,0.9984689537421692,0.0,3.1466148716575662e-21
1543,17,4.6790337562561035,5.085033257192475,3.884779005567432,1.168575884378001,2.001276894662509,6.844126483130801e-05,5.6578010952992425e-05,0.9981393077212438,0.9984359891400767,0.9981393077212438,0.9984359891400767,1.3577791247405415e-20,4.1897325092323514e-21
1544,17,4.512507915496826,5.424215617990092,4.038722666809698,1.173400070254369,1.9184892122216948,5.011201281136047e-05,5.593141113882923e-05,0.9981641282936955,0.9984088030554387,0.9981641282936955,0.9984088030554387,6.788726809505805e-21,4.449631939259697e-21
1545,17,4.620654106140137,5.483563514626135,4.183206751591342,1.189309223069432,1.8455712133064686,0.00010321009059448041,6.065927908439435e-05,0.9980501416761111,0.998372936917506,0.998050141676111,0.998372936917506,1.3579004290614987e-20,5.3625691743952266e-21
1546,17,4.515903472900391,5.033186891996251,4.268204765631833,1.2791124248706798,1.7889253344628897,0.00016288224791357678,7.08815759673126e-05,0.9978674080026486,0.9983223840260202,0.9978674080026486,0.9983223840260202,-2.7162981869897557e-20,2.1100140699659478e-21
1547,17,4.665651321411133,4.3381256362986615,4.2751968526985165,1.2274308575438522,1.732775886770986,6.327688810554949e-05,7.012110718113628e-05,0.998092419106278,0.998299387534046,0.998092419106278,0.998299387534046,0.0,1.899012662969353e-21
1548,17,4.331268787384033,4.251234098069888,4.272800577235653,1.1757874657046579,1.6770770446643533,-7.754117926579973e-07,6.303145528375686e-05,0.9982506153694948,0.9982945103175909,0.9982506153694948,0.9982945103175909,0.0,1.7091113966724176e-21
1549,17,4.656941890716553,5.4195905617964195,4.38747957569173,1.0534424363401491,1.6147135838319329,0.00015029858294932368,7.175816805031355e-05,0.9981405921496981,0.9982791185008015,0.9981405921496982,0.9982791185008015,0.0,1.538200257005176e-21
1550,17,4.668941497802734,5.605093612614378,4.5092409793839945,0.8461742398764367,1.5378596494363832,0.00032223108425497656,9.680545967077985e-05,0.9981233276893199,0.9982635394196534,0.9981233276893199,0.9982635394196534,5.431203451558732e-20,6.815583682863392e-21
1551,17,4.567450523376465,5.677074157234045,4.626024297169,1.2790060840365962,1.5119742928964044,0.00037518176591739194,0.00012464309029544107,0.997911771732062,0.9982283626508942,0.997911771732062,0.9982283626508942,5.432354859406405e-20,1.1566380173983458e-20
1552,17,4.419073581695557,4.606375845968363,4.624059452048936,1.8093641527338395,1.541713278880148,0.00016829282165073316,0.00012900806343097028,0.9981958947811294,0.9982251158639178,0.9981958947811294,0.9982251158639178,0.0,1.0409742156585112e-20
1553,17,4.848826885223389,4.89018020521791,4.650671527365834,1.992338579700269,1.5867758089621602,0.0002110079556815239,0.00013720805265602564,0.99827769924624,0.9982303742021501,0.99827769924624,0.9982303742021501,0.0,9.3687679409266e-21
1554,17,4.701231956481934,4.993957902176471,4.6850001648468975,2.1836137041780206,1.6464595984837462,0.00017926997448448746,0.0001414142448388718,0.9982089626502507,0.9982282330469602,0.9982089626502507,0.9982282330469602,0.0,8.43189114683394e-21
1555,17,5.073296070098877,5.018609313760112,4.718361079738219,2.5821167894311348,1.7400253175784852,0.00025116204556955,0.00015238902491193962,0.997916516268478,0.9981970613691119,0.9979165162684779,0.9981970613691119,0.0,7.588702032150546e-21
1556,17,5.177316188812256,4.059743298871406,4.652499301651538,2.8643930914471936,1.852462094965356,8.810144065677533e-05,0.0001459602664864232,0.9981847969734458,0.9981958349295453,0.9981847969734458,0.9981958349295453,-1.3577172480647727e-20,5.472114580870719e-21
1557,17,4.954748153686523,3.8634022294952834,4.573589594435913,3.0008937400057802,1.9673052594693987,7.98260128303153e-05,0.0001393468411208124,0.9984005949946748,0.9982163109360583,0.9984005949946748,0.9982163109360583,0.0,4.924903122783647e-21
1558,17,5.283097743988037,5.278079232146031,4.644038558206924,3.3261136884413927,2.1031861023665983,0.000205314966463195,0.00014594365365505065,0.9981516431722297,0.9982098441596754,0.9981516431722298,0.9982098441596754,-2.7155246898151596e-20,1.716888120690123e-21
1559,17,5.357962131500244,5.769479377323677,4.7565826401186,3.707804447204416,2.26364793685038,0.00024932921179163367,0.00015628220946870897,0.9979891035956252,0.9981877701032704,0.9979891035956251,0.9981877701032704,5.431933918813666e-20,6.977133227434777e-21
1560,17,5.158118724822998,5.515140429727351,4.832438419079475,3.9699018653177314,2.4342733296971155,0.00025819610536497676,0.00016647359905833575,0.9977950323687188,0.9981484963298153,0.9977950323687188,0.9981484963298153,5.432990430467764e-20,1.1712410335159063e-20
1561,17,4.950336933135986,3.9479372419870504,4.743988301370233,4.3967040357459215,2.630516400301996,4.457059239410011e-05,0.00015428329839191219,0.997881918298132,0.998121838526647,0.9978819182981321,0.998121838526647,-6.790646722601394e-21,9.862104629383017e-21
1562,17,4.843875885009766,3.9306304607739,4.662652517310599,4.454384664366065,2.812903226708403,3.203665228278132e-05,0.0001420586337809991,0.9978828214131985,0.9980979368153022,0.9978828214131985,0.9980979368153022,0.0,8.875894166444716e-21
1563,17,4.568718910217285,4.067923125104455,4.603179578089985,4.433668990774446,2.9749798031150076,7.083138798487031e-06,0.0001285610842827479,0.9979566947019176,0.9980838126039638,0.9979566947019177,0.9980838126039638,0.0,7.988304749800244e-21
1564,17,4.974025249481201,5.347981548835612,4.677659775164548,4.1836259347579885,3.0958444162793057,0.00018367224964479327,0.00013407220081895245,0.9977877344376207,0.9980542047873295,0.9977877344376207,0.9980542047873295,0.0,7.18947427482022e-21
1565,17,5.033807277679443,5.5329922625776256,4.763193023905856,4.312536943789211,3.2175136690302963,0.00014400359000314025,0.00013506533973737123,0.9976208509223717,0.9980108694008337,0.9976208509223718,0.9980108694008337,0.0,6.470526847338198e-21
1566,17,4.768564224243164,5.619345880805134,4.848808309595784,4.2033960181209045,3.3161019039393573,0.0002092273507271936,0.00014248154083635348,0.9973792607690316,0.9979477085376535,0.9973792607690316,0.9979477085376535,0.0,5.823474162604378e-21
1567,17,4.708089351654053,5.222893972165847,4.88621687585279,4.187295782085522,3.403221291753974,0.00021937880659670097,0.00015017126741238824,0.9973467687925831,0.9978876145631465,0.9973467687925831,0.9978876145631465,-2.717716160543817e-20,2.5234105858001234e-21
1568,17,4.7810187339782715,4.483875830912255,4.845982771358737,4.28863890090426,3.4917630526690027,0.00022544443023884278,0.0001576985836950337,0.9972398297176418,0.997822836078596,0.9972398297176418,0.997822836078596,0.0,2.271069527220111e-21
1569,17,4.732908725738525,4.309463981309713,4.792330892353835,4.516043961174447,3.5941911435195473,0.0002312171943201456,0.0001650504447575449,0.9970070760944835,0.9977412600801848,0.9970070760944835,0.9977412600801848,0.0,2.0439625744980998e-21
1570,17,4.737736701965332,3.3776956850132605,4.6508673716197775,4.55984782771214,3.690756811938807,6.30722525280343e-05,0.00015485262553459385,0.9972396067965603,0.9976910947518224,0.9972396067965603,0.9976910947518224,0.0,1.83956631704829e-21
1571,17,4.641304969787598,3.8684460132285405,4.572625235780653,4.619036167539078,3.7835847474988342,0.00013633628059948243,0.0001530009910410827,0.9970558538992785,0.997627570666568,0.9970558538992784,0.997627570666568,2.7185091192369386e-20,4.3741188045804e-21
1572,17,4.522458553314209,3.547629305388497,4.470125642741437,4.772897694946881,3.882516042243639,0.00019534487391295225,0.00015723537932826965,0.9968043371712356,0.9975452473170348,0.9968043371712356,0.9975452473170348,2.719195061796905e-20,6.655901985919265e-21
1573,17,4.593059539794922,2.4142505740858837,4.264538135875882,5.309122070758045,4.02517664509508,6.753500159268974e-05,0.00014826534155471167,0.9966343186863793,0.9974541544539692,0.9966343186863793,0.9974541544539692,-1.3598294682378394e-20,4.6304823190895e-21
1574,17,4.4390106201171875,1.9344370052989608,4.03152802281819,5.785917514202938,4.201250732005866,-0.00015066877460694693,0.0001183719299385458,0.9967068118591789,0.9973794201944902,0.9967068118591788,0.9973794201944901,0.0,4.16743408718055e-21
1575,17,4.835262298583984,2.071678844074683,3.8355431049438393,5.658672188795181,4.346992877684797,-0.00010451142930630005,9.608359401406121e-05,0.9968365964844722,0.9973251378234884,0.9968365964844723,0.9973251378234884,1.3595535320296513e-20,5.110244210492147e-21
1576,17,4.605345249176025,2.573613044974923,3.709350098946948,5.838385274995452,4.496132117415863,-7.231789230321112e-05,7.924344538233399e-05,0.9966485929709235,0.9972574833382319,0.9966485929709235,0.9972574833382319,1.3598099923735298e-20,5.9590297818164625e-21
1577,17,4.703093528747559,2.6956115408995753,3.607976243142211,5.891200045121928,4.6356389101864695,-2.2334868924381913e-05,6.90856139516624e-05,0.9965946461214648,0.9971911996165552,0.9965946461214648,0.9971911996165552,0.0,5.363126803634816e-21
1578,17,4.710628509521484,2.8412335817256404,3.5313019770005543,6.073366606835199,4.779411679851343,-4.728552771969951e-05,5.7448499784526206e-05,0.9965223068224373,0.9971243103371434,0.9965223068224373,0.9971243103371434,0.0,4.826814123271335e-21
1579,17,4.709993362426758,2.8699929725540025,3.465171076555899,6.068462032525934,4.9083167151188025,-4.059664987271624e-05,4.7643984818801965e-05,0.9965144131851764,0.9970633206219468,0.9965144131851764,0.9970633206219468,0.0,4.344132710944201e-21
1580,17,4.571929931640625,3.1175794731356734,3.4304119162138766,6.142813471182838,5.031766390725206,9.679668984528438e-07,4.297638302676706e-05,0.996327346830677,0.9969897232428198,0.9963273468306769,0.9969897232428198,0.0,3.9097194398497815e-21
1581,17,4.199930191040039,3.1019063850000155,3.397561363092491,6.129261727143366,5.141515924367023,-6.259412571994215e-05,3.241933215209614e-05,0.9962988981639096,0.9969206407349288,0.9962988981639097,0.9969206407349288,0.0,3.518747495864803e-21
1582,17,4.948531150817871,3.901582342171451,3.447963461000387,5.876674981861257,5.215031830116446,-4.829947869817512e-05,2.4347451067069017e-05,0.9964658021192634,0.9968751568733623,0.9964658021192634,0.9968751568733623,0.0,3.166872746278323e-21
1583,17,4.825340747833252,4.8527764999955565,3.5884447648999043,5.828878037765288,5.276416450881332,0.0001130793702976599,3.3220642990128105e-05,0.9962008294924827,0.9968077241352743,0.9962008294924826,0.9968077241352743,1.3604211876608436e-20,4.210606659311334e-21
1584,17,4.689774513244629,4.133803389466524,3.6429806273565664,5.916251144410314,5.34039992023423,0.00018677586187247985,4.8576164878363286e-05,0.9960114793469358,0.9967280996564404,0.9960114793469358,0.9967280996564404,0.0,3.789545993380201e-21
1585,17,4.81833028793335,3.0615731854704844,3.5848398831679584,6.003930817012337,5.406753009912041,5.4563656414348725e-05,4.917491403196183e-05,0.996244223245733,0.9966797120153696,0.996244223245733,0.9966797120153696,-6.801809656629722e-21,2.7304104283792093e-21
1586,17,5.362648963928223,2.730586208297666,3.4994145156809293,6.29279782532882,5.495357491453719,-1.1897408170259977e-06,4.413844854706304e-05,0.9963426800222093,0.9966460088160537,0.9963426800222093,0.9966460088160537,-2.125355473167674e-22,2.4361158308096118e-21
1587,17,5.319937229156494,2.682086765963793,3.4176817407092157,6.373718367258606,5.583193579034208,-1.6265699883489865e-05,3.809803370400775e-05,0.9963542336269882,0.9966168312971472,0.9963542336269882,0.9966168312971472,0.0,2.1925042477286507e-21
1588,17,5.123913288116455,2.758369191762707,3.351750485814565,6.325087615430748,5.657382982673862,6.313076078748874e-05,4.0601306412355856e-05,0.9963896460001321,0.9965941127674457,0.9963896460001321,0.9965941127674457,0.0,1.9732538229557855e-21
1589,17,4.850423812866211,2.829838534199402,3.2995592906530486,6.345396348552379,5.726184319261714,0.00012048134405175258,4.858931017629553e-05,0.9964446772160754,0.9965791692123086,0.9964446772160754,0.9965791692123086,1.3600882684157274e-20,3.1360167090759345e-21
1590,17,4.60031270980835,2.9486627211923144,3.2644696337069754,6.363701485683379,5.78993603590388,0.00010362161413367526,5.40925405720335e-05,0.9964911486755818,0.9965703671586359,0.9964911486755819,0.996570367158636,0.0,2.8224150381683412e-21
1591,17,5.005151271820068,2.8839873481433878,3.2264214051506164,6.368533431891401,5.847795775502632,0.00016779652331539246,6.54629388463694e-05,0.9963652808776655,0.9965498585305389,0.9963652808776655,0.996549858530539,0.0,2.540173534351507e-21
1592,17,5.114840984344482,1.0804962989943263,3.0118288945349874,6.304645135523001,5.89348071150467,6.266775402433712e-05,6.518342036416618e-05,0.9965173626562867,0.9965466089431136,0.9965173626562868,0.9965466089431139,0.0,2.2861561809163564e-21
1593,17,4.96376371383667,0.4223731693346713,2.752883322014956,6.241139396047863,5.928246579958989,-6.486981568048302e-06,5.801638017094473e-05,0.9966977500913505,0.9965617230579374,0.9966977500913505,0.9965617230579376,8.498393291011915e-22,2.14252449573484e-21
1594,17,5.143426418304443,0.5808185304460102,2.5356768428580616,6.006698524139243,5.936091774377014,7.947194379630089e-05,6.016193653348035e-05,0.9968501180377134,0.996590562555915,0.9968501180377134,0.9965905625559152,0.0,1.928272046161356e-21
1595,17,5.243161201477051,0.5943118423611919,2.3415403428083748,6.004291274854931,5.942911724424806,0.00016570286951813032,7.071602983194534e-05,0.9967962415911447,0.996611130459438,0.9967962415911447,0.9966111304594382,0.0,1.7354448415452206e-21
1596,17,5.5596232414245605,-0.28139020769969025,2.079247287757568,6.139856835310553,5.96260623551338,0.0001402369611168485,7.766812296043566e-05,0.9967787864794466,0.9966278960614389,0.9967787864794467,0.996627896061439,0.0,1.5619003573906985e-21
1597,17,5.327741622924805,-1.5793495081814408,1.7133876081636672,6.23609464525284,5.989955076487327,-9.355406502276155e-06,6.896577001416448e-05,0.9970085257932894,0.996665959034624,0.9970085257932894,0.9966659590346241,0.0,1.4057103216516286e-21
1598,17,5.453803062438965,-1.808794409878746,1.3611694063594257,6.007846775698128,5.991744246408407,4.846831730947058e-05,6.691602474369508e-05,0.9971982543280523,0.9967191885639668,0.9971982543280524,0.9967191885639669,6.795302286806037e-21,1.9446695181670696e-21
1599,17,5.272261619567871,-1.468293302321382,1.078223135491345,6.073484271504918,5.999918248918059,5.3183544711960524e-05,6.554277674052162e-05,0.9973062540474245,0.9967778951123125,0.9973062540474245,0.9967778951123126,0.0,1.7502025663503628e-21
1600,17,4.849379539489746,-1.0977982692514259,0.8606209950170678,5.875795899912251,5.9875060140174785,0.00025852921977138454,8.484142104360792e-05,0.9973444461726108,0.9968345502183424,0.9973444461726108,0.9968345502183424,5.435444979145455e-20,7.010627288860782e-21
1601,17,5.7162251472473145,-1.9070556751385823,0.5838533280015028,6.366045862235279,6.025359998839258,3.142733699038292e-05,7.950001263828543e-05,0.9974267084233533,0.9968937660388436,0.9974267084233533,0.9968937660388436,0.0,6.3095645599747044e-21
1602,17,5.689846992492676,-2.1164759507518256,0.31382040012616996,6.307229738201647,6.053546972775497,2.1513630596741307e-05,7.370137443413103e-05,0.9976290010191539,0.9969672895368746,0.9976290010191539,0.9969672895368746,-3.396184138147515e-21,5.338989690162483e-21
1603,16,5.7095723152160645,-1.5007488737561507,0.13236347273793792,5.854307271921362,6.033623002690084,0.0003465661891799778,0.0001009878559087157,0.9977857386616729,0.9970491344493545,0.9977857386616727,0.9970491344493545,0.0,4.805090721146235e-21
1604,16,5.395627975463867,-1.7085268030356882,-0.05172555483942469,5.936800350314064,6.023940737452482,0.00042911907457459796,0.00013380097777530392,0.997844974041682,0.9971287184085872,0.997844974041682,0.9971287184085872,0.0,4.324581649031612e-21
1605,16,5.610030174255371,-2.0467716925305277,-0.25123016860853503,6.269857073259206,6.048532371033154,0.0003883876667277861,0.00015925964667055215,0.9978765940713372,0.9972035059748622,0.9978765940713372,0.9972035059748622,0.0,3.892123484128451e-21
1606,16,5.583137512207031,-2.42919477665265,-0.46902662941294654,6.322025951901728,6.075881729120012,0.00032026868341353807,0.00017536055034485075,0.9979929610739466,0.9972824514847707,0.9979929610739466,0.9972824514847707,5.431912923107131e-20,8.934824058822739e-21
1607,16,5.59044075012207,-2.841635340301429,-0.7062875005017948,6.306077608702444,6.098901317078256,0.00030582793182364483,0.00018840728849273017,0.9980366926819345,0.9973578756044872,0.9980366926819345,0.9973578756044872,0.0,8.041341652940464e-21
1608,16,5.5545830726623535,-2.9086620252897872,-0.9265249529805941,6.278488687838188,6.11686005415425,0.0003035106214201105,0.0001999176217854682,0.998062043407629,0.9974282923848015,0.998062043407629,0.9974282923848015,0.0,7.237207487646418e-21
1609,16,5.9583516120910645,-3.7875143678862235,-1.2126238944711571,6.176114608939735,6.1227855096327986,0.0003290297299478278,0.0002128288326017042,0.9981844375690518,0.9975039069032265,0.9981844375690518,0.9975039069032265,5.430870947687471e-20,1.1944357686569248e-20
1610,16,6.099547863006592,-5.945674006219154,-1.685928905645957,6.572163806243785,6.1677233392938975,0.0001540720026694643,0.0002069531496084802,0.9983696491587044,0.9975904811287744,0.9983696491587045,0.9975904811287744,2.714931722431487e-20,1.346485364034381e-20
1611,16,5.730741500854492,-6.318426907983614,-2.1491787058797227,6.579556697153885,6.208906675079896,0.00015200442683346516,0.0002014582773309787,0.9986133579942116,0.9976927688153181,0.9986133579942116,0.9976927688153181,-2.714269150833322e-20,9.404099125476109e-21
1612,16,5.92225456237793,-5.821879077859447,-2.5164487430776954,6.410026831380987,6.229018690710005,0.00017457538705935367,0.0001987699883038162,0.9987773947100104,0.9978012314047873,0.9987773947100104,0.9978012314047873,0.0,8.463689212928498e-21
1613,16,6.157106876373291,-5.711496630581666,-2.8359535318280926,6.416394655032308,6.247756287142235,0.00027068741815518884,0.00020596173128895347,0.9986126375231604,0.9978823720166247,0.9986126375231605,0.9978823720166247,5.428542218204999e-20,1.3045862509840647e-20
1614,16,6.1966986656188965,-6.721081122982348,-3.224466290943518,6.3665802204718585,6.259638680475198,0.00014704407455097697,0.00020006996561515583,0.9989235534960041,0.9979864901645626,0.9989235534960043,0.9979864901645626,0.0,1.1741276258856582e-20
1615,16,6.16828727722168,-7.187165689733882,-3.6207362308225544,6.304379973440406,6.264112809771719,0.00011447699561628227,0.00019151066861526847,0.999055002411036,0.9980933413892099,0.9990550024110361,0.9980933413892099,-1.356534637568729e-20,9.210613995402195e-21
1616,16,6.247852325439453,-6.9725559827502765,-3.955918206015327,6.235734906314097,6.261275019425957,0.00015719692777882844,0.00018807929453162447,0.9990518888906345,0.9981891961393523,0.9990518888906345,0.9981891961393523,0.0,8.289552595861975e-21
1617,16,6.070633411407471,-7.764539850118138,-4.3367803704256085,6.190021493174798,6.254149666800842,0.00014451358091831346,0.00018372272317029338,0.9991105196176286,0.99828132848718,0.9991105196176286,0.99828132848718,2.712918519015397e-20,1.0173515855291174e-20
1618,16,5.989186763763428,-7.971462829770826,-4.70024861636013,5.889867228847881,6.217721423005546,0.0001772264035143886,0.0001830730912047029,0.9992585924805953,0.9983790548865216,0.9992585924805953,0.9983790548865216,0.0,9.156164269762058e-21
1619,16,6.444886684417725,-7.597338549410036,-4.9899576096651215,5.719797448322695,6.167929025537261,0.00017268454542005161,0.00018203423662623778,0.9993934241849342,0.9984804918163629,0.9993934241849342,0.9984804918163629,0.0,8.240547842785852e-21
1620,16,6.021056652069092,-6.81749297877239,-5.172711146575849,5.452143418144179,6.096350464797953,0.0003208830644964766,0.00019591911941326166,0.9993514301526929,0.9985675856499959,0.9993514301526929,0.9985675856499959,0.0,7.416493058507268e-21
1621,16,5.853357791900635,-6.953271029076636,-5.350767134825928,5.27452270450048,6.0141676887682065,0.00042746829968766723,0.00021907403744070221,0.9994191989591814,0.9986527469809146,0.9994191989591814,0.9986527469809146,0.0,6.674843752656541e-21
1622,16,6.0948686599731445,-7.667587698624666,-5.582449191205802,5.618180612615101,5.974568981152896,0.0003865423032449131,0.0002358208640211233,0.9994547978409711,0.9987329520669201,0.9994547978409711,0.9987329520669201,0.0,6.007359377390887e-21
1623,16,6.000350475311279,-8.02019312473071,-5.826223584558293,5.8136854188961635,5.958480624927223,0.00032568888610518313,0.0002448076662295293,0.9996734950729889,0.9988270063675271,0.9996734950729889,0.9988270063675271,-5.422781427281634e-20,-1.6157987629835722e-23
1624,16,6.261635780334473,-7.498203304726087,-5.993421556575073,6.076979917017213,5.970330554136222,0.00035026116763404357,0.0002553530163699808,0.9996074249744911,0.9989050482282236,0.999607424974491,0.9989050482282236,0.0,-1.454218886685215e-23
1625,16,6.212952136993408,-7.733302631812178,-6.167409664098783,6.249305847263267,5.998228083448927,0.0002835689732865746,0.00025817461206164015,0.9996343539557072,0.9989779788009719,0.9996343539557072,0.9989779788009719,0.0,-1.3087969980166936e-23
1626,16,6.0717926025390625,-7.733024934681696,-6.323971191157074,6.244058985303762,6.022811173634411,0.00035265377391569973,0.0002676225282470461,0.9996777391571082,0.9990479548365856,0.9996777391571082,0.9990479548365856,-5.422758405121956e-20,-5.4345375781041056e-21
1627,16,5.944462299346924,-7.743292998741501,-6.465903371915517,6.320766279641982,6.052606684235168,0.00033513958804797206,0.0002743742342271387,0.9996684960703643,0.9991100089599636,0.9996684960703643,0.9991100089599636,0.0,-4.891083820293695e-21
1628,16,6.050837516784668,-7.840752241611604,-6.603388258885126,6.407452197140712,6.088091235525722,0.0003334067863683795,0.00028027748944126275,0.9996133977024613,0.9991603478342134,0.9996133977024612,0.9991603478342134,-5.423107448226807e-20,-9.825082886491132e-21
1629,16,6.112240791320801,-8.348566581660519,-6.777906091162665,6.675322112812278,6.146814323254378,0.0002012561133480331,0.0002723753518319398,0.9994663198279368,0.9991909450335856,0.9994663198279368,0.9991909450335856,0.0,-8.84257459784202e-21
1630,16,6.133265495300293,-8.712359726731423,-6.9713514547195405,6.545936013964141,6.186726492325354,0.00015452265456729512,0.00026059008210547536,0.9995857834761537,0.9992304288778424,0.9995857834761537,0.9992304288778424,0.0,-7.958317138057817e-21
1631,16,5.880497455596924,-7.960765562387754,-7.070292865486362,6.078666469017918,6.175920489994611,0.0002129356253956232,0.00025582463643449016,0.999717384092216,0.9992791243992798,0.999717384092216,0.9992791243992798,2.7112716797207743e-20,-4.4512137445312606e-21
1632,16,5.949081897735596,-6.929321896706722,-7.056195768608398,6.01861312864534,6.160189753859684,0.0003186254885367934,0.00026210472164472047,0.9995619459228828,0.9993074065516402,0.9995619459228828,0.9993074065516402,0.0,-4.006092370078134e-21
1633,16,5.8623833656311035,-6.768102749484177,-7.027386466695976,5.997955112796847,6.143966289753401,0.000328002494818001,0.00026869449896204853,0.9995658436762414,0.9993332502641002,0.9995658436762412,0.9993332502641002,0.0,-3.605483133070321e-21
1634,16,5.841920852661133,-6.735984137005101,-6.998246233726889,6.023314188466543,6.131901079624716,0.000328255457847967,0.0002746505948506404,0.9995533054939951,0.9993552557870897,0.9995533054939951,0.9993552557870897,0.0,-3.244934819763289e-21
1635,16,5.827038764953613,-6.627578802196971,-6.9611794905738975,6.0454997464960405,6.123260946311849,0.00035237413048460736,0.00028242294841403714,0.9994930057286238,0.9993690307812431,0.9994930057286238,0.9993690307812431,0.0,-2.92044133778696e-21
1636,16,5.770320415496826,-6.497380380431393,-6.914799579559648,6.161374398944105,6.127072291575074,0.00034385707047300486,0.0002885663606199339,0.9993735698027567,0.9993694846833945,0.9993735698027568,0.9993694846833945,5.424408875949611e-20,2.796011671941347e-21
1637,16,5.440767288208008,-6.673205119839611,-6.890640133587644,6.34815692673985,6.149180755091551,0.00022887535333857915,0.0002825972598917984,0.9993351201780045,0.9993660482328555,0.9993351201780044,0.9993660482328555,0.0,2.5164105047472123e-21
1638,16,5.589562892913818,-6.820705785891769,-6.883646698818057,6.435127286414467,6.177775408223844,0.0001559590339601461,0.00026993343729863316,0.99916726135903,0.999346169545473,0.9991672613590299,0.999346169545473,0.0,2.264769454272491e-21
1639,16,5.795873641967773,-6.900257229657975,-6.885307751902049,6.4221897611704035,6.2022168435184994,0.00014438631924648044,0.0002573787254934179,0.9991320869321835,0.999324761284144,0.9991320869321835,0.999324761284144,2.7128599578223114e-20,4.751152466667554e-21
1640,16,6.005352020263672,-7.073316952139278,-6.904108671925773,6.431956272864708,6.225190786453121,0.00013648516763803281,0.00024528936970787937,0.9991226869822314,0.9993045538539528,0.9991226869822314,0.9993045538539528,2.712885480961924e-20,6.988922700962722e-21
1641,16,6.03986120223999,-7.110033794595054,-6.924701184192701,6.457584192674121,6.2484301270752205,0.00013809757846417178,0.0002345701905835086,0.9990893045968696,0.9992830289282445,0.9990893045968697,0.9992830289282445,0.0,6.29003043086645e-21
1642,16,5.959478855133057,-7.03032886791644,-6.935263952565075,6.572442347771503,6.280831349144849,0.000106407056979303,0.00022175387722308805,0.9989939306740422,0.9992541191028244,0.9989939306740421,0.9992541191028244,0.0,5.661027387779805e-21
1643,16,5.95059871673584,-6.996794208231366,-6.941416978131705,6.547687604870798,6.307516974717444,0.00012624759409249928,0.00021220324891002917,0.9989915065495153,0.9992278578474936,0.9989915065495153,0.9992278578474936,2.713241717715659e-20,7.808166366717483e-21
1644,16,5.7257819175720215,-7.0608359847324405,-6.953358878791779,6.579593516624363,6.334724628908136,0.0001398024331980945,0.0002049631673388357,0.9989546307971816,0.9992005351424624,0.9989546307971816,0.9992005351424624,0.0,7.027349730045735e-21
1645,16,5.678905963897705,-7.07881851116455,-6.965904842029056,6.745794848182862,6.375831650835609,0.0001527645389841943,0.00019974330450337158,0.9989697919824662,0.9991774608264627,0.9989697919824663,0.9991774608264627,0.0,6.324614757041162e-21
1646,16,6.205501556396484,-7.039275978637466,-6.973241955689897,6.832709018357006,6.421519387587749,0.0002076433149019956,0.000200533305543234,0.9991089624479871,0.9991706109886151,0.9991089624479871,0.9991706109886151,0.0,5.692153281337046e-21
1647,16,6.312987327575684,-6.465146670209299,-6.922432427141837,7.03437109478807,6.482804558307782,0.00021355369254744063,0.00020183534424365467,0.9991584605005717,0.9991693959398109,0.9991584605005716,0.9991693959398109,-2.712788349763676e-20,2.4101496034396652e-21
1648,16,6.00033712387085,-5.851144126394203,-6.815303597067074,7.137083613348495,6.548232463811853,0.0003047711559817667,0.00021212892541746587,0.9991610355530613,0.999168559901136,0.9991610355530612,0.999168559901136,5.425562716651429e-20,7.594697359747129e-21
1649,16,5.529531955718994,-5.399531184741771,-6.673726355834543,7.316596080202963,6.625068825450965,0.00034122222617385603,0.00022503825549310489,0.9990878859844409,0.9991604925094665,0.9990878859844409,0.9991604925094665,0.0,6.835227623772416e-21
1650,16,5.740550518035889,-5.8295660632439095,-6.58931032657548,7.603875666091135,6.722949509514983,0.0002950288880704219,0.00023203731875083659,0.9990030355379543,0.9991447468123152,0.9990030355379543,0.9991447468123152,0.0,6.151704861395175e-21
1651,16,5.831272602081299,-7.22880932312441,-6.653260226230373,7.981089530159493,6.848763511579435,0.00012937633190494437,0.00022177122006624734,0.9990264735448434,0.999132919485568,0.9990264735448434,0.999132919485568,0.0,5.5365343752556575e-21
1652,16,5.941339015960693,-7.406793066427463,-6.7286135102500815,8.03219037449504,6.967106197870995,1.817803184821682e-05,0.00020141190124444428,0.9991276533812176,0.999132392875133,0.9991276533812176,0.999132392875133,-3.3910899949082464e-21,4.643771938239267e-21
1653,16,5.957712650299072,-6.131023748726971,-6.66885453409777,7.710640708888403,7.041459648972737,6.406210045679422e-05,0.00018767692116567928,0.9991386985937695,0.9991330234469966,0.9991386985937695,0.9991330234469966,0.0,4.179394744415341e-21
1654,16,6.061254501342773,-5.451165459788517,-6.547085626666845,7.360743656870466,7.073388049762509,0.00022653333453898393,0.00019156256250300974,0.9989786642916729,0.9991175875314643,0.9989786642916729,0.9991175875314643,2.7132765974893453e-20,6.474731867463153e-21
1655,16,6.039659023284912,-5.933590967706145,-6.485736160770775,7.418420789442393,7.107891323730497,0.00019581503081249254,0.00019198780933395802,0.9988364355076154,0.9990894723290794,0.9988364355076154,0.9990894723290794,-2.713662953070253e-20,3.1135957276465843e-21
1656,16,5.66983699798584,-6.19529277331433,-6.456691822025131,7.385461583284708,7.135648349685918,0.00010370975484550249,0.00018316000388511248,0.9988769295814238,0.9990682180543139,0.9988769295814238,0.9990682180543139,0.0,2.802236154881926e-21
1657,16,5.9059672355651855,-6.1402887377004225,-6.42505151359266,7.228929332122688,7.144976447929595,8.414305008562495e-05,0.00017325830850516374,0.9989954651652873,0.9990609427654112,0.9989954651652871,0.9990609427654111,1.3566154831169825e-20,3.8786280225107156e-21
1658,16,5.806227684020996,-5.399460179062594,-6.3224923801396535,7.1675049606008265,7.147229299196719,0.0001846758181830527,0.00017440005947295264,0.9988494730618336,0.9990397957950535,0.9988494730618336,0.9990397957950534,2.713627532790386e-20,6.20439275305003e-21
1659,16,5.77756404876709,-5.517925354698592,-6.242035677595548,7.156874998671673,7.148193869144214,0.00019736155118344698,0.0001766962086440021,0.9988242968361155,0.9990182458991597,0.9988242968361156,0.9990182458991597,0.0,5.583953477745027e-21
1660,16,5.978618621826172,-6.335250591509399,-6.251357168986933,7.242364981275238,7.157610980357316,7.232691943298225e-05,0.00016625927972290012,0.9987929256044831,0.9989957138696921,0.9987929256044831,0.9989957138696921,-1.3568905834877267e-20,3.668667546482798e-21
1661,16,5.976089954376221,-6.637797736675914,-6.290001225755831,7.244588917323994,7.166308774053984,2.2194088971700668e-05,0.00015185276064778018,0.9988820074462241,0.9989843432273454,0.9988820074462241,0.9989843432273454,-3.391923934719192e-21,2.962608398362599e-21
1662,16,5.848668098449707,-6.483353396351232,-6.309336442815371,7.121506286637052,7.161828525312291,4.72709993686406e-05,0.00014139458451986622,0.9988461522698051,0.9989705241315915,0.9988461522698051,0.9989705241315915,0.0,2.666347558526339e-21
1663,16,5.812645435333252,-6.077143471352484,-6.286117145669082,6.999501430060007,7.145595815787063,5.718990307552506e-05,0.0001329741163754321,0.998907737321346,0.998964245450567,0.998907737321346,0.998964245450567,6.783673131019603e-21,3.0780801157756658e-21
1664,16,5.719951629638672,-4.929702893293182,-6.150475720431492,6.484967584197016,7.079532992628058,0.00027021325028515555,0.00014669802976640447,0.998864338716832,0.9989542547771935,0.9988643387168321,0.9989542547771935,0.0,2.770272104198099e-21
1665,16,5.745730876922607,-4.816762817303638,-6.017104430118707,6.498132918222802,7.021392985187533,0.0002816896800192039,0.0001601971947916844,0.9988278380833994,0.998941613107814,0.9988278380833995,0.998941613107814,0.0,2.4932448937782893e-21
1666,16,5.821836471557617,-4.912805141846138,-5.90667450129145,6.534067923037989,6.972660478972578,0.0002525736612570394,0.0001694348414382199,0.9987653380005188,0.9989239855970845,0.9987653380005188,0.9989239855970845,0.0,2.2439204044004605e-21
1667,16,5.924768447875977,-5.788245472602023,-5.894831598422508,6.629033780444338,6.938297809119755,0.0001542564513747386,0.00016791700243187177,0.9987257065413611,0.9989041576915122,0.9987257065413611,0.9989041576915122,-2.713963817553452e-20,-6.944354535930377e-22
1668,16,5.679409027099609,-5.760560635621724,-5.88140450214243,6.456166179835726,6.890084646191353,0.00011422182228429589,0.0001625474844171142,0.9987021049959636,0.9988839524219573,0.9987021049959636,0.9988839524219573,1.3570139772683847e-20,7.320220690346508e-22
1669,16,5.600955486297607,-5.793354971458629,-5.8725995490740495,6.399139442539229,6.84099012582614,7.706518143495841e-05,0.00015399925411889863,0.9987025220520286,0.9988658093849644,0.9987025220520287,0.9988658093849644,-1.3570134105822123e-20,-6.981935484510266e-22
1670,16,5.630350112915039,-5.470546440569354,-5.832394238223579,6.1161996395238045,6.768511077195907,0.0001551566919327272,0.00015411499790028149,0.9987465250324181,0.9988538809497097,0.9987465250324181,0.9988538809497097,0.0,-6.28374193605924e-22
1671,16,5.559353351593018,-5.424478198673826,-5.791602634268605,6.149565947478963,6.706616564224213,0.00014576041740553035,0.0001532795398508064,0.9987025569873936,0.9988387485534782,0.9987025569873935,0.9988387485534782,2.7140267262257297e-20,2.1484899519803983e-21
1672,16,5.992641448974609,-5.746582914149176,-5.787100662256662,5.985077279246195,6.634462635726411,0.0001845287196150163,0.0001564044578272274,0.9985559289831806,0.9988104665964485,0.9985559289831806,0.9988104665964485,0.0,1.9336409567823585e-21
1673,16,5.965320110321045,-6.570062822907863,-5.865396878321782,5.8300444445594275,6.554020816609714,0.00011172281236781135,0.00015193629328128582,0.9985977276046597,0.9987891926972696,0.9985977276046597,0.9987891926972696,-1.3571558177462816e-20,3.831210433578411e-22
1674,16,5.7545084953308105,-6.557000998636198,-5.934557290353224,5.793034669270885,6.477922201875831,0.00010881163326195068,0.0001476238272793523,0.9985905619962286,0.9987693296271656,0.9985905619962288,0.9987693296271656,0.0,3.44808939022057e-22
1675,16,5.5667195320129395,-6.490370937886527,-5.990138655106554,5.729734082780941,6.4031033899663425,0.00012825584303062385,0.00014568702885447946,0.9985781853378257,0.9987502151982317,0.9985781853378257,0.9987502151982317,0.0,3.1032804511985134e-22
1676,16,5.738626480102539,-6.664138553316743,-6.057538644927573,5.757596422082458,6.338552693177954,0.00013858694233156684,0.00014497702020218822,0.9985468006775949,0.9987298737461681,0.9985468006775949,0.9987298737461681,0.0,2.7929524060786623e-22
1677,16,5.873936176300049,-6.715169873144035,-6.1233017677492185,6.077425472570713,6.3124399711172305,0.00011816889277865314,0.00014229620745983472,0.998556144710992,0.9987125008426505,0.998556144710992,0.9987125008426505,0.0,2.513657165470796e-22
1678,16,6.000453472137451,-6.542781125399767,-6.165249703514274,6.275443744395697,6.3087403484450775,0.00014367077521131562,0.00014243366423498282,0.9986174919836851,0.998702999956754,0.9986174919836851,0.998702999956754,0.0,2.2622914489237165e-22
1679,16,6.3326287269592285,-5.800147704667445,-6.128739503629592,6.31368706769382,6.309235020369952,0.0002517201706193223,0.00015336231487341677,0.9986941434243135,0.99870211430351,0.9986941434243136,0.99870211430351,5.42809918143708e-20,5.631705411840214e-21
1680,16,6.217328071594238,-5.413069144435289,-6.057172467710161,6.5279484906463665,6.331106367397593,0.00030769894549937543,0.00016879597793601262,0.9985796576333059,0.9986898686364896,0.9985796576333059,0.9986898686364896,-5.428721505578879e-20,-3.601866349226867e-22
1681,16,6.048855781555176,-5.4813192204153225,-5.999587142980677,6.915823924054719,6.389578123063306,0.00021843755651595326,0.00017376013579400667,0.9985514575237752,0.9986760275252181,0.998551457523775,0.9986760275252181,0.0,-3.2416797143041804e-22
1682,16,6.004483222961426,-5.471658513369746,-5.946794280019584,7.047608607453602,6.455381171502337,0.00025297795125370367,0.00018168191733997638,0.9985668037395807,0.9986651051466544,0.9985668037395807,0.9986651051466544,0.0,-2.9175117428737625e-22
1683,16,6.111438274383545,-6.08740589723221,-5.960855441740847,7.592402425832305,6.569083296935334,0.00019256411052454472,0.00018277013665843323,0.9984469020356446,0.9986432848355534,0.9984469020356446,0.9986432848355534,0.0,-2.625760568586386e-22
1684,16,6.0211710929870605,-7.095015246543985,-6.074271422221161,7.953348583071577,6.707509825548959,0.0001065219443534532,0.00017514531742793523,0.9985550292632027,0.9986344592783184,0.9985550292632026,0.9986344592783184,1.3572138499035673e-20,1.1208953987307925e-21
1685,16,5.9070916175842285,-7.073897569363681,-6.174234036935412,8.108681620300478,6.847627005024111,5.036778751232116e-05,0.00016266756443637385,0.9985587490310339,0.99862688825359,0.998558749031034,0.99862688825359,6.786043970482306e-21,1.687410255905944e-21
1686,16,6.078456878662109,-6.445178713799505,-6.201328504621822,8.169509682057814,6.979815272727482,7.294316898506721e-05,0.0001536951248912432,0.9985085995268577,0.9986150593809169,0.9985085995268576,0.9986150593809168,0.0,1.5186692303153496e-21
1687,16,6.184804916381836,-5.305065710124228,-6.1117022251720625,8.11068781053502,7.092902526508237,0.00015112725825417752,0.00015343833822753663,0.9984214972698783,0.998595703169813,0.9984214972698783,0.9985957031698129,2.714790735801934e-20,4.081593043085749e-21
1688,16,5.937614917755127,-5.280205282100168,-6.028552530864873,8.140051099882413,7.197617383845655,0.00020931799217605558,0.00015902630362238853,0.9983126210811175,0.9985673949609435,0.9983126210811174,0.9985673949609435,0.0,3.6734337387771746e-21
1689,16,6.221424102783203,-6.116222989844855,-6.037319576762872,8.11547484104734,7.289403129565824,0.00018278576484882477,0.00016140224974503216,0.9983749612857854,0.9985481515934277,0.9983749612857854,0.9985481515934277,0.0,3.306090364899457e-21
1690,16,6.107831954956055,-6.165336254190736,-6.050121244505658,8.149617657863178,7.37542458239556,0.00016396306523370187,0.00016165833129389912,0.9983781731440989,0.9985311537484948,0.9983781731440989,0.9985311537484948,-2.714908542799789e-20,2.605727856097221e-22
1691,16,5.822444915771484,-6.026180046870746,-6.047727124742167,8.207033110981405,7.458585435254145,5.896474577555321e-05,0.00015138897274206452,0.998420118384869,0.9985200502121323,0.9984201183848689,0.9985200502121323,0.0,2.3451550704874994e-22
1692,16,6.091681957244873,-5.002604476391957,-5.943214859907147,8.127489484750859,7.525475840203817,0.00015732503509312954,0.00015198257897717103,0.9982786797186707,0.9984959131627862,0.9982786797186707,0.9984959131627862,0.0,2.1106395634387495e-22
1693,16,5.753698825836182,-4.5190596323836685,-5.8007993371548,8.04927266732292,7.577855522915728,0.0002151572570077996,0.00015830004678023387,0.9982227606705767,0.9984685979135652,0.9982227606705767,0.9984685979135652,2.7153312246586355e-20,2.905288785368123e-21
1694,16,5.728273868560791,-4.528402630986922,-5.673559666538012,8.059665280745493,7.626036498698705,0.00021022102349138504,0.000163492144451349,0.9982214599800536,0.9984438841202141,0.9982214599800536,0.9984438841202141,0.0,2.614759906831311e-21
1695,16,5.7064337730407715,-4.718657836424594,-5.57806948352667,8.172150447740457,7.68064789360288,0.00014325605591200267,0.00016146853559741438,0.9981792192567713,0.9984174176338699,0.9981792192567714,0.9984174176338699,0.0,2.35328391614818e-21
1696,16,5.485653400421143,-4.770794826566234,-5.497342017830627,8.161797860207212,7.728762890263313,0.00010353411693894896,0.00015567509373156784,0.9982620094179689,0.9984018768122798,0.9982620094179689,0.9984018768122798,1.357612232881679e-20,3.475567757415041e-21
1697,16,5.753903388977051,-4.118757590225655,-5.359483575070131,8.118612309899062,7.767747832226888,0.00015374841989650626,0.0001554824263480617,0.9982717666533888,0.9983888657963907,0.9982717666533888,0.9983888657963907,2.71519792681353e-20,5.843208908487067e-21
1698,16,5.947622776031494,-3.8741262665616936,-5.210947844219287,8.192947138044616,7.810267762808661,0.00016848551830313848,0.00015678273554356936,0.9982685922278222,0.998376838439534,0.9982685922278222,0.998376838439534,-2.715206560956469e-20,2.5436814566818908e-21
1699,16,5.924198150634766,-3.8251723946812124,-5.072370299265479,8.172335178355535,7.846474504363349,0.0001913103701513973,0.00016023549900435216,0.9982339167009487,0.9983625462656754,0.9982339167009487,0.9983625462656754,-2.7153008787476165e-20,-4.2598756773391505e-22
1700,16,5.483500003814697,-4.187302672703575,-4.98386353660929,8.19324165755975,7.881151219682989,0.00015063549507312901,0.00015927549861122984,0.9982190580859481,0.9983481974477028,0.9982190580859481,0.9983481974477028,0.0,-3.8338881096052354e-22
1701,16,5.7032060623168945,-3.8916096601796983,-4.874638148966331,8.141765183937405,7.907212616108431,0.00015118225146656483,0.00015846617389676335,0.9982532229963936,0.9983387000025719,0.9982532229963936,0.9983387000025719,0.0,-3.450499298644712e-22
1702,16,5.693553924560547,-3.869954559433836,-4.774169790013081,8.072960343953365,7.923787388892925,0.00017926693167672058,0.00016054624967475908,0.9982514341797862,0.9983299734202934,0.9982514341797862,0.9983299734202934,-2.7152532302053234e-20,-3.0257981670833475e-21
1703,16,6.131786346435547,-4.814691710306253,-4.778221982042398,8.390665255602954,7.970475175563928,0.000145110276447198,0.00015900265235200298,0.998108841138455,0.9983078601921096,0.998108841138455,0.9983078601921096,0.0,-2.7232183503750127e-21
1704,16,5.896633625030518,-5.642503408769112,-4.8646501247150695,8.577919784478244,8.03121963645536,5.4175460425716015e-05,0.0001485199331593743,0.9981835414706387,0.9982954283199625,0.9981835414706387,0.9982954283199625,0.0,-2.4508965153375117e-21
1705,16,5.813755035400391,-5.3718073655073475,-4.9153658487942975,8.510561885498172,8.079153861359641,8.842555656993868e-05,0.00014251049550043074,0.9982113349036468,0.998287018978331,0.9982113349036468,0.998287018978331,1.3576811524963274e-20,-8.481257113074331e-22
1706,16,5.948276519775391,-4.966307558714857,-4.920460019786354,8.557558637690297,8.126994338992708,0.00012280978847854822,0.00014054042479824251,0.9981166086687528,0.9982699779473733,0.9981166086687528,0.9982699779473733,0.0,-7.633131401766899e-22
1707,16,6.5115437507629395,-5.330026826862226,-4.961416700493942,8.55085226231819,8.169380131325255,0.00016004286622800976,0.00014249066894121926,0.9979891929445114,0.9982418994470871,0.9979891929445114,0.9982418994470871,0.0,-6.869818261590209e-22
1708,16,6.197873592376709,-6.696606695149244,-5.134935699959472,8.43757111516291,8.19619922970902,7.000025646274086e-05,0.00013524162769337143,0.9980091889416666,0.9982186283965451,0.9980091889416666,0.9982186283965451,0.0,-6.182836435431189e-22
1709,16,5.727776050567627,-7.257753596304281,-5.3472174895939535,8.501795395752918,8.226758846313409,2.4674335212087032e-05,0.00012418489844524298,0.9980339563371056,0.9982001611906012,0.9980339563371057,0.9982001611906012,-3.3948061260881515e-21,-8.959358917976221e-22
1710,16,5.750013828277588,-6.497266320536189,-5.462222372688178,8.505585920616547,8.254641553743722,5.172851265026639e-05,0.00011693925986574534,0.9979879643970717,0.9981789415112483,0.9979879643970717,0.9981789415112483,-6.789925149175762e-21,-1.4853348175354361e-21
1711,16,5.751392364501953,-5.96913283043939,-5.5129134184633,8.481982461816838,8.277375644551034,0.0001401431682091105,0.00011925965070008186,0.9978406207403536,0.9981451094341588,0.9978406207403537,0.9981451094341588,-2.716371106642948e-20,-4.053172442424841e-21
1712,16,6.208599090576172,-7.179294918912801,-5.67955156850825,8.516131662133738,8.301251246309304,0.00013287646804521536,0.00012062133243459521,0.9976907422902083,0.9980996727197637,0.9976907422902083,0.9980996727197637,0.0,-3.6478551981823574e-21
1713,16,6.285745143890381,-7.495491576072501,-5.861145569264675,8.531871272466141,8.324313248924987,0.00010346183386149058,0.00011890538257728475,0.9977307507328312,0.9980627805210706,0.9977307507328312,0.9980627805210706,-1.3583351165747372e-20,-4.641404794938859e-21
1714,16,6.187767505645752,-7.517156313894478,-6.026746643727656,8.548841961747087,8.346766120207198,9.589029858380156e-05,0.00011660387417793643,0.9977359381889632,0.9980300962878599,0.9977359381889632,0.9980300962878599,1.358328054281439e-20,-2.8189362611635336e-21
1715,16,5.793501853942871,-6.741742935811492,-6.0982462729360405,8.689824684556672,8.381071976642145,0.00017814842184224103,0.00012275832894436688,0.9976703324725671,0.9979941199063307,0.9976703324725672,0.9979941199063307,0.0,-2.5370426350471805e-21
1716,16,6.084107398986816,-6.666654248019511,-6.155087070444387,8.786970517841084,8.421661830762039,0.0002553677343689202,0.0001360192694868222,0.9975527406984395,0.9979499819855416,0.9975527406984395,0.9979499819855416,0.0,-2.2833383715424625e-21
1717,16,6.513035774230957,-7.898683363491463,-6.329446699749095,9.297287256062981,8.509224373292133,0.00010227044889319216,0.0001326443874274592,0.9974680975643295,0.9979017935434205,0.9974680975643295,0.9979017935434205,1.3586927931993097e-20,-6.963117411889065e-22
1718,16,6.504439353942871,-8.055867788024937,-6.502088808576679,9.310379178799975,8.589339853842917,8.445970986337746e-05,0.00012782591967105104,0.9974900999662825,0.9978606241857068,0.9974900999662826,0.9978606241857068,-1.3586628234733268e-20,-1.9853433905433428e-21
1719,16,6.189369201660156,-7.243724944623297,-6.576252422181341,9.371829183564227,8.667588786815047,0.00012900436525946186,0.00012794376422989214,0.9973942231913895,0.997813984086275,0.9973942231913894,0.997813984086275,-2.717586856018559e-20,-4.504395907507568e-21
1720,16,6.30064582824707,-6.862925286632405,-6.604919708626447,9.399648432432008,8.740794751376743,0.00018204303764376514,0.00013335369157127945,0.9972935724402746,0.997761942921675,0.9972935724402746,0.997761942921675,-2.7178611254672316e-20,-6.771817442224043e-21
1721,16,6.65894889831543,-7.305986393966717,-6.675026377160474,9.587858810310484,8.825501157270118,0.00014879833622311088,0.00013489815603646258,0.9972361100404861,0.9977093596335561,0.9972361100404861,0.9977093596335561,0.0,-6.094635698001639e-21
1722,16,6.446197509765625,-8.103149416544879,-6.817838681098915,9.621323320037504,8.905083373546857,0.00011519057779262833,0.00013292739821207917,0.9972724070581145,0.997665664376012,0.9972724070581145,0.997665664376012,0.0,-5.485172128201475e-21
1723,16,6.6920084953308105,-8.375808149581053,-6.973635627947129,9.684987014197096,8.983073737611882,9.124411628831009e-05,0.00012875907001970227,0.9972684273554554,0.9976259406739564,0.9972684273554554,0.9976259406739564,-1.358964826752536e-20,-6.295619742133863e-21
1724,16,6.650092601776123,-8.44022893159901,-7.120294958312318,9.745986904880445,9.059365054338738,7.519664804838767e-05,0.00012340282782257082,0.9972546307720093,0.9975888096837617,0.9972546307720092,0.9975888096837617,1.358983627438995e-20,-4.307074140481482e-21
1725,16,6.491931915283203,-8.280124195842156,-7.236277882065302,9.750273519093142,9.12845590081418,6.0679832950347544e-05,0.0001171305283353485,0.9972976301663252,0.9975596917320181,0.9972976301663251,0.9975596917320181,0.0,-3.876366726433334e-21
1726,16,6.629937171936035,-8.144810824535586,-7.327131176312331,9.632579093793762,9.178868220112138,0.00017460326818458382,0.00012287780232027204,0.9973174470663746,0.9975354672654537,0.9973174470663745,0.9975354672654537,0.0,-3.488730053790001e-21
1727,16,6.703451156616211,-9.403379905316287,-7.534756049212726,10.045350969078614,9.265516495008786,4.479648789806845e-05,0.00011506967087805167,0.9973067830184746,0.9975125988407558,0.9973067830184748,0.9975125988407558,-6.79456280997627e-21,-3.819313329408628e-21
1728,16,6.777095794677734,-9.997246025078523,-7.781005046799306,10.29550164049054,9.368515009556962,-2.0645653909342957e-05,0.00010149813839931222,0.9974170301629097,0.9975030419729713,0.9974170301629096,0.9975030419729712,3.396905894482083e-21,-3.0976914070195575e-21
1729,16,6.58546781539917,-9.563606056026634,-7.959265147722039,10.148451849565214,9.446508693557789,6.168414077514079e-06,9.19651659671324e-05,0.99755113851675,0.9975078516273492,0.9975511385167501,0.9975078516273491,8.491123056746204e-22,-2.70301103575014e-21
1730,16,7.051914215087891,-9.014552525312936,-8.064793885481128,9.937444119691992,9.49560223617121,0.0002277135961965356,0.00010554000899007272,0.9976065553386573,0.99751772199848,0.9976065553386573,0.9975177219984799,2.717008440560644e-20,2.8429850838551823e-22
1731,16,7.2081427574157715,-9.597853447862944,-8.21809984171931,10.148796027380282,9.560921615292118,0.00016041517178695322,0.00011102752526976077,0.9976518035038567,0.9975311301490177,0.9976518035038567,0.9975311301490175,0.0,2.5586865754696644e-22
1732,16,6.959985256195068,-10.507329323335158,-8.447022789880895,10.432621825645585,9.648091636327464,9.322886991836366e-05,0.00010924765973462105,0.9978159718386704,0.997559614317983,0.9978159718386705,0.9975596143179828,-1.3582191043801023e-20,-1.1279373125878327e-21
1733,16,6.7747063636779785,-10.422275743294906,-8.644548085222297,10.492989497653767,9.732581422460095,0.00011890591120491663,0.00011021348488165062,0.9979323773314406,0.9975968906193288,0.9979323773314407,0.9975968906193287,1.3580606726389077e-20,3.4291709130985816e-22
1734,16,7.423304557800293,-10.420193091604311,-8.822112585860499,10.717342123902606,9.831057492604346,0.00016616236251647279,0.00011580837264513284,0.9980108567862099,0.9976382872360169,0.99801085678621,0.9976382872360168,0.0,3.0862538217887235e-22
1735,16,7.147441864013672,-10.95710865423746,-9.035612192698196,10.963535087677634,9.944305252111674,0.00010560320744991366,0.00011478785612561093,0.9979999224930084,0.997674450761716,0.9979999224930084,0.9976744507617159,0.0,2.777628439609851e-22
1736,16,7.234440803527832,-11.937069694447919,-9.325757942873167,11.223801543773364,10.072254881277843,1.0900705342537484e-05,0.00010439914104730359,0.9981546817401946,0.9977224738595638,0.9981546817401947,0.9977224738595638,0.0,2.499865595648866e-22
1737,16,7.117892265319824,-12.028520501999544,-9.596034198785805,11.242639839865255,10.189293377136584,-4.448904167149494e-06,9.351433652585827e-05,0.9981694522719675,0.9977671717008042,0.9981694522719675,0.9977671717008042,0.0,2.2498790360839793e-22
1738,16,6.950130462646484,-12.302341872151837,-9.866664966122409,11.256369684029266,10.296001007825852,-3.22117135205049e-05,8.094173152122196e-05,0.9982151484007779,0.9978119693708016,0.9982151484007777,0.9978119693708016,0.0,2.0248911324755814e-22
1739,16,6.668595314025879,-11.988391894597768,-10.078837658969945,11.256813271164459,10.392082234159714,-3.2491724043201344e-06,7.252264112866776e-05,0.998280624717851,0.9978588349055066,0.9982806247178511,0.9978588349055066,4.242459115610409e-22,2.2466479307890642e-22
1740,16,7.12744665145874,-10.610164895366456,-10.131970382609598,11.190702920134735,10.471944302757217,0.00010261991314978666,7.553236833077965e-05,0.9982746464537845,0.9979004160603344,0.9982746464537844,0.9979004160603344,1.357595047035608e-20,1.559793360806624e-21
1741,16,6.9182915687561035,-9.824605459493739,-10.101233890298014,11.155729710709574,10.540322843552453,0.0001492966973324237,8.290880123094406e-05,0.9982155447291757,0.9979319289272186,0.9982155447291757,0.9979319289272186,0.0,1.4038140247259616e-21
1742,16,6.681912422180176,-10.045311621715614,-10.095641663439775,11.149006437102598,10.601191202907469,0.0001569038765375965,9.030830876160931e-05,0.9981887608131143,0.9979576121158082,0.998188760813114,0.9979576121158082,0.0,1.2634326222533655e-21
1743,16,6.599244117736816,-10.11577187305856,-10.097654684401652,11.220286722054949,10.663100754822217,9.091515495196705e-05,9.036899338064509e-05,0.998181614294059,0.9979800123336333,0.998181614294059,0.9979800123336333,0.0,1.137089360028029e-21
1744,16,6.737490177154541,-8.408525598286879,-9.928741775790176,10.771909670952635,10.67398164643526,0.00020304507587890202,0.00010163660163047078,0.9982602973686245,0.9980080408371325,0.9982602973686246,0.9980080408371325,0.0,1.023380424025226e-21
1745,16,7.407196998596191,-8.043603021440934,-9.740227900355253,10.751813115244632,10.681764793316198,0.00010370826403666733,0.00010184376787109045,0.9981971479612088,0.9980269515495401,0.9981971479612088,0.9980269515495401,1.3577004486287587e-20,2.2787428302514623e-21
1746,16,7.141404628753662,-8.535161165878295,-9.619721226907558,10.747497252889525,10.688338039273532,7.45758204820383e-05,9.911697313218524e-05,0.9981639672665594,0.9980406531212421,0.9981639672665594,0.9980406531212421,0.0,2.0508685472263163e-21
1747,16,7.20562219619751,-9.225494926705212,-9.580298596887324,10.776913921070477,10.697195627453226,-1.3443117075734969e-05,8.786096411139322e-05,0.9982732382349443,0.9980639116326124,0.9982732382349442,0.9980639116326124,0.0,1.8457816925036846e-21
1748,16,6.81190299987793,-8.459297557039818,-9.468198492902573,10.508158784757153,10.67829194318362,2.9168400374633355e-05,8.199170773771724e-05,0.998338249958918,0.998091345465243,0.9983382499589178,0.998091345465243,0.0,1.6612035232533161e-21
1749,16,6.440445899963379,-7.922472021397408,-9.313625845752057,10.086907535240265,10.619153502389285,0.00013486531510552134,8.727906847449765e-05,0.9984158250252252,0.9981237934212412,0.9984158250252252,0.9981237934212412,0.0,1.4950831709279846e-21
1750,16,6.3031229972839355,-7.913634226946249,-9.173626683871476,10.041050845602774,10.561343236710634,0.00014134283066180933,9.268544469322883e-05,0.9984288493041613,0.9981542990095333,0.9984288493041613,0.9981542990095333,0.0,1.345574853835186e-21
1751,16,6.543894290924072,-8.524779997482417,-9.10874201523257,10.086988087312253,10.513907721770796,0.00011111787085196759,9.452868730910271e-05,0.9984530094817466,0.9981841700567547,0.9984530094817465,0.9981841700567547,0.0,1.2110173684516675e-21
1752,16,6.293510913848877,-9.296901244561797,-9.127557938165493,10.42957996085802,10.505474945679518,-3.663703748858816e-05,8.141211482933364e-05,0.998486387481916,0.9982143917992709,0.998486387481916,0.9982143917992709,0.0,1.0899156316065008e-21
1753,16,6.630860805511475,-9.545696103786584,-9.169371754727603,10.690729214054606,10.524000372517028,-0.00010221881212552529,6.304902213384773e-05,0.9985502026078152,0.9982479728801253,0.9985502026078152,0.9982479728801253,0.0,9.809240684458507e-22
1754,16,6.884122848510742,-9.52923324856182,-9.205357904111024,10.686398538889888,10.540240189154314,-0.00015732400640203073,4.101171928025988e-05,0.9986571242632682,0.9982888880184396,0.9986571242632682,0.9982888880184396,0.0,8.828316616012657e-22
1755,16,6.892180919647217,-8.817859453874396,-9.16660805908736,10.777424051593844,10.563958575398267,-0.00019897395367103686,1.7013151985130208e-05,0.99870415946263,0.9983304151628587,0.99870415946263,0.9983304151628587,0.0,7.945484954411391e-22
1756,16,6.7590861320495605,-7.000105409616194,-8.949957794140245,10.626663244269505,10.570229042285392,-3.8317754125800624e-05,1.1480061374037124e-05,0.9985806100008885,0.9983554346466618,0.9985806100008886,0.9983554346466618,-6.785895410114536e-21,3.650410488557164e-23
1757,16,6.696761608123779,-7.200593401359523,-8.775021354862172,10.68578100442036,10.581784238498889,-3.4809273409403216e-05,6.851127895693089e-06,0.9985466077139996,0.9983745519533955,0.9985466077139996,0.9983745519533955,0.0,3.285369439701448e-23
1758,16,6.451241970062256,-7.3770475595984335,-8.6352239753358,10.743943096431131,10.598000124292113,-5.040680447886043e-05,1.125334658237737e-06,0.9985271855052653,0.9983898153085826,0.9985271855052652,0.9983898153085826,0.0,2.9568324957313034e-23
1759,16,7.22736120223999,-6.811387028180088,-8.45284028062023,10.796305365030287,10.617830648365931,-0.00010770534172349995,-9.757732979936032e-06,0.9985809702793185,0.9984089308056563,0.9985809702793185,0.9984089308056563,1.3571785923657202e-20,1.3837900848273021e-21
1760,16,6.659597396850586,-4.481196859129862,-8.055675938471193,10.609361436267603,10.616983727156098,5.352813885706604e-05,-3.4291457962358246e-06,0.9983833661506659,0.9984063743401572,0.998383366150666,0.9984063743401572,6.787236053582044e-21,1.9241346817027764e-21
1761,16,6.525318145751953,-4.15931213628087,-7.666039558252161,10.688132151304373,10.624098569570926,3.954657902487965e-06,-2.6907654263634456e-06,0.9982715133867446,0.998392888244816,0.9982715133867447,0.998392888244816,-8.484995673979006e-22,1.6468712567927085e-21
1762,16,5.606533527374268,-4.330508363299,-7.332486438756845,10.979424393046552,10.659631151918488,-0.000139723253807987,-1.6394014264525802e-05,0.9980825927974158,0.998361858700076,0.998082592797416,0.998361858700076,0.0,1.4821841311134377e-21
1763,16,5.912852764129639,-4.334064399512515,-7.0326442348324125,10.926721667772641,10.686340203503903,-0.00017725156699297244,-3.247976953737047e-05,0.9981749791167448,0.998343170741743,0.9981749791167449,0.998343170741743,0.0,1.3339657180020939e-21
1764,16,5.655001163482666,-2.490993163081266,-6.578479127657298,10.841067738118907,10.701812956965405,-7.615517831366505e-05,-3.684731041499993e-05,0.9980275775496588,0.9983116114225346,0.9980275775496588,0.9983116114225346,0.0,1.2005691462018844e-21
1765,16,5.583845138549805,-2.179433320929851,-6.138574546984553,10.880408240543595,10.719672485323224,-4.3261755872722315e-05,-3.748875496077217e-05,0.9979348528310156,0.9982739355633827,0.9979348528310156,0.9982739355633827,0.0,1.080512231581696e-21
1766,16,5.430896759033203,-2.2170960546287146,-5.746426697748969,10.96950101518852,10.744655338309753,-7.665899792919011e-05,-4.140577925761396e-05,0.9979306209013864,0.998239604097183,0.9979306209013864,0.998239604097183,0.0,9.724610084235264e-22
1767,16,5.653933525085449,-2.138791481544913,-5.385663176128564,11.48214778284905,10.818404582763682,-0.00016912584699106434,-5.4177786030958997e-05,0.9977589837268944,0.9981915420601541,0.9977589837268944,0.9981915420601541,2.7165933611434944e-20,3.591808268724669e-21
1768,16,5.682258605957031,-1.8108351776784528,-5.0281803762835535,11.47750986806393,10.884315111293708,-0.0001184809677638349,-6.060810420424659e-05,0.9977304770091581,0.9981454355550545,0.9977304770091582,0.9981454355550545,0.0,3.232627441852202e-21
1769,16,5.938314437866211,-0.501370735894243,-4.575499412244623,11.50731963856475,10.946615564020814,-2.3231262752450465e-05,-5.687042005906698e-05,0.9976397339546466,0.9980948653950137,0.9976397339546466,0.9980948653950137,0.0,2.909364697666982e-21
1770,16,5.568789482116699,-0.6817095018406873,-4.18612042120423,11.650786351938212,11.017032642812554,-5.000466439675925e-05,-5.618384449283621e-05,0.9975481899918404,0.9980401978546963,0.9975481899918403,0.9980401978546963,0.0,2.6184282279002837e-21
1771,16,5.4256768226623535,-0.6961185336034135,-3.837120232444148,11.717548175113782,11.087084196042676,-8.669436544254677e-05,-5.923489658780727e-05,0.9975337598867302,0.9979895540578998,0.9975337598867302,0.9979895540578998,1.3586033577056772e-20,3.715188762815933e-21
1772,16,5.6967620849609375,0.5070266556070562,-3.4027055436390277,11.736710314015617,11.15204680783997,-9.481593492564064e-05,-6.279300042159061e-05,0.9975089379094623,0.9979414924430561,0.9975089379094623,0.9979414924430561,0.0,3.3436698865343398e-21
1773,16,5.681038856506348,1.8733802668971513,-2.8750969625854097,11.739473008887062,11.210789427944679,-4.321996298670418e-05,-6.083569667810197e-05,0.99737982932002,0.9978853261307524,0.99737982932002,0.9978853261307524,0.0,3.009302897880906e-21
1774,16,5.552628040313721,1.5493308865670001,-2.4326541776701687,11.89485587248695,11.279196072398907,-6.733955616684889e-05,-6.148608262697666e-05,0.9972075299624907,0.9978175465139263,0.9972075299624907,0.9978175465139263,-1.3590478159123582e-20,1.3493247921804572e-21
1775,16,5.690533638000488,1.3577929330598872,-2.0536094665971634,12.054588745775279,11.356735339736545,-0.00017584109098248978,-7.292158346252797e-05,0.9971885359764432,0.997754645460178,0.9971885359764432,0.997754645460178,0.0,1.2143923129624115e-21
1776,16,5.668779373168945,1.3348062552443158,-1.7147678944130154,12.075141115088462,11.428575917271738,-0.00018623852054599262,-8.425327717087444e-05,0.9971924395369143,0.9976984248678517,0.9971924395369143,0.9976984248678517,0.0,1.0929530816661703e-21
1777,16,5.5851216316223145,2.085270493353135,-1.3347640556364004,12.088392927627192,11.494557618307283,-0.00017732272582849883,-9.356022203663688e-05,0.9971570700719992,0.9976442893882664,0.9971570700719993,0.9976442893882664,0.0,9.836577734995533e-22
1778,16,5.760788440704346,2.3786962934466125,-0.9634180207280992,12.146575644421779,11.559759420918732,-0.000184714013577698,-0.00010267560119074301,0.9970937522133181,0.9975892356707716,0.9970937522133181,0.9975892356707716,0.0,8.852919961495981e-22
1779,16,5.838789939880371,2.3603278257085076,-0.6310434360844385,12.20695059752884,11.624478538579744,-0.00024355214074615167,-0.00011676325514628388,0.9970733873978318,0.9975376508434777,0.9970733873978318,0.9975376508434777,0.0,7.967627965346383e-22
1780,16,6.006272315979004,3.6834292831960505,-0.19959616415638953,12.191173559708405,11.68114804069261,-0.00019827404682024171,-0.00012491433431367966,0.9970036306057917,0.9974842488197091,0.9970036306057916,0.9974842488197091,-2.718651515408048e-20,-2.0015649985268734e-21
1781,16,5.744975566864014,4.846121630795965,0.304975615338846,12.099199802265794,11.72295321684993,-8.49461915189654e-05,-0.00012091752003420825,0.9969304011567037,0.9974288640534086,0.9969304011567037,0.9974288640534086,0.0,-1.801408498674186e-21
1782,16,5.607248783111572,4.634138889744668,0.7378919427794282,12.139359827843174,11.764593877949254,-7.579871438859693e-05,-0.00011640563946964711,0.9968679150291363,0.9973727691509814,0.9968679150291363,0.9973727691509814,0.0,-1.6212676488067674e-21
1783,16,5.743312835693359,4.364500871842247,1.10055283568571,12.199034036881647,11.808037893842494,-0.00011518926033641326,-0.00011628400155632373,0.9968629780869066,0.9973217900445739,0.9968629780869065,0.9973217900445739,0.0,-1.4591408839260906e-21
1784,16,5.773317813873291,4.7909670146617,1.4695942535833089,12.19386521099795,11.846620625558039,-0.00014233173825756594,-0.00011888877522644794,0.9969107370691254,0.997280684747029,0.9969107370691254,0.997280684747029,2.7189048431583053e-20,1.405678047624824e-21
1785,16,5.743605136871338,5.478435760391457,1.8704784042641238,12.197510129020452,11.881709575904281,-9.743049318654341e-05,-0.0001167429470224575,0.99682520554285,0.9972351368266112,0.99682520554285,0.9972351368266112,-1.359569067947914e-20,-9.445882508557252e-23
1786,16,5.6237473487854,5.481464811011948,2.231577044938906,12.126112569461249,11.90614987525998,-5.730596441510916e-05,-0.00011079924876172267,0.9968479820154005,0.9971964213454902,0.9968479820154004,0.9971964213454902,-6.797690019228746e-21,-7.647819444998899e-22
1787,16,5.556690216064453,5.557793973538298,2.5641987377988453,12.192739839949136,11.934808871728896,1.0350042320282072e-05,-9.868431965352219e-05,0.9968231026259596,0.9971590894735373,0.9968231026259596,0.9971590894735373,0.0,-6.883037500499009e-22
1788,16,5.393405437469482,5.004555474044945,2.8082344114234554,12.504748488041143,11.99180283336012,-6.935304236915896e-05,-9.575119192508586e-05,0.9968121635648595,0.9971243968826695,0.9968121635648595,0.9971243968826695,0.0,-6.194733750449109e-22
1789,16,5.729284286499023,4.887249682849739,3.0161359385660838,12.696739111604934,12.062296461184602,-9.121625566720072e-05,-9.529769829929735e-05,0.9968980920259232,0.9971017663969949,0.9968980920259232,0.9971017663969949,0.0,-5.575260375404198e-22
1790,16,6.0036516189575195,5.768986363431209,3.291420981052596,12.66008956234536,12.122075771300677,2.9723181029397832e-05,-8.279561036642783e-05,0.9968466728689189,0.9970762570441873,0.9968466728689189,0.9970762570441873,0.0,-5.017734337863779e-22
1791,16,5.945101737976074,5.782991123050233,3.54057799525236,12.72108906908353,12.181977101078964,1.3329564089629732e-05,-7.318309292082207e-05,0.9968718457008038,0.997055815909849,0.9968718457008038,0.997055815909849,-1.6993818230643955e-21,-6.215342727141796e-22
1792,16,6.004528045654297,5.893770245791402,3.7758972203062644,12.791474533467435,12.242926844317811,6.125728986917868e-05,-5.9739054641822e-05,0.9967746384424161,0.9970276981631058,0.9967746384424162,0.9970276981631058,-1.3596380398729153e-20,-1.9190188853156773e-21
1793,16,5.787923336029053,4.722198971046747,3.8705273953803125,12.963615432002472,12.314995703086277,-5.571694887042008e-05,-5.9336844064681805e-05,0.9968767174984917,0.9970126000966444,0.9968767174984916,0.9970126000966444,0.0,-1.7271169967841096e-21
1794,16,6.0331339836120605,3.8962208469271453,3.8730967405349963,12.999106373547978,12.383406770132446,-0.00011557462813403363,-6.496062247161699e-05,0.9969510018391505,0.997006440270895,0.9969510018391504,0.997006440270895,0.0,-1.5544052971056986e-21
1795,16,5.929431915283203,4.151363420950128,3.9009234085765097,12.968791193024092,12.441945212421611,-0.0001171185206150755,-7.017641228596284e-05,0.996947179145979,0.9970005141584035,0.996947179145979,0.9970005141584035,0.0,-1.3989647673951287e-21
1796,16,5.759340763092041,4.782136075060109,3.9890446752248696,12.819338316807187,12.47968452286017,-4.071689621698558e-05,-6.723046067906512e-05,0.9968725620796399,0.9969877189505272,0.99687256207964,0.9969877189505272,6.797522407375725e-21,-5.793160499180433e-22
1797,16,5.936819076538086,4.070865922222733,3.9972267999246562,12.827138760119185,12.514429946586072,-3.7372190467744984e-05,-6.424463365793311e-05,0.9968529985613729,0.9969742469116117,0.9968529985613729,0.9969742469116117,0.0,-5.21384444926239e-22
1798,16,5.951932430267334,3.2302629288658724,3.9205304128187777,13.13316869272476,12.576303821199941,-0.00013451229816700168,-7.127140010883997e-05,0.9968971348840523,0.9969665357088558,0.9968971348840522,0.9969665357088557,-2.718941941315757e-20,-3.188187941749372e-21
1799,16,5.942094802856445,2.7871956511473845,3.8071969366516383,13.298487635127346,12.648522202592682,-0.00014359882393869368,-7.850414249182535e-05,0.9969402335849031,0.9969639054964606,0.9969402335849031,0.9969639054964605,0.0,-2.869369147574435e-21
1800,16,5.527604103088379,2.726646529307525,3.699141895917227,13.346974428340085,12.718367425167422,-8.710058932363548e-05,-7.936378717500636e-05,0.9969903090333634,0.9969665458501509,0.9969903090333634,0.9969665458501508,0.0,-2.5824322328169912e-21
1801,16,5.646471977233887,2.7062365470897025,3.5998513610344745,13.303874841657404,12.77691816681642,-3.6026457475592676e-05,-7.503005420506499e-05,0.9970239282124477,0.9969722840863806,0.9970239282124477,0.9969722840863804,0.0,-2.324189009535292e-21
1802,16,5.65657377243042,2.4150817745223763,3.481374402383265,13.62069738487089,12.861296088621867,-9.507923040349572e-05,-7.703497182490807e-05,0.9970282113285364,0.9969778768105962,0.9970282113285363,0.996977876810596,0.0,-2.091770108581763e-21
1803,16,5.777632713317871,2.3821790843830435,3.371454870583243,13.62490791787237,12.937657271546918,-5.761556367157322e-05,-7.509303100957458e-05,0.9970859923211922,0.9969886883616559,0.9970859923211922,0.9969886883616557,6.796067370537844e-21,-1.2029863606698023e-21
1804,16,5.553576946258545,3.1283481898887313,3.3471442025137916,13.56566356221847,13.000457900614075,-1.7134934368402832e-05,-6.929722134545741e-05,0.9971400060152587,0.9970038201270163,0.9971400060152587,0.997003820127016,3.39784961848713e-21,-7.429027627541091e-22
1805,16,5.977742671966553,3.840013231628815,3.396431105425294,13.283463464255037,13.02875845697817,7.500818525554305e-05,-5.486668068535736e-05,0.9971547104246576,0.9970189091567805,0.9971547104246576,0.9970189091567803,0.0,-6.686124864786982e-22
1806,16,6.015897750854492,3.683374718631458,3.4251254667459103,13.175724282857344,13.043455039566089,6.305983203690481e-05,-4.3074029413131146e-05,0.9971538556266829,0.9970324038037708,0.9971538556266829,0.9970324038037706,1.3591209701086125e-20,7.573697322777843e-22
1807,16,6.080874919891357,2.757819776511452,3.3583948977224645,13.164766795524868,13.055586215161966,3.09490197277596e-05,-3.5671724499042077e-05,0.9971573876899473,0.9970449021923885,0.9971573876899473,0.9970449021923883,6.795580779612487e-21,1.3611908370112546e-21
1808,16,6.011301040649414,2.268863577779467,3.249441765728165,13.197575729738306,13.069785166619601,-4.7307031823023417e-05,-3.683525523144021e-05,0.9972356239185778,0.9970639743650074,0.9972356239185778,0.9970639743650073,-6.795047645216965e-21,5.455669887884326e-22
1809,16,5.8049845695495605,2.25862692925802,3.1503602820811505,13.19032842083252,13.081839492040892,-0.00010084009656136032,-4.323573936443222e-05,0.9972264779640844,0.9970802247249151,0.9972264779640844,0.9970802247249151,1.3590219930519038e-20,1.8500322829614932e-21
1810,16,5.617353916168213,3.6635196724310948,3.201676221116145,12.718531149235213,13.045508657760324,1.739856536174455e-05,-3.717230889181454e-05,0.9973504503467133,0.997107247287095,0.9973504503467133,0.997107247287095,3.397132660680476e-21,2.0047423207333915e-21
1811,16,5.9258222579956055,4.582510829410502,3.339759681945581,12.552503271352261,12.996208119119517,9.789009930605558e-05,-2.3666068072027534e-05,0.9972995064918098,0.9971264732075665,0.9972995064918098,0.9971264732075665,-1.3589224769339744e-20,4.45345611726078e-22
1812,16,5.595184803009033,4.082827210849742,3.414066434835997,12.523380498498327,12.948925357057398,7.019806302226404e-06,-2.0597480634602142e-05,0.9972453099103072,0.9971383568778406,0.9972453099103071,0.9971383568778406,8.493727058295045e-22,4.857483211364207e-22
1813,16,5.530284404754639,3.652785061204676,3.437938297472865,12.49158479833092,12.90319130118475,-0.00012201464854955633,-3.073919742609756e-05,0.9972900818231775,0.9971535293723743,0.9972900818231774,0.9971535293723743,0.0,4.371734890227786e-22
1814,16,5.816593170166016,4.5030337527858055,3.5444478430041593,11.923014234279377,12.805173594494214,-3.661084701357266e-05,-3.132636238484507e-05,0.9973652013282103,0.997174696567958,0.9973652013282104,0.997174696567958,0.0,3.934561401205007e-22
1815,16,5.825444221496582,5.5655587004976335,3.746558928753507,11.550020040106276,12.67965823905542,1.529685811802362e-05,-2.66640403345582e-05,0.9972284337876692,0.9971800702899292,0.9972284337876692,0.9971800702899292,1.6987741595716502e-21,5.239879420656157e-22
1816,16,5.800044059753418,4.979542839244231,3.869857319802579,11.74273097973441,12.58596551312332,-6.102291718807849e-05,-3.009992801991023e-05,0.9970700857079651,0.9971690718317328,0.9970700857079651,0.9971690718317328,0.0,4.715891478590541e-22
1817,16,6.023456573486328,4.249005350034795,3.9077721228258007,11.808724234870068,12.508241385297994,-0.00019390382306456392,-4.6480317524375596e-05,0.9971474448540977,0.9971669091339692,0.9971474448540977,0.9971669091339692,0.0,4.244302330731488e-22
1818,16,6.953891754150391,5.342422225337497,4.05123713307697,11.284237587228548,12.38584100549105,-0.00011250188964173724,-5.308247473611176e-05,0.9973055266827583,0.9971807708888482,0.9973055266827583,0.9971807708888482,0.0,3.819872097658339e-22
1819,16,6.0700459480285645,6.637872217233217,4.309900641492595,10.944394720486708,12.241696376990618,-1.1377505050207676e-05,-4.8911977767521354e-05,0.9970559998148792,0.9971682937814512,0.9970559998148792,0.9971682937814512,1.699067950870496e-21,5.136952838763002e-22
1820,16,5.9723591804504395,6.605134947356826,4.539424072079019,10.860449361602138,12.10357167545177,-0.000122326667013122,-5.625344669208142e-05,0.9969601227886421,0.9971474766821704,0.9969601227886421,0.9971474766821704,-1.3593850793309988e-20,-8.970593238423288e-22
1821,16,5.671590805053711,5.57424453162374,4.6429061180334905,10.529481253061507,11.946162633212744,-0.00020885955596281814,-7.15140576191551e-05,0.9969280352657305,0.9971255325405265,0.9969280352657306,0.9971255325405265,0.0,-8.0735339145809595e-22
1822,16,6.033870697021484,5.481780473042693,4.726793553534411,10.468347487274572,11.798381118618927,-0.000295010633654548,-9.386371522269439e-05,0.9969115395580552,0.9971041332422794,0.9969115395580551,0.9971041332422794,0.0,-7.266180523122864e-22
1823,16,5.496826171875,5.733738427423483,4.827488040923318,10.058193418927567,11.624362348649791,-0.0002629762142435551,-0.00011077496512478046,0.9968516438870505,0.9970788843067566,0.9968516438870505,0.9970788843067566,0.0,-6.539562470810577e-22
1824,16,5.274899482727051,5.477858464550174,4.892525083286004,9.961522037646947,11.458078317549507,-0.0003336100538011537,-0.0001330584739924178,0.996914834204828,0.9970624792965638,0.996914834204828,0.9970624792965638,0.0,-5.885606223729519e-22
1825,16,5.661921501159668,7.047923980172254,5.1080649729746295,9.26661165181948,11.238931650976504,-0.00014750666005865877,-0.0001345032925990419,0.9969955158150309,0.9970557829484106,0.9969955158150309,0.9970557829484106,0.0,-5.297045601356568e-22
1826,16,5.775722026824951,7.874437406329709,5.384702216310138,9.242286657734054,11.03926715165226,-0.00011406036250637208,-0.00013245899958977492,0.996946442557294,0.9970448489092989,0.996946442557294,0.9970448489092989,0.0,-4.767341041220912e-22
1827,16,5.944956302642822,7.501435811672427,5.596375575846367,9.227650916976037,10.858105528184637,-3.8560139026570804e-05,-0.0001230691135334545,0.996813903894313,0.9970217544078004,0.9968139038943129,0.9970217544078004,0.0,-4.29060693709882e-22
1828,16,5.655327796936035,6.409195792246013,5.677657597486332,9.406840648647691,10.712979040230943,-0.00022811893801096865,-0.0001335740959812059,0.9970331103424744,0.9970228900012679,0.9970331103424744,0.9970228900012679,0.0,-3.8615462433889383e-22
1829,16,6.250855445861816,6.904575307002052,5.800349368437904,9.291666995715188,10.570847835779368,-0.00022002358225188277,-0.0001422190446082736,0.9972801285533566,0.9970486138564767,0.9972801285533565,0.9970486138564767,0.0,-3.4753916190500444e-22
1830,16,6.1194658279418945,8.352390165365406,6.055553448130654,9.257857058355734,10.439548758037006,-5.408069308976167e-05,-0.0001334052094564224,0.997207875168237,0.9970645399876528,0.9972078751682371,0.9970645399876528,0.0,-3.12785245714504e-22
1831,16,5.981751918792725,8.336403906017846,6.283638493919374,9.475136762982531,10.343107558531559,-6.821952764454854e-05,-0.00012688664127523503,0.997265354676312,0.9970846214565188,0.997265354676312,0.9970846214565188,0.0,-2.8150672114305363e-22
1832,16,5.604840278625488,7.421551028387277,6.397429747366164,9.811243802813028,10.289921182959706,-0.00018171473150218638,-0.00013236945029793018,0.997341827737057,0.9971103420845726,0.9973418277370569,0.9971103420845726,0.0,-2.5335604902874826e-22
1833,16,5.816539764404297,7.422622456337748,6.499949018263323,9.663342401751018,10.227263304838836,-0.00019490208157112014,-0.00013862271342524916,0.9976010210451316,0.9971594099806285,0.9976010210451316,0.9971594099806285,0.0,-2.2802044412587342e-22
1834,16,6.2811431884765625,8.87906063289225,6.737860179726216,9.583783423929665,10.16291531674792,4.1926184391105294e-07,-0.00012471851589833315,0.9974943705156912,0.9971929060341348,0.9974943705156912,0.9971929060341348,5.307253932272794e-23,-1.999111457810133e-22
1835,16,6.268656253814697,7.43554213740853,6.807628375494447,9.91309185145639,10.137932970218767,-0.00012266380115012022,-0.00012451304442351186,0.9975505907483071,0.9972286745055521,0.9975505907483072,0.9972286745055521,0.0,-1.7992003120291196e-22
1836,16,6.152661323547363,6.669602842773366,6.793825822222339,10.219805038362226,10.146120177033112,-0.0003062486234627734,-0.00014268660232743803,0.9977552562445375,0.9972813326794507,0.9977552562445375,0.9972813326794507,0.0,-1.6192802808262076e-22
1837,16,6.213904857635498,7.149805327992023,6.8294237727993075,10.012462896263521,10.132754448956153,-0.0002640262527204196,-0.00015482056736673618,0.9979501427431944,0.9973482136858252,0.9979501427431944,0.9973482136858252,0.0,-1.4573522527435868e-22
1838,16,5.983665943145752,8.191333926251112,6.965614788144488,9.850580040721397,10.104537008132677,-0.0001402330717025631,-0.00015336181780031886,0.997950201800678,0.9974084124973105,0.9979502018006782,0.9974084124973105,2.716072832414872e-20,2.5849111296679493e-21
1839,16,5.673863410949707,7.981581644817145,7.067211473811754,9.865933547095304,10.08067666202894,-0.00013691388026439494,-0.00015171702404672647,0.9979410274465269,0.9974616739922322,0.9979410274465269,0.9974616739922322,2.716097802040712e-20,5.042517818741866e-21
1840,16,5.926380157470703,6.758892329785262,7.036379559409104,9.87339061913353,10.0599480577394,-0.0002567791299279845,-0.0001622232346348523,0.998161499608737,0.9975316565538828,0.998161499608737,0.9975316565538828,0.0,4.53826603686768e-21
1841,16,5.920186996459961,6.570659415798463,6.98980754504804,9.863851593981162,10.040338411363576,-0.0003218186618387148,-0.00017818277735523854,0.9982697488789846,0.997605465786393,0.9982697488789847,0.997605465786393,0.0,4.084439433180912e-21
1842,16,6.352390289306641,8.029320504634763,7.0937588410067125,9.206748494069622,9.956979419634182,-0.00019395557472366983,-0.00017976005709208166,0.998442607262591,0.9976891799340127,0.998442607262591,0.9976891799340127,2.714733337197114e-20,6.3907288270599345e-21
1843,16,6.482729434967041,8.76173934302488,7.260556891208529,8.931192344604653,9.85440071213123,-0.00010317005240068572,-0.0001721010566229421,0.9983711189310831,0.9977573738337198,0.9983711189310831,0.9977573738337198,0.0,5.751655944353941e-21
1844,16,6.413660526275635,8.875361357544127,7.42203733784209,8.696652326141889,9.738625873532296,-4.718756019183865e-05,-0.00015960970697983173,0.998263979448017,0.9978080343951495,0.9982639794480171,0.9978080343951495,0.0,5.176490349918547e-21
1845,16,6.252890586853027,7.411799152533966,7.421013519311278,8.646467583526197,9.629410044531687,-0.00029028829080262393,-0.00017267756536211095,0.9983230994661282,0.9978595409022475,0.9983230994661282,0.9978595409022475,-5.430116627899834e-20,-7.712753129731418e-22
1846,16,6.223597526550293,6.443741139160813,7.323286281296231,8.223540438947397,9.488823083973257,-0.00036644805447483606,-0.00019205461427338345,0.9985192060961315,0.9979255074216359,0.9985192060961315,0.9979255074216359,0.0,-6.941477816758277e-22
1847,16,5.553926467895508,7.063095429407743,7.2972671961073825,7.689882366033441,9.308929012179275,-0.00031143346714829364,-0.00020399249956087447,0.9986108380356974,0.9979940404830421,0.9986108380356974,0.9979940404830421,0.0,-6.2473300350824495e-22
1848,16,5.828399181365967,8.084213393584761,7.375961815855121,7.116952865815339,9.089731397542883,-6.328500045914137e-05,-0.00018992174965070115,0.9984975707499807,0.998044393509736,0.9984975707499807,0.998044393509736,0.0,-5.622597031574205e-22
1849,17,6.116092205047607,6.590889507850584,7.297454585054667,7.481923555081998,8.928950613296795,-0.0004459797694400889,-0.00021552755162963994,0.9984752804130267,0.998087482200065,0.9984752804130267,0.998087482200065,0.0,-5.060337328416784e-22
1850,17,6.180238723754883,6.449103499784004,7.212619476527601,7.469956258997207,8.783051177866838,-0.0004824157479987976,-0.0002422163712665557,0.9985526508140704,0.9981339990614656,0.9985526508140704,0.9981339990614656,0.0,-4.554303595575106e-22
1851,16,6.175831317901611,7.187062706463577,7.2100637995211985,6.885725066073555,8.59331856668751,-0.0002517276257013769,-0.00024316749671003782,0.9988422790751389,0.998204827062833,0.998842279075139,0.998204827062833,0.0,-4.0988732360175953e-22
1852,17,5.989395618438721,8.067169559234069,7.295774375492486,7.07879876565054,8.441866586583812,-0.00035727413678625445,-0.0002545781607176595,0.998648897521794,0.9982492341087291,0.998648897521794,0.9982492341087291,5.428345112962203e-20,5.0594465217206196e-21
1853,17,5.994592666625977,7.943034246224455,7.360500362565683,6.645620600600422,8.262241987985472,-0.00020257906254051298,-0.0002493782508999449,0.9986619648751278,0.998290507185369,0.9986619648751278,0.998290507185369,0.0,4.553501869548558e-21
1854,17,5.650860786437988,6.704619965567237,7.294912322865839,6.802098170370681,8.116227606223994,-0.0003509090714847455,-0.00025953133295842496,0.9986865747867161,0.9983301139455037,0.9986865747867162,0.9983301139455039,0.0,4.098151682593702e-21
1855,17,5.684040069580078,6.628828467368564,7.228303937316111,6.5041644477229745,7.955021290373892,-0.0004315739755339304,-0.0002767355972159755,0.9989319910122236,0.9983903016521758,0.9989319910122235,0.9983903016521758,0.0,3.6883365143343314e-21
1856,17,5.988418102264404,8.205325164236607,7.326006060008162,6.103395807334809,7.769858742069984,-0.0001901251250815884,-0.0002680745500025368,0.998776670733915,0.9984289385603498,0.998776670733915,0.9984289385603498,-2.713825333166867e-20,6.056775297340311e-22
1857,17,5.77710485458374,7.504648718597332,7.343870325867078,6.293543233636933,7.6222271912266795,-0.0002785096202294645,-0.0002691180570252296,0.9986680597666101,0.9984528506809758,0.9986680597666101,0.9984528506809758,5.428240954951958e-20,5.9733507317125864e-21
1858,17,5.887402534484863,6.732932486271558,7.282776541907527,6.334341386183769,7.4934386107223885,-0.0004219994306962494,-0.00028440619439233156,0.9988173629999547,0.9984893019128738,0.9988173629999547,0.9984893019128738,5.427429541418343e-20,1.0803445199959672e-20
1859,17,6.415836811065674,7.806572731721286,7.3351561608889035,6.0552534771052,7.34962009736067,-0.0003580611455163715,-0.00029177168950473556,0.9988106023074081,0.9985214319523272,0.998810602307408,0.9985214319523272,0.0,9.723100679963705e-21
1860,17,6.261876583099365,8.76445796233744,7.478086341033758,5.954621022024488,7.210120189827052,-0.00028188321799515147,-0.0002907828423537772,0.9986516793571031,0.9985344566928048,0.9986516793571032,0.9985344566928048,0.0,8.750790611967335e-21
1861,17,5.982470512390137,8.909944307345025,7.621272137664884,5.993259122739262,7.088434083118273,-0.0003375747295555929,-0.00029546203107395875,0.9985624114198683,0.9985372521655113,0.9985624114198683,0.9985372521655113,0.0,7.875711550770601e-21
1862,17,5.629091262817383,9.020864161608554,7.761231340059251,5.825287062488346,6.96211938105528,-0.00035147157993561517,-0.0003010629859601244,0.9984425591839627,0.9985277828673564,0.9984425591839629,0.9985277828673564,0.0,7.088140395693541e-21
1863,17,5.920785427093506,8.910729826019017,7.876181188655228,5.777777311697982,6.84368517411955,-0.0004101917215493761,-0.00031197585951904956,0.9983581282712707,0.9985108174077478,0.9983581282712707,0.9985108174077478,-5.429926104587734e-20,9.494002515364534e-22
1864,17,6.084847927093506,8.972749058772852,7.985837975666991,5.606118129183428,6.719928469625938,-0.00044554163042406894,-0.00032533243660955147,0.9983335168220059,0.9984930873491737,0.9983335168220059,0.9984930873491737,-5.430059966016388e-20,-4.57559973963358e-21
1865,17,6.043701171875,10.069485105268194,8.194202688627112,5.225171042787743,6.5704527269421185,-0.00033912334387632107,-0.00032671152733622843,0.9983218938278055,0.998475967997037,0.9983218938278053,0.998475967997037,-5.430123185661157e-20,-9.548162951331379e-21
1866,17,5.76979398727417,10.310314443442333,8.405813864108634,5.25445131227031,6.4388525854749386,-0.0003236354851651782,-0.0003264039231191234,0.9982248764671252,0.9984508588440458,0.9982248764671252,0.9984508588440458,-5.430650938707651e-20,-1.4023997594905892e-20
1867,17,5.8362555503845215,10.79537897782258,8.644770375480029,5.2614383440939205,6.321111161336837,-0.00026932096076455806,-0.00032069562688366685,0.9981042483478136,0.9984161977944226,0.9981042483478136,0.9984161977944226,0.0,-1.2621597835415303e-20
1868,17,5.790211200714111,10.990273740783909,8.879320712010417,5.291061318980495,6.218106177101204,-0.00024556515356397886,-0.00031318257955169804,0.9980381913804945,0.9983783971530298,0.9980381913804945,0.9983783971530298,5.431666753081999e-20,-5.927771298791773e-21
1869,17,5.751643180847168,10.67129739501639,9.058518380311014,5.379937654092972,6.13428932480038,-0.000305977483921233,-0.00031246206998865154,0.9980957427652405,0.9983501317142509,0.9980957427652404,0.9983501317142509,0.0,-5.334994168912596e-21
1870,17,6.321098327636719,11.278937633611257,9.280560305641039,5.538774230511701,6.074737815371512,-0.00021145549245613353,-0.00030236141223539975,0.9979796697353441,0.9983130855163602,0.9979796697353441,0.9983130855163602,-2.715992633329459e-20,-7.517487385350796e-21
1871,17,6.273654460906982,11.52013578701709,9.504517853778644,5.771911772643557,6.044455211098717,-0.00014950658039967563,-0.00028707592905182736,0.9977898519177084,0.9982607621564951,0.9977898519177084,0.9982607621564951,0.0,-6.765738646815717e-21
1872,17,6.120204448699951,9.593193019154489,9.513385370316229,6.3240359740298935,6.072413287391835,-0.00035944809913028775,-0.0002943131460596734,0.9977631007162232,0.9982109960124679,0.9977631007162232,0.9982109960124679,5.433164303767261e-20,-6.560004783668845e-22
1873,17,5.647762775421143,8.55303107729732,9.417349941014338,6.353116204835437,6.100483579136195,-0.0004569349081695815,-0.00031057532227066426,0.9979053733656384,0.998180433747785,0.9979053733656384,0.998180433747785,0.0,-5.904004305301961e-22
1874,17,5.5590667724609375,8.614210316900621,9.337035978602966,6.40016615943732,6.130451837166307,-0.0004780344737358292,-0.00032732123741718074,0.9979153366129423,0.9981539240343007,0.9979153366129422,0.9981539240343007,-5.432335453253136e-20,-5.9636958407303124e-21
1875,17,5.747531890869141,9.226415698312408,9.32597395057391,6.390292783726852,6.156435931822362,-0.0003550162828610148,-0.0003300907419615642,0.9978132142091006,0.9981198530517807,0.9978132142091006,0.9981198530517807,0.0,-5.367326256657281e-21
1876,17,5.643962383270264,8.695059975988785,9.262882553115398,6.691923715319024,6.209984710172028,-0.0004332658062473554,-0.00034040824839014336,0.9978586130110563,0.9980937290477083,0.9978586130110563,0.9980937290477083,5.432644256153209e-20,6.020506251616555e-22
1877,17,5.6199445724487305,8.826369888686829,9.21923128667254,6.690754952932326,6.2580617344480585,-0.00038310533754982133,-0.00034467795730611117,0.9977748324059581,0.9980618393835334,0.9977748324059581,0.9980618393835334,-5.433100421420443e-20,-4.8912548587749526e-21
1878,17,5.583621501922607,8.700549493296908,9.167363107334976,6.646192297845407,6.296874790787793,-0.00032828323486747477,-0.0003430384850622475,0.9977418809180048,0.9980298435369807,0.9977418809180049,0.9980298435369807,0.0,-4.4021293728974575e-21
1879,17,5.259183883666992,7.639170649012984,9.014543861502776,6.687352764332899,6.335922588142305,-0.00040380476676502784,-0.00034911511323252556,0.9978572663983768,0.9980125858231202,0.9978572663983768,0.9980125858231202,-1.086530317506007e-19,-1.4827219610667782e-20
1880,17,5.064271450042725,7.723286749661742,8.885418150318673,6.675063080124396,6.369836637340514,-0.00038440925992302933,-0.00035264452790157596,0.9978570907604855,0.9979970363168568,0.9978570907604855,0.9979970363168568,5.432652543758614e-20,-7.911845105842389e-21
1881,17,5.470966815948486,8.001794973503843,8.79705583263719,6.523777846309092,6.3852307582373715,-0.00034639978542757275,-0.00035202005365417565,0.997979820678992,0.9979953147530704,0.997979820678992,0.9979953147530704,0.0,-7.12066059525815e-21
1882,17,5.384810924530029,8.215575146112096,8.738907763984681,6.524320514573073,6.399139733870943,-0.0002885424616808451,-0.0003456722944568426,0.9979009913874097,0.9979858824165042,0.9979009913874097,0.9979858824165042,0.0,-6.408594535732335e-21
1883,17,5.05058479309082,7.8358855548766675,8.64860554307388,6.581227535715976,6.417348514055446,-0.0002737608961527862,-0.00033848115462643694,0.9978508488446035,0.9979723790593141,0.9978508488446036,0.9979723790593141,5.432686526953832e-20,-3.3504855520527016e-22
1884,17,5.256153106689453,7.881411473582997,8.571886136124792,6.536097314050856,6.429223394054986,-0.0003204672322463636,-0.0003366797623884296,0.9979763412458357,0.9979727752779662,0.9979763412458357,0.9979727752779662,0.0,-3.0154369968474314e-22
1885,17,5.392161846160889,8.65683832915038,8.580381355427352,6.439001451106145,6.430201199760102,-0.0001844409185764384,-0.0003214558780072305,0.9978249900164392,0.9979579967518135,0.9978249900164392,0.9979579967518135,0.0,-2.7138932971626885e-22
1886,17,5.328213691711426,8.336021748108061,8.555945394695424,6.4416307691790085,6.431344156701993,-0.00012525867915391326,-0.0003018361581218988,0.9977517083720499,0.9979373679138371,0.9977517083720497,0.9979373679138371,2.7166131698599363e-20,2.4723627731152944e-21
1887,17,5.424559593200684,6.748266333093356,8.375177488535218,6.853876813795714,6.473597422411364,-0.00029202544320865636,-0.0003008550866305746,0.9978730704499053,0.9979309381674439,0.9978730704499053,0.9979309381674439,5.432565546621458e-20,7.657692042425224e-21
1888,17,5.311455726623535,6.37175011556904,8.1748347512386,7.177632574147284,6.544000937584957,-0.0004312428585390647,-0.00031389386382142366,0.997950124510382,0.9979328568017377,0.997950124510382,0.9979328568017377,0.0,6.891922838182702e-21
1889,17,5.121798038482666,6.492440297677256,8.006595305882467,7.153065603037026,6.604907404130164,-0.00038703957590540013,-0.0003212084350298213,0.9979359906194718,0.9979331701835111,0.9979359906194719,0.9979331701835111,0.0,6.202730554364432e-21
1890,17,4.91870641708374,6.557561637513644,7.861691939045585,7.095663820419214,6.653983045759069,-0.0003478253579447873,-0.00032387012732131796,0.9979269855598728,0.9979325517211473,0.9979269855598728,0.9979325517211473,0.0,5.582457498927989e-21
1891,17,5.313243865966797,6.082823456214578,7.683805090762484,7.088914899203353,6.697476231103497,-0.00035822379216667786,-0.00032730549380585397,0.997946640338216,0.9979339605828542,0.997946640338216,0.9979339605828542,-5.432165051019439e-20,-4.0795330198424837e-22
1892,17,5.078998565673828,5.964238491214914,7.511848430807727,7.132311096598412,6.74095971765299,-0.00032792851343771293,-0.00032736779576903987,0.9978549224954385,0.9979260567741126,0.9978549224954385,0.9979260567741126,0.0,-3.6715797178582356e-22
1893,17,5.1601176261901855,5.7099461769589555,7.331658205422849,7.263641483905206,6.793227894278211,-0.0003591349590287409,-0.00033054451209501,0.9978240068817847,0.9979158517848798,0.9978240068817846,0.9979158517848798,0.0,-3.304421746072412e-22
1894,17,5.065577983856201,4.775777334513683,7.076070118331933,7.372303985876624,6.851135503438053,-0.0004567735890851931,-0.00034316741979402833,0.9979295500237877,0.9979172216087706,0.9979295500237877,0.9979172216087706,0.0,-2.9739795714651707e-22
1895,17,5.018383979797363,4.767526516524149,6.845215758151155,7.503553769705309,6.916377330064779,-0.0004909595234440978,-0.0003579466301590353,0.9978986145099444,0.997915360898888,0.9978986145099444,0.997915360898888,0.0,-2.6765816143186537e-22
1896,17,4.9488701820373535,4.648452696860129,6.625539452022052,7.56565580341168,6.981305177399469,-0.0004655352542822808,-0.00036870549257135983,0.9978263559256974,0.9979064604015689,0.9978263559256975,0.9979064604015689,0.0,-2.4089234528867884e-22
1897,17,4.95477819442749,3.9698365290840365,6.35996915972825,7.659032863241796,7.0490779459837025,-0.0004801335591768633,-0.0003798482992319102,0.997763244356788,0.9978921387970909,0.9977632443567879,0.9978921387970909,0.0,-2.16803110759811e-22
1898,17,4.9885711669921875,3.3774070486517345,6.061712948620598,7.691458030220215,7.113315954407354,-0.0005821774646812832,-0.0004000812157768475,0.9979297096704127,0.9978958958844232,0.9979297096704127,0.9978958958844232,0.0,-1.9512279968382988e-22
1899,17,5.316387176513672,3.858549310895624,5.8413965848481,7.702431113563796,7.172227470322999,-0.0005909360955969496,-0.0004191667037588577,0.9980452242837606,0.997910828724357,0.9980452242837606,0.997910828724357,0.0,-1.756105197154469e-22
1900,17,5.072589874267578,4.7252455480770434,5.729781481170995,7.590994906062801,7.214104213896979,-0.00044725211945522005,-0.000421975245328494,0.9979345434058795,0.9979132001925093,0.9979345434058795,0.9979132001925093,0.0,-1.580494677439022e-22
1901,17,5.051797866821289,4.85535271623348,5.642338604677244,7.625700748006547,7.255263867307936,-0.0003652540861513706,-0.00041630312941078165,0.9977546842801174,0.9978973486012701,0.9977546842801175,0.9978973486012701,0.0,-1.42244520969512e-22
1902,17,5.289737701416016,3.1931572943858764,5.397420473648107,7.603766652066908,7.290114145783833,-0.00042309388637963596,-0.00041698220510766706,0.997861849315623,0.9978937986727054,0.9978618493156229,0.9978937986727054,-5.432626636788937e-20,-5.560646705661499e-21
1903,17,5.075750350952148,2.4207635815487327,5.09975478443817,7.637345616604817,7.324837292865932,-0.0005490476798378095,-0.0004301887525806813,0.9980515734777607,0.997909576153211,0.9980515734777607,0.997909576153211,1.0863187848174494e-19,5.8586058130791455e-21
1904,17,5.086764812469482,2.669533994922049,4.856732705486558,7.59856735467773,7.352210299047112,-0.0005715712628907,-0.0004443270036116831,0.9982237678634258,0.9979409953242324,0.9982237678634258,0.9979409953242324,1.0861313939720197e-19,1.613405917149143e-20
1905,17,5.090191841125488,3.2689193708283275,4.697951372020735,7.706666260546327,7.3876558951970335,-0.0004778621452990946,-0.00044768051778042427,0.9980284081111481,0.997949736602924,0.9980284081111481,0.997949736602924,0.0,1.4520653254342285e-20
1906,17,5.80891752243042,2.7250304695560836,4.50065928177427,7.901288235170881,7.439019129194419,-0.0004920133092888407,-0.00045211379693126596,0.9980553384303925,0.9979602967856709,0.9980553384303924,0.9979602967856709,1.0863146869096379e-19,2.3931734798004438e-20
1907,17,5.859052658081055,2.3531140284928185,4.285904756446126,7.749778610243582,7.4700950772993355,-0.0005723063396077012,-0.0004641330511989095,0.9984292626768005,0.9980071933747839,0.9984292626768005,0.9980071933747839,0.0,2.1538561318203995e-20
1908,16,5.78265380859375,3.864007460429262,4.2437150268444395,7.365388951620457,7.459624464731448,-0.0001035003559090296,-0.00042806978166992155,0.9981830900864395,0.9980247830459495,0.9981830900864394,0.9980247830459495,1.357719569753e-20,2.0742424756136598e-20
1909,16,5.5330729484558105,2.6827812101978443,4.08762164517978,7.674322168973748,7.481094235155679,-0.00018558895633249387,-0.00040382169913617875,0.9981084613778088,0.9980331508791355,0.9981084613778088,0.9980331508791355,-5.431284346537099e-20,1.3236897933985837e-20
1910,16,5.29079008102417,1.3540342303919246,3.8142629037009947,7.948174708529073,7.527802282493018,-0.0003828842666249978,-0.00040172795588506066,0.9983426711933704,0.998064102910559,0.9983426711933703,0.998064102910559,5.430010174710362e-20,1.7343218315297617e-20
1911,16,5.0006866455078125,1.2669992471096858,3.559536538041864,7.934339567818616,7.568456011025578,-0.0004072358948514581,-0.00040227874978170043,0.9984265796137108,0.9981003505808743,0.9984265796137108,0.9981003505808743,0.0,1.5608896483767856e-20
1912,16,4.734612941741943,1.2875271582987537,3.332335600067553,7.804315662600989,7.59204197618312,-0.00031865264150060394,-0.0003939161389535908,0.9985279213303181,0.9981431076558187,0.9985279213303181,0.9981431076558187,0.0,1.404800683539107e-20
1913,16,4.745323181152344,1.299040391083267,3.1290060791691245,7.82045869769107,7.614883648333915,-0.0003212219306510689,-0.0003866467181233386,0.9985220345112883,0.9981810003413656,0.9985220345112883,0.9981810003413656,0.0,1.2643206151851965e-20
1914,16,5.209606647491455,0.676234337673177,2.88372890501953,8.087706245725263,7.66216590807305,-0.0003187817919209468,-0.00037986022550309947,0.9984133381766286,0.998204234124892,0.9984133381766285,0.998204234124892,0.0,1.1378885536666769e-20
1915,16,5.395008087158203,-0.4785476172906914,2.547501252788508,8.098020237533706,7.705751341019116,-0.00040921943223607316,-0.00038279614617639686,0.9986010279180023,0.998243913504203,0.9986010279180023,0.998243913504203,0.0,1.0240996983000092e-20
1916,16,5.5091471672058105,-0.7316896062970696,2.2195821668799502,7.920148382592349,7.72719104517644,-0.00035390791187571837,-0.00037990732274632903,0.9987818973306659,0.9982977118868493,0.9987818973306659,0.9982977118868493,0.0,9.216897284700083e-21
1917,16,5.635096073150635,-0.5968379066869832,1.937940159523257,8.08496226271442,7.762968166930238,-0.000277252731037638,-0.00036964186357545993,0.9985464783761894,0.9983225885357834,0.9985464783761893,0.9983225885357834,0.0,8.295207556230075e-21
1918,16,5.354128837585449,-1.901370266714267,1.5540091168995047,8.118072377011341,7.798478587938349,-0.00035987361905571416,-0.00036866503912348533,0.998893744504808,0.9983797041326858,0.9988937445048078,0.9983797041326858,0.0,7.465686800607068e-21
1919,16,4.940229415893555,-2.0359717645367112,1.195011028755883,8.162744926517632,7.834905221796278,-0.0002830629533172447,-0.0003601048305428613,0.9990107449928203,0.9984428082186994,0.9990107449928203,0.9984428082186994,5.426378934959785e-20,1.2145497055506146e-20
1920,16,5.734399318695068,-1.307587955517161,0.9447511303285786,8.128541681215594,7.864268867738209,-0.00030191506248263006,-0.00035428585373683814,0.9992911774437878,0.9985276451412082,0.9992911774437878,0.9985276451412082,-5.424856122811577e-20,5.5060912271439555e-21
1921,16,5.8162126541137695,-0.618435449788982,0.7884324723168226,8.054315029013724,7.883273483865761,-0.00014714512097740992,-0.0003335717804608953,0.9991652677603191,0.9985914074031192,0.9991652677603191,0.9985914074031192,0.0,4.95548210442956e-21
1922,16,5.676421165466309,-0.4849518931375008,0.6610940357713903,8.071187622267871,7.902064897705972,-0.00010687425755060772,-0.00031090202816986656,0.9990844039497726,0.9986407070577846,0.9990844039497725,0.9986407070577846,-1.356494716811748e-20,3.1034391771748558e-21
1923,16,5.630753517150879,-1.2883345762466225,0.466151174569589,8.21301028573414,7.933159436508789,-0.0001783377272216885,-0.00029764559807504877,0.9991368851317557,0.9986903248651818,0.9991368851317557,0.9986903248651818,0.0,2.7930952594573704e-21
1924,16,5.420598030090332,-2.1215696948576777,0.2073790876268623,8.431251395346568,7.982968632392566,-0.0002393305426805379,-0.00029181409253559767,0.9991692392830459,0.9987382163069682,0.9991692392830459,0.9987382163069682,2.712759084896053e-20,5.226544818407686e-21
1925,16,5.50233793258667,-3.1269918990094707,-0.126058011036771,8.64758703181144,8.049430472334453,-0.0004071819585271202,-0.0003033508791347499,0.9993829009140994,0.9988026847676814,0.9993829009140994,0.9988026847676814,-5.424358228932193e-20,-7.204678923652758e-22
1926,16,5.504640579223633,-3.0401014880376556,-0.4174623587368595,8.546163154262903,8.099103740527298,-0.00039561530311126107,-0.000312577321532401,0.9994824848730521,0.9988706647782185,0.999482484873052,0.9988706647782185,0.0,-6.484211031287482e-22
1927,16,5.465649127960205,-2.3233589757619506,-0.6080520204393687,8.483938537648628,8.13758722023943,-0.0003367906765792846,-0.0003149986570370894,0.999421612407668,0.9989257595411635,0.9994216124076679,0.9989257595411635,0.0,-5.835789928158734e-22
1928,16,5.499566078186035,-1.978424287640812,-0.7450892471595131,8.320564667408746,8.155884964956362,-0.00022981311928285938,-0.0003064801032616664,0.9993445430984581,0.9989676378968929,0.9993445430984581,0.9989676378968929,0.0,-5.252210935342861e-22
1929,16,5.440401554107666,-2.150721966056226,-0.8856525190491844,8.329957995044367,8.173292267965163,-0.00022693211066829278,-0.00029852530400232907,0.9992773957453094,0.9989986136817346,0.9992773957453094,0.9989986136817346,0.0,-4.726989841808575e-22
1930,16,5.7205424308776855,-3.347063837858368,-1.1317936509301028,8.240158928645771,8.179978934033224,-0.00029862822354337836,-0.00029853559595643405,0.9993021182869763,0.9990289641422588,0.9993021182869763,0.9990289641422588,-5.424796728861465e-20,-5.850225814624237e-21
1931,16,5.665525436401367,-3.882296606899747,-1.4068439465270672,8.027662468615079,8.16474728749141,-0.00040077798906779967,-0.00030875983526757063,0.9995121341258135,0.9990772811406143,0.9995121341258134,0.9990772811406143,0.0,-5.265203233161813e-21
1932,16,5.522624969482422,-3.0026688743385677,-1.5664264393082172,7.967105150804091,8.14498307382268,-0.0002850900442324371,-0.0003063928561640573,0.9993415179957417,0.9991037048261271,0.9993415179957417,0.9991037048261271,0.0,-4.738682909845632e-21
1933,16,5.289052486419678,-3.1539287116058543,-1.725176666537981,7.8050242421466764,8.110987190655079,-0.0003083312337445415,-0.0003065866939221057,0.9995059477001541,0.9991439291135299,0.9995059477001541,0.9991439291135299,5.423690449167585e-20,1.1588758303065164e-21
1934,16,5.439784049987793,-2.5559161883271315,-1.8082506187168963,7.525691914535239,8.052457663043095,-0.0001685962026703482,-0.00029278764479692996,0.9994227687605718,0.9991718130782341,0.9994227687605718,0.9991718130782341,0.0,1.0429882472758648e-21
1935,16,5.228323459625244,-2.287678950484872,-1.856193451893694,7.509543124474587,7.998166209186245,-0.00015389595652430017,-0.000278898475969667,0.9991813118776988,0.9991727629581806,0.9991813118776988,0.9991727629581806,0.0,9.386894225482783e-22
1936,16,5.631318092346191,-2.936150244509087,-1.9641891311552335,7.701891791155529,7.968538767383174,-0.00032147046785540006,-0.00028315567515824035,0.9989869293693164,0.9991541795992942,0.9989869293693164,0.9991541795992942,0.0,8.448204802934505e-22
1937,16,5.224752902984619,-2.9382918816720056,-2.0615994062069105,7.204007675862599,7.8920856582311165,-0.0003144616685013661,-0.0002862862744925529,0.9990962219953565,0.9991483838389005,0.9990962219953565,0.9991483838389005,0.0,7.603384322641055e-22
1938,17,5.668235778808594,-2.796622284519975,-2.135101694038217,7.672676290112472,7.870144721419252,-0.0005133503923077744,-0.00030899268627407507,0.9985192312544636,0.9990854685804568,0.9985192312544635,0.9990854685804568,0.0,6.84304589037695e-22
1939,17,5.951798439025879,-4.345259700768994,-2.3561174947112944,7.615956511480747,7.844725900425402,-0.0006123993511576496,-0.00033933335276243253,0.9984953113121785,0.999026452853629,0.9984953113121785,0.999026452853629,1.0858360176581038e-19,1.1474234306714965e-20
1940,17,5.433236598968506,-5.498724326478188,-2.670378177887984,7.546924304819458,7.8149457408648075,-0.0007811207694054847,-0.0003835120944267378,0.9986447248603273,0.9989882800542988,0.9986447248603274,0.9989882800542988,0.0,1.0326810876043468e-20
1941,17,5.519649028778076,-5.302583615206456,-2.9335987216198314,7.090400056317504,7.742491172410077,-0.0006706616130729546,-0.00041222704629135945,0.9987238882380239,0.9989618408726715,0.9987238882380239,0.9989618408726715,1.0855875034673334e-19,2.0150004823112457e-20
1942,17,6.002526760101318,-3.8308164668768954,-3.0233204961455376,6.581603921301739,7.6264024472992435,-0.0004133940222691491,-0.0004123437438891384,0.9983724175029165,0.998902898535696,0.9983724175029166,0.998902898535696,0.0,1.8135004340801212e-20
1943,17,5.776175022125244,-4.399323066235746,-3.1609207531545587,6.551971948630319,7.518959397432351,-0.0004456237996415653,-0.0004156717494643811,0.9982939549680414,0.9988420041789305,0.9982939549680414,0.9988420041789305,0.0,1.6321503906721092e-20
1944,17,5.317504405975342,-4.523106131594806,-3.2971392909985835,6.457211991427513,7.412784656831867,-0.0005682121986936537,-0.0004309257943873084,0.9982719100426877,0.9987849947653062,0.9982719100426877,0.9987849947653062,1.0860790147236962e-19,2.5550143663285947e-20
1945,17,5.263471603393555,-3.876062855948327,-3.3550316474935578,5.799814837331267,7.251487674881807,-0.0004393237504374285,-0.00043176558999232043,0.998478301649702,0.9987543254537459,0.9984783016497021,0.9987543254537459,-5.429272577552101e-20,1.7565856719405252e-20
1946,17,5.611374855041504,-2.544991973313536,-3.2740276800755557,5.648094649600656,7.091148372353692,-0.0002733518491221667,-0.0004159242159053051,0.9982643623607791,0.9987053291444492,0.9982643623607791,0.9987053291444492,0.0,1.5809271047464726e-20
1947,17,5.5029096603393555,-2.3752214907294484,-3.184147061140945,5.657122798124795,6.947745814930802,-0.0002288619865764076,-0.00039721799297241534,0.9981772875391483,0.9986525249839191,0.9981772875391481,0.9986525249839191,0.0,1.4228343942718254e-20
1948,17,5.164951324462891,-2.4691239442501525,-3.112644749451866,5.8677372126782235,6.8397449547055444,-0.00028735532113873614,-0.00038623172578904747,0.9981626066083713,0.9986035331463644,0.9981626066083713,0.9986035331463644,0.0,1.2805509548446429e-20
1949,17,5.169037342071533,-2.2171783643803296,-3.023098110944712,6.227590582558463,6.778529517490837,-0.00032203581542179864,-0.0003798121347523226,0.9980542633415621,0.9985486061658843,0.998054263341562,0.9985486061658843,0.0,1.1524958593601787e-20
1950,17,4.915140628814697,-2.1144768863264565,-2.9322359884828866,6.342938549545482,6.7349704206963015,-0.0002622237424484822,-0.0003680532955219386,0.9978756024616806,0.9984813057954639,0.9978756024616806,0.9984813057954639,0.0,1.0372462734241609e-20
1951,17,5.036609649658203,-2.6006789810441697,-2.899080287739015,6.39033891124996,6.700507269751668,-0.0003291742059211036,-0.00036416538656185507,0.9979488112728484,0.9984280563432024,0.9979488112728484,0.9984280563432024,5.432153233905069e-20,1.4767369694722517e-20
1952,17,5.242461681365967,-2.8618370598664287,-2.895355964951756,6.441693035121863,6.674625846288688,-0.000534546239632984,-0.00038120347186896793,0.9981557772749357,0.9984008284363758,0.9981557772749358,0.9984008284363758,0.0,1.3290632725250265e-20
1953,17,5.218990802764893,-1.9956413534175905,-2.80538450379834,6.3600053342254395,6.643163795082364,-0.0003892590226834591,-0.00038200902695041704,0.9978911651065848,0.9983498621033967,0.9978911651065848,0.9983498621033967,0.0,1.1961569452725239e-20
1954,17,5.495095252990723,-1.533101852056512,-2.6781562386241573,6.541972374099091,6.6330446529840374,-0.00032517337429871366,-0.0003763254616852467,0.9974452301056767,0.9982593989036247,0.9974452301056767,0.9982593989036247,0.0,1.0765412507452715e-20
1955,17,5.037292957305908,-3.46193667758115,-2.7565342825198567,6.563460158631874,6.626086203548821,-0.0005943560041494566,-0.0003981285159316677,0.9977665538301483,0.998210114396277,0.9977665538301482,0.998210114396277,-1.0866291000871436e-19,-1.1774197441639939e-21
1956,17,4.751143932342529,-3.6215720210685425,-2.8430380563747253,6.388674058063789,6.6023449890003185,-0.000626890546226789,-0.00042100471896117987,0.9979006128271015,0.9981791642393595,0.9979006128271015,0.9981791642393595,1.0864831212137513e-19,9.805153442389919e-21
1957,17,4.903931617736816,-2.108247797808225,-2.7695590305180753,6.2207420343072295,6.5641846935310095,-0.0004556975001890086,-0.00042447399708396273,0.9977031181737412,0.9981315596327978,0.9977031181737411,0.9981315596327978,-5.433490949041518e-20,3.391147149109408e-21
1958,17,4.7909770011901855,-1.665553712481134,-2.659158498714381,6.31637969277491,6.5394041934553995,-0.00034019786746606473,-0.000416046384122173,0.9973306306024219,0.9980514667297602,0.9973306306024219,0.9980514667297602,0.0,3.0520324341984674e-21
1959,17,4.946400165557861,-3.308691030136287,-2.7241117518565714,6.245842244126639,6.5100479985225235,-0.0005359404178105696,-0.00042803578749101267,0.9976879210047832,0.9980151121572625,0.9976879210047832,0.9980151121572625,1.086714742816162e-19,1.3613976618940243e-20
1960,17,4.830671787261963,-3.055591980283112,-2.7572597746992256,6.196155800391176,6.478658778709389,-0.0005183500203619809,-0.0004370672107781095,0.9976855039888191,0.9979821513404181,0.9976855039888191,0.9979821513404181,0.0,1.2252578957046219e-20
1961,17,5.314759254455566,-1.9910461586457524,-2.6806384130938783,6.072602277102963,6.438053128548746,-0.000542536722779068,-0.0004476141619782054,0.9978266303435599,0.9979665992407324,0.9978266303435599,0.9979665992407324,1.08656367701091e-19,2.1892957831450697e-20
1962,17,5.052365303039551,-0.8770182294765259,-2.5002763947321434,5.9035853117822805,6.384606346872099,-0.00031378267091641484,-0.00043423101287202634,0.9975019209736119,0.9979201314140203,0.9975019209736118,0.9979201314140203,0.0,1.9703662048305628e-20
1963,17,5.353706359863281,-1.6145595219771307,-2.4117047074566424,6.058811993512288,6.352026911536118,-0.0004211541205015677,-0.00043292332363498046,0.9974137242907576,0.9978694907016941,0.9974137242907576,0.9978694907016941,5.435067445339498e-20,2.3168363288814563e-20
1964,17,5.2565436363220215,-1.7971627856748766,-2.350250515278466,6.014148417305783,6.3182390621130855,-0.00045603919216755123,-0.00043523491048823754,0.9975137854161495,0.9978339201731397,0.9975137854161495,0.9978339201731397,-5.434522250903979e-20,1.541700470902913e-20
1965,17,5.21454381942749,-1.3982873408694283,-2.2550541978375622,5.911391892474958,6.277554345149273,-0.0005046165925487994,-0.0004421730786942937,0.9976801130065802,0.9978185394564838,0.9976801130065802,0.9978185394564838,0.0,1.3875304238126217e-20
1966,17,5.078661918640137,-0.8263006475132805,-2.1121788428051342,5.683034696052096,6.218102380239555,-0.00036105697583584486,-0.0004340614684084488,0.9975134823380979,0.9977880337446453,0.9975134823380979,0.9977880337446453,-5.434523902094109e-20,7.053249912219485e-21
1967,17,4.653594970703125,-1.0613892433133116,-2.007099882855952,5.70453948166234,6.166746090381834,-0.0004033650866459069,-0.0004309918302321946,0.9973355911935723,0.997742789489538,0.9973355911935722,0.997742789489538,-5.435493238479405e-20,9.12431682518131e-22
1968,17,4.762226581573486,-1.641862638983699,-1.970576158468727,5.6009377537215155,6.110165256715803,-0.0005348638548347217,-0.0004413790326924473,0.9976759900789535,0.9977361095484796,0.9976759900789535,0.9977361095484796,-1.0867277385313276e-19,-1.004608887104696e-20
1969,17,4.633331775665283,-0.8000336013928342,-1.8535219027611376,5.487549870044565,6.047903718048679,-0.00044736391046770074,-0.00044197752046997265,0.9975994371158975,0.9977224423052213,0.9975994371158975,0.9977224423052213,0.0,-9.041479983942263e-21
1970,17,4.862329483032227,-0.4423506273573667,-1.7124047752207605,5.448968659039843,5.988010212147795,-0.0003498560877013578,-0.00043276537719311116,0.997444097501539,0.9976946078248531,0.997444097501539,0.9976946078248531,0.0,-8.137331985548038e-21
1971,17,4.80663537979126,-1.7958385242495198,-1.7207481501236366,5.5276245184160215,5.941971642774618,-0.00048579490763595576,-0.00043806833023739565,0.9974543500765669,0.9976705820500245,0.9974543500765668,0.9976705820500245,0.0,-7.323598786993234e-21
1972,17,4.780854225158691,-2.2009753174758506,-1.768770866858858,5.403751598462905,5.888149638343448,-0.000531335925822153,-0.0004473950897958714,0.9975929295678587,0.9976628168018079,0.9975929295678587,0.9976628168018079,0.0,-6.591238908293911e-21
1973,17,5.188276290893555,-1.997622852508464,-1.7916560654238187,5.0573506628204035,5.805069740791144,-0.0005981207941279048,-0.00046246766022907474,0.9978510197504916,0.9976816370966763,0.9978510197504916,0.9976816370966763,0.0,-5.93211501746452e-21
1974,17,4.965156078338623,-0.8867090883570026,-1.701161367717137,4.775689377578804,5.70213170446991,-0.0004072382750228704,-0.0004569447217084543,0.9976197152061607,0.9976754449076248,0.9976197152061607,0.9976754449076248,0.0,-5.338903515718068e-21
1975,17,4.860210418701172,-0.6324066699781031,-1.5942858979432337,4.452275348137926,5.577146068836711,-0.0002474275819627608,-0.00043599300773388496,0.9974241517921724,0.9976503155960796,0.9974241517921723,0.9976503155960796,0.0,-4.8050131641462614e-21
1976,17,4.9313883781433105,-2.521180149208063,-1.6869753230697166,4.461101456675591,5.465541607620599,-0.0004376650787537281,-0.0004361602148358693,0.9977495824364847,0.9976602422801202,0.9977495824364847,0.9976602422801202,-5.433237916461484e-20,-9.75774976419312e-21
1977,17,4.482520580291748,-2.5608383913524717,-1.774361629897992,4.4083395790237505,5.359821404760914,-0.0005205815331871224,-0.0004446023466709946,0.9979337939540476,0.997687597447513,0.9979337939540477,0.997687597447513,0.0,-8.781974787773807e-21
1978,17,4.711492538452148,-1.4387274524214217,-1.7407982121503351,4.381906819739417,5.262029946258765,-0.0004477627055827521,-0.00044491838256217035,0.9978045332527982,0.9976992910280416,0.9978045332527982,0.9976992910280416,0.0,-7.903777308996427e-21
1979,17,4.52386999130249,-0.9793217668426552,-1.6646505676195673,4.29612813982284,5.165439765615172,-0.0002724244518103568,-0.000427668989486989,0.9974514457961683,0.9976745065048542,0.9974514457961683,0.9976745065048542,5.434861902576579e-20,-1.6785376755202046e-21
1980,17,4.5887556076049805,-2.4993591451975066,-1.7481214253773611,4.400529956258446,5.088948784679499,-0.0004795475448142211,-0.0004328568450197122,0.9976644447054257,0.9976735003249114,0.9976644447054258,0.9976735003249114,0.0,-1.5106839079681842e-21
1981,17,4.561958312988281,-2.8406108992401253,-1.8573703727636377,4.368018403367995,5.016855746548349,-0.0005735065732113022,-0.0004469218178388712,0.9978644184173905,0.9976925921341593,0.9978644184173905,0.9976925921341593,0.0,-1.3596155171713658e-21
1982,17,4.654610633850098,-1.964520210229049,-1.868085356510179,4.428306620936176,4.958000833987132,-0.0006329167989651782,-0.0004655213159515019,0.9978087091492518,0.9977042038356685,0.9978087091492517,0.9977042038356685,-1.0865831922933537e-19,-1.2089485888387766e-20
1983,17,4.721735954284668,-0.7597774199119406,-1.757254562850355,4.038224941489904,4.866023244737409,-0.0004647277485988998,-0.0004654419592162417,0.9975929539041334,0.9976930788425149,0.9975929539041334,0.9976930788425149,0.0,-1.088053729954899e-20
1984,17,4.704958438873291,-0.42696720000198274,-1.6242258265655178,3.8837809428866676,4.7677990145523355,-0.0004891049064362109,-0.0004678082539382386,0.9975665970004587,0.9976804306583094,0.9975665970004586,0.9976804306583094,0.0,-9.79248356959409e-21
1985,17,4.552732467651367,-0.35382790836007516,-1.4971860347449737,3.662245125779843,4.657243625675086,-0.00038310790132876893,-0.00045933821867729166,0.9973983635909685,0.9976522239515754,0.9973983635909685,0.9976522239515754,5.435151149546772e-20,-3.37808406308791e-21
1986,17,4.2743730545043945,-1.2085462744367494,-1.4683220587141514,3.695140831660273,4.5610333462736055,-0.000498701208928915,-0.000463274517702454,0.9975910520801448,0.9976461067644323,0.9975910520801446,0.9976461067644323,0.0,-3.0402756567791193e-21
1987,17,4.617037296295166,-1.3980761701010471,-1.4612974698528411,3.9627413901281354,4.501204150659059,-0.0005887457595659499,-0.0004758216418888036,0.9976502410473005,0.9976465201927192,0.9976502410473005,0.9976465201927192,0.0,-2.7362480911012075e-21
1988,17,4.479791164398193,-0.45392810180588855,-1.360560533048146,3.853809742303926,4.436464709823546,-0.0005148463693829241,-0.00047972411463821564,0.9979690665823623,0.9976787748316835,0.9979690665823622,0.9976787748316835,0.0,-2.4626232819910868e-21
1989,17,4.630334854125977,0.8487507041330519,-1.1396294093300263,4.079583267372488,4.40077656557844,-0.0003181601382238964,-0.00046356771699678374,0.9977528012482139,0.9976861774733367,0.9977528012482139,0.9976861774733367,-5.433220388502744e-20,-7.649581342294722e-21
1990,17,4.546545028686523,0.8883573317470667,-0.9368307352223171,4.592228378374756,4.419921746858072,-0.0004863094662761402,-0.00046584189192471934,0.9978546782657056,0.9977030275525736,0.9978546782657057,0.9977030275525736,0.0,-6.88462320806525e-21
1991,17,4.463438034057617,1.6986799372769728,-0.673279667972388,4.721672640132941,4.450096836185558,-0.0004561058415626734,-0.00046486828688851474,0.9977284027586865,0.9977055650731849,0.9977284027586865,0.9977055650731849,-5.433353252687409e-20,-1.1629514139946134e-20
1992,17,4.561606407165527,1.888741615885256,-0.4170775395866237,4.860358489728846,4.491123001539887,-0.00039671476970508043,-0.0004580529351701713,0.9976025889965626,0.9976952674655226,0.9976025889965625,0.9976952674655226,-5.43403848608717e-20,-1.590060121203869e-20
1993,17,4.3787431716918945,1.4133230086996416,-0.23403748475799716,5.1905663869336784,4.5610673400792665,-0.00046522279073511166,-0.00045876992072666536,0.9975507292300626,0.9976808136419766,0.9975507292300627,0.9976808136419766,0.0,-1.431054109083482e-20
1994,17,4.435351848602295,1.0246688319133692,-0.10816685309086052,5.248633761790431,4.629823982250383,-0.0005048557243687043,-0.0004633785010908693,0.9978151822969115,0.9976942505074701,0.9978151822969115,0.9976942505074701,0.0,-1.2879486981751339e-20
1995,17,4.595703125,1.5312093028857805,0.0557707625068036,5.535120096451873,4.7203535936705325,-0.000481998805697497,-0.0004652405315515321,0.9977955736657667,0.9977043828232997,0.9977955736657665,0.9977043828232997,0.0,-1.1591538283576206e-20
1996,17,4.729016304016113,1.6148518052199565,0.21167886677811892,6.140103892475939,4.862328623551073,-0.0004860380615230375,-0.00046732028454868265,0.9975288844665262,0.9976868329876224,0.9975288844665263,0.9976868329876224,0.0,-1.0432384455218586e-20
1997,17,4.847428321838379,0.7489433786671456,0.2654053179670216,6.29332580297836,5.0054283414938014,-0.0006241375472443906,-0.0004830020108182535,0.9978968375082374,0.9977078334396839,0.9978968375082373,0.9977078334396839,1.0864872316789508e-19,1.4757263070927806e-21
1998,17,4.997371673583984,1.9908650075427443,0.4379512869245939,6.487401845603994,5.153625691904821,-0.0006113796873969788,-0.000495839778476126,0.9978428171987244,0.997721331815588,0.9978428171987245,0.997721331815588,0.0,1.3281536763835025e-21
1999,17,4.572277545928955,2.479232575188606,0.6420794157509951,6.498470924202823,5.288110215134622,-0.0005026810688987117,-0.0004965239075183846,0.9975689204149087,0.9977060906755201,0.9975689204149087,0.9977060906755201,0.0,1.1953383087451523e-21
2000,17,4.876805782318115,1.2947794694792174,0.7073494211238174,6.535927224902082,5.412891916111368,-0.0006784427690746697,-0.0005147157936740131,0.9976647704141691,0.997701958649385,0.9976647704141691,0.997701958649385,0.0,1.075804477870637e-21
2001,17,4.8840250968933105,1.1264146617729625,0.749255945188732,6.455008333743826,5.517103557874615,-0.0007301953777285301,-0.0005362637520794648,0.9977626291163244,0.997708025696079,0.9977626291163244,0.997708025696079,0.0,9.682240300835733e-22
2002,17,5.108136177062988,1.7393777016533893,0.8482681208351978,6.254878710612971,5.59088107314845,-0.0007501720488558664,-0.000557654581757105,0.9978864848270671,0.9977258716091778,0.997886484827067,0.9977258716091778,0.0,8.71401627075216e-22
2003,17,4.575878143310547,2.908961372507171,1.054337446002395,5.951419744865234,5.626934940320129,-0.0005867079980690261,-0.0005605599233882971,0.9976069583314073,0.9977139802814008,0.9976069583314073,0.9977139802814008,1.0868029371997723e-19,1.1652290836365418e-20
2004,17,4.129428386688232,2.9567724923177505,1.2445809506339307,5.7871876830135935,5.6429602145894755,-0.0004977989403673064,-0.0005542838250861981,0.9973366281408341,0.9976762450673442,0.9973366281408341,0.9976762450673442,0.0,1.0487061752728877e-20
2005,17,3.9517221450805664,1.849981451308522,1.3051210007013898,5.697282128793462,5.648392406009874,-0.0006535279196265549,-0.0005642082345402338,0.9976954074531013,0.99767816130592,0.9976954074531011,0.9976781613059199,0.0,9.43835557745599e-21
2006,17,4.245395660400391,2.075400542779932,1.382148954909244,5.4862737022043655,5.632180535629323,-0.0006716434593702292,-0.0005749517570232334,0.9980312496572439,0.9977134701410525,0.9980312496572439,0.9977134701410524,-1.086340906517561e-19,-2.3688890454652194e-21
2007,17,4.336703300476074,3.9229173263580135,1.636225792054121,5.582668135533161,5.627229295619707,-0.00048782143758969033,-0.0005662387250798791,0.9976524600891571,0.9977073691358629,0.9976524600891571,0.9977073691358629,0.0,-2.1320001409186975e-21
2008,17,4.345559597015381,3.9969152071999505,1.8722947335687041,5.609285786733947,5.625434944731132,-0.00044693623939639154,-0.0005543084765115304,0.9975639501300101,0.9976930272352776,0.99756395013001,0.9976930272352776,0.0,-1.9188001268268276e-21
2009,17,4.023056983947754,3.2245737277494566,2.0075226329867792,5.843113332572578,5.647202783515277,-0.0005415483989303051,-0.0005530324687534079,0.9974158705402693,0.9976653115657768,0.9974158705402693,0.9976653115657768,0.0,-1.726920114144145e-21
2010,17,4.132699012756348,2.2913498215623753,2.035905351844339,5.63365103139345,5.645847608303094,-0.0006886199002707907,-0.0005665912119051462,0.9977199317572861,0.9976707735849277,0.9977199317572861,0.9976707735849277,1.0866798767625068e-19,9.312570664895338e-21
2011,17,4.237796306610107,3.479139930050458,2.180228809664951,5.276099512849686,5.608872798757753,-0.0006821625794028156,-0.0005781483486549132,0.9978293817202046,0.9976866343984554,0.9978293817202046,0.9976866343984554,0.0,8.381313598405805e-21
2012,17,4.221850872039795,4.079819860847097,2.3701879147831657,5.118894423731053,5.559874961255083,-0.0005383355508425239,-0.0005741670688736743,0.9976744401369708,0.997685414972307,0.9976744401369707,0.997685414972307,0.0,7.543182238565226e-21
2013,17,4.444011688232422,4.391362930171463,2.5723054163219956,5.237281884860956,5.527615653615671,-0.0004546578633960656,-0.0005622161483259134,0.9973315924385938,0.9976500327189357,0.9973315924385937,0.9976500327189357,-5.435515031838618e-20,1.3533489828700861e-21
2014,17,4.519501686096191,2.7633453422769385,2.59140940891749,5.108443405872864,5.48569842884139,-0.0005718891331531485,-0.0005631834468086369,0.9975502333337656,0.9976400527804188,0.9975502333337655,0.9976400527804188,-1.0868647374901135e-19,-9.650633290318058e-21
2015,17,4.487048625946045,2.4167862682805024,2.5739470948537915,5.035574448754956,5.4406860308327465,-0.0006526635734435499,-0.0005721314594721282,0.9977495470355389,0.9976510022059308,0.9977495470355389,0.9976510022059308,0.0,-8.685569961286252e-21
2016,17,4.284951210021973,3.602280394291265,2.676780424797539,4.91353230770417,5.387970658519889,-0.0005958963542056857,-0.000574507948945484,0.9977737060389766,0.9976632725892355,0.9977737060389766,0.9976632725892355,-1.0866213109479872e-19,-1.86832260746375e-20
2017,17,4.226133823394775,3.883724391108371,2.797474821428622,4.872641667867715,5.336437759454673,-0.0004971252759742201,-0.0005667696816483575,0.9976918658475985,0.9976661319150718,0.9976918658475986,0.9976661319150718,-1.0867104459796414e-19,-2.7682007926970163e-20
2018,17,4.207791328430176,3.449234157862902,2.86265075507205,5.038904089519222,5.306684392461127,-0.00045090842903923657,-0.0005551835563874454,0.9976061866782404,0.9976601373913887,0.9976061866782404,0.9976601373913887,0.0,-2.491380713427315e-20
2019,17,4.280588626861572,2.8659562023516076,2.8629812998000057,5.2937859498400295,5.3053945481990175,-0.0005078177550454569,-0.0005504469762532467,0.9976079176670976,0.9976549154189596,0.9976079176670977,0.9976549154189596,0.0,-2.2422426420845834e-20
2020,17,4.090404510498047,2.0677372713784323,2.7834568969578486,5.568003099761721,5.331655403355287,-0.0006315844225727864,-0.0005585607208852006,0.9976823180683612,0.9976576556838997,0.9976823180683613,0.9976576556838997,-1.0867208457544446e-19,-3.10473922363057e-20
2021,17,3.9312968254089355,1.5508337780848993,2.660194585070554,5.569155535783708,5.3554054165981295,-0.0006908163392449055,-0.0005717862827211711,0.9977973353214952,0.9976716236476593,0.9977973353214952,0.9976716236476593,0.0,-2.794265301267513e-20
2022,17,4.373414516448975,1.5316507433656474,2.5473402009000634,5.556774810005692,5.375542355938886,-0.000534344034180677,-0.0005680420578671217,0.9976647399380171,0.997670935276695,0.997664739938017,0.997670935276695,-1.0867399929888911e-19,-3.601578764129653e-20
2023,17,4.657745838165283,1.2024397897727819,2.4128501597873355,5.811112743057231,5.41909939465072,-0.0006196848301855903,-0.0005732063350989686,0.9977622405562576,0.9976800658046514,0.9977622405562577,0.9976800658046514,0.0,-3.241420887716688e-20
2024,17,4.5297441482543945,1.1005729262718522,2.2816224364357875,5.830056982270709,5.4601951534127195,-0.0006741166649893645,-0.0005832973680880082,0.9978971989637138,0.9977017791205577,0.9978971989637138,0.9977017791205577,1.0864868381346452e-19,-1.830791960810374e-20
2025,17,4.7037153244018555,1.5612481667429263,2.2095850094665015,5.8628127439987585,5.500456912471323,-0.0005622063999025811,-0.0005811882712694655,0.997653511651182,0.9976969523736201,0.9976535116511819,0.9976969523736201,0.0,-1.6477127647293367e-20
2026,17,4.6566877365112305,0.8645613138427454,2.075082639904126,5.83487541999235,5.5338987632234256,-0.0004762694062559778,-0.0005706963847681168,0.9974859979877005,0.9976758569350281,0.9974859979877005,0.9976758569350281,0.0,-1.482941488256403e-20
2027,17,4.542163372039795,-0.26969787947293417,1.84060458796642,5.878305348762164,5.568339421777299,-0.0006126732115620155,-0.0005748940674475066,0.9977104926465615,0.9976793205061816,0.9977104926465616,0.9976793205061816,0.0,-1.3346473394307627e-20
2028,17,4.585354328155518,-0.20552027410564297,1.6359921017592136,5.909456796722727,5.602451159271842,-0.0005948914948269312,-0.0005768938101854491,0.9976556704674961,0.9976769555023131,0.9976556704674961,0.9976769555023131,0.0,-1.2011826054876865e-20
2029,17,4.621004104614258,-0.4600640599189079,1.4263864855914015,5.930791139462911,5.635285157290949,-0.000538015017389359,-0.0005730059309058401,0.9973997547788842,0.9976492354299702,0.9973997547788843,0.9976492354299702,0.0,-1.0810643449389179e-20
2030,17,4.622557163238525,-1.1081068147419686,1.1729371555580643,5.635049039780467,5.635261545539901,-0.0005226171445405052,-0.0005679670522693067,0.9975919165473782,0.9976435035417109,0.9975919165473782,0.9976435035417109,0.0,-9.729579104450262e-21
2031,17,4.49837589263916,-0.651772964263997,0.9904661435758582,5.668493950356854,5.638584786021597,-0.00038369303966199244,-0.0005495396510085752,0.9973218487126678,0.9976113380588066,0.9973218487126678,0.9976113380588066,5.435568136228946e-20,-3.3210530577762897e-21
2032,17,4.942027568817139,-1.5490729574012156,0.7365122334781509,5.68079908433682,5.64280621585312,-0.000415939655900966,-0.0005361796514978144,0.997419497393985,0.9975921539923245,0.997419497393985,0.9975921539923245,0.0,-2.9889477519986607e-21
2033,17,5.190359592437744,-1.8689569318475292,0.47596531694558286,5.830401883208208,5.661565782588628,-0.0004289363830466862,-0.0005254553246527016,0.9974687292336716,0.9975798115164592,0.9974687292336716,0.9975798115164592,0.0,-2.6900529767987946e-21
2034,17,5.1709465980529785,-1.6186344589572144,0.26650533935530313,5.886894391196282,5.684098643449394,-0.0003999915678469257,-0.000512908948972124,0.9973850479968909,0.9975603351645024,0.997385047996891,0.9975603351645024,0.0,-2.421047679118915e-21
2035,17,5.702903747558594,-1.1147411059936785,0.12838069482040498,6.002648651236099,5.7159536442280645,-0.00017099314114963666,-0.0004787173681898753,0.9968693309639823,0.9974912347444503,0.9968693309639824,0.9974912347444505,0.0,-2.1789429112070237e-21
2036,17,5.717502593994141,-3.030421076265359,-0.18749948228817145,6.070481260544951,5.751406405859754,-0.00039243570308705234,-0.0004700892016795931,0.9971709345135453,0.99745920472136,0.9971709345135454,0.99745920472136,0.0,-1.9610486200863215e-21
2037,17,5.6514105796813965,-3.1436648087616375,-0.48311601493551803,6.072874636463034,5.783553228920082,-0.00043068823361981184,-0.00046614910487361496,0.997230951539663,0.9974363794031903,0.997230951539663,0.9974363794031903,0.0,-1.7649437580776894e-21
2038,17,5.094366073608398,-2.7122013500952575,-0.706024548451492,6.288866946437933,5.834084600671868,-0.00035891014065925935,-0.00045542520845217937,0.9968164144007833,0.9973743829029496,0.9968164144007832,0.9973743829029496,5.438324233140019e-20,3.8498748508700986e-21
2039,17,5.110225200653076,-3.840474269063427,-1.0194695205126856,6.219735943009001,5.872649734905581,-0.00039485977434487886,-0.00044936866504144933,0.9969194932726285,0.9973288939399175,0.9969194932726285,0.9973288939399175,5.437761924618152e-20,8.902649290401242e-21
2040,17,4.984999179840088,-3.7445546662664357,-1.2919780350880605,6.234444383992034,5.908829199814226,-0.00039616283615722737,-0.0004440480821530271,0.9968906569436384,0.9972850702402897,0.9968906569436383,0.9972850702402897,0.0,8.012384361361118e-21
2041,17,5.520901203155518,-4.290935602607468,-1.5918737918400014,6.2589133047274546,5.9438376103055495,-0.00039411218392048703,-0.0004390544923297731,0.9969849571009152,0.9972550589263522,0.9969849571009152,0.9972550589263522,5.437404871374409e-20,1.2648550796599415e-20
2042,17,5.676678657531738,-4.525628438275538,-1.885249256483555,6.50226840442582,5.999680689717577,-0.0004355800875552177,-0.00043870705185231756,0.9971295707631969,0.9972425101100367,0.9971295707631969,0.9972425101100367,0.0,1.1383695716939474e-20
2043,17,5.719488143920898,-3.186305529810794,-2.015354883816279,6.553498580552674,6.055062478801087,-0.00013558230760253644,-0.0004083945774273394,0.996885296776649,0.997206788776698,0.996885296776649,0.997206788776698,2.7189742290090635e-20,1.296430037425459e-20
2044,17,6.432847499847412,-4.331208497862351,-2.2469402452208866,7.567774627268359,6.206333693647815,-0.0003770235990525354,-0.00040525747958985905,0.9968603409314541,0.9971721439921737,0.9968603409314541,0.9971721439921737,5.438084594038715e-20,1.7105954930867847e-20
2045,17,5.8944993019104,-5.129151190628301,-2.535161339761628,8.058625462175014,6.391562870500535,-0.0004313820791500976,-0.00040786993954588293,0.997088502019637,0.9971637797949201,0.997088502019637,0.9971637797949201,0.0,1.5395359437781063e-20
2046,17,6.372142314910889,-5.03837359698543,-2.785482565484008,8.264654179503722,6.578872001400853,-0.00046104969975469434,-0.0004131879155667641,0.9972874455063099,0.9971761463660591,0.9972874455063099,0.9971761463660591,-5.435755645831223e-20,8.420067848171733e-21
2047,17,6.102468967437744,-4.117503970253725,-2.91868470596098,8.615145719887304,6.7824993732494985,-0.00031507589129179764,-0.0004033767131392674,0.9969538334977905,0.9971539150792323,0.9969538334977905,0.9971539150792323,5.4375746200885e-20,1.301563568344306e-20
2048,17,6.059378623962402,-5.170227341901806,-3.1438389695550626,8.814802113680274,6.985729647292577,-0.00048697985169699707,-0.0004117370269950404,0.997086956771395,0.9971472192484486,0.997086956771395,0.9971472192484486,5.436848637536047e-20,1.7150920752634803e-20
2049,17,6.478641510009766,-5.23908199937408,-3.3533632725369644,8.92967570124108,7.180124252687428,-0.0006978598305745852,-0.00044034930735299487,0.9972455188997912,0.9971570492135828,0.9972455188997912,0.9971570492135828,0.0,1.5435828677371323e-20
2050,17,6.210281848907471,-3.6688779155850004,-3.3849147368417682,8.457435584045774,7.307855385823262,-0.0005358141823251909,-0.00044989579485021447,0.997136153892749,0.9971549596814995,0.997136153892749,0.9971549596814995,0.0,1.389224580963419e-20
2051,17,5.572423934936523,-2.569632680210099,-3.3033865311786013,8.159456441596335,7.393015491400569,-0.00035239757675195577,-0.00044014597304038863,0.9968092076752776,0.9971203844808774,0.9968092076752776,0.9971203844808774,0.0,1.2503021228670773e-20
2052,17,6.393399238586426,-3.2938599523610748,-3.302433873296849,7.847475633487862,7.438461505609299,-0.0004637512586983428,-0.00044250650160618406,0.9968707173671831,0.9970954177695079,0.9968707173671831,0.9970954177695079,-5.438027988970179e-20,5.814691116833517e-21
2053,17,6.296112537384033,-4.650388269092095,-3.4372293128763736,7.667247476434616,7.461340102691831,-0.0005656531822508401,-0.0004548211696706497,0.9969731881294727,0.9970831948055044,0.9969731881294727,0.9970831948055044,0.0,5.233222005150165e-21
2054,17,5.721865653991699,-4.952335815203634,-3.5887399631090995,7.109964553438286,7.426202547766476,-0.0006237793860009516,-0.00047171699130367994,0.9973927398897537,0.9971141493139294,0.9973927398897537,0.9971141493139294,-1.0870363590227718e-19,-6.160463785592569e-21
2055,17,5.692019939422607,-4.279950729651978,-3.6578610397633877,7.0886037544970195,7.39244266843953,-0.0005045543115507582,-0.00047500072332838775,0.9971877486303524,0.9971215092455717,0.9971877486303524,0.9971215092455717,0.0,-5.5444174070333124e-21
2056,17,5.890361785888672,-4.139926375816293,-3.7060675733686783,6.867585651209123,7.33995696671649,-0.0003497222391195593,-0.00046247287490750486,0.9972001685039187,0.9971293751714064,0.9972001685039187,0.9971293751714064,-5.436231394305284e-20,-1.0426207060635265e-20
2057,17,6.165866374969482,-4.384691320901942,-3.7739299481220048,7.056987951068133,7.311660065151655,-0.0003693906915942608,-0.00045316465657618046,0.9973290958855633,0.9971493472428221,0.9973290958855632,0.9971493472428221,0.0,-9.38358635457174e-21
2058,17,5.988224506378174,-3.899002715605991,-3.7864372248704035,7.008641527588619,7.281358211395351,-0.00030661321452210463,-0.0004385095123707729,0.9973033862127059,0.9971647511398105,0.9973033862127059,0.9971647511398105,0.0,-8.445227719114565e-21
2059,17,6.2577314376831055,-4.5562024873608,-3.863413751119443,7.264699478226845,7.279692338078501,-0.0002088035202888012,-0.00041553891316257574,0.997171761098206,0.9971654521356501,0.9971717610982062,0.9971654521356501,0.0,-7.60070494720311e-21
2060,17,6.135964393615723,-6.082030026421772,-4.085275378649676,7.608350120712371,7.312558116341888,-0.0003380095411902955,-0.00040778597596534774,0.9974208910301756,0.9971909960251026,0.9974208910301756,0.9971909960251026,0.0,-6.840634452482799e-21
2061,17,6.296883583068848,-6.700261066641172,-4.346773947448826,7.891245047138394,7.37042680942154,-0.00045417887817986863,-0.0004124252661867998,0.9976464221742506,0.9972365386400175,0.9976464221742506,0.9972365386400175,0.0,-6.1565710072345194e-21
2062,17,6.255577564239502,-6.5725624231084225,-4.569352795014786,7.820297432184318,7.415413871697817,-0.000389662740280157,-0.00041014901359613556,0.9977530101585278,0.9972881857918685,0.9977530101585278,0.9972881857918685,5.433219250890765e-20,-1.0769465562030219e-22
2063,17,6.1605753898620605,-6.402169191105768,-4.752634434623884,8.012815088820007,7.475153993410037,-0.0003078027632197382,-0.00039991438855849584,0.9976142218737964,0.9973207894000613,0.9976142218737964,0.9973207894000613,0.0,-9.692519005827197e-23
2064,17,5.980439186096191,-7.421916147871512,-5.0195626059486464,7.999813172720173,7.52761991134105,-0.00046981947884566094,-0.0004069048975872124,0.9979379171924209,0.9973825021792972,0.9979379171924208,0.9973825021792972,0.0,-8.723267105244477e-23
2065,17,6.116543292999268,-7.217031257016431,-5.239309471055424,7.939202514362577,7.568778171643203,-0.0005414898931130368,-0.00042036339713979483,0.9981143477760203,0.9974556867389696,0.9981143477760203,0.9974556867389696,-1.0862504630870235e-19,-1.0941014034817436e-20
2066,17,6.1263346672058105,-6.04800933725101,-5.320179457674983,7.659343571641771,7.577834711643059,-0.0004078420805327258,-0.00041911126547908794,0.9979067600960686,0.9975007940746795,0.9979067600960686,0.9975007940746795,0.0,-9.846912631335692e-21
2067,17,6.391654968261719,-5.9881864448439,-5.386980156391875,7.57843021382664,7.577894261861418,-0.0003509995364452587,-0.00041230009257570507,0.9976250333757878,0.9975132180047903,0.9976250333757879,0.9975132180047903,0.0,-8.862221368202122e-21
2068,17,6.439477443695068,-6.659843835936739,-5.514266524346362,7.4059352201755,7.560698357692827,-0.00042629913493730806,-0.0004136999968118654,0.9978519373626997,0.9975470899405814,0.9978519373626998,0.9975470899405814,0.0,-7.97599923138191e-21
2069,17,6.5142083168029785,-7.555241756434005,-5.718364047555126,7.118349348273188,7.516463456750864,-0.0006672436544420474,-0.00043905436257488356,0.9984769037247232,0.9976400713189956,0.9984769037247233,0.9976400713189956,0.0,-7.17839930824372e-21
2070,17,6.333868503570557,-5.771101518000664,-5.7236377945996795,6.814703695386996,7.446287480614478,-0.0004109776470528915,-0.00043624669102268433,0.9981817773810252,0.9976942419251985,0.9981817773810252,0.9976942419251985,-5.430885421141302e-20,-1.189144479856065e-20
2071,17,6.44624137878418,-4.9744760023710235,-5.648721615376814,6.8993121301006894,7.391589945563099,-0.000306011866619689,-0.00042322320858238484,0.9979224648846988,0.9977170642211485,0.9979224648846988,0.9977170642211485,0.0,-1.0702300318704585e-20
2072,17,6.1194167137146,-5.878468315184378,-5.67169628535757,6.870985283526259,7.339529479359415,-0.0003805144354112344,-0.00041895233126526977,0.9980330436489667,0.9977486621639303,0.9980330436489665,0.9977486621639302,0.0,-9.632070286834127e-21
2073,17,5.935248374938965,-6.193322292963743,-5.7238588861181885,6.974712700228444,7.303047801446318,-0.0005012981039142581,-0.00042718690853016866,0.9980957591402028,0.9977833718615576,0.9980957591402028,0.9977833718615575,0.0,-8.668863258150714e-21
2074,17,6.0659050941467285,-5.745294139053444,-5.726002411411715,6.591928574081808,7.231935878709867,-0.00044425839063071576,-0.0004288940567402234,0.9982472847704165,0.9978297631524435,0.9982472847704165,0.9978297631524435,0.0,-7.801976932335644e-21
2075,17,5.541125774383545,-4.958089279005488,-5.649211098171092,6.690144011915337,7.177756692030414,-0.0004654294154959591,-0.00043254759261579696,0.9981220313073894,0.9978589899679381,0.9981220313073893,0.9978589899679381,0.0,-7.021779239102079e-21
2076,17,5.627320289611816,-5.029974225267549,-5.587287410880737,6.305199616219105,7.0905009844492835,-0.00047090335682967345,-0.0004363831690371846,0.9983627900929992,0.9979093699804442,0.9983627900929992,0.9979093699804442,0.0,-6.319601315191871e-21
2077,17,5.653805255889893,-4.477102257511424,-5.4762688955438055,6.392211190259041,7.020672005030259,-0.0004223135573223731,-0.0004349762078657035,0.9981818337015713,0.9979366163525569,0.9981818337015712,0.9979366163525569,0.0,-5.687641183672684e-21
2078,17,5.631974697113037,-4.410069464984965,-5.369648952487921,6.401745466359716,6.958779351163205,-0.00040471396437384506,-0.0004319499835165176,0.9981422348871399,0.9979571782060153,0.9981422348871399,0.9979571782060153,5.431100571593864e-20,3.122235062884489e-22
2079,17,5.5096540451049805,-4.843136243701587,-5.316997681609288,6.4027219084539215,6.903173606892277,-0.0004776261125069865,-0.0004365175964155645,0.998275310058196,0.9979889913912334,0.9982753100581959,0.9979889913912334,-5.430376578292311e-20,-5.1493754226327076e-21
2080,17,5.39085578918457,-4.847692015713476,-5.270067115019707,6.369791867667932,6.849835432969843,-0.000507217914511385,-0.00044358762822514655,0.9983446458305298,0.9980245568351631,0.9983446458305297,0.9980245568351631,-1.0859998869263724e-19,-1.549443674963316e-20
2081,17,5.619292259216309,-4.480805445759292,-5.191140948093666,6.600183428565095,6.824870232529368,-0.0005198437981987497,-0.00045121324522250686,0.9980267739572994,0.9980247785473768,0.9980267739572994,0.9980247785473768,-1.0863457782665577e-19,-2.480845085733542e-20
2082,17,5.708655834197998,-5.984231484199061,-5.270450001704205,6.340268850689436,6.776410094345375,-0.0006342743468474163,-0.00046951935538499785,0.9981704919954775,0.9980393498921869,0.9981704919954775,0.9980393498921869,1.0861893646225085e-19,-1.1465712125376796e-20
2083,17,5.7378973960876465,-6.818219067996463,-5.425226908333431,6.06765739132333,6.705534824043172,-0.0006442603790171008,-0.00048699345774820817,0.9982831948746134,0.9980637343904295,0.9982831948746134,0.9980637343904295,0.0,-1.0319140912839116e-20
2084,17,5.679804801940918,-6.833174808249709,-5.566021698325058,5.980760010499477,6.633057342688802,-0.0006239642790246418,-0.0005006905398758515,0.9983028805790639,0.9980876490092929,0.9983028805790639,0.9980876490092929,0.0,-9.287226821555205e-21
2085,17,5.497840404510498,-6.832206655972601,-5.692640194089813,5.6999234294611005,6.539743951366032,-0.0005687481765557344,-0.0005074963035438398,0.998332456869954,0.998112129795359,0.9983324568699539,0.998112129795359,-1.0860131462466678e-19,-1.9218635601866363e-20
2086,17,5.630948543548584,-6.825951040335052,-5.8059712787143365,5.7049699949462385,6.456266555724053,-0.0005372371747902363,-0.0005104703906684794,0.9982704203306015,0.9981279588488833,0.9982704203306014,0.9981279588488833,0.0,-1.7296772041679728e-20
2087,17,5.7511210441589355,-7.509568515953031,-5.976331002438206,5.72442336086247,6.383082236237895,-0.0005299020194053026,-0.0005124135535421617,0.998271654756045,0.9981423284395994,0.9982716547560448,0.9981423284395994,0.0,-1.5567094837511754e-20
2088,17,5.999573230743408,-7.92430647295523,-6.171128549489909,5.850024279258271,6.329776440539933,-0.0005554111867905743,-0.000516713316867003,0.9983650358664482,0.9981645991822843,0.9983650358664482,0.9981645991822843,1.0859777070864275e-19,-3.150608282896306e-21
2089,17,6.180736064910889,-7.830834301736173,-6.337099124714536,5.769130841140436,6.273711880599984,-0.0005833092505962994,-0.0005233729102399327,0.9986075237899679,0.9982088916430527,0.9986075237899679,0.9982088916430527,0.0,-2.8355474546066755e-21
2090,17,5.951756000518799,-6.634275617474434,-6.366816773990526,5.673195771200405,6.213660269660026,-0.00041998908316661786,-0.0005130345275326013,0.9984827528884707,0.9982362777675946,0.9984827528884707,0.9982362777675946,5.429248373840507e-20,2.8772556646945e-21
2091,17,5.766396999359131,-6.425058801936984,-6.3726409767851715,5.709261924081232,6.163220435102146,-0.00036748921913822073,-0.0004984799966931632,0.9983555531168942,0.9982482053025246,0.9983555531168941,0.9982482053025246,0.0,2.58953009822505e-21
2092,17,6.360908031463623,-7.217646759626902,-6.457141555069345,5.848350158270927,6.131733407419024,-0.0003260069197872885,-0.0004812326890025758,0.9981218667000679,0.9982355714422789,0.9981218667000679,0.9982355714422789,0.0,2.330577088402545e-21
2093,17,6.151317119598389,-8.466228350599952,-6.658050234622406,5.8475266463547255,6.103312731312595,-0.0005185408596979027,-0.00048496350607210847,0.9984443568831294,0.998256449986364,0.9984443568831294,0.998256449986364,-1.085891432017391e-19,-8.76139494061162e-21
2094,17,6.061659812927246,-8.542030432025657,-6.846448254362731,5.850887574913859,6.078070215672722,-0.0005301605058986332,-0.0004894832060547609,0.998456961226739,0.9982765011104016,0.9984569612267389,0.9982765011104016,1.085877723916528e-19,2.973521792614822e-21
2095,17,6.21182918548584,-8.614892796692121,-7.023292708595671,5.978407079690286,6.068103902074479,-0.000481327516494364,-0.0004886676370987212,0.9982202260807165,0.998270873607433,0.9982202260807165,0.998270873607433,5.43067623836063e-20,8.10684585171397e-21
2096,17,6.163974285125732,-9.811431934208285,-7.302106631156933,5.88751528795065,6.050045040662096,-0.0006315797994055875,-0.0005029588533294079,0.9985884419413432,0.998302630440824,0.9985884419413433,0.9983026304408241,1.0857347501216022e-19,1.8153508767758596e-20
2097,17,5.881479263305664,-9.288967521741727,-7.500792720215412,5.885992879460557,6.033639824541942,-0.0005414637040061401,-0.0005068093383970811,0.9986860898763196,0.9983409763843736,0.9986860898763196,0.9983409763843737,1.0856285908816208e-19,2.719444379979895e-20
2098,17,6.100099086761475,-8.702171084354212,-7.620930556629293,5.801798607340241,6.010455702821772,-0.0003557699553149489,-0.0004917054000888679,0.9985985905516326,0.9983667378010995,0.9985985905516326,0.9983667378010996,0.0,2.4474999419819054e-20
2099,17,6.698795318603516,-10.26355531692342,-7.885193032658706,6.315477650443212,6.040957897583916,-0.0004697383017436777,-0.0004895086902543488,0.9985065323295569,0.9983807172539453,0.9985065323295568,0.9983807172539454,0.0,2.202749947783715e-20
2100,17,6.527637481689453,-11.010248678593838,-8.19769859725222,6.456410019339858,6.082503109759511,-0.000566354937425429,-0.0004971933149714568,0.9988169489087447,0.9984243404194253,0.9988169489087447,0.9984243404194254,0.0,1.9824749530053435e-20
2101,17,6.386970520019531,-10.087141580537352,-8.386642895580733,6.325033614049082,6.106756160188469,-0.0005288445505087975,-0.0005003584385251909,0.9991419780254946,0.9984961041800323,0.9991419780254946,0.9984961041800324,0.0,1.784227457704809e-20
2102,17,6.801002025604248,-9.235953736945948,-8.471573979717254,6.599314052728212,6.156011949442442,-0.000387392194931464,-0.0004890618141658182,0.9988957495198072,0.9985360687140098,0.9988957495198072,0.9985360687140099,0.0,1.6058047119343282e-20
2103,17,7.059665203094482,-10.622661866399147,-8.686682768385444,7.249018176333789,6.265312572131577,-0.0006475659995655065,-0.000504912232705787,0.9989291219193098,0.9985753740345398,0.9989291219193098,0.9985753740345399,0.0,1.4452242407408954e-20
2104,16,6.707808494567871,-11.498907004042369,-8.967905191951136,7.046565821259619,6.343437897044382,-0.0005514735064720389,-0.0005095683600824122,0.9992816225611114,0.998645998887197,0.9992816225611115,0.9986459988871971,0.0,1.300701816666806e-20
2105,16,6.598922252655029,-11.828088442792506,-9.253923517035274,7.022026220951912,6.411296729435135,-0.0007072436521789376,-0.0005293358892920647,0.9996016089100775,0.9987415598894851,0.9996016089100774,0.9987415598894852,-1.0846342811189269e-19,8.599735388119847e-22
2106,16,6.310652256011963,-10.261381301479416,-9.354669295479688,6.827048553417837,6.452871911833405,-0.0004991443160032042,-0.0005263167319631786,0.999498154953053,0.998817219395842,0.999498154953053,0.998817219395842,0.0,7.739761849307862e-22
2107,16,6.239762783050537,-10.703521229410539,-9.489554488872773,7.032458917718956,6.510830612421961,-0.0004802354547478923,-0.0005217086042416501,0.9993256305831666,0.9988680605145744,0.9993256305831666,0.9988680605145744,0.0,6.965785664377076e-22
2108,16,6.393148899078369,-11.822958223700576,-9.722894862355554,7.132933430732803,6.573040894253045,-0.0006130531267284295,-0.000530843056490328,0.9996997485729118,0.9989512293204083,0.9996997485729117,0.9989512293204083,-1.0845278035062243e-19,-1.0218357325268306e-20
2109,16,6.566707611083984,-11.597397116133427,-9.910345087733342,6.950898309250427,6.610826635752783,-0.000597577677976555,-0.0005375165186389506,1.000016948885035,0.9990578012768709,1.0000169488850348,0.9990578012768709,0.0,-9.196521592741476e-21
2110,16,6.810153007507324,-10.893220211191686,-10.008632600079176,7.097000755114152,6.659444047688921,-0.00045245829209352204,-0.0005290106959844078,0.9998937723965675,0.9991413983888406,0.9998937723965675,0.9991413983888406,0.0,-8.276869433467328e-21
2111,16,6.5755510330200195,-10.801889634289248,-10.087958303500184,7.220103018888582,6.715509944808887,-0.0004157122850572855,-0.0005176808548916956,0.9997903273620692,0.9992062912861635,0.9997903273620692,0.9992062912861635,0.0,-7.449182490120595e-21
2112,16,6.448676109313965,-12.289120228427185,-10.308074495992885,7.422308986832084,6.7861898490112065,-0.0006091535795591538,-0.0005268281273584414,1.0000787295055598,0.9992935351081031,1.0000787295055595,0.9992935351081031,0.0,-6.704264241108536e-21
2113,16,6.245290279388428,-12.431527116513651,-10.520419758044962,7.30420494557131,6.8379913586672165,-0.0006287206332342018,-0.0005370173779460175,1.000247953969066,0.9993889769941995,1.000247953969066,0.9993889769941995,1.0839334068950614e-19,4.8054962519529336e-21
2114,16,6.451766014099121,-11.620474128380403,-10.630425195078507,7.041961152118066,6.858388338012301,-0.0004840575081976092,-0.0005317213909711766,1.000349917416449,0.9994850710364245,1.000349917416449,0.9994850710364245,0.0,4.3249466267576404e-21
2115,16,6.586180686950684,-11.673516422558894,-10.734734317826545,7.061633389474157,6.878712843158487,-0.00045558711781866165,-0.0005241079636559251,1.0002794704655924,0.9995645109793413,1.0002794704655924,0.9995645109793413,0.0,3.8924519640818765e-21
2116,16,6.630721092224121,-12.843236788085823,-10.945584564852474,6.986787161127779,6.889520274955417,-0.0006234911600215814,-0.0005340462832924907,1.0006509415289275,0.9996731540342999,1.0006509415289275,0.9996731540342999,0.0,3.503206767673689e-21
2117,16,6.791499137878418,-12.337110007148073,-11.084737109082035,6.844292810656906,6.884997528525566,-0.0006386673765081072,-0.0005445083926140525,1.0008350090025757,0.9997893395311275,1.000835009002576,0.9997893395311276,0.0,3.15288609090632e-21
2118,16,6.5447492599487305,-11.792955471499884,-11.15555894532382,6.801924191092413,6.876690194782251,-0.0005641057548175629,-0.0005464681288344036,1.0007329559936287,0.9998837011773776,1.0007329559936287,0.9998837011773777,0.0,2.8375974818156882e-21
2119,16,6.799549579620361,-11.933652809730626,-11.233368331764503,6.737249005503594,6.8627460758543855,-0.0005315474575981185,-0.0005449760617107751,1.0007209041873508,0.9999674214783749,1.0007209041873508,0.999967421478375,0.0,2.5538377336341195e-21
2120,16,6.692111968994141,-13.34029021430896,-11.444060520018947,6.657738891005275,6.842245357369475,-0.0005708896012256115,-0.0005475674156622588,1.0008975470788979,1.0000604340384271,1.0008975470788977,1.0000604340384274,1.083229922632671e-19,1.3130753186597418e-20
2121,16,6.77044677734375,-14.6246285431689,-11.762117322333943,6.525645942307342,6.810585415863262,-0.0006575748138178759,-0.0005585681554778206,1.001274843246228,1.0001818749592073,1.0012748432462277,1.0001818749592075,1.082821744497663e-19,2.2645895312914307e-20
2122,16,6.294244289398193,-14.618105923143272,-12.047716182414876,6.382547645267575,6.767781638803693,-0.0005704610120915207,-0.0005597574411391906,1.0015847011893024,1.0003221575822168,1.0015847011893024,1.000322157582217,0.0,2.0381305781622878e-20
2123,16,6.865967750549316,-13.652485070940834,-12.208193071267472,6.360838909296791,6.727087365853002,-0.00035915750763112337,-0.000539697447788384,1.0014671726269206,1.000436659086687,1.0014671726269209,1.0004366590866876,5.4130689558278967e-20,2.375624415928849e-20
2124,16,6.697607040405273,-14.316214724105842,-12.418995236551307,6.6150645637937275,6.715885085647074,-0.0004160928767090543,-0.000527336990680451,1.0015447944532052,1.000547472623339,1.001544794453205,1.0005474726233392,5.41264943160843e-20,2.679326917496807e-20
2125,16,6.715404510498047,-15.886072919935135,-12.76570300488969,6.710501803575666,6.715346757439933,-0.0005177380624871101,-0.0005263770978611169,1.0017118202088537,1.0006639073818904,1.0017118202088537,1.0006639073818908,0.0,2.4113942257471265e-20
2126,16,6.699468612670898,-16.389264340213586,-13.128059138422081,6.699015420218059,6.713713623717746,-0.0005891078180413238,-0.0005326501698791375,1.001870900527124,1.0007846066964137,1.0018709005271242,1.0007846066964143,-1.0821775259817032e-19,1.0880772771907106e-20
2127,16,6.574619293212891,-16.430325115209957,-13.45828573610087,6.609716877075475,6.70331394905352,-0.0005615903627663436,-0.0005355441891678581,1.0019239740063375,1.000898543427406,1.0019239740063375,1.0008985434274067,0.0,9.792695494716396e-21
2128,16,6.657248497009277,-16.636629100598718,-13.776120072550654,6.435848418723714,6.676567396020539,-0.0004556104378208509,-0.0005275508140331574,1.0019562610755752,1.001004315192223,1.0019562610755752,1.0010043151922237,0.0,8.813425945244757e-21
2129,16,7.031707286834717,-17.530351776030262,-14.151543242898615,6.427413525768162,6.651652008995303,-0.00044979141846210514,-0.0005197748744760522,1.0022074159231926,1.0011246252653199,1.0022074159231928,1.0011246252653205,0.0,7.932083350720282e-21
2130,16,6.895063400268555,-17.698163606709624,-14.506205279279715,6.336995881666821,6.620186396262455,-0.0004307387619278497,-0.000510871263221232,1.0023490650573654,1.0012470692445246,1.0023490650573654,1.001247069244525,0.0,7.138875015648254e-21
2131,16,6.981125831604004,-17.04616731018046,-14.76020148236979,6.173706317006358,6.575538388336846,-0.00034602544542722155,-0.000494386681441831,1.0024381149800417,1.0013661738180764,1.0024381149800417,1.0013661738180766,0.0,6.424987514083428e-21
2132,16,6.956756591796875,-17.078045860759975,-14.99198592020881,6.1732329427521515,6.5353078437783765,-0.0003505155453603673,-0.00047999956783368464,1.0024468208187423,1.001474238518143,1.0024468208187423,1.0014742385181432,0.0,5.7824887626750855e-21
2133,16,6.958919525146484,-17.27488848137558,-15.220276176325488,6.138008771747477,6.495577936575287,-0.0003479942001513802,-0.0004667990310654542,1.0024782935392074,1.0015746440202493,1.0024782935392076,1.0015746440202498,5.4076092194364336e-20,1.0611849105844011e-20
2134,16,7.087437629699707,-18.01860260211175,-15.500108818904113,6.113114820774105,6.457331624995168,-0.0003470564274569789,-0.00045482477070460663,1.0024622006499133,1.0016633996832158,1.0024622006499133,1.001663399683216,0.0,9.55066419525961e-21
2135,16,7.276515960693359,-19.523976928024034,-15.902495629816105,6.246631989650288,6.43626166146068,-0.000544915095285431,-0.00046383380316268905,1.0025499775828426,1.0017520574731784,1.0025499775828426,1.0017520574731786,1.081444513219706e-19,1.941004290793071e-20
2136,16,7.049035549163818,-19.56359411534879,-16.268605478369373,6.180925497250852,6.410728045039697,-0.0005778059832926818,-0.0004752310211756883,1.0025366704288343,1.001830518768744,1.0025366704288345,1.0018305187687442,0.0,1.746903861713764e-20
2137,16,7.032327175140381,-19.245633016654317,-16.56630823219787,5.94368519314781,6.364023759850508,-0.0005974994340128015,-0.00048745786245939964,1.0027488464855714,1.0019223515404267,1.0027488464855714,1.001922351540427,-1.0812300370979336e-19,4.90983438444454e-21
2138,16,6.691507816314697,-18.2402095849441,-16.733698367472492,5.701996314191995,6.297821015284657,-0.0004969196167964556,-0.0004884040378931052,1.0025965961943413,1.0019897760058183,1.0025965961943413,1.0019897760058185,0.0,4.418850946000086e-21
2139,16,6.479067802429199,-18.0025136709085,-16.860579897816095,5.644748422941528,6.232513756050345,-0.0004874306104368852,-0.0004883066951474833,1.0025822433978073,1.0020490227450172,1.0025822433978073,1.0020490227450174,0.0,3.976965851400078e-21
2140,16,6.468151092529297,-17.84278625380401,-16.958800533414887,5.513997537100826,6.160662134155394,-0.00044886121675143944,-0.0004843621473078789,1.0025789792177104,1.0021020183922864,1.0025789792177104,1.0021020183922866,0.0,3.57926926626007e-21
2141,16,6.760463714599609,-17.748056232503522,-17.037726103323752,5.651192794538201,6.1097152001936745,-0.00037917832955113994,-0.000473843765532205,1.0023227204323422,1.002124088596292,1.0023227204323422,1.002124088596292,5.408448548476704e-20,8.629790888110767e-21
2142,16,6.859716415405273,-19.337569896930667,-17.267710482684443,5.831534442596126,6.08189712443392,-0.0005590130483715642,-0.0004823606938161409,1.0024609424395379,1.0021577739806167,1.0024609424395379,1.0021577739806167,0.0,7.76681179929969e-21
2143,16,6.916233062744141,-19.571846351508512,-17.49812406956685,5.8201842162720085,6.055725833617728,-0.000707522132798883,-0.0005048768377144151,1.002730192381416,1.0022150158206966,1.002730192381416,1.0022150158206966,0.0,6.990130619369722e-21
2144,16,7.013871669769287,-17.444067869438793,-17.492718449554044,5.550343026583388,6.005187552914294,-0.000524307906024237,-0.0005068199445453973,1.0024702412568391,1.002240538364311,1.0024702412568391,1.002240538364311,0.0,6.2911175574327495e-21
2145,16,7.139105319976807,-17.353284547324282,-17.478775059331067,5.33518562525459,5.938187360148324,-0.0005203780980671329,-0.0005081757598975709,1.0024082498934246,1.0022573095172223,1.0024082498934244,1.0022573095172223,0.0,5.6620058016894745e-21
2146,16,7.01521110534668,-18.06322001343665,-17.537219554741625,5.421908509863117,5.886559475119803,-0.0006387224626468775,-0.0005212304301725016,1.0022837163325413,1.0022599501987541,1.0022837163325413,1.0022599501987541,-1.0817318038975143e-19,-5.721512817454616e-21
2147,16,6.837675094604492,-18.184977953943175,-17.60199539466178,5.481048928617095,5.846008420469532,-0.0007344601602566685,-0.0005425534031809183,1.0023515823789608,1.0022691134167747,1.0023515823789608,1.0022691134167747,0.0,-5.1493615357091545e-21
2148,16,6.961775779724121,-17.355560200954027,-17.577351875291004,5.186602939364441,5.780067872359023,-0.0006968204400903067,-0.0005579801068718571,1.0023612734214418,1.0022783294172415,1.0023612734214418,1.0022783294172415,1.0816481055624869e-19,6.18205567348663e-21
2149,16,6.65349006652832,-16.529885462888043,-17.472605234050707,5.078684884745539,5.709929573597675,-0.0006080423548498901,-0.0005629863316696604,1.0021309905240976,1.002263595527927,1.0021309905240974,1.002263595527927,-1.0818966609529611e-19,-5.255116503391645e-21
2150,16,6.438253879547119,-16.92416557496476,-17.41776126814211,5.18382429722889,5.657319045960797,-0.000683657544127651,-0.0005750534529154595,1.00206171883298,1.0022434078584324,1.0020617188329797,1.0022434078584324,0.0,-4.72960485305248e-21
2151,16,6.393311500549316,-17.113761357446368,-17.38736127707254,5.071775329102208,5.598764674274939,-0.0007581037578984548,-0.0005933584834137591,1.002187230596335,1.0022377901322226,1.002187230596335,1.0022377901322226,0.0,-4.256644367747232e-21
2152,16,6.428683757781982,-15.706619003864446,-17.21928704975173,4.920014134386356,5.53088962028608,-0.0006683506855521033,-0.0006008577036275936,1.0021399035166205,1.0022280014706624,1.0021399035166205,1.0022280014706624,1.0818870386070031e-19,6.987890455097523e-21
2153,16,6.37626838684082,-15.111309592370553,-17.00848930401361,4.950990988405165,5.47289975709799,-0.0005795982960230823,-0.0005987317628671424,1.0019737330051637,1.0022025746241126,1.001973733005164,1.0022025746241126,0.0,6.289101409587771e-21
2154,16,6.318649768829346,-15.20548701516574,-16.828189075128826,4.989406632417979,5.424550444629989,-0.0005351306636162813,-0.0005923716529420564,1.0018694544041502,1.0021692626021164,1.0018694544041502,1.0021692626021164,0.0,5.660191268628994e-21
2155,16,6.074265956878662,-15.872560827054537,-16.7326262503214,5.085142713758425,5.390609671542832,-0.0006398556375985391,-0.0005971200514077047,1.0019934782547433,1.002151684167379,1.0019934782547433,1.002151684167379,0.0,5.0941721417660944e-21
2156,16,6.227476596832275,-15.343879928199838,-16.593751618109245,5.035868692885062,5.355135573677056,-0.0006780512057897824,-0.0006052131668459125,1.0021079048139572,1.002147306232037,1.0021079048139572,1.002147306232037,0.0,4.584754927589485e-21
2157,16,6.459884166717529,-14.182393503282075,-16.352615806626527,5.220896166006755,5.341711632910026,-0.0005261696033103139,-0.0005973088104923527,1.001895859196899,1.0021221615285232,1.0018958591968987,1.0021221615285232,-1.0821505673799081e-19,-6.695226238968545e-21
2158,16,6.917509078979492,-14.403676769837434,-16.157721902947618,5.623358381785383,5.369876307797561,-0.0005568910026028499,-0.0005932670297034025,1.0017073557259721,1.002080680948268,1.0017073557259721,1.002080680948268,0.0,-6.02570361507169e-21
2159,16,6.395864963531494,-15.460933205625128,-16.08804303321537,5.899285772292651,5.42281725424707,-0.0006127030830297166,-0.000595210635036034,1.0018332387863198,1.0020559367320734,1.00183323878632,1.0020559367320734,1.0822182080911699e-19,5.3990488273471775e-21
2160,16,6.418534278869629,-15.655180408606554,-16.04475677075449,6.007118907647496,5.481247419587112,-0.0006494610693910466,-0.0006006356784715352,1.0019870784804028,1.0020490509069062,1.0019870784804028,1.0020490509069062,0.0,4.85914394461246e-21
2161,16,6.4230217933654785,-14.024922220300375,-15.842773315709078,5.904269183303693,5.52354959595877,-0.0005337437145097096,-0.0005939464820753527,1.0020021727071908,1.0020443630869347,1.0020021727071906,1.0020443630869347,0.0,4.373229550151214e-21
2162,16,6.455444812774658,-13.548603129584498,-15.613356297096619,5.847422696673145,5.555936906030208,-0.0004467375189667599,-0.0005792255857644934,1.0018666920261994,1.0020265959808612,1.0018666920261994,1.0020265959808612,0.0,3.935906595136092e-21
2163,16,6.267680644989014,-13.977332306918031,-15.449753898078761,5.869317333163313,5.587274948743518,-0.0005103971723785706,-0.0005723427444259011,1.0019638233059198,1.0020203187133672,1.0019638233059198,1.0020203187133672,0.0,3.542315935622483e-21
2164,16,6.188548564910889,-13.102525423888364,-15.215031050659722,5.8409578019053985,5.612643234059707,-0.0005762440180926456,-0.0005727328717925757,1.0020018669324404,1.0020184735352746,1.0020018669324404,1.0020184735352746,0.0,3.1880843420602347e-21
2165,16,6.334679126739502,-11.606491932430123,-14.854177138836762,5.549364585113314,5.606315369165068,-0.0004675828796227724,-0.0005622178725755954,1.0018840802101918,1.0020050342027664,1.001884080210192,1.0020050342027664,-5.410816450232657e-20,-2.5415405423784458e-21
2166,16,5.8804402351379395,-11.089596451266866,-14.477719070079774,5.584569113630544,5.604140743611616,-0.0004315468950238444,-0.0005491507748204203,1.0018019571239531,1.0019847264948851,1.0018019571239531,1.0019847264948851,0.0,-2.287386488140601e-21
2167,16,6.034412384033203,-11.366212925399948,-14.166568455611792,5.948078763284817,5.638534545578937,-0.0004782300208583184,-0.0005420586994242101,1.0016900900049874,1.0019552628458954,1.0016900900049877,1.0019552628458954,5.4118643246241254e-20,3.353216485297585e-21
2168,16,5.89831018447876,-11.892305128128395,-13.939142122863453,6.224678305888121,5.697148921609855,-0.0005999740622319421,-0.0005478502357049833,1.0018246161156714,1.001942198172873,1.0018246161156716,1.001942198172873,0.0,3.0178948367678262e-21
2169,16,5.98943567276001,-11.4423374793654,-13.689461658513647,6.33551862774057,5.760985892222927,-0.0005925776995373981,-0.0005523229820882248,1.0018871652210684,1.0019366948776927,1.0018871652210684,1.0019366948776927,-1.0821599578494182e-19,-8.10549422540314e-21
2170,16,6.3497314453125,-10.454674839062786,-13.365982976568562,6.632130161481103,5.848100319148745,-0.0005323385275897801,-0.0005503245366383804,1.0017445554181161,1.001917480931735,1.0017445554181161,1.001917480931735,0.0,-7.294944802862826e-21
2171,16,6.164854049682617,-9.730598174900114,-13.002444496401717,6.661020713491997,5.929392358583071,-0.0004764812003434778,-0.0005429402030088901,1.0018067437943132,1.0019064072179928,1.0018067437943132,1.0019064072179928,0.0,-6.565450322576543e-21
2172,16,6.328256130218506,-9.326885457010276,-12.634888592462573,6.714938159499485,6.007946938674713,-0.000335922992354432,-0.0005222384819434443,1.0017635746355418,1.0018921239597478,1.0017635746355418,1.0018921239597478,0.0,-5.908905290318889e-21
2173,16,5.821237564086914,-9.705937863110094,-12.341993519527326,7.2091974152077185,6.128071986328013,-0.00041844949585319427,-0.0005118595833344193,1.0017035709306719,1.0018732686568401,1.0017035709306719,1.0018732686568401,0.0,-5.318014761287e-21
2174,16,5.976678848266602,-10.000549393634168,-12.107849106938012,7.55021439142916,6.270286226838128,-0.00048517392598518007,-0.0005091910175994954,1.001753714082324,1.0018613131993885,1.001753714082324,1.0018613131993885,0.0,-4.7862132851583e-21
2175,16,6.1984663009643555,-9.513570335358171,-11.848421229780028,7.518036870081192,6.395061291162435,-0.0003263478369258172,-0.0004909066995321276,1.0018490178479527,1.001860083664245,1.0018490178479527,1.001860083664245,0.0,-4.30759195664247e-21
2176,16,6.168341159820557,-9.128103695922503,-11.576389476394276,7.941284412155021,6.549683603261694,-0.0003239153395369643,-0.00047420756353261124,1.0017442661376934,1.00184850191159,1.0017442661376932,1.00184850191159,0.0,-3.876832760978224e-21
2177,16,6.2578887939453125,-9.178620143193335,-11.336612543074182,8.309863056738273,6.7257015486093525,-0.00037509871713398314,-0.00046429667889274844,1.001732956940001,1.001836947414431,1.001732956940001,1.001836947414431,0.0,-3.489149484880402e-21
2178,16,5.926007270812988,-9.696909039854958,-11.17264219275226,8.554225290964999,6.908553922844917,-0.0004227061977283562,-0.0004601376307763092,1.00166025657554,1.001819278330542,1.00166025657554,1.001819278330542,0.0,-3.1402345363923618e-21
2179,16,5.857128143310547,-9.950389959348758,-11.05041696941191,8.64585739447349,7.082284270007774,-0.00048688025917238773,-0.0004628118936159171,1.001727085223014,1.0018100590197891,1.001727085223014,1.0018100590197891,0.0,-2.8262110827531255e-21
2180,16,6.098029136657715,-9.426811130477327,-10.888056385518452,8.562876775501323,7.230343520557129,-0.0004214177498487235,-0.0004586724792391977,1.001747114979072,1.0018037646157174,1.001747114979072,1.0018037646157174,0.0,-2.543589974477813e-21
2181,16,5.917059898376465,-9.430263111385832,-10.74227705810519,8.700129168583247,7.377322085359742,-0.000401179354673365,-0.00045292316678261445,1.0016091552381077,1.0017843036779563,1.0016091552381075,1.0017843036779563,0.0,-2.2892309770300315e-21
2182,16,6.067901611328125,-10.293974668803349,-10.697446819175006,9.043944696653135,7.543984346489082,-0.0005450150234079832,-0.0004621323524451514,1.001644316114706,1.0017703049216313,1.001644316114706,1.0017703049216313,0.0,-2.0603078793270282e-21
2183,16,6.217921733856201,-9.61202920030021,-10.588905057287526,8.937259953487589,7.683311907188933,-0.0005596700859938239,-0.00047188612580001865,1.0017537927908284,1.001768653708551,1.0017537927908284,1.001768653708551,1.0823040354706116e-19,8.968763263311791e-21
2184,16,5.794368743896484,-8.443587546098884,-10.374373306168662,8.696644110027345,7.784645127472774,-0.0003791478875335556,-0.00046261230197337236,1.0015775423575934,1.0017495425734553,1.0015775423575934,1.0017495425734553,-5.412472457865931e-20,2.6594144791146807e-21
2185,16,6.508190155029297,-8.759165495684888,-10.212852525120285,8.854868697485818,7.891667484474079,-0.0004473996440263517,-0.0004610910361786703,1.001411257569798,1.0017157140730897,1.001411257569798,1.0017157140730897,0.0,2.393473031203213e-21
2186,16,6.1026082038879395,-9.177193946192398,-10.109286667227497,8.66327207512502,7.968827943539173,-0.00048036561877138007,-0.0004630184944379413,1.0014711186467522,1.001691254530456,1.0014711186467522,1.001691254530456,-5.413047627127497e-20,-3.258921899044606e-21
2187,16,6.101556301116943,-9.213070359136687,-10.019665036418417,8.643040512604097,8.036249200445665,-0.0005341466111847249,-0.00047013130611261967,1.001511493939348,1.0016732784713451,1.001511493939348,1.0016732784713451,0.0,-2.9330297091401452e-21
2188,16,5.856036186218262,-8.015333430066223,-9.8192318757832,8.13163844029682,8.045788124430782,-0.0003457401547858184,-0.00045769219097993954,1.001488259912079,1.0016547766154185,1.001488259912079,1.0016547766154185,0.0,-2.6397267382261307e-21
2189,16,5.773066997528076,-7.599217490811321,-9.597230437286012,8.161708435583256,8.05738015554603,-0.00031230402955982443,-0.000443153374837928,1.001368201601992,1.0016261191140758,1.001368201601992,1.0016261191140758,0.0,-2.375754064403518e-21
2190,16,5.296034336090088,-8.01489939726428,-9.438997333283838,8.212204534718417,8.072862593463269,-0.00035283749785443855,-0.0004341217871395791,1.0013361820699045,1.0015971254096587,1.0013361820699047,1.0015971254096587,0.0,-2.138178657963166e-21
2191,16,5.933804035186768,-7.772728623486952,-9.272370462304151,8.288953683057894,8.09447170242273,-0.00037988774745799375,-0.00042869838317142057,1.0014783862913417,1.001585251497827,1.001478386291342,1.001585251497827,0.0,-1.9243607921668496e-21
2192,16,5.999619483947754,-6.592054155639915,-9.004338831637728,8.481578831641487,8.133182415344606,-0.00033528594681143416,-0.00041935713953542193,1.001402220960705,1.0015669484441148,1.0014022209607052,1.0015669484441148,0.0,-1.7319247129501646e-21
2193,16,5.999032020568848,-6.517164385294037,-8.755621387003359,8.795636094959605,8.199427783306106,-0.0003557253709373736,-0.00041299396267561713,1.0013619364152924,1.0015464472412325,1.0013619364152924,1.0015464472412325,-5.413637831925019e-20,-6.972370073580167e-21
2194,16,5.686763763427734,-7.317084110945377,-8.611767659397561,9.437603692136815,8.323245374189177,-0.000448885968816763,-0.0004165831632897317,1.0012889421225966,1.0015206967293688,1.0012889421225968,1.001520696729369,5.414032487900759e-20,-8.611005783213913e-22
2195,16,6.322307109832764,-6.5710748893369715,-8.407698382391503,9.671352546074994,8.45805609137776,-0.00043498857188422013,-0.00041842370414918055,1.0013916796265545,1.0015077950190874,1.0013916796265545,1.0015077950190876,0.0,-7.749905204892522e-22
2196,16,6.141547679901123,-5.3168726548139995,-8.098615809633753,9.963585721281227,8.608609054368106,-0.0003475828509019429,-0.00041133961882445683,1.001174777946718,1.0014744933118505,1.0011747779467177,1.0014744933118507,0.0,-6.97491468440327e-22
2197,16,6.149109363555908,-6.1622808179487265,-7.90498231046525,10.162311971908832,8.763979346122179,-0.0003965285236871231,-0.0004098585093107235,1.0010860207084822,1.0014356460515137,1.001086020708482,1.001435646051514,0.0,-6.277423215962943e-22
2198,16,6.142446994781494,-6.211493712967746,-7.7356334507155005,10.326213879059775,8.92020279941594,-0.0004933473385721102,-0.0004182073922368622,1.00104936576075,1.0013970180224372,1.00104936576075,1.0013970180224376,0.0,-5.649680894366649e-22
2199,16,6.1459150314331055,-5.210133875642219,-7.483083493208172,10.28188317330997,9.056370836805343,-0.00046558997637831476,-0.0004229456506510075,1.0010130141041622,1.0013586176306097,1.0010130141041622,1.0013586176306102,0.0,-5.084712804929984e-22
2200,16,6.070286750793457,-4.3553511900534625,-7.1703102628927,10.352003766198148,9.185934129744624,-0.0003823513480761064,-0.0004188862203935174,1.000806032335821,1.0013033591011309,1.0008060323358212,1.0013033591011313,5.4166448715094255e-20,4.959020719065727e-21
2201,16,5.973664283752441,-4.468729763125724,-6.9001522129160024,10.442190178392003,9.311559734609363,-0.00038099124283335625,-0.00041509672263750127,1.0007312057184405,1.001246143762862,1.0007312057184403,1.0012461437628621,0.0,4.4631186471591545e-21
2202,16,5.860583305358887,-4.355574152939908,-6.645694406918393,10.763512454604069,9.456755006608834,-0.000515032937491741,-0.0004250903441229253,1.0005615758884319,1.001177686975419,1.000561575888432,1.0011776869754192,0.0,4.016806782443239e-21
2203,16,5.450201511383057,-3.8758950889579604,-6.36871447512235,10.706072462431893,9.581686752191139,-0.0005665560797667441,-0.0004392369176873072,1.0004496606961626,1.0011048843474935,1.0004496606961626,1.0011048843474937,0.0,3.615126104198915e-21
2204,16,5.889311790466309,-3.175235487337895,-6.049366576343905,10.577685935596051,9.68128667053163,-0.000546378727020887,-0.0004499510986206652,1.0002990637182558,1.0010243022845697,1.0002990637182558,1.00102430228457,0.0,3.2536134937790237e-21
2205,16,5.5552978515625,-3.0192416054428364,-5.746354079253798,10.489495617555725,9.76210756523404,-0.0005690117727135064,-0.0004618571660299493,1.0001274956513235,1.0009346216212451,1.0001274956513235,1.0009346216212454,-1.0840639590449696e-19,-7.912387446048576e-21
2206,16,5.813894271850586,-2.357180457145945,-5.407436717043013,10.269926311987616,9.812889439909398,-0.0005575597897099786,-0.00047142742839795227,1.0000450724951842,1.0008456667086392,1.0000450724951842,1.0008456667086392,0.0,-7.121148701443718e-21
2207,16,5.796987056732178,-1.4692444510627065,-5.013617490444982,10.12437466041695,9.844037961960153,-0.000552733875621817,-0.00047955807312033877,0.9999474404023209,1.0007558440780073,0.9999474404023208,1.0007558440780073,0.0,-6.4090338312993465e-21
2208,16,6.122949600219727,-0.6345741414739295,-4.575713155547878,10.180671816358267,9.877701347399965,-0.0005251218507938551,-0.0004841144508876904,0.9998589144737033,1.000666151117577,0.9998589144737033,1.000666151117577,1.0843551593038473e-19,5.075421144869062e-21
2209,16,5.844692707061768,0.8838391414135814,-4.029757925851732,10.148738370320272,9.904805049691996,-0.00041345767584344246,-0.0004770487733832656,0.9997412948798007,1.0005736654937993,0.9997412948798007,1.0005736654937993,-5.42241366860743e-20,-8.545346382252747e-22
2210,16,5.630484104156494,1.3869734626168524,-3.488084787004874,10.219338505534159,9.936258395276212,-0.00029309677527161423,-0.0004586535735721005,0.9996662922767706,1.0004829281720964,0.9996662922767706,1.0004829281720964,0.0,-7.690811744027472e-22
2211,16,5.544142246246338,1.410546855526616,-2.998221622751725,10.411843005721385,9.98381685632073,-0.00034897607271255036,-0.0004476858234861455,0.9996270898036181,1.0003973443352485,0.9996270898036183,1.0003973443352485,0.0,-6.921730569624725e-22
2212,16,5.489462375640869,1.7148185991214957,-2.526917600564403,10.786177874449743,10.064052958133633,-0.0003877703373341247,-0.00044169427487094346,0.999520135950511,1.0003096234967748,0.999520135950511,1.0003096234967748,-5.423613459545082e-20,-6.046569210811308e-21
2213,16,5.991954803466797,1.704039601322505,-2.1038218803757123,11.417047166944286,10.1993523790147,-0.0004981948070741781,-0.00044734432809126696,0.9994703415732786,1.000225695304425,0.9994703415732786,1.000225695304425,0.0,-5.441912289730177e-21
2214,16,6.212360858917236,1.7009306868756866,-1.7233466236505723,11.757571275384732,10.355174268651703,-0.0004967482628262882,-0.0004522847215647691,0.9994051219155057,1.000143637965533,0.9994051219155057,1.000143637965533,0.0,-4.89772106075716e-21
2215,16,5.905161380767822,0.7564453786727453,-1.4753674234182406,12.221221910976755,10.54177903288421,-0.00067079317743072,-0.00047413556715136416,0.9994123394405025,1.00007050811303,0.9994123394405025,1.00007050811303,0.0,-4.407948954681444e-21
2216,16,5.787633419036865,0.8155677986082547,-1.246273901215591,12.151666194409698,10.702767749036758,-0.0006090778711084059,-0.0004876297975470684,0.9995223638096964,1.0000156936826967,0.9995223638096964,1.0000156936826967,0.0,-3.9671540592133e-21
2217,16,6.274111747741699,1.7632392749575954,-0.9453225835982724,12.327437014349744,10.865234675568058,-0.0004900851305693356,-0.00048787533084929514,0.9994782970743347,0.9999619540218605,0.9994782970743347,0.9999619540218605,0.0,-3.57043865329197e-21
2218,16,6.277996063232422,1.8229212526069212,-0.668498199977753,12.522073447965578,11.03091855280781,-0.000521284106810668,-0.0004912162084454324,0.9994340584177092,0.9999091644614453,0.9994340584177092,0.9999091644614453,-1.0848161150341414e-19,-1.4061555938304187e-20
2219,16,6.141134738922119,1.7605609213211804,-0.42559228784785963,12.562299132072727,11.184056610734302,-0.00047506036056187373,-0.0004896006236570766,0.9994083484095032,0.999859082856251,0.9994083484095031,0.999859082856251,0.0,-1.2655400344473768e-20
2220,16,5.825040817260742,1.7322742295000346,-0.20980563611307018,12.675907528910237,11.333241702551897,-0.0004975919600423645,-0.0004903997572956053,0.9994147925449787,0.9998146538251238,0.9994147925449787,0.9998146538251238,-1.0848370272013058e-19,-2.223823058203945e-20
2221,16,5.986032962799072,1.8741182348713656,-0.001413249014626583,12.706542270449594,11.470571759341667,-0.00045876460294692314,-0.0004872362418607371,0.9993200363645938,0.9997651920790708,0.9993200363645937,0.9997651920790708,-5.42469946079387e-20,-2.5439106984629376e-20
2222,16,6.152007102966309,1.1312067692204937,0.11184875280888544,12.736002124303216,11.597114795837822,-0.000510122259155563,-0.0004895248435902197,0.9993373895690151,0.9997224118280652,0.9993373895690151,0.9997224118280652,0.0,-2.2895196286166438e-20
2223,16,5.947051048278809,-0.0618224173664373,0.09448163579135316,12.696461666311784,11.707049482885218,-0.0006098495455844254,-0.0005015573137896402,0.9993399875111935,0.999684169396378,0.9993399875111935,0.999684169396378,1.0849182320680033e-19,-9.756494336869762e-21
2224,16,5.525700092315674,-0.09586992554320621,0.07544647965789722,12.50807098704261,11.787151633300956,-0.0005907698584319834,-0.0005104785682538745,0.99936106131027,0.9996518585877673,0.99936106131027,0.9996518585877673,0.0,-8.780844903182786e-21
2225,16,5.426956653594971,-0.09024618634464485,0.05887721305764302,12.410038069794487,11.849440276950311,-0.0005669121234877327,-0.0005161219237772603,0.9993710448551693,0.9996237772145076,0.9993710448551693,0.9996237772145076,0.0,-7.902760412864508e-21
2226,16,5.465257167816162,-0.923350877157574,-0.03934559596387869,12.401829088501776,11.90467915810546,-0.0006285280852373227,-0.0005273625399232665,0.9993077681498198,0.9995921763080388,0.9993077681498199,0.9995921763080388,0.0,-7.112484371578057e-21
2227,16,5.425580978393555,-0.9549218157621346,-0.1309032179437043,12.329600462992953,11.947171288594209,-0.0006130919192787935,-0.0005359354778588192,0.999317139296323,0.9995646726068672,0.999317139296323,0.9995646726068672,-1.084943037451508e-19,-1.7250666308935332e-20
2228,16,5.406502723693848,-1.0200618944426336,-0.21981908559359725,12.27265872551652,11.97972003228644,-0.0006232586842260641,-0.0005446677984955438,0.9993360109949384,0.9995418064456743,0.9993360109949384,0.9995418064456743,1.08492254912947e-19,-4.6763741867471e-21
2229,16,5.706374168395996,-0.36727653588250786,-0.2345648306224883,12.069886729319066,11.988736701989703,-0.0005402685522610736,-0.0005442278738720967,0.9993109980806266,0.9995187256091695,0.9993109980806266,0.9995187256091695,0.0,-4.2087367680723906e-21
2230,16,5.777698040008545,-0.26104753706967965,-0.23721310126720746,12.022816116883664,11.992144643479099,-0.0005105678778111708,-0.0005408618742660042,0.9992461187604456,0.9994914649242972,0.9992461187604457,0.9994914649242972,0.0,-3.787863091265151e-21
2231,16,5.859724044799805,-1.0125119774703903,-0.3147429888875258,12.070347726950157,11.999964951826206,-0.0004996137148619038,-0.0005367370583255942,0.9991820434241022,0.9994605227742777,0.9991820434241022,0.9994605227742777,0.0,-3.4090767821386364e-21
2232,16,5.444655895233154,-1.4053767786882931,-0.4238063678676025,12.326686375005753,12.03263709414416,-0.0005583283485747372,-0.0005388961873505085,0.9992901824345324,0.9994434887403032,0.9992901824345323,0.9994434887403032,-1.0849723048855582e-19,-1.3917892152780355e-20
2233,16,5.771066188812256,-0.8348920775701656,-0.46491493883785884,12.47159149857241,12.076532534586987,-0.00048762155432695173,-0.0005337687240481528,0.9992942133848415,0.9994285612047571,0.9992942133848415,0.9994285612047571,0.0,-1.252610293750232e-20
2234,16,5.753255367279053,-0.7110639394713265,-0.4895298389012056,12.428498888657485,12.111729169994037,-0.0004535659714626538,-0.000525748448789603,0.9992676271010149,0.9994124677943829,0.9992676271010149,0.9994124677943829,5.424983973667265e-20,-5.848508670084822e-21
2235,16,6.021326541900635,-1.1372101999386275,-0.5542978750049479,12.60150049668919,12.160706302663552,-0.0004485529262439751,-0.0005180288965350401,0.9991637962481765,0.9993876006397623,0.9991637962481765,0.9993876006397623,5.425547725791526e-20,1.618899227151863e-22
2236,16,5.998672962188721,-0.6227155768432485,-0.561139645188778,12.612900756465404,12.205925748043738,-0.0004189357501294743,-0.0005081195818944836,0.999216004428535,0.9993704410186396,0.999216004428535,0.9993704410186396,0.0,1.4570093044366767e-22
2237,17,6.233719825744629,-0.3791470915560768,-0.542940389825508,12.842759215133176,12.269609094752683,-0.0003837426757156643,-0.0004956818912766017,0.9990318394292241,0.999336580859698,0.9990318394292241,0.999336580859698,-5.426264357625181e-20,-5.295133520225881e-21
2238,17,6.443123817443848,-0.9803046957619612,-0.5866768204191533,12.947759998021263,12.337424185079541,-0.00035931215195933057,-0.0004820449173448746,0.9989048258793444,0.9992934053616627,0.9989048258793444,0.9992934053616627,5.426954322355346e-20,6.613341541520537e-22
2239,17,6.2707600593566895,-2.843317417694219,-0.8123408801466598,13.517387219346105,12.4554204885062,-0.0005851867772265428,-0.0004923591033330415,0.998903742664359,0.9992544390919323,0.998903742664359,0.9992544390919323,-1.0853920414730156e-19,-1.025871967599331e-20
2240,17,6.351007461547852,-2.420212526671869,-0.9731280447991808,13.509820722953618,12.560860511950942,-0.0005163981822190763,-0.000494763011221645,0.9987780213833392,0.999206797321073,0.9987780213833392,0.999206797321073,0.0,-9.232847708393979e-21
2241,17,6.361783981323242,-1.7546751257875377,-1.0512827528980164,13.378365791815908,12.642611039937439,-0.0004241063258318531,-0.0004876973426826658,0.9986846809935115,0.9991545856883168,0.9986846809935116,0.9991545856883168,0.0,-8.309562937554581e-21
2242,16,6.377530574798584,-1.2282318438935678,-1.0689776619975715,13.16102506363689,12.694452442307385,-0.0003318108758567463,-0.00047210869600007387,0.9985537364170137,0.9990945007611866,0.9985537364170138,0.9990945007611866,0.0,-7.478606643799123e-21
2243,16,6.272147178649902,-1.602731204532763,-1.1223530162510906,13.382524174145647,12.763259615491211,-0.00041526301934279725,-0.0004664241283343462,0.9982946141410421,0.9990145120991721,0.9982946141410421,0.9990145120991721,5.430271570774622e-20,-1.3004744086445877e-21
2244,16,6.371872425079346,-2.6231192716849723,-1.272429641794479,13.490115789189828,12.835945232861073,-0.0005424001484153385,-0.00047402173034244546,0.9982303148225589,0.9989360923715108,0.9982303148225588,0.9989360923715108,0.0,-1.170426967780129e-21
2245,16,6.08989953994751,-2.185572798528112,-1.3637439574678423,13.458123802064849,12.898163089781452,-0.0005324713759717796,-0.0004798666949053789,0.9981923505189767,0.9988617181862575,0.9981923505189767,0.9988617181862575,1.0861655791309257e-19,9.808271520307142e-21
2246,16,6.399790287017822,-1.054518531778369,-1.3328214148988948,13.399538059279202,12.948300586731229,-0.0004323130327081537,-0.0004751113286856564,0.9979991738317462,0.9987754637508064,0.9979991738317461,0.9987754637508064,-5.431879108290181e-20,3.395565259986247e-21
2247,16,6.010091781616211,-1.2225264501856425,-1.3217919184275697,13.47121677157563,13.00059220521567,-0.0004517012045934365,-0.0004727703162764344,0.9978125552473681,0.9986791729004626,0.9978125552473681,0.9986791729004626,0.0,3.0560087339876224e-21
2248,16,6.107556343078613,-1.7951404852651305,-1.3691267751113259,13.53555049205645,13.054088033899749,-0.00043607389814464284,-0.00046910067446325523,0.9977180538704415,0.9985830609974604,0.9977180538704415,0.9985830609974604,0.0,2.7504078605888602e-21
2249,16,6.124414920806885,-2.077775847819144,-1.4399916823821077,13.847323590809832,13.133411589590757,-0.0005380685000648317,-0.00047599745702341285,0.9976554982239747,0.9984903047201119,0.9976554982239747,0.9984903047201119,0.0,2.475367074529974e-21
2250,16,6.714756011962891,-0.5067932382950104,-1.3466718379733982,14.023119971815893,13.222382427813272,-0.0005273467199939639,-0.0004811323833204679,0.9976064024414157,0.9984019144922422,0.9976064024414156,0.9984019144922422,-1.0868035427921926e-19,-8.640205060844949e-21
2251,17,6.264625549316406,0.9932555557749482,-1.1126790985985635,14.02212342964418,13.302356527996364,-0.0004174023155499496,-0.00047475937654341613,0.9974138685331474,0.9983031098963329,0.9974138685331475,0.9983031098963329,-5.435066659339681e-20,-1.3211251214100136e-20
2252,16,6.416347503662109,0.42577828737324075,-0.9588333600013831,14.282432433506871,13.400364118547415,-0.00044608426253979055,-0.0004718918651430536,0.9972876850765623,0.9982015674143558,0.9972876850765623,0.9982015674143558,0.0,-1.1890126092690122e-20
2253,16,6.312046527862549,-0.15870892194037708,-0.8788209161952825,14.518453353105512,13.512173042003225,-0.0005513727264389961,-0.00047983995127264786,0.9973066127687041,0.9981120719497907,0.9973066127687042,0.9981120719497908,1.087130235179693e-19,1.7018886837582145e-22
2254,17,6.074820518493652,0.14726376406576736,-0.7762124481691776,14.886216016871664,13.649577339490069,-0.0006012818706991884,-0.0004919841432153019,0.9972635754979723,0.9980272223046088,0.9972635754979723,0.9980272223046089,0.0,1.5316998153823931e-22
2255,17,5.979844570159912,1.8471784831349716,-0.5138733550387626,14.839093876548446,13.768528993195908,-0.00044490607789307655,-0.0004872763366830794,0.997166372549208,0.9979411373290688,0.9971663725492081,0.997941137329069,0.0,1.378529833844154e-22
2256,17,6.337271213531494,2.297379282487978,-0.23274809128608856,15.142690197984326,13.90594511367475,-0.00040191845302586966,-0.00047874054831735844,0.9971162497572793,0.9978586485718899,0.9971162497572794,0.99785864857189,5.436688915406923e-20,5.5607566004528974e-21
2257,17,6.006664276123047,1.6952014306385557,-0.039953139093624135,15.276108090651338,14.04296141137241,-0.0004316373287100584,-0.00047403022635662844,0.9970610883955279,0.9977788925542537,0.9970610883955279,0.9977788925542538,0.0,5.0046809404076074e-21
2258,17,6.26377010345459,1.4248702250810894,0.10652919732384722,15.793200226267476,14.217985292861917,-0.0006049427026169367,-0.0004871214739826593,0.9970458169807719,0.9977055849969055,0.9970458169807719,0.9977055849969055,0.0,4.504212846366847e-21
2259,17,6.336620330810547,2.4511154960618753,0.34098782719765003,15.769912448585565,14.373178008434282,-0.0005519619182465476,-0.0004936055184090482,0.9970205232826358,0.9976370788254786,0.9970205232826357,0.9976370788254786,0.0,4.0537915617301625e-21
2260,17,6.388743877410889,3.2585758283503203,0.6327466273129171,15.781215050144324,14.513981712605286,-0.00044956933942726205,-0.0004892019005108695,0.9969597315026161,0.9975693440931923,0.9969597315026162,0.9975693440931923,0.0,3.648412405557146e-21
2261,17,6.158022880554199,3.287271742846764,0.8981991388663019,15.801412222479138,14.642724763592671,-0.000435125590116512,-0.0004837942694714338,0.9969126777592174,0.9975036774597948,0.9969126777592173,0.9975036774597948,-5.437799100531501e-20,-2.15422793553007e-21
2262,17,6.030238151550293,2.8790876502930716,1.096287990008979,15.874429923368849,14.765895279570291,-0.0004997206322379488,-0.0004853869057480853,0.9969558363899081,0.9974488933528062,0.9969558363899081,0.9974488933528062,0.0,-1.9388051419770632e-21
2263,17,6.281223297119141,4.216621463474596,1.4083213373555408,15.868813170318472,14.87618706864511,-0.00046775501045761365,-0.00048362371621903815,0.9969036300814315,0.9973943670256687,0.9969036300814315,0.9973943670256687,0.0,-1.744924627779357e-21
2264,17,6.221974849700928,4.671120708702356,1.7346012744902224,15.874395614713404,14.97600792325194,-0.0003830630752340746,-0.0004735676521205418,0.9968903277987667,0.9973439631029786,0.9968903277987667,0.9973439631029786,0.0,-1.5704321650014213e-21
2265,17,5.906538963317871,4.060582801220269,1.9671994271632272,16.112177902106048,15.08962492113735,-0.00044722866032205017,-0.00047093375294069264,0.9968311813473141,0.9972926849274122,0.996831181347314,0.9972926849274122,5.438243670408164e-20,4.0248547219068845e-21
2266,17,5.749820709228516,3.924600652875186,2.162939549734423,16.467483375478185,15.227410766571435,-0.0005445269220358815,-0.0004782930698502115,0.996865087402815,0.9972499251749525,0.9968650874028149,0.9972499251749525,0.0,3.622369249716196e-21
2267,17,5.911116600036621,4.978737495598045,2.4445193443207853,16.503271727539257,15.354996862668218,-0.000483199762898801,-0.00047878373915507047,0.9969209141089882,0.9972170240683561,0.9969209141089881,0.9972170240683561,-5.437754174585279e-20,-2.1776218498407025e-21
2268,17,6.005223751068115,4.955889982202929,2.6956564081089995,16.657129424796928,15.48521011888109,-0.0005133998502582294,-0.0004822453502653864,0.9969072511952406,0.9971860467810445,0.9969072511952406,0.9971860467810445,-1.0875657401283837e-19,-1.283551706614047e-20
2269,17,6.243046760559082,4.672243221210694,2.8933150894191693,16.658295010049805,15.602518607997961,-0.0005192514583280757,-0.00048594596107165536,0.9969411020017239,0.9971615523031124,0.996941102001724,0.9971615523031124,1.0875288121921865e-19,-6.766772376045565e-22
2270,17,6.359724044799805,4.201792115823047,3.024162792059557,16.82984410155436,15.725251157353602,-0.0006139648996926716,-0.0004987478549337569,0.9970473280068702,0.9971501298734883,0.9970473280068703,0.9971501298734883,-1.0874129462368244e-19,-1.1483138976212346e-20
2271,17,6.621620178222656,4.641534754101955,3.185899988263797,16.69858454308312,15.822584495926554,-0.0005707726020490447,-0.0005059503296452857,0.9972010550699617,0.9971552223931356,0.9972010550699617,0.9971552223931356,0.0,-1.0334825078591112e-20
2272,17,6.3307695388793945,5.582045940492218,3.425514583486639,16.670781429559135,15.907404189289812,-0.0005258929816691527,-0.0005079445948476724,0.9971580392173154,0.9971555040755535,0.9971580392173155,0.9971555040755535,0.0,-9.301342570732002e-21
2273,17,6.8558197021484375,4.774679918196962,3.5604311169576714,16.50343533411683,15.967007303772515,-0.0005425053605873411,-0.0005114006714216393,0.997186644848955,0.9971586181528937,0.9971866448489551,0.9971586181528937,0.0,-8.371208313658801e-21
2274,17,6.087418556213379,3.188371367827794,3.523225142044684,16.269307621718124,15.997237335567078,-0.000706712857040482,-0.0005309318899835235,0.9973787393403861,0.997180630271643,0.9973787393403862,0.997180630271643,0.0,-7.534087482292921e-21
2275,17,6.220902442932129,3.6279297602237888,3.5336956038625944,16.08908428822704,16.006422030833075,-0.0006825561800062734,-0.0005460943189857985,0.9975603078143097,0.9972185980259098,0.9975603078143097,0.9972185980259098,0.0,-6.780678734063629e-21
2276,17,6.270775318145752,5.262172261094383,3.706543269585773,15.625466393559046,15.968326467105673,-0.0004666006475665713,-0.0005381449518438758,0.997683830089818,0.9972651212323007,0.997683830089818,0.9972651212323007,0.0,-6.102610860657266e-21
2277,17,6.821256637573242,4.813192552331763,3.8172081978603725,15.630885105853165,15.934582330980422,-0.00045533026319514677,-0.0005298634829790029,0.9976795175000791,0.9973065608590785,0.997679517500079,0.9973065608590785,0.0,-5.492349774591539e-21
2278,17,6.3586835861206055,2.946155344792034,3.7301029125535385,15.537356100587076,15.894859707941087,-0.0005838203858943956,-0.0005352591732705422,0.9979656879947051,0.9973724735726412,0.9979656879947051,0.9973724735726412,0.0,-4.943114797132386e-21
2279,17,6.154383182525635,2.7927283821405293,3.6363654595122377,15.448579031134322,15.85023164026041,-0.0006498841702072466,-0.0005467216729642126,0.9981570696603985,0.997450933181417,0.9981570696603985,0.997450933181417,0.0,-4.448803317419147e-21
2280,17,6.331171035766602,4.001653993401284,3.672894312901142,14.931685370151486,15.758377013249518,-0.0004976226327655655,-0.0005418117689443479,0.9982651540444306,0.9975323552677184,0.9982651540444306,0.9975323552677184,1.086086365023264e-19,6.856940664555408e-21
2281,17,6.127930164337158,3.234045990175533,3.6290094806285813,14.90809503694443,15.67334881561901,-0.0005635240152759415,-0.0005439829935775072,0.9984174796571287,0.9976208677066595,0.9984174796571288,0.9976208677066595,0.0,6.1712465980998674e-21
2282,17,6.30598258972168,2.0381111878755402,3.469919651353277,14.864470736029798,15.592461007660088,-0.0006489629918475609,-0.0005544809934045126,0.9986497123251458,0.9977237521685082,0.9986497123251457,0.9977237521685082,0.0,5.5541219382898805e-21
2283,17,5.943487167358398,2.9584543244827652,3.418773118666226,14.618780813460573,15.495092988240136,-0.0004956260435810424,-0.0005485954984221655,0.9989192004626269,0.9978432969979201,0.998919200462627,0.9978432969979201,0.0,4.9987097444608924e-21
2284,17,6.424503803253174,3.5426815741341144,3.431163964213015,14.662751939108656,15.411858883326989,-0.00043419597243851834,-0.0005371555458238009,0.9990262746938223,0.9979615947675103,0.9990262746938223,0.9979615947675103,0.0,4.498838770014803e-21
2285,17,6.575775146484375,2.9578476473674855,3.383832332528462,14.684983466851799,15.33917134167947,-0.00045353545547861313,-0.0005287935367892821,0.9991322517678345,0.9980786604675428,0.9991322517678344,0.9980786604675428,-5.425719020515802e-20,-1.3767641275024793e-21
2286,17,6.279338836669922,1.5960337852077797,3.205052477796394,14.628003969692326,15.268054604480756,-0.0005751531330901105,-0.000533429496419365,0.9993758894494107,0.9982083833657296,0.9993758894494107,0.9982083833657296,1.084879257075961e-19,9.609704856007379e-21
2287,17,6.1731743812561035,1.4445216882817813,3.028999398844933,14.611033903619258,15.202352534394606,-0.0006166589590284728,-0.0005417524426802758,0.9994643603567099,0.9983339810648276,0.9994643603567099,0.9983339810648276,0.0,8.648734370406641e-21
2288,17,6.513193130493164,2.6569816976513327,2.991797628725573,14.222198213285477,15.104337102283694,-0.0005742538315291867,-0.000545002581565167,0.9996807777402249,0.9984686607323674,0.9996807777402249,0.9984686607323674,0.0,7.783860933365977e-21
2289,17,6.644614219665527,3.4550146554737733,3.0381193314003934,13.958094197177282,14.989712811773053,-0.0005135536486850092,-0.0005418576882771512,0.9997690813313672,0.9985987027922675,0.9997690813313672,0.9985987027922675,0.0,7.00547484002938e-21
2290,17,6.380825042724609,3.505394501948627,3.084846848455217,13.527267525516372,14.843468283147386,-0.00044449079975771347,-0.0005321209994252074,0.9998097878859831,0.9987198113016391,0.9998097878859831,0.9987198113016391,0.0,6.304927356026442e-21
2291,17,6.359094619750977,3.3721602010936897,3.1135781837190644,13.357419072225225,14.69486336205517,-0.0004928441861101535,-0.000528193318093702,0.9998467192368976,0.9988325020951649,0.9998467192368975,0.9988325020951649,0.0,5.674434620423798e-21
2292,17,6.408055782318115,3.117625863234211,3.1139829516705793,13.156488778669333,14.541025903716587,-0.0006012535325726397,-0.0005354993395415958,0.999997283538548,0.9989489802395033,0.999997283538548,0.9989489802395033,0.0,5.106991158381419e-21
2293,17,6.266299247741699,3.1799931652664197,3.1205839730301634,12.909534381036858,14.377876751448614,-0.0006093671727537878,-0.000542886122862815,1.0000519970149173,0.9990592819170447,1.0000519970149175,0.9990592819170447,1.0841458001401617e-19,1.5437750043944894e-20
2294,17,6.1794657707214355,3.256659796508763,3.1341915553780235,12.416191907909173,14.18170826709467,-0.0005818603600848225,-0.0005467835465850158,1.0001516182414079,0.9991685155494812,1.0001516182414079,0.9991685155494812,1.0840378125787416e-19,2.473435316533782e-20
2295,17,6.233119487762451,3.205892982675648,3.141361698107786,12.304241182982619,13.993961558683466,-0.0006043480664178655,-0.0005525399985683008,1.000182129515467,0.9992698769460797,1.0001821295154671,0.9992698769460797,-1.0840047432268565e-19,1.1420870416535473e-20
2296,17,6.4499945640563965,2.824953234518303,3.1097208517488375,12.194741598838101,13.81403956269893,-0.0007052814944512007,-0.0005678141481565908,1.0002145049980555,0.9993643397512774,1.0002145049980555,0.9993643397512774,0.0,1.0278783374881926e-20
2297,17,6.412384510040283,2.8774656525314937,3.0864953318271033,11.861663697106867,13.618801976139725,-0.0007145132451697313,-0.0005824840578579049,1.0003315908199382,0.9994610648581435,1.0003315908199382,0.9994610648581435,1.083842780169344e-19,2.0089332839087172e-20
2298,17,6.683104038238525,4.1192188700919266,3.1897676856535857,10.962910451647517,13.353212823690503,-0.0005055505005628564,-0.0005747907021284,1.0004646947740374,0.9995614278497329,1.0004646947740374,0.9995614278497329,0.0,1.8080399555178456e-20
2299,17,6.668972015380859,4.720505164505715,3.3428414335387986,10.649226671729346,13.082814208494389,-0.00037689411360758543,-0.0005550010432763185,1.0004096005205896,0.9996462451168187,1.0004096005205896,0.9996462451168187,0.0,1.6272359599660613e-20
2300,17,6.482189178466797,3.5330263534813735,3.3618599255330563,10.804477836127605,12.85498057125771,-0.0005530666609848061,-0.0005548076050471673,1.000442156570088,0.9997258362621456,1.000442156570088,0.9997258362621456,1.0837229972421183e-19,2.5482353612115737e-20
2301,17,6.443005084991455,2.9889055178439405,3.324564484764145,10.779037359008873,12.647386250032827,-0.0006344429622160371,-0.0005627711407640543,1.0006074593355128,0.9998139985694824,1.0006074593355125,0.9998139985694824,1.0835439635893838e-19,3.3769557886798e-20
2302,17,6.460111141204834,3.977215349392062,3.3898295712269366,10.617987739354476,12.444446398964992,-0.0005908677188905891,-0.0005655807985767078,1.0006520568395085,0.999897804396485,1.0006520568395085,0.999897804396485,0.0,3.03926020981182e-20
2303,17,6.018921375274658,3.6637512284373397,3.417221736947977,10.589953811353991,12.258997140203892,-0.0005830394000336236,-0.0005673266587223994,1.0006648302206103,0.9999745069788976,1.0006648302206103,0.9999745069788976,0.0,2.7353341888306383e-20
2304,17,6.510053634643555,1.7985262007304785,3.2553521833262273,10.680019318001806,12.101099357983683,-0.0007075988102207769,-0.0005813538738722371,1.0007148494881821,1.000048541229826,1.0007148494881821,1.000048541229826,0.0,2.4618007699475745e-20
2305,17,6.288435935974121,1.3093546941085377,3.0607524344044585,10.555669939161092,11.946556416101425,-0.0007666060808289349,-0.0005998790945679069,1.0008093690577295,1.0001246240126163,1.0008093690577295,1.0001246240126163,0.0,2.215620692952817e-20
2306,17,7.115110397338867,2.692766239472028,3.0239538149112155,9.914520458447459,11.743352820336028,-0.0006154595606093071,-0.000601437141172047,1.0009454887842204,1.0002067104897767,1.0009454887842204,1.0002067104897767,0.0,1.9940586236575354e-20
2307,17,7.084194660186768,3.987332890328672,3.1202917224529614,9.452892329751466,11.514306771277571,-0.000459831429164559,-0.0005872765699712982,1.000872708014437,1.0002733102422428,1.000872708014437,1.0002733102422428,0.0,1.794652761291782e-20
2308,16,6.3210062980651855,2.9982366261599296,3.1080862128236584,9.40388993132226,11.30326508728204,-0.0005894464375703827,-0.0005874935567312066,1.0009300368657523,1.0003389829045937,1.0009300368657523,1.0003389829045937,-1.0831947614245897e-19,5.31992723738014e-21
2309,16,6.380585193634033,1.9718293172660646,2.994460523267899,9.416629684788347,11.11460154703267,-0.0007800303052053648,-0.0006067472315786225,1.0009129076823984,1.0003963753823741,1.0009129076823984,1.0003963753823741,0.0,4.787934513642126e-21
2310,16,7.538300514221191,2.6329982144904314,2.958314292390152,8.647784935145742,10.867919885843978,-0.000690224568212131,-0.0006150949652419734,1.0011003511688001,1.0004667729610168,1.0011003511688001,1.0004667729610168,-1.0830104806373123e-19,-6.520963744095211e-21
2311,16,6.798289775848389,4.193939224918204,3.0818767856429576,8.252120224840427,10.606339919743622,-0.0004988339036982848,-0.0006034688590876046,1.0010101629156651,1.0005211119564816,1.0010101629156651,1.0005211119564816,-1.0831080568927732e-19,-1.6699947938613422e-20
2312,16,6.715304851531982,4.185326438046612,3.1922217508833235,8.265523332035551,10.372258260972815,-0.0005223031092951968,-0.0005953522841083637,1.001030569837394,1.000572057744573,1.001030569837394,1.000572057744573,0.0,-1.502995314475208e-20
2313,16,6.4782185554504395,3.610125606481963,3.2340121364431877,8.325620064608724,10.167594441336407,-0.0005653749822011653,-0.000592354553917644,1.0010352270163867,1.0006183746717543,1.0010352270163867,1.0006183746717543,0.0,-1.3526957830276871e-20
2314,16,6.303586006164551,3.5612647796655597,3.266737400765425,8.429716566153333,9.9938066538181,-0.0006364685738023629,-0.0005967659559061158,1.001015374978551,1.000658074702434,1.0010153749785509,1.0006580747024338,0.0,-1.2174262047249184e-20
2315,16,6.173635482788086,3.728355747621454,3.3128992354510283,8.20073354774816,9.814499343211105,-0.0006657792001161963,-0.0006036672803271239,1.0011500503217832,1.000707272264369,1.0011500503217832,1.0007072722643688,-1.082956717763763e-19,-2.1786403020161897e-20
2316,16,6.152581691741943,3.839389193787949,3.3655482312847207,8.21069069259698,9.654118478149693,-0.0006496922284509523,-0.0006082697751395068,1.001112098298301,1.0007477548677624,1.0011120982983008,1.0007477548677621,0.0,-1.9607762718145707e-20
2317,16,6.027994632720947,2.5838051239039608,3.287373920546645,8.341612223481249,9.522867852682849,-0.0007034865995694459,-0.0006177914575825007,1.0010800944178828,1.0007809888227743,1.0010800944178828,1.000780988822774,0.0,-1.7646986446331137e-20
2318,16,6.1518235206604,2.3817111208134545,3.1968076405733257,8.368675737343553,9.40744864114892,-0.0007911600512299802,-0.0006351283169472486,1.0011894442383855,1.0008218343643356,1.0011894442383855,1.0008218343643354,0.0,-1.5882287801698023e-20
2319,16,6.134178161621094,4.1983337747237375,3.296960253988367,8.292723704079913,9.295976147442019,-0.0006734253109603388,-0.0006389580163485576,1.0010375204029003,1.000843402968192,1.0010375204029003,1.0008434029681919,1.0830784564889554e-19,-3.463274456638666e-21
2320,16,5.951450347900391,4.038272605081774,3.371091489097708,7.922111663910369,9.158589699088854,-0.0005709108836429241,-0.0006321533030779943,1.0010937514634435,1.0008684378177173,1.0010937514634435,1.000868437817717,0.0,-3.1169470109748e-21
2321,16,6.092892646789551,2.7244539026546533,3.306427730453403,8.081754837571461,9.050906212937115,-0.0007054865764128421,-0.0006394866304114792,1.0011096296624142,1.000892557002187,1.001109629662414,1.0008925570021867,0.0,-2.80525230987732e-21
2322,16,5.996392250061035,3.178720327158577,3.29365699012392,8.045249163899667,8.95034050803337,-0.0007055832678202654,-0.0006460962941523578,1.0011225650601572,1.000915557807984,1.001122565060157,1.0009155578079838,0.0,-2.5247270788895882e-21
2323,16,6.618540287017822,4.695568252809971,3.433848116392525,7.609100711552438,8.816216528385278,-0.0004965505072909972,-0.0006311417154662219,1.0009506886460708,1.0009190708917928,1.0009506886460708,1.0009190708917926,1.083172412770946e-19,8.55946975670883e-21
2324,16,6.476810455322266,2.930849899117568,3.3835482946650295,7.8094180294270865,8.715536678489459,-0.0006579300414468697,-0.0006338205480642867,1.000956346131877,1.0009227984158011,1.000956346131877,1.000922798415801,0.0,7.703522781037947e-21
2325,16,6.510178089141846,2.33203066048831,3.2783965312473575,7.849261510907087,8.628909161731222,-0.0006783198378241495,-0.000638270477040273,1.0009636089545118,1.0009268794696722,1.0009636089545118,1.000926879469672,0.0,6.933170502934153e-21
2326,16,6.440877914428711,2.39984668194386,3.190541546317008,7.8501953942148175,8.551037784979581,-0.0007321387962713928,-0.000647657308963385,1.0010760484309187,1.0009417963657967,1.0010760484309187,1.0009417963657967,0.0,6.239853452640738e-21
2327,16,6.662700176239014,4.789023210108193,3.350389712696127,7.535270131063163,8.44946101958794,-0.0005346558424464992,-0.0006363571623116964,1.0009480474143846,1.0009424214706555,1.0009480474143846,1.0009424214706555,0.0,5.615868107376665e-21
2328,16,6.57277774810791,4.7346740125612,3.4888181426826343,7.592385025669892,8.363753420196135,-0.0004473649199144117,-0.0006174579380719679,1.0007430234095294,1.000922481664543,1.0007430234095296,1.000922481664543,0.0,5.054281296638999e-21
2329,16,6.453156471252441,2.7411439024748896,3.41405071866186,7.794536275233006,8.306831705699823,-0.0006734197123923714,-0.0006230541155040082,1.0007549921072236,1.0009057327088111,1.0007549921072236,1.0009057327088111,0.0,4.548853166975099e-21
2330,16,6.2258830070495605,2.339779244587723,3.3066235712544465,7.804477160440001,8.25659625117384,-0.0007419269224892441,-0.0006349413962025319,1.000853000673536,1.0009004595052837,1.0008530006735363,1.0009004595052837,0.0,4.093967850277589e-21
2331,16,6.274484157562256,3.9809505610699407,3.374056270235996,7.563762951342149,8.187312921190673,-0.0006233017608614872,-0.0006337774326684274,1.0007965623955657,1.000890069794312,1.0007965623955657,1.000890069794312,0.0,3.68457106524983e-21
2332,16,6.364614963531494,4.150276685244217,3.4516783117368184,7.5829110493732355,8.126872734008929,-0.0006313711358363655,-0.0006335368029852213,1.0006278965599709,1.000863852470878,1.0006278965599709,1.000863852470878,0.0,3.316113958724847e-21
2333,16,6.720768451690674,3.394309118568437,3.4459413924199804,7.413830639240931,8.055568524532129,-0.000620546334000014,-0.0006322377560867005,1.0005121433208783,1.000828681555878,1.0005121433208783,1.000828681555878,0.0,2.9845025628523623e-21
2334,16,6.269185543060303,2.754587560270816,3.3768060092050645,7.427068631436532,7.992718535222569,-0.0007041313687072348,-0.000639427117348754,1.000646154543138,1.000810428854604,1.000646154543138,1.000810428854604,0.0,2.686052306567126e-21
2335,16,6.163325786590576,3.4611751721154316,3.385242925496101,7.167294581130693,7.910176139813382,-0.0006445243677041672,-0.0006399368423842954,1.0006939857488564,1.0007987845440294,1.0006939857488564,1.0007987845440294,0.0,2.4174470759104136e-21
2336,16,6.4633307456970215,4.249328530993282,3.471651486045819,7.1156656764543476,7.830725093477479,-0.0005765978453698817,-0.000633602942682854,1.0006034661730545,1.000779252706932,1.0006034661730545,1.000779252706932,0.0,2.1757023683193722e-21
2337,16,6.543715476989746,3.7263598000811746,3.497122317449355,6.828907256863013,7.730543309816033,-0.00048416218118651713,-0.0006186588665332204,1.0005262065408898,1.0007539480903278,1.0005262065408898,1.0007539480903278,0.0,1.958132131487435e-21
2338,16,5.9929375648498535,1.7981211350598094,3.3272221992104005,6.9186313440891665,7.649352113243347,-0.0006892326138918019,-0.0006257162412690786,1.0005923157776577,1.0007377848590608,1.000592315777658,1.0007377848590608,-1.0835603625866995e-19,-9.073284707528304e-21
2339,16,5.8207478523254395,1.3540322978070078,3.1299032090700614,6.690784032891399,7.553495305208152,-0.0007892080938675797,-0.0006420654265289288,1.000693349751671,1.000733341348322,1.000693349751671,1.000733341348322,0.0,-8.165956236775473e-21
2340,16,5.885379314422607,2.42327017966199,3.0592399061292546,5.991584003229002,7.3973041750102375,-0.000581822731296277,-0.0006360411570056636,1.0007200438718278,1.0007320116006726,1.0007200438718278,1.0007320116006726,-1.083422061069828e-19,-1.8183581223796207e-20
2341,16,5.784959316253662,2.8448782690280012,3.037803742419129,5.531432558361268,7.210717013345341,-0.00048482833953993287,-0.0006209198752590906,1.000658990991389,1.0007247095397442,1.000658990991389,1.0007247095397442,0.0,-1.6365223101416588e-20
2342,16,5.6668524742126465,1.7614152834590213,2.9101648965231184,5.474064655479703,7.037051777558777,-0.0005964651575193575,-0.0006184744034851173,1.0007158452664937,1.0007238231124191,1.0007158452664937,1.0007238231124191,1.083426606677521e-19,-3.89443472449972e-21
2343,16,5.384850978851318,1.012657059124569,2.7204141127832635,5.347648222418973,6.868111422044797,-0.0006484125037947267,-0.0006214682135160782,1.0009050147337561,1.0007419422745527,1.0009050147337564,1.000741942274553,0.0,-3.5049912520497484e-21
2344,16,5.583476543426514,1.648191636019523,2.6131918651068897,5.1399062895135526,6.695290908791673,-0.0005601821272437589,-0.0006153396048888463,1.000895753764872,1.0007573234235847,1.0008957537648722,1.000757323423585,0.0,-3.1544921268447736e-21
2345,16,5.392056941986084,0.7213514717200707,2.4240078257682076,5.128274179877659,6.538589235900272,-0.0005829573017877139,-0.000612101374578733,1.0009542597191812,1.0007770170531445,1.0009542597191812,1.0007770170531445,0.0,-2.8390429141602962e-21
2346,16,5.382404327392578,-0.8843052833681142,2.0931765148545756,5.2723618738647104,6.411966499696716,-0.0007133738946557474,-0.0006222286265864345,1.0010978823083092,1.000809103578661,1.001097882308309,1.000809103578661,0.0,-2.5551386227442668e-21
2347,16,5.954181671142578,-0.9317978791366638,1.7906790754554516,5.032344708051963,6.27400432053224,-0.0006815119880593184,-0.0006281569627337229,1.0013995203543682,1.0008681452562318,1.0013995203543682,1.0008681452562318,0.0,-2.2996247604698403e-21
2348,16,6.096095085144043,0.24503497256909335,1.636114665166816,4.925615723576798,6.139165460836696,-0.0005301280353596097,-0.0006183540699963115,1.0013588883092712,1.0009172195615357,1.0013588883092712,1.0009172195615357,-1.0827308621748079e-19,-1.2896970906170936e-20
2349,16,6.171539306640625,0.16442473911755712,1.4889456725618901,4.94911241441211,6.020160156194238,-0.0004395023394722016,-0.0006004688969439005,1.0011624368837406,1.0009417412937562,1.0011624368837406,1.0009417412937562,0.0,-1.1607273815553843e-20
2350,16,5.81060266494751,-1.9271133911350882,1.1473397661921922,5.043800141874949,5.922524154762309,-0.0006731529385081279,-0.0006077373011003233,1.0013738029568162,1.0009849474600623,1.0013738029568162,1.0009849474600623,1.0827147357801012e-19,3.8060092380255375e-22
2351,16,5.891396522521973,-2.0500607381466502,0.8275997157583079,5.014205778381045,5.831692317124183,-0.0007384928655644256,-0.0006208128575467336,1.0015290914944581,1.0010393618635018,1.001529091494458,1.0010393618635018,-1.082546859290611e-19,-1.0482927761483813e-20
2352,16,5.665791034698486,-0.4493575691966443,0.6999039872628127,4.885898037590158,5.737112889170781,-0.000578899009089682,-0.0006166214727010284,1.001474833933983,1.00108290907055,1.001474833933983,1.00108290907055,0.0,-9.434634985335432e-21
2353,16,5.98366117477417,-0.03337886091176505,0.626575702445355,4.79408207358671,5.642809807612374,-0.0005249872558074156,-0.0006074580510116672,1.0014367791756715,1.001118296081062,1.0014367791756715,1.001118296081062,-1.0826466483265782e-19,-1.9317637970067673e-20
2354,16,5.315981388092041,-1.1557592998652213,0.44834220221429744,4.743502693845854,5.5528790962357215,-0.0005751580525870249,-0.0006042280511692029,1.0013831377065525,1.001144780243611,1.0013831377065525,1.001144780243611,0.0,-1.7385874173060906e-20
2355,16,5.445094108581543,-1.818925383857994,0.22161544360706828,4.735711998718792,5.471162386484028,-0.0006481794333893223,-0.0006086231893912149,1.0014230757059457,1.0011726097898446,1.001423075705946,1.0011726097898446,1.0826614632593762e-19,-4.820672123161053e-21
2356,16,5.205427169799805,-1.8975646406524893,0.009697435181112518,4.61599100739949,5.3856452485755755,-0.0006620155800558845,-0.0006139624284576819,1.0015154481267425,1.0012068936235343,1.0015154481267425,1.0012068936235343,0.0,-4.338604910844948e-21
2357,16,5.867863178253174,-1.1907816433572,-0.11035047267271875,4.1959178534853905,5.266672509066557,-0.0005515113817138124,-0.000607717323783295,1.001550482146985,1.0012412524758794,1.001550482146985,1.0012412524758794,0.0,-3.9047444197604536e-21
2358,16,5.728296756744385,-1.0613880786659613,-0.20545423327204299,4.2126052689859295,5.161265785058495,-0.0005177356333006909,-0.0005987191547350346,1.00147575806806,1.0012647030350974,1.00147575806806,1.0012647030350974,0.0,-3.5142699777844084e-21
2359,16,5.678038597106934,-1.7941510356948658,-0.36432391351432525,4.244578479699184,5.069597054522564,-0.0005307515438195656,-0.0005919223936434877,1.001480757947225,1.0012863085263102,1.001480757947225,1.0012863085263102,0.0,-3.1628429800059676e-21
2360,16,5.584202766418457,-1.8446449366760296,-0.5123560158304957,4.233963106886744,4.9860336597589825,-0.0005413754685607067,-0.0005868677011352096,1.0015105389436874,1.0013087315680478,1.0015105389436871,1.0013087315680478,0.0,-2.846558682005371e-21
2361,16,5.266385078430176,-2.110064525032388,-0.672126866750685,4.284880253832704,4.915918319166355,-0.0005077420297773798,-0.0005789551339994266,1.0014542547690397,1.001323283888147,1.0014542547690395,1.001323283888147,0.0,-2.561902813804834e-21
2362,16,5.150209426879883,-3.6697754723588707,-0.9718917273115035,4.42127765739949,4.866454252989668,-0.000597156727660953,-0.0005807752933655793,1.0015127143178375,1.001342226931116,1.0015127143178375,1.001342226931116,0.0,-2.3057125324243507e-21
2363,16,5.023468971252441,-3.823554379247018,-1.2570579925050551,4.483955720048754,4.828204399695577,-0.0006388474053304085,-0.0005865825045620623,1.0015477763302698,1.0013627818710316,1.0015477763302698,1.0013627818710316,0.0,-2.0751412791819158e-21
2364,16,5.408045768737793,-3.3983504584887188,-1.4711872391034215,4.411457458141339,4.786529705540152,-0.0006240694389227678,-0.0005903311979981329,1.0015929893460707,1.0013858026185356,1.0015929893460707,1.0013858026185356,1.0824777968877043e-19,8.957150817613319e-21
2365,16,5.068429946899414,-3.237765816666898,-1.647845096859769,4.440344629277636,4.751911197913901,-0.0005215174555403548,-0.0005834498237523551,1.0013821046856066,1.0013854328252427,1.0013821046856068,1.0013854328252427,1.0827057597817765e-19,1.8888493333669755e-20
2366,16,5.72007942199707,-4.0467365024198525,-1.8877342374157775,4.370193955061116,4.713739473628623,-0.000622685615421291,-0.0005873734029192486,1.001461178749478,1.0013930074176662,1.001461178749478,1.0013930074176662,1.0826202707521273e-19,2.782584670782405e-20
2367,16,5.650859355926514,-3.6711012504766183,-2.066070938721862,3.936280022017056,4.635993528467467,-0.00053978095912302,-0.0005826141585396257,1.0015415127556508,1.0014078579514647,1.001541512755651,1.0014078579514647,0.0,2.5043262037041648e-20
2368,16,5.923423767089844,-2.824926466188862,-2.141956491468562,3.626922337554635,4.535086409376184,-0.0004174047405926998,-0.0005660932167449331,1.0014339416611622,1.0014104663224346,1.0014339416611622,1.0014104663224346,0.0,2.2538935833337485e-20
2369,16,5.691097259521484,-2.8283926450659553,-2.210600106828301,3.5714874963284498,4.4387265180714115,-0.000449461612963358,-0.0005544300563667757,1.0014191608552558,1.0014113357757166,1.0014191608552558,1.0014113357757166,0.0,2.0285042250003737e-20
2370,16,5.209019184112549,-2.547628751684091,-2.2443029713138802,3.3736185830373406,4.332215724568004,-0.0003517526785456508,-0.0005341623185846632,1.0013354971296693,1.0014037519111119,1.0013354971296693,1.0014037519111119,5.4137807737435286e-20,2.3670318798746894e-20
2371,16,5.105557918548584,-2.8303808639597623,-2.3029107605784684,3.33526164755061,4.232520316866265,-0.00038349734139003625,-0.0005190958208652005,1.0011944061277454,1.0013828173327752,1.0011944061277454,1.0013828173327752,5.414543698255381e-20,2.6717830617127587e-20
2372,16,5.310908794403076,-3.688735837855053,-2.441493268306127,3.419922264197601,4.151260511599398,-0.0005342579570308462,-0.000520612034481765,1.0012206180744656,1.0013665974069443,1.0012206180744656,1.0013665974069443,0.0,2.4046047555414828e-20
2373,16,5.582370758056641,-3.605342492371237,-2.5578781907126382,3.181872146426877,4.0543216750821465,-0.0004971022771023889,-0.0005182610587438274,1.0012936532809915,1.001359302994349,1.0012936532809917,1.001359302994349,0.0,2.1641442799873345e-20
2374,16,5.581010818481445,-3.450956895336814,-2.6471860611750557,3.2325546674621872,3.9721449743201505,-0.00048043443793165547,-0.0005144783966626103,1.0012106844676243,1.0013444411416765,1.0012106844676243,1.0013444411416765,0.0,1.9477298519886012e-20
2375,16,5.524044036865234,-4.664359883317181,-2.8489034433892684,3.2979323264351894,3.9047237095316545,-0.0005181000470062678,-0.000514840561696976,1.0011589613715846,1.0013258931646674,1.0011589613715846,1.0013258931646674,-1.0829470786538742e-19,6.700097881358667e-21
2376,16,5.484532833099365,-5.14913704439043,-3.078926803489385,3.325714869005152,3.8468228254790042,-0.0005740159776126656,-0.0005207581032885449,1.001254155905899,1.0013187194387905,1.001254155905899,1.0013187194387905,0.0,6.0300880932228005e-21
2377,16,5.56505012512207,-4.631276159968988,-3.2341617391373454,3.232906451633535,3.7854311880944573,-0.0006298134494299338,-0.0005316636379026838,1.0014462526029353,1.001331472755205,1.0014462526029353,1.001331472755205,-1.0826364067641893e-19,-5.399284783741374e-21
2378,16,5.374917984008789,-2.935966452152202,-3.2043422104388313,3.073291257452312,3.714217195030243,-0.00040708005763011063,-0.0005192052798754266,1.0012904049283033,1.0013273659725148,1.0012904049283031,1.0013273659725148,-5.4140245784295626e-20,-1.02733808837968e-20
2379,16,5.505853652954102,-3.1307208214364732,-3.196980071538596,3.071608657134832,3.6499563412407023,-0.000369117813083055,-0.0005041965331961894,1.0012165729335367,1.0013162866686172,1.0012165729335367,1.0013162866686172,0.0,-9.24604279541712e-21
2380,16,5.451198101043701,-4.50433227208198,-3.327715291592934,3.0972358161270814,3.5946842887293404,-0.00048707727355927396,-0.0005024846072324979,1.0014110683286417,1.0013257648346197,1.001411068328642,1.0013257648346197,0.0,-8.321438515875408e-21
2381,16,5.809927463531494,-3.878527196777596,-3.3827964821114005,3.0777644301190756,3.542992302868314,-0.0005337030146928197,-0.0005056064479785301,1.0014960338689207,1.0013427917380497,1.0014960338689207,1.0013427917380497,0.0,-7.489294664287867e-21
2382,16,5.62532901763916,-2.954169207131182,-3.3399337546133787,2.912725478194216,3.479965620400904,-0.00043352448287353366,-0.0004983982514680305,1.0013754639822126,1.001346058962466,1.0013754639822126,1.001346058962466,0.0,-6.740365197859081e-21
2383,16,5.495803356170654,-2.9105469252588465,-3.2969950716779253,2.9445849811178495,3.4264275564725986,-0.0004331064244776294,-0.0004918690687689904,1.0012930267865756,1.001340755744877,1.0012930267865756,1.001340755744877,0.0,-6.066328678073173e-21
2384,16,5.680683135986328,-3.6623131890132377,-3.333526883411457,2.9322713446813413,3.377011935293473,-0.0004984873411765214,-0.0004925308960097435,1.0014108373775625,1.0013477639081456,1.0014108373775625,1.0013477639081456,0.0,-5.459695810265856e-21
2385,16,5.720136642456055,-3.1300686644847064,-3.3131810615187822,2.948560661837587,3.3341668079478843,-0.0005411089619165348,-0.0004973887026004227,1.0014837808747494,1.001361365604806,1.0014837808747494,1.001361365604806,0.0,-4.913726229239271e-21
2386,16,5.668107986450195,-2.6853931004505776,-3.250402265411962,2.9769102127521534,3.2984411484283114,-0.00046805917333785964,-0.0004944557496741664,1.0013458764738161,1.001359816691707,1.001345876473816,1.001359816691707,0.0,-4.4223536063153436e-21
2387,16,5.513147354125977,-3.5952018272876956,-3.2848822215995357,3.3044424166090134,3.2990412752463816,-0.0005016866791487795,-0.0004951788426216277,1.0012041547320252,1.0013442504957388,1.001204154732025,1.0013442504957388,1.0828981954990929e-19,6.84886370930712e-21
2388,16,5.608518600463867,-4.081152392580346,-3.3645092386976168,3.3261756397554927,3.301754711697293,-0.0005919498354711563,-0.0005048559419065806,1.0013778875100385,1.001347614197169,1.0013778875100385,1.001347614197169,0.0,6.163977338376408e-21
2389,16,5.514803409576416,-2.2080228500404853,-3.248860599831904,3.2273760249358605,3.29431684302115,-0.00046385532686805183,-0.0005007558804027278,1.0012285242755965,1.0013357052050116,1.0012285242755967,1.0013357052050116,0.0,5.5475796045387674e-21
2390,16,5.900053977966309,-2.4399273317815626,-3.16796727302687,3.2041552949689014,3.285300688215925,-0.00032994434844695606,-0.00048367472720715063,1.000986672799865,1.0013008019644971,1.000986672799865,1.0013008019644971,0.0,4.992821644084891e-21
2391,16,5.595969200134277,-4.857506245228175,-3.3369211702470007,3.4340623726233033,3.3001768566566625,-0.0005111058743256331,-0.0004864178419189989,1.0011430820485712,1.0012850299729046,1.0011430820485714,1.0012850299729046,-1.0829642554858141e-19,-6.3361030751817405e-21
2392,16,5.485265254974365,-5.0259021793558,-3.505819271157881,3.3893390623695288,3.309093077227949,-0.000586539607430744,-0.0004964300184701734,1.0012934894437326,1.0012858759199874,1.0012934894437329,1.0012858759199874,0.0,-5.702492767663566e-21
2393,16,5.920215606689453,-3.53331204781107,-3.5085685488231997,3.2235452148432144,3.3005382909894756,-0.000533933187506019,-0.000500180335373758,1.0013079253161201,1.0012880808596007,1.0013079253161201,1.0012880808596007,0.0,-5.1322434908972096e-21
2394,16,5.587466239929199,-2.0962556111114328,-3.367337255052023,2.889347622247724,3.2594192241153004,-0.000310877078850284,-0.0004812500097214106,1.0011326297810386,1.0012725357517445,1.0011326297810383,1.0012725357517445,0.0,-4.6190191418074885e-21
2395,16,6.209491729736328,-2.1603106363579405,-3.246634593182615,3.132211139989024,3.2466984157026726,-0.0002753872803953795,-0.0004606637367888075,1.0007165234379305,1.0012169345203632,1.0007165234379305,1.0012169345203632,0.0,-4.1571172276267396e-21
2396,16,5.426067352294922,-3.938704744221239,-3.3158416082864774,3.207478619802488,3.242776436112654,-0.0005121596462730875,-0.00046581332773723555,1.0009497643121683,1.0011902174995437,1.0009497643121683,1.0011902174995437,0.0,-3.7414055048640654e-21
2397,16,5.457347393035889,-3.9735703246490295,-3.3816144799227326,3.2632765911452384,3.2448264516159124,-0.0006022407418468107,-0.0004794560691481931,1.0010158789786092,1.0011727836474502,1.0010158789786092,1.0011727836474502,0.0,-3.367264954377659e-21
2398,16,4.843436241149902,-2.6387438022346346,-3.307327412153923,3.1492877131102612,3.2352725777653477,-0.0004980655485494732,-0.0004813170170883211,1.0008084111934714,1.0011363464020524,1.0008084111934714,1.0011363464020524,0.0,-3.0305384589398933e-21
2399,16,5.377423286437988,-2.721236086118445,-3.248718279550375,3.116890657157712,3.2234343857045844,-0.0005394810672702621,-0.0004871334221065152,1.0006480098526838,1.0010875127471155,1.0006480098526835,1.0010875127471155,1.083500053775275e-19,8.107515924706846e-21
2400,17,5.264812469482422,-2.7379998745547978,-3.1976464390508177,3.4374143242365207,3.2448323795577783,-0.0007937306150251552,-0.0005177931413983792,1.0005260049398592,1.00103136196639,1.0005260049398592,1.00103136196639,0.0,7.296764332236162e-21
2401,17,5.356619358062744,-2.3701568654759315,-3.114897481693329,3.086494001141164,3.228998541716117,-0.0008465217764344073,-0.000550666004901982,1.0006164720045885,1.0009898729702098,1.0006164720045885,1.0009898729702098,0.0,6.567087899012546e-21
2402,17,5.063446998596191,-0.7929637780610626,-2.8827041113301024,2.572547921162078,3.1633534796607132,-0.0006019886669154791,-0.0005557982711033318,1.000287013543427,1.0009195870275316,1.0002870135434272,1.0009195870275316,0.0,5.910379109111292e-21
2403,17,5.142682075500488,-0.766016115371788,-2.671035311734271,2.3369597030464706,3.0807141019992894,-0.0005924459473544135,-0.0005594630387284399,1.0000431595243706,1.0008319442772156,1.0000431595243704,1.0008319442772156,0.0,5.3193411982001625e-21
2404,17,5.169106483459473,-2.250103753400236,-2.6289421559008677,2.459111016835074,3.018553793482868,-0.0008356387916749257,-0.0005870806140230885,1.0001652571404767,1.0007652755635417,1.0001652571404767,1.0007652755635417,0.0,4.787407078380147e-21
2405,17,5.075606822967529,-1.1911962337165873,-2.4851675636824395,2.0983259565105037,2.9265310097856316,-0.0007675376336023234,-0.0006051263159810121,1.0001362489855348,1.000702372905741,1.0001362489855345,1.000702372905741,0.0,4.308666370542132e-21
2406,17,5.202029705047607,0.1506727834830238,-2.221583528965893,1.710383388206613,2.8049162476277303,-0.0005186319460438647,-0.0005964768789872974,0.9998529740817308,1.00061743302334,0.9998529740817307,1.00061743302334,-1.0843616017457372e-19,-6.965816283969453e-21
2407,17,4.7930192947387695,0.33276951441549885,-1.966148224627754,1.6779039570429526,2.6922150185692524,-0.0005473087082100627,-0.0005915600619095739,0.9996623916444681,1.0005219288854528,0.9996623916444681,1.0005219288854528,0.0,-6.269234655572508e-21
2408,17,5.0231146812438965,-0.16062109012134715,-1.7855955111771133,1.6504901476076976,2.588042531473097,-0.0006791337345430143,-0.000600317429172918,0.999540716280209,1.0004238076249283,0.999540716280209,1.0004238076249283,0.0,-5.642311190015257e-21
2409,17,4.1969075202941895,-0.11431932568412502,-1.6184678926278144,1.2157418190410085,2.450812460229888,-0.0006189794725676012,-0.0006021836335123863,0.9995711023489069,1.0003385370973261,0.9995711023489069,1.0003385370973261,1.0846673837786243e-19,5.7685937667725116e-21
2410,17,4.200606822967529,1.0741785572487703,-1.3492032476401559,0.9379883635914721,2.2995300505660468,-0.00045501831613892516,-0.0005874671017750402,0.9994073101223797,1.0002454143998314,0.9994073101223796,1.0002454143998314,0.0,5.191734390095261e-21
2411,17,4.135799884796143,1.4648072389058404,-1.0678021989855562,0.9604768205163471,2.165624727561077,-0.00045116493106479334,-0.0005738368847040155,0.9992735402073943,1.0001482269805877,0.9992735402073943,1.0001482269805877,0.0,4.672560951085735e-21
2412,17,4.196559429168701,1.1169767371392794,-0.8493243053730727,1.0583960591133619,2.0549018607163054,-0.0003994514438236108,-0.0005563983406159751,0.9990569451659884,1.000039098799128,0.9990569451659884,1.000039098799128,-5.426127998666631e-20,-1.2208231426894696e-21
2413,17,3.9881954193115234,0.483570848752613,-0.7160347899605042,1.1495045954489755,1.9643621341895725,-0.000506693106966981,-0.0005514278172510758,0.999151972384937,0.9999503861577088,0.9991519723849371,0.9999503861577088,1.0851223862347544e-19,9.752483033927021e-21
2414,17,4.296755790710449,0.9693025404230903,-0.5475010569221448,1.214024399779647,1.88932836074858,-0.0005219952313498842,-0.0005484845586609566,0.9991330541687193,0.9998686529588099,0.9991330541687193,0.9998686529588099,0.0,8.77723473053432e-21
2415,17,4.303549766540527,1.1024344881058668,-0.38250750241934367,1.264047411443128,1.826800265818035,-0.0005064352063458054,-0.0005442796234294415,0.9990490451020707,0.999786692173136,0.9990490451020707,0.999786692173136,0.0,7.899511257480889e-21
2416,17,3.9841482639312744,1.3679210604726784,-0.20746464613014146,1.3762520918488077,1.7817454484211124,-0.00047208571712941517,-0.0005370602327994388,0.9988988481801033,0.9996979077738327,0.9988988481801033,0.9996979077738327,0.0,7.1095601317328e-21
2417,17,3.728656530380249,1.274579607512285,-0.05926022076589882,1.890806382677763,1.7926515418467774,-0.0005690055988319928,-0.0005402547694026942,0.9987023674664393,0.9995983537430935,0.9987023674664394,0.9995983537430935,1.0856108965035954e-19,1.7254713083595476e-20
2418,17,4.047901153564453,0.9579670588862235,0.042462507199313416,2.092474700604428,1.8226338577225425,-0.0006500539308845316,-0.000551234685550878,0.998711818812983,0.9995097002500825,0.998711818812983,0.9995097002500825,0.0,1.552924177523593e-20
2419,17,3.7655320167541504,1.1644828059553027,0.15466453707491234,2.1779067779172965,1.8581611497420178,-0.0006864288040085016,-0.0005647540973966403,0.9987293447150635,0.9994316646965806,0.9987293447150634,0.9994316646965806,0.0,1.3976317597712337e-20
2420,17,4.055594444274902,1.8296660228796984,0.32216468565539097,2.1703075402461462,1.8893757887924307,-0.0006228328901291458,-0.0005705619766698909,0.9986111474179986,0.9993496129687225,0.9986111474179986,0.9993496129687225,-1.085710063710794e-19,1.721585200833162e-21
2421,17,4.046376705169678,2.297476299141048,0.5196958470039567,2.2261021795494744,1.923048427868135,-0.0005615336930834579,-0.0005696591483112476,0.9984577308726627,0.9992604247591166,0.9984577308726627,0.9992604247591166,0.0,1.549426680749846e-21
2422,17,4.098265647888184,2.145338108987192,0.6822600732022802,2.509818526808002,1.9817254377621218,-0.0006175696550645078,-0.0005744501989865736,0.9983986495038933,0.9991742472335943,0.9983986495038935,0.9991742472335943,0.0,1.3944840126748614e-21
2423,17,4.738567352294922,1.8898629694644102,0.8030203628284933,2.661673938000288,2.0497202877859384,-0.0006554686348130526,-0.0005825520425692215,0.998571556900451,0.99911397820028,0.9985715569004509,0.9991139782002799,1.0857531090219008e-19,1.2112566701626383e-20
2424,17,5.150475025177002,3.337481341577163,1.0564664607033603,2.657135084833903,2.110461767490735,-0.0005583903348971769,-0.0005801358718020171,0.9985002587466434,0.9990526062549163,0.9985002587466434,0.9990526062549163,0.0,1.0901310031463745e-20
2425,17,5.039750576019287,4.377368848449089,1.3885566994779333,2.900586297614119,2.1894742205030733,-0.0004375706890977902,-0.0005658793535315944,0.9982006267396757,0.9989674083033923,0.9982006267396757,0.9989674083033923,0.0,9.811179028317371e-21
2426,17,4.913879871368408,3.648334301069722,1.6145344596371123,3.3539592484110945,2.3059227232938753,-0.000477552586034691,-0.0005570466767819041,0.9980158280726547,0.9988722502803186,0.9980158280726547,0.9988722502803186,5.431788464614288e-20,1.4261849590099923e-20
2427,17,4.8861918449401855,2.3246638909567365,1.6855474027690749,3.788738601990455,2.454204311163533,-0.0007250292359457293,-0.0005738449326982867,0.9983832562456301,0.9988233508768498,0.9983832562456301,0.9988233508768498,0.0,1.283566463108993e-20
2428,17,5.058318614959717,3.3077942791706403,1.8477720904092316,3.960384325317602,2.60482231257894,-0.000626507905604033,-0.0005791112299888613,0.9983385000014129,0.9987748657893062,0.9983385000014129,0.9987748657893062,1.0860065724040193e-19,2.241216389202113e-20
2429,17,5.183450222015381,3.8737303854817497,2.0503679199164835,4.215466475497794,2.7658867288708255,-0.000615384369515249,-0.0005827385439415,0.9982428159627476,0.9987216608066504,0.9982428159627474,0.9987216608066504,0.0,2.0170947502819017e-20
2430,17,5.1120285987854,4.352325306636509,2.280563658588486,4.274731662878397,2.916771222271583,-0.0005957965443324021,-0.0005840443439805901,0.9982165522931962,0.9986711499553049,0.9982165522931962,0.9986711499553049,-1.086139245031325e-19,7.292460302223864e-21
2431,17,5.0684356689453125,4.4705363487035354,2.499560927599991,4.3063271131373,3.055726811358155,-0.0005850811889247629,-0.0005841480284750073,0.9981722884005164,0.9986212637998261,0.9981722884005164,0.9986212637998261,0.0,6.563214272001477e-21
2432,17,5.028929710388184,4.508161410500394,2.7004209758900313,4.308351329083069,3.1809892631306464,-0.0005571779663072603,-0.0005814510222582327,0.9981183919550151,0.998570976615345,0.9981183919550151,0.998570976615345,0.0,5.906892844801329e-21
2433,17,4.530666351318359,4.391944012915712,2.8695732795925992,4.582340444429082,3.32112438126049,-0.0005736500613966147,-0.0005806709261720708,0.9979446048377014,0.9985083394375807,0.9979446048377015,0.9985083394375807,-1.0864352261935734e-19,-5.548148701614538e-21
2434,17,4.70780611038208,3.8787699289651365,2.970492944529853,4.7171057176294084,3.460722514897382,-0.0006715013136154702,-0.0005897539649164108,0.9980495694297996,0.9984624624368026,0.9980495694297996,0.9984624624368026,1.0863209661068488e-19,5.8698758296154034e-21
2435,17,4.664071559906006,3.8742632402155444,3.060869974098422,4.726006461159274,3.587250909523571,-0.0006532198457252854,-0.0005961005529972984,0.9980587513152352,0.9984220913246459,0.9980587513152352,0.9984220913246459,0.0,5.282888246653863e-21
2436,17,4.5732421875,3.8736167538490585,3.142144652073486,4.7915423375625705,3.707680052327471,-0.0006654641930524137,-0.0006030369170028099,0.9980552101065817,0.9983854032028395,0.9980552101065817,0.9983854032028395,0.0,4.754599421988477e-21
2437,17,4.530663013458252,3.8870836783032203,3.2166385546964595,4.7520210193788115,3.812114149032605,-0.0006401418836889522,-0.0006067474136714241,0.9980613405287115,0.9983529969354268,0.9980613405287116,0.9983529969354268,0.0,4.27913947978963e-21
2438,17,4.746520519256592,3.614239217866231,3.256398621013437,4.768380815357732,3.9077408156651177,-0.0005887923596286282,-0.0006049519082671445,0.9979634683336324,0.9983140440752474,0.9979634683336324,0.9983140440752474,0.0,3.8512255318106665e-21
2439,17,4.9517011642456055,3.098620049365754,3.240620763848669,4.81300881781597,3.998267615880203,-0.0005820084778296566,-0.0006026575652233958,0.9979172166289416,0.9982743613306169,0.9979172166289416,0.9982743613306169,0.0,3.4661029786296e-21
2440,17,5.026127338409424,2.352126956224123,3.1517713830862144,4.935158104949542,4.091956664787137,-0.000707426197637195,-0.0006131344284647757,0.9980671087054513,0.9982536360681004,0.9980671087054513,0.9982536360681004,1.0863018759247313e-19,1.3982511440013952e-20
2441,17,4.876237392425537,2.324830894648,3.069077334242393,4.865552393245701,4.1693162376329935,-0.0006699269562082567,-0.0006188136812391238,0.9981293754742103,0.9982412100087114,0.9981293754742103,0.9982412100087114,0.0,1.2584260296012558e-20
2442,17,4.847751617431641,2.5002522559438223,3.0121948264125358,4.877434014518544,4.240128015321549,-0.0006135884548524848,-0.0006182911586004599,0.9980427507948663,0.9982213640873269,0.9980427507948663,0.9982213640873269,0.0,1.1325834266411302e-20
2443,17,4.8016581535339355,1.391978733670703,2.850173217138353,5.068987631070241,4.323013976896418,-0.0006211917796099777,-0.0006185812207014117,0.9979338089554378,0.9981926085741379,0.9979338089554378,0.9981926085741379,1.0864469795049492e-19,2.1057720634819664e-20
2444,17,4.819658279418945,0.6728106282173826,2.632436958246256,5.081233122992889,4.3988358915060655,-0.0007206265866044456,-0.0006287857572917151,0.9981687583498688,0.998190223551711,0.9981687583498687,0.998190223551711,0.0,1.8951948571337698e-20
2445,17,5.730470180511475,1.3684246746719293,2.5060357298888234,4.831362749751905,4.442088577330649,-0.0005968235668693546,-0.000625589538249479,0.9984791022129105,0.998219111417831,0.9984791022129104,0.998219111417831,0.0,1.705675371420393e-20
2446,17,5.163431167602539,2.1535309400816893,2.4707852509081096,5.100475135019498,4.507927233099534,-0.0004852991877752636,-0.0006115605032020575,0.9982659254029591,0.9982237928163439,0.9982659254029591,0.9982237928163439,0.0,1.5351078342783537e-20
2447,17,5.5919575691223145,1.5178683399416117,2.37549355981146,5.636793657122381,4.620813875501819,-0.000499684995911695,-0.0006003729524730213,0.9980676671354971,0.9982081802482592,0.9980676671354971,0.9982081802482592,0.0,1.3815970508505182e-20
2448,16,5.880103588104248,0.23360956349212253,2.161305160179526,5.518784341350523,4.71061092208669,-0.00038844396057246297,-0.0005791800532829655,0.9983971180468066,0.998227074028114,0.9983971180468065,0.998227074028114,0.0,1.2434373457654664e-20
2449,16,5.083093643188477,-0.04993419925596589,1.940181224235977,5.818626776954756,4.821412507573497,-0.0003944654932605879,-0.0005607085972807277,0.9985719382807459,0.9982615604533771,0.998571938280746,0.9982615604533771,0.0,1.1190936111889198e-20
2450,16,5.625455379486084,0.2304777118016255,1.769210872992542,6.0059888659849525,4.939870143414643,-0.00037762244121033496,-0.0005423999816736885,0.99890053904478,0.9983254583125174,0.99890053904478,0.9983254583125174,5.426977612417228e-20,1.5498820113117508e-20
2451,16,5.392462253570557,1.497762315373564,1.7420660172306441,6.214214774649511,5.06730460653813,-0.00016716752955901783,-0.0005048767364622214,0.9987823139851797,0.9983711438797838,0.9987823139851797,0.9983711438797838,2.713809999697272e-20,1.666274810150303e-20
2452,16,6.214664459228516,1.3992130636843279,1.7077807218760126,6.848952810412264,5.245469426925544,-0.00013069258786052018,-0.00046745832160205133,0.998479066539418,0.9983819361457472,0.998479066539418,0.9983819361457472,0.0,1.4996473291352728e-20
2453,16,6.202724456787109,-0.31023530007163885,1.5059791196812473,7.218315466581821,5.442754030891171,-0.0004717437908238589,-0.0004678868685242321,0.9989467672465681,0.9984384192558293,0.998946767246568,0.9984384192558293,0.0,1.3496825962217456e-20
2454,16,5.534183979034424,0.0006714949772674867,1.3554483572108493,7.259989045627344,5.624477532364789,-0.000466822449521291,-0.000467780426623938,0.9990170650387881,0.9984962838341251,0.999017065038788,0.9984962838341251,0.0,1.2147143365995711e-20
2455,16,5.734513759613037,0.8804535198916265,1.307948873478927,7.312335953690671,5.793263374497378,-0.00038269475153827675,-0.0004592718591153719,0.998802600039026,0.9985269154546152,0.998802600039026,0.9985269154546152,0.0,1.093242902939614e-20
2456,16,5.979413986206055,0.9197794746008905,1.2691319335911235,7.485642510329789,5.9625012880806185,-0.0003778935377276114,-0.0004511340269765959,0.9984907984207758,0.9985233037512313,0.9984907984207758,0.9985233037512313,0.0,9.839186126456526e-21
2457,16,5.341043472290039,-0.9179397017600187,1.0504247700560092,7.470873814771276,6.113338540749685,-0.0006762517079101659,-0.00047364579506995293,0.998780190395538,0.9985489924156621,0.998780190395538,0.9985489924156621,0.0,8.855267513810873e-21
2458,16,5.5594587326049805,-1.2645566914745523,0.8189266239029531,7.392049517335977,6.241209638408314,-0.0007827958393599412,-0.0005045607994989518,0.9990217357077985,0.9985962667448758,0.9990217357077985,0.9985962667448758,0.0,7.969740762429786e-21
2459,16,5.466940402984619,0.6044454644518068,0.7974785079578386,6.831158183904857,6.300204492957969,-0.0005883301000229741,-0.000512937729551354,0.998869333197576,0.9986235733901458,0.998869333197576,0.9986235733901458,0.0,7.172766686186808e-21
2460,16,5.3757100105285645,1.0047130239978197,0.8182019595618367,6.749050676021994,6.345089111264371,-0.0004975166447657339,-0.000511395621072792,0.9986369708736459,0.9986249131384959,0.9986369708736459,0.9986249131384959,0.0,6.455490017568128e-21
2461,16,5.8407697677612305,-0.07264055108750316,0.7291177084969028,6.483317680266851,6.35891196816462,-0.0005235788533170716,-0.00051261394429722,0.9987058314719117,0.9986330049718375,0.9987058314719118,0.9986330049718375,0.0,5.8099410158113154e-21
2462,16,5.8353657722473145,-0.17906373655100702,0.6382995639921119,6.5251617589586814,6.375536947244026,-0.0005743039304324996,-0.000518782942910748,0.9987459214400606,0.9986442966186598,0.9987459214400607,0.9986442966186598,-1.08556355446461e-19,-5.626688630415918e-21
2463,16,5.855008602142334,0.2879321206703478,0.6032628196599354,6.155153949731927,6.353498647492817,-0.000552705067692336,-0.0005221751553889069,0.998952013979312,0.9986750683547251,0.998952013979312,0.9986750683547251,-1.0853395932068844e-19,-1.591741569944317e-20
2464,16,5.698139190673828,1.0296213452137584,0.6458986722153177,6.2149300410601604,6.339641786849551,-0.00048381026226127,-0.0005183386660761432,0.9988087479713719,0.9986884363163897,0.9988087479713719,0.9986884363163897,0.0,-1.4325674129498853e-20
2465,16,5.535341739654541,1.1105680659391022,0.6923656115876963,6.31436678069901,6.337114286234497,-0.00035033704438808337,-0.0005015385039073371,0.9987299305748027,0.9986925857422311,0.9987299305748029,0.9986925857422311,5.427904678202191e-20,-7.465202038346776e-21
2466,16,5.547560691833496,-0.026108700963810523,0.6205181803325456,7.0029010620099905,6.403692963812047,-0.0005165163669156696,-0.0005030362902081704,0.9987856979714405,0.998701896965152,0.9987856979714403,0.998701896965152,0.0,-6.718681834512099e-21
2467,16,5.689197063446045,0.0042173830017753515,0.5588881005994686,6.8921097229543165,6.452534639726274,-0.0004490310311131289,-0.0004976357642986663,0.9990031965737759,0.9987320269260144,0.9990031965737759,0.9987320269260144,0.0,-6.046813651060889e-21
2468,16,5.914849758148193,0.811332363775815,0.5841325269171033,7.197063006349981,6.526987476388645,-0.0002773410948980835,-0.00047560629735860806,0.9986179894563344,0.9987206231790463,0.9986179894563345,0.9987206231790464,0.0,-5.4421322859548004e-21
2469,16,5.450679779052734,-1.4207968415987902,0.38363959006551396,7.807286594263479,6.6550173881761285,-0.0004952250023077555,-0.00047756816785352285,0.9986100060763283,0.9987095614687745,0.9986100060763283,0.9987095614687747,1.0857113046017626e-19,5.9591939886583054e-21
2470,16,5.463177680969238,-2.087453612199278,0.13653026983903477,8.047484674021497,6.794264116760666,-0.000624447414963654,-0.000492256092564536,0.9987916877430353,0.9987177740962006,0.9987916877430353,0.9987177740962008,1.0855138121298054e-19,1.621841271109053e-20
2471,16,5.750903129577637,-1.356734492484378,-0.012796206393306503,7.7108660562041775,6.8859243107050165,-0.0004831540087820712,-0.0004913458841862895,0.9990704658911325,0.9987530432756937,0.9990704658911324,0.9987530432756939,5.426054565222473e-20,2.0022626005203948e-20
2472,16,5.893451690673828,0.11213389110471143,-0.00030319664350470996,8.015566706874866,6.998888550322001,-0.0003055444744581302,-0.0004727657432134736,0.9985917255386333,0.9987369115019877,0.9985917255386333,0.9987369115019878,0.0,1.8020363404683554e-20
2473,16,6.220523357391357,-0.5900821077531864,-0.05928108775447288,8.311412711737878,7.130140966463589,-0.00029007295441590964,-0.00045449646433371724,0.9983896928610961,0.9987021896378986,0.9983896928610961,0.9987021896378987,5.429754434756305e-20,2.1648081498971506e-20
2474,16,5.989002704620361,-1.7403627071108572,-0.22738924969011134,8.42137150807929,7.259264020625159,-0.0005233842071952187,-0.0004613852386198674,0.9987448095139857,0.9987064516255073,0.9987448095139857,0.9987064516255074,0.0,1.9483273349074356e-20
2475,16,5.982165336608887,-1.4163968367749122,-0.3462900083985914,8.331963975057073,7.366534016068351,-0.0004666883490024733,-0.000461915549658128,0.9987640237346674,0.9987122088364233,0.9987640237346673,0.9987122088364234,0.0,1.753494601416692e-20
2476,16,6.140048503875732,-0.9720021725729765,-0.40886122481602993,8.510498699430446,7.48093048440456,-0.00041171190245546104,-0.0004568951849378613,0.9984366671367008,0.9986846546664511,0.9984366671367008,0.9986846546664512,0.0,1.578145141275023e-20
2477,16,5.696866989135742,-2.0740797843374894,-0.5753830807681759,8.31563586174272,7.564401022138376,-0.0004996714550150053,-0.00046117281194557575,0.9985649937378598,0.9986726885735919,0.9985649937378597,0.998672688573592,0.0,1.4203306271475207e-20
2478,16,5.580474376678467,-2.3542065152177227,-0.7532654242131306,8.138232649000178,7.6217841848245556,-0.00057241252038529,-0.0004722967827895472,0.9987334789704995,0.9986787676132827,0.9987334789704995,0.9986787676132828,0.0,1.2782975644327686e-20
2479,16,5.453496932983398,-1.7312943916171308,-0.8510683209535306,8.009761267433987,7.660581893085499,-0.000578858044100516,-0.0004829529089206441,0.998848724652275,0.9986957633171819,0.9988487246522751,0.998695763317182,0.0,1.1504678079894918e-20
2480,16,5.597477912902832,-0.7471658536716361,-0.8406780742253411,7.885214772667918,7.683045181043742,-0.00041426476523044755,-0.00047608409455162444,0.9986365416573141,0.9986898411511951,0.9986365416573141,0.9986898411511952,-5.428412276433364e-20,4.925797995472061e-21
2481,16,5.683081150054932,-0.5477139476953832,-0.8113816615723454,7.996634044515485,7.714404067390916,-0.00029385206825373913,-0.00045786089192183596,0.9983270194679312,0.9986535589828688,0.9983270194679312,0.9986535589828689,0.0,4.433218195924855e-21
2482,16,5.664714813232422,-2.1696771655287246,-0.9472112119679833,8.067046694789726,7.749668330130797,-0.0005880426803346739,-0.00047087907076311976,0.9986548045866789,0.9986536835432498,0.9986548045866789,0.99865368354325,0.0,3.98989637633237e-21
2483,16,5.797386646270752,-2.405950632001735,-1.0930851539713586,8.021252421930907,7.776826739310808,-0.0006452181235927743,-0.0004883129760460852,0.998795887203476,0.9986679039092725,0.9987958872034761,0.9986679039092726,1.0855092480618408e-19,1.4445999219317542e-20
2484,16,5.247406482696533,-1.7395923158978794,-1.1577358701640108,7.979112656210162,7.7970553310007435,-0.0005882797050923993,-0.0004983096489507167,0.9987281530513673,0.9986739288234819,0.9987281530513674,0.998673928823482,1.0855828677433316e-19,2.3857227974819103e-20
2485,16,5.139776706695557,-1.335183640264994,-1.1754806471741093,8.001405271953441,7.8174903250960135,-0.0005405087607921156,-0.0005025295601348566,0.9986304760335227,0.9986695835444861,0.9986304760335227,0.9986695835444862,0.0,2.1471505177337195e-20
2486,16,5.579275131225586,-1.415128384708535,-1.1994454209275518,7.774424331761656,7.8131837257625785,-0.000575472988647127,-0.0005098239029860837,0.9988581957170831,0.9986884447617458,0.9988581957170832,0.9986884447617459,1.085441534278199e-19,3.017877000238547e-20
2487,16,5.602100849151611,-0.1716781453896223,-1.0966686933737588,7.451250792591115,7.776990432445432,-0.00038453174730006435,-0.0004972946874174818,0.9986178284572795,0.9986813831312992,0.9986178284572794,0.9986813831312993,-5.428513999997579e-20,2.173237900214934e-20
2488,16,5.888935089111328,0.09068206940833796,-0.9779336170955492,7.708536915776308,7.770145080778519,-0.00033338901921286027,-0.00048090412059701966,0.9981344068564904,0.9986266855038183,0.9981344068564904,0.9986266855038184,-5.431143165879206e-20,1.41279979360552e-20
2489,16,5.589489936828613,-2.0569533016480137,-1.0858355855507957,7.810406625387352,7.774171235239402,-0.0006482078089749443,-0.0004976344894348122,0.9983813132471628,0.9986021482781527,0.9983813132471627,0.9986021482781529,-1.0859600015541313e-19,1.855598126908365e-21
2490,16,6.027629375457764,-2.218545320564543,-1.1991065590521706,7.628462901419853,7.759600401857448,-0.000896433529012788,-0.0005375143933926097,0.9987826932100774,0.9986202027713452,0.9987826932100774,0.9986202027713453,0.0,1.6700383142175285e-21
2491,16,5.659314155578613,0.4602880709938518,-1.0331670960475683,6.855736652565832,7.669214026928286,-0.0004947959331055642,-0.0005332425473639051,0.9983282882816795,0.9985910113223786,0.9983282882816795,0.9985910113223788,0.0,1.5030344827957757e-21
2492,16,5.573339939117432,0.7342368898811675,-0.8564266974546947,6.912044433469338,7.5934970675823905,-0.00043436428936070685,-0.0005233547215635853,0.9978127354207725,0.998513183732218,0.9978127354207726,0.9985131837322183,0.0,1.3527310345161982e-21
2493,16,5.733492374420166,-0.9097147074006079,-0.8617554984492861,7.002894351420321,7.534436795966184,-0.000729111636123835,-0.0005439304130196102,0.9980520026592651,0.9984670656249227,0.9980520026592652,0.998467065624923,0.0,1.2174579310645783e-21
2494,16,5.983788967132568,-0.9713856221582913,-0.8727185108201867,6.492274028429957,7.430220519212562,-0.0007855989306303163,-0.0005680972647806809,0.9983999155566617,0.9984603506180966,0.9983999155566616,0.9984603506180969,0.0,1.0957121379581205e-21
2495,16,5.904205322265625,1.843842494747818,-0.6010624102633862,6.063449502299105,7.293543417521216,-0.0002514606108114468,-0.0005364335993837576,0.9976508763433476,0.9983794031906217,0.9976508763433476,0.998379403190622,5.433775472935933e-20,6.419916397098242e-21
2496,17,5.586512088775635,0.5641503651891697,-0.4845411327181306,6.547217129993178,7.2189107887684125,-0.0005415052076764071,-0.0005369407602130226,0.9975232783709946,0.9982937907086591,0.9975232783709946,0.9982937907086593,0.0,5.777924757388418e-21
2497,17,5.536465644836426,-0.7805937607455695,-0.5141463955208745,6.703855572064804,7.167405267098052,-0.0007377345506006884,-0.0005570201392517892,0.9977768393065457,0.9982420955684478,0.9977768393065458,0.998242095568448,0.0,5.200132281649576e-21
2498,16,5.738683223724365,-0.184600786654023,-0.48119183463418935,6.465159202710823,7.097180660659329,-0.0005589572257188815,-0.0005572138478984986,0.9979495756889792,0.9982128435805009,0.9979495756889792,0.9982128435805011,0.0,4.6801190534846185e-21
2499,16,5.4225969314575195,0.7284232377167091,-0.3602303273990995,6.4312375376131605,7.030586348354712,-0.0004921019944853192,-0.0005507026625571807,0.9978930482941457,0.9981808640518655,0.9978930482941457,0.9981808640518657,0.0,4.2121071481361565e-21
2500,16,5.602863311767578,1.6394383621723176,-0.1602634584419578,6.479406275496994,6.97546834106894,-0.00030198587754958953,-0.0005258309840564216,0.99750003399048,0.998112781045727,0.9975000339904799,0.9981127810457271,-5.43459717062953e-20,-1.6437007373069886e-21
2501,16,5.580065727233887,0.1582544914749611,-0.12841166345026592,6.533964986858988,6.931318005647945,-0.00034595503536175194,-0.0005078433891869546,0.9974988469232348,0.9980513876334778,0.9974988469232348,0.9980513876334779,0.0,-1.4793306635762897e-21
2502,16,5.575956344604492,-0.5125308206492467,-0.166823579170164,6.6416935442036245,6.902355559503514,-0.0004865101460483356,-0.0005057100648730927,0.997680148050804,0.9980142636752105,0.9976801480508041,0.9980142636752105,0.0,-1.3313975972186609e-21
2503,16,5.272271156311035,-0.6610171518852399,-0.21624293644167158,6.678335786812096,6.879953582234372,-0.0006221749341842106,-0.0005173565518042045,0.9979153939851764,0.9980043767062072,0.9979153939851764,0.9980043767062072,0.0,-1.1982578374967948e-21
2504,16,5.424655437469482,0.8226817935187408,-0.11235046344563035,6.744629289909785,6.866421153001913,-0.00039651754284157295,-0.0005052726509079413,0.9974448544021084,0.9979484244757973,0.9974448544021083,0.9979484244757973,5.43489781766131e-20,4.356465763914195e-21
2505,17,5.295470237731934,0.49414164841400576,-0.05170125225966674,7.372280396931639,6.917007077394885,-0.0006986837912933737,-0.0005246137649464846,0.9971609608042364,0.9978696781086412,0.9971609608042363,0.9978696781086412,0.0,3.9208191875227754e-21
2506,16,4.979619026184082,-0.4073699728123704,-0.0872681243149371,6.900261028148213,6.915332472470218,-0.0005769986721826171,-0.0005298522556700979,0.9974925091008217,0.9978319612078592,0.9974925091008217,0.9978319612078592,0.0,3.528737268770498e-21
2507,16,5.906439304351807,-1.2892206153212915,-0.20746337341557256,6.671582478675943,6.890957473090791,-0.000741012716770814,-0.0005509683017801695,0.998118322062087,0.997860597293282,0.9981183220620868,0.997860597293282,0.0,3.1758635418934483e-21
2508,16,5.921766757965088,1.5381952685757612,-0.032897509216439164,6.893925193721237,6.891254245153836,-0.0005089515825841565,-0.0005467666298605682,0.9977568971068387,0.9978502272746377,0.9977568971068387,0.9978502272746377,0.0,2.8582771877041037e-21
2509,16,5.887670516967773,2.383730494477657,0.20876529115297046,6.994312386515271,6.901560059289979,-0.0003848309984631282,-0.0005305730667208242,0.9974492899232791,0.9978101335395019,0.9974492899232791,0.9978101335395019,0.0,2.5724494689336934e-21
2510,16,5.896211624145508,1.5021935460892089,0.3381081166465943,7.133173521300892,6.924721405491071,-0.0004686305503115149,-0.0005243788150798933,0.9973913643865445,0.9977682566242061,0.9973913643865444,0.9977682566242061,0.0,2.315204522040324e-21
2511,16,5.715096473693848,1.2806633392250417,0.4323636389044391,7.126718182080586,6.944921083150023,-0.0005319652348131894,-0.0005251374570532229,0.9975072885746697,0.9977421598192524,0.9975072885746697,0.9977421598192524,1.086911529272846e-19,1.2952799362564753e-20
2512,16,5.803746223449707,1.3292427148333898,0.5220515464973342,7.081241047744683,6.958553079609489,-0.0006335058638936498,-0.0005359742977372657,0.9977091232892489,0.997738856166252,0.9977091232892489,0.997738856166252,0.0,1.1657519426308278e-20
2513,16,5.501934051513672,2.3538305418323127,0.705229446030832,6.966361805929302,6.9593339522414706,-0.0005010761233595923,-0.0005324844802994984,0.9975453517369659,0.9977195057233235,0.9975453517369659,0.9977195057233235,1.0868700561810531e-19,2.136046804548798e-20
2514,16,5.376036643981934,2.7950991384937636,0.9142164152771253,7.027713411855195,6.966171898202843,-0.00038314809002873386,-0.0005175508412724219,0.9971622276632288,0.997663777917314,0.9971622276632288,0.997663777917314,0.0,1.9224421240939183e-20
2515,17,5.293683052062988,0.2957219932994702,0.8523669730793598,7.3092316893748,7.000477877320039,-0.0008746948713045669,-0.0005532652442756364,0.9975746302532966,0.9976548631509123,0.9975746302532966,0.9976548631509123,0.0,1.7301979116845265e-20
2516,17,5.36497688293457,0.5751584363494137,0.8246461194063652,6.957597139124693,6.996189803500505,-0.000930467259710862,-0.000590985445819159,0.9979117507747218,0.9976805519132933,0.9979117507747218,0.9976805519132933,-1.0864709946984707e-19,4.7070712581760325e-21
2517,17,5.148080825805664,2.4961589457967492,0.9917974020454037,6.555811336726807,6.952151956823135,-0.0005888069874569353,-0.0005907675999829367,0.9975536169314873,0.9976678584151126,0.9975536169314873,0.9976678584151126,1.0868610509583951e-19,1.510497464194238e-20
2518,17,5.2707200050354,2.3289074087822756,1.125508402719091,6.645284042356083,6.92146516537643,-0.0005341965601452963,-0.0005851104959991727,0.9973222485616506,0.9976332974297665,0.9973222485616506,0.9976332974297665,0.0,1.3594477177748143e-20
2519,17,5.489381790161133,0.6029653955862315,1.073254102005805,6.527125791388072,6.882031227977595,-0.0007229744380330315,-0.0005988968902025586,0.9976195527761228,0.9976319229644022,0.9976195527761228,0.9976319229644022,1.086789216859718e-19,2.3102921628570507e-20
2520,17,5.372004985809326,0.16231159260860228,0.9821598510660848,6.391191619061842,6.83294726708602,-0.0007521541184235325,-0.000614222613024656,0.9977826768092313,0.9976469983488852,0.9977826768092313,0.9976469983488852,1.0866115414557313e-19,3.165874488027077e-20
2521,17,5.400260925292969,0.5945207070791823,0.9433959366673946,6.313825571633095,6.781035097540728,-0.0008180010665967357,-0.000634600458381864,0.9979562500287564,0.9976779235168723,0.9979562500287564,0.9976779235168723,0.0,2.8492870392243695e-20
2522,17,5.292723178863525,1.0926080168402752,0.9583171446846827,6.281917952095137,6.731123382996168,-0.0006560709812989995,-0.0006367475106735774,0.9977003414382712,0.9976801653090123,0.9977003414382712,0.9976801653090123,-1.0867012142368654e-19,1.477657121065067e-20
2523,17,5.539337635040283,-0.12854701536123084,0.8496307286800913,6.226913669625324,6.680702411659084,-0.0007110367928536938,-0.0006441764388915891,0.9978503502841333,0.9976971838065244,0.9978503502841333,0.9976971838065244,0.0,1.3298914089585604e-20
2524,17,5.547295093536377,-0.7116675720635482,0.6935008986057274,6.175737240678839,6.63020589456106,-0.000791713402864709,-0.0006589301352889011,0.9980430361850133,0.9977317690443733,0.9980430361850133,0.9977317690443733,0.0,1.1969022680627045e-20
2525,17,5.209556579589844,0.15328799456068817,0.6394796082012235,6.032549393691191,6.5704402444740735,-0.0007159995222284347,-0.0006646370739828545,0.9980651507026931,0.9977651072102053,0.998065150702693,0.9977651072102053,0.0,1.0772120412564341e-20
2526,17,5.244728088378906,0.053087711863300295,0.5808404185674312,5.885200446374283,6.501916264664094,-0.0006885507461687601,-0.000667028441201445,0.9981797513078876,0.9978065716199735,0.9981797513078877,0.9978065716199735,0.0,9.694908371307907e-21
2527,17,4.927367687225342,0.513254235810031,0.5740818002916912,5.847614669246144,6.436486105122299,-0.0005095321805032597,-0.0006512788151316265,0.9979282923356183,0.997818743691538,0.9979282923356184,0.997818743691538,1.0864529854624774e-19,1.958994738880189e-20
2528,17,5.437255382537842,-0.722551750492686,0.44441844521325347,5.837977422622268,6.376635236872295,-0.0005860256990862113,-0.000644753503527085,0.9981325006595703,0.9978501193883413,0.9981325006595703,0.9978501193883413,-1.0862307076155309e-19,6.7686455737663926e-21
2529,17,5.678260803222656,-1.6556312303903524,0.2344134776528929,5.817404056681428,6.3207121188532085,-0.0007232763196887234,-0.0006526057851432489,0.9984770382128165,0.9979128112707889,0.9984770382128166,0.9979128112707889,0.0,6.091781016389754e-21
2530,17,5.623488903045654,-1.0555040762319847,0.10542172226440513,5.61556983645238,6.2501978906131255,-0.0006357604516082088,-0.0006509212517897449,0.9985664561889228,0.9979781757626023,0.9985664561889229,0.9979781757626023,0.0,5.482602914750778e-21
2531,17,5.601596832275391,-0.654358885688857,0.029443661469078924,5.670484373538598,6.192226538905673,-0.0005336622582735698,-0.0006391953524381275,0.9983400734728672,0.9980143655336289,0.9983400734728672,0.9980143655336289,-1.0860048607624792e-19,-5.925705984349092e-21
2532,17,5.595496654510498,-1.8803077767079588,-0.16153148234862486,5.674605848378771,6.140464469852983,-0.0005869500495154405,-0.0006339708221458587,0.9984480831959573,0.9980577372998618,0.9984480831959575,0.9980577372998618,-1.085887379356826e-19,-1.6192009179482443e-20
2533,16,5.4757280349731445,-2.7739839259793357,-0.42277672671169597,5.168344106552368,6.043252433522922,-0.00041256588428477354,-0.0006118303283597503,0.9988087376340955,0.9981328373332853,0.9988087376340955,0.9981328373332853,-5.427476410817564e-20,-2.0000284672351764e-20
2534,16,5.214799880981445,-2.9531105887768687,-0.6758101129182132,5.032981780569058,5.942225368227536,-0.00037234528023402674,-0.000587881823547178,0.9990491278711955,0.9982244663870763,0.9990491278711956,0.9982244663870763,5.426170456680922e-20,-1.2574085748435664e-20
2535,16,5.318454742431641,-2.403171421355556,-0.8485462437619476,4.957722873895283,5.84377511879431,-0.00025218754899289847,-0.0005543123960917501,0.9989914890184411,0.9983011686502128,0.9989914890184411,0.9983011686502128,0.0,-1.1316677173592099e-20
2536,16,5.290555953979492,-2.7187533200547276,-1.0355669513912256,4.896760806594282,5.749073687574307,-0.00020927069886519226,-0.0005198082263690943,0.999095254443605,0.998380577229552,0.9990952544436051,0.998380577229552,0.0,-1.018500945623289e-20
2537,16,5.739322662353516,-3.091757699954446,-1.2411860262475476,4.9341589695657,5.667582215773447,-0.0002361359461071751,-0.0004914409983429025,0.9993515325535938,0.9984776727619562,0.9993515325535939,0.9984776727619562,0.0,-9.166508510609601e-21
2538,16,5.597019195556641,-2.42288823286095,-1.359356246908888,5.072721804237892,5.608096174619892,-0.00012604129210632008,-0.00045490102771924423,0.9993812557662287,0.9985680310623835,0.9993812557662287,0.9985680310623835,-2.7121835791642983e-20,-1.0962041238712939e-20
2539,16,6.152755260467529,-2.68197693016749,-1.4916183152347484,5.616940905227245,5.608980647680627,-6.786969373235411e-05,-0.00041619789432055526,0.9989636475189695,0.998607592708042,0.9989636475189695,0.998607592708042,-1.3566586922084624e-20,-1.1222495807050107e-20
2540,16,5.830291271209717,-5.138055898908928,-1.8562620736021664,5.953404228019096,5.643423005714474,-0.0004198295030009748,-0.0004165610551885972,0.999491814440302,0.998696014881268,0.999491814440302,0.998696014881268,0.0,-1.0100246226345096e-20
2541,16,6.336073398590088,-5.723898816428763,-2.2430257478848263,5.786342166500433,5.657714921793069,-0.0005497048196830373,-0.00042987543163804125,1.0000233864610903,0.9988287520392504,1.0000233864610903,0.9988287520392504,0.0,-9.090221603710587e-21
2542,16,6.070350170135498,-2.8084161216446524,-2.2995647852608094,5.775060415619617,5.6694494711757235,-0.00029235094846721886,-0.00041612298332095905,0.9995695080385352,0.9989028276391789,0.9995695080385352,0.9989028276391789,0.0,-8.18119944333953e-21
2543,16,6.104543685913086,-2.901554371285416,-2.35976374386327,5.551949842105645,5.657699508268716,-0.00011875897118693987,-0.00038638658210755715,0.9993656839226129,0.9989491132675223,0.9993656839226129,0.9989491132675223,0.0,-7.363079499005577e-21
2544,16,5.880723476409912,-4.54721601276714,-2.5785089707536573,5.401687303993229,5.632098287841167,-0.0002684226442036497,-0.0003745901883171664,0.9995403178031921,0.9990082337210894,0.9995403178031921,0.9990082337210894,0.0,-6.62677154910502e-21
2545,16,5.784587860107422,-4.851834026011466,-2.8058414762794386,5.372074001540344,5.606095859211085,-0.0003133474584250068,-0.00036846591532795043,0.9996486668048374,0.9990722770294642,0.9996486668048375,0.9990722770294642,0.0,-5.964094394194518e-21
2546,16,6.217118263244629,-4.864368045073173,-3.0116941331588123,5.033825721589206,5.548868845448897,-0.0003449158380422673,-0.00036611090759938215,1.000184997063345,0.9991835490328523,1.000184997063345,0.9991835490328523,5.420008176831503e-20,5.2323222056437107e-23
2547,16,6.354283332824707,-3.911125749513873,-3.101637294794318,5.398138421720684,5.533795803076076,-0.00015504027009094834,-0.00034500384384853876,0.9996314779697199,0.9992283419265391,0.99963147796972,0.9992283419265391,-2.711504680423705e-20,-2.6644137805729113e-21
2548,16,6.145415306091309,-5.297826487111433,-3.3212562140260298,5.62744912717491,5.54316113548596,-0.00030198427301599446,-0.0003407018867652843,0.9997491096649712,0.9992804187003823,0.9997491096649712,0.9992804187003823,5.422371282975359e-20,3.0243988804597392e-21
2549,16,6.122852325439453,-5.90869694398888,-3.5800002870223153,5.580472189404783,5.546892240877843,-0.0004068031385348805,-0.0003473120119422439,0.9999807051163804,0.9993504473419821,0.9999807051163804,0.9993504473419821,-5.421115462219454e-20,-2.6991564698056888e-21
2550,16,5.930820465087891,-5.089487443034635,-3.7309490026235475,5.470145251815245,5.539217541971583,-0.00035384077113794637,-0.00034796488786181416,0.9999854800381991,0.9994139506116038,0.9999854800381992,0.9994139506116038,0.0,-2.42924082282512e-21
2551,16,6.047095775604248,-4.815338538437668,-3.83938795620496,5.384380675864061,5.523733855360831,-0.00029494345653819693,-0.00034266274472945246,0.9999057298870379,0.9994631285391471,0.999905729887038,0.9994631285391472,5.421521949914167e-20,3.2352052093715598e-21
2552,16,6.129037857055664,-5.452068662460463,-4.0006560268305105,5.323977435901764,5.503758213414924,-0.0003242634868289962,-0.00034082281893940686,0.9997744610191981,0.9994942617871523,0.999774461019198,0.9994942617871523,-5.422233787509627e-20,-2.510549099075224e-21
2553,16,5.86453104019165,-5.874357791935081,-4.188026203340968,5.284182971982912,5.481800689271723,-0.00046344403405754577,-0.00035308494045122073,0.9999855670331733,0.9995433923117545,0.9999855670331733,0.9995433923117545,5.421089104826736e-20,3.1615949156590352e-21
2554,16,5.468208312988281,-4.980509542015165,-4.267274537208388,4.812436494073633,5.414864269751915,-0.00041892844077608013,-0.0003596692904837067,1.0001665141121923,0.9996057044917983,1.0001665141121923,0.9996057044917983,-5.420108337899651e-20,-2.5746729138065196e-21
2555,16,5.660400867462158,-3.6902503071945176,-4.209572114207001,4.640054049354659,5.337383247712189,-0.00021554039436831536,-0.0003452564008721676,0.9999033753388751,0.999635471576506,0.999903375338875,0.999635471576506,-2.710767358191135e-20,-5.0279729806170026e-21
2556,16,5.509699821472168,-4.209498998301948,-4.209564802616495,4.766489284595379,5.280293851400509,-0.0003937068651106782,-0.00035010144729601865,0.9998006752691313,0.9996519919457686,0.9998006752691313,0.9996519919457686,0.0,-4.525175682555302e-21
2557,16,5.678519248962402,-4.88300106864686,-4.276908429219532,4.54704243778046,5.206968710038504,-0.00047623956568261115,-0.0003627152591346779,0.9998686000295937,0.9996736527541512,0.9998686000295934,0.9996736527541511,0.0,-4.072658114299772e-21
2558,16,5.8277106285095215,-5.392421410649893,-4.388459727362568,4.365731325708935,5.122844971605547,-0.0006698756086593019,-0.00039343129408714035,1.0000877137834516,0.9997150588570813,1.0000877137834514,0.9997150588570812,0.0,-3.665392302869795e-21
2559,16,5.601919651031494,-4.085336767910236,-4.3581474314173345,3.702727262431572,4.980833200688149,-0.0005657350028533547,-0.00041066166496376183,1.000212625217519,0.9997648154931251,1.0002126252175187,0.999764815493125,-1.0839716927685454e-19,-1.4138570000268268e-20
2560,17,5.56749963760376,-2.9876660032333175,-4.221099288598933,3.565540121406756,4.839303892760011,-0.0005534513540990228,-0.00042494063387728796,0.9998028239716875,0.9997686163409814,0.9998028239716876,0.9997686163409814,0.0,-1.2724713000241442e-20
2561,17,5.427851676940918,-3.9846676488258885,-4.197456124621628,3.584407294950142,4.713814232979025,-0.0006360830269124998,-0.00044605487318080916,0.9997537038037039,0.9997671250872536,0.9997537038037039,0.9997671250872536,-1.0844692731424794e-19,-2.2296934431642092e-20
2562,17,5.458258152008057,-4.632832160143499,-4.240993728173816,3.367485439036765,4.579181353584799,-0.0007530148499413482,-0.00047675087085686304,1.0000774084523558,0.9997981534237639,1.000077408452356,0.9997981534237639,0.0,-2.0067240988477884e-20
2563,17,5.43845796585083,-4.218641588755332,-4.238758514231968,3.142322133351631,4.435495431561483,-0.0007572592442497825,-0.000504801708196155,1.0002506724120228,0.9998434053225899,1.0002506724120228,0.9998434053225899,1.083930461022375e-19,-7.221212279406347e-21
2564,17,5.380895137786865,-3.5266135856196597,-4.1675440213707375,3.1808063422320028,4.310026522628535,-0.0006503639346822971,-0.0005193579308447691,1.0000217885816982,0.9998612436485007,1.0000217885816982,0.9998612436485007,0.0,-6.499091051465712e-21
2565,17,5.44158411026001,-4.3314930555896405,-4.183938924792628,3.1868795158697036,4.197711821952652,-0.0006487998233899311,-0.0005323021200992853,0.9999590485405355,0.9998710241377041,0.9999590485405355,0.9998710241377041,-1.0842465739651278e-19,-1.6691647685970418e-20
2566,17,5.5354509353637695,-5.272475131050194,-4.292792545418385,2.9798524691504236,4.0759258866724295,-0.0007873498174851691,-0.0005578068898378737,1.0002509238156971,0.9999090141055035,1.0002509238156971,0.9999090141055035,-1.083930188586635e-19,-2.5861784803239726e-20
2567,17,5.45236873626709,-4.330285666925642,-4.29654185756911,2.3836827241136973,3.9067015704165566,-0.000684315511968422,-0.0005704577520509285,1.0004670061766436,0.9999648133126176,1.0004670061766434,0.9999648133126176,0.0,-2.3275606322915755e-20
2568,17,5.773315906524658,-3.4767615983801994,-4.214563831650219,2.094705155051011,3.7255019288800018,-0.0005955249436739088,-0.0005729644712132266,1.0004753870103382,1.0000158706823896,1.0004753870103382,1.0000158706823896,0.0,-2.094804569062418e-20
2569,17,5.2970099449157715,-2.88531214766317,-4.081638663251514,1.9469789008950213,3.547649626081504,-0.0005387236676573544,-0.0005695403908576393,1.000270646827867,1.0000413482969375,1.000270646827867,1.0000413482969375,-1.0839088160027562e-19,-2.9692329281589327e-20
2570,17,4.978002071380615,-3.029635965661544,-3.976438393492517,1.7739071027745836,3.370275373750812,-0.0007154504671865217,-0.0005841313984905276,1.0004710567444028,1.000084319141684,1.0004710567444028,1.000084319141684,0.0,-2.6723096353430394e-20
2571,17,5.19173526763916,-2.030103544286258,-3.781804908571891,0.9872293913361981,3.1319707755093504,-0.00041503858261421767,-0.0005672221169028967,1.0002574989286028,1.000101637120376,1.0002574989286028,1.000101637120376,5.419615317289881e-20,-1.8631171400797473e-20
2572,17,5.045431613922119,-2.2201242513899304,-3.6256368428536954,0.931191210872364,2.9118928190456517,-0.00046229075172168834,-0.0005567289803847758,1.0003144020488917,1.0001229136132275,1.0003144020488917,1.0001229136132275,0.0,-1.6768054260717724e-20
2573,17,4.951014041900635,-2.3024497593053597,-3.4933181344988617,0.82171359097038,2.7028748962381246,-0.0004566637785177519,-0.0005467224601980735,1.000349655940747,1.0001455878459795,1.000349655940747,1.0001455878459795,0.0,-1.5091248834645953e-20
2574,17,4.801387310028076,-2.4536599114989537,-3.3893523121988713,0.7703326054272448,2.5096206671570367,-0.0005742919210749324,-0.0005494794062857593,1.0005804938808758,1.0001890784494691,1.0005804938808758,1.0001890784494691,0.0,-1.358212395118136e-20
2575,17,4.896345138549805,-2.057211416586398,-3.2561382226376243,0.7964626495223404,2.3383048653935674,-0.00046097654656169807,-0.0005406291203133532,1.000343446055766,1.000204515210099,1.000343446055766,1.000204515210099,0.0,-1.2223911556063223e-20
2576,17,4.523384094238281,-2.553691341726515,-3.1858935345465134,0.9137231213595235,2.1958466909901633,-0.0005300485658401504,-0.000539571064866033,1.0003183708325243,1.0002159007723415,1.000318370832524,1.0002159007723415,0.0,-1.1001520400456901e-20
2577,17,4.493999481201172,-2.547054004018603,-3.1220095814937228,0.9151072341976355,2.0677727453109105,-0.0005346718014729799,-0.0005390811385267277,1.000322941750503,1.0002266048701576,1.000322941750503,1.0002266048701576,0.0,-9.901368360411212e-21
2578,17,4.500155448913574,-2.644694523239646,-3.0742780756683152,1.2495348586852195,1.9859489566483415,-0.0007405884376794243,-0.0005592318684419973,1.0001993544279542,1.0002238798259373,1.0001993544279544,1.0002238798259373,0.0,-8.91123152437009e-21
2579,17,4.537347793579102,-2.7621294063569257,-3.0430632087371765,0.9531462824909769,1.8826686892326052,-0.0008444226658245505,-0.0005877509481802526,1.0003486334680396,1.0002363551901476,1.0003486334680396,1.0002363551901476,0.0,-8.020108371933081e-21
2580,17,4.916238784790039,-1.4619159827057653,-2.8849484861340353,0.27278910311081506,1.7216807306204263,-0.0007391907133646535,-0.0006028949246986927,1.0003399817609981,1.0002467178472327,1.0003399817609981,1.0002467178472327,1.0838336887993573e-19,3.620239353253801e-21
2581,17,4.387335300445557,0.17519575678428093,-2.5789340618422036,-0.15147143736042784,1.5343655138223409,-0.0005161983932720163,-0.000594225271556025,1.0000083820569368,1.000222884268203,1.0000083820569368,1.000222884268203,-1.0841930847173378e-19,-7.583715429244959e-21
2582,17,4.286062717437744,1.023166763790425,-2.218723979278941,-0.40242427091393695,1.3406865353487132,-0.0004073316821275769,-0.0005755359126131802,0.9997909480879484,1.0001796906501776,0.9997909480879485,1.0001796906501776,5.422144372075923e-20,-1.4031995142445397e-21
2583,17,4.208493232727051,0.7729637854681249,-1.9195552028042342,-0.2695166945332162,1.1796662123605204,-0.00044817223728196794,-0.000562799545080059,0.9995975761170007,1.00012147919686,0.9995975761170008,1.00012147919686,0.0,-1.2628795628200857e-21
2584,17,3.915865659713745,-0.19972077282340064,-1.7475717598061509,-0.29562795983069956,1.0321367951413984,-0.0005839035050053148,-0.0005649099410725846,0.9997009525740365,1.0000794265345778,0.9997009525740366,1.0000794265345778,0.0,-1.1365916065380772e-21
2585,17,3.806004285812378,-0.11862952338663008,-1.584677536164199,-0.28733813124757057,0.9001893025025015,-0.0006116207631383464,-0.0005695810232791608,0.9997719307251776,1.0000486769536379,0.9997719307251776,1.0000486769536379,1.0844495020970292e-19,9.821562575086022e-21
2586,17,4.685924053192139,1.2835152041966131,-1.2978582621281178,-0.4326673714020763,0.7669036351120437,-0.0005709518609936928,-0.000569718107050614,0.9999960999588147,1.0000434192541556,0.9999960999588147,1.0000434192541556,0.0,8.83940631757742e-21
2587,17,4.703731060028076,3.436665617995082,-0.8244058741157978,-0.5633781279219425,0.633875458808645,-0.0003303025597905471,-0.0005457765523246073,0.999706954587425,1.0000097727874826,0.999706954587425,1.0000097727874826,-5.422599930461373e-20,2.5328657553583044e-21
2588,17,4.436166763305664,4.157982846961928,-0.32616700200802523,-0.6498088674897191,0.5055070261788086,-0.00016176589844730106,-0.0005073754869368767,0.9994144046167639,0.9999502359704108,0.9994144046167639,0.9999502359704108,0.0,2.279579179822474e-21
2589,17,4.278491497039795,3.725905125679022,0.07904021076067952,-0.3650954613417815,0.41844677742674957,-0.00025059261564293307,-0.0004816971998074823,0.9991467657161948,0.9998698889449892,0.9991467657161947,0.9998698889449892,-5.425640204661732e-20,-3.3740189428215056e-21
2590,17,4.552608489990234,2.95033752024977,0.36616994170958855,-0.3295337995007194,0.3436487197340027,-0.00046111232839424855,-0.00047963871266615895,0.9994111120957837,0.9998240112600687,0.9994111120957837,0.9998240112600687,0.0,-3.036617048539355e-21
2591,17,5.01453971862793,4.145103027174578,0.7440632502560875,-0.4326084275918268,0.26602300500141973,-0.0003645651426732142,-0.0004681313556668645,0.9991570664539586,0.9997573167794577,0.9991570664539587,0.9997573167794577,0.0,-2.7329553436854194e-21
2592,17,4.760644912719727,4.493930598625559,1.1190499850930347,-0.825635158475753,0.15685718865370246,-0.00027883603201725736,-0.0004492018233019038,0.999134967056722,0.9996950818071841,0.999134967056722,0.9996950818071841,0.0,-2.4596598093168776e-21
2593,17,4.281638145446777,4.073907325311754,1.4145357191149066,-0.6721875439087598,0.07395271539745625,-0.000339005236250393,-0.0004381821645967527,0.998880111133908,0.9996135847398566,0.9988801111339078,0.9996135847398566,-5.427088598524305e-20,-7.640782426909495e-21
2594,17,4.050630569458008,2.954279838710774,1.5685101310744933,-0.7780006546852154,-0.01124262161081091,-0.0003721295357779391,-0.0004315769017148713,0.9989918200824665,0.9995514082741176,0.9989918200824665,0.9995514082741176,5.426481732332922e-20,-1.4502224518856228e-21
2595,17,4.371897220611572,2.3400500431034423,1.6456641222773885,-0.8093788341125991,-0.09105624286098973,-0.0005284597789288036,-0.00044126518943626456,0.9993270304882905,0.9995289704955349,0.9993270304882906,0.9995289704955349,0.0,-1.3052002066970606e-21
2596,17,4.335396766662598,3.7595027876491725,1.8570479888145668,-0.7047403249623836,-0.15242465107112912,-0.0003597566859603673,-0.00043311433908867485,0.99911274914771,0.9994873483607525,0.9991127491477101,0.9994873483607525,-5.425824930221237e-20,-6.600505116248593e-21
2597,17,4.363987922668457,3.8216489706462085,2.053508086997731,-0.6175444310390706,-0.19893662906792328,-0.0003406322983412781,-0.0004238661350139352,0.9990610316777918,0.9994447166924564,0.9990610316777918,0.9994447166924564,0.0,-5.9404546046237334e-21
2598,17,4.799069404602051,3.4699104108388914,2.1951483193818473,-0.46428266506379195,-0.22547123266751018,-0.00042720274463650313,-0.000424199795976192,0.9992615845200266,0.9994264034752135,0.9992615845200266,0.9994264034752135,0.0,-5.34640914416136e-21
2599,17,4.951859474182129,4.118740471648061,2.387507534608469,-0.4513418901358986,-0.24805829841434904,-0.0003663190154409601,-0.00041841171792266884,0.9992880372906713,0.9994125668567593,0.9992880372906712,0.9994125668567593,0.0,-4.811768229745224e-21
2600,17,4.786401271820068,4.484125126211657,2.597169293768788,-0.4183577668347455,-0.2650882452563887,-0.00025840000224794385,-0.00040241054635519635,0.999359038192642,0.9994072139903476,0.999359038192642,0.9994072139903476,0.0,-4.3305914067707016e-21
2601,17,4.437280178070068,4.630773263731932,2.8005296907651025,0.029897234283533365,-0.2355896973023965,-0.000302990648840816,-0.0003924685566037583,0.9991694897413915,0.999383441565452,0.9991694897413916,0.999383441565452,0.0,-3.897532266093631e-21
2602,17,4.998196125030518,4.298473121235339,2.950324033812126,0.35753185349172856,-0.176277542222984,-0.00040414221871758877,-0.00039363592281514134,0.9993075529290578,0.9993758527018126,0.9993075529290578,0.9993758527018126,0.0,-3.507779039484268e-21
2603,17,5.409939765930176,4.511474414055052,3.106439071836419,0.3660721186854102,-0.12204257613214459,-0.00046892717786905727,-0.00040116504832053294,0.9996614648244544,0.9994044139140768,0.9996614648244544,0.9994044139140768,0.0,-3.1570011355358414e-21
2604,17,5.4508819580078125,6.011658363168807,3.396961000969658,0.4086393727416722,-0.0689743812447629,-0.0003095383963649788,-0.0003920023831249775,0.9995773576721011,0.9994217082898792,0.9995773576721011,0.9994217082898792,0.0,-2.8413010219822572e-21
2605,17,5.354857444763184,6.669671349707344,3.7242320358434267,0.5613979427784888,-0.005937148842437741,-0.00013260605888949488,-0.00036606275070142925,0.9991762741845878,0.99939716487935,0.9991762741845879,0.99939716487935,-2.7127399851700464e-20,-5.2699109049540785e-21
2606,17,5.004418849945068,5.329047872133331,3.884713619472417,0.9899310511533097,0.09364967115713702,-0.0004683184843302131,-0.00037628832406430763,0.9994934056428534,0.9994067889557003,0.9994934056428534,0.9994067889557003,0.0,-4.742919814458671e-21
2607,17,4.991222381591797,5.33702185448939,4.029944442974115,0.8535297744481756,0.16963768148624087,-0.0005025298293139822,-0.00038891247458927515,0.9996580605414687,0.9994319161142772,0.9996580605414688,0.9994319161142772,1.084573030800394e-19,6.5771024749911364e-21
2608,17,5.139858722686768,6.026653805762498,4.229615379252953,0.6301315169798206,0.21568706503559887,-0.0003651931901296437,-0.000386540546143312,0.9995024004507165,0.9994389645479211,0.9995024004507165,0.9994389645479211,0.0,5.9193922274920226e-21
2609,17,5.206394672393799,5.860662772180922,4.39272011854575,0.6486172581946622,0.2589800843515052,-0.0004618818384875012,-0.00039407467537773096,0.9995062778216749,0.9994456958752965,0.9995062778216749,0.9994456958752965,0.0,5.32745300474282e-21
2610,17,5.661567211151123,5.457495624533714,4.4991976691445466,0.4631139643424376,0.27939347235059847,-0.0006043309777075224,-0.00041510030561071014,0.9997763711109476,0.9994787633988617,0.9997763711109476,0.9994787633988617,0.0,4.794707704268538e-21
2611,17,5.7119951248168945,6.3117426070485285,4.680452162934945,-0.12810682404418616,0.23864344271111998,-0.0004921262979401718,-0.00042280290484365634,0.999815502329078,0.9995124372918833,0.999815502329078,0.9995124372918833,0.0,4.3152369338416846e-21
2612,17,5.700836181640625,7.018083624651013,4.914215309106552,-0.5901162630527935,0.15576747213472864,-0.00029351195803916096,-0.0004098738101632068,0.9996686737199364,0.9995280609346887,0.9996686737199364,0.9995280609346887,5.422807581090866e-20,9.306520821548382e-21
2613,17,5.174464225769043,5.966266767776657,5.019420454973563,-0.671294419382853,0.07306128298297049,-0.0003718868688591384,-0.00040607511603279995,0.9998108570599803,0.9995563405472179,0.9998108570599803,0.9995563405472179,0.0,8.375868739393544e-21
2614,17,5.823994159698486,5.262789889633446,5.043757398439552,-0.7742487251277805,-0.011669717828104623,-0.000545806467860116,-0.00042004825121553157,1.0002198407654785,0.999622690569044,1.0002198407654785,0.999622690569044,0.0,7.53828186545419e-21
2615,17,5.831829071044922,6.900565426245158,5.229438201220113,-1.0947500457288561,-0.11997775061817978,-0.0003593932542565329,-0.0004139827515196317,1.0001095736650167,0.9996713788786412,1.0001095736650167,0.9996713788786412,0.0,6.784453678908772e-21
2616,17,5.5422043800354,7.307046502810556,5.437199031379158,-1.3238131053748265,-0.2403612860938445,-0.0003230467703860136,-0.0004048891534062699,1.0002122742406625,0.9997254684148433,1.0002122742406627,0.9997254684148433,-5.4198603656838985e-20,6.861479453339964e-22
2617,17,5.5054192543029785,7.585722086540981,5.65205133689534,-1.4769756045928446,-0.3640227179437445,-0.00024545234262496145,-0.00038894547232813903,1.0001820272474222,0.9997711242981013,1.0001820272474222,0.9997711242981013,0.0,6.175331508005967e-22
2618,17,5.39098596572876,7.4435617818898,5.831202381394786,-1.519596885544757,-0.4795801347038458,-0.00024323855794391425,-0.00037437478088971657,1.0002189838966025,0.9998159102579515,1.0002189838966025,0.9998159102579515,0.0,5.55779835720537e-22
2619,17,5.354224681854248,7.056889547837495,5.953771098039057,-1.645152779587946,-0.5961373991922558,-0.00034013834909016316,-0.00037095113770976124,1.0004914273399759,0.9998834619661539,1.0004914273399759,0.9998834619661539,0.0,5.002018521484834e-22
2620,17,5.378542900085449,7.510858686000539,6.109479856835205,-1.7680950803123139,-0.7133331673042617,-0.00023125098151517007,-0.00035698112209030215,1.000371947875552,0.9999323105570938,1.000371947875552,0.9999323105570938,2.709497639323002e-20,3.159679306256637e-21
2621,17,5.010855197906494,7.332022900295575,6.231734161181242,-1.8005539650886806,-0.8220552470827035,-0.0003068174813140724,-0.0003519647580126792,1.0004569581866931,0.9999847753200537,1.0004569581866931,0.9999847753200537,0.0,2.8437113756309735e-21
2622,17,4.981225967407227,7.152158090393003,6.323776554102418,-1.8297572864215736,-0.9228254510165905,-0.0003568049746277209,-0.0003524487796741834,1.0005725152085114,1.0000435493088995,1.0005725152085114,1.0000435493088995,0.0,2.559340238067876e-21
2623,17,5.360271453857422,7.514941809716968,6.4428930796638735,-1.870047442067958,-1.0175476501217273,-0.00036765214841481364,-0.00035396911654824646,1.000605754236969,1.0000997698017065,1.0006057542369688,1.0000997698017065,5.417729050100675e-20,7.721135264361764e-21
2624,17,5.338407516479492,7.683249555016467,6.566928727199133,-1.757834464707315,-1.0915763315802862,-0.0003839328055700514,-0.000356965485450427,1.000461336497792,1.000135926471315,1.000461336497792,1.000135926471315,5.4185111054908685e-20,1.2367532843416456e-20
2625,17,5.847319602966309,6.848951055222508,6.5951309600014705,-1.907712626687788,-1.1731899610910363,-0.00041298337119777685,-0.00036256727402516194,1.000427729120009,1.0001651067361843,1.0004277291200092,1.0001651067361843,5.4186931295836057e-20,1.6549472688658418e-20
2626,17,5.812924385070801,6.530309655278319,6.588648829529156,-1.889575467909893,-1.2448285117729219,-0.0004878831250443727,-0.00037509885912708304,1.0005529088014553,1.0002038869427115,1.0005529088014553,1.0002038869427115,0.0,1.4894525419792576e-20
2627,17,6.2926106452941895,7.287909134688125,6.658574860045053,-2.0937042193835946,-1.329716082533989,-0.0005843193386924215,-0.0003960209070836169,1.0009342209233034,1.0002769203407706,1.0009342209233034,1.0002769203407706,-1.0831902335054458e-19,2.5731705427588603e-21
2628,17,5.736726760864258,9.123103841733021,6.9050277582138495,-2.113138887274322,-1.4080583630080223,-0.0003168226131121605,-0.00038810107768647126,1.0005197270354673,1.0003012010102403,1.0005197270354673,1.0003012010102403,0.0,2.315853488482974e-21
2629,17,5.81166410446167,8.839214376597258,7.098446420052191,-2.1276919556565765,-1.4800217222728778,-0.0002286072990111361,-0.00037215169981893775,1.0003542029144736,1.0003065012006638,1.0003542029144736,1.0003065012006638,0.0,2.0842681396346767e-21
2630,17,5.740636825561523,7.291234936540284,7.1177252717010004,-2.1472644417025766,-1.5467459942158477,-0.00047318923623558936,-0.00038225545346060296,1.0007740927790898,1.0003532603585064,1.0007740927790896,1.0003532603585064,-5.416817742927078e-20,-3.540976417255869e-21
2631,17,6.008739471435547,8.442754750294894,7.250228219560389,-2.2911641665550047,-1.6211878114497633,-0.00045962980703254146,-0.00038999288881779684,1.0008999722345122,1.000407931546107,1.0008999722345122,1.000407931546107,-5.4161364899682226e-20,-8.603015265498505e-21
2632,17,5.723390579223633,9.872900088820662,7.512495406486417,-2.521854987237478,-1.7112545290285348,-0.0001592338252765156,-0.00036691698246366875,1.0007488399481366,1.00044202238631,1.0007488399481366,1.00044202238631,2.7084772152763446e-20,-5.0342365236723094e-21
2633,17,6.3543877601623535,10.107424879222643,7.77198835376004,-2.0408852673919,-1.7442176028648715,-0.000142248829814123,-0.0003444501671987142,1.0005430853880761,1.0004521286864867,1.0005430853880761,1.0004521286864867,0.0,-4.530812871305079e-21
2634,17,6.501664638519287,9.492056877486315,7.9439952061326675,-1.82329096012866,-1.7521249385912505,-0.00028775095880733873,-0.0003387802463595767,1.0007339583514974,1.000480311652988,1.0007339583514971,1.0004803116529877,0.0,-4.077731584174571e-21
2635,17,6.540508270263672,10.53103201503809,8.20269888702321,-1.7443326795129759,-1.751345712683423,-0.00016520979989806338,-0.00032142320171342536,1.0005321778551624,1.0004854982732052,1.0005321778551626,1.0004854982732052,0.0,-3.669958425757114e-21
2636,17,6.36168909072876,10.08164289183566,8.390593287504455,-1.7412207748734139,-1.750333218902422,-0.00023592720146223042,-0.00031287360168830587,1.0006570135746093,1.0005026498033456,1.0006570135746093,1.0005026498033456,0.0,-3.3029625831814028e-21
2637,17,6.424234390258789,9.58743147407773,8.510277106161782,-1.5410886150024137,-1.7294087585124212,-0.00024621982068408975,-0.00030620822358788424,1.0005270543052163,1.0005050902535326,1.0005270543052163,1.0005050902535326,0.0,-2.9726663248632625e-21
2638,17,6.364731311798096,9.251656079596335,8.584415003505239,-1.5054722403073435,-1.7070151066919135,-0.0002545244852824325,-0.0003010398497573391,1.0005029678943556,1.000504878017615,1.0005029678943553,1.000504878017615,5.418285638708805e-20,2.742885946331869e-21
2639,17,6.261180877685547,8.909004008702201,8.616873904024935,-1.4539981090960452,-1.6817134069323267,-0.00035450395599941157,-0.00030638626038154637,1.0005921445488255,1.000513604670736,1.0005921445488255,1.000513604670736,5.417802740068379e-20,7.886400091767062e-21
2640,17,6.477912425994873,9.250691118295885,8.68025562545203,-1.5885342701861278,-1.672395493257707,-0.0003867449038862782,-0.00031442212473201955,1.0006471133362123,1.0005269555372835,1.000647113336212,1.0005269555372835,-5.417505122613682e-20,1.6802549599766737e-21
2641,17,5.937488079071045,9.822650459849413,8.79449510889177,-1.638970829493644,-1.6690530268813009,-0.000323283335325765,-0.00031530824579139406,1.0003813390144614,1.0005123938850013,1.0003813390144611,1.0005123938850013,0.0,1.5122294639790064e-21
2642,17,5.912545204162598,9.384667084521888,8.853512306454782,-1.763093441560922,-1.678457068349263,-0.0003370641738944753,-0.0003174838386017022,1.0002595414866382,1.000487108645165,1.0002595414866382,1.000487108645165,-5.419604250283413e-20,-4.0585977327023076e-21
2643,17,6.020176410675049,9.472704754624807,8.915431551271785,-2.063322930199215,-1.7169436545342585,-0.0003581996865610086,-0.0003215554233976328,1.0004236954213186,1.0004807673227805,1.0004236954213186,1.0004807673227805,0.0,-3.652737959432077e-21
2644,17,6.566509246826172,10.758154331935936,9.0997038293382,-2.410271500184707,-1.7862764390993033,-0.00016159059696102285,-0.00030555894075397184,1.000179459573775,1.00045063654788,1.000179459573775,1.00045063654788,0.0,-3.2874641634888695e-21
2645,17,5.829287052154541,10.812512317492805,9.270984678153662,-2.3921513191789483,-1.8468639271072678,-0.00020752293485734526,-0.0002957553401643092,0.9999415743771074,1.0003997303308028,0.9999415743771074,1.0003997303308028,0.0,-2.9587177471399825e-21
2646,17,5.736240863800049,10.057387559607694,9.349624966299064,-2.5369446407280454,-1.9158719984693455,-0.00021414519430329655,-0.00028759432557820796,0.999876231647075,1.00034738046243,0.999876231647075,1.00034738046243,0.0,-2.6628459724259843e-21
2647,17,5.933314800262451,9.624112151732872,9.377073684842445,-2.407262410519835,-1.9650110396743945,-0.00037215557046165295,-0.00029605045006655245,0.9999140835921937,1.0003040507754064,0.9999140835921937,1.0003040507754064,-5.421476656226831e-20,-7.818038031410217e-21
2648,17,6.173190116882324,9.73313127980121,9.412679444338323,-2.581863327586032,-2.0266962684655585,-0.0003836174018593351,-0.0003048071452458307,1.0000643729094103,1.0002800829888068,1.00006437290941,1.0002800829888068,0.0,-7.036234228269196e-21
2649,17,6.110937118530273,11.149161805505894,9.58632768045508,-2.7271960423080235,-2.096746245849805,-0.00018563852018540093,-0.00029289028273978777,0.9998035446427382,1.0002324291542,0.9998035446427382,1.0002324291542,0.0,-6.3326108054422765e-21
2650,17,6.358418941497803,10.849255409192686,9.71262045332884,-2.3674512835759978,-2.1238167496224243,-0.00014659554482710893,-0.0002782608089485199,0.9994771929891785,1.0001569055376978,0.9994771929891785,1.0001569055376978,2.7119232436983764e-20,-2.9874264811996722e-21
2651,17,6.1180620193481445,10.28797435538597,9.770155843534553,-2.2835006373508833,-2.13978513839527,-0.0002570392227019726,-0.00027613865032386517,0.9996522082639707,1.000106435810325,0.9996522082639707,1.000106435810325,0.0,-2.688683833079705e-21
2652,17,5.986103057861328,11.04934658829245,9.898074918010344,-2.308848682561631,-2.1566914928119063,-0.00025550085923758145,-0.0002740748712152368,0.9998853449062368,1.0000843267199162,0.9998853449062368,1.0000843267199162,5.42163248020789e-20,3.0018170304361553e-21
2653,17,6.130239009857178,12.166449932133045,10.124912419422614,-2.225298005387848,-2.1635521440695005,-0.00012010537407757618,-0.00025867792150147074,0.9995735189396716,1.000033245941892,0.9995735189396715,1.000033245941892,-1.355830951828843e-20,1.3458043755636967e-21
2654,17,6.2295637130737305,11.414245955667592,10.253845773047113,-1.8350853702131453,-2.1307054666838647,-0.00013013773264337658,-0.0002458239026156613,0.9993042950425837,0.9999603508519611,0.9993042950425838,0.9999603508519611,0.0,1.211223938007327e-21
2655,17,6.247722148895264,10.85874325126484,10.314335520868886,-1.6765838691493096,-2.085293306930409,-0.00024056034317184322,-0.0002452975466712795,0.9994394410102284,0.9999082598677879,0.9994394410102283,0.9999082598677879,0.0,1.0901015442065943e-21
2656,17,6.445113182067871,10.408372325626875,10.323739201344685,-1.8168856920097862,-2.058452545438347,-0.0003374892814116007,-0.00025451672014531164,0.9998091620280428,0.9998983500838133,0.9998091620280429,0.9998983500838134,0.0,9.81091389785935e-22
2657,17,6.248029708862305,11.655643223664992,10.456929603576716,-1.7571692282799776,-2.02832421372251,-0.00018074176808575984,-0.0002471392249393565,0.9994894149511926,0.9998574565705513,0.9994894149511926,0.9998574565705514,0.0,8.829822508073415e-22
2658,17,6.232508659362793,12.090820954279044,10.620318738646949,-1.7033637819781837,-1.9958281705480774,-3.0500004465965347e-05,-0.00022547530289201737,0.9991655116146341,0.9997882620749596,0.9991655116146341,0.9997882620749596,0.0,7.946840257266074e-22
2659,17,6.049192428588867,10.430360085185912,10.601322873300845,-1.6008351747290974,-1.9563288709661795,-0.00028361048613451074,-0.0002312888212162667,0.9994020878836434,0.999749644655828,0.9994020878836433,0.9997496446558279,0.0,7.152156231539467e-22
2660,17,6.110517978668213,10.049008203711178,10.546091406341878,-1.6074403671297997,-1.9214400205825415,-0.00033313081741579326,-0.00024147302083621938,0.9995017730900836,0.9997248574992537,0.9995017730900836,0.9997248574992535,0.0,6.436940608385521e-22
2661,17,5.967317581176758,10.892274319692438,10.580709697676934,-1.7740503217943362,-1.906701050703721,-0.0002105396574560829,-0.00023837968449820575,0.9995296972534132,0.9997053414746696,0.9995296972534131,0.9997053414746695,0.0,5.793246547546968e-22
2662,17,6.065405368804932,11.392510739371742,10.661889801846415,-1.780925410240081,-1.894123486657357,-0.00018000587730583465,-0.00023254230377896864,0.999470640110813,0.999681871338284,0.999470640110813,0.9996818713382839,-2.711941024013715e-20,-2.1905488347344877e-21
2663,17,6.433711051940918,10.965737797183552,10.692274601380129,-1.7660185332569096,-1.8813129913173123,-0.00022412277722108254,-0.00023170035112318003,0.9992974622787905,0.9996434304323347,0.9992974622787905,0.9996434304323346,0.0,-1.971493951261039e-21
2664,17,6.3488898277282715,10.051586166626885,10.628205757904805,-1.81092851226123,-1.874274543411704,-0.00034764925135458884,-0.0002432952411463209,0.9995313116752655,0.9996322185566279,0.9995313116752655,0.9996322185566278,5.423552818312045e-20,3.64920826217711e-21
2665,17,6.18112850189209,10.452643104335314,10.610649492547855,-2.23433278338699,-1.9102803674092326,-0.00030432808645415555,-0.0002493985256771044,0.9997163114230005,0.9996406278432652,0.9997163114230005,0.999640627843265,0.0,3.2842874359593992e-21
2666,17,6.414586067199707,11.602995982164321,10.709884141509502,-2.6967563857028223,-1.9889279692385917,-0.0001295101777464933,-0.00023740969088404328,0.9996322288769607,0.9996397879466349,0.9996322288769606,0.9996397879466347,0.0,2.9558586923634595e-21
2667,17,6.413945198059082,11.82886899338607,10.821782626697159,-2.811486023027314,-2.071183774617464,-5.9831035988690235e-05,-0.000219651825394508,0.9995834269752034,0.9996341518494918,0.9995834269752034,0.9996341518494916,0.0,2.6602728231271134e-21
2668,17,6.380610466003418,11.12405616996099,10.852009981023542,-2.87024731522118,-2.1510901286778354,-0.00013439643109757076,-0.00021112628596481429,0.9996457548753064,0.9996353121520734,0.9996457548753063,0.9996353121520731,0.0,2.3942455408144023e-21
2669,17,6.312083721160889,10.810781502993828,10.847887133220572,-3.0696959244570095,-2.242950708255753,-0.00018649937322811754,-0.00020866359469114463,0.9998800075179924,0.9996597816886653,0.9998800075179924,0.9996597816886651,0.0,2.154820986732962e-21
2670,17,5.950266361236572,11.450484205592351,10.90814684045775,-3.287293606422925,-2.3473849980724704,-0.00010318360214102764,-0.00019811559543613292,0.999770941970146,0.9996708977168134,0.999770941970146,0.9996708977168132,0.0,1.939338888059666e-21
2671,17,6.2849931716918945,11.032057194365937,10.920537875848568,-3.3008271753703022,-2.4427292158022538,-7.589206848299717e-05,-0.00018589324274081932,0.9996480222371157,0.9996686101688437,0.9996480222371156,0.9996686101688435,1.3557299023849976e-20,3.101134901638697e-21
2672,17,6.064291954040527,9.109314107566426,10.739415499020355,-3.2709428239716543,-2.5255505766191937,-0.0002854031795066766,-0.00019584423641740505,0.9998555763812362,0.999687306790083,0.9998555763812361,0.9996873067900827,0.0,2.7910214114748275e-21
2673,17,6.582690238952637,8.848889510536882,10.550362900172008,-3.510643204565353,-2.6240598394138095,-0.00042731089631939135,-0.00021899090240760368,1.0003131519670931,0.999749891307784,1.0003131519670931,0.9997498913077838,0.0,2.511919270327345e-21
2674,17,5.942028045654297,10.86484167589146,10.581810777743954,-3.7296967576160256,-2.734623531234031,-0.00011153000808162441,-0.00020824481297500576,1.0000516021609578,0.9997800623931015,1.0000516021609578,0.9997800623931012,-1.3551827852466691e-20,9.055445580479414e-22
2675,17,6.479390621185303,10.789161684836717,10.60254586845323,-3.834218117547232,-2.8445829898653514,3.235151448704391e-05,-0.0001841851802288008,1.0000647426038225,0.9998085304141736,1.0000647426038225,0.9998085304141734,0.0,8.149901022431472e-22
2676,17,6.534920692443848,8.56067909569977,10.398359191177885,-3.437542733627534,-2.90387896424157,-0.00020522867382810985,-0.00018628952958873172,1.0002109387428082,0.9998487712470371,1.0002109387428082,0.9998487712470369,0.0,7.334910920188325e-22
2677,17,6.598212718963623,7.950330818071511,10.153556353867248,-3.467003239214346,-2.9601913917388476,-0.00029507130481998,-0.00019716770711185655,1.0004053212127528,0.9999044262436086,1.0004053212127528,0.9999044262436084,0.0,6.601419828169493e-22
2678,17,6.881821155548096,8.709803867475163,10.009181105228041,-3.6641937897271406,-3.030591631537677,-0.000245629308776534,-0.00020201386727832432,1.0006154231694493,0.9999755259361928,1.0006154231694493,0.9999755259361925,0.0,5.941277845352544e-22
2679,17,6.5528669357299805,9.607552800782917,9.96901827478353,-3.6556941128991864,-3.0931018796738283,-8.564703592412782e-05,-0.00019037718414290468,1.0004222206384124,1.0000201954064147,1.0004222206384121,1.0000201954064145,0.0,5.347150060817289e-22
2680,17,6.236042022705078,9.241188351056136,9.89623528241079,-3.5278209516114747,-3.1365737868675927,-9.392472321513176e-05,-0.00018073193805012738,1.0004722720711605,1.0000654030728893,1.0004722720711605,1.000065403072889,-1.3546129697340434e-20,-8.733694642604875e-22
2681,17,5.969336986541748,8.33221198457888,9.7398329526276,-3.469607677296091,-3.1698771759104423,-0.00016476765579890164,-0.0001791355098250048,1.0005663852377562,1.0001155012893759,1.000566385237756,1.0001155012893759,-2.708971109967568e-20,-3.495003627802007e-21
2682,17,5.906850337982178,8.411313959102866,9.606981053275126,-3.5218473819890037,-3.2050741965182987,-0.00014386732820635564,-0.0001756086916631399,1.0006593536442283,1.0001698865248612,1.0006593536442283,1.0001698865248612,0.0,-3.1455032650218066e-21
2683,17,5.91094970703125,8.761244478920274,9.52240739583964,-3.5000121868428815,-3.234567995550757,-9.597287685415754e-05,-0.00016764511018224165,1.0005489049720542,1.0002077883695806,1.0005489049720542,1.0002077883695806,1.3545092187620089e-20,-1.476443719757617e-21
2684,17,5.871281147003174,7.773884281328364,9.347555084388512,-3.369415193969501,-3.2480527153926317,-0.0001413826672646331,-0.0001650188658904808,1.0004331826381854,1.000230327796441,1.0004331826381856,1.000230327796441,-2.7093317957187714e-20,-4.038131143500627e-21
2685,17,6.165538311004639,7.021248120343974,9.114924387984058,-3.241137320518237,-3.2473611759051924,-0.00026491395624835126,-0.00017500837492626786,1.000472736770656,1.0002545686938626,1.0004727367706558,1.0002545686938626,0.0,-3.634318029150564e-21
2686,17,6.355402946472168,6.675448379973201,8.870976787182974,-3.4232301235657907,-3.2649480706712524,-0.00029861026743346626,-0.00018736856417698772,1.0005948899273038,1.0002886008172067,1.0005948899273038,1.0002886008172067,0.0,-3.270886226235508e-21
2687,17,6.535563945770264,8.10614262634569,8.794493371099245,-3.9326594702817483,-3.3317192106323024,-0.0001937323050936299,-0.00018800493826865195,1.0007205380708064,1.0003317945425667,1.0007205380708064,1.0003317945425667,-2.7085538150731728e-20,-5.6523514186851306e-21
2688,17,6.191312313079834,8.925699883444274,8.807614022333748,-4.387125910828778,-3.43725988065195,-2.9543000294988848e-05,-0.00017215874447128564,1.000564861422926,1.0003551012306027,1.000564861422926,1.0003551012306027,-3.3862190445093804e-21,-5.425738181267556e-21
2689,17,6.367597579956055,8.546382441543797,8.781490864254753,-4.441529271705282,-3.5376868197572833,-6.527139603899909e-05,-0.000161470009628057,1.0003597588082411,1.0003555669883666,1.0003597588082411,1.0003555669883666,0.0,-4.8831643631408e-21
2690,17,6.667068958282471,7.628361153968779,8.666177893226156,-4.5257391128067805,-3.636492049062233,-0.00021717017815987982,-0.00016704002648123927,1.0005472611046,1.00037473639999,1.0005472611046002,1.00037473639999,0.0,-4.39484792682672e-21
2691,17,6.681656360626221,7.555109185645937,8.555071022468134,-4.53762832322817,-3.726605676478827,-0.00028911128282305327,-0.00017924715211542068,1.0005393113519583,1.0003911938951868,1.0005393113519583,1.0003911938951868,-5.418088825617948e-20,-9.373451959761998e-21
2692,17,6.672019958496094,7.723332719710018,8.471897192192323,-4.717330941373241,-3.8256782029682683,-0.0002607525749491727,-0.0001873976943987959,1.0006109170819084,1.000413166213859,1.0006109170819084,1.000413166213859,0.0,-8.436106763785799e-21
2693,17,6.78303861618042,8.630091860554217,8.487716659028512,-4.826720757700616,-3.9257824584415033,-0.00022999849529439542,-0.00019165777448835588,1.000622264421303,1.0004340760346033,1.000622264421303,1.0004340760346033,2.7088198290104478e-20,-4.883676258396772e-21
2694,17,6.301486015319824,8.688815564448449,8.507826549570506,-4.842506498949853,-4.017454862492339,-0.00020872443889140898,-0.0001933644409286612,1.0004844632839318,1.0004391147595362,1.0004844632839318,1.0004391147595362,0.0,-4.3953086325570945e-21
2695,17,6.083401203155518,8.043521408646482,8.461396035478105,-4.870247033310295,-4.102734079574135,-0.00028377127901888275,-0.00020240512473768336,1.0006088353700948,1.000456086820592,1.000608835370095,1.000456086820592,0.0,-3.9557777693013855e-21
2696,17,6.5130510330200195,8.151331027153223,8.430389534645617,-4.939874645034915,-4.186448136120213,-0.00025706981754611345,-0.0002078715940185264,1.0007056379054031,1.0004810419290733,1.000705637905403,1.0004810419290733,0.0,-3.5601999923712474e-21
2697,17,6.539339065551758,8.997155411861707,8.487066122367226,-4.843268534758714,-4.252130175984063,-0.00017761429495418308,-0.00020484586411209204,1.000649857807818,1.0004979235169478,1.0006498578078178,1.0004979235169478,2.7087451320403162e-20,-4.954348610938064e-22
2698,17,6.384328842163086,9.147867539494863,8.55314626407999,-4.77901548406419,-4.304818706792076,-0.00014662256131262144,-0.000199023533832145,1.0007467300391077,1.0005228041691638,1.0007467300391075,1.0005228041691638,0.0,-4.458913749844258e-22
2699,17,6.10301399230957,9.124255803027431,8.610257217974734,-4.512543229031256,-4.325591159015994,-0.0002095385115641361,-0.00020007503160534413,1.0007181782079781,1.0005423415730452,1.0007181782079784,1.0005423415730452,0.0,-4.0130223748598317e-22
2700,17,5.908024787902832,9.196973750230573,8.668928871200318,-4.282511488440304,-4.321283191958425,-0.00022297101946190312,-0.00020236463039100005,1.0007337026056018,1.000561477676301,1.0007337026056016,1.0005614776763008,0.0,-3.6117201373738487e-22
2701,17,5.8440656661987305,9.409628722930663,8.742998856373353,-4.3030355815496995,-4.319458430917553,-0.0002789472193864166,-0.0002100228892905417,1.0008639073438765,1.0005917206430586,1.0008639073438765,1.0005917206430583,0.0,-3.2505481236364637e-22
2702,17,6.072825908660889,10.143039115366077,8.883002882272626,-4.419893537353742,-4.329501941561172,-0.00017954648028293497,-0.00020697524838978105,1.0007553190055567,1.0006080804793085,1.0007553190055567,1.0006080804793083,2.7084596801415662e-20,2.4159103490142845e-21
2703,17,6.007745265960693,9.959607019530008,8.990663295998363,-4.486567171424108,-4.345208464547466,-0.0002041576319368924,-0.00020669348674449219,1.0008089314498203,1.0006281655763596,1.0008089314498203,1.0006281655763596,2.7083145903656073e-20,4.882633904478463e-21
2704,17,6.029748439788818,10.325164239494208,9.124113390347947,-4.458116644412017,-4.356499282533921,-0.00025728140796006383,-0.00021175227886604934,1.000898139873851,1.0006551630061087,1.000898139873851,1.0006551630061087,0.0,4.394370514030617e-21
2705,17,6.682220935821533,11.798975745870203,9.391599625900174,-4.474133544935061,-4.368262708774035,-0.00015575912359154897,-0.00020615296333859932,1.0008884475038222,1.00067849145588,1.0008884475038222,1.00067849145588,0.0,3.9549334626275554e-21
2706,17,6.6291069984436035,13.013653347130237,9.753804998023181,-4.494633566467905,-4.380899794543422,-0.00010149839337840899,-0.00019568750634258028,1.000823250781519,1.000692967388444,1.000823250781519,1.000692967388444,1.35413792050554e-20,4.91357803687034e-21
2707,17,6.409666538238525,13.249031399136346,10.103327638134498,-4.619858449676245,-4.4047956600567035,-4.6621635764464196e-07,-0.00017616537734408674,1.0007062307257881,1.0006942937221783,1.0007062307257881,1.0006942937221783,0.0,4.422220233183307e-21
2708,17,6.171818256378174,11.979224359276412,10.29091731024869,-4.437277988026448,-4.408043892853678,-0.00016865083736137263,-0.00017541392334581533,1.0007133052514754,1.000696194875108,1.0007133052514754,1.000696194875108,0.0,3.979998209864976e-21
2709,17,7.173939228057861,12.798061442493795,10.5416317234732,-4.595911026339234,-4.426830606202234,-0.00021747622729586757,-0.00017962015374082055,1.0009473537257105,1.0007213107601682,1.0009473537257105,1.0007213107601682,0.0,3.581998388878479e-21
2710,17,6.741939544677734,14.342473241282763,10.921715875254158,-4.661829826864453,-4.450330528268456,-3.4848040116404436e-05,-0.00016514294237837893,1.0007791650540174,1.0007270961895531,1.0007791650540172,1.0007270961895531,0.0,3.223798549990631e-21
2711,17,6.513645648956299,14.303504486151176,11.25989473634386,-4.480179100193174,-4.453315385460928,-2.2908787452873573e-05,-0.00015091952688582838,1.0006241238968032,1.000716798960278,1.000624123896803,1.000716798960278,-3.386018493960104e-21,2.5628168455955574e-21
2712,17,6.8820929527282715,13.188708039886448,11.452776066698119,-4.03301911379646,-4.411285758294482,-0.0002379613707385374,-0.00015962371127109927,1.0007157716978943,1.0007166962340397,1.0007157716978943,1.0007166962340397,0.0,2.306535161036002e-21
2713,17,6.974758148193359,13.39761842678409,11.647260302706716,-4.115918011815541,-4.381748983646588,-0.0002527089159648267,-0.00016893223174047203,1.0009169234581456,1.0007367189564502,1.0009169234581456,1.0007367189564502,5.416044763933105e-20,7.491926408865507e-21
2714,17,7.351774215698242,14.236451048954535,11.906179377331497,-4.0913827127356726,-4.352712356555497,-0.0002117350834889967,-0.00017321251691532452,1.00082325864999,1.0007453729258042,1.0008232586499903,1.0007453729258042,0.0,6.742733767978956e-21
2715,17,7.27734375,14.325919467736524,12.148153386372,-4.099447058292536,-4.3273858267292,-0.00019720299492714436,-0.00017561156471650652,1.0007996947234905,1.000750805105573,1.0007996947234905,1.000750805105573,0.0,6.068460391181061e-21
2716,17,7.1949028968811035,14.33754416304958,12.367092464039757,-4.103285221582382,-4.304975766214518,-0.00019358836537376338,-0.00017740924478223223,1.0007957565710122,1.0007553002521168,1.0007957565710124,1.0007553002521168,2.7083502437107254e-20,8.169964595773679e-21
2717,17,6.869169235229492,13.899873364667673,12.520370554102549,-4.018528678492132,-4.276331057442279,-0.00020980954391997973,-0.00018064927469600697,1.000767959567451,1.0007565661836502,1.000767959567451,1.0007565661836502,2.7084254699613764e-20,1.0061393606157689e-20
2718,17,6.90055513381958,13.665836350132427,12.634917133705537,-3.9714576916978683,-4.245843720867838,-0.00026306285665342435,-0.0001888906328917487,1.0008330669240844,1.0007642162576935,1.0008330669240844,1.0007642162576935,5.4164985566356383e-20,1.4471752802177558e-20
2719,17,7.388040065765381,14.211380626350644,12.792563482970047,-4.084940219288724,-4.229753370709926,-0.00031322994103470035,-0.00020132456370604388,1.0010144146441902,1.000789236096343,1.0010144146441902,1.000789236096343,0.0,1.3024577521959802e-20
2720,17,7.2555341720581055,15.834415894272189,13.096748724100262,-4.304265402096983,-4.237204573848632,-0.00011882800772051335,-0.00019307490810749084,1.0009365763065459,1.0008039701173632,1.0009365763065459,1.0008039701173632,1.3539846057057488e-20,1.307610437546957e-20
2721,17,7.139728546142578,15.887481617974226,13.375822013487658,-4.394209113056,-4.252905027769369,-8.12541051649875e-05,-0.00018189282781324052,1.000931977841386,1.0008167708897655,1.000931977841386,1.0008167708897655,-1.3539908261594598e-20,1.0414503111763153e-20
2722,17,7.179113864898682,15.090476666624744,13.547287478801366,-4.3508401108921175,-4.262698536081644,-7.829379100556677e-05,-0.00017153292413247317,1.0008707281709923,1.0008221666178883,1.0008707281709923,1.0008221666178883,0.0,9.373052800586838e-21
2723,17,7.211307048797607,14.780127932116594,13.670571524132889,-4.38068096841284,-4.274496779314764,-0.00016676557134310906,-0.00017105618885353676,1.0010485414239274,1.000844804098492,1.0010485414239272,1.000844804098492,0.0,8.435747520528154e-21
2724,17,7.13608455657959,15.576467457400286,13.861161117459629,-4.48080349875033,-4.29512745125832,-9.212431616095854e-05,-0.00016316300158427893,1.001069303680651,1.000867254056708,1.0010693036806508,1.000867254056708,0.0,7.59217276847534e-21
2725,17,7.242767333984375,15.4481235166565,14.019857357379315,-4.382516345958479,-4.303866340728336,-2.967144109059044e-05,-0.00014981384553491007,1.000896412780676,1.000870169929105,1.000896412780676,1.000870169929105,0.0,6.832955491627807e-21
2726,17,6.979337692260742,14.001665891119218,14.018038210753307,-4.252077028588336,-4.298687409514336,-0.000184209136677974,-0.00015325337464921647,1.0011019206442127,1.0008933450006157,1.0011019206442127,1.0008933450006157,2.7075219568748218e-20,8.857181899339848e-21
2727,17,6.793567180633545,14.025956652983576,14.018830054976334,-4.336940414978152,-4.302512710060718,-0.00011622613779299058,-0.00014955065096359388,1.0012135423421484,1.000925364734769,1.0012135423421484,1.000925364734769,-1.3536100524934221e-20,6.617853656912441e-21
2728,17,7.023935317993164,15.138386622585642,14.130785711737266,-4.329419901551824,-4.305203429209829,2.2487590529398896e-05,-0.0001323468268142946,1.0011874982055196,1.000951578081844,1.0011874982055196,1.000951578081844,0.0,5.956068291221197e-21
2729,17,6.924248218536377,15.112984819000149,14.229005622463555,-4.29411950197005,-4.304095036485851,2.288500806846878e-05,-0.00011682364332601827,1.0011789193178982,1.0009743122054495,1.0011789193178982,1.0009743122054495,-3.3841421584520887e-21,5.022047246253868e-21
2730,17,6.683402061462402,15.145256738482944,14.320630734065496,-4.1651884405305655,-4.290204376890323,4.1962152121692124e-05,-0.00010094506378124724,1.0010714738663393,1.0009840283715385,1.0010714738663393,1.0009840283715385,0.0,4.519842521628482e-21
2731,17,6.624096870422363,14.705026089897014,14.359070269648647,-4.125825298479347,-4.273766469049225,3.0565120688791754e-05,-8.779404533424334e-05,1.0010339444266292,1.0009890199770477,1.0010339444266292,1.0009890199770477,0.0,4.067858269465633e-21
2732,17,6.483551502227783,14.353251961839456,14.35848843886773,-4.03676739477903,-4.250066561622206,-4.692866376370559e-05,-8.370750717718957e-05,1.0010492045453632,1.0009950384338793,1.001049204545363,1.0009950384338793,-6.769161343184838e-21,2.9841563082005863e-21
2733,17,6.694209575653076,13.944109884358618,14.317050583416819,-3.971204603091739,-4.22218036576916,-5.021792158726272e-05,-8.03585486181969e-05,1.0009677372687928,1.0009923083173706,1.0009677372687928,1.0009923083173706,0.0,2.6857406773805276e-21
2734,17,6.513313293457031,13.672627331595889,14.252608258234726,-3.9580825201429692,-4.195770581206541,-7.894859142921081e-05,-8.021755289929828e-05,1.0010137291307317,1.0009944503987067,1.0010137291307317,1.0009944503987067,0.0,2.417166609642475e-21
2735,17,6.68118953704834,13.913496217196974,14.218697054130953,-3.9109124679674974,-4.167284769882637,-7.628222735694521e-05,-7.982402034506297e-05,1.000975563668102,1.0009925617256463,1.000975563668102,1.0009925617256463,0.0,2.1754499486782275e-21
2736,17,6.9428558349609375,15.06547019273421,14.30337436799128,-3.9334510895876975,-4.143901401853143,1.1893727145526855e-05,-7.0652245596004e-05,1.0009562918378825,1.00098893473687,1.0009562918378825,1.00098893473687,1.6924474208539927e-21,2.127149695895804e-21
2737,17,6.829985618591309,15.129939690726985,14.386030900264851,-3.9046809039204025,-4.119979352059869,3.3127467938528315e-05,-6.027427424255077e-05,1.0009390410979824,1.0009839453729812,1.0009390410979826,1.0009839453729812,6.769906357734996e-21,2.5914253620797237e-21
2738,17,6.791525363922119,14.79439855063038,14.426867665301405,-3.6413128667146353,-4.072112703525346,7.51531926779294e-05,-4.673152755050276e-05,1.000668806278151,1.000952431463498,1.000668806278151,1.000952431463498,0.0,2.3322828258717514e-21
2739,17,6.569311618804932,13.640054752175025,14.348186373988767,-3.4994800394145695,-4.014849437114269,-4.3599555109918787e-05,-4.641833030644436e-05,1.0006757713278152,1.0009247654499298,1.0006757713278152,1.0009247654499298,-6.771687465804087e-21,1.4218857967041676e-21
2740,17,6.507944583892822,13.808842021968964,14.294251938786786,-3.5259937528610528,-3.965963868688948,-6.47627929472958e-05,-4.8252776570529505e-05,1.0007344228744461,1.0009057311923815,1.000734422874446,1.0009057311923815,0.0,1.279697217033751e-21
2741,17,6.4588165283203125,14.394112720413816,14.304238016949489,-3.493266874219692,-3.918694169242022,1.482530240589214e-05,-4.194496867288734e-05,1.0005664868454782,1.0008718067576912,1.0005664868454784,1.0008718067576912,-1.6931067717943887e-21,9.824168181509369e-22
2742,17,6.423852443695068,14.17256500566901,14.291070715821443,-3.434892355905276,-3.8703139879083475,7.84352954258178e-05,-2.9906942263016827e-05,1.0004239681881708,1.0008270229007392,1.0004239681881708,1.0008270229007392,-1.3546783750706477e-20,-4.705032387348045e-22
2743,17,6.755608558654785,13.636723012187826,14.22563594545808,-2.985388022191524,-3.781821391336665,-6.697187268745508e-05,-3.3613435305460655e-05,1.0003979508741065,1.000784115698076,1.0003979508741065,1.000784115698076,1.3547136061431518e-20,9.312606912818278e-22
2744,17,6.946310520172119,14.41559010889146,14.244631361801417,-2.9694017719228127,-3.7005794293952796,1.2300259718092834e-05,-2.9022065803105306e-05,1.0004250752848693,1.0007482116567552,1.0004250752848693,1.0007482116567552,0.0,8.381346221536451e-22
2745,17,6.731908321380615,14.677476115341014,14.287915837155376,-2.7790564184744966,-3.6084271283032012,4.8951147922930855e-05,-2.122474443050169e-05,1.0002723902047048,1.0007006295115501,1.0002723902047048,1.0007006295115501,-6.7744182928488574e-21,7.687933065339475e-23
2746,17,6.458439350128174,12.795340961034974,14.138658349543338,-2.130249692885147,-3.460609384761396,-9.6308289383465e-05,-2.873309892579802e-05,1.0000797101978391,1.0006385375801792,1.0000797101978391,1.0006385375801792,0.0,6.919139758805528e-23
2747,17,6.16736364364624,12.54802442978123,13.979594957567128,-2.036908778742373,-3.3182393241594936,-0.00015189656095246755,-4.104944512846498e-05,1.0001306146548303,1.0005877452876444,1.0001306146548303,1.0005877452876444,0.0,6.227225782924975e-23
2748,17,6.283506870269775,13.53899416046808,13.935534877857224,-2.1119590770979735,-3.1976112994533414,-3.911749793658847e-05,-4.085625040927733e-05,1.0000764533392024,1.0005366160928002,1.0000764533392026,1.0005366160928002,-6.775745549661544e-21,-6.215295229198297e-22
2749,17,6.085465431213379,13.800250599868024,13.922006450058305,-2.0637646601045017,-3.0842266355184575,5.120972048815412e-05,-3.164965331953418e-05,0.9999846435849348,1.0004814188420137,0.9999846435849348,1.0004814188420137,0.0,-5.593765706278467e-22
2750,17,6.489498138427734,13.65427528657505,13.89523333370998,-1.5859380986828215,-2.934397781834894,5.2990963918512486e-05,-2.3185591595729516e-05,0.99968372861072,1.0004016498188844,0.9996837286107201,1.0004016498188844,-6.778407394358122e-21,-1.1812796530008743e-21
2751,17,6.460494041442871,12.630028579897717,13.768712858328755,-1.2622595889543184,-2.767183962546836,-4.879259460123711e-05,-2.574629189628028e-05,0.9997058282696041,1.0003320676639564,0.9997058282696041,1.0003320676639564,0.0,-1.0631516877007869e-21
2752,17,6.386242866516113,12.58297901101828,13.650139473597708,-1.2660463295055913,-2.6170701992427117,-5.548456641498557e-05,-2.872011934815081e-05,0.9997590824533804,1.0002747691428988,0.9997590824533804,1.0002747691428988,-6.777896492228552e-21,-1.6346261681535634e-21
2753,17,6.344631671905518,13.075310734106697,13.592656599648608,-1.2290879079345227,-2.478271970111893,1.245884467435441e-05,-2.460222294590029e-05,0.9996086312425692,1.000208155352866,0.9996086312425693,1.000208155352866,0.0,-1.4711635513382071e-21
2754,17,6.405643463134766,13.133074443691855,13.546698384052933,-1.1127325332139542,-2.3417180264220994,4.0020336988725546e-05,-1.8139966952437706e-05,0.9993859949693051,1.0001259393145099,0.9993859949693052,1.0001259393145099,0.0,-1.3240471962043864e-21
2755,17,5.8439836502075195,12.440784973916903,13.43610704303933,-1.2809184746201383,-2.2356380712419033,-1.3372737581929219e-05,-1.7663244015386856e-05,0.9994747898335298,1.000060824366412,0.9994747898335298,1.000060824366412,1.6949561026854517e-21,-1.0221468663154026e-21
2756,17,5.999514579772949,12.813084956112297,13.373804834346627,-1.39928654002579,-2.152002918120292,2.3051278247381963e-05,-1.3591791789109974e-05,0.9994827597093707,1.0000030179007078,0.9994827597093708,1.0000030179007078,-3.389885174209909e-21,-1.2589206971048533e-21
2757,17,5.872593402862549,12.960178912767448,13.332442242188709,-1.3790976747579196,-2.074712393784055,6.633431403504292e-05,-5.599181206694686e-06,0.9993901345842464,0.9999417295690616,0.9993901345842464,0.9999417295690616,1.3560797417423733e-20,2.2305111434800535e-22
2758,17,6.126828193664551,12.696451787488243,13.268843196718663,-1.313491089707463,-1.998590263376396,0.00013717730609817946,8.678467523792728e-06,0.9992384384641237,0.9998714004585678,0.9992384384641237,0.9998714004585678,0.0,2.0074600291320482e-22
2759,17,6.33076810836792,11.604805760995616,13.10243945314636,-1.0215442337829412,-1.9008856604170503,5.89364257540229e-05,1.3704263346815745e-05,0.9992588917037666,0.9998101495830878,0.9992588917037665,0.9998101495830878,0.0,1.8067140262188433e-22
2760,17,6.432999134063721,11.257805381321742,12.917976045963899,-0.7750298596854021,-1.7883000803438853,8.019710496877521e-05,2.0353547509011693e-05,0.9993162755478204,0.999760762179561,0.9993162755478204,0.999760762179561,1.356179969013251e-20,1.518784231372947e-21
2761,17,5.599584579467773,10.993829302897305,12.725561371657239,-0.25360212067022986,-1.6348302843765197,5.417532576390733e-05,2.3735725334501258e-05,0.9992771533861772,0.9997124013002225,0.9992771533861773,0.9997124013002227,0.0,1.3669058082356524e-21
2762,17,5.6618852615356445,10.146667220028444,12.46767195649436,-0.06906609822893445,-1.4782538657617612,3.426095232786252e-05,2.4788248033837386e-05,0.9992012587336788,0.9996612870435682,0.9992012587336788,0.9996612870435683,-6.781680386013713e-21,5.520471888107158e-22
2763,17,6.078169822692871,9.70559265442499,12.191464026287424,0.0691121106296987,-1.3235172681226153,4.7065179570321385e-05,2.7015941187485788e-05,0.999260745824259,0.9996212329216372,0.999260745824259,0.9996212329216373,0.0,4.968424699296442e-22
2764,17,6.148598670959473,9.67757847601201,11.940075471259883,0.13139230750678785,-1.1780263105596749,6.561211763325497e-05,3.08755588320627e-05,0.9992818272468966,0.9995872923541631,0.9992818272468967,0.9995872923541633,0.0,4.471582229366798e-22
2765,17,5.863448619842529,9.663955570825141,11.712463481216409,0.09470541567572549,-1.0507531379361348,0.00013477210223433627,4.126521317229006e-05,0.9993406095013091,0.9995626240688777,0.9993406095013091,0.999562624068878,0.0,4.0244240064301183e-22
2766,17,5.3469367027282715,9.72389065550848,11.513606198645617,-0.009356792412719481,-0.9466135033837932,0.00020190808477972563,5.732950033303362e-05,0.9994508855728156,0.9995514502192716,0.9994508855728156,0.9995514502192717,0.0,3.6219816057871065e-22
2767,17,5.469326019287109,10.236025059706801,11.385848084751736,-0.08527429733166074,-0.86047958277858,0.00029386499838027517,8.098305013775778e-05,0.9994542894097584,0.9995417341383204,0.9994542894097584,0.9995417341383204,0.0,3.259783445208396e-22
2768,17,5.299727916717529,9.676229779422036,11.214886254218767,-0.07615681870132024,-0.7820473063708542,0.0003374964275820644,0.00010663438788218843,0.9994191445446535,0.9995294751789536,0.9994191445446535,0.9995294751789536,-5.424161516234908e-20,-5.1307810061661525e-21
2769,17,5.921421051025391,8.415695932303391,10.934967222027229,0.5113839337487764,-0.652704182358891,0.00019642269000240084,0.00011561321809420966,0.9995281341750653,0.9995293410785648,0.9995281341750651,0.9995293410785648,2.711785029893938e-20,-1.9059178756555987e-21
2770,17,5.924205780029297,8.61946660239483,10.703417160063989,0.5852350069379809,-0.5289102634292039,0.00022147937357928669,0.00012619983364271737,0.9997110694833574,0.9995475139190442,0.9997110694833574,0.9995475139190442,0.0,-1.715326088090039e-21
2771,17,5.754770278930664,8.714540813006685,10.50452952535826,0.8389332123027375,-0.39212591585600975,0.00030974137159455687,0.0001445539874379013,0.9996848500887079,0.9995612475360106,0.9996848500887078,0.9995612475360106,0.0,-1.543793479281035e-21
2772,17,7.276232719421387,7.561317924019942,10.210208365224428,1.3514990261945339,-0.21776342165095539,0.00020881692390258797,0.00015098028108437,0.9996490739594179,0.9995700301783513,0.9996490739594179,0.9995700301783513,-2.7114569520661587e-20,-4.10087108341909e-21
2773,17,5.339216232299805,5.236440027938192,9.712831531495805,1.9089199573402504,-0.005095083751834817,-2.324698892954617e-05,0.0001335575540829784,0.9998770242118952,0.9996007295817056,0.9998770242118951,0.9996007295817056,0.0,-3.6907839750771816e-21
2774,17,5.04420804977417,5.231855954754086,9.264733973821635,1.9705928844359466,0.19247371306694333,2.5965951261683332e-05,0.0001227983938008489,0.999915359595521,0.9996321925830872,0.999915359595521,0.9996321925830872,3.388418586136876e-21,-2.982863718955776e-21
2775,17,5.505195140838623,6.080295260552511,8.946290102494723,1.800536655777534,0.3532800073380024,0.00015234121035970273,0.00012575267545673427,1.0000997106324372,0.9996789443880222,1.0000997106324372,0.9996789443880222,0.0,-2.6845773470601984e-21
2776,17,5.366474151611328,6.259468953068054,8.677607987552056,1.629280796136039,0.4808800862178061,0.00022647567860608966,0.0001358249757716698,1.0000911130241206,0.9997201612516321,1.0000911130241206,0.9997201612516321,2.710258491366464e-20,2.941388790122858e-22
2777,17,5.330873012542725,5.243679947937901,8.33421518359064,1.6882802893949092,0.6016201065355165,0.0001737300402670246,0.0001396154822212053,1.0000295995802153,0.9997511050844905,1.0000295995802153,0.9997511050844905,0.0,2.647249911110572e-22
2778,17,5.4414591789245605,4.198856848256208,7.920679350057197,1.6928798706195232,0.7107460829439172,0.0001328452708560945,0.0001389384610846942,1.000051828718468,0.9997811774478883,1.000051828718468,0.9997811774478883,0.0,2.382524919999515e-22
2779,17,5.528962135314941,3.1685395899566147,7.4454653740471395,1.6973542259301806,0.8094068972425436,6.204075891935196e-05,0.00013124869086816,1.0001588204627514,0.9998189417493746,1.0001588204627512,0.9998189417493746,0.0,2.144272427999564e-22
2780,17,5.457749366760254,3.081304196613495,7.009049256303775,1.5563953744502323,0.8841057449633124,9.464154021575278e-05,0.00012758797580291929,1.000211729561656,0.9998582205306028,1.000211729561656,0.9998582205306028,0.0,1.9298451851996075e-22
2781,17,5.364446640014648,3.4674446355169346,6.654888794225091,1.1901643143828637,0.9147116019052675,0.0002090828554477066,0.00013573746376739802,1.0002680415003662,0.9998992026275791,1.0002680415003664,0.9998992026275791,-2.7097790979586828e-20,-2.5360930312907184e-21
2782,17,5.532672882080078,3.215958007348383,6.31099571553742,1.1942377350884532,0.9426642152235861,0.00020200236812738554,0.00014236395420339678,1.000278937904003,0.9999371761552216,1.000278937904003,0.9999371761552216,0.0,-2.2824837281616464e-21
2783,17,5.190321445465088,2.259009333408782,5.905797077324556,1.2619928520224166,0.9745970789034691,0.0001198447855305186,0.00014011203733610897,1.000396492017832,0.9999831077414827,1.000396492017832,0.9999831077414827,-1.3547155816923068e-20,-3.408950937037789e-21
2784,17,5.244594573974609,2.515611430041133,5.566778512596214,1.20113112298539,0.9972504833116613,0.00016544825916630707,0.00014264565951912876,1.0004187546513124,1.0000266724324658,1.0004187546513124,1.0000266724324658,0.0,-3.06805584333401e-21
2785,17,5.133556365966797,2.4514270649987457,5.255243367836467,1.1824261057289325,1.0157680455533884,0.00018483375688367279,0.00014686446925558317,1.0003999244228075,1.0000639976315,1.0003999244228077,1.0000639976315,0.0,-2.761250259000609e-21
2786,17,5.223361968994141,1.2071280911959603,4.850431840172417,1.2209527280143273,1.0362865137994823,0.00010640039621261339,0.0001428180619512862,1.0004729576159097,1.000104893629941,1.0004729576159097,1.000104893629941,-1.3546120415252382e-20,-3.839737274625786e-21
2787,17,5.207242012023926,1.1937323425399986,4.4847618904091755,1.2275149600096904,1.055409358420503,9.626305525736585e-05,0.0001381625612818942,1.0004757152469392,1.000141975791641,1.0004757152469392,1.000141975791641,0.0,-3.4557635471632076e-21
2788,17,5.13508415222168,1.7166548923166072,4.2079511905999185,1.122516223345155,1.0621200449129684,0.00010301016823031338,0.00013464732197673613,1.0005420574092014,1.000181983953397,1.0005420574092014,1.000181983953397,0.0,-3.110187192446887e-21
2789,17,5.4396443367004395,1.6657112345192577,3.9537271949918527,0.9643649501883248,1.052344535440504,0.00018439521833289933,0.00013962211161235244,1.0004952992934226,1.0002133154873996,1.0004952992934226,1.0002133154873996,0.0,-2.7991684732021983e-21
2790,17,5.325251579284668,0.5083259803443805,3.6091870735271057,1.1223673165048889,1.0593468135469426,8.76953978949004e-05,0.00013442944024060724,1.0005259813300216,1.000244582071662,1.0005259813300214,1.0002445820716617,1.3545402527231857e-20,-1.1647113731587927e-21
2791,17,5.158964157104492,0.5122528122254675,3.299493647396942,1.0903167849175714,1.0624438106840055,6.165861034668993e-05,0.0001271523572512155,1.0005896812347135,1.000279091987967,1.0005896812347135,1.000279091987967,-1.354454019488306e-20,-2.4026942553312196e-21
2792,17,5.28851842880249,0.7753978109958352,3.0470840637568313,1.057343952844538,1.0619338249000587,6.311796977901175e-05,0.00012074891850399513,1.0006124158059342,1.0003124243697636,1.0006124158059342,1.0003124243697636,1.3544232454034708e-20,-8.080015843946269e-22
2793,17,5.311850070953369,1.033281871310144,2.8457038445121627,0.8097907147258796,1.0367195138826408,0.00015616522217537176,0.00012429054887113278,1.0006103932532766,1.000342221258115,1.0006103932532768,1.000342221258115,0.0,-7.2720142595516425e-22
2794,17,5.029029369354248,0.8969288035489952,2.650826340415846,0.8805295335083072,1.0211005158452076,0.0001484420831287593,0.00012670570229689543,1.000529746318483,1.000360973764152,1.000529746318483,1.000360973764152,-2.7090703111898967e-20,-3.3635515945495445e-21
2795,17,5.117597579956055,0.07845618062725555,2.393589324436987,0.8671493156226916,1.005705395822956,8.17468674235646e-05,0.00012220981880956236,1.0006503979177155,1.0003899161795082,1.0006503979177155,1.0003899161795082,0.0,-3.02719643509459e-21
2796,17,5.21673583984375,0.7191275451088248,2.226143146504171,0.7745387785348722,0.9825887340941477,0.00010350316901898055,0.00012033915383050418,1.0006649398430492,1.0004174185458623,1.0006649398430492,1.0004174185458623,0.0,-2.724476791585131e-21
2797,17,5.112371444702148,1.5402333695342556,2.1575521688071797,0.5916539239222633,0.9434952530769593,0.00021443411433816527,0.00012974864988127028,1.0006002224305912,1.0004356989343353,1.0006002224305914,1.0004356989343353,0.0,-2.452029112426618e-21
2798,17,5.137949466705322,1.494989990287798,2.0912959509552413,0.5328004104256517,0.9024257688118285,0.00024949332605808574,0.00014172311749895182,1.0005738049029493,1.0004495095311967,1.0005738049029493,1.0004495095311967,0.0,-2.206826201183956e-21
2799,17,5.041210174560547,-0.04527693906289997,1.8776386619534273,0.5228842440844768,0.8644716163390933,0.00017616224284065297,0.00014516703003312196,1.000689061603711,1.0004734647384481,1.000689061603711,1.0004734647384481,-2.7086390120722285e-20,-4.6947825931377894e-21
2800,17,4.770819187164307,0.3737018381393497,1.7272449795720195,0.4269148321443939,0.8207159379196234,0.00020003386532878976,0.00015065371356268875,1.0007050389475094,1.0004966221593543,1.0007050389475094,1.0004966221593543,0.0,-4.225304333824011e-21
2801,17,4.57741117477417,0.5955358110089605,1.6140740627157135,0.33765309801086846,0.7724096539287479,0.00023389056586793172,0.00015897739879321306,1.0006709405582648,1.0005140539992454,1.000670940558265,1.0005140539992454,0.0,-3.80277390044161e-21
2802,17,4.731342315673828,-0.21062540236446584,1.4316041162076956,0.3513383206607326,0.7303025206019464,0.00020162644318163443,0.0001632423032320552,1.0006301177994106,1.000525660379262,1.0006301177994106,1.000525660379262,-2.7087985690204033e-20,-6.131295079417852e-21
2803,17,4.694812774658203,-1.5743206526484241,1.1310116393220837,0.4287795038027044,0.7001502189220222,8.750498699688073e-05,0.00015566857160853777,1.0007370279663375,1.0005467971379696,1.0007370279663375,1.0005467971379696,0.0,-5.518165571476067e-21
2804,17,4.5287885665893555,-1.9503910319824005,0.8228713721916353,0.4627181025042467,0.6764070072802447,1.746832027788199e-05,0.0001418485464754722,1.0008313123733548,1.0005752486615083,1.000831312373355,1.0005752486615083,-3.385317532664562e-21,-5.304880767594916e-21
2805,17,4.918930530548096,-1.6345453075889431,0.5771297042135775,0.4893325359617292,0.6576995601483933,4.837120957311614e-05,0.0001325008127852366,1.0008490703967012,1.0006026308350275,1.0008490703967012,1.0006026308350275,6.770514934233322e-21,-4.0973411974120925e-21
2806,17,4.882798671722412,-1.6096779202389355,0.3584489417683262,0.4434750588212727,0.6362771100156812,7.396045260856246e-05,0.0001266467767675692,1.0008269964010976,1.0006250673916346,1.0008269964010976,1.0006250673916346,0.0,-3.6876070776708834e-21
2807,17,4.457634449005127,-2.2664840647390117,0.09595564111759242,0.41928452467823374,0.6145778514819366,1.7960280793531406e-05,0.00011577812717016542,1.0008870100935876,1.00065126166183,1.0008870100935876,1.00065126166183,0.0,-3.318846369903795e-21
2808,17,4.438414573669434,-2.272902908013342,-0.14093021379550105,0.30427152451529016,0.5835472187852719,2.6977908063349845e-05,0.00010689810525948386,1.0008654980580065,1.0006726853014476,1.0008654980580067,1.0006726853014476,0.0,-2.9869617329134155e-21
2809,17,5.128626346588135,-0.6951706919209831,-0.19635426160804925,-0.2113227955818298,0.5040602173485618,0.0001824895602835122,0.0001144572507618867,1.0009566727522654,1.0007010840465294,1.0009566727522656,1.0007010840465296,0.0,-2.688265559622074e-21
2810,17,5.313533306121826,0.4008945159025164,-0.1366293838569927,-0.6260004871862742,0.3910541468950782,0.0003328602374476204,0.00013629754943046007,1.0009719624331872,1.0007281718851953,1.0009719624331874,1.0007281718851955,-5.4157469598349137e-20,-7.83518596349478e-21
2811,17,5.167598724365234,-0.010352572079956638,-0.12400170267928909,-0.5086991057685496,0.30107882162871547,0.00028346115187717136,0.0001510139096751312,1.0008852259771954,1.0007438772943953,1.0008852259771954,1.0007438772943955,5.416216287072097e-20,-1.6354510800732056e-21
2812,17,5.331048488616943,-1.5488433362576306,-0.26648586603712326,-0.36759732814675555,0.23421120665116837,0.0001147156672925083,0.00014738408543686892,1.0009720972352125,1.000766699288477,1.0009720972352125,1.0007666992884772,0.0,-1.471905972065885e-21
2813,17,5.945775032043457,-0.8314863939534979,-0.3229859188287607,-0.4048565780363042,0.1703044281824211,8.159884339387526e-05,0.00014080556123256954,1.0011214084071471,1.000802170200344,1.0011214084071471,1.0008021702003442,0.0,-1.3247153748592965e-21
2814,17,4.974651336669922,0.5207442632273787,-0.2386129006231468,-0.4819571150359905,0.10507827386057994,0.00021956180271100173,0.00014868118538041274,1.0010593662109846,1.0008278898014082,1.0010593662109846,1.0008278898014082,-2.7076370520092526e-20,-3.89988088938262e-21
2815,17,5.37499475479126,0.5389868550352126,-0.16085292505731086,-0.4042785915519743,0.05414258731932452,0.0002267733272880001,0.00015649039957117147,1.001013228128465,1.000846423634114,1.001013228128465,1.000846423634114,2.7077618507414057e-20,-8.021309497029523e-22
2816,17,4.9349517822265625,-0.9415940806263252,-0.23892704061421233,-0.08360275525367732,0.04036805306202433,8.238056443240853e-05,0.00014907941605729518,1.0010790247164985,1.0008696837423523,1.0010790247164987,1.0008696837423523,-1.3537919406419312e-20,-2.0757097953745884e-21
2817,17,4.836657524108887,-1.3660304532285217,-0.3516373818756433,0.031033697901614084,0.03943461754598331,-1.6946969216603446e-05,0.0001324767775299053,1.0011877515789611,1.0009014905260132,1.001187751578961,1.0009014905260132,0.0,-1.8681388158371297e-21
2818,17,5.063978672027588,0.7419359294786814,-0.24228005074021086,-0.18209716213704674,0.017281439577680306,0.00013123683074323537,0.0001323527828512383,1.001175337317404,1.0009288752051524,1.0011753373174037,1.0009288752051524,-2.7073234129762093e-20,-4.3886483472296265e-21
2819,17,5.068953990936279,1.1115411242254722,-0.10689793324364254,-0.3565522331480596,-0.02010192769489369,0.00021580557127669623,0.00014069806169378411,1.0011466152432373,1.0009506492089608,1.0011466152432373,1.0009506492089608,0.0,-3.949783512506664e-21
2820,17,5.094861030578613,-0.6456398559944317,-0.16077212551872147,-0.3952886176259568,-0.057620596688,0.00012181104829780818,0.00013880936035418653,1.0011613555110366,1.0009717198391685,1.0011613555110364,1.0009717198391683,-1.3536806111689164e-20,-4.908485772424914e-21
2821,17,5.004885673522949,-0.9459187811738826,-0.23928679108423762,-0.381906047033378,-0.0900491417225378,4.246229053065992e-05,0.00012917465337183387,1.001230282394175,1.0009975760946692,1.001230282394175,1.000997576094669,0.0,-4.417637195182423e-21
2822,17,6.073429584503174,0.16474233823548973,-0.19888387815226488,-0.5084022076057595,-0.13188444831086,6.359803336359753e-05,0.00012261699137101022,1.0013726125836075,1.0010350797435632,1.0013726125836075,1.0010350797435628,0.0,-3.9758734756641804e-21
2823,17,5.204501152038574,1.5311796931193709,-0.025877521025101297,-0.7379448748485369,-0.19249049096462767,0.00024099367120775837,0.00013445465935468505,1.0013608299940862,1.0010676547686155,1.0013608299940862,1.001067654768615,0.0,-3.578286128097763e-21
2824,17,5.086879253387451,1.259119246861633,0.10262215576357213,-0.7660865292869162,-0.24985009479685652,0.0002425676163804939,0.00014526595505726594,1.0013722545271047,1.0010981147444644,1.0013722545271047,1.001098114744464,2.7067910249758117e-20,-5.136664903121748e-22
2825,17,4.972084045410156,-0.2976893403711179,0.06259100615010313,-0.7343821058965369,-0.2983032959068246,0.0001250716006243492,0.00014324651961397425,1.0015527208384563,1.0011435753538636,1.0015527208384563,1.0011435753538631,0.0,-4.622998412809573e-22
2826,17,4.779195785522461,-0.23269314304052216,0.033062591231040606,-0.7056066723747279,-0.33903363355361493,9.761795526445393e-05,0.0001386836631790222,1.0016621912133061,1.001195436939808,1.0016621912133061,1.0011954369398075,-1.3530037646377296e-20,-1.7690736217905913e-21
2827,17,4.944783687591553,1.3017566030097407,0.15993199240891062,-0.9637439080730085,-0.4015046610055543,0.00023937759883321046,0.00014875305674444102,1.001710899257969,1.001246983171624,1.001710899257969,1.0012469831716238,-2.7058759500586494e-20,-4.298042209670182e-21
2828,17,5.110770225524902,1.4364517179697585,0.2875839649649954,-1.1687705153968384,-0.47823124644468273,0.0002757840791207879,0.00016145615898207572,1.0017961110184155,1.0013018959563031,1.0017961110184153,1.001301895956303,0.0,-3.8682379887031634e-21
2829,17,4.972150802612305,0.7569842240515676,0.33452399087365264,-1.306156790760569,-0.5610238008762714,0.00021391605070032927,0.00016670214815390108,1.0018780600638204,1.001359512367055,1.0018780600638204,1.0013595123670547,0.0,-3.481414189832847e-21
2830,17,5.0536651611328125,0.6750304023955926,0.36857463202584667,-1.5497001237558876,-0.6598914331642329,0.00024409763325000948,0.00017444169666351193,1.001961812390074,1.0014197423693567,1.001961812390074,1.0014197423693565,0.0,-3.1332727708495625e-21
2831,17,5.3612470626831055,0.5423872355685827,0.3859558923801203,-1.63289734642489,-0.7571920244902987,0.00020067088807288396,0.00017706461580444915,1.0021079775757145,1.0014885658899926,1.0021079775757145,1.0014885658899924,-2.7048037655293173e-20,-5.524749259293923e-21
2832,17,5.316174507141113,0.5585907122937835,0.4032193743714866,-1.8389854444802731,-0.8653713664892961,0.0003460121753977021,0.00019395937176377445,1.0021903996261436,1.0015587492636078,1.0021903996261436,1.0015587492636076,0.0,-4.972274333364531e-21
2833,17,5.290019989013672,-0.9296794939331584,0.2699294875410221,-1.505375111647996,-0.9293717410051662,0.0001545707897085309,0.00019002051355825007,1.0023971816591803,1.0016425925031651,1.0023971816591803,1.001642592503165,0.0,-4.475046900028078e-21
2834,17,5.244277000427246,-1.2456594582867204,0.11837059295824783,-1.3109081074196307,-0.9675253776466126,0.00011711564741299807,0.00018273002694372487,1.0024997631735841,1.001728309570207,1.0024997631735841,1.0017283095702068,1.3518733523852381e-20,-2.6756688576400323e-21
2835,17,5.400954723358154,0.3051636784543892,0.13704990150786198,-1.5937679302406147,-1.030149632906013,0.0003591971519006224,0.0002003767394394146,1.002744483947292,1.0018299270079156,1.0027444839472923,1.0018299270079154,0.0,-2.408101971876029e-21
2836,17,5.440746307373047,0.39219015569252086,0.16256392692632787,-1.3673503051638398,-1.0638697001317956,0.0002884393134209333,0.0002091829968375665,1.002780152285196,1.0019249495356437,1.0027801522851962,1.0019249495356435,0.0,-2.1672917746884264e-21
2837,17,5.575673580169678,-0.73944448211452,0.07236308602224308,-1.113468750091543,-1.0688296051277704,0.00018256471388650942,0.0002065211685424608,1.0028017556730233,1.0020126301493817,1.0028017556730235,1.0020126301493815,0.0,-1.9505625972195838e-21
2838,17,5.447800636291504,-2.300946776596819,-0.16496790023966315,-1.0722019198185417,-1.0691668365968474,4.4843490917557084e-05,0.00019035340077997042,1.0030097851974222,1.0021123456541858,1.0030097851974225,1.0021123456541856,6.755929680886045e-21,-1.079913369409021e-21
2839,17,5.598574638366699,-2.44528687024919,-0.39299979724061584,-1.1066693710043345,-1.0729170900375962,-8.32652549626047e-06,0.00017048540815234732,1.00313374928559,1.0022144860173263,1.00313374928559,1.002214486017326,-1.6887737011291639e-21,-1.1407994025810353e-21
2840,16,5.560208320617676,-1.7009788215385035,-0.5237976996704046,-1.6413345566053548,-1.129758836694372,0.0002771317060933574,0.00018115003794644835,1.0033303869218002,1.0023260761077737,1.0033303869218002,1.0023260761077735,0.0,-1.026719462322932e-21
2841,16,5.7041015625,-1.7564984155615728,-0.6470677712595214,-1.6580795400686148,-1.1825909070317964,0.0002975030704553045,0.00019278534119733398,1.0033130934391157,1.0024247778409079,1.0033130934391157,1.0024247778409077,-5.403109854617368e-20,-6.327157370708007e-21
2842,16,5.516685485839844,-3.169148714235298,-0.8992758655570992,-1.7610585599986177,-1.2404376723284787,0.00023612880796757617,0.0001971196878743582,1.003488547966976,1.0025311548535147,1.003488547966976,1.0025311548535145,0.0,-5.694441633637206e-21
2843,16,5.623016357421875,-3.3387926779531094,-1.1432275467967004,-1.9311788033542543,-1.3095117854310563,0.0002046628741155656,0.00019787400649847893,1.0036340128163033,1.0026414406497937,1.003634012816303,1.0026414406497934,0.0,-5.124997470273486e-21
2844,16,5.4940972328186035,-2.6605127546371845,-1.294956067580749,-2.0541314099296266,-1.3839737478809133,0.00022650459198743866,0.00020073706504737492,1.0036928665647642,1.0027465832412907,1.0036928665647642,1.0027465832412905,-2.7005327242094763e-20,-7.313030447455614e-21
2845,17,5.4857707023620605,-2.5905267288658096,-1.4245131337092551,-1.857899084867825,-1.4313662815796044,2.6946380731949757e-05,0.0001833579966158324,1.003705642301987,1.0028424891473604,1.003705642301987,1.0028424891473602,0.0,-6.5817274027100525e-21
2846,16,5.410871982574463,-2.621443415200847,-1.5442061618584142,-2.360129169721993,-1.5242425703938434,0.00031031414217992594,0.0001960536111722418,1.0038630656028726,1.0029445467929117,1.0038630656028726,1.0029445467929115,5.400149729756139e-20,-5.234049326829083e-22
2847,16,5.495954513549805,-2.694045149867506,-1.6591900606593233,-2.539343476653193,-1.6257526610197783,0.0003213323725942837,0.000208581487314446,1.0041471913768145,1.003064811251302,1.0041471913768145,1.0030648112513019,-5.398621744880471e-20,-5.869686184295089e-21
2848,16,5.532286643981934,-1.5933144133000523,-1.6526024959233963,-2.675531132935262,-1.730730508211327,0.000459257897838893,0.0002336491283668907,1.0041627470589827,1.0031746048320702,1.0041627470589827,1.00317460483207,0.0,-5.28271756586558e-21
2849,16,5.4770188331604,-1.8010971786787056,-1.6674519641989272,-2.6007758216684342,-1.8177350395570377,0.0004478624419895758,0.0002550704597291592,1.0041325020798566,1.0032703945568489,1.0041325020798566,1.0032703945568486,0.0,-4.754445809279022e-21
2850,16,5.317599773406982,-2.931118130780092,-1.7938185808570437,-2.4694910484098513,-1.882910640442319,0.0002912601338169427,0.00025868942713793753,1.0042026924832788,1.003363624349492,1.0042026924832788,1.0033636243494917,0.0,-4.27900122835112e-21
2851,17,5.403998374938965,-2.7816655801492147,-1.892603280786261,-2.1173628736692884,-1.906355863765016,-1.3689963577969816e-05,0.0002314514880663468,1.0041011483379372,1.0034373767483364,1.0041011483379372,1.0034373767483362,-1.6871466558052886e-21,-4.019815771096537e-21
2852,17,5.443276882171631,-2.301601602404233,-1.9335031129480582,-2.539281080694818,-1.9696483854579963,0.00012678729585330144,0.00022098506884504228,1.004156584965393,1.0035092975700421,1.004156584965393,1.003509297570042,0.0,-3.617834193986884e-21
2853,17,5.5386738777160645,-1.9382172438165242,-1.9339745260349048,-2.7007916227224262,-2.0427627091844394,0.00015962553438730068,0.00021484911539926813,1.0041503440185517,1.0035734022148932,1.0041503440185515,1.0035734022148928,-2.6993023976533984e-20,-5.955353172241594e-21
2854,17,5.662524223327637,-1.977581254117218,-1.938335198843136,-2.9431973072085387,-2.1328061689868494,0.0001527717525427403,0.00020864137911361533,1.0041638143313818,1.003632443426542,1.0041638143313818,1.0036324434265418,0.0,-5.359817855017435e-21
2855,17,5.7910685539245605,-0.8533408662721061,-1.8298357655860331,-3.476490303889548,-2.2671745824771192,0.0003540692258504777,0.0002231841637873016,1.004204082359724,1.0036896073198602,1.004204082359724,1.00368960731986,0.0,-4.823836069515692e-21
2856,17,5.87616491317749,0.12201694397676649,-1.6346504946297533,-3.6014858646831316,-2.4006057106977203,0.00038899143136205875,0.00023976489054477733,1.0040855591295426,1.0037292025008284,1.0040855591295426,1.0037292025008282,5.398953120217246e-20,1.0575006576531236e-21
2857,17,6.007672309875488,-1.076758301296637,-1.5788612752964417,-3.252496415893151,-2.4857947812172636,0.00020283877523685374,0.00023607227901398497,1.003981164874589,1.0037543987382045,1.0039811648745893,1.0037543987382043,0.0,9.517505918878112e-22
2858,17,5.9067606925964355,-1.232796256974844,-1.544254773464282,-3.210332103711139,-2.5582485134666513,0.00017089454269800285,0.00022955450538238677,1.0040207956346074,1.0037810384278447,1.0040207956346074,1.0037810384278447,2.699650687514438e-20,3.556226220213469e-21
2859,17,6.211502552032471,-0.1872888443633908,-1.408558180554193,-3.1393896376941717,-2.616362625889403,0.00025058641521562985,0.00023165769636571107,1.004064154964827,1.003809350081543,1.004064154964827,1.003809350081543,-5.3990682125460634e-20,-2.1984646143539414e-21
2860,17,5.912189483642578,0.6092427895714443,-1.206778083541629,-3.1053511191046534,-2.6652614752109285,0.000293639629706999,0.00023785588969983988,1.0039773413231323,1.0038261492057021,1.003977341323132,1.003826149205702,0.0,-1.9786181529185474e-21
2861,17,5.946290016174316,0.5417557042153703,-1.0319247047659292,-2.699617457978342,-2.6686970734876696,0.00024426273555441515,0.0002384965742852974,1.0037916030390734,1.0038226945890392,1.0037916030390732,1.003822694589039,0.0,-1.780756337626693e-21
2862,17,5.605030059814453,-0.29726506880316683,-0.958458741169653,-2.378924988657611,-2.639719865004664,0.0001744272297318011,0.00023208963982994775,1.0037983762118443,1.0038202627513197,1.0037983762118443,1.0038202627513195,0.0,-1.6026807038640237e-21
2863,16,5.793446063995361,-0.0909841084872256,-0.8717112779014102,-2.412772686407173,-2.617025147144915,0.00028749345776127744,0.00023763002162308073,1.0038967646877097,1.0038279129449588,1.0038967646877097,1.0038279129449585,0.0,-1.4424126334776213e-21
2864,16,5.865692138671875,0.8158139492525809,-0.7029587551860111,-2.3484010579281716,-2.5901627382232406,0.0003823487216428131,0.00025210189162505397,1.0037945475145729,1.0038245764019202,1.0037945475145729,1.00382457640192,0.0,-1.2981713701298592e-21
2865,16,6.020591735839844,0.8761655637695671,-0.5450463232904533,-2.2730650360111104,-2.558452968002028,0.00040206856686701535,0.00026709855914925013,1.003661203853555,1.0038082391470837,1.003661203853555,1.0038082391470835,0.0,-1.1683542331168734e-21
2866,17,5.957328796386719,-0.11027393776272054,-0.50156908473768,-1.9410294217963755,-2.4967106133814627,0.00015210581405924632,0.00025559928464024976,1.0034924125788807,1.0037766564902635,1.0034924125788809,1.0037766564902633,0.0,-1.0515188098051862e-21
2867,17,5.270201683044434,-0.5013691953133985,-0.5015490957952519,-1.9608438423141552,-2.443123936274732,9.035118968873294e-05,0.00023907447514509808,1.0034217724749677,1.003741168088734,1.0034217724749674,1.0037411680887338,0.0,-9.463669288246676e-22
2868,17,5.4885478019714355,-0.259388081310642,-0.4773329943467909,-2.3293933842334886,-2.4317508810706077,0.0001648152224377962,0.0002316485498743679,1.0034567632515972,1.0037127276050204,1.0034567632515972,1.0037127276050202,0.0,-8.51730235942201e-22
2869,17,5.830331325531006,1.0701618453756299,-0.3225835103745488,-2.841672263107544,-2.4727430192743016,0.00034595415292351265,0.00024307911017928239,1.0033887815802425,1.0036803330025426,1.0033887815802425,1.0036803330025426,0.0,-7.6655721234798085e-22
2870,17,5.682465553283691,1.0846637106390298,-0.1818587882731909,-2.9609855565260483,-2.5215672729994765,0.0003448954982825804,0.0002532607489896122,1.00338063776707,1.0036503634789953,1.0033806377670702,1.0036503634789953,5.4027461347983304e-20,4.712844643685148e-21
2871,17,5.250516414642334,1.2787209323853757,-0.035800816207334246,-3.25316066973739,-2.5947266126732678,0.00037649854991408965,0.0002655845290820599,1.0033193925616921,1.003617266387265,1.0033193925616921,1.003617266387265,0.0,4.2415601793166334e-21
2872,17,5.144874572753906,1.461516272622661,0.11393089267566528,-3.2838280294710933,-2.66363675435305,0.00041070693967085485,0.00028009677014093943,1.0031629551142132,1.0035718352599599,1.0031629551142132,1.0035718352599599,0.0,3.81740416138497e-21
2873,17,5.526410102844238,1.025328106240951,0.20507061403219384,-3.422917644619704,-2.7395648433797155,0.00036610407129779424,0.00028869750025662495,1.0031414907025704,1.003528800804221,1.0031414907025704,1.003528800804221,0.0,3.435663745246473e-21
2874,17,5.519134044647217,-0.23933948723149898,0.1606296039058246,-3.223089309557963,-2.7879172899975404,0.0002637308825056938,0.00028620083848153184,1.0030521668988208,1.003481137413681,1.003052166898821,1.003481137413681,0.0,3.0920973707218258e-21
2875,17,5.667308330535889,-0.8767572192486769,0.056890921590374455,-3.1319630744209443,-2.822321868439881,0.00020078792542799212,0.0002776595471761779,1.0030369934090146,1.0034367230132144,1.0030369934090146,1.0034367230132144,0.0,2.7828876336496432e-21
2876,17,5.571494102478027,-0.897581381555818,-0.0385563087242448,-3.056599480846339,-2.845749629680527,0.00017835500248624607,0.0002677290927071847,1.0030329828264868,1.0033963489945417,1.0030329828264868,1.0033963489945417,0.0,2.504598870284679e-21
2877,17,5.308712005615234,-0.6977279132038312,-0.10447346917220345,-2.8923231967543237,-2.850406986387907,0.0001806166003075037,0.0002590178434672166,1.002993339818982,1.0033560480769856,1.002993339818982,1.0033560480769856,-2.702416181250961e-20,-4.4827719799475e-22
2878,17,5.302351951599121,-0.42866903185140576,-0.1368930254401237,-2.8983004356729376,-2.8551963313164097,0.00018687578913491773,0.00025180363803398674,1.0029883776672133,1.0033192810360085,1.0029883776672133,1.0033192810360085,0.0,-4.0344947819527504e-22
2879,17,5.680208683013916,0.045190965570052845,-0.11868462633910604,-3.1544375405174474,-2.8851204522365137,0.0002661148441450475,0.00025323475864509284,1.002840265987693,1.003271379531177,1.0028402659876927,1.003271379531177,5.405657357693345e-20,5.0425528273175974e-21
2880,17,5.346070289611816,0.2620027512132082,-0.08061588858387461,-3.2391598964473465,-2.920524396657597,0.0002539930844640625,0.0002533105912269898,1.002803769731125,1.0032246185511717,1.002803769731125,1.0032246185511717,5.405854092352506e-20,9.944151636938344e-21
2881,17,5.453583240509033,1.188649435116085,0.04631064378612135,-3.4196999628856126,-2.9704419532803983,0.000249323488703268,0.0002529118809746176,1.0027002364363233,1.003172180339687,1.0027002364363233,1.003172180339687,5.406412271023519e-20,1.4356148744268028e-20
2882,17,5.416670799255371,1.4217237624892038,0.18385195565642962,-3.6714319704079097,-3.0405409549931495,0.00029115575977096237,0.0002567362688542521,1.00262812818365,1.0031177751240832,1.00262812818365,1.0031177751240832,0.0,1.2920533869841226e-20
2883,17,5.586549758911133,1.1979476151119353,0.28526152160198015,-3.782576440262294,-3.114744503520064,0.00028968191273760584,0.00026003083324258747,1.0024578492040188,1.0030517825320768,1.0024578492040188,1.0030517825320768,-5.4077195033506545e-20,6.220760979506448e-21
2884,17,5.495085716247559,1.3567680695145385,0.392412176393236,-3.9462521888094924,-3.197895272049007,0.00023205455523030085,0.0002572332054413588,1.0024852923378702,1.0029951335126563,1.00248529233787,1.0029951335126561,0.0,5.598684881555804e-21
2885,17,5.57070779800415,2.217810054783571,0.5749519642322696,-4.04428810294847,-3.282534555138953,0.0002718186933140333,0.00025869175422862624,1.002341904371009,1.0029298105984916,1.002341904371009,1.0029298105984914,0.0,5.038816393400223e-21
2886,17,5.648159027099609,2.307627138359638,0.7482194816450064,-3.928139816094106,-3.3470950812344684,0.00020398520495109522,0.0002532210993008731,1.0022726696029578,1.0028640964989382,1.0022726696029576,1.0028640964989382,-2.704359316000811e-20,1.8305754380593897e-21
2887,17,5.354188442230225,2.699832296603847,0.9433807631408906,-4.2537714151566135,-3.4377627146266834,0.0002770915297948511,0.0002556081423502709,1.002252120603495,1.0028028989093938,1.0022521206034951,1.002802898909394,0.0,1.6475178942534507e-21
2888,17,5.256610870361328,2.7262738804931277,1.1216700748761144,-4.218675521046785,-3.5158539952686936,0.0002485167747440846,0.0002548990055896523,1.0022309678081107,1.0027457057992655,1.0022309678081107,1.0027457057992657,0.0,1.4827661048281056e-21
2889,17,5.675833702087402,3.1362498218445705,1.32312804957296,-4.485830467891254,-3.6128516425309494,0.0002946079042328857,0.0002588698954539756,1.0023067386473397,1.002701809084073,1.0023067386473394,1.0027018090840731,-5.4085347862106904e-20,-4.074045291865396e-21
2890,17,5.60378885269165,4.14690727028695,1.6055059716443592,-4.704152433160827,-3.7219817215939375,0.0003984558107460296,0.000272828486983181,1.002234327506382,1.0026550609263039,1.002234327506382,1.002655060926304,0.0,-3.666640762678857e-21
2891,17,5.470995903015137,4.291875650155542,1.8741429394954774,-4.87252004531473,-3.837035553966017,0.00043122650322023967,0.0002886682886068869,1.0021996135418336,1.0026095161878568,1.0021996135418336,1.002609516187857,0.0,-3.299976686410971e-21
2892,17,5.546395778656006,3.5915777059911704,2.0458864161450467,-4.751948666751984,-3.9285268652446135,0.0003709133835247371,0.0002968927980986719,1.0021471291494186,1.002563277484013,1.0021471291494186,1.0025632774840132,5.409396190186818e-20,2.439417172416944e-21
2893,17,5.529947757720947,3.8544349069592654,2.226741265226469,-4.774941252063005,-4.013168303926452,0.0003594860397146004,0.00030315212226026474,1.0021822592053264,1.0025251756561442,1.0021822592053262,1.0025251756561444,0.0,2.1954754551752497e-21
2894,17,5.553704738616943,3.8161294092386764,2.38568007962769,-4.764211564354051,-4.088272629969212,0.0003799236568527039,0.0003108292757195087,1.002222180527574,1.0024948761432873,1.002222180527574,1.0024948761432875,0.0,1.975927909657725e-21
2895,17,5.789339542388916,3.9672231523739776,2.5438343869023186,-4.534923627677985,-4.132937729740089,0.0004167579735165955,0.00032142214549921736,1.0021062768128763,1.002456016210246,1.0021062768128766,1.0024560162102465,0.0,1.7783351186919525e-21
2896,17,5.513406753540039,2.303642374331898,2.5198151856452764,-4.311893413628978,-4.150833298128978,0.00029205569088564106,0.0003184855000378597,1.0021706796087968,1.0024274825501012,1.0021706796087968,1.0024274825501016,0.0,1.6005016068227572e-21
2897,17,5.36146879196167,1.809677243830065,2.448801391463755,-4.348433557095151,-4.170593324025596,0.00023568856816933,0.00031020580685100677,1.0022814328636993,1.002412877581461,1.0022814328636993,1.0024128775814614,0.0,1.4404514461404816e-21
2898,17,5.541828155517578,2.3154289846953344,2.4354641507869133,-4.365910712067638,-4.1901250628298,0.0002471727003372773,0.00030390249619963384,1.002271501093446,1.0023987399326595,1.0022715010934458,1.00239873993266,0.0,1.2964063015264335e-21
2899,17,5.695669651031494,3.225474743482245,2.5144652100564464,-4.496893756828696,-4.22080193222969,0.0003623490156647763,0.0003097471481461481,1.0022680896799592,1.0023856749073894,1.0022680896799592,1.0023856749073898,0.0,1.1667656713737902e-21
2900,17,5.459794044494629,3.1948057920490345,2.5824992682557055,-4.455106895031701,-4.244232428509891,0.0003754917444354613,0.00031632160777507945,1.0022117355617335,1.0023682809728238,1.0022117355617335,1.0023682809728243,-5.409047479761429e-20,-4.358958375525018e-21
2901,17,5.584461212158203,2.468189875381329,2.5710683289682676,-4.351582856213246,-4.254967471280226,0.0002889179793155654,0.00031358124492912804,1.0022215746130902,1.0023536103368504,1.0022215746130902,1.0023536103368509,0.0,-3.923062537972516e-21
2902,17,5.653975963592529,2.6088408915970067,2.5748455852311416,-4.3334160642117725,-4.2628123305733805,0.00012200194033382095,0.00029442331446959737,1.0023046193931642,1.0023487112424818,1.0023046193931642,1.0023487112424823,2.7042731109578353e-20,-8.264831732174293e-22
2903,17,6.384795188903809,4.133378494476878,2.7306988761557154,-4.725684803717457,-4.309099577887788,0.00022788017605660166,0.0002877690006282978,1.0022968873665425,1.0023435288548879,1.0022968873665425,1.0023435288548883,0.0,-7.438348558956863e-22
2904,17,6.437337398529053,4.640699265499321,2.9216989150900763,-4.716713368737065,-4.349860956972716,0.00022477938092511243,0.0002814700386579793,1.0020899459975343,1.0023181705691526,1.0020899459975343,1.002318170569153,2.7048524356918658e-20,2.035401065385748e-21
2905,17,5.9933929443359375,3.925199259028789,3.0220489494839478,-4.650418532310319,-4.379916714506477,8.907012873848229e-05,0.00026223004766602956,1.0021710354239617,1.0023034570546336,1.0021710354239617,1.0023034570546339,-1.3523167879558105e-20,4.795441708913629e-22
2906,17,5.715373992919922,3.9064010446313313,3.1104841589986862,-4.623641337884654,-4.404289176844294,8.057676342469767e-07,0.00023608761966285128,1.0021500166435264,1.002288113013523,1.0021500166435264,1.002288113013523,-1.0565196492378015e-22,4.2102455730984864e-22
2907,17,6.46903657913208,5.187521635319838,3.3181879066308015,-4.9576657429401525,-4.45962683345388,4.0046938094887655e-05,0.00021648355150605492,1.0023248331940369,1.0022917850315745,1.0023248331940369,1.0022917850315745,0.0,3.789221015788638e-22
2908,17,6.44118070602417,7.686953243839235,3.755064440351645,-5.410123849801171,-4.55467653508861,0.0003220980348660309,0.00022704499984205253,1.002114947587565,1.0022741012871736,1.002114947587565,1.0022741012871736,-5.4095699056058965e-20,-5.06854001418492e-21
2909,17,5.84510612487793,7.58000856194244,4.1375588525107245,-5.263927158376082,-4.625601597417357,0.000228149684112392,0.00022715546826908647,1.0019343615738003,1.0022401273158363,1.0019343615738003,1.0022401273158363,-2.7052724561279668e-20,-7.266958468894394e-21
2910,17,6.3035783767700195,6.30821086049067,4.354624053308719,-5.128032142785281,-4.67584465195415,-4.065947646655891e-06,0.00020403332667751222,1.001946234835995,1.0022107380678522,1.001946234835995,1.0022107380678522,-8.453876244097549e-22,-6.6248013844459304e-21
2911,17,5.9748921394348145,6.277866723999129,4.546948320377759,-5.296739571211649,-4.7379341438799,-4.779150767011599e-05,0.0001788508432427494,1.0019351627330695,1.002183180534374,1.0019351627330695,1.002183180534374,-6.763175732399863e-21,-6.6386388192413236e-21
2912,17,6.304811954498291,7.593778744285987,4.8516313627685825,-5.797260695525653,-4.843866799044475,8.34440625933263e-05,0.00016931016517780708,1.0020481464419182,1.0021696771251283,1.0020481464419182,1.0021696771251283,0.0,-5.974774937317192e-21
2913,17,6.268051624298096,8.846600699922675,5.251128296483992,-5.818289555721319,-4.94130907471216,0.00017754212808497184,0.00017013336146852356,1.0019262018575463,1.0021453295983702,1.0019262018575463,1.0021453295983702,0.0,-5.377297443585472e-21
2914,17,5.764074325561523,8.703209226668521,5.596336389502445,-5.849868756140024,-5.032165042854947,0.0002138381701937135,0.00017450384234104257,1.0018502273759626,1.0021158193761295,1.0018502273759626,1.0021158193761295,-2.70549964171101e-20,-7.545067340937935e-21
2915,17,5.725040912628174,8.34204006309649,5.87090675686185,-5.797160354344714,-5.1086645740039245,7.283754484243427e-05,0.00016433721259118177,1.0019050023093339,1.00209473766945,1.0019050023093337,1.00209473766945,0.0,-6.790560606844141e-21
2916,17,6.597888946533203,8.789126606200007,6.162728741795666,-6.145540380846791,-5.212352154688212,0.00012759108288805753,0.00016066259962086934,1.001961283845297,1.0020813922870346,1.001961283845297,1.0020813922870346,-2.7051997666132015e-20,-8.816704312772929e-21
2917,17,6.782776832580566,8.933154981072292,6.439771365723329,-6.029754385099889,-5.294092377729379,8.947601769503695e-05,0.00015354394142828612,1.0017865893640248,1.0020519119947338,1.001786589364025,1.0020519119947338,-1.3528357536381579e-20,-9.287869635133795e-21
2918,17,6.751612186431885,8.518310279326023,6.647625257083599,-6.167443113311181,-5.38142745128756,0.00011200275902547911,0.0001493898231880054,1.0017094431737468,1.0020176651126351,1.0017094431737465,1.0020176651126351,0.0,-8.359082671620416e-21
2919,17,6.831006050109863,8.065498075727563,6.789412538947996,-6.2092414196246475,-5.4642088481212685,6.817464675950949e-05,0.00014126830554515583,1.0018218020898697,1.0019980788103586,1.0018218020898697,1.0019980788103586,-1.352788203231083e-20,-8.875962607689458e-21
2920,17,6.64362907409668,7.837645626507486,6.894235847703945,-6.210885035669551,-5.538876466876097,4.770505780096569e-05,0.0001319119807707368,1.0018355851364888,1.0019818294429716,1.0018355851364888,1.0019818294429716,0.0,-7.988366346920512e-21
2921,17,6.552451133728027,8.08967967444255,7.013780230377806,-6.289300884940058,-5.613918908682493,0.0001026757474961935,0.00012898835744328248,1.0017821590378397,1.0019618624024584,1.0017821590378397,1.0019618624024584,0.0,-7.189529712228461e-21
2922,17,6.522496223449707,8.072714580032699,7.119673665343296,-6.27409944851837,-5.679936962666081,0.00011060658841751311,0.00012715018054070554,1.001770697689934,1.001942745931206,1.001770697689934,1.001942745931206,0.0,-6.470576741005615e-21
2923,17,6.376808166503906,7.421480104032217,7.149854309212188,-6.02813686783436,-5.714756953182908,6.825223528855619e-05,0.00012126038601549061,1.001829028095772,1.0019313741476625,1.0018290280957722,1.0019313741476628,0.0,-5.823519066905054e-21
2924,17,5.961150169372559,7.399236247253606,7.17479250301633,-5.807556537559408,-5.7240369116205585,5.551187371017679e-05,0.00011468553478495924,1.0018536204404906,1.0019235987769455,1.0018536204404906,1.0019235987769457,0.0,-5.241167160214548e-21
2925,17,6.170841217041016,8.191916237652672,7.276504876479964,-5.963969238460658,-5.748030144304568,0.00018406240563923485,0.0001216232218703868,1.0019023566623873,1.0019214745654896,1.0019023566623875,1.0019214745654899,-2.70535887373616e-20,-7.422409317929253e-21
2926,17,6.018543243408203,8.23860824706266,7.372715213538234,-5.931777357859731,-5.766404865660085,0.00025318909531785405,0.00013477980921513353,1.0017219339848877,1.0019015205074295,1.0017219339848877,1.0019015205074298,0.0,-6.6801683861363286e-21
2927,17,6.416717052459717,7.108366409084443,7.346280333092855,-5.87329514047714,-5.777093893141791,9.426963418775064e-05,0.00013072879171239525,1.0017396164195034,1.001885330098637,1.0017396164195034,1.001885330098637,-1.3528991899620896e-20,-7.365050737484785e-21
2928,17,6.4060378074646,6.776750365660707,7.289327336349641,-6.025253713017699,-5.801909875129382,8.135729169274828e-05,0.00012579164171043055,1.001865163254437,1.001883313414217,1.0018651632544369,1.001883313414217,0.0,-6.628545663736307e-21
2929,17,6.483738899230957,8.050944798215479,7.365489082536225,-6.20815042193257,-5.842533929809701,0.00019272243524045773,0.00013248472106343326,1.001926683907584,1.0018876504635539,1.0019266839075842,1.0018876504635539,-2.705293186366292e-20,-8.670984283728969e-21
2930,17,6.134424209594727,8.470321177422617,7.475972292024864,-6.2556924738763,-5.883849784216361,0.0003362414115590013,0.00015286039011299009,1.0018934897714744,1.001888234394346,1.0018934897714744,1.001888234394346,5.410765633045505e-20,-2.3931202223105668e-21
2931,17,5.807325839996338,7.87379838448244,7.515754901270622,-5.913011019309513,-5.886765907725676,0.00025981140942823154,0.00016355549204451423,1.0018068642222349,1.001880097377135,1.0018068642222349,1.001880097377135,0.0,-2.1538082000795103e-21
2932,17,6.264967918395996,7.081831676266076,7.472362578770167,-5.651755340869558,-5.863264851040065,0.00017067779905895767,0.00016426772274595857,1.0019211724387815,1.0018842048832997,1.0019211724387815,1.0018842048832997,0.0,-1.9384273800715592e-21
2933,17,5.969466686248779,7.183679625033333,7.443494283396484,-5.665967812722166,-5.843535147208275,0.0001458479877547749,0.0001624257492468402,1.0020140552724064,1.0018971899222102,1.0020140552724064,1.0018971899222102,0.0,-1.7445846420644032e-21
2934,17,5.955358505249023,7.183436439756807,7.417488499032517,-5.680030686115864,-5.827184701099035,0.00015255853562207714,0.0001614390278843639,1.0020184206089044,1.0019093129908798,1.0020184206089044,1.0019093129908798,0.0,-1.570126177857963e-21
2935,17,6.163788318634033,6.709696792119611,7.346709328341227,-5.65414248149224,-5.809880479138355,0.00019808476990844023,0.00016510360208677155,1.001914621283199,1.0019098438201117,1.001914621283199,1.0019098438201117,-2.7053257569415342e-20,-4.118439317013701e-21
2936,17,6.038272380828857,5.78963361923773,7.191001757430877,-5.616529614922663,-5.790545392716787,6.578716060278838e-05,0.00015517195793837325,1.002132614044277,1.0019321208425283,1.002132614044277,1.0019321208425283,0.0,-3.706595385312331e-21
2937,17,6.333430290222168,6.290931105662874,7.100994692254076,-5.63780196879678,-5.775271050324787,7.714413788652812e-05,0.00014736917593318873,1.0021372052689486,1.0019526292851704,1.0021372052689486,1.0019526292851704,-1.3523624394757049e-20,-4.688298286256803e-21
2938,17,6.352749347686768,6.433117166720274,7.034206939700696,-5.693142932204203,-5.767058238512728,0.0001485318726792458,0.00014748544560779444,1.00208336055238,1.0019657024118913,1.00208336055238,1.0019657024118913,0.0,-4.219468457631123e-21
2939,17,5.9392290115356445,6.348192188139361,6.965605464544563,-5.6598535474432765,-5.756337769405783,0.00020092345593206775,0.00015282924664022178,1.0019731839668435,1.0019664505673866,1.0019731839668438,1.0019664505673866,-2.7051676378032232e-20,-6.502689249671234e-21
2940,17,6.195007801055908,5.203046010673576,6.789349519157465,-5.9127485041205885,-5.771978842877264,0.00013870768407950004,0.00015141709038414962,1.0022356565878066,1.0019933711694287,1.0022356565878066,1.0019933711694287,-2.7044591892109476e-20,-8.556879513915058e-21
2941,17,5.833235263824463,6.033346969505273,6.713749264192247,-5.966710897919823,-5.79145204838152,0.00024712743843050596,0.00016098812518878527,1.002073806841337,1.0020014147366196,1.002073806841337,1.0020014147366196,0.0,-7.701191562523552e-21
2942,17,5.973520755767822,5.849483935914315,6.627322731364454,-6.0267255344843695,-5.814979396991804,0.0002833551949796016,0.0001732248321678669,1.002051326436124,1.00200640590657,1.002051326436124,1.00200640590657,0.0,-6.931072406271197e-21
2943,17,5.6608734130859375,4.417036408376746,6.406294099065684,-5.928125737692528,-5.8262940310618765,0.0002785895490742974,0.00018376130385850997,1.0019887173770448,1.0020046370536175,1.0019887173770448,1.0020046370536175,0.0,-6.2379651656440776e-21
2944,17,5.723769187927246,2.975454625416759,6.063210151700791,-5.937300968440233,-5.837394724799712,0.0001797391306956372,0.00018335908654222268,1.0021818986168753,1.0020223632099434,1.0021818986168756,1.0020223632099434,2.7046042589220234e-20,-2.909564390157646e-21
2945,17,5.80170202255249,2.732425190907219,5.730131655621435,-5.642113053319627,-5.817866557651704,0.00011206264900176877,0.0001762294427881773,1.002245705822504,1.0020446974711994,1.002245705822504,1.0020446974711994,0.0,-2.6186079511418815e-21
2946,17,5.734703063964844,3.2220786544335454,5.479326355502646,-5.602990831260107,-5.796378985012544,0.0002551478778226912,0.0001841212862916287,1.0022019155616821,1.0020604192802476,1.0022019155616821,1.0020604192802476,0.0,-2.3567471560276935e-21
2947,17,5.517643451690674,2.9384394872740947,5.2252376686797914,-5.331762597863395,-5.749917346297629,0.0002607169348269703,0.00019178085114516288,1.0021825240756201,1.0020726297597848,1.0021825240756201,1.0020726297597848,-5.409205141975193e-20,-7.530277582400118e-21
2948,17,5.730399131774902,2.05254643021814,4.907968544833626,-5.193708317094754,-5.6942964433773415,0.00020259457088097024,0.0001928622231187436,1.0023045613678676,1.0020958229205932,1.0023045613678676,1.0020958229205932,0.0,-6.777249824160107e-21
2949,17,5.593759536743164,2.599337002434333,4.677105390593696,-4.974055444476715,-5.622272343487279,0.00024247579658929743,0.000197823580465799,1.0023014795073597,1.0021163885792699,1.00230147950736,1.0021163885792699,0.0,-6.099524841744096e-21
2950,17,5.45974588394165,3.122183535348303,4.521613205069157,-4.911421714404648,-5.551187280579016,0.0003152160802637277,0.0002095628304455919,1.0021368024772195,1.0021184299690649,1.0021368024772195,1.0021184299690649,0.0,-5.4895723575696865e-21
2951,17,5.358012676239014,2.3943442093713743,4.308886305499379,-4.631021087334865,-5.459170661254601,0.0002706366028199379,0.0002156702076830265,1.0020087880181483,1.0021074657739732,1.0020087880181483,1.0021074657739732,0.0,-4.940615121812718e-21
2952,17,5.353484153747559,2.119679659077895,4.089965640857231,-4.630675896059343,-5.376321184735075,0.00022175382677416867,0.00021627856959214074,1.002091963084606,1.0021059155050365,1.002091963084606,1.0021059155050365,2.7048469911587496e-20,-1.741706618472696e-21
2953,17,5.727822780609131,2.7567438062910927,3.9566434574006166,-4.647427661983599,-5.303431832459927,0.00024150206598458788,0.00021880091923138546,1.0020582289499054,1.0021011468495233,1.0020582289499054,1.0021011468495233,0.0,-1.5675359566254265e-21
2954,17,5.7033514976501465,3.259646781498993,3.8869437898104544,-4.566685456412699,-5.229757194855204,0.0002784682909737237,0.0002247676564056193,1.0018903766731013,1.002080069831881,1.0018903766731013,1.002080069831881,0.0,-1.410782360962884e-21
2955,17,5.631654739379883,3.4428979311478862,3.842539203944198,-4.3678627598861235,-5.143567751358296,0.00026419219911710806,0.00022871011067676818,1.0016485603608631,1.0020369188847793,1.0016485603608631,1.0020369188847793,0.0,-1.2697041248665957e-21
2956,17,5.469661712646484,2.520669520920448,3.7103522356418233,-4.43868771175085,-5.073079747397551,0.0001984596116051896,0.0002256850607696103,1.001648314461802,1.0019980584424817,1.001648314461802,1.0019980584424817,2.7060450180761788e-20,1.563311305696243e-21
2957,17,5.022560119628906,2.449244262777659,3.5842414383554067,-4.332543187224976,-4.999026091380294,5.911584964843374e-05,0.00020902813965749265,1.0015995288429724,1.0019582054825307,1.0015995288429727,1.001958205482531,-6.765442058326649e-21,7.304359692939537e-22
2958,17,5.433269500732422,2.640219231968098,3.4898392177166757,-4.641842291952367,-4.963307711437501,0.00012440140077924684,0.00020056546576966808,1.0015110329618964,1.0019134882304672,1.0015110329618964,1.0019134882304674,2.706415947508474e-20,3.3638083198730324e-21
2959,17,5.836347579956055,2.6651912572471095,3.407374421669719,-4.868212121600063,-4.953798152453757,0.0001981293160293082,0.0002003218507956321,1.001366634214216,1.0018588028288422,1.0013666342142158,1.0018588028288424,-2.7068062172260478e-20,3.2062127065968113e-22
2960,17,5.5543036460876465,1.84350588560533,3.2509875680632803,-4.800943816193773,-4.938512718827758,0.00014949920422657336,0.00019523958613872622,1.0012952814474296,1.0018024506907008,1.0012952814474294,1.001802450690701,0.0,2.8855914359371305e-22
2961,17,5.22898530960083,1.303839469108315,3.056272758167784,-4.846872457643131,-4.929348692709295,9.359514597291182e-05,0.00018507514212214477,1.0012872049333985,1.0017509261149706,1.0012872049333985,1.0017509261149709,0.0,2.5970322923434173e-22
2962,17,5.078256130218506,0.8722651267661036,2.837871995027616,-4.9722027367768185,-4.933634097116048,5.8817946104039557e-05,0.00017244942252033426,1.001426363379634,1.001718469841437,1.001426363379634,1.0017184698414372,6.766611930572439e-21,9.103940993681515e-22
2963,17,4.779276371002197,1.3511298543434545,2.6891977809592,-5.220821778260574,-4.962352865230501,0.00018831804971605715,0.00017403628523990656,1.0013350504091134,1.0016801278982046,1.0013350504091136,1.0016801278982048,0.0,8.193546894313363e-22
2964,17,4.711567401885986,1.3004634439658922,2.550324347259869,-5.311782419797674,-4.997295820687218,0.00017532805319247645,0.00017416546203516357,1.0014266281420052,1.0016547779225846,1.0014266281420054,1.0016547779225848,-2.7066440566321778e-20,-1.969224836143975e-21
2965,17,4.719671726226807,1.629648482974203,2.458256760831303,-5.652368202376004,-5.062803058856097,0.00030408200571259615,0.00018715711640290681,1.0013875111650388,1.00162805124683,1.0013875111650388,1.0016280512468303,0.0,-1.7723023525295777e-21
2966,17,4.825639724731445,1.5649271708466959,2.368923801832842,-5.69347776209293,-5.12587052917978,0.00023649068586668954,0.00019209047334928507,1.00142717624004,1.001607963746151,1.0014271762400397,1.0016079637461512,-2.7066425752400986e-20,-4.301714692516719e-21
2967,17,5.361468315124512,1.7145027403014526,2.3034816956797033,-6.2111863481331575,-5.234402111075118,0.00029236266638724216,0.0002021176926530808,1.0014958677584704,1.001596754147383,1.0014958677584704,1.0015967541473831,0.0,-3.871543223265047e-21
2968,17,5.212590217590332,1.724538832940204,2.2455874094057537,-6.395948128527734,-5.35055671282038,0.00035268238753143554,0.0002171741621409163,1.001493767004294,1.001586455433074,1.001493767004294,1.0015864554330742,5.412925213347113e-20,1.92853631240857e-21
2969,17,5.258883476257324,0.5497978202344503,2.0760084504886236,-6.425563154755281,-5.45805735701387,0.000335427836163319,0.00022899952954315658,1.0013972339221326,1.00156753328198,1.0013972339221326,1.00156753328198,0.0,1.735682681167713e-21
2970,17,4.706264495849609,-1.015943763245517,1.7668132291152097,-6.537847927783068,-5.5660364140907905,0.00016003741443292464,0.00022210331803213337,1.001735204267576,1.0015843003805396,1.001735204267576,1.0015843003805396,0.0,1.562114413050942e-21
2971,17,4.768820285797119,-0.10696237142899254,1.5794356690607894,-6.730845676464848,-5.6825173403281966,0.00026793100964031904,0.00022668608719295195,1.001680715946346,1.0015939419371203,1.001680715946346,1.0015939419371203,0.0,1.4059029717458478e-21
2972,17,4.988195419311523,-0.4515256644556261,1.376339535709148,-6.8221679063490015,-5.796482396930277,0.0003091695354054094,0.0002349344320141977,1.0017406666649729,1.0016086144099055,1.0017406666649729,1.0016086144099055,0.0,1.265312674571263e-21
2973,17,4.715561389923096,-1.5196951552216524,1.086736066616068,-6.780138410176081,-5.894847998254858,0.00036412859558096483,0.00024785384837087445,1.0016062323874353,1.0016083762076584,1.0016062323874355,1.0016083762076584,5.412317422891792e-20,6.551098830005929e-21
2974,17,4.764216423034668,-3.3769421475723886,0.6403682451972224,-6.833024918055981,-5.988665690234971,0.00017238370484579056,0.00024030683401836606,1.001996721077908,1.0016472106946834,1.001996721077908,1.0016472106946834,-2.7051040928536252e-20,3.1908848541517103e-21
2975,17,4.591521263122559,-3.200890735851365,0.2562423470923636,-6.905042158210809,-6.0803033370325545,0.0001272674371459124,0.00022900289433112068,1.0021416660105893,1.0016966562262741,1.0021416660105893,1.0016966562262741,0.0,2.8717963687365394e-21
2976,17,4.797212600708008,-1.8934620584342077,0.04127190653970647,-7.159027009725067,-6.1881757043018055,0.0003168188096389248,0.00023778448586190108,1.0019818058929084,1.0017251711929376,1.0019818058929086,1.0017251711929376,0.0,2.5846167318628854e-21
2977,17,4.476198673248291,-2.0182734695150564,-0.1646826310657698,-7.292362337694703,-6.298594367641096,0.00045345434972189104,0.0002593514722479001,1.0018256294343875,1.0017352170170826,1.0018256294343875,1.0017352170170826,0.0,2.326155058676597e-21
2978,17,4.668955326080322,-3.2653922356778944,-0.47475359152698227,-7.427278936922069,-6.411462824569194,0.00034696547391804453,0.00026811287241491454,1.0018757030651415,1.0017492656218885,1.0018757030651415,1.0017492656218885,5.41086169256572e-20,7.504401245374659e-21
2979,17,5.396538257598877,-4.051191291163265,-0.8323973614906106,-7.50056412471546,-6.52037295458382,0.0002252293271654759,0.00026382451788997067,1.0019780019805973,1.0017721392577594,1.0019780019805973,1.0017721392577594,0.0,6.753961120837193e-21
2980,17,5.084985733032227,-4.188307244947873,-1.167988349836337,-7.814305855655988,-6.649766244691037,0.00017345880220647448,0.0002547879463216211,1.0020120424434806,1.0017961295763316,1.0020120424434806,1.0017961295763316,-2.7050627301883446e-20,3.3735022785651295e-21
2981,17,5.100183010101318,-4.152721759857406,-1.466461690838444,-8.181495677744486,-6.802939187996382,0.0001815674117235765,0.00024746589286181664,1.0020020096845244,1.0018167175871509,1.0020020096845244,1.0018167175871509,0.0,3.0361520507086164e-21
2982,17,5.291525840759277,-4.208567778681514,-1.740672299622751,-8.394619733514014,-6.962107242548146,0.00021127239608573065,0.00024384654318420804,1.0018716321210472,1.0018222090405404,1.0018716321210472,1.0018222090405404,0.0,2.732536845637755e-21
2983,17,5.050190448760986,-4.815891248016391,-2.0481941944621154,-8.576779993977983,-7.12357451769113,0.00013711069320781035,0.00023317295818656828,1.0020662646904168,1.001846614605528,1.002066264690417,1.001846614605528,0.0,2.4592831610739793e-21
2984,17,5.123770236968994,-4.03244842684158,-2.246619617700062,-8.891009476861301,-7.300318013608147,0.00021607790580989263,0.00023146345294890072,1.002156306891348,1.00187758383411,1.0021563068913477,1.00187758383411,2.7046733254831773e-20,4.918028170449759e-21
2985,17,5.214312553405762,-3.6214605840616483,-2.384103714336221,-8.889173775022009,-7.459203589749534,0.00034613074386039054,0.0002429301820400497,1.0019076704197403,1.001880592492673,1.0019076704197403,1.001880592492673,5.4106890509745656e-20,9.83691440437935e-21
2986,17,5.396008491516113,-5.057070267663027,-2.6514003696689015,-8.820613589329882,-7.595344589707569,0.00038911648795499207,0.00025754881263154395,1.001775231655237,1.0018700564089293,1.001775231655237,1.0018700564089293,0.0,8.853222963941415e-21
2987,17,5.432986259460449,-6.377374631864819,-3.0239977958884934,-8.618422155067819,-7.6976523462435935,0.00020486497403134822,0.0002522804287715244,1.0020150662184129,1.0018845573898778,1.0020150662184129,1.0018845573898778,0.0,7.967900667547274e-21
2988,17,5.148326873779297,-6.576441809350416,-3.3792421972346856,-8.602196952723077,-7.788106806891542,0.00021931861832101343,0.0002489842477264733,1.002223478549371,1.001918449505827,1.002223478549371,1.001918449505827,0.0,7.171110600792546e-21
2989,17,4.986935138702393,-5.953802954957955,-3.6366982730070125,-8.61136471321041,-7.870432597523429,0.0003174740870180471,0.0002558332316556307,1.0020449130335787,1.0019310958586023,1.0020449130335787,1.0019310958586023,0.0,6.4539995407132915e-21
2990,17,4.7459025382995605,-6.265327488790422,-3.8995611945853534,-8.530785971635858,-7.936467934934672,0.00038657838752730126,0.0002689077472427978,1.0018834916197523,1.0019263354347172,1.001883491619752,1.0019263354347172,0.0,5.808599586641963e-21
2991,17,4.815637111663818,-7.0155073725213075,-4.211155812378949,-8.602928459535116,-8.003113987394716,0.0002715034897211215,0.0002691673214906302,1.0021681079006013,1.0019505126813055,1.0021681079006013,1.0019505126813055,0.0,5.227739627977766e-21
2992,17,4.939059257507324,-6.42204968746395,-4.432245199887449,-8.875469131548138,-8.090349501810058,0.0003505900952068751,0.0002773095988622547,1.0023753366453085,1.0019929950777058,1.0023753366453085,1.0019929950777058,5.4081646507487367e-20,1.0113130315928726e-20
2993,17,4.819638252258301,-5.868120067517314,-4.575832686650435,-8.849920880776748,-8.166306639706727,0.0004324561825066831,0.00029282425722669753,1.0022033432888957,1.002014029898825,1.0022033432888957,1.002014029898825,0.0,9.101817284335853e-21
2994,17,5.359274387359619,-5.602090067174297,-4.678458424702821,-8.784213035040658,-8.22809727924012,0.0005700687630354678,0.0003205487078075746,1.0019147453462556,1.002004101443568,1.0019147453462556,1.002004101443568,-1.0821301687807887e-19,-2.629666131905619e-21
2995,17,5.123437881469727,-7.383268925018674,-4.9489394747344075,-8.790377485135906,-8.2843252998297,0.00039955867467542734,0.00032844970449435985,1.0021825829853839,1.0020219495977498,1.0021825829853839,1.0020219495977498,0.0,-2.3666995187150572e-21
2996,17,4.9659342765808105,-7.832763677655856,-5.237321895026553,-8.802166989419971,-8.336109468788727,0.0003282229539215903,0.00032842702943708293,1.0023208411946747,1.0020518387574422,1.0023208411946747,1.0020518387574422,-5.408458688703084e-20,-7.538488255546636e-21
2997,17,4.883204460144043,-8.03289395827373,-5.516879101351271,-8.789112144773725,-8.381409736387228,0.00023824050009980732,0.0003194083765033554,1.0024423468470454,1.0020908895664025,1.0024423468470454,1.0020908895664025,0.0,-6.784639429991973e-21
2998,17,4.854660511016846,-6.762385507771884,-5.641429741993333,-8.955193085276116,-8.438788071276118,0.00028229198873837405,0.0003156967377268572,1.002486334064261,1.0021304340161883,1.002486334064261,1.0021304340161883,5.4075658472567537e-20,-6.986096397360215e-22
2999,17,4.688837051391602,-5.650460460066266,-5.642332813800627,-9.217631623204419,-8.516672426468947,0.000543349090940752,0.0003384619730482467,1.002187826858491,1.0021361733004186,1.002187826858491,1.0021361733004186,0.0,-6.287486757624194e-22
3000,17,5.4724931716918945,-7.443445226236646,-5.82244405504423,-8.936620323121366,-8.55866721613419,0.0003601586250666018,0.0003406316382500822,1.00213868969579,1.0021364249399558,1.00213868969579,1.0021364249399558,-5.409441745107285e-20,-5.9753155532934634e-21
3001,17,5.056873321533203,-8.670862127505451,-6.107285862290352,-8.976560887338744,-8.600456583254646,0.00022683457272863037,0.00032925193169793703,1.0024245790412258,1.002165240350083,1.0024245790412258,1.002165240350083,-2.703949491947053e-20,-8.081733489911171e-21
3002,17,5.041468143463135,-8.872519722751813,-6.383809248336498,-8.95163321031738,-8.63557424596092,0.0001716394343741183,0.0003134906819655552,1.0025211974766017,1.0022008360627348,1.0025211974766017,1.0022008360627348,0.0,-7.273560140920054e-21
3003,17,4.893028736114502,-7.835326709793129,-6.528960994482162,-9.138170443685663,-8.685833865733393,0.00033003753467059804,0.00031514536723605945,1.0025234201887787,1.0022330944753393,1.002523420188779,1.0022330944753393,0.0,-6.546204126828049e-21
3004,17,4.868259429931641,-7.649670364846786,-6.641031931518625,-9.114167542671279,-8.728667233427181,0.000376639981567933,0.0003212948286692468,1.0024126828851059,1.002251053316316,1.0024126828851059,1.002251053316316,5.407963162262648e-20,-4.83620551882596e-22
3005,17,4.632972717285156,-8.295532972056485,-6.806482035572411,-9.158648336757404,-8.771665343760203,0.0002692690708625508,0.00031609225288857723,1.0026315581852234,1.002289103803207,1.0026315581852234,1.002289103803207,0.0,-4.352584966943364e-22
3006,17,4.701612949371338,-7.7963527861069295,-6.905469110625862,-9.32366750077992,-8.826865559462176,0.0002573292475071428,0.00031021595235043384,1.002768463777164,1.0023370398006026,1.0027684637771643,1.0023370398006026,-5.406044424261214e-20,-5.7977770712861165e-21
3007,17,4.623058319091797,-7.4772623166321015,-6.962648431226487,-9.524469697587866,-8.896625973274745,0.0003132546484082682,0.00031051982195621727,1.0027923909675676,1.0023825749172992,1.0027923909675676,1.0023825749172992,5.4059154330009765e-20,1.8791606884347158e-22
3008,17,4.666841506958008,-7.439895244689998,-7.010373112572839,-9.49828691951111,-8.956792067898382,0.00025780063436600957,0.00030524790319719653,1.0027444118779747,1.0024187586133668,1.0027444118779747,1.0024187586133668,0.0,1.6912446195912443e-22
3009,17,4.507808208465576,-8.030372201565472,-7.112373021472102,-9.677426752709401,-9.028855536379485,0.00020907302684420185,0.0002956304155618971,1.0029316036187883,1.0024700431139089,1.0029316036187885,1.002470043113909,-2.70258253048731e-20,-2.550370514724098e-21
3010,17,4.960649490356445,-7.756085720585803,-7.176744291383472,-9.76115466674311,-9.10208544941585,0.000170770458939017,0.00028314441989960905,1.0030624221451776,1.0025292810170356,1.0030624221451778,1.0025292810170359,-2.7022300620304338e-20,-4.997563525282122e-21
3011,17,4.816448211669922,-7.429177025589283,-7.201987564804054,-9.783591344223144,-9.17023603889658,0.00021834800047667736,0.0002766647779573159,1.0029948310683297,1.002575836022165,1.0029948310683299,1.0025758360221653,0.0,-4.49780717275391e-21
3012,17,4.776379585266113,-7.445639747792217,-7.226352783102871,-9.800244071115122,-9.233236842118435,0.00022165077282533215,0.00027116337744411757,1.0030011170164363,1.0026183641215922,1.0030011170164366,1.0026183641215924,0.0,-4.048026455478519e-21
3013,17,4.654159069061279,-7.982987248624771,-7.302016229655061,-9.800540047225525,-9.289967162629145,0.00022144820580563885,0.0002661918602802697,1.0030045851116518,1.002656986220598,1.0030045851116518,1.0026569862205983,2.7023858828242892e-20,-9.40837927106378e-22
3014,17,4.75383186340332,-9.00874256216345,-7.4726888629059,-9.83453427695992,-9.344423874062223,6.565370803947466e-05,0.0002461380450561902,1.0033259055602477,1.002723878154563,1.0033259055602477,1.0027238781545633,1.3507602146982543e-20,5.0400608030251415e-22
3015,17,5.155724048614502,-9.130766942043337,-7.638496670819643,-10.169146457350976,-9.426896132391098,0.00012760027672623403,0.00023428426822319457,1.0037512427176614,1.0028266146108729,1.0037512427176614,1.002826614610873,0.0,4.536054722722627e-22
3016,17,5.211925029754639,-7.261880434840097,-7.600835047221689,-10.013544700012654,-9.485560989153255,0.000322304470135176,0.0002430862884143927,1.0034802146680322,1.0028919746165887,1.0034802146680322,1.002891974616589,0.0,4.0824492504503644e-22
3017,17,5.175005912780762,-6.86171908643662,-7.526923451143182,-9.953488014840806,-9.53235369172201,0.000536088001653797,0.00027238645973833313,1.0030965776350516,1.002912434918435,1.0030965776350516,1.0029124349184353,-1.0808552203833366e-19,-1.0441131771292834e-20
3018,17,4.846767902374268,-9.201630932026376,-7.6943941992315015,-9.46184631360582,-9.52530295391039,0.00024080265111193767,0.00026922807887569357,1.0035167509144227,1.002972866518034,1.0035167509144227,1.002972866518034,-2.7010066635598253e-20,-1.2098025257723376e-20
3019,17,4.883240699768066,-9.764773323530122,-7.901432111661364,-9.272430787195127,-9.500015737238865,0.00012148786477572589,0.0002544540574656968,1.0038411730855556,1.0030596971747863,1.0038411730855554,1.003059697174786,0.0,-1.0888222731951038e-20
3020,17,4.639349937438965,-8.444669448195352,-7.955755845314763,-9.413419447184697,-9.491356108233449,0.00021627734609683488,0.0002506363863288106,1.0039395277119245,1.0031476802285,1.0039395277119245,1.0031476802285,0.0,-9.799400458755935e-21
3021,17,4.704359531402588,-7.62710926722236,-7.922891187505523,-9.386455712700148,-9.48086606868012,0.0003299440625054923,0.0002585671539464788,1.0037151507006021,1.0032044272757101,1.0037151507006021,1.0032044272757101,0.0,-8.819460412880341e-21
3022,17,4.473886489868164,-7.891944884161207,-7.919796557171092,-9.435749917245948,-9.476354453536704,0.00032994002088360504,0.00026570444064019145,1.0037503406005595,1.003259018608195,1.0037503406005595,1.003259018608195,5.40075618722485e-20,-2.5367581843674563e-21
3023,17,4.623022079467773,-8.346643362819282,-7.962481237735911,-9.57906537430499,-9.486625545613533,0.0003539311855115714,0.0002745271151273295,1.003805777124147,1.0033136944597905,1.0038057771241469,1.0033136944597902,0.0,-2.2830823659307107e-21
3024,17,4.546818256378174,-8.791566006033825,-8.045389714565703,-9.626331299853371,-9.500596121037516,0.0002319177929267723,0.0002702661829072738,1.00406279256275,1.0033886042700866,1.00406279256275,1.0033886042700864,0.0,-2.05477412933764e-21
3025,17,4.478292942047119,-7.903091998375972,-8.03115994294673,-9.795191443158187,-9.530055653249583,0.0003842092825596375,0.0002816604928725102,1.003839717850595,1.0034337156281374,1.003839717850595,1.0034337156281372,0.0,-1.849296716403876e-21
3026,17,4.469976425170898,-8.666487302657185,-8.094692678917776,-9.792897414730097,-9.556339829397636,0.00040835049322089835,0.000294329492907349,1.0037685784569756,1.0034672019110213,1.0037685784569759,1.0034672019110211,0.0,-1.6643670447634884e-21
3027,17,4.383358955383301,-9.70962734702155,-8.256186145728153,-9.753384118711566,-9.576044258329029,0.0002505090666281191,0.00028994745027942603,1.0040411813097412,1.0035245998508933,1.0040411813097412,1.003524599850893,-5.3991917496411633e-20,-6.897122089928303e-21
3028,17,4.480091094970703,-9.795701634695689,-8.410137694624906,-9.398754028015372,-9.558315235297663,0.00018728004741661405,0.0002796807099931448,1.0040331395237663,1.0035754538181805,1.0040331395237663,1.0035754538181805,-2.699617497186806e-20,-8.907027378122278e-21
3029,17,4.6338605880737305,-9.502963390804183,-8.519420264242834,-9.141407974652822,-9.51662450923318,0.00017650779687070604,0.000269363418680901,1.0040395003950147,1.0036218584758638,1.0040395003950144,1.0036218584758638,0.0,-8.016324640310051e-21
3030,17,4.521664619445801,-9.316493082002875,-8.599127546018838,-9.088971016309456,-9.473859159940808,0.00017579196021823225,0.00026000627283463413,1.0040797213109949,1.0036676447593769,1.0040797213109949,1.0036676447593769,0.0,-7.214692176279047e-21
3031,17,4.551219940185547,-8.745335680485478,-8.613748359465502,-9.289386361102572,-9.455411880056984,0.0002527525779673732,0.00025928090334790806,1.0042148957995436,1.0037223698633937,1.0042148957995436,1.0037223698633937,0.0,-6.493222958651142e-21
3032,17,4.53790283203125,-7.884843367844549,-8.540857860303408,-9.290094646595259,-9.43888015671081,0.0003601998616015465,0.0002693727991732719,1.0040709279968978,1.0037572256767442,1.0040709279968978,1.0037572256767442,0.0,-5.8439006627860276e-21
