frame,n_inliers,flow_err,raw_tx,smoothed_tx,raw_ty,smoothed_ty,raw_theta,smoothed_theta,raw_scale_x,smoothed_scale_x,raw_scale_y,smoothed_scale_y,raw_shear,smoothed_shear
0,17,0.0,0.0,0.0,0.0,0.0,0.0,0.0,1.0,1.0,1.0,1.0,0.0,0.0
1,17,2.1710150241851807,0.3825155791368715,0.11475467374106145,0.010860288070286885,0.003258086421086065,-3.160591796031889e-05,-9.481775388095666e-06,1.000049058466598,1.0000147175399794,1.000049058466598,1.0000147175399794,6.775931161241859e-21,2.0327793483725576e-21
2,17,1.9597060680389404,0.8448921543312821,0.3337959179181276,0.09638851872143146,0.031197216111189686,7.681557053416566e-05,1.6407428388582732e-05,0.9997817763366527,0.9999448351789814,0.9997817763366526,0.9999448351789813,0.0,1.4229455438607902e-21
3,17,3.433572769165039,0.4540584658227113,0.3698746822895027,0.7008065753866678,0.23208002389383312,-3.132383100226192e-05,2.0880505713293365e-06,0.9996993431328536,0.9998711875651429,0.9996993431328536,0.9998711875651429,6.77830152093426e-21,3.029552336982831e-21
4,17,3.690082550048828,0.5718112298271579,0.43045564655079926,1.0997882481760513,0.49239249117849854,-7.919848224035848e-05,-2.229790927217701e-05,0.999792679551005,0.9998476351609016,0.9997926795510051,0.9998476351609016,0.0,2.1206866358879817e-21
5,17,3.608490228652954,1.3409889492431561,0.7036156373585063,1.4311126890165449,0.7740085505299124,-1.5091990589640006e-05,-2.0136133667415906e-05,0.9996024089024651,0.9997740672833706,0.9996024089024651,0.9997740672833706,-1.6947397079291122e-21,9.760587327428533e-22
6,17,4.346938610076904,1.4337906530235476,0.9226681420580187,1.9651278851368705,1.1313443509119998,1.1873990315758815e-05,-1.0533096472463489e-05,0.9993584475515004,0.9996493813638094,0.9993584475515003,0.9996493813638094,-1.6951534243385678e-21,1.74695085618427e-22
7,17,4.348304271697998,0.748396924316399,0.8703867767355328,2.3373534392787207,1.493147077422016,-0.00011924178500697447,-4.314570303281678e-05,0.9994057167790215,0.9995762819883729,0.9994057167790215,0.9995762819883729,1.35605859847862e-20,4.190462355368759e-21
8,17,4.331691741943359,0.6189170744347041,0.7949458660452842,2.605729156281923,1.8269217010799879,-0.00021516759719980441,-9.475227128291306e-05,0.9995294450276692,0.9995622309001617,0.9995294450276692,0.9995622309001617,0.0,2.933323648758131e-21
9,17,4.259493350982666,2.5803764786763415,1.3305750498346014,2.602154350730622,2.0594914959751778,-9.267600991122214e-06,-6.91068701953758e-05,0.9992658847934516,0.9994733270681486,0.9992658847934516,0.9994733270681486,1.695310447688069e-21,2.561919688437112e-21
10,17,5.384688377380371,2.2567804233631685,1.6084366618931714,3.263083420906886,2.4205690734546903,3.905351298819245e-05,-3.6658755240305326e-05,0.9988083048924516,0.9992738204154394,0.9988083048924516,0.9992738204154394,-6.784348452893619e-21,-2.419607539621073e-22
11,17,4.847208499908447,0.631695235417417,1.3154142339504449,3.742001671007164,2.8169988527204324,-0.0002092852834120817,-8.844671369183824e-05,0.9991596949618565,0.9992395827793645,0.9991596949618565,0.9992395827793645,0.0,-1.6937252777347508e-22
12,17,5.200890064239502,1.5597883608093193,1.388726472008107,4.004074486978048,3.173121542997717,-0.00020355400859875877,-0.00012297890216391442,0.9992624710653321,0.9992464492651547,0.9992624710653321,0.9992464492651547,0.0,-1.1856076944143254e-22
13,17,5.1623406410217285,3.274924388808289,1.9545858470481616,4.404263964197743,3.542464269357725,2.5868104692323777e-05,-7.832480010704296e-05,0.9988011680128361,0.999112864889459,0.9988011680128361,0.999112864889459,3.392198465043904e-21,9.346670009041685e-22
14,17,5.714807987213135,3.107914552679435,2.3005844587375437,4.7879591003202195,3.916112718646473,3.853124393433174e-05,-4.326798689463054e-05,0.9985236205706933,0.9989360915938292,0.9985236205706933,0.9989360915938292,0.0,6.542669006329179e-22
15,17,5.272517681121826,1.2728818753893638,1.9922736837330897,5.178532107602745,4.294838535333354,-0.00020913545367750246,-9.302822692949212e-05,0.9987535462533726,0.9988813279916922,0.9987535462533728,0.9988813279916922,2.713888167287804e-20,8.599651332306454e-21
16,17,5.118502616882324,1.7693276747949302,1.9253898810516417,5.313193737379519,4.600345095947204,-0.0001852582003056518,-0.00012069721894234,0.9986084020427998,0.9987994502070243,0.9986084020427999,0.9987994502070244,2.714282621364916e-20,1.4162603796709265e-20
17,17,4.789087295532227,3.9839849798000344,2.5429684106761594,5.316386949653776,4.815157652059175,-2.53261896775688e-05,-9.208591016290865e-05,0.9983207925732825,0.9986558529169017,0.9983207925732825,0.9986558529169018,0.0,9.913822657696484e-21
18,17,5.055927276611328,4.405726214021351,3.1017957516797168,5.377298302182946,4.983799847096306,7.885962759350266e-05,-4.0802248835985244e-05,0.9980797246028382,0.9984830144226826,0.9980797246028383,0.9984830144226827,-1.357860181105443e-20,2.8660953170712104e-21
19,17,4.976902008056641,3.2078971276915795,3.1336261644832755,6.01070532141301,5.291871489391317,-6.439444180500752e-05,-4.787990672669192e-05,0.9977380286072706,0.998259518678059,0.9977380286072706,0.9982595186780591,0.0,2.0062667219498472e-21
20,17,5.030025482177734,2.7401964640926137,3.0155972543660767,6.255719612870158,5.581025926434969,-0.00023038265641113834,-0.00010263073163202584,0.9976862984294843,0.9980875526034865,0.9976862984294843,0.9980875526034866,0.0,1.4043867053648929e-21
21,17,5.233970642089844,3.4334490011625105,3.1409527784050066,6.239873054335643,5.778680064805171,-0.00027571434094215725,-0.00015455581442506527,0.9977807851700723,0.9979955223734621,0.9977807851700723,0.9979955223734622,0.0,9.830706937554249e-22
22,17,5.131918907165527,5.158385826009856,3.746182692686461,6.0037927251707845,5.846213862914855,-5.331245887728244e-05,-0.0001241828077607304,0.9974339077619998,0.9978270379900234,0.9974339077619998,0.9978270379900235,-6.793696830739089e-21,-1.3499595635929292e-21
23,17,5.353499412536621,5.665373250221119,4.321939859946858,6.22071340445158,5.958563725375872,-1.2396608575699893e-05,-9.064694800522124e-05,0.9970866547566479,0.9976049230200108,0.9970866547566478,0.9976049230200107,0.0,-9.449716945150504e-22
24,17,4.7457804679870605,4.510415401702023,4.378482522473408,6.3539416865354434,6.077177113723743,-0.00013804929375679767,-0.00010486765173069415,0.9969748306359103,0.9974158953047807,0.9969748306359104,0.9974158953047805,0.0,-6.614801861605353e-22
25,17,4.669661045074463,4.440310183395275,4.3970308207499675,6.492298360104541,6.201713487637982,-0.00023149694350006872,-0.00014285643926150652,0.9969585003651767,0.9972786768228995,0.9969585003651766,0.9972786768228992,0.0,-4.630361303123746e-22
26,17,5.005862712860107,5.281527000019152,4.662379674530722,6.5563978108647705,6.308118784606018,-0.00025364627052972997,-0.00017609338864197355,0.9968038744207169,0.9971362361022447,0.9968038744207169,0.9971362361022444,5.438392648280877e-20,1.5991052653623968e-20
27,17,5.169200420379639,5.453332727988462,4.899665590568044,6.671176439985406,6.417036081219834,-0.00030252209266964355,-0.00021402199985027457,0.9966554777241426,0.996992008588814,0.9966554777241426,0.9969920085888138,0.0,1.1193736857536777e-20
28,17,5.065989017486572,5.49829061228478,5.079253097083065,6.638459872875617,6.483463218716569,-0.0002793196436938691,-0.00023361129300335291,0.9966335402202164,0.9968844680782347,0.9966335402202164,0.9968844680782345,0.0,7.835615800275743e-21
29,17,4.7759575843811035,5.731922763667355,5.275053997058351,6.784484436965349,6.5737695841912025,-0.000288377640303781,-0.0002500411971934813,0.9964429274350788,0.9967520058852879,0.9964429274350789,0.9967520058852877,-5.4403626270715e-20,-1.0836156821021479e-20
30,17,4.669966697692871,5.942523183713664,5.4752947530549445,6.649641045333864,6.596531022534001,-0.00029918633929857584,-0.0002647847398250097,0.9964907031874557,0.9966736150759381,0.9964907031874557,0.9966736150759381,5.440101794314225e-20,8.734995608227641e-21
31,17,4.235307693481445,7.0455250459886605,5.946363840935058,6.442331525036377,6.550271173284713,-0.00025532623697191497,-0.00026194718896908127,0.9963272151600379,0.996569695101168,0.9963272151600379,0.996569695101168,5.440994464410727e-20,2.2437480318991528e-20
32,17,4.44401741027832,7.296361947886562,6.351363273020509,6.222588535838983,6.451966382050993,-0.00020627404886383743,-0.0002452452469375081,0.9961911189425972,0.9964561222535966,0.9961911189425973,0.9964561222535967,0.0,1.5706236223294068e-20
33,17,4.8411126136779785,6.848599030547501,6.500534000278606,6.114072220033048,6.350598133445609,-0.0002636226735949669,-0.00025075847493474573,0.9961469225242244,0.9963633623347848,0.9961469225242244,0.996363362334785,0.0,1.0994365356305847e-20
34,17,4.297983646392822,7.2397501610735455,6.722298848517087,5.775471766895348,6.17806022348053,-0.00019977141378786902,-0.0002354623565906827,0.9961923391491212,0.9963120553790857,0.9961923391491212,0.9963120553790857,0.0,7.696055749414093e-21
35,17,4.262827396392822,7.946310681637236,7.089502398453131,5.47979846238905,5.968581695153087,-0.00015853824324237276,-0.00021238512258618973,0.996045077876811,0.9962319621284033,0.9960450778768108,0.9962319621284033,2.721267833571877e-20,1.3551042525305495e-20
36,17,4.892332077026367,7.625142314043298,7.2501943731301814,5.388492615013877,5.794554971111323,-0.0001584416635292059,-0.00019620208486909456,0.9958095888822668,0.9961052501545623,0.9958095888822668,0.9961052501545623,0.0,9.485729767713845e-21
37,17,4.498280048370361,5.893521691727954,6.8431925687095125,5.290881890787122,5.643453047014062,-0.0003571579724856953,-0.0002444888511540748,0.9959817541641024,0.9960682013574242,0.9959817541641024,0.9960682013574242,5.442881699150417e-20,2.296865593485094e-20
38,17,4.313297271728516,6.005266029433423,6.591814606926686,4.908301103385067,5.422907463925363,-0.0003289371215573996,-0.00026982333227507224,0.9961035166039285,0.9960787959313755,0.9961035166039284,0.9960787959313755,-5.442216368143824e-20,-2.4858995003581293e-22
39,17,4.677402496337891,7.002910319162648,6.715143320597473,4.322939158582218,5.09291697232242,-0.00015829985888082953,-0.0002363662902567994,0.9960294559954187,0.9960639939505884,0.9960294559954187,0.9960639939505884,0.0,-1.7401296502506904e-22
40,17,4.609192371368408,6.925658175255315,6.778297776994824,4.252798742757332,4.840881503452893,-0.0001574625388080196,-0.00021269516482216546,0.996036835924481,0.9960558465427561,0.9960368359244809,0.9960558465427561,0.0,-1.2180907551754832e-22
41,17,4.546294212341309,6.864885643111889,6.804274136829943,4.15568357895123,4.635322126102394,-0.00014793385424176356,-0.00019326677164804488,0.9960673077140252,0.9960592848941368,0.9960673077140252,0.9960592848941368,2.721207101389937e-20,8.078354951307527e-21
42,17,4.7322163581848145,7.085320055323346,6.888587912377964,3.8487176359669344,4.399340779061756,-9.891799775425887e-05,-0.00016496213947990906,0.9961522321550573,0.9960871690724129,0.9961522321550573,0.9960871690724129,0.0,5.654848465915269e-21
43,17,4.6823883056640625,7.0866492125754545,6.948006302437211,3.8185678092237896,4.225108888110366,-9.341648534141855e-05,-0.0001434984432383619,0.9961532461652334,0.996106992200259,0.9961532461652335,0.996106992200259,1.3604861710023304e-20,8.039852439147679e-21
44,17,4.327754974365234,6.7228007710616025,6.8804446430245285,3.7962981527750346,4.096465667509767,-8.094453170850633e-05,-0.00012473226977940523,0.9960805688280068,0.9960990651885833,0.9960805688280068,0.9960990651885833,-1.360585436579169e-20,1.5461403976658676e-21
45,17,4.573183059692383,6.126277321337976,6.654194446518562,3.7412678824912455,3.9899063320042103,-9.942776053670896e-05,-0.00011714091700659634,0.996151269667423,0.9961147265322352,0.996151269667423,0.9961147265322352,-1.360488870389482e-20,-2.9991683328023378e-21
46,17,4.700836181640625,6.041400478427272,6.470356256091175,3.6326545193939292,3.8827307882211257,-4.220264024952616e-05,-9.465943397947527e-05,0.996220929360771,0.996146587380796,0.9962209293607711,0.996146587380796,0.0,-2.0994178329616362e-21
47,17,4.4841156005859375,5.993860517156169,6.327407534410673,3.66912860939988,3.818650134574752,2.5428508372737347e-05,-5.8633051273811476e-05,0.9962838316863598,0.9961877606724651,0.9962838316863598,0.9961877606724651,-3.400769621325963e-21,-2.4898233694709342e-21
48,17,4.252810478210449,5.641786161774289,6.121721122619757,3.7259362707621646,3.7908359754309755,4.47726965546815e-05,-2.7611326925263578e-05,0.9964116573846399,0.9962549296861174,0.9964116573846399,0.9962549296861174,0.0,-1.7428763586296538e-21
49,17,4.972148895263672,4.5131053473419325,5.639136390036409,4.335592471313628,3.9542629241957714,-1.9817332538425758e-05,-2.5273128609212232e-05,0.9964336025827844,0.9963085315551174,0.9964336025827844,0.9963085315551174,-3.4002584620139934e-21,-2.2400909896449555e-21
50,17,4.625061511993408,3.9686912984213008,5.138002862551876,4.530297648196839,4.127073341396091,-2.5819492047322637e-05,-2.543703764064535e-05,0.9966353734350201,0.9964065841190882,0.9966353734350202,0.9964065841190882,0.0,-1.5680636927514688e-21
51,17,4.774954795837402,3.81061449317978,4.739786351740247,4.869678939585323,4.349855020852861,-3.6863857211041735e-05,-2.8865083511764265e-05,0.9966139770796848,0.9964688020072672,0.9966139770796847,0.9964688020072672,0.0,-1.0976445849260281e-21
52,17,5.2352824211120605,2.713389914309249,4.131867420510948,5.23733083194258,4.616097764179776,-0.00013898523322637145,-6.190112842614643e-05,0.9966945412423759,0.9965365237777998,0.9966945412423759,0.9965365237777998,2.719494608483685e-20,7.390132616002834e-21
53,17,5.417547225952148,2.9231970972514483,3.7692663235330977,5.097410896926571,4.760491704003814,-6.991947347195502e-05,-6.4306631939889e-05,0.997014677250823,0.9966799698197067,0.9970146772508232,0.9966799698197069,0.0,5.173092831201983e-21
54,17,5.438435077667236,4.435072919917895,3.9690083024485365,4.998374390865991,4.831856510062467,0.00013647302690650943,-4.072734285969469e-06,0.9969237578118764,0.9967531062173576,0.9969237578118764,0.9967531062173576,0.0,3.621164981841388e-21
55,17,5.165380001068115,3.7910385403605824,3.9156173738221502,5.270447656546481,4.963433854007671,6.459005491108186e-05,1.652610247314593e-05,0.9968703430570899,0.9967882772692772,0.9968703430570898,0.9967882772692771,0.0,2.534815487288971e-21
56,17,5.182432651519775,2.8388838448018747,3.592597315116067,5.569216270899792,5.145168579075307,-3.027164566032487e-05,2.4867780331046898e-06,0.9969598761904774,0.9968397569456372,0.9969598761904775,0.9968397569456372,3.39846353893772e-21,2.7939099027835957e-21
57,17,5.240403652191162,2.7187553556150355,3.3304447272657574,5.598102359015802,5.281048713057455,-9.783385708673296e-05,-2.7609412502846604e-05,0.9971524693530094,0.9969335706678488,0.9971524693530094,0.9969335706678488,0.0,1.955736931948517e-21
58,17,4.776041507720947,4.314148858352387,3.625555966591746,5.591486161411464,5.374179947563658,1.2944931134261085e-05,-1.5443109411714295e-05,0.9970506572093693,0.9969686966303049,0.9970506572093693,0.9969686966303049,0.0,1.3690158523639618e-21
59,17,5.004016876220703,4.321484370272181,3.8343344876958767,5.662176205602357,5.460578824975267,-5.134174248526349e-06,-1.235042886275791e-05,0.9969450527858943,0.9969616034769817,0.9969450527858943,0.9969616034769817,0.0,9.583110966547732e-22
60,17,4.642984390258789,3.4330443894647935,3.713947458226552,5.49320247196364,5.470365919071779,-0.0001322355629335676,-4.831596908400082e-05,0.997013407699045,0.9969771447436007,0.997013407699045,0.9969771447436007,2.718624855275712e-20,8.826692333485478e-21
61,17,4.468438148498535,4.096758200046501,3.8287906807725367,5.131424075453413,5.368683365986269,-0.0001246912865202682,-7.122856431488103e-05,0.997117417420963,0.9970192265468093,0.997117417420963,0.9970192265468093,0.0,6.178684633439834e-21
62,17,4.754671573638916,4.807098494712288,4.122283024954462,4.927063864850324,5.236197515645485,-7.92667246978826e-05,-7.36400124297815e-05,0.9970446129916342,0.9970268424802566,0.997044612991634,0.9970268424802566,-1.3592698841634002e-20,2.4726959091768314e-22
63,17,4.637073993682861,4.650516264279753,4.2807529967520495,4.810910385994198,5.108611376750099,-9.763299374241352e-05,-8.08379068235711e-05,0.9970574899914834,0.9970360367336246,0.9970574899914834,0.9970360367336246,0.0,1.730887136423782e-22
64,17,4.505772590637207,4.184865881398691,4.251986862146042,4.822581256609484,5.022802340707915,-0.00013231634058902318,-9.628143695320671e-05,0.9969831347031626,0.997020166124486,0.9969831347031625,0.997020166124486,0.0,1.2116209954966473e-22
65,17,4.407896995544434,4.138359100562967,4.21789853367112,4.804041643011238,4.9571741313989115,-0.0001389266385003584,-0.00010907499741735221,0.9970113488739171,0.9970175209493153,0.997011348873917,0.9970175209493153,0.0,8.481346968476531e-23
66,17,4.862151622772217,4.939565571156733,4.434398644916803,4.664403530863178,4.869342951238192,-0.00018434791592332995,-0.00013165687296914553,0.997263488322215,0.9970913111611851,0.997263488322215,0.9970913111611851,0.0,5.936942877933572e-23
67,17,4.6772284507751465,6.290203758336014,4.991140178942566,4.386599498359612,4.724519915374618,-3.0427681001795816e-05,-0.00010128811537894061,0.9973220162914505,0.9971605227002647,0.9973220162914505,0.9971605227002647,-3.3972295143107294e-21,-9.776102541476838e-22
68,17,4.188532829284668,6.684545177696574,5.499161678568768,4.356720873380745,4.614180202776455,1.466910854904195e-05,-6.650094820054583e-05,0.9972547805609852,0.9971888000584808,0.997254780560985,0.9971888000584808,-1.69872927914734e-21,-1.1939459616475805e-21
69,17,4.086827278137207,5.6400193710058195,5.541418986299883,4.33674540811801,4.530949764378922,-3.7533236535513494e-05,-5.781063470103613e-05,0.9972868283377592,0.9972182085422643,0.9972868283377592,0.9972182085422643,0.0,-8.357621731533063e-22
70,17,4.122607231140137,5.371121428642294,5.490329719002606,4.012492314332664,4.375412529365044,-4.4194799039548324e-05,-5.372588400258978e-05,0.9974628250699571,0.9972915935005722,0.9974628250699571,0.9972915935005722,0.0,-5.850335212073143e-22
71,17,4.474360466003418,5.564434247210837,5.512561077465075,3.828095376191327,4.2112173834129285,-4.2242867919842996e-05,-5.0280979177765745e-05,0.9975401720050536,0.9973661670519166,0.9975401720050536,0.9973661670519166,0.0,-4.0952346484512e-22
72,17,4.154524803161621,5.133832330214164,5.398942453289802,3.701748369633728,4.058376679279168,-6.374565317634123e-05,-5.432038137733838e-05,0.9975801958748197,0.9974303756987875,0.9975801958748197,0.9974303756987875,0.0,-2.86666425391584e-22
73,17,4.097202777862549,4.333586947313078,5.079335801496785,3.6148726335686083,3.925325465566,-0.00013573864706710372,-7.874586108426798e-05,0.9977078421397659,0.997513615631081,0.9977078421397659,0.997513615631081,0.0,-2.0066649777410879e-22
74,17,4.216620445251465,4.632401918869535,4.945255636708609,3.4721657630787295,3.7893775548198185,-0.00019668443575547305,-0.0001141274334856295,0.9979439151176207,0.9976427054770428,0.9979439151176207,0.9976427054770428,0.0,-1.4046654844187614e-22
75,17,4.1628851890563965,5.990399336259816,5.25879874657397,3.1783132926941025,3.6060582761821034,-3.686598735153701e-05,-9.094899964540174e-05,0.9979821725101288,0.9977445455869687,0.9979821725101288,0.9977445455869687,0.0,-9.832658390931329e-23
76,17,4.125026702880859,5.949343648168585,5.465962217052354,3.0255520073634097,3.4319063955364952,2.1427916432232415e-05,-5.72359248221115e-05,0.9979848835814802,0.997816646985322,0.9979848835814802,0.997816646985322,0.0,-6.88286087365193e-23
77,17,4.4532999992370605,4.967912131635437,5.316547191427279,2.973234081123831,3.2943047012126954,-1.9491823652120127e-05,-4.591269447111409e-05,0.9981616972519063,0.9979201620652972,0.9981616972519062,0.9979201620652972,-3.3943716717895035e-21,-1.0664915276524146e-21
78,17,4.395593643188477,3.992850575082924,4.919438206523973,3.2587663161661546,3.2836431856987325,-0.0001499963377479135,-7.71377874541539e-05,0.998254015478588,0.9980203180892844,0.998254015478588,0.9980203180892844,0.0,-7.465440693566902e-22
79,17,4.413681507110596,3.474241640008551,4.485879236569346,3.2411550340288278,3.270896740197761,-0.00018886193595348406,-0.00011065503200395294,0.9983877401220522,0.9981305446991147,0.9983877401220521,0.9981305446991147,-2.7148825273860074e-20,-8.667228430707705e-21
80,17,4.214783191680908,3.588416071351622,4.2166402870040285,3.1504798856173752,3.234771683823645,-0.00022533399327054958,-0.00014505872038393192,0.9985252824698856,0.998248966030346,0.9985252824698857,0.998248966030346,2.714508564579592e-20,2.0764657922433834e-21
81,17,4.203968048095703,3.7747866963083894,4.0840842097953365,3.061552900339128,3.18280604877829,-0.00018762067493755295,-0.00015782730675001821,0.9985406191437288,0.9983364619643608,0.9985406191437288,0.9983364619643608,0.0,1.4535260545703684e-21
82,17,4.10391092300415,3.6855325942219106,3.9645187251233085,3.004578201187258,3.12933769450098,-0.00017021775505161827,-0.00016154444124049822,0.9985839000926644,0.9984106934028518,0.9985839000926643,0.9984106934028518,-2.7143492208939456e-20,-7.12557942448258e-21
83,17,4.09978723526001,3.5744536199431436,3.847499193569259,2.8726248966200134,3.05232385513669,-0.00019050624505596538,-0.00017023298238513836,0.9987275790915341,0.9985057591094564,0.9987275790915341,0.9985057591094564,-2.713958729045312e-20,-1.312978178427374e-20
84,17,4.0946431159973145,3.779590380262316,3.8271265495771756,2.6128715449535473,2.920488162081747,-7.57109265533187e-05,-0.00014187636563559245,0.9987072678105566,0.9985662117197864,0.9987072678105566,0.9985662117197864,0.0,-9.190847248991618e-21
85,17,4.242884635925293,3.4401908237728405,3.711045831835875,2.571446731689717,2.8157757329641377,-0.00011741145377553108,-0.00013453689207757402,0.9987140193152313,0.9986105539984198,0.9987140193152313,0.9986105539984198,0.0,-6.4335930742941324e-21
86,17,4.1768951416015625,3.299915390760068,3.587706699513133,2.4018267494111036,2.6915910378982275,-0.00012047454369772872,-0.00013031818756362043,0.9987648946935203,0.9986568562069499,0.9987648946935203,0.9986568562069499,0.0,-4.503515152005892e-21
87,17,4.392544746398926,3.735931126473517,3.632174027601248,2.1496442865631065,2.529007012497691,-9.354947476470264e-05,-0.0001192875737239451,0.9988842717797479,0.9987250808787892,0.9988842717797479,0.9987250808787892,0.0,-3.1524606064041245e-21
88,17,4.523537635803223,5.2444187208821615,4.115847435585522,1.6695118850442408,2.2711584742616555,9.844401417247655e-05,-5.39680973550186e-05,0.9988329410671928,0.9987574389353102,0.9988329410671928,0.9987574389353102,-1.3568362234418047e-20,-6.2772310948083016e-21
89,17,4.471468448638916,5.899496540171381,4.650942166961279,1.426608977870548,2.017793625344323,0.00018155287000213576,1.6688192852127707e-05,0.9987621089980913,0.9987588399541445,0.9987621089980913,0.9987588399541445,0.0,-4.394061766365811e-21
90,17,4.093755722045898,5.261513942906712,4.834113699744909,1.5586843777911399,1.880060851078368,0.00011044983612789751,4.4816685834858644e-05,0.998663237190684,0.9987301591251063,0.9986632371906838,0.9987301591251062,1.3570667920242164e-20,9.953571396165816e-22
91,17,3.962902784347534,4.254137320636371,4.660120786012348,1.6181784837793352,1.801496140888658,1.4110566430752289e-05,3.560485001362673e-05,0.9987672262134287,0.998741279251603,0.9987672262134286,0.9987412792516028,0.0,6.967499977316071e-22
92,17,4.152162551879883,4.656773432534309,4.659116579968936,1.7473277709677362,1.7852456299123816,-3.031762331894172e-05,1.5828108013856196e-05,0.9988307273284036,0.9987681136746431,0.9988307273284035,0.9987681136746429,-3.392098076597542e-21,-5.299044245671377e-22
93,17,4.4375,5.5894051421063455,4.9382031486101585,1.723781875169041,1.7668065034893794,9.603787860864314e-05,3.9891039192292276e-05,0.9987526444251449,0.9987634728997936,0.9987526444251449,0.9987634728997935,0.0,-3.7093309719699637e-22
94,17,4.536416530609131,5.702214195898686,5.167406462796717,1.7825646506857904,1.7715339476483025,0.0001568327268355268,7.497354548526263e-05,0.9985835465718452,0.998709495001409,0.9985835465718453,0.998709495001409,0.0,-2.5965316803789743e-22
95,17,3.9978322982788086,4.2890406307171585,4.903896713172849,1.9515194812674954,1.8255296077340604,-5.3533630884505936e-05,3.642139257433206e-05,0.9985858677819658,0.9986724068355759,0.9985858677819658,0.9986724068355759,6.785859680836133e-21,1.8540006866243115e-21
96,17,4.536286354064941,4.517330632070875,4.787926888842257,1.7738614006859676,1.8100291456196325,-8.890229812416224e-05,-1.1757146352162292e-06,0.9986794905171034,0.9986745319400341,0.9986794905171033,0.9986745319400341,0.0,1.297800480637018e-21
97,17,4.319594383239746,5.957351752409349,5.138754347912385,1.7322497200700326,1.7866953179547522,4.4266418415151355e-05,1.2456925279894046e-05,0.9984697213322847,0.9986130887577092,0.9984697213322847,0.9986130887577092,0.0,9.084603364459126e-22
98,17,4.331146240234375,5.393304687856664,5.215119449895669,1.7740089829222379,1.7828894174449978,6.73781494751555e-05,2.893329253847248e-05,0.9983867463490895,0.9985451860351232,0.9983867463490895,0.9985451860351232,0.0,6.359222355121388e-22
99,17,4.253022193908691,4.954113884637947,5.136817780318352,1.8194554921505888,1.793859239856675,2.7360121875826074e-05,2.8461341339678555e-05,0.9983985582123546,0.9985011976882926,0.9983985582123546,0.9985011976882926,0.0,4.451455648584971e-22
100,17,4.340184688568115,5.157452336564314,5.14300814719214,1.7864259512522838,1.7916292532753575,-2.4647324596476698e-05,1.2528741558831977e-05,0.9983539158222079,0.9984570131284671,0.998353915822208,0.9984570131284672,0.0,3.1160189540094797e-22
101,17,4.617699146270752,5.782009639409896,5.334708594857466,1.6473760102151502,1.7483532803572954,6.333082107924656e-05,2.776936541495635e-05,0.9982709735247617,0.9984012012473555,0.9982709735247617,0.9984012012473555,0.0,2.1812132678066356e-22
102,17,4.698006629943848,5.371958453566431,5.345883552470156,1.7249739187022444,1.7413394718607802,9.309116663056599e-05,4.7365905779639245e-05,0.9980787037389884,0.9983044519948454,0.9980787037389885,0.9983044519948454,0.0,1.526849287464645e-22
103,17,4.458156585693359,4.321841107867101,5.038670819089239,1.8302014397715614,1.7679980622340143,9.064378547098146e-06,3.5875447609876916e-05,0.9981471364280167,0.9982572573247968,0.9981471364280168,0.9982572573247968,1.697210594192564e-21,6.160426283802943e-22
104,17,4.892230987548828,4.936180341711263,5.007923675875846,2.043848518009047,1.850753198966524,-2.5035963313629813e-05,1.7602024332824897e-05,0.9981682858753119,0.9982305658899513,0.9981682858753119,0.9982305658899513,0.0,4.31229839866206e-22
105,17,4.5079169273376465,6.084396477468573,5.330865516353664,2.0368222860920144,1.906573925104171,0.00010986691432264003,4.5281491329769434e-05,0.9981425094713694,0.9982041489643767,0.9981425094713694,0.9982041489643767,-1.3577747693810194e-20,-3.771463420236714e-21
106,17,4.283196926116943,6.631769338819716,5.721136663093479,2.0851645302128783,1.960151106636783,0.0002695503493262945,0.00011256214872872694,0.9980926369354035,0.9981706953556848,0.9980926369354036,0.9981706953556848,0.0,-2.6400243941656995e-21
107,17,4.461711406707764,5.952500947610503,5.790545948448586,2.897762834632066,2.2414346250353674,0.00014311531965488318,0.0001217281000065738,0.9979766586843393,0.998112484354281,0.9979766586843392,0.998112484354281,0.0,-1.8480170759159895e-21
108,17,3.956582546234131,4.667908731297633,5.4537547833033,3.5366593250239515,2.6300020350319424,-6.748364652372394e-06,8.318516060888994e-05,0.9980105001213766,0.9980818890844096,0.9980105001213766,0.9980818890844096,0.0,-1.2936119531411926e-21
109,17,4.36263370513916,4.632986382747329,5.207524263136508,3.8552986872390136,2.9975910306940636,8.16680278899035e-06,6.067965326292006e-05,0.998047216069544,0.9980714871799499,0.9980472160695442,0.99807148717995,1.6973805118961003e-21,-3.963142136300047e-22
110,17,4.278177738189697,5.001643416508324,5.145760009148053,4.219155201926853,3.3640602820639005,6.66508681350435e-05,6.24710177245571e-05,0.9979728832406575,0.998041905998162,0.9979728832406575,0.9980419059981622,1.3580055514194432e-20,3.7965967047173265e-21
111,17,4.609264850616455,4.472862430667527,4.943890735603895,4.7827199096574935,3.789658170341978,7.954908068476082e-06,4.611618482773279e-05,0.9978759694909364,0.9979921250459942,0.9978759694909364,0.9979921250459944,0.0,2.6576176933021285e-21
112,17,4.823181629180908,2.6953913322516807,4.26934091459823,5.374529296014271,4.265119508043665,-0.00017134212929067742,-1.9121309407790278e-05,0.9979619598263552,0.9979830754801025,0.997961959826355,0.9979830754801027,-2.716040831541703e-20,-6.287790109313618e-21
113,17,5.09850549697876,2.350681011125572,3.6937429435564324,5.499881484802624,4.635548101071352,-0.0001727155176912086,-6.519957189281577e-05,0.9980298921321776,0.997997120475725,0.9980298921321777,0.9979971204757251,2.715855960409235e-20,3.746114804708173e-21
114,17,4.526220798492432,3.715156302313429,3.700166951183531,5.328513680386163,4.843437774865795,3.1064614436064385e-05,-3.632031599415172e-05,0.9980642060143221,0.998017246137304,0.9980642060143221,0.9980172461373042,-6.789406470245826e-21,5.854584222219728e-22
115,17,4.786879539489746,3.6011931421220726,3.6704748084650936,5.3929907735776865,5.008303674479363,8.309633600352659e-05,-4.953203948482266e-07,0.9980065235371728,0.9980140293572646,0.9980065235371729,0.9980140293572648,0.0,4.0982089555538096e-22
116,17,4.778491497039795,2.512070053052175,3.322953381841218,5.625985537556493,5.193608233402502,-8.017197745536906e-06,-2.7518836000548302e-06,0.9980065755095642,0.9980117932029544,0.9980065755095642,0.9980117932029546,0.0,2.8687462688876664e-22
117,17,4.624577045440674,2.4644195178009713,3.065393222629144,5.661818233213238,5.334071233345723,-5.951468495033696e-05,-1.9780724005139468e-05,0.9980857356036782,0.9980339759231716,0.9980857356036782,0.9980339759231716,-6.789260016761862e-21,-1.835965766206422e-21
118,17,4.719329833984375,3.5429587294989013,3.208662874690071,5.634575367764845,5.424222473671459,-8.249603032723447e-06,-1.632138771341466e-05,0.9980530729954832,0.998039705044865,0.9980530729954832,0.998039705044865,-1.6973705510711527e-21,-1.794387201665841e-21
119,17,4.743741035461426,3.4650713165789306,3.2855854072567285,5.590726740154982,5.474173753616515,1.4766443020102192e-05,-6.995038493359603e-06,0.99803791813658,0.9980391689723795,0.9980379181365802,0.9980391689723795,-1.6973963250530227e-21,-1.7652899386819956e-21
120,17,4.178023815155029,3.096541892835243,3.2288723529302823,5.5381541115241895,5.493367860988817,5.83250763930047e-05,1.2600995972549687e-05,0.9979871614100192,0.9980235667036714,0.9979871614100192,0.9980235667036714,0.0,-1.2357029570773967e-21
121,17,4.0842180252075195,2.810394314872173,3.1033289415128493,5.668201409336907,5.545817925493244,-2.2734485407591488e-05,2.000351558507334e-06,0.9980446156459253,0.9980298813863475,0.9980446156459253,0.9980298813863475,0.0,-8.649920699541776e-22
122,17,5.011272430419922,2.9818516624575806,3.0668857577962685,5.753344725690928,5.608075965552549,-3.200900765161295e-05,-8.20245620452875e-06,0.9981489589947675,0.9980656046688735,0.9981489589947675,0.9980656046688735,0.0,-6.054944489679243e-22
123,17,5.129667282104492,3.225975216916947,3.1146125955324715,5.771417675908399,5.6570784786593045,3.2298481218382174e-05,3.947825022344527e-06,0.998092748367194,0.9980737477783697,0.9980927483671939,0.9980737477783695,0.0,-4.238461142775469e-22
124,17,5.070079803466797,3.029936188847691,3.089209673527037,5.780488612509645,5.694101518814406,3.537411901732934e-05,1.3375713220839972e-05,0.9980996165873349,0.9980815084210592,0.9980996165873349,0.9980815084210591,6.789165595718342e-21,1.7400573987212196e-21
125,17,4.948637962341309,2.994909801278765,3.0609197118525553,5.746563997543983,5.7098402624332785,2.9791645789905275e-05,1.830049299155956e-05,0.9981119520604257,0.9980906415128692,0.9981119520604257,0.9980906415128691,0.0,1.2180401791048536e-21
126,17,4.881381034851074,3.031667077315463,3.0521439214914277,5.627440352209308,5.685120289366087,5.25400298470708e-05,2.857235404821293e-05,0.9981426563290126,0.9981062459577121,0.9981426563290126,0.9981062459577121,-6.788872848051871e-21,-1.1840337290421638e-21
127,17,5.0418009757995605,3.016788126183986,3.041537182899195,5.688381653963525,5.686098698745318,5.2484600718981395e-05,3.574602804944347e-05,0.99814995759335,0.9981193594484035,0.99814995759335,0.9981193594484035,0.0,-8.288236103295146e-22
128,17,5.312724590301514,2.1060558881981803,2.76089279448889,6.133966073826817,5.8204589112697676,-7.693695733400537e-06,2.2714110914590266e-05,0.9981342392538375,0.9981238233900336,0.9981342392538375,0.9981238233900336,0.0,-5.801765272306602e-22
129,17,4.915846824645996,1.8104358288717965,2.475755704803762,6.403199108817994,5.995280970534235,-4.5646265841310557e-05,2.205997887820017e-06,0.9982032718901227,0.9981476579400603,0.9982032718901228,0.9981476579400603,0.0,-4.061235690614621e-22
130,17,4.914174556732178,1.6830668680213448,2.2379490537690367,6.539784709565548,6.158632092243629,-7.415348153306565e-05,-2.070184593844568e-05,0.9982283992027613,0.9981718803188706,0.9982283992027613,0.9981718803188706,1.357657943501966e-20,3.788687332162874e-21
131,17,5.783832550048828,0.9622750331741118,1.8552468475905592,7.061831571624898,6.429591936058009,-0.00016269420958408938,-6.329955503213878e-05,0.9982069956569999,0.9981824149203093,0.9982069956569999,0.9981824149203093,-2.71537410878368e-20,-5.4940411938370286e-21
132,17,5.711566925048828,0.8714028513513296,1.5600936487187904,7.293020129541213,6.68862039410297,-0.000211817747945653,-0.00010785501290619303,0.998213837280169,0.9981918416282671,0.998213837280169,0.9981918416282671,2.715355497975333e-20,4.300237658240079e-21
133,17,5.066750526428223,0.8597093958497553,1.3499783728580796,7.490575047190498,6.9292067900292285,-0.0002040860789711483,-0.0001367243327256796,0.998300015045408,0.9982242936534094,0.998300015045408,0.9982242936534094,2.715121096227243e-20,1.1155529649449783e-20
134,16,5.400960922241211,2.224927749638446,1.6124631858921896,7.228022631186162,7.018851542376309,0.00012423174539692388,-5.8437509288898546e-05,0.9984353693270687,0.9982876163555071,0.9984353693270687,0.9982876163555071,-2.714753017053676e-20,-3.353882965461801e-22
135,16,5.3754496574401855,2.283473739933863,1.8137663521046914,7.499733476260833,7.163116122541665,0.00012884851248979006,-2.2517027552919637e-06,0.9983615745412002,0.998309803811215,0.9983615745412002,0.998309803811215,-2.7149536804432616e-20,-8.379632848912111e-21
136,16,5.2664408683776855,1.308672499132008,1.6622381962128863,7.890073795167092,7.381203424329293,4.655489883711047e-05,1.2390277722428766e-05,0.998326357664542,0.998314769967213,0.998326357664542,0.998314769967213,0.0,-5.865742994238478e-21
137,16,5.007953643798828,1.0263290527296947,1.4714654531679288,8.012073643949513,7.570464490215358,-7.159502861340142e-06,6.5253435472980935e-06,0.9984076344682139,0.9983426293175133,0.9984076344682139,0.9983426293175133,0.0,-4.106020095966934e-21
138,16,5.032301902770996,1.9816423285714198,1.624518515788976,7.908234279929621,7.671795427129636,3.099035128875159e-05,1.3864845869734141e-05,0.9984374032991261,0.9983710615119971,0.9984374032991261,0.9983710615119971,0.0,-2.874214067176854e-21
139,16,5.018395900726318,3.35560209259499,2.14384358883078,7.719676498452525,7.686159748526503,0.00015566063442244642,5.6403582435547825e-05,0.9983718154966671,0.998371287707398,0.998371815496667,0.998371287707398,0.0,-2.0119498470237975e-21
140,16,4.922486305236816,3.595595678298448,2.5793692156710804,7.589364400970546,7.657121144259715,0.00024003737786567087,0.00011149372106458473,0.9983357984526051,0.9983606409309602,0.9983357984526052,0.9983606409309602,0.0,-1.4083648929166582e-21
141,16,5.443111896514893,2.945323427247237,2.689155479143927,7.582685329704439,7.634790399893133,0.0002401515560580028,0.00015009107156261015,0.9983372557939838,0.9983536253898673,0.9983372557939838,0.9983536253898673,0.0,-9.858554250416607e-22
142,16,5.265634059906006,2.6072459200154596,2.664582611405387,7.597473857457666,7.623595437162492,0.00018308702383202939,0.00015998985724343593,0.9983808323074461,0.9983617874651409,0.998380832307446,0.9983617874651409,0.0,-6.900987975291624e-22
143,16,5.320181846618652,2.7011699335862804,2.675558808059655,7.606550007699165,7.6184818083234935,0.0001673154905285705,0.0001621875472289763,0.9984015781504754,0.9983737246707411,0.9984015781504753,0.9983737246707411,0.0,-4.8306915827041365e-22
144,16,5.281170845031738,2.8037242490273497,2.714008440349963,7.642673548566454,7.625739330396382,0.00016563714435566403,0.0001632224263669826,0.9983596463021834,0.9983695011601738,0.9983596463021835,0.9983695011601739,2.7149589241243683e-20,7.806728361583815e-21
145,16,5.476840972900391,2.84607443859042,2.7536282398221,7.771179646209913,7.669371425140441,9.206016742135885e-05,0.00014187374868329547,0.9982741062951671,0.9983408827006717,0.9982741062951671,0.9983408827006717,0.0,5.46470985310867e-21
146,16,5.233505725860596,2.666583893949215,2.727514936060234,7.706692828223379,7.680567846065322,9.178184481700439e-05,0.00012684617752340815,0.9982261811680483,0.9983064722408845,0.9982261811680482,0.9983064722408845,1.3576609601854634e-20,7.89827977773246e-21
147,16,5.177746772766113,2.6165910919613635,2.6942377828305726,7.6708243899635,7.677644809234775,6.465810320569039e-05,0.00010818975522809282,0.9982273135322899,0.998282724628306,0.9982273135322899,0.998282724628306,0.0,5.528795844412721e-21
148,16,5.538660049438477,3.010443014365214,2.7890993522909646,7.621213171182408,7.660715317819065,0.00010647373222893663,0.00010767494832834596,0.9981856984849681,0.9982536167853046,0.9981856984849681,0.9982536167853046,0.0,3.870157091088905e-21
149,16,5.452446937561035,3.008460758933913,2.854907774283849,7.65005554313769,7.657517385414652,0.00015197807333040025,0.00012096588582896224,0.9980738129406219,0.9981996756318997,0.9980738129406219,0.9981996756318997,0.0,2.7091099637622333e-21
150,16,6.070231914520264,1.4433085673717505,2.431428012210219,7.901074364018199,7.730584478995716,3.4999189919168386e-05,9.517587705602408e-05,0.9980903207221659,0.9981668691589796,0.9980903207221659,0.9981668691589796,0.0,1.8963769746335632e-21
151,16,5.819169998168945,2.40255586210416,2.422766367178401,7.890562673134759,7.778577937237428,7.755980076451207e-05,8.989105416857046e-05,0.9981064307391789,0.9981487376330394,0.9981064307391789,0.9981487376330394,0.0,1.3274638822434941e-21
152,16,5.643346309661865,3.5204989454183173,2.752086140650376,7.9312103772576545,7.824367669243495,0.00016994249932971326,0.0001139064877169133,0.9980931653440941,0.9981320659463557,0.9980931653440941,0.9981320659463557,0.0,9.292247175704459e-22
153,16,5.284104347229004,3.6795031841244343,3.0303112536925934,8.117310734105121,7.912250588701983,0.0002121795746280071,0.00014338841379024143,0.9979443264531667,0.9980757440983989,0.9979443264531666,0.9980757440983989,0.0,6.504573022993121e-22
154,16,4.818741321563721,2.436601415280152,2.8521983021688606,8.556411491270309,8.105498859472481,7.892526004191223e-05,0.00012404946766574266,0.9978882675858786,0.9980195011446429,0.9978882675858785,0.9980195011446428,0.0,4.553201116095184e-22
155,16,4.887417793273926,2.356666247942391,2.7035386859009196,8.821364334843883,8.320258502083902,-2.053987499605855e-05,8.067266486720228e-05,0.997926124923674,0.9979914882783522,0.997926124923674,0.9979914882783522,0.0,3.187240781266629e-22
156,16,5.462187767028809,4.203462519121143,3.153515835866987,8.884086941342588,8.489407033861507,0.00010244816905105207,8.720531612235722e-05,0.9978726260539944,0.9979558296110449,0.9978726260539944,0.9979558296110449,0.0,2.23106854688664e-22
157,16,5.741848945617676,5.003422222928122,3.708487751985327,9.040214435548709,8.654649254367667,0.00016697530784634182,0.0001111363136395526,0.9977863830449022,0.997904995641202,0.9977863830449022,0.997904995641202,0.0,1.5617479828206479e-22
158,16,5.629315376281738,4.005254410507726,3.7975177495420462,9.58232478633007,8.932951913956387,2.8563476051461354e-05,8.636446236312522e-05,0.997779824712351,0.9978674443625466,0.997779824712351,0.9978674443625466,0.0,1.0932235879744535e-22
159,16,5.595588207244873,4.064790495089063,3.877699573206151,9.691050564214255,9.160381509033748,-4.442469701919502e-06,5.9122382743611796e-05,0.9977733281814776,0.9978392095082258,0.9977733281814776,0.9978392095082258,-8.489232206658463e-22,-1.7815131504154213e-22
160,16,5.349941730499268,5.930261951487274,4.493468286690488,9.767775578702755,9.342599729934449,9.505240666496913e-05,6.9901389920019e-05,0.9977069865009845,0.9977995426060533,0.9977069865009845,0.9977995426060533,0.0,-1.2470592052907948e-22
161,16,5.203439712524414,6.424029678458807,5.072636704220984,9.751011667426349,9.465123311182019,0.00014758399016641993,9.320616999393927e-05,0.9976142070483486,0.9977439419387418,0.9976142070483486,0.9977439419387418,0.0,-8.729414437035563e-23
162,16,4.966876983642578,5.380322648013402,5.164942487358709,10.032349869107078,9.635291278559535,7.248621384301575e-05,8.699018314866222e-05,0.9975294462524283,0.9976795932328477,0.9975294462524283,0.9976795932328477,0.0,-6.110590105924893e-23
163,16,5.036144733428955,5.285228380383326,5.201028255266094,10.14478429170736,9.788139182503881,-2.019753396738292e-05,5.483386801384867e-05,0.99756251407868,0.9976444694865974,0.99756251407868,0.9976444694865974,0.0,-4.277413074147425e-23
164,16,6.344194412231445,7.715959652667289,5.9555076744864515,10.102252342484444,9.882373130498049,3.591985046646676e-05,4.91596627496341e-05,0.9974693619606559,0.9975919372288149,0.9974693619606559,0.9975919372288149,-6.793455354573271e-21,-2.067978497891013e-21
165,16,5.786036014556885,9.02785010626792,6.877210404020891,9.739138027080175,9.839402599472686,0.00015909248779122386,8.213951026211103e-05,0.9973236277188012,0.9975114443758106,0.9973236277188013,0.9975114443758107,0.0,-1.447584948523709e-21
166,16,5.887538909912109,8.31049957964216,7.3071971567072715,9.856414320162784,9.844506115679716,-1.1666213139325696e-06,5.714767078929795e-05,0.9971538168800606,0.9974041561270856,0.9971538168800606,0.9974041561270857,2.1236265983129238e-22,-9.496006660172084e-22
167,16,5.827915191650391,7.61464744482501,7.399432243142592,9.801981569999953,9.831748751975786,-0.00015489620971704274,-6.465493362604263e-06,0.9971485441557625,0.9973274725356887,0.9971485441557625,0.9973274725356887,-2.718256419366901e-20,-8.819489724312748e-21
168,16,5.819397449493408,9.038631370570402,7.891191981370935,9.043537651375072,9.595285421795571,3.994037357216385e-05,7.456266717826171e-06,0.9971870058920858,0.9972853325426076,0.9971870058920858,0.9972853325426076,0.0,-6.173642807018923e-21
169,16,5.727086067199707,9.938572374130455,8.50540609919879,8.82474103015138,9.364122104302314,6.79944765105912e-05,2.5617729655655678e-05,0.997101428015731,0.9972301611845446,0.997101428015731,0.9972301611845446,0.0,-4.321549964913246e-21
170,16,5.68991756439209,9.786952201597808,8.889869929918495,8.858173057202901,9.21233739017249,-1.8486962647966476e-05,1.2386321964569032e-05,0.9970247416591527,0.997168535326927,0.9970247416591527,0.997168535326927,-3.398242438175605e-21,-4.044557706891953e-21
171,17,5.727940559387207,8.734218542230185,8.843174513612002,9.345827155529848,9.252384319779697,-0.00035634064053100364,-9.823176678410277e-05,0.9969140933540973,0.997092202735078,0.9969140933540973,0.997092202735078,-5.437791378982958e-20,-1.9144564531773238e-20
172,17,5.677081108093262,8.775042922505131,8.82273503627994,9.081865608226947,9.201228706313872,-0.00035510158111824643,-0.00017529271108434588,0.9969636374248334,0.9970536331420046,0.9969636374248334,0.9970536331420046,0.0,-1.3401195172241266e-20
173,17,5.53539514541626,10.250659017444175,9.25111223062921,8.658077241254288,9.038283266795997,-0.0001560404761982562,-0.00016951704061851896,0.9969534742196724,0.9970235854653049,0.9969534742196725,0.9970235854653049,-2.7187882898299805e-20,-1.7537201490058828e-20
174,17,5.571082592010498,10.049779426388406,9.490712389356968,8.565211866711383,8.896361846770613,-0.0001342489974296626,-0.00015893662766186203,0.9969649358895751,0.9970059905925859,0.9969649358895751,0.9970059905925859,-2.718757033109918e-20,-2.0432312142370933e-20
175,17,5.429661273956299,8.760769714115655,9.271729586784573,8.669827838816374,8.828401644384341,-0.00025574453059921747,-0.00018797899854306865,0.9969946675668384,0.9970025936848615,0.9969946675668385,0.9970025936848615,0.0,-1.4302618499659652e-20
176,17,5.417742729187012,8.742188274409665,9.1128671930721,8.59306619673977,8.757801010090969,-0.00022275788057849418,-0.00019841266315369631,0.9970255252756369,0.9970094731620941,0.9970255252756368,0.997009473162094,0.0,-1.0011832949761757e-20
177,17,5.351202487945557,9.71804717627838,9.294421188033983,8.302158703358268,8.621108318071158,-0.0001593590658152371,-0.00018669658395215852,0.9971492800834991,0.9970514152385156,0.9971492800834991,0.9970514152385155,0.0,-7.008283064833229e-21
178,17,5.601128101348877,9.449665123284468,9.340994368609127,8.140252733934627,8.476851642830198,-8.844260822055545e-05,-0.0001572203912326776,0.9971313687282063,0.9970754012854228,0.9971313687282063,0.9970754012854226,-1.359151620448408e-20,-8.983253006728484e-21
179,17,4.99910831451416,7.5283014332759475,8.797186488009173,8.165771060083697,8.383527468006246,-0.00025662691702098045,-0.00018704234896916845,0.9972518655361263,0.9971283405606338,0.9972518655361263,0.9971283405606336,0.0,-6.2882771047099384e-21
180,17,4.725708961486816,7.431060140633801,8.38734858379656,7.970144564492439,8.259512596952103,-0.00025832744698056994,-0.00020842787837258887,0.9972991234455936,0.9971795754261217,0.9972991234455936,0.9971795754261215,0.0,-4.4017939732969565e-21
181,17,5.054447174072266,7.787890007199918,8.207511010817568,7.428520311556335,8.010214911333373,-0.00015509138589288231,-0.0001924269306286769,0.9974957123873381,0.9972744165144866,0.997495712387338,0.9972744165144865,0.0,-3.081255781307869e-21
182,17,4.979693412780762,7.771240990861957,8.076630004830884,7.278358329483285,7.790657936778346,-0.00012001767379698541,-0.00017070415357916944,0.9975199598274492,0.9973480795083753,0.9975199598274492,0.9973480795083753,0.0,-2.1568790469155082e-21
183,17,5.044670581817627,6.341152527883751,7.555986761746743,7.152384492858786,7.599175903602477,-0.000171450084910773,-0.0001709279329786505,0.9976404124731179,0.997435779397798,0.9976404124731179,0.997435779397798,0.0,-1.5098153328408557e-21
184,17,5.010244846343994,6.079258427909581,7.112968261595594,7.011510286650365,7.422876218516842,-0.00018338028586876548,-0.000174663638845685,0.997734407544031,0.9975253678416679,0.9977344075440309,0.9975253678416679,0.0,-1.0568707329885989e-21
185,17,5.244267463684082,6.148048967267198,6.823492473297074,6.5682924689883135,7.166501093658283,-0.00013487645880343082,-0.00016272748483300874,0.9979393475407483,0.997649561751392,0.9979393475407484,0.997649561751392,0.0,-7.398095130920192e-22
186,17,5.429904460906982,6.3217118511008685,6.672958286638212,6.425033170096604,6.944060716589779,-0.00011348521914095148,-0.00014795480512539154,0.9979925956214822,0.997752471912419,0.9979925956214822,0.997752471912419,-1.3579787280515052e-20,-4.591802843318929e-21
187,17,5.326855659484863,6.141237634375729,6.513442090959467,6.353350840481156,6.766847753757192,-0.00010377586738476933,-0.00013470112380320487,0.998021757424433,0.9978332575660231,0.998021757424433,0.9978332575660231,0.0,-3.21426199032325e-21
188,17,5.480780124664307,5.067612096039876,6.0796930924835895,6.225425565185366,6.604421097185644,-0.0001634247143990936,-0.0001433182009819715,0.9981147134311135,0.9979176943255502,0.9981147134311135,0.9979176943255502,0.0,-2.249983393226275e-21
189,17,4.787581443786621,4.123689417449357,5.4928919899733195,6.081925194650943,6.447672326425234,-0.00023043138521614676,-0.00016945215625222405,0.9982132223448664,0.998006352731345,0.9982132223448664,0.998006352731345,2.715357170732132e-20,6.571083136938003e-21
190,17,4.749546527862549,4.427233556864829,5.173194460040772,5.595846626730346,6.192124616516767,-0.0001569488847972761,-0.00016570117481573966,0.9983300838355563,0.9981034720626083,0.9983300838355563,0.9981034720626083,0.0,4.599758195856602e-21
191,17,4.676141738891602,4.890492281451617,5.088383806464025,5.092253216274488,5.862163196444083,-1.8407542465351408e-05,-0.00012151308511062318,0.9983843427361838,0.9981877332646809,0.9983843427361838,0.9981877332646809,3.393614707269595e-21,4.2379151492804996e-21
192,17,5.110561370849609,4.717686021763731,4.977174471053936,4.8761091289747185,5.566346976203273,-1.893589264878284e-05,-9.073992737207108e-05,0.9983789176471773,0.9982450885794297,0.9983789176471773,0.9982450885794297,0.0,2.9665406044963495e-21
193,17,4.8286309242248535,3.676781076765312,4.5870564527673485,4.818226900112186,5.341910953375947,-0.00011091261071294205,-9.679173237433236e-05,0.9985099690478114,0.9983245527199442,0.9985099690478113,0.9983245527199441,0.0,2.0765784231474444e-21
194,17,4.602646350860596,3.5553952468193266,4.277558090982942,4.4375220806028794,5.070594291544026,-6.689804689994085e-05,-8.782362673201491e-05,0.9985832862710817,0.9984021727852854,0.9985832862710816,0.9984021727852853,0.0,1.453604896203211e-21
195,17,4.690036296844482,3.121351275771073,3.930696046419381,4.008539036304218,4.751977714972083,4.095565216046142e-06,-6.0247869147596594e-05,0.9986573237428952,0.9984787180725683,0.9986573237428952,0.9984787180725683,8.481717673482656e-22,1.2719749575467273e-21
196,17,4.76224946975708,0.839575295467212,3.0033598211337305,3.9825339430799143,4.521144583404432,-0.00015503643333922304,-8.868443840508451e-05,0.9987251195653455,0.9985526385204013,0.9987251195653455,0.9985526385204013,2.7139654126186374e-20,9.032278708138621e-21
197,17,4.874906539916992,-0.023643763054192284,2.095258745877353,3.6692042162630303,4.265562473262011,-0.00022103692530149136,-0.00012839018447400658,0.9989593714323605,0.9986746583939891,0.9989593714323605,0.9986746583939891,0.0,6.322595095697034e-21
198,17,4.3678131103515625,1.0963556171994064,1.795587807273969,2.625022170952058,3.773400382569025,2.1257096312583248e-05,-8.349600023802962e-05,0.9991283632922231,0.9988107698634592,0.9991283632922232,0.9988107698634593,0.0,4.425816566987924e-21
199,17,4.519269943237305,1.0436492383755052,1.5700062366044298,2.345093902015143,3.34490843840286,0.00010500586389314866,-2.6945440998676135e-05,0.9991745778275938,0.9989199122526995,0.9991745778275938,0.9989199122526997,-1.3563722953735195e-20,-9.710452892290116e-22
200,17,5.289389133453369,-0.8612643816535701,0.8406250511270297,2.2330095899586677,3.011338783869602,1.2344940698393307e-05,-1.5158326489555302e-05,0.9993342630729252,0.9990442174987672,0.9993342630729252,0.9990442174987673,1.6951944480512408e-21,-1.7117336804493578e-22
201,17,5.0085601806640625,-1.546899836954765,0.12436758470249126,2.164708277865399,2.757349632068341,-6.330380351679582e-05,-2.960196959772746e-05,0.9995468490761882,0.9991950069719935,0.9995468490761882,0.9991950069719935,-1.3558671280485217e-20,-4.18742274177702e-21
202,17,4.889398097991943,-0.7228313801123687,-0.12979210474196673,1.9150717637767003,2.5046662715808483,3.471914052467772e-05,-1.0305636561005905e-05,0.9996888461829636,0.9993431587352846,0.9996888461829636,0.9993431587352846,0.0,-2.931195919243914e-21
203,17,4.74240779876709,-0.7782482476957642,-0.32432894762810593,1.730787780315416,2.2725027242012183,0.00011418019788950203,2.7040113774146475e-05,0.9997821291457903,0.9994748498584363,0.9997821291457902,0.9994748498584362,1.3555480500184605e-20,2.0148070065846416e-21
204,17,4.58452844619751,-1.8609670089076336,-0.7853203660119642,1.6999685136463092,2.1007424610347454,8.669963663756709e-05,4.493797063317266e-05,0.9999074500859741,0.9996046299266976,0.9999074500859741,0.9996046299266974,0.0,1.4103649046092491e-21
205,17,4.684185028076172,-2.9604844180545378,-1.4378695816247362,1.6994557337354368,1.9803564428449527,-8.041152518841028e-07,3.121534486765563e-05,1.0001820349933128,0.9997778514466822,1.000182034993313,0.999777851446682,0.0,9.872554332264743e-22
206,17,4.524036407470703,-2.779907725643706,-1.840481024830427,1.610903334282493,1.8695205102762147,4.4327694488764976e-05,3.514904975398843e-05,1.0003606449647664,0.9999526895021074,1.0003606449647666,0.9999526895021073,0.0,6.91078803258532e-22
207,17,4.839606761932373,-3.135980617609123,-2.2291309026640356,1.7617840761192667,1.8371995800291303,2.2601572436268205e-07,2.4672139545100705e-05,1.0004637545964916,1.0001060090304226,1.0004637545964916,1.0001060090304223,-2.6457509809910819e-23,4.758179093379991e-22
208,17,5.2952446937561035,-4.1602134689726755,-2.8084556725566276,1.9171353716439008,1.8611803175135613,-6.787303281190394e-05,-3.0914121620006908e-06,1.000657620379649,1.0002714924351905,1.0006576203796491,1.0002714924351903,1.3543620595151199e-20,4.396158715081959e-21
209,17,5.190560340881348,-4.921370662109314,-3.4423301694224335,1.89921313812952,1.8725901636983489,-0.0001017377325138134,-3.26853082675445e-05,1.0008481889999772,1.0004445014046264,1.0008481889999772,1.0004445014046264,0.0,3.077311100557371e-21
210,17,5.182695388793945,-5.164107150551942,-3.9588632637612857,1.824660783945617,1.8582113497725294,-2.0020479807443632e-05,-2.888585972951424e-05,1.000988864180523,1.0006078102373952,1.000988864180523,1.0006078102373952,3.3847846966718804e-21,3.169553179391724e-21
211,17,5.141372203826904,-5.758710422214912,-4.498817411297374,1.854171712693892,1.856999458648938,-7.577905359465617e-05,-4.295381788905682e-05,1.0011973270686914,1.000784665286784,1.0011973270686914,1.000784665286784,0.0,2.2186872255742065e-21
212,17,4.995388031005859,-6.006005114879899,-4.950973722372131,1.8345812776901753,1.8502740043613093,-7.207924420463176e-05,-5.16914457837293e-05,1.0013754951870653,1.0009619142568682,1.0013754951870653,1.0009619142568682,0.0,1.5530810579019444e-21
213,17,4.7407684326171875,-6.211284732819456,-5.329067025506328,1.7045931934231675,1.8065697610798666,-3.2425354033588967e-05,-4.5911618258687195e-05,1.0015504450449413,1.00113847349329,1.0015504450449413,1.00113847349329,-6.7657736178534074e-21,-9.425753448246611e-22
214,17,5.049814224243164,-6.5735580673607465,-5.702414338062653,1.7570887608079058,1.7917254609982782,-5.6530921268886064e-05,-4.909740916174685e-05,1.001777949149352,1.0013303161901086,1.0017779491493521,1.0013303161901086,6.764237108421468e-21,1.369468391149178e-21
215,17,5.324350357055664,-6.487182694507053,-5.937844844995972,1.5100764044179589,1.7072307440241823,-6.330133101399361e-05,-5.335858571742087e-05,1.0021268198243738,1.001569267280388,1.0021268198243738,1.001569267280388,0.0,9.586278738044245e-22
216,17,5.41775369644165,-6.31283779944705,-6.050342731331295,1.375166047127876,1.6076113349552903,3.020599656764918e-05,-2.828921103189985e-05,1.002171622548979,1.0017499738609652,1.002171622548979,1.0017499738609652,0.0,6.710395116630971e-22
217,17,5.637571334838867,-7.78834226274326,-6.571742590754884,1.3547876762837607,1.5317642373538312,-8.089857966535369e-05,-4.4072021621936e-05,1.0023951149956445,1.001943516201369,1.0023951149956447,1.001943516201369,0.0,4.697276581641679e-22
218,17,5.625835418701172,-8.060594905651515,-7.018398285223872,1.36732448769436,1.4824323124559897,-0.00017698584120450273,-8.394616749670601e-05,1.002573365153238,1.0021324708869297,1.0025733651532382,1.0021324708869297,2.7035482144485996e-20,8.439454004060717e-21
219,17,5.594658851623535,-7.382126650347206,-7.127516794760872,1.2474482231010948,1.411937085649521,-0.0001922972025896758,-0.00011645147802459693,1.0026941586344689,1.0023009772111915,1.0026941586344689,1.0023009772111915,0.0,5.907617802842502e-21
220,17,5.180485725402832,-7.129472183270714,-7.128103411313823,0.893771123714074,1.2564872970688867,-8.91774455598376e-05,-0.00010826926828516912,1.0027529364739456,1.0024365649900178,1.0027529364739456,1.0024365649900178,-1.3515320337753945e-20,8.073636066356829e-23
221,17,5.410911560058594,-7.779996146984839,-7.323671232015127,0.6220816275440947,1.066165596211449,-0.00016921832509796375,-0.0001265539853290075,1.0028741372880863,1.0025678366794382,1.0028741372880863,1.0025678366794382,0.0,5.65154524644978e-23
222,17,5.238540172576904,-7.685819816581729,-7.432315807385107,0.39626361347152605,0.865195001389472,-0.0001601775115000106,-0.0001366410431803084,1.002922096894407,1.0026741147439286,1.002922096894407,1.0026741147439286,0.0,3.9560816725148456e-23
223,17,5.37125825881958,-7.747495265014741,-7.526869644673996,0.3384923702423469,0.7071842120453344,-0.0002608116989545757,-0.00017389223991258858,1.0031227406382228,1.0028087025122168,1.0031227406382228,1.0028087025122168,5.4041351499802305e-20,1.6240098021648295e-20
224,17,5.0966596603393555,-5.938382117482114,-7.050323386516432,-0.13131565982624432,0.45563425048386075,-7.436725083181264e-05,-0.0001440347431883558,1.0031253232864508,1.0029036887444869,1.0031253232864508,1.0029036887444869,0.0,1.1368068615153806e-20
225,17,4.812479019165039,-5.280509931173803,-6.519379349913643,-0.49779808821482585,0.16960454887425475,-1.771945265389298e-05,-0.00010614015602801695,1.0031205352111923,1.0029687426844984,1.0031205352111923,1.0029687426844984,0.0,7.957648030607664e-21
226,17,4.939512252807617,-5.9358448237359225,-6.344318992060327,-0.6582274674926433,-0.07874505603581465,-0.0001307082394594252,-0.00011351058105743942,1.0031752855641058,1.0030307055483805,1.0031752855641056,1.0030307055483805,-2.7019260444495394e-20,-2.5354245119232537e-21
227,17,5.196866989135742,-5.846060973726413,-6.194841586560152,-0.93900655612772,-0.33682350606338624,-0.0001421872429324543,-0.00012211357961994387,1.0032548960928407,1.0030979627117185,1.0032548960928405,1.0030979627117182,-2.70171164055095e-20,-9.879932079999126e-21
228,17,4.806726932525635,-4.25504376678677,-5.612902240628136,-1.204070261096161,-0.5969975325732186,-7.44129036614453e-05,-0.00010780337683239429,1.003176105926682,1.0031214056762074,1.003176105926682,1.0031214056762074,0.0,-6.915952455999389e-21
229,17,4.601078033447266,-4.131339237324791,-5.168433339637132,-1.3261919893216707,-0.8157558695977543,-0.00010675183938642738,-0.00010748791559860421,1.003136948788359,1.0031260686098529,1.0031369487883592,1.0031260686098529,-1.3510146518317613e-20,-8.894210674694856e-21
230,17,4.548080921173096,-4.470939444802962,-4.95918517118688,-1.2485853702205594,-0.9456047197845958,-0.00021399864004380294,-0.00013944113293216383,1.0031413894031762,1.0031306648478497,1.0031413894031762,1.0031306648478497,0.0,-6.225947472286399e-21
231,17,4.806354522705078,-4.138913792941619,-4.713103757713302,-1.5729288276175084,-1.1338019521344695,-0.00015084691037680947,-0.00014286286616555752,1.0032381491237994,1.0031629101306345,1.0032381491237994,1.0031629101306345,0.0,-4.358163230600479e-21
232,17,4.565604209899902,-3.973927792730173,-4.491350968218363,-1.5761281034125456,-1.2664997975178922,-0.00012341700273217805,-0.00013702910713554367,1.0031183200472853,1.0031495331056297,1.0031183200472855,1.0031495331056297,0.0,-3.050714261420335e-21
233,17,4.561566352844238,-4.557217179860521,-4.51111083171101,-1.5394374003540305,-1.3483810783687336,-0.0001228052491725747,-0.00013276194974665297,1.0030782183896951,1.0031281386908493,1.0030782183896951,1.0031281386908493,0.0,-2.1354999829942343e-21
234,17,4.542017459869385,-5.628740797525229,-4.846399821455275,-1.3992473284608429,-1.3636409533963663,-0.00020744267972748966,-0.00015516616874090397,1.0031145848080536,1.0031240725260107,1.0031145848080536,1.0031240725260107,2.7020895441694902e-20,6.6114186444125054e-21
235,17,4.462315082550049,-5.648096422430653,-5.086908801747889,-1.3372769966627072,-1.3557317663762685,-0.00022704298231225083,-0.000176729212812308,1.0031050744945975,1.0031183731165867,1.0031050744945975,1.0031183731165867,2.7021151623417087e-20,1.273433853811388e-20
236,17,4.478015899658203,-4.716535416513283,-4.975796786177506,-1.3763167854282026,-1.3619072720918486,-0.00011284581098601533,-0.00015756419226442022,1.0029306729930256,1.0030620630795184,1.0029306729930256,1.0030620630795184,0.0,8.914036976679715e-21
237,17,4.600368499755859,-4.684278295836465,-4.888341239075193,-1.5588003716934302,-1.420975201972323,-1.588788843808317e-05,-0.00011506130111651909,1.0028722967916146,1.0030051331931473,1.0028722967916146,1.0030051331931473,3.3784279412807596e-21,7.253354266060028e-21
238,17,4.416316986083984,-5.752875694333902,-5.147701575652805,-1.722823805863662,-1.5115297831397245,-6.284521030785349e-05,-9.93964738739194e-05,1.0026587710834876,1.0029012245602493,1.0026587710834878,1.0029012245602495,0.0,5.077347986242019e-21
239,17,4.582427501678467,-7.271377186526718,-5.784804258914979,-1.803674985490497,-1.5991733438449562,-0.0001598531489420657,-0.00011753347639436329,1.0026766553226643,1.0028338537889738,1.0026766553226643,1.0028338537889738,0.0,3.554143590369413e-21
240,17,3.9269490242004395,-6.973615838998704,-6.141447732940096,-2.028816154431184,-1.7280661870208243,-9.301221206131902e-05,-0.00011017709709445,1.0026143984654319,1.002768017191911,1.0026143984654317,1.002768017191911,-1.3517187840920551e-20,-1.5672558390175758e-21
241,17,3.6304783821105957,-6.44023360084477,-6.231083493311497,-2.129863226654599,-1.8486052989109565,-3.379342307822655e-05,-8.726199488958297e-05,1.0024676779036388,1.0026779154054293,1.0024676779036388,1.0026779154054293,0.0,-1.097079087312303e-21
242,17,3.741717576980591,-6.260456453921361,-6.239895381494456,-2.0850833042651438,-1.9195487005172125,-5.323884805286308e-05,-7.7055050838567e-05,1.002322719286378,1.0025713565697139,1.002322719286378,1.0025713565697139,6.760560693325287e-21,1.2602128468789742e-21
243,17,4.234211444854736,-6.150448825204737,-6.21306141460754,-2.216321226506153,-2.0085804583138946,-2.334372831969736e-05,-6.094165408290611e-05,1.0021098048088726,1.0024328910414615,1.0021098048088728,1.0024328910414615,-3.380998542034425e-21,-1.321505697950457e-22
244,17,4.1830010414123535,-6.15280758165171,-6.19498526472079,-2.353596636214891,-2.1120853116841936,-1.4408054387285448e-05,-4.698157417421991e-05,1.0019494903611343,1.0022878708373633,1.0019494903611343,1.0022878708373633,1.6907697551680032e-21,4.147255276938689e-22
245,17,3.8091278076171875,-6.050618240189251,-6.151675157361328,-2.6253997649091563,-2.266079647651682,3.4714064341376804e-05,-2.2472882619540894e-05,1.0019548329350476,1.0021879594666685,1.0019548329350476,1.0021879594666685,0.0,2.903078693857082e-22
246,17,4.280681610107422,-4.689417212946776,-5.712997774036962,-2.8640612819338,-2.4454741379363174,0.00016818368691419084,3.472408824057862e-05,1.0016984246463916,1.0020410990205852,1.0016984246463918,1.0020410990205855,0.0,2.0321550856999572e-22
247,17,4.878397464752197,-4.4129856585639,-5.3229941393950435,-2.8064806023524986,-2.5537760772611717,0.00019496113137371427,8.279520118051932e-05,1.0013753532647711,1.001841375293841,1.0013753532647713,1.001841375293841,0.0,1.42250855998997e-22
248,17,4.55960750579834,-5.671314849678083,-5.427490352479955,-2.50834436754773,-2.540146564347139,4.7585405831630045e-06,5.9384203001312414e-05,1.0012526886525235,1.0016647693014458,1.0012526886525235,1.0016647693014458,0.0,9.957559919929789e-23
249,17,4.438339710235596,-5.64923957877393,-5.494015120368147,-2.323395662327074,-2.475121293741119,-0.00010615832347708374,9.721445057793567e-06,1.0011327638953227,1.0015051676796087,1.0011327638953227,1.0015051676796087,-1.3537192712919585e-20,-3.991454894436367e-21
250,17,4.8936028480529785,-5.167172210747886,-5.395962247482068,-2.348926185345405,-2.4372627612224047,-0.00011614380783345283,-2.8038130809580353e-05,1.0010116360118166,1.001357108179271,1.0010116360118169,1.0013571081792711,0.0,-2.794018426105457e-21
251,17,4.792300224304199,-3.8308348357361988,-4.926424023958306,-2.570398429248801,-2.4772034616303236,2.04922157099932e-05,-1.3479026853708287e-05,1.0008355677128835,1.0012006460393545,1.0008355677128835,1.0012006460393548,0.0,-1.9558128982738198e-21
252,17,4.594717502593994,-2.8849269129067387,-4.313974890642836,-2.4861924414200396,-2.479900155567238,3.228717094153438e-05,2.508324848645139e-07,1.0006107332234717,1.0010236721945895,1.0006107332234717,1.0010236721945898,-6.772127614706511e-21,-3.400707313203627e-21
253,17,4.197594165802002,-2.585788476949631,-3.7955189665348743,-2.244602917113462,-2.409310984031105,9.565754308547838e-07,4.6255536866159484e-07,1.0002536916567506,1.0007926780332377,1.0002536916567506,1.0007926780332381,0.0,-2.3804951192425387e-21
254,17,4.364888668060303,-3.7258600695776485,-3.7746212974477062,-2.0890008095659436,-2.3132179316915567,-0.00016969142270653644,-5.058363805389781e-05,1.0002775091463711,1.0006381273671776,1.000277509146371,1.0006381273671778,0.0,-1.666346583469777e-21
255,17,4.840249538421631,-2.8317207579782235,-3.491751135606861,-2.0477136419096498,-2.2335666447569844,-0.00019115271610974308,-9.275436147065138e-05,1.0002946917561586,1.0005350966838717,1.0002946917561584,1.000535096683872,2.709706902927863e-20,6.962678100354744e-21
256,17,4.160458087921143,-1.0620070028023882,-2.7628278957655192,-2.0463777848729863,-2.1774099867917847,-1.0571921369120106e-05,-6.8099629440192e-05,0.9999638134850429,1.000363711724223,0.9999638134850429,1.0003637117242232,1.694127199067829e-21,5.382112829968669e-21
257,17,4.2556352615356445,-0.9313770101769058,-2.213392630088935,-2.031606121194444,-2.133668827112582,2.358134011143682e-05,-4.059533857470335e-05,0.9998893866705896,1.000221414208133,0.9998893866705896,1.0002214142081332,0.0,3.767478980978068e-21
258,17,4.350412368774414,-1.369356348990478,-1.960181745759398,-1.5248959089441676,-1.9510369516620576,1.3869430127907162e-05,-2.4255907963920192e-05,0.9996810313707429,1.000059299356916,0.9996810313707429,1.000059299356916,-1.694606420795772e-21,2.1288533604459164e-21
259,17,4.782573699951172,-2.0625133573057584,-1.990881229223306,-0.9693207128967173,-1.6565220800324554,-8.338784975613828e-05,-4.199549050158562e-05,0.9996398076727949,0.9999334518516796,0.9996398076727949,0.9999334518516796,0.0,1.4901973523121413e-21
260,17,4.577045440673828,-1.8903107438671818,-1.9607100836164686,-0.669853348390057,-1.3605214605397358,-4.521642977062128e-05,-4.296177228229631e-05,0.9994849876006007,0.9997989125763559,0.9994849876006008,0.9997989125763559,6.779755236045859e-21,3.0770647174322563e-21
261,17,4.520066261291504,-2.6768753545222452,-2.1755596648882016,-0.2513468968239429,-1.0277690914249977,-0.00018127013957325335,-8.445428246958342e-05,0.9995065071963452,0.9997111909623526,0.999506507196345,0.9997111909623526,2.7118437065675894e-20,1.0289476421905347e-20
262,17,4.516607761383057,-2.3330084723977604,-2.2227943071410694,-0.056222092159845666,-0.736304991645452,-0.00010091253765949426,-8.939175902655667e-05,0.9994993832063828,0.9996476486355617,0.9994993832063828,0.9996476486355617,0.0,7.202633495333743e-21
263,17,4.737293243408203,-1.1776007907262491,-1.9092362522166233,0.028147394256633623,-0.5069692758748263,1.4902292895521012e-05,-5.810354344993336e-05,0.9994469587332705,0.9995874416648742,0.9994469587332705,0.9995874416648742,1.695003301281452e-21,5.550344437118055e-21
264,17,4.693368434906006,-0.6990913516635794,-1.5461927820507102,0.3155986838515034,-0.26019888795692736,5.2698577335557524e-05,-2.4862907214286093e-05,0.9992981180405478,0.9995006445775763,0.9992981180405479,0.9995006445775763,0.0,3.885241105982638e-21
265,17,4.315298080444336,-0.5326650568076837,-1.242134464477802,0.576454447164144,-0.00920288742060596,4.472424983839665e-05,-3.986760098481269e-06,0.9992845790827154,0.999435824929118,0.9992845790827154,0.999435824929118,6.781114929497477e-21,4.754003253037089e-21
266,17,4.556686878204346,-0.10180504272322378,-0.9000356379514286,0.8555530810238449,0.2502239031127293,0.0001244423168987987,3.454196300070272e-05,0.9992142845876264,0.9993693628266704,0.9992142845876264,0.9993693628266704,0.0,3.327802277125962e-21
267,17,5.0096025466918945,-0.8884110229862906,-0.8965482534618872,1.3594299600588555,0.5829857201965671,6.744236857521051e-05,4.441208467305506e-05,0.9991124286270086,0.9992922825667718,0.9991124286270086,0.9992922825667718,0.0,2.3294615939881733e-21
268,17,5.331945896148682,-2.5628688727331,-1.396444439243251,2.174123878790342,1.0603271677746995,-0.00016391450471994997,-1.808589214484645e-05,0.9991482552159251,0.9992490743615178,0.9991482552159251,0.9992490743615178,0.0,1.6306231157917211e-21
269,17,5.098447799682617,-3.370185746751815,-1.98856683149582,2.4940798989239004,1.4904529871194598,-0.0002033514234265061,-7.366555152934434e-05,0.9993661161407403,0.9992841868952844,0.9993661161407402,0.9992841868952844,0.0,1.1414361810542048e-21
270,17,4.8059468269348145,-3.213775427073541,-2.356129410169136,2.7021478329525053,1.8539614408693734,-0.00015694074407384808,-9.864810929269545e-05,0.9993320819314211,0.9992985554061253,0.9993320819314211,0.9992985554061253,2.7123170367703344e-20,8.935956437048946e-21
271,17,4.881187915802002,-3.5765295770724617,-2.7222494602401337,3.0781095651390045,2.2212058781502626,-0.00020937556428638978,-0.00013186634579080375,0.9994477355262539,0.9993433094421638,0.999447735526254,0.9993433094421639,-2.712003174219569e-20,-1.880840016724446e-21
272,17,5.204422950744629,-3.24495797671056,-2.8790620151812614,3.1371770318192915,2.495997224250971,-0.00011405150572390374,-0.00012652189377073374,0.9994384842761986,0.9993718618923741,0.9994384842761986,0.9993718618923743,0.0,-1.3165880117071121e-21
273,17,5.125028610229492,-3.1364765627629074,-2.9562863794557552,3.224039366544302,2.7144098669389702,-8.598214868285939e-05,-0.00011435997024437143,0.9996053087145693,0.9994418959390328,0.9996053087145693,0.9994418959390328,0.0,-9.216116081949784e-22
274,17,5.142500400543213,-2.7645292200448246,-2.898759231632476,3.3318395126918516,2.8996387606648346,-9.825763218802349e-05,-0.00010952926882746704,0.9995683137700078,0.9994798212883252,0.9995683137700078,0.9994798212883252,-1.3558380122068504e-20,-4.712642162357036e-21
275,17,4.887213230133057,-2.1423614218159166,-2.671839888687508,3.3135097663763857,3.0238000623782995,-8.558363206484841e-05,-0.00010234557779868146,0.9995727084591981,0.9995076874395871,0.9995727084591981,0.9995076874395871,0.0,-3.2988495136499248e-21
276,17,4.878932952880859,-1.5870767851025755,-2.346410957612028,3.203055393197344,3.0775766616240126,1.6979688962453612e-06,-7.11325137902034e-05,0.9995679882200668,0.999525777673731,0.9995679882200669,0.999525777673731,0.0,-2.309194659554947e-21
277,17,4.80281925201416,-1.6290147957964225,-2.1311921090673462,3.193829899839629,3.1124526330886972,-3.993815172491138e-06,-5.099090420488972e-05,0.999621058012888,0.9995543617754781,0.9996210580128879,0.9995543617754781,0.0,-1.6164362616884628e-21
278,17,4.595396518707275,-1.8182747430314836,-2.037316899256587,3.4861306903532774,3.2245560502680712,-5.592274061754754e-05,-5.247045512868706e-05,0.999547934454821,0.9995524335792809,0.9995479344548212,0.9995524335792809,0.0,-1.131505383181924e-21
279,17,4.577030181884766,-2.096949268980255,-2.0552066101736877,3.523563271832276,3.3142582167373327,-7.861832253949991e-05,-6.0314815351930916e-05,0.999569966135065,0.999557693346016,0.999569966135065,0.999557693346016,-1.3558357709036594e-20,-4.859561080938325e-21
280,17,4.471236228942871,-2.1994669154938795,-2.0984847017697454,3.4724866085096475,3.361726734269027,-5.713661120734913e-05,-5.936135410855638e-05,0.9996478266344692,0.9995847333325519,0.9996478266344692,0.9995847333325519,0.0,-3.401692756656827e-21
281,17,4.921853065490723,-2.074722960437584,-2.0913561793700968,3.4912877800783413,3.400595048011821,-7.519787848713906e-05,-6.411231142213118e-05,0.9997440155188188,0.9996325179884319,0.9997440155188188,0.9996325179884319,1.3555997280999676e-20,1.6856142546401234e-21
282,17,5.206745147705078,-1.978595849063111,-2.0575280802780007,3.6260317279820784,3.4682260520028985,8.82995013718021e-06,-4.222963295433776e-05,0.9995073990497282,0.9995949823068206,0.9995073990497282,0.9995949823068206,1.6949008042553933e-21,1.6884002195247042e-21
283,17,4.87817907333374,-3.4876042556819953,-2.486550932899199,3.6407802710395196,3.5199923177138848,-0.00018609904847183013,-8.539045760958546e-05,0.9997795781014435,0.9996503610452074,0.9997795781014434,0.9996503610452074,-2.7111030176881023e-20,-6.951428899397014e-21
284,17,5.209178924560547,-3.563420910481993,-2.8096119261740373,3.6317552712074246,3.553521203761947,-0.00027209122052732136,-0.00014140068648490621,0.999934783003374,0.9997356876326573,0.999934783003374,0.9997356876326573,0.0,-4.8660002295779094e-21
285,17,5.077735900878906,-2.0804602957382072,-2.5908664370432883,3.2132579566965402,3.451442229642325,-8.819894767770981e-05,-0.00012544016484274727,0.9997119516385305,0.9997285668344191,0.9997119516385307,0.9997285668344191,0.0,-3.406200160704536e-21
286,17,5.535463809967041,-2.706249775252148,-2.625481438505946,3.2941209070508854,3.4042458328648926,-9.473057603443575e-05,-0.0001162272882002538,0.9995394452231735,0.9996718303510455,0.9995394452231734,0.9996718303510455,0.0,-2.384340112493175e-21
287,17,5.010585784912109,-4.071285139532774,-3.0592225488139944,3.242727836377709,3.355790433918737,-0.00027101060187475405,-0.00016266228230260387,0.9998623839314049,0.9997289964251532,0.999862383931405,0.9997289964251533,0.0,-1.6690380787452225e-21
288,17,5.597696304321289,-3.6149341972978113,-3.2259360433591393,3.215972866610582,3.3138451637262905,-0.0002694445484333528,-0.00019469696214182854,0.9999152826041253,0.9997848822788449,0.9999152826041253,0.9997848822788449,0.0,-1.1683266551216557e-21
289,17,5.127976417541504,-2.3729853336274234,-2.9700508304396243,3.1132450334417823,3.2536651246409374,-0.00011204639536711508,-0.0001699017921094145,0.9997074951864657,0.999761666151131,0.9997074951864658,0.999761666151131,0.0,-8.178286585851589e-22
290,17,5.585989475250244,-2.4761050156601376,-2.821867086005778,2.9969067908338554,3.1766376244988126,3.239565966072142e-05,-0.00010921255657837372,0.9995115456868565,0.9996866300118487,0.9995115456868566,0.9996866300118488,0.0,-5.724800610096112e-22
291,17,5.3829345703125,-4.541144548225792,-3.337650324671782,2.9675748912025885,3.1139188045099453,-0.0001585147544122247,-0.000124003215928529,0.9997702394645758,0.9997117128476668,0.9997702394645758,0.9997117128476668,0.0,-4.007360427067278e-22
292,17,5.4559855461120605,-4.66052813830634,-3.7345136687621494,2.950541232009262,3.06490553275974,-0.00018703775929925802,-0.0001429135789397477,0.9998344058476746,0.9997485207476691,0.9998344058476746,0.9997485207476691,0.0,-2.8051522989470945e-22
293,17,5.630949020385742,-3.4728691862367413,-3.656020324004527,2.7154876375236894,2.9600801641889243,-7.396533667543762e-05,-0.00012222910626045466,0.9999204061847498,0.9998000863787933,0.9999204061847498,0.9998000863787933,-1.355360593927591e-20,-4.26244244270907e-21
294,17,5.61075496673584,-3.4576820037245914,-3.596518827920546,2.691579259913809,2.8795298929063895,-5.778400543287374e-05,-0.00010289557601218037,0.999923766817554,0.9998371905104215,0.9999237668175539,0.9998371905104214,0.0,-2.9837097098963488e-21
295,17,6.159660816192627,-4.068528900875185,-3.7381218498069373,2.764722413234348,2.845087649004777,7.322406893401946e-05,-5.005968252832042e-05,0.9996295846313458,0.9997749087466987,0.9996295846313458,0.9997749087466987,0.0,-2.088596796927444e-21
296,17,5.400610446929932,-5.991273759791928,-4.414067422802434,2.861760417107579,2.8500894794356175,-0.00015513908103900972,-8.158350208152721e-05,0.9999752506134529,0.9998350113067249,0.9999752506134529,0.9998350113067249,-2.710572516220729e-20,-9.593735306511399e-21
297,17,5.7897467613220215,-6.246053531614186,-4.96366325544596,2.853715574725917,2.851177308022707,-0.0002663029188677377,-0.00013699932711739037,1.000193743028494,0.9999426308232555,1.0001937430284942,0.9999426308232555,0.0,-6.715614714557979e-21
298,17,5.396753311157227,-4.490466328029619,-4.821704177221057,2.762310987361725,2.8245174118244125,-8.003283765105984e-05,-0.0001199093802774912,1.0000537240250924,0.9999759587838064,1.0000537240250924,0.9999759587838064,0.0,-4.700930300190585e-21
299,17,5.485897064208984,-4.307818102798625,-4.667538354894327,2.7748969902603853,2.8096312853552043,-3.401513099577153e-05,-9.41411054929753e-05,0.9999519688606134,0.9999687618068485,0.9999519688606133,0.9999687618068485,6.776589065328366e-21,-1.2576744905348994e-21
300,17,5.596756935119629,-5.629168742104622,-4.956027471057415,2.9159353157641763,2.841522494477896,-0.00010205548323876114,-9.651541881671103e-05,0.9998819102320157,0.9999427063343985,0.9998819102320156,0.9999427063343985,-1.35541277598712e-20,-4.94661047133579e-21
301,17,5.481794834136963,-6.133029559681886,-5.309128097644756,2.9641070238238556,2.8782978532816834,-0.00020131214476301382,-0.00012795443660060187,1.0000306511473904,0.999969089778296,1.0000306511473906,0.999969089778296,0.0,-3.462627329935053e-21
302,17,5.461159706115723,-5.566171920222761,-5.386241244418157,2.9064801031636214,2.886752528246265,-0.0002502884664475832,-0.00016465464555469626,1.0001830124015225,1.0000332665652638,1.0001830124015227,1.000033266565264,-5.4200189317465246e-20,-1.868389592619411e-20
303,17,5.614917755126953,-4.203748807230622,-5.031493513261896,2.6371599945374906,2.8118747681336322,-1.071463635644374e-05,-0.0001184726427952205,0.9999301087253454,1.000002319213288,0.9999301087253453,1.0000023192132883,0.0,-1.3078727148335877e-20
304,17,5.8594560623168945,-4.989253898404582,-5.018821628804702,2.817730129246012,2.813631376467346,-8.15601118362987e-05,-0.00010739888350754396,0.9997591591473389,0.9999293711935033,0.9997591591473389,0.9999293711935033,0.0,-9.155109003835114e-21
305,17,5.4187331199646,-6.530474621027497,-5.47231752647154,2.858282483777926,2.82702670866052,-0.0002780420632546649,-0.00015859183743168023,1.0000367160053882,0.9999615746370687,1.0000367160053882,0.9999615746370687,-5.420811831871095e-20,-2.2671011798297862e-20
306,17,5.580742835998535,-5.139922948562356,-5.372599153098784,2.6291936739580994,2.7676767982497936,-0.000213942668437014,-0.00017519708673328034,1.0000432641568386,0.9999860814929995,1.0000432641568386,0.9999860814929995,-2.710388168554943e-20,-2.400087276447333e-20
307,17,5.1576995849609375,-4.441733233225664,-5.093339377136848,2.5467504797974443,2.7013989027140886,-0.00016404362922313654,-0.00017185104948023717,0.9998425196893206,0.9999430129518958,0.9998425196893207,0.9999430129518958,-2.7109323496824195e-20,-2.4933407984178585e-20
308,17,4.975844383239746,-4.170740416919678,-4.816559689071697,2.564824231583015,2.6604265013747663,-0.00013595225810247765,-0.0001610814120669093,0.9997089135354718,0.9998727831269685,0.9997089135354718,0.9998727831269685,0.0,-1.745338558892501e-20
309,17,5.2378668785095215,-5.093388170194317,-4.8996082334084825,2.6529516640258373,2.6581840501700875,-0.00025205633134653003,-0.00018837388785079552,0.9996623225579475,0.9998096449562621,0.9996623225579476,0.9998096449562621,5.422842033854168e-20,4.0511561893149965e-21
310,17,5.11916971206665,-4.365040767939623,-4.739237993767825,2.4360601130396944,2.5915468690309695,-0.00018098653710461483,-0.0001861576826269413,0.999583940872631,0.9997419337311728,0.9995839408726311,0.9997419337311728,0.0,2.8358093325204975e-21
311,17,5.215934753417969,-3.4872112089614675,-4.363629958325918,2.2032688418023856,2.475063460862394,-4.902088136737753e-05,-0.00014501664224907216,0.9994134467456628,0.9996433876355197,0.9994134467456629,0.9996433876355197,0.0,1.985066532764348e-21
312,17,5.379272937774658,-3.4605733242684864,-4.092712968108688,2.362592128401294,2.4413220611240636,-5.216003845242386e-05,-0.00011715966111007766,0.9991471019692255,0.9994945019356314,0.9991471019692254,0.9994945019356314,6.782047973395531e-21,3.424160964953703e-21
313,17,5.470037460327148,-5.613653618091877,-4.548995163103644,2.635368473825025,2.4995359849343517,-0.00028439501780773614,-0.0001673302681193752,0.9991269863711754,0.9993842472662945,0.9991269863711755,0.9993842472662946,0.0,2.3969126754675918e-21
314,17,5.5804595947265625,-6.133032539601089,-5.024206376052877,2.5844405665578383,2.5250073594213975,-0.0004176946367907478,-0.00024243957872078695,0.9992484560130852,0.9993435098903316,0.9992484560130853,0.9993435098903318,5.425088054733539e-20,1.7953103037027932e-20
315,17,5.445193767547607,-4.955250370691365,-5.003519574444423,2.185718634733041,2.4232207420148906,-0.00026184063997939733,-0.00024825989709837006,0.9992446756287058,0.9993138596118438,0.9992446756287058,0.9993138596118439,0.0,1.2567172125919552e-20
316,17,5.487541675567627,-4.401438703079723,-4.822895313035013,2.2185753793944203,2.3618271332287493,-0.000172743845223096,-0.0002256050815357878,0.9990487966132344,0.9992343407122609,0.9990487966132346,0.999234340712261,2.7130861279272317e-20,1.6936278871925382e-20
317,17,5.645029544830322,-5.071506164068307,-4.897478568345001,2.5504021274577484,2.418399631497449,-0.0001673966892888227,-0.00020814256386169827,0.9988212506456039,0.9991104136922637,0.998821250645604,0.9991104136922638,0.0,1.1855395210347767e-20
318,17,5.5391845703125,-6.210482994143849,-5.2913798960846545,2.795606818987357,2.531561787744421,-0.0002808303797895322,-0.00022994890864004846,0.9989984189350116,0.999076815265088,0.9989984189350115,0.9990768152650882,0.0,8.298776647243437e-21
319,17,5.141353130340576,-6.226629062290665,-5.571954645946457,2.9797436615270954,2.6660163498792233,-0.000283961910322638,-0.00024615280914482533,0.9990382253237255,0.9990652382826791,0.9990382253237254,0.9990652382826793,-1.0852459345428778e-19,-2.6748234383215925e-20
320,17,5.491975784301758,-5.076977449480352,-5.423461487006625,2.7975872904814887,2.705487632059903,-0.0001033893396276879,-0.0002033237682896841,0.9990310037543907,0.9990549679241926,0.9990310037543907,0.9990549679241927,0.0,-1.8723764068251148e-20
321,17,5.632356643676758,-4.767101518452129,-5.226553496440276,3.1541432299280743,2.840084311420354,-3.290503273473347e-05,-0.00015219814762319888,0.9987463157130941,0.998962372260863,0.998746315713094,0.9989623722608629,-6.78476953699321e-21,-1.5142065708873765e-20
322,17,5.747766017913818,-6.522737366447718,-5.615408657442508,3.61229888098306,3.0717486822891655,-0.00022577677501471952,-0.00017427173584065505,0.9988283300012043,0.9989221595829654,0.9988283300012043,0.9989221595829653,2.713684974484547e-20,-2.4583910727579928e-21
323,17,5.783876419067383,-7.056066967282078,-6.047606150394379,3.7492136795867324,3.2749881814784354,-0.00031979344904434806,-0.00021792824980176292,0.9989716514330153,0.9989370071379803,0.9989716514330154,0.9989370071379803,5.426591289804004e-20,1.4558900118481417e-20
324,17,5.703875541687012,-6.125649459966756,-6.071019143266091,3.7302019844146588,3.4115523223593023,-0.00021909145703101574,-0.00021827721197053876,0.9989855103684256,0.9989515581071139,0.9989855103684255,0.9989515581071138,0.0,1.019123008293699e-20
325,17,5.462674617767334,-5.747660715026841,-5.974011614794316,3.8373374576216546,3.539287862938008,-0.00015798853888150799,-0.00020019061004382952,0.9988714737033101,0.9989275327859727,0.9988714737033101,0.9989275327859726,-2.7135677637930513e-20,-1.0068422333232604e-21
326,17,5.141861438751221,-6.191730723099505,-6.039327347285873,4.251845446889051,3.7530551381233206,-0.0002687283039342807,-0.00022075191821096485,0.9987759175774761,0.9988820482234236,0.9987759175774761,0.9988820482234236,0.0,-7.047895633262822e-22
327,17,5.5467305183410645,-6.393637735713116,-6.145620463814046,4.161803830352673,3.875679745792126,-0.0003389656921650523,-0.00025621605039719106,0.9990060250758008,0.9989192412791368,0.9990060250758008,0.9989192412791368,0.0,-4.933526943283975e-22
328,17,4.995996952056885,-4.2531902359067,-5.577891395441842,4.1379340193607455,3.954356027862712,-0.0001745379386335474,-0.00023171261686809794,0.9987501832154144,0.99886852386002,0.9987501832154144,0.99886852386002,-2.713897305617964e-20,-8.487038802883769e-21
329,17,5.21439266204834,-3.7080076481445423,-5.016926271252652,4.267327317005313,4.048247414605492,-8.309756562692395e-05,-0.00018712810149574573,0.9984131218315028,0.9987319032514648,0.9984131218315027,0.9987319032514648,-1.357406754751767e-20,-1.0013147426273939e-20
330,17,5.674066543579102,-5.050915639762498,-5.027123081805605,4.3112818248481135,4.127157737678278,-0.0002764866695953312,-0.00021393567192562135,0.9985129092078776,0.9986662050383885,0.9985129092078776,0.9986662050383885,0.0,-7.009203198391756e-21
331,17,5.738351345062256,-5.178377161029812,-5.072499305572867,4.4246691509874285,4.216411161671023,-0.0003926631493704365,-0.0002675539151590659,0.998534110169025,0.9986265765775795,0.998534110169025,0.9986265765775795,0.0,-4.906442238874229e-21
332,17,5.737549781799316,-3.95359022656159,-4.736826581869484,3.939420934704162,4.133314093580965,-0.00021766314343242525,-0.00025258668364107367,0.9985435798626553,0.9986016775631021,0.9985435798626553,0.9986016775631021,0.0,-3.4345095672119604e-21
333,17,5.539735317230225,-3.3009589560167836,-4.306066294113673,3.990902785258943,4.090590701084358,-0.0001560843112518461,-0.00022363597192430538,0.9983952080154581,0.9985397366988089,0.9983952080154581,0.9985397366988089,0.0,-2.4041566970483722e-21
334,17,5.885226249694824,-3.188182444258588,-3.9707011391571476,4.0169562002751595,4.068500350841599,-6.795140291461381e-05,-0.0001769306012213979,0.9982078229015934,0.9984401625596442,0.9982078229015934,0.9984401625596442,1.3576859292360865e-20,2.390148099774399e-21
335,17,5.623029708862305,-4.6729614346524935,-4.181379227805751,4.012844742450903,4.051803668324389,-0.00021653111347382518,-0.00018881075489712607,0.998487669713399,0.9984544147057706,0.998487669713399,0.9984544147057706,2.7146108193722324e-20,9.816936127958776e-21
336,17,5.78778076171875,-4.701148430829599,-4.337309988712906,4.04924678612528,4.051036603664656,-0.00029315338808198613,-0.00022011354485258408,0.9986084785223082,0.9985006338507318,0.998608478522308,0.9985006338507318,5.428564826977305e-20,2.3157549770503056e-20
337,17,5.460662364959717,-3.762856485061767,-4.164973937617564,4.04043521222747,4.0478561862335,-0.0002130357272066842,-0.0002179901995588141,0.9985237856938087,0.9985075794036549,0.9985237856938088,0.9985075794036549,0.0,1.6210284839352137e-20
338,17,5.437190532684326,-3.6167206783538104,-4.000497959838437,4.030440977669766,4.04263162366438,-0.0001857987479793078,-0.0002083327640849622,0.9984809153163385,0.9984995801774599,0.9984809153163385,0.9984995801774599,0.0,1.1347199387546495e-20
339,17,5.5582075119018555,-3.755257271433227,-3.926925753316874,4.0304862777801365,4.038988019899106,-0.00018104141911349212,-0.00020014536059352118,0.9984333592568966,0.9984797139012909,0.9984333592568966,0.9984797139012909,0.0,7.943039571282546e-21
340,17,5.452690124511719,-4.026370564167788,-3.956759196572148,3.941601246023957,4.009771987736562,-0.00023899032648668644,-0.00021179885036147077,0.9985872628927688,0.9985119785987342,0.9985872628927689,0.9985119785987342,2.714340080166657e-20,1.3703147940397754e-20
341,17,5.467831611633301,-3.399354617750181,-3.789537822925557,3.853442894377978,3.9628732597289864,-0.00023569538683064598,-0.0002189678113022233,0.9986452126745347,0.9985519488214742,0.9986452126745345,0.9985519488214742,0.0,9.592203558278427e-21
342,17,5.422023296356201,-3.166383807168955,-3.602591618198576,3.877203496126037,3.9371723306481012,-0.00017183272208596705,-0.0002048272845373464,0.9985090930908701,0.998539092102293,0.9985090930908701,0.998539092102293,0.0,6.7145424907948986e-21
343,17,5.528254985809326,-4.134157746906039,-3.762061456810815,3.909460057709702,3.928858648766581,-0.00022650845283400724,-0.00021133163502634465,0.9985744595754508,0.9985497023442402,0.9985744595754508,0.9985497023442402,0.0,4.700179743556429e-21
344,17,5.59481954574585,-4.778710833739254,-4.067056269889346,3.90940024099598,3.9230211264354002,-0.0002947818614592017,-0.00023636670295620177,0.9986980160067849,0.9985941964430036,0.998698016006785,0.9985941964430036,0.0,3.2901258204895e-21
345,17,5.56794548034668,-5.0278785499798175,-4.355302953916488,3.8558248602665026,3.902862246584731,-0.0003624640822800688,-0.0002741959167533619,0.9988983554427249,0.9986854441429199,0.9988983554427249,0.9986854441429199,0.0,2.30308807434265e-21
346,17,5.330608367919922,-3.677102790115771,-4.151842904776273,3.9419523237698186,3.914589269740257,-0.00014536553285327263,-0.0002355468015833351,0.9985549426024519,0.9986462936807794,0.9985549426024519,0.9986462936807794,0.0,1.6121616520398549e-21
347,17,5.4752044677734375,-4.422720798439166,-4.2331062728751405,3.925158201837024,3.917759949369287,-0.00017789192956096995,-0.00021825033997662557,0.9986304203699806,0.9986415316875398,0.9986304203699806,0.9986415316875398,0.0,1.1285131564278983e-21
348,17,5.172050476074219,-5.249606579766396,-4.538056364942517,3.9325901007932305,3.92220899479647,-0.0002557684419559938,-0.00022950577057043604,0.9988348510229113,0.9986995274881512,0.9988348510229111,0.9986995274881512,0.0,7.899592094995288e-22
349,17,5.241103172302246,-5.1711410907066995,-4.727981782671772,3.977301231426728,3.938736665785547,-0.0002226209228914076,-0.00022744031626672752,0.998928948608775,0.9987683538243383,0.9989289486087749,0.9987683538243383,-2.71341163451988e-20,-7.58726345690997e-21
350,17,5.482193470001221,-4.880043406002522,-4.773600269670997,3.9863370488644696,3.953016780709224,-0.00010555749696111583,-0.00019087547047504398,0.9988714930822777,0.9987992956017201,0.9988714930822777,0.9987992956017201,-1.3567838555737493e-20,-9.381435986558226e-21
351,17,5.678337574005127,-5.751159567903904,-5.066868059140869,4.423530662133067,4.094170945136376,-0.0002036177327749432,-0.00019469814916501374,0.9988874536744033,0.998825743023525,0.9988874536744033,0.998825743023525,-2.7135243527618436e-20,-1.470757824887629e-20
352,17,5.454780578613281,-5.768869112933286,-5.277468375278594,4.421759283691384,4.192447446702879,-6.508376645043303e-05,-0.0001558138343506395,0.9989830741484963,0.9988729423610163,0.9989830741484963,0.9988729423610163,0.0,-1.0295304774213402e-20
353,17,5.992138385772705,-5.597830545811252,-5.373577026438391,4.5836008393198435,4.309793464487968,-8.784128824243555e-05,-0.0001354220705181783,0.9991640174870374,0.9989602648988225,0.9991640174870374,0.9989602648988225,-1.356386631111306e-20,-1.1275873235283297e-20
354,17,5.948820114135742,-5.166401602442585,-5.311424399239649,4.743110849501851,4.439788679992133,-5.632365133347671e-05,-0.00011169254476276781,0.9990072822056059,0.9989743700908574,0.9990072822056059,0.9989743700908574,-6.782997180034348e-21,-9.928010418708612e-21
355,17,5.868724346160889,-5.228769596708911,-5.286627958480428,4.8208354268455755,4.554102704048166,4.429274813051265e-05,-6.489695689478366e-05,0.9987578622586242,0.9989094177411875,0.9987578622586242,0.9989094177411875,6.784691098911938e-21,-4.914199963422447e-21
356,17,5.628104209899902,-6.77306069249302,-5.732557778684205,4.818729859550768,4.633490850698946,-0.00015087832917437877,-9.06913685786622e-05,0.9990898121689504,0.9989635360695164,0.9990898121689504,0.9989635360695164,0.0,-3.439939974395713e-21
357,17,5.880805492401123,-6.645527175878574,-6.006448597842516,4.800781322011537,4.683677992092723,-0.00020018892629406374,-0.00012354063589328264,0.9991654318280234,0.9990241047970684,0.9991654318280233,0.9990241047970684,-2.712769422231467e-20,-1.0546266248771399e-20
358,17,5.4892497062683105,-5.516300783025096,-5.859404253397289,4.5794945408635925,4.652422956723984,-6.267326663470368e-05,-0.00010528042511570893,0.9989632600656134,0.9990058513776319,0.9989632600656134,0.9990058513776319,0.0,-7.382386374139979e-21
359,17,5.473577976226807,-5.181566608691184,-5.656052959985457,4.44947204780628,4.591537684048673,-4.7438338420371095e-05,-8.792779910710757e-05,0.9988304800419822,0.998953239976937,0.9988304800419822,0.998953239976937,0.0,-5.167670461897985e-21
360,17,5.746114730834961,-5.932209186006631,-5.738899827791809,4.427466127751647,4.542316217159565,-6.882453273636983e-05,-8.219681919588624e-05,0.9987746007138306,0.998899648198005,0.9987746007138306,0.998899648198005,0.0,-3.617369323328589e-21
361,17,5.5811614990234375,-6.426708320362787,-5.945242375563102,4.473532765790045,4.521681181748709,-0.00014307353186076053,-0.00010045983299534852,0.9988718238229801,0.9988913008854976,0.9988718238229801,0.9988913008854976,0.0,-2.5321585263300124e-21
362,17,5.863369941711426,-6.133748300313178,-6.001794152988125,4.482738828684306,4.509998475829388,-0.00015588415786468233,-0.00011708713045614866,0.9988901811351499,0.9988909649603932,0.9988901811351499,0.9988909649603932,0.0,-1.7725109684310087e-21
363,17,5.685244560241699,-5.886216668141619,-5.967120907534173,4.584028384578108,4.532207448454003,-0.00013590288007938266,-0.00012273185534311887,0.9987215049884477,0.9988401269688094,0.9987215049884478,0.9988401269688094,0.0,-1.2407576779017061e-21
364,17,5.660802841186523,-6.340383041912552,-6.079099547847687,4.592160339081747,4.550193315642327,-0.00021390975008006065,-0.0001500852237642014,0.998860828892766,0.9988463375459963,0.998860828892766,0.9988463375459963,0.0,-8.685303745311943e-22
365,17,6.012340068817139,-5.616475821038817,-5.940312429805025,4.592738148645159,4.562956765543176,-0.0002838270909994434,-0.000190207783934774,0.9990166373889561,0.9988974274988842,0.9990166373889562,0.9988974274988842,-5.426346929112163e-20,-1.6887012049508325e-20
366,17,5.604030132293701,-3.6513714520199105,-5.25363013646949,4.730972135983685,4.6133613766753285,-3.705636675666902e-05,-0.00014426235878134248,0.9986325951232471,0.998817977786193,0.9986325951232471,0.998817977786193,0.0,-1.1820908434655827e-20
367,17,5.4548492431640625,-3.6995520323024587,-4.7874067052193805,4.743153117864858,4.652298899032187,-4.737663480906985e-05,-0.00011519664158966068,0.9986428701560534,0.9987654454971511,0.9986428701560535,0.9987654454971511,6.785472345059157e-21,-6.238994200741332e-21
368,17,5.50330924987793,-3.722985949918943,-4.468080478629249,4.965711836226672,4.746322780190532,-5.098302337480335e-05,-9.593255612520348e-05,0.9984810295947458,0.9986801207264294,0.9984810295947458,0.9986801207264294,0.0,-4.367295940518932e-21
369,17,5.312046527862549,-3.9869372804969014,-4.323737519189544,4.9907051703053895,4.8196374972249885,-0.00012597014048234675,-0.00010494383143234645,0.9986008419797808,0.9986563371024348,0.9986008419797808,0.9986563371024348,2.714303170263742e-20,5.085802352427973e-21
370,17,5.257385730743408,-3.2071937567539206,-3.9887743904588566,5.24412334400066,4.94698325125769,-0.00017582740944878974,-0.00012620890483727943,0.9985725000319057,0.9986311859812761,0.9985725000319057,0.9986311859812761,-2.714380208875326e-20,-4.583078979926398e-21
371,17,5.253012657165527,-2.7013023990600367,-3.6025327930392104,5.396986124067053,5.081984113100498,-1.9519896849196288e-05,-9.420220244085448e-05,0.9982466874691717,0.9985158364276447,0.9982466874691718,0.9985158364276447,0.0,-3.2081552859484787e-21
372,17,5.197615146636963,-4.548218881207241,-3.8862386194896192,6.015486603418842,5.362034860196001,-0.00036946297454777986,-0.00017678043407293208,0.998436639100042,0.998492077229364,0.9984366391000419,0.998492077229364,-5.42949912907227e-20,-1.8534206087380746e-20
373,17,5.414477825164795,-4.876491623151265,-4.183314520588113,5.967127502211185,5.5435626528005555,-0.00046468377585557713,-0.0002631514366077256,0.9986486942857442,0.998539062346278,0.9986486942857441,0.998539062346278,0.0,-1.2973944261166521e-20
374,17,5.210071563720703,-3.5704861766973206,-3.9994660174208754,5.9753214694548165,5.673090297796834,-0.0004017746487834563,-0.0003047384002604448,0.9985254497027436,0.9985349785532176,0.9985254497027436,0.9985349785532176,0.0,-9.081760982816565e-21
375,17,5.218384742736816,-2.7127777158066206,-3.6134595269365986,5.970588822616326,5.762339855242681,-0.0002954519565178962,-0.0003019524671376802,0.9983308502397554,0.9984737400591788,0.9983308502397554,0.9984737400591788,0.0,-6.3572326879715945e-21
376,17,5.057513236999512,-2.883968152381499,-3.3946121145700685,5.961803758795831,5.822179026308627,-0.00030507126554704195,-0.00030288810666048873,0.9983583250590383,0.9984391155591366,0.9983583250590384,0.9984391155591366,-5.429925034287611e-20,-2.073983798444295e-20
377,17,4.889995098114014,-2.9639529323653435,-3.265414359908651,6.053468978139391,5.891566011857856,-0.0003843090008020675,-0.00032731437490296234,0.9983440262899992,0.9984105887783954,0.9983440262899993,0.9984105887783954,0.0,-1.4517886589110065e-20
378,17,5.305391788482666,-2.71494517817616,-3.1002736053889035,5.644644437881839,5.817489539665051,-0.0004357624623408424,-0.0003598488011343263,0.9985011752653367,0.9984377647244778,0.9985011752653367,0.9984377647244778,-5.429148204043896e-20,-2.6449965224508735e-20
379,17,5.353482246398926,-1.3703760135840055,-2.581304327847434,5.263187205836825,5.651198839516583,-0.0002508248313281076,-0.00032714161019246066,0.9983938356936078,0.9984245860152168,0.9983938356936078,0.9984245860152168,0.0,-1.8514975657156115e-20
380,17,5.638062953948975,-0.9587155158595824,-2.0945276842510783,5.401213598372468,5.576203267173349,-0.00022389689133860642,-0.00029616819453630436,0.9981102142770274,0.9983302744937599,0.9981102142770273,0.9983302744937599,-5.431274808017254e-20,-2.9254307384061045e-20
381,17,5.340633869171143,-1.7956985133845484,-2.004878932991119,5.391584059739339,5.520817504943145,-0.00023756991070048348,-0.0002785887093855581,0.9981483684387227,0.9982757026772486,0.9981483684387227,0.9982757026772486,0.0,-2.047801516884273e-20
382,17,5.465037822723389,-1.7079039347912732,-1.9157864335311654,5.355770747063092,5.471303477579129,-0.00030652986080106085,-0.0002869710548102089,0.9983821979187861,0.9983076512497098,0.9983821979187861,0.9983076512497098,-5.429795196396818e-20,-3.062399620738036e-20
383,17,5.117679595947266,-0.6909496811965307,-1.5483354078307747,5.450437715891745,5.465043749072914,-0.0002189396869719127,-0.00026656164445872,0.9981886301742968,0.9982719449270858,0.9981886301742968,0.9982719449270858,0.0,-2.1436797345166253e-20
384,17,5.599861145019531,-0.31271614573196316,-1.1776496292011311,5.551272597420428,5.490912403577168,-7.769517541209732e-05,-0.0002099017037447332,0.9978660466406496,0.9981501754411548,0.9978660466406495,0.9981501754411548,-1.3581509463814164e-20,-1.9080210980760627e-20
385,17,5.215743064880371,-2.4979576255940046,-1.573742028118993,6.1391806427475375,5.6853928753282785,-0.00039260150059609823,-0.0002647116428001427,0.9981958729747968,0.9981638847012474,0.9981958729747968,0.9981638847012474,0.0,-1.3356147686532438e-20
386,17,5.683747291564941,-2.4896937801053047,-1.8485275537148866,6.105221394392105,5.811341431047426,-0.00035748707116850374,-0.00029254427131065097,0.9985060885829059,0.9982665458657449,0.9985060885829059,0.9982665458657449,-5.429121489004738e-20,-2.5636667847586918e-20
387,17,5.182514667510986,-0.8519575988427294,-1.5495565672532394,6.395461162457421,5.986577350470424,-0.0001802913137540201,-0.0002588683840436617,0.9982898605209723,0.9982735402623131,0.9982898605209723,0.9982735402623131,-2.715148714221382e-20,-2.6091113635974986e-20
388,17,4.861072540283203,-0.7673034006606845,-1.3148806172754728,6.6310727872875015,6.179925981515547,-0.00013860509249361344,-0.00022278939657864724,0.998178904087929,0.9982451494099978,0.9981789040879291,0.9982451494099978,0.0,-1.826377954518249e-20
389,17,5.376383304595947,-1.3062742167116423,-1.3122986971063235,7.244055895385531,6.499164955676542,-0.0002352401289370546,-0.00022652461628616942,0.9980092820019126,0.9981743891875722,0.9980092820019125,0.9981743891875721,0.0,-1.2784645681627743e-20
390,17,6.062587738037109,-2.3538408353821203,-1.6247613385890625,7.57999674460584,6.823414492355331,-0.00038623913316506635,-0.00027443897134983846,0.9981846966494363,0.9981774814261313,0.9981846966494364,0.9981774814261313,0.0,-8.949251977139419e-21
391,16,5.577937126159668,-2.7691122965826187,-1.9680666259871293,7.400089662205465,6.996417043310371,-0.00029887644716914633,-0.0002817702140956308,0.9985519190215829,0.9982898127047668,0.998551919021583,0.9982898127047668,0.0,-6.264476383997593e-21
392,16,5.342089653015137,-1.5859339016981255,-1.8534268087004282,7.408468468274371,7.12003247079957,-0.00020318654998951097,-0.0002581951148637948,0.9986149567258955,0.9983873559111054,0.9986149567258954,0.9983873559111054,0.0,-4.385133468798315e-21
393,16,5.363048553466797,-0.9862001924646512,-1.593258823829695,7.734195826531016,7.3042814775190035,-0.00016312540265368163,-0.00022967420120076083,0.9983960989176432,0.9983899788130667,0.9983960989176432,0.9983899788130667,-2.7148597977818704e-20,-1.1214172821504431e-20
394,16,5.304586410522461,-1.1847071803253986,-1.470693330778406,7.748878889510815,7.437660701116547,-0.00014668899244449439,-0.0002047786385738809,0.9983667429096486,0.9983830080420413,0.9983667429096484,0.9983830080420412,0.0,-7.849920975053101e-21
395,16,5.331756591796875,-1.3494703418348997,-1.434326434095354,7.95729137479728,7.593549903220767,-0.00022640578939078977,-0.00021126678381895353,0.9983752849759894,0.9983806911222256,0.9983752849759895,0.9983806911222257,-2.714916396672367e-20,-1.363969387255427e-20
396,16,5.67108154296875,-1.3344697962225598,-1.4043694427335156,7.819268494427688,7.661265480582843,-0.00020442169912022337,-0.0002092132584093345,0.9985513786106337,0.998431897368748,0.9985513786106337,0.998431897368748,2.7144376236154313e-20,-1.4044728399416964e-21
397,16,5.56519889831543,-0.4215400925969043,-1.1095206376925322,8.056797621191206,7.779925122765351,-0.0002347838216830845,-0.0002168844273914595,0.9984695823187204,0.9984432028537398,0.9984695823187204,0.9984432028537398,0.0,-9.831309879591875e-22
398,16,5.513282775878906,0.41823922229691324,-0.6511926796956985,7.9321508750128285,7.8255928484395945,-0.00012916442477558287,-0.0001905684266066965,0.9982761659071736,0.9983930917697699,0.9982761659071736,0.9983930917697699,0.0,-6.881916915714312e-22
399,17,4.760671615600586,0.6158199239073933,-0.2710888986147709,7.997580455719301,7.877189130623505,-0.0003109288520753222,-0.00022667655424728423,0.9980025181860473,0.9982759196946531,0.9980025181860472,0.9982759196946531,5.431860905802784e-20,1.581384853330835e-20
400,17,5.802260398864746,0.11813691059894653,-0.15432115585065567,7.919560430698217,7.889900520645918,-0.0002619761528646752,-0.0002372664338325015,0.9977308686165935,0.9981124043712352,0.9977308686165935,0.9981124043712352,0.0,1.1069693973315843e-20
401,17,5.794220924377441,-1.5736221931884864,-0.5801114670520049,7.6706176680667655,7.824115664872172,-0.0004155170171322185,-0.0002907416088224166,0.9981383439801497,0.9981201862539095,0.9981383439801497,0.9981201862539095,0.0,7.74878578132109e-21
402,17,5.838801860809326,-1.2994382386722771,-0.7959094985380866,7.627828656101609,7.765229562241002,-0.0004158790707660473,-0.0003282828474055058,0.9981839380285213,0.9981393117862929,0.9981839380285213,0.9981393117862929,0.0,5.424150046924763e-21
403,17,5.827192306518555,-0.6314105712511674,-0.7465598203520109,7.517505151437722,7.690912239000017,-0.00012238754903560933,-0.0002665142578945368,0.997853406561417,0.99805354021883,0.9978534065614171,0.99805354021883,2.716336300894245e-20,1.1945913935530069e-20
404,17,5.683322429656982,-2.011150992427884,-1.1259371719747726,7.708219400284268,7.696104387385292,-0.0003762004320039431,-0.0002994201101273587,0.9981453385381629,0.9980810797146298,0.9981453385381629,0.9980810797146298,-5.43108368403231e-20,-7.931111297225881e-21
405,17,5.694594383239746,-0.987084316576588,-1.0842813153553172,7.590234875630064,7.664343533858723,-0.00018705808195509883,-0.0002657115016756807,0.9979581373553607,0.998044197006849,0.9979581373553608,0.998044197006849,2.7160512347709663e-20,2.596375796254782e-21
406,17,5.699070453643799,-0.9878080463945013,-1.0553393346670723,7.569281983087816,7.63582506862745,-0.00022559530554932912,-0.00025367664283777524,0.9979368910580672,0.9980120052222143,0.9979368910580672,0.9980120052222143,0.0,1.8174630573783472e-21
407,17,5.38332462310791,-0.5934102673861132,-0.9167606144827845,7.440243911857048,7.577150721596329,-0.00010715853032747628,-0.00020972120908468555,0.9976517955090035,0.997903942308251,0.9976517955090035,0.997903942308251,0.0,1.2722241401648429e-21
408,17,5.231780529022217,-1.134628879028766,-0.982121093846579,7.362407551275057,7.5127277704999464,-0.0002706479093536261,-0.0002279992191653677,0.9977430100476793,0.9978556626300794,0.9977430100476792,0.9978556626300794,0.0,8.9055689811539e-22
409,17,5.297210693359375,-0.8586142970453254,-0.9450690548062028,7.088802342576096,7.38555014212279,-0.0001899212482561762,-0.00021657582789261023,0.997693357684256,0.9978069711463324,0.997693357684256,0.9978069711463324,2.716772052592502e-20,8.773705986458279e-21
410,17,5.509728908538818,-0.5049272824230868,-0.8130265230912679,7.015341215540002,7.274487464147953,-0.00016075223944670827,-0.00019982875135883963,0.997598789637067,0.9977445166935528,0.9975987896370669,0.9977445166935528,0.0,6.141594190520795e-21
411,17,5.600238800048828,-0.30459637206823403,-0.6604974777843576,7.028150485993062,7.200586370701485,-0.00010647715714837148,-0.00017182327309569917,0.9974858935109773,0.9976669297387801,0.9974858935109773,0.9976669297387801,0.0,4.299115933364556e-21
412,17,5.576844692230225,-0.3018975083805152,-0.5529174869632049,7.029286909173367,7.1491965322430495,-0.00010934602089804285,-0.00015308009743640225,0.9974827711636396,0.9976116821662379,0.9974827711636396,0.9976116821662379,1.358672805973255e-20,7.085399571274955e-21
413,17,5.488832473754883,0.08906761368687661,-0.3603219567681804,7.104682671668928,7.135842374070813,-9.138580533911265e-05,-0.00013457180980721537,0.9973955613990467,0.9975468459360805,0.9973955613990467,0.9975468459360805,0.0,4.959779699892468e-21
414,17,5.556059837341309,0.4559369270347901,-0.11544429162728922,7.208253799853419,7.157565801805594,-1.2018815081602143e-05,-9.780591138953139e-05,0.9971711462600192,0.9974341360332619,0.9971711462600192,0.9974341360332619,-1.6988717542242857e-21,2.962184263657442e-21
415,17,5.552124977111816,-0.48928384252524587,-0.22759615689667623,7.538399504260316,7.271815912542011,-0.0001442050936856331,-0.00011172566607836189,0.9971395570537157,0.997345762339398,0.9971395570537158,0.997345762339398,-2.718280918693657e-20,-6.081313771520761e-21
416,17,5.244900226593018,-0.65912030309708,-0.35705340075679737,7.530637491568171,7.349462386249858,-0.00025623051519252236,-0.00015507712081261002,0.997356526395604,0.9973489915562597,0.9973565263956039,0.9973489915562597,-5.435379143723842e-20,-2.0563057071236058e-20
417,17,5.5186309814453125,1.3537277607880673,0.15618094770666205,7.816704085331386,7.489634895974316,-4.581206175861873e-05,-0.00012229760309641263,0.996882085191769,0.9972089196469125,0.996882085191769,0.9972089196469125,0.0,-1.439413994986524e-20
418,17,5.52829647064209,1.1646311577583992,0.45871601072218315,8.0304465817214,7.65187840169844,-9.159331046965141e-05,-0.00011308631530838425,0.9968066219796452,0.9970882303467323,0.9968066219796452,0.9970882303467323,0.0,-1.0075897964905668e-20
419,17,5.400117874145508,0.45730851737844896,0.45829376271906286,8.132931649095756,7.796194375917635,-0.00020247488195238736,-0.00013990288530158518,0.9968843009294476,0.9970270515215469,0.9968843009294476,0.9970270515215469,2.718976945154633e-20,1.1038022600299297e-21
420,17,5.591314792633057,1.0334684789534476,0.6308461775893783,8.120944656074428,7.893619459964672,-0.00020345082669319753,-0.00015896726771906885,0.9968201799977141,0.9969649900643971,0.9968201799977141,0.9969649900643971,-2.719151844638596e-20,-7.384793951894837e-21
421,17,5.487283229827881,1.0599205349613317,0.7595684848009643,8.130046614354871,7.964547606281731,-0.0002530300438530648,-0.0001871861005592676,0.9968856650460184,0.9969411925588834,0.9968856650460183,0.9969411925588834,-5.437946449131934e-20,-2.1483195113722187e-20
422,17,5.364571571350098,1.9961601565029308,1.1305459863115543,8.046639671556454,7.989175225864147,-0.00016456308185740516,-0.00018039919494870887,0.9967667136833671,0.9968888488962284,0.9967667136833671,0.9968888488962284,0.0,-1.503823657960553e-20
423,17,5.343948841094971,2.674437506880302,1.5937134424821786,8.35881171250924,8.100066171857675,-4.156983429292056e-05,-0.00013875038675197236,0.9961632199657207,0.9966711602170759,0.9961632199657208,0.996671160217076,-6.802362747610358e-21,-1.2567474430006977e-20
424,17,5.037564277648926,0.7939094651911335,1.353772249294865,8.42080306495588,8.196287239787136,-0.00034886075885967713,-0.0002017834983842838,0.9965747910721949,0.9966422494736116,0.9965747910721949,0.9966422494736117,0.0,-8.797232101004884e-21
425,17,5.221062660217285,1.0552692897053695,1.2642213614180162,8.152244026675389,8.183074275853611,-0.00045217703901353145,-0.0002769015605730581,0.9969651978325185,0.9967391339812837,0.9969651978325184,0.9967391339812837,0.0,-6.158062470703418e-21
426,17,5.131171226501465,3.4127352555088772,1.9087755296452744,8.26417728717332,8.207405179249523,-0.00011978788515013138,-0.00022976745794618008,0.9962718594584066,0.9965989516244205,0.9962718594584066,0.9965989516244205,0.0,-4.3106437294923925e-21
427,17,5.288027286529541,2.2310058389442506,2.0054446224349673,8.41626965196398,8.27006452106386,-0.00019345569963005144,-0.00021887393045134148,0.9963601975915259,0.996527325414552,0.9963601975915258,0.9965273254145519,0.0,-3.0174506106446747e-21
428,17,5.7862443923950195,1.2728240250916318,1.7856584432319664,8.70801229644433,8.401448853678001,-0.0003733624981313994,-0.0002652205007553589,0.9966498782655487,0.996564091269851,0.9966498782655486,0.9965640912698509,0.0,-2.1122154274512723e-21
429,17,5.66703462600708,1.744815188365996,1.773405466772175,8.805958402144586,8.522801718217977,-0.00035690722616479485,-0.00029272651837818965,0.9968004526726483,0.9966349996906901,0.9968004526726483,0.99663499969069,5.438411316821297e-20,1.4836683151248e-20
430,17,5.361684322357178,2.814146435732197,2.0856277574601814,9.225074049545745,8.733483417616307,-0.000294990059790306,-0.00029340558080182455,0.996479110081107,0.9965882328078152,0.996479110081107,0.996588232807815,-5.44016508483182e-20,-5.9348170486218596e-21
431,17,5.51181173324585,2.4977449579803648,2.209262917616236,9.336255674449028,8.914315094666122,-0.00022568857035580258,-0.00027309047766801796,0.9962755780493256,0.9964944363802682,0.9962755780493256,0.9964944363802681,0.0,-4.154371934035301e-21
432,17,5.420139312744141,0.8486987614594635,1.8010936707692045,9.773633655120799,9.172110662802524,-0.0004966602723224318,-0.0003401614160643421,0.9965324653674293,0.9965058450764166,0.9965324653674293,0.9965058450764165,0.0,-2.9080603538247107e-21
433,17,6.313518047332764,0.19889142899435355,1.320432998236749,9.683575528687973,9.325550122568158,-0.0006004454350730018,-0.00041824662176694,0.9970102303846886,0.9966571606688981,0.9970102303846887,0.9966571606688981,0.0,-2.0356422476772975e-21
434,16,5.559296131134033,2.468404446071269,1.6648244325871049,9.207579112283607,9.290158819482793,-4.7837551714954934e-05,-0.00030712390075134446,0.9968145185348077,0.9967043680286709,0.9968145185348076,0.9967043680286709,0.0,-1.4249495733741082e-21
435,16,5.51520299911499,2.453855563766299,1.901533771940863,9.615593976185998,9.387789366493754,-2.4837007948671746e-05,-0.00022243783291054265,0.9965159601151848,0.996647845654625,0.9965159601151847,0.996647845654625,0.0,-9.974647013618758e-22
436,16,5.246981620788574,1.149263339816556,1.6758526423035707,9.904941973198873,9.54293514850529,-0.00018352230183936864,-0.00021076317358919043,0.99666462026089,0.9966528780365045,0.9966646202608901,0.9966528780365045,0.0,-6.98225290953313e-22
437,16,5.390509128570557,0.6073478735770003,1.3553012116855994,9.965862384154798,9.669813319200141,-0.0002140873165417952,-0.00021176041647497185,0.996811060045651,0.9967003326392483,0.9968110600456511,0.9967003326392484,0.0,-4.887577036673191e-22
438,16,5.84906005859375,0.737347523554685,1.169915105246325,9.983111277602697,9.763802706720908,-0.00018606619399009794,-0.0002040521497295097,0.9969060674473903,0.9967620530816909,0.9969060674473904,0.996762053081691,0.0,-3.421303925671233e-22
439,16,5.939682960510254,1.563570200671734,1.2880116338739476,10.06658367796313,9.854636998093575,-2.5786519443125005e-05,-0.00015057246064359425,0.9967759398170379,0.996766219102295,0.996775939817038,0.996766219102295,0.0,-2.394912747969863e-22
440,16,5.716431617736816,1.0727875100634021,1.223444396730784,10.363443766541169,10.007279028627853,1.982399659844809e-05,-9.945352347098154e-05,0.9966870828627358,0.9967424782304272,0.9966870828627358,0.9967424782304272,3.399393698657793e-21,8.521742172394475e-22
441,16,5.759686470031738,-0.616355156179011,0.6715045308578454,10.933881548263102,10.285259784518427,-0.00022210718839940418,-0.00013624962294950835,0.9969237099040058,0.9967968477325007,0.9969237099040057,0.9967968477325007,2.7188694624132843e-20,8.753130339307466e-21
442,16,6.216944694519043,-0.6094076005820658,0.287230891425872,10.810782275308883,10.442916531755563,-0.00021181926804512033,-0.00015892051647819192,0.9971521207414077,0.9969034296351728,0.9971521207414076,0.9969034296351726,0.0,6.127191237515226e-21
443,16,6.063464641571045,-0.4481602236982417,0.06661355688863788,10.851784057731479,10.565576789548338,-0.00016358142212648128,-0.0001603187881726787,0.9971063545447358,0.9969643071080416,0.997106354544736,0.9969643071080416,0.0,4.289033866260658e-21
444,16,5.770691394805908,-0.5998033511682638,-0.13331151552843262,10.871117602977725,10.657239033577152,-7.421074345014826e-05,-0.00013448637475591956,0.9969516409223947,0.9969605072523475,0.9969516409223947,0.9969605072523475,-1.3593966447088448e-20,-1.0758662277440737e-21
445,16,6.092690467834473,-1.4767195826964112,-0.5363339356788261,10.944669044443907,10.743468036837179,-0.00018298387306645892,-0.00014903562424908135,0.9971212229997157,0.997008721976558,0.9971212229997157,0.997008721976558,2.718330899686942e-20,7.401886339639973e-21
446,16,6.060466766357422,-1.4561507795391724,-0.81227898883693,10.935048702520204,10.800942236542085,-0.00017428565247294177,-0.0001566106327162395,0.9971176794445091,0.9970414092169433,0.9971176794445092,0.9970414092169433,-2.7183405600869236e-20,-2.973701242512791e-21
447,16,6.017467975616455,-1.4170630280909433,-0.9937142006131339,10.914134456371185,10.834899902490815,-7.982053972253712e-05,-0.00013357360481812877,0.9969809891925764,0.9970232832096332,0.9969809891925763,0.9970232832096332,0.0,-2.0815908697589534e-21
448,16,6.241519927978516,-2.7820120398810366,-1.5302035523935047,10.80706297782106,10.826548825089887,-0.00019402236954276655,-0.0001517082342355201,0.9972519197362401,0.9970918741676151,0.99725191973624,0.9970918741676151,0.0,-1.4571136088312672e-21
449,16,6.306340217590332,-2.864421418530057,-1.9304689122344705,10.679391787546864,10.78240171382698,-0.0001894104950401137,-0.00016301891247689818,0.9972057516769726,0.9971260374204223,0.9972057516769726,0.9971260374204223,0.0,-1.019979526181887e-21
450,16,6.128102779388428,-3.0591238735553157,-2.2690654006307236,10.323563950464251,10.644750384818161,-0.00012749290976227722,-0.00015236111166251187,0.9972971476003272,0.9971773704743937,0.9972971476003272,0.9971773704743937,-2.717851382344485e-20,-8.867539815360777e-21
451,16,6.140869140625,-3.449023125629609,-2.6230527181303893,10.011299017391513,10.454714974590166,-0.00010516125074340957,-0.00013820115338678118,0.9974640361945025,0.9972633701904263,0.9974640361945024,0.9972633701904262,0.0,-6.207277870752543e-21
452,16,6.155365943908691,-3.5561931735120016,-2.9029948547448727,9.950848943959432,10.303555165400946,-0.000145060041351207,-0.0001402588197761089,0.9975699547333382,0.9973553455532997,0.9975699547333382,0.9973553455532997,-2.7171081269566805e-20,-1.2496418890396822e-20
453,16,6.048387050628662,-3.0583042341713536,-2.949587668572817,9.50782033956499,10.06483471765016,3.528553684685616e-06,-9.712260773787055e-05,0.9976080733414995,0.9974311638897596,0.9976080733414995,0.9974311638897596,0.0,-8.747493223277775e-21
454,16,6.0445556640625,-2.69760971585782,-2.873994282758318,9.491598011569831,9.892863705826061,9.050477927955525e-05,-4.08343916326428e-05,0.9975009609484202,0.9974521030073578,0.9975009609484202,0.9974521030073578,0.0,-6.1232452562944415e-21
455,16,5.985004901885986,-3.3381588856502717,-3.0132436636259037,9.712289410324521,9.838691417175598,0.000167463276859394,2.1654908914968236e-05,0.9974134575077195,0.9974405093574662,0.9974134575077196,0.9974405093574663,0.0,-4.2862716794061084e-21
456,16,6.142441272735596,-4.937842949256274,-3.5906234493150144,10.335114171402155,9.987618243443565,-0.0001286823419288271,-2.344626633817037e-05,0.99771977887529,0.9975242902128132,0.99771977887529,0.9975242902128134,-2.716700108189958e-20,-1.1150490500154148e-20
457,16,6.902980804443359,-4.777320864931539,-3.9466326739999715,10.06433368800555,10.01063287681216,-4.3326974966865804e-05,-2.9410478926778997e-05,0.9981097638048038,0.9976999322904103,0.9981097638048038,0.9976999322904105,0.0,-7.805343350107902e-21
458,16,6.132810115814209,-3.356742886031195,-3.7696657376093383,10.517624934821011,10.162730494214815,0.00023456740664416927,4.978288674450548e-05,0.9977296373331318,0.9977088438032267,0.9977296373331319,0.9977088438032269,0.0,-5.463740345075531e-21
459,16,6.437113285064697,-4.162016575037287,-3.8873709888377226,11.031225930039259,10.423279124962146,0.00010816032222791293,6.72961173895277e-05,0.9977526309155611,0.997721979936927,0.9977526309155611,0.997721979936927,0.0,-3.824618241552872e-21
460,16,6.6880927085876465,-5.1691576051193175,-4.271906973722201,11.470032690234978,10.737305194543996,-9.10128455860304e-06,4.437689680508848e-05,0.9976802587258811,0.9977094635736132,0.9976802587258811,0.9977094635736132,1.698004826388026e-21,-2.1678313211706023e-21
461,16,6.729360103607178,-6.03956057858594,-4.802203055181322,11.496381483162427,10.965028081129525,-9.35374281254249e-05,3.0025993259344644e-06,0.9978211026759881,0.9977429553043256,0.9978211026759881,0.9977429553043256,1.3582121203613763e-20,2.557154436264707e-21
462,16,6.579701900482178,-6.124961961476276,-5.199030727069808,11.524501150448963,11.132870001925355,-0.00013183067653962626,-3.744738343373375e-05,0.9978410879621595,0.9977723951016757,0.9978410879621596,0.9977723951016757,0.0,1.790008105385295e-21
463,16,6.017200469970703,-6.054743038722358,-5.455744420565573,11.148152489653164,11.137454748243696,-0.00012150026077883489,-6.266324663726409e-05,0.9978510373516661,0.9977959877766728,0.9978510373516661,0.9977959877766728,0.0,1.2530056737697064e-21
464,16,6.657692909240723,-6.476048147144751,-5.761835538539326,10.797485916718173,11.035464098786038,-0.00019280641928458991,-0.00010170619843146183,0.9978917934297883,0.9978247294726074,0.9978917934297883,0.9978247294726074,-2.7162318089596277e-20,-7.271591455240088e-21
465,16,6.62108850479126,-6.748146477636854,-6.057728820268585,10.422598503204705,10.851604420111638,-0.00017324793489586492,-0.00012316871937078275,0.9979246240725326,0.9978546978525848,0.9979246240725327,0.9978546978525848,0.0,-5.090114018668061e-21
466,16,6.057708740234375,-6.6634448254239045,-6.23944362181518,9.781085266569074,10.530448674048868,-0.00015321935172820904,-0.00013218390907801064,0.9981464340661577,0.9979422187166567,0.9981464340661577,0.9979422187166567,0.0,-3.5630798130676424e-21
467,16,6.682041168212891,-5.479822075939742,-6.011557158052549,9.22345158831955,10.138349548330073,2.478124605274126e-05,-8.509436253878507e-05,0.9980467701856013,0.99797358415734,0.9980467701856013,0.99797358415734,0.0,-2.4941558691473497e-21
468,16,6.708164215087891,-5.346821429303338,-5.812136439427785,8.900103377326044,9.766875697028864,7.524511687094744e-05,-3.6992518715865306e-05,0.9980147665669289,0.9979859388802167,0.9980147665669289,0.9979859388802167,0.0,-1.7459091084031447e-21
469,16,6.684990406036377,-5.921298915407614,-5.844885182221733,8.85371804880312,9.492928402561141,0.00015322933031851463,2.0074035994448675e-05,0.9977477975983502,0.9979144964956568,0.9977477975983502,0.9979144964956568,0.0,-1.2221363758822013e-21
470,16,6.147634506225586,-8.241596885782378,-6.563898693289927,8.688676945582625,9.251652965467585,-0.00019044970454446734,-4.3083086167226126e-05,0.9983379399923104,0.9980415295446528,0.9983379399923102,0.9980415295446528,-2.715017953975223e-20,-9.00054932504321e-21
471,16,6.346311092376709,-7.5841228459834715,-6.86996593909799,8.23200689502142,8.945759144333735,-8.86995138440695e-05,-5.676801447027914e-05,0.9984459976573241,0.9981628699784542,0.9984459976573241,0.9981628699784542,0.0,-6.300384527530247e-21
472,16,6.876674175262451,-7.187765253030093,-6.965305733277621,8.006202147956092,8.663892045420441,1.706512018504757e-05,-3.461807407368112e-05,0.9982467585479387,0.9981880365492994,0.9982467585479387,0.9981880365492994,0.0,-4.410269169271172e-21
473,16,6.651787281036377,-8.680821628145187,-7.4799605017378905,8.011316660249772,8.46811942986924,2.3421731114070813e-05,-1.720613251735554e-05,0.9982157930830368,0.9981963635094205,0.9982157930830369,0.9981963635094206,-3.394187722228673e-21,-4.105444735158422e-21
474,16,6.523619651794434,-10.140020441296814,-8.277978483605567,7.982150163019199,8.322328649814228,-0.00020248785648381348,-7.279064970729292e-05,0.9986752280595728,0.9983400228744661,0.9986752280595728,0.9983400228744662,0.0,-2.873811314610895e-21
475,16,6.297356128692627,-9.995880726931762,-8.793349156603425,7.660081420846763,8.123654481123989,-0.00011008791145672161,-8.397982823212152e-05,0.9990923964112804,0.9985657349355104,0.9990923964112806,0.9985657349355106,0.0,-2.0116679202276265e-21
476,16,6.806472301483154,-9.019584883721778,-8.86121987473893,7.786730243609604,8.022577209869672,1.7073093606043385e-05,-5.3663951680672043e-05,0.9990022248114607,0.9986966818982954,0.9990022248114607,0.9986966818982956,0.0,-1.4081675441593385e-21
477,16,6.695086479187012,-8.667346414437443,-8.803057836648485,7.961170691161063,8.004155254257089,0.00019703306003931566,2.1545151835324266e-05,0.9987282357156564,0.9987061480435035,0.9987282357156563,0.9987061480435038,2.7139569447253095e-20,7.156153553264392e-21
478,16,6.408430099487305,-11.186305733059088,-9.518032205571666,8.184118034460763,8.05814408831819,-0.00010502030343417494,-1.6424484745525496e-05,0.9992307132223647,0.9988635175971619,0.9992307132223647,0.998863517597162,0.0,5.009307487285074e-21
479,16,6.681983470916748,-11.821527105995639,-10.209080675698857,8.031388744479262,8.050117485166512,-0.0002322766077780674,-8.118012165528806e-05,0.9996354377088393,0.9990950936306651,0.9996354377088392,0.9990950936306651,0.0,3.5065152410995516e-21
480,16,6.642175197601318,-10.704081948772311,-10.357581057620893,7.834850833439683,7.985537489648462,-0.00010399878325751363,-8.802572013595573e-05,0.9996581657321916,0.999264015261123,0.9996581657321916,0.999264015261123,-1.355716145842951e-20,-1.6125877687591667e-21
481,16,6.618823528289795,-9.939265517134178,-10.232086395474877,7.714676761095463,7.904279271082562,2.7426605306681858e-05,-5.339002250316445e-05,0.9994488795735826,0.9993194745548608,0.9994488795735826,0.9993194745548608,3.390000087310875e-21,-1.1181141193815414e-22
482,16,6.50861930847168,-11.18163913426573,-10.51695221711213,7.544970184930345,7.796486545236896,-0.00015625832915817063,-8.42505144996663e-05,0.9995833508995544,0.9993986374582688,0.9995833508995544,0.9993986374582688,0.0,-7.82679883567079e-23
483,16,6.322906017303467,-11.982845092300854,-10.956720079668747,7.053763978134009,7.57366977510603,-0.0002515194702694638,-0.00013443120123060554,0.9998438953813298,0.9995322148351871,0.9998438953813297,0.9995322148351871,0.0,-5.478759184969553e-23
484,16,6.287288665771484,-11.148507454732167,-11.014256292187772,6.306352125673674,7.193474480276323,-0.00024530562558151256,-0.00016769352853587764,1.0002117881122847,0.9997360868183163,1.0002117881122847,0.9997360868183163,0.0,-3.835131429478687e-23
485,16,6.672918796539307,-9.892437230056316,-10.677710573548335,5.822175336339609,6.782084737095309,-9.662151526585887e-05,-0.000146371924554872,1.0001093039766658,0.999848051965821,1.0001093039766658,0.999848051965821,0.0,-2.684592000635081e-23
486,16,6.376809597015381,-10.02960752444118,-10.483279658816189,5.725896463255375,6.465228254943328,-0.00012395248705726887,-0.00013964609330559106,0.9999677943116577,0.999883974669572,0.9999677943116577,0.999883974669572,0.0,-1.8792144004445563e-23
487,16,6.240342140197754,-10.931540720337484,-10.617757977272577,5.504289619420283,6.176946664286414,-0.00022958700288448186,-0.0001666283661792583,1.0002200914183437,0.9999848096942034,1.0002200914183437,0.9999848096942034,0.0,-1.3154500803111893e-23
488,16,6.103614807128906,-10.504457309439172,-10.583767776922555,5.129269056569785,5.862643381971425,-0.0001902983035273775,-0.00017372934738369404,1.0003780187398439,1.0001027724078955,1.0003780187398439,1.0001027724078955,0.0,-9.208150562178325e-24
489,16,5.717390060424805,-10.298923046622265,-10.498314357832466,5.066455842160997,5.623787120028297,-0.0002099556645278197,-0.00018459724252693175,1.0002925346369205,1.000159701076603,1.0002925346369205,1.000159701076603,-2.7097127463793402e-20,-8.135583944531545e-21
490,16,6.460431098937988,-11.112179588120318,-10.68247392691882,4.916569707862518,5.411621896378563,-0.00022627705498309898,-0.00019710118626378191,1.0001705018455749,1.0001629413072946,1.0001705018455749,1.0001629413072946,0.0,-5.6949087611720815e-21
491,17,6.081747055053711,-12.085848197754103,-11.103486208169404,5.163058478480425,5.337052871009122,-0.0006062739805451362,-0.0003198530245481882,1.000456680345135,1.0002510630186465,1.000456680345135,1.0002510630186465,0.0,-3.9864361328204564e-21
492,16,6.753047466278076,-11.717147144197448,-11.287584488977817,4.353379688639358,5.041950916298193,-0.0004671882994552888,-0.0003640536070203184,1.001073414742935,1.0004977685359329,1.001073414742935,1.0004977685359329,0.0,-2.7905052929743194e-21
493,16,6.489037036895752,-9.361368096082238,-10.709719571109144,3.9194648749075185,4.70520510388099,-0.00011864979127477641,-0.0002904324622966558,1.0007393421824264,1.0005702406298809,1.0007393421824264,1.0005702406298809,0.0,-1.9533537050820233e-21
494,17,6.286271572113037,-9.270336598369463,-10.27790467928724,4.063471996355178,4.512685171623247,-0.0001836450126918528,-0.0002583962274152149,1.0003783775464719,1.000512681704858,1.0003783775464719,1.000512681704858,2.709480224734112e-20,6.76109308064492e-21
495,16,5.938342094421387,-11.618350626099529,-10.680038463330925,3.641258045863068,4.251257033895193,-0.0001975640146624987,-0.00024014656358940003,1.000940199159858,1.000640936941358,1.000940199159858,1.000640936941358,0.0,4.732765156451444e-21
496,16,6.414224624633789,-11.674013052584241,-10.978230840106919,3.465522746462805,4.015536747665477,-0.00030158631769809766,-0.0002585784898220093,1.0013989137960106,1.0008683299977537,1.0013989137960106,1.0008683299977537,0.0,3.3129356095160106e-21
497,16,5.776230812072754,-9.90869801138596,-10.65737099149063,3.4685689992471933,3.8514464231399916,-4.710810026402466e-05,-0.0001951373729546139,1.001162982887765,1.000956725864757,1.001162982887765,1.000956725864757,0.0,2.3190549266612072e-21
498,16,6.018853187561035,-9.63433079695864,-10.350458933131032,3.596330765900944,3.774911725968277,9.023824178453453e-05,-0.00010952468853286937,1.000977107185329,1.0009628402609285,1.000977107185329,1.0009628402609285,-1.3539297810893471e-20,-2.438450894605196e-21
499,16,6.072201728820801,-11.430299570992752,-10.674411124489547,4.047266187009506,3.8566180642806454,-0.00014918483704524587,-0.00012142273308658231,1.0011247913177732,1.0010114255779818,1.001124791317773,1.0010114255779818,0.0,-1.7069156262236373e-21
500,16,6.724414348602295,-12.559257572970157,-11.239865059033729,3.7094494850534443,3.8124674905124847,-0.00033117613254938296,-0.0001843487529254225,1.0018860298736592,1.0012738068666849,1.001886029873659,1.0012738068666849,0.0,-1.1948409383565461e-21
501,16,5.583613872528076,-9.86817206046265,-10.828357159462405,3.724265056476021,3.7860067603015453,8.467714438445657e-06,-0.00012650381271626205,1.0015298853126957,1.0013506304004882,1.0015298853126957,1.0013506304004882,0.0,-8.363886568495822e-22
502,16,5.564554214477539,-9.99490135188377,-10.578320417188813,3.660563934907204,3.7483739126832427,8.850325756612598e-05,-6.200169163154565e-05,1.001513092306995,1.0013993689724403,1.0015130923069953,1.0013993689724403,0.0,-5.854720597947075e-22
503,16,5.95466947555542,-11.919462218788224,-10.980662957668637,3.8554521646417483,3.7804973882707946,-0.00011470447415110799,-7.781252638741434e-05,1.0017156090410269,1.001494240993016,1.001715609041027,1.0014942409930163,1.3529316138981854e-20,3.648964399838261e-21
504,16,5.998884677886963,-12.192636009601912,-11.344254873248618,3.9618255247622707,3.834895829218237,-0.0003073810576893755,-0.00014668308577800267,1.001795462826153,1.001584607542957,1.001795462826153,1.0015846075429573,0.0,2.5542750798867827e-21
505,16,6.044657230377197,-11.294030233064541,-11.329187481193394,3.0368725218453907,3.595488837006383,-0.00019717119223571498,-0.00016182951771531636,1.0020658723866085,1.0017289869960524,1.0020658723866085,1.0017289869960526,-2.7049174170138956e-20,-6.32675969512094e-21
506,16,5.7166643142700195,-11.02485436341387,-11.237887545859536,2.885057624174333,3.3823594731567677,-0.0001387824919903828,-0.0001549154099978363,1.0017619420965544,1.001738873526203,1.0017619420965544,1.001738873526203,-2.705738077392952e-20,-1.2545946018763514e-20
507,16,6.082351207733154,-12.310094077269188,-11.559549505282432,2.5264455358586844,3.125585291967343,-0.00030755484856338924,-0.00020070724156750217,1.0020648182207634,1.0018366569345711,1.0020648182207634,1.0018366569345711,0.0,-8.782162213134459e-21
508,16,6.280538558959961,-12.29614333170976,-11.78052765321063,2.093636924806803,2.816000781819181,-0.00028117230367180184,-0.00022484676019879205,1.0023120081547887,1.0019792623006363,1.002312008154789,1.0019792623006365,0.0,-6.147513549194121e-21
509,17,6.004397869110107,-10.690549134114859,-11.453534097481898,2.099863388744972,2.601159563896918,-0.00037593477404466053,-0.0002701731643525526,1.0021373362534856,1.0020266844864911,1.0021373362534856,1.0020266844864911,0.0,-4.3032594844358844e-21
510,17,5.215071678161621,-10.39940009634835,-11.137293897141832,1.814128592331457,2.3650502724272795,-0.0002761676890898621,-0.00027197152177374544,1.0020456035330594,1.0020323602004617,1.0020456035330594,1.0020323602004617,5.4099442613328854e-20,1.3217551144893538e-20
511,17,5.142431259155273,-10.987966416683486,-11.092495653004327,2.02487969795756,2.262999100086364,-0.0003620856553174317,-0.0002990057618368513,1.0018477940904174,1.0019769903674485,1.0018477940904174,1.0019769903674485,5.411012425644242e-20,2.5485323078358202e-20
512,17,5.426600456237793,-11.816305085916996,-11.309638482878128,1.9201100928323938,2.1601323979101728,-0.0005294656207729602,-0.00036814371951768396,1.002168492624512,1.0020344410445674,1.002168492624512,1.0020344410445674,1.0818561753484784e-19,5.0295411415305093e-20
513,17,5.804402828216553,-11.325420017860905,-11.31437294337296,1.3724566942713388,1.9238296868185225,-0.0005599946511201817,-0.00042569899899843326,1.0025456712070102,1.0021878100933002,1.0025456712070102,1.0021878100933002,1.0814491585008633e-19,6.765026274573946e-20
514,17,5.549663066864014,-9.340425712147859,-10.72218877400543,1.127390548090025,1.6848979451999733,-0.00034553162891877805,-0.0004016487879745367,1.0022490965024748,1.0022061960160524,1.0022490965024748,1.0022061960160524,5.408845846152515e-20,6.358172146047516e-20
515,17,5.5737433433532715,-8.912642144083406,-10.179324785028822,0.9664827534149244,1.4693733876644584,-0.0002799316402395785,-0.00036513364365404924,1.0021027331338428,1.0021751571513895,1.0021027331338428,1.0021751571513895,5.409635841900734e-20,6.073611254803481e-20
516,17,5.2079691886901855,-9.825177384081536,-10.073080564744636,1.0267438313327846,1.336584520764956,-0.0004725347419006363,-0.00039735397312802535,1.0022040809748431,1.0021838342984255,1.0022040809748431,1.0021838342984255,0.0,4.251527878362436e-20
517,17,5.719634056091309,-9.882776766617907,-10.015989425306618,0.7287999397620365,1.15424914646408,-0.0006607648579960366,-0.0004763772385884287,1.0026096856549294,1.0023115897053767,1.0026096856549294,1.0023115897053767,-1.0813801103240657e-19,-2.680708161184918e-21
518,17,5.452716827392578,-7.62180557934546,-9.29773427151827,0.3283739523830138,0.9064865882397601,-0.0003619746061367881,-0.0004420564488529365,1.0021757722898195,1.0022708444807096,1.0021757722898195,1.0022708444807096,0.0,-1.8764957128294426e-21
519,17,5.337255954742432,-7.530338135879444,-8.767515430826622,0.2624935164146115,0.7132886666922155,-0.00035038589603707504,-0.000414555283008178,1.001957505327391,1.002176842734714,1.0019575053273913,1.002176842734714,0.0,-1.3135469989806097e-21
520,17,5.011633396148682,-9.002880467073432,-8.838124941700665,0.22455824763483434,0.5666695409750011,-0.0006801566378465582,-0.000494235689459692,1.002201281509939,1.0021841743672815,1.002201281509939,1.0021841743672815,0.0,-9.194828992864268e-22
521,17,5.721187114715576,-8.70627963267824,-8.798571348993937,-0.5950421325972448,0.21815603890332733,-0.0006620994559412355,-0.000544594819404155,1.0026087553999699,1.002311548677088,1.0026087553999699,1.002311548677088,1.0813811136658034e-19,3.17977953804736e-20
522,17,4.8099236488342285,-6.108170368377146,-7.991451054808898,-0.9634591597524563,-0.13632852069340776,-0.00034407909606850093,-0.0004844401024034588,1.0021899950672615,1.00227508259414,1.0021899950672615,1.00227508259414,0.0,2.2258456766331516e-20
523,17,4.649796485900879,-6.06553772798154,-7.41367705676069,-0.792859702399815,-0.3332878752053299,-0.00037965407969885813,-0.0004530042955920786,1.0019811694398073,1.00218690864784,1.0019811694398073,1.00218690864784,0.0,1.558091973643206e-20
524,17,4.321889877319336,-7.532553520132379,-7.449339995772197,-0.8317816228931731,-0.4828359995116828,-0.0006134303287779061,-0.0005011321055478268,1.0021825755977931,1.0021856087328258,1.002182575597793,1.0021856087328258,0.0,1.0906643815502441e-20
525,17,4.587234973907471,-7.287323592897689,-7.400735074909845,-1.414523797857514,-0.7623423390154322,-0.0006266453166257728,-0.0005387860688712106,1.0025353037819316,1.0022905172475576,1.0025353037819316,1.0022905172475576,0.0,7.634650670851709e-21
526,17,4.839021682739258,-5.4467268237923925,-6.814532599574608,-1.965610873124168,-1.1233228992480528,-0.0003359831810437219,-0.00047794520252296397,1.0022586448150008,1.0022809555177905,1.0022586448150008,1.0022809555177905,5.4087943171876005e-20,2.1570638421158994e-20
527,17,4.649365425109863,-5.58350835326937,-6.445225325683037,-1.9553454646559476,-1.3729296688704213,-0.00029752482955403784,-0.00042381909063228616,1.0021450165288592,1.002240173821111,1.0021450165288592,1.002240173821111,0.0,1.5099446894811294e-20
528,17,4.599884510040283,-7.078456515500764,-6.635194682628354,-1.907888331828995,-1.5334172677579934,-0.0004703396207774751,-0.00043777524967584283,1.0023532005361413,1.00227408183562,1.0023532005361413,1.00227408183562,0.0,1.0569612826367905e-20
529,17,4.686581611633301,-7.500591495049732,-6.894813726354767,-1.9957352730383788,-1.6721126693421091,-0.0006057001277087751,-0.00048815271308572247,1.002681710840824,1.002396370537181,1.002681710840824,1.002396370537181,1.0813024320313168e-19,3.983780193939703e-20
530,17,4.751262664794922,-5.2991515375713485,-6.4161150697197415,-2.414590799290136,-1.894856108326517,-0.00036178920409328253,-0.0004502436603879905,1.0025271342217421,1.0024355996425494,1.0025271342217421,1.0024355996425494,-5.407345773873574e-20,1.1664424035957203e-20
531,17,4.322422027587891,-5.078422512363548,-6.014807302512883,-2.5799425106599103,-2.1003820290265347,-0.00029322159883362063,-0.00040313704192167953,1.0024838475993036,1.0024500740295756,1.0024838475993036,1.0024500740295756,0.0,8.165096825170042e-21
532,17,4.558660984039307,-5.660290833395918,-5.908452361777794,-2.398135262637547,-2.1897079991098383,-0.0003784069525269429,-0.0003957180151032585,1.0022057068401087,1.0023767638727354,1.0022057068401085,1.0023767638727354,0.0,5.7155677776190285e-21
533,17,4.17107629776001,-7.006914612881402,-6.237991037108876,-2.484352290767706,-2.2781012866071984,-0.0005307856609062418,-0.00043623830884415346,1.0025537934196447,1.0024298727368082,1.0025537934196447,1.0024298727368082,-1.0814403971156126e-19,-2.844231446913506e-20
534,17,4.473893642425537,-6.889290938091215,-6.433381007403578,-2.5954736559452107,-2.3733129974086022,-0.0006119127085757159,-0.0004889406287636222,1.002827789854528,1.002549247872124,1.0028277898545281,1.002549247872124,-1.0811449218442387e-19,-5.23439677837217e-20
535,17,4.279115676879883,-5.787190598848328,-6.239523884837002,-2.67258384628709,-2.4630942520721484,-0.00040939032291906126,-0.00046507553701025393,1.0026059496306845,1.0025662583996922,1.0026059496306845,1.0025662583996922,-5.406920699427708e-20,-5.2861539546888314e-20
536,17,4.351994037628174,-5.786631906287304,-6.103656291272092,-2.584947049768583,-2.4996500913810786,-0.00030090788984718633,-0.0004158252428613336,1.002362585315993,1.0025051564745824,1.002362585315993,1.0025051564745824,0.0,-3.7003077682821816e-20
537,17,3.9491679668426514,-7.251415703254241,-6.447984114866736,-2.4847213427397556,-2.4951714667886815,-0.0004863311350301402,-0.0004369770105119756,1.0026338899515053,1.0025437765176592,1.0026338899515053,1.0025437765176592,0.0,-2.590215437797527e-20
538,17,4.31742525100708,-7.098531639361681,-6.643148372215219,-2.508381021296245,-2.4991343331409506,-0.0005411301287346335,-0.000468222945978773,1.0027591466985413,1.0026083875719238,1.0027591466985413,1.0026083875719238,1.0812189308420712e-19,1.4305059860679446e-20
539,17,4.06931734085083,-5.816071740763742,-6.3950253827797745,-2.596428704749219,-2.528322644623431,-0.0002900921613619356,-0.0004147837105937217,1.002494174446126,1.0025741236341845,1.002494174446126,1.0025741236341845,-5.4075235553589213e-20,-6.2090287636011524e-21
540,17,4.3867506980896,-5.904023941821039,-6.247724950492153,-2.3622102992894924,-2.478488941023249,-0.00022571332911347494,-0.00035806259614964763,1.0022621546471584,1.0024805329380766,1.0022621546471584,1.0024805329380766,0.0,-4.346320134520806e-21
541,17,4.582760810852051,-7.752036695052006,-6.699018473860109,-2.101339526883988,-2.3653441167814706,-0.0005206215299279466,-0.00040683027628313727,1.00261376974498,1.0025205039801475,1.00261376974498,1.0025205039801475,1.0813757053838159e-19,2.939884706734991e-20
542,17,4.165433406829834,-7.269047307960295,-6.870027124090164,-2.1085800395201026,-2.28831489360306,-0.0005225378263383278,-0.0004415425412996944,1.0026295275126613,1.0025532110399016,1.002629527512661,1.0025532110399014,1.0813587100064867e-19,5.301995424733954e-20
543,17,4.436967849731445,-6.32902059970049,-6.707725166773262,-2.1654328984573956,-2.2514502950593607,-0.00040473694814153674,-0.0004305008633522471,1.0024489472192337,1.002521931893701,1.0024489472192337,1.002521931893701,5.4077675251844594e-20,5.333727054869105e-20
544,17,4.140369415283203,-6.233100542141498,-6.565337779383732,-2.1724803911837984,-2.227759323896692,-0.0003554893467271363,-0.0004079974083647139,1.002360137318883,1.0024733935212555,1.002360137318883,1.0024733935212555,0.0,3.7336089384083734e-20
545,17,4.336242198944092,-7.020231093969917,-6.701805773759586,-2.1339677559965335,-2.1996218535266445,-0.00040443947497300644,-0.00040693002834720166,1.0024166894315854,1.0024563822943544,1.0024166894315851,1.0024563822943544,0.0,2.613526256885861e-20
546,17,4.327008247375488,-7.028448846547975,-6.7997986955961025,-2.0965638252070184,-2.1687044450307567,-0.0004037458525828793,-0.0004059747756179049,1.0023852631123682,1.0024350465397585,1.0023852631123682,1.0024350465397585,0.0,1.8294683798201027e-20
547,17,4.139252185821533,-6.440749673585757,-6.692083988992998,-1.9951481101178106,-2.1166375445568724,-0.00041237532039720126,-0.0004078949390516938,1.0023663409089467,1.0024144348505148,1.0023663409089467,1.0024144348505148,5.408213186320427e-20,2.9030918217702e-20
548,17,4.3044867515563965,-6.297130678548475,-6.57359799585964,-1.78533830608708,-2.0172477730159346,-0.0003894593380921189,-0.00040236425876382124,1.0022698308903282,1.0023710536624588,1.0022698308903282,1.0023710536624588,0.0,2.0321642752391398e-20
549,17,4.373645782470703,-6.8699786851240825,-6.662512202638973,-1.3471989236777517,-1.8162331182144797,-0.0005086361462803733,-0.00043424582501878684,1.0021904427864485,1.0023168703996557,1.0021904427864483,1.0023168703996557,0.0,1.422514992667398e-20
550,17,4.290118217468262,-6.597185491647512,-6.642914189341534,-1.3180133652138981,-1.666767192314305,-0.0004415361573733884,-0.00043643292472516726,1.0020396016053212,1.0022336897613553,1.0020396016053212,1.0022336897613553,0.0,9.957604948671784e-21
551,17,4.9726176261901855,-7.487796830309839,-6.896378981632025,-1.2070257479820623,-1.5288447590146321,-0.00042294943577227655,-0.0004323878780393,1.0017828016526176,1.002098423328734,1.0017828016526176,1.002098423328734,0.0,6.970323464070248e-21
552,17,4.282609939575195,-9.332072394435794,-7.627087005473156,-1.0474790888235446,-1.384435057957306,-0.000666357176090553,-0.0005025786674546759,1.0019764415300283,1.0020618287891223,1.0019764415300283,1.0020618287891223,0.0,4.879226424849173e-21
553,17,4.019966125488281,-9.49174888810099,-8.186485570261505,-1.1129921596028791,-1.3030021884509777,-0.0007450826287672545,-0.0005753298558484495,1.0021171450384252,1.002078423663913,1.0021171450384254,1.002078423663913,0.0,3.415458497394421e-21
554,17,4.278896808624268,-7.931461559599641,-8.109978367062945,-1.4620251540080293,-1.350709078118093,-0.0005273992564822984,-0.0005609506760386042,1.0019223285074375,1.0020315951169705,1.0019223285074377,1.0020315951169705,0.0,2.3908209481760946e-21
555,17,4.376801490783691,-7.661187830028271,-7.975341205952542,-1.515159764533155,-1.4000442840426115,-0.0005210238624064418,-0.0005489726319489554,1.001787664000254,1.0019584157819554,1.001787664000254,1.0019584157819554,-1.0822674419408996e-19,-3.079444859450372e-20
556,17,4.335384845733643,-7.328848298607569,-7.781393333749049,-1.5603911882370727,-1.4481483553009498,-0.0004665248657768832,-0.0005242383020973337,1.0017136094508978,1.001884973882638,1.0017136094508978,1.001884973882638,5.4117372583158963e-20,-5.320902241204915e-21
557,17,4.197345733642578,-7.277750961419555,-7.630300622050201,-1.6083794685292638,-1.4962176892694439,-0.00046094058687088827,-0.0005052489875294001,1.0017024856106547,1.001830227401043,1.0017024856106547,1.001830227401043,-5.411797355302341e-20,-1.9960023634750462e-20
558,17,4.229542255401611,-6.8457720826011,-7.39494206021547,-1.581855698546325,-1.5219090920525082,-0.00036035205212229463,-0.0004617799069072684,1.0014328282180691,1.0017110076461508,1.0014328282180691,1.0017110076461508,0.0,-1.3972016544325324e-20
559,17,3.9323904514312744,-8.126136987384017,-7.6143005383660345,-1.5502018428182833,-1.5303969172822407,-0.00047181430747432343,-0.00046479022707738486,1.0014504321292252,1.001632834991073,1.001450432129225,1.001632834991073,0.0,-9.780411581027726e-21
560,17,3.897808790206909,-8.920673225167148,-8.006212344406368,-1.563098474859342,-1.540207384555371,-0.0005492604786798657,-0.0004901313025581291,1.0016022931874276,1.0016236724499794,1.0016022931874276,1.0016236724499794,0.0,-6.846288106719407e-21
561,17,3.8043360710144043,-8.429159321661574,-8.13309643758293,-1.5538114788731094,-1.5442886128506923,-0.0005143158482921837,-0.0004973866662783455,1.0015366590891681,1.001597568441736,1.0015366590891683,1.0015975684417362,-1.0825386795841452e-19,-3.726856206222794e-20
562,17,4.067840576171875,-7.882569848913995,-8.05793846098225,-1.5164364216333484,-1.535932955485489,-0.0004671758395754831,-0.0004883234182674868,1.0014365639894351,1.0015492671060455,1.0014365639894354,1.001549267106046,0.0,-2.6087993443559554e-20
563,17,4.41694450378418,-7.820489146509322,-7.986703666640372,-1.3440767362354047,-1.4783760897104636,-0.00034151911807179765,-0.00044428212820878,1.001074664534018,1.0014068863344372,1.001074664534018,1.0014068863344374,-5.415191348340539e-20,-3.4507169455513304e-20
564,17,4.50478982925415,-9.225333603543074,-8.358292647711181,-1.1501391808493127,-1.3799050170521183,-0.0005052052085491024,-0.00046255905231087674,1.0012096141767597,1.001347704687134,1.0012096141767597,1.001347704687134,0.0,-2.415501861885931e-20
565,17,4.441616535186768,-9.321401574243216,-8.64722532567079,-1.136909077372437,-1.307006235148214,-0.0005254287172580366,-0.0004814199517950247,1.001227233942552,1.0013115634637595,1.001227233942552,1.0013115634637595,0.0,-1.6908513033201516e-20
566,17,4.417581558227539,-8.940920517309348,-8.735333883162358,-1.013646743740682,-1.2189983877259543,-0.0005275006227258148,-0.0004952441530742618,1.0011387449495317,1.001259717909491,1.0011387449495317,1.001259717909491,-1.0829689470665328e-19,-4.432502753523704e-20
567,17,4.499068260192871,-8.829018226394043,-8.763439186131864,-0.8429426639175015,-1.1061816705834184,-0.0004495539245421091,-0.0004815370845146159,1.0008686502214297,1.0011423976030724,1.0008686502214295,1.0011423976030724,5.4163059870325565e-20,-1.477860131356826e-20
568,17,4.575538158416748,-9.199034053423917,-8.89411764631948,-0.732056100613831,-0.9939439995925421,-0.000578070469544931,-0.0005104971000237104,1.0010277059788484,1.001107990115805,1.0010277059788484,1.001107990115805,-1.0830890753671243e-19,-4.283769318051151e-20
569,17,4.759891033172607,-8.849225090568952,-8.880649879594321,-0.7236058659766266,-0.9128425595077674,-0.0006024479915395613,-0.0005380823674784657,1.0010838233663,1.0011007400909535,1.0010838233662998,1.0011007400909535,-1.0830283610414424e-19,-6.247723605760133e-20
570,17,4.957096576690674,-7.6227539496587955,-8.503281100613663,-0.6507857585914838,-0.8342255192328822,-0.0004940582170100205,-0.000524875122337932,1.0009559903363705,1.0010573151645785,1.0009559903363707,1.0010573151645787,0.0,-4.373406524032093e-20
571,17,4.892314910888672,-7.386907713819523,-8.16836908457542,-0.42678315245681925,-0.7119928092000632,-0.00044024086296303306,-0.0004994848445254623,1.0008264138055132,1.0009880447568589,1.0008264138055132,1.000988044756859,5.416534563486218e-20,-1.4364241977765994e-20
572,17,4.765976428985596,-8.602134130145979,-8.298498598246589,-0.10524085710152105,-0.5299672235705005,-0.0005878222251624809,-0.0005259860587165678,1.0008648584260749,1.0009510888576236,1.0008648584260749,1.0009510888576236,0.0,-1.0054969384436194e-20
573,17,4.88621711730957,-8.814045223617848,-8.453162585857967,-0.16589621676025876,-0.420745921527428,-0.0007129119494213693,-0.0005820638259280082,1.0011482138194667,1.0010102263461764,1.0011482138194667,1.0010102263461764,1.0829587043352749e-19,2.545028256095291e-20
574,17,4.592302322387695,-7.38789063081432,-8.133580999344874,-0.24805420163780145,-0.36893840556054003,-0.0005363033689180846,-0.0005683356888250311,1.0009688034451873,1.0009977994758796,1.0009688034451876,1.0009977994758796,0.0,1.7815197792667035e-20
575,17,4.366912841796875,-7.478589767376558,-7.93708362975438,-0.20638729154377572,-0.3201730713555107,-0.00046972509891307895,-0.0005387525118514454,1.0009029475983422,1.0009693439126184,1.0009029475983424,1.0009693439126184,0.0,1.2470638454866923e-20
576,17,4.279593467712402,-7.743847390990485,-7.879112758125211,-0.28135275676448146,-0.3085269769782019,-0.0005381755846170572,-0.000538579433681129,1.0011663361368868,1.001028441579899,1.0011663361368865,1.0010284415798987,-1.0829391014774039e-19,-2.375872612591527e-20
577,17,4.5917277336120605,-7.131396557550175,-7.654797897952699,-0.17528235687990024,-0.2685535909487114,-0.0004458741594383894,-0.000510767851408307,1.0010326944703216,1.0010297174470257,1.0010326944703216,1.0010297174470255,0.0,-1.6631108288140687e-20
578,17,5.169259071350098,-7.565063140167271,-7.62787747061707,0.13636328486319504,-0.14707852820513945,-0.000525705451431674,-0.0005152491314153171,1.001082747974384,1.0010456266052332,1.0010827479743842,1.001045626605233,1.0830295244616952e-19,2.0849109932152377e-20
579,17,5.257691383361816,-7.940578302267638,-7.721687720112241,0.3104151815292575,-0.009830415284820357,-0.0005348236399970636,-0.000521121483989841,1.0011314392261426,1.001071370391506,1.0011314392261426,1.0010713703915057,1.0829768499964141e-19,4.7083682452399085e-20
580,17,5.029242992401123,-8.328351117699832,-7.903686739388518,0.4157356363980554,0.11783940022004236,-0.0005763750656216925,-0.0005376975584793964,1.0012607099257909,1.0011281722517915,1.0012607099257909,1.001128172251791,-1.0828370290949106e-19,4.734668438320398e-22
581,17,5.098262786865234,-8.66434077521059,-8.13188295013514,0.5514642434453547,0.24792685318763608,-0.0005323685575945401,-0.0005360988582139394,1.001381679590359,1.0012042244533617,1.001381679590359,1.0012042244533612,-1.082706219399805e-19,-3.214975979131172e-20
582,17,5.407115936279297,-9.030374461126215,-8.401430403432462,0.8249382366112825,0.42103026821473,-0.0005668626344747699,-0.0005453279910921885,1.0013695160181098,1.001253811922786,1.0013695160181098,1.0012538119227856,1.0827193709638517e-19,9.976749274997347e-21
583,17,5.317972660064697,-9.51794965606566,-8.736386179222421,0.8643641462923466,0.5540304316380149,-0.0006072842728915384,-0.0005639148756319934,1.0015233612348615,1.0013346767164086,1.0015233612348615,1.0013346767164084,0.0,6.983724492498142e-21
584,17,5.412524223327637,-9.471287987780075,-8.956856721789716,0.9440199651924007,0.6710272917043306,-0.0004243720477215861,-0.0005220520272588712,1.0014612739842483,1.0013726558967604,1.0014612739842483,1.0013726558967604,-5.413100838997383e-20,-1.135069537224345e-20
585,17,6.262951374053955,-11.08157766937352,-9.594273006064856,1.8689046668046525,1.0303905042344272,-0.000617064584345349,-0.0005505557943848145,1.001425469653804,1.0013885000238734,1.001425469653804,1.0013885000238734,0.0,-7.945486760570415e-21
586,17,6.174991607666016,-12.641295707096475,-10.50837981637434,2.253787279825395,1.3974095369117174,-0.000761047715723238,-0.0006137033707863416,1.001651107316436,1.0014672822116422,1.001651107316436,1.0014672822116422,0.0,-5.56184073239929e-21
587,17,5.7776079177856445,-12.674859393606276,-11.15832368954392,2.3406269055592333,1.6803747475059723,-0.000766181472612461,-0.0006594468013341773,1.0016919468763994,1.0015346816110693,1.0016919468763994,1.0015346816110693,0.0,-3.893288512679503e-21
588,17,5.652200698852539,-12.88418580720147,-11.676082324841184,2.38460835544674,1.8916448298882025,-0.0008190946293015676,-0.0007073411497243943,1.0017294658894,1.0015931168945684,1.0017294658894,1.0015931168945684,0.0,-2.725301958875652e-21
589,17,5.75062370300293,-12.824353997595926,-12.020563826667606,2.1579244923530094,1.9715287286276444,-0.0007844480896421534,-0.0007304732316997221,1.0018044957996948,1.0016565305661063,1.0018044957996948,1.0016565305661063,0.0,-1.9077113712129563e-21
590,17,5.668023586273193,-12.345339242426514,-12.117996451395278,2.0412623600940236,1.9924488180675581,-0.0007315833823375174,-0.0007308062768910606,1.0017876216549055,1.001695857892746,1.0017876216549058,1.0016958578927462,0.0,-1.3353979598490693e-21
591,17,5.680717468261719,-12.393057638877192,-12.200514807639852,1.9777646007326921,1.9880435528670983,-0.0006683665169384819,-0.000712074348905287,1.0017293827968419,1.0017059153639747,1.0017293827968419,1.001705915363975,-1.0823304088958611e-19,-3.340469083877018e-20
592,17,5.726694107055664,-12.597196568589904,-12.319519335924866,1.9828507532733113,1.9864857129889621,-0.000716588972277834,-0.000713428735917051,1.0017773451687082,1.0017273443053947,1.0017773451687082,1.001727344305395,0.0,-2.3383283587139124e-20
593,17,5.741516590118408,-12.538857244797455,-12.385320708586642,1.7480435016532248,1.9149530495882408,-0.0006758614556576065,-0.0007021585518392176,1.0017779253928727,1.001742518631638,1.0017779253928727,1.0017425186316382,0.0,-1.6368298510997384e-20
594,17,5.890421390533447,-13.280282785193313,-12.653809331568642,1.7394211781513804,1.8622934881571824,-0.0007022004781005089,-0.000702171129717605,1.0017946571915233,1.0017581601996035,1.0017946571915235,1.0017581601996037,0.0,-1.1457808957698168e-20
595,17,5.690663814544678,-13.468477013580822,-12.898209636172297,1.5549662867593457,1.7700953277378313,-0.0007225870523963467,-0.0007082959065212274,1.0018543856853637,1.0017870278453316,1.0018543856853634,1.0017870278453316,-1.0821953648920819e-19,-4.048632721715117e-20
596,17,6.167339324951172,-13.474659869376566,-13.071144706133577,1.4248467938096696,1.6665207675593827,-0.0007412744757506382,-0.0007181894772900506,1.0019838399392158,1.0018460714734967,1.0019838399392158,1.0018460714734967,0.0,-2.834042905200582e-20
597,17,5.89152717590332,-12.197200279884077,-12.808961378258726,1.3135035159973045,1.5606155920907592,-0.0006392984856562764,-0.0006945221797999183,1.0018926989670347,1.0018600597215581,1.0018926989670347,1.0018600597215581,1.0821539807639401e-19,1.2626319086514134e-20
598,17,5.712368488311768,-12.242252292679858,-12.638948652585064,1.288618067846662,1.47901633481753,-0.0005461102752663936,-0.0006499986084398608,1.0017644440488194,1.0018313750197363,1.0017644440488196,1.0018313750197365,0.0,8.838423360559893e-21
599,17,5.845429420471191,-13.130281015422186,-12.7863483614362,1.3327983368458631,1.43515093542603,-0.0005631638738892207,-0.0006239481880746687,1.0017626682729581,1.0018107629957027,1.0017626682729581,1.001810762995703,0.0,6.186896352391925e-21
600,17,5.851495265960693,-14.135918201655025,-13.191219313501847,1.4665662857401975,1.4445755405202803,-0.0007022563564313429,-0.0006474406385816709,1.001938679440553,1.0018491379291576,1.001938679440553,1.0018491379291579,0.0,4.330827446674347e-21
601,17,5.849976539611816,-13.975008904159305,-13.426356190699083,1.4389561310460233,1.4428897176780031,-0.0007472596062627297,-0.0006773863288859885,1.0020247527718409,1.0019018223819625,1.0020247527718409,1.0019018223819627,0.0,3.0315792126720427e-21
602,17,5.726022720336914,-12.860490328864604,-13.25659643214874,0.9891574012844253,1.3067700227599297,-0.0006222733783990914,-0.0006608524437399193,1.0020242937971566,1.0019385638065206,1.0020242937971566,1.0019385638065208,0.0,2.1221054488704297e-21
603,17,5.792933940887451,-12.123122777852846,-12.91655433585997,0.7174712280311601,1.1299803843412988,-0.0004892436562911026,-0.0006093698075052742,1.0018988542195195,1.0019266509304203,1.0018988542195195,1.0019266509304203,0.0,1.4854738142093007e-21
604,17,5.823140621185303,-12.727608972300114,-12.859870726792014,0.9810001785777895,1.085286322612246,-0.000655222738601838,-0.0006231256868342433,1.0017943957269735,1.0018869743693863,1.0017943957269735,1.0018869743693863,0.0,1.0398316699465105e-21
605,17,6.016442775726318,-13.346002035334037,-13.00571011935462,0.7901355151267564,0.996741080366599,-0.0007703108697087736,-0.0006672812416966024,1.0019422130264384,1.0019035459665018,1.0019422130264382,1.0019035459665018,-1.0821005027930645e-19,-3.1735132914829377e-20
606,17,5.986084461212158,-13.226837498298936,-13.072048333037912,0.5893172282758001,0.8745139247393593,-0.000706203628207332,-0.0006789579576498213,1.0019225970341519,1.0019092612867968,1.0019225970341519,1.0019092612867968,1.0821216885365327e-19,1.0249057615715417e-20
607,17,6.278036117553711,-13.622671514843864,-13.237235287579697,0.7183739165341573,0.8276719222777987,-0.0006606579196665008,-0.0006734679462548251,1.0017300244095682,1.001855490223628,1.0017300244095682,1.001855490223628,-1.0823297156582148e-19,-2.529555113874565e-20
608,17,6.239255428314209,-14.782264076458347,-13.700743924243291,0.7881860023414695,0.8158261462969,-0.0007479974042862167,-0.0006958267836642425,1.0017883593106813,1.001835350949744,1.0017883593106813,1.001835350949744,0.0,-1.7706885797121954e-20
609,17,6.1589531898498535,-14.83562358089355,-14.041207821238366,0.7696447040442985,0.8019717136211195,-0.0007518294732630642,-0.0007126275905438889,1.0018092671140546,1.001827525799037,1.0018092671140546,1.001827525799037,0.0,-1.2394820057985367e-20
610,17,5.9451704025268555,-14.697393592766412,-14.23806355269678,0.7131282290328419,0.7753186682446361,-0.0007560996654465933,-0.0007256692130147002,1.0018952300523842,1.001847837075041,1.001895230052384,1.001847837075041,0.0,-8.676374040589756e-21
611,17,5.8848395347595215,-14.57112482597322,-14.33798193467971,0.859461095570423,0.8005613964423721,-0.0006622312734787219,-0.0007066378311539066,1.0018633092868336,1.0018524787385787,1.0018633092868336,1.0018524787385787,1.0821857257725936e-19,2.6392109944764976e-20
612,17,6.001375198364258,-14.716801372579251,-14.451627766049572,0.9905475122460853,0.857557231183486,-0.0006592365094459282,-0.0006924174346415131,1.0018055668668728,1.0018384051770668,1.0018055668668728,1.0018384051770668,1.0822481011722917e-19,5.094191999650423e-20
613,17,5.8987627029418945,-14.747687872361599,-14.54044579794318,0.8987733648939047,0.8699220712966116,-0.0006168736910831741,-0.0006697543115740113,1.0018548312927817,1.0018433330117813,1.0018548312927815,1.0018433330117813,0.0,3.565934399755296e-20
614,17,5.818894863128662,-14.403361328389794,-14.499320457077163,0.8869483317885971,0.8750299494442073,-0.0005888748969568193,-0.0006454904871888537,1.0018098266294118,1.0018332810970705,1.0018098266294118,1.0018332810970705,0.0,2.496154079828707e-20
615,17,6.176755905151367,-14.450875767406735,-14.484787050176035,0.8529192971679955,0.8683967537613437,-0.0005993383021977537,-0.0006316448316915237,1.0017390153458254,1.001805001371697,1.0017390153458254,1.001805001371697,0.0,1.747307855880095e-20
616,17,6.332139492034912,-15.161684042680122,-14.68785614792726,0.8118906731946711,0.8514449295913419,-0.0006392985871133329,-0.0006339409583180664,1.001618291784764,1.001748988495617,1.0016182917847642,1.001748988495617,0.0,1.2231154991160664e-20
617,17,6.131034851074219,-16.03338511100311,-15.091514836850013,0.8199699492152062,0.8420024354785011,-0.0008038211066870005,-0.0006849050028287467,1.0017266109728282,1.0017422752387803,1.0017266109728282,1.0017422752387803,0.0,8.561808493812465e-21
618,17,6.0571441650390625,-15.664253628829245,-15.263336474443781,0.550909004710705,0.7546744062481622,-0.0007568142794371955,-0.0007064777858112813,1.0018388223871848,1.0017712393833016,1.0018388223871848,1.0017712393833016,0.0,5.993265945668725e-21
619,17,6.10234260559082,-14.391494886349319,-15.00178399801544,0.37672371809822297,0.6412891998031804,-0.000612379652786617,-0.000678248345903882,1.0016980773252366,1.001749290765882,1.0016980773252369,1.001749290765882,1.0823642343215557e-19,3.6666213191614776e-20
620,17,6.231908321380615,-14.630946681538044,-14.89053280307222,0.2812660703592811,0.5332822609700106,-0.0005442425798574118,-0.000638046616089941,1.0014913487043506,1.0016719081474226,1.0014913487043506,1.0016719081474226,1.0825876567862103e-19,5.814397893771666e-20
621,17,6.371549606323242,-16.296480274493664,-15.312317044498652,0.29155648205819507,0.46076452729646594,-0.0007940251662043061,-0.0006848401811242505,1.0016487294951628,1.0016649545517446,1.001648729495163,1.0016649545517446,0.0,4.0700785256401654e-20
622,17,6.517232418060303,-15.633130564535442,-15.408561100509687,0.010898045879735297,0.32580458287144676,-0.0007992544231200425,-0.000719164453722988,1.0017347782185422,1.0016859016517838,1.0017347782185422,1.0016859016517838,1.0823245793798035e-19,6.096028706087525e-20
623,17,5.748013973236084,-14.542541008477244,-15.148755072899952,-0.45566443632045606,0.09136387711387589,-0.000582299378849035,-0.0006781049312608021,1.0015215661243146,1.0016366009935431,1.0015215661243149,1.0016366009935431,0.0,4.267220094261267e-20
624,17,5.801807403564453,-15.474843194155781,-15.2465815092767,-0.25265628574876003,-0.011842171744914878,-0.0007723165507787609,-0.0007063684171161896,1.0014428093957775,1.0015784635142133,1.0014428093957775,1.0015784635142133,0.0,2.987054065982887e-20
625,17,6.383519172668457,-16.135945654300414,-15.513390752783813,-0.34790603967127404,-0.11266133212282263,-0.0008388835080744981,-0.0007461229444036822,1.0014372017518893,1.0015360849855162,1.001437201751889,1.0015360849855162,1.0826461914824298e-19,5.3388764206353105e-20
626,17,6.325778961181641,-16.15144567213625,-15.704807228589544,-0.3518967837181151,-0.18443196760141037,-0.0008304458861268192,-0.0007714198269206233,1.0014416928116106,1.0015077673333443,1.0014416928116103,1.0015077673333443,-1.0826413362534756e-19,4.892894856842904e-21
627,17,5.985324382781982,-16.111128800969162,-15.82670370030343,-0.2893437791705397,-0.21590551107214917,-0.0008130836105599835,-0.0007839189620124313,1.0014404912589134,1.001487584511015,1.0014404912589134,1.001487584511015,-1.0826426352329244e-19,-2.90542526571977e-20
628,17,5.775067329406738,-16.106502711630252,-15.910643403701474,-0.22647693087753681,-0.21907693701376546,-0.000805377197123326,-0.0007903564325456996,1.0014622636550192,1.0014799882542162,1.001462263655019,1.001479988254216,0.0,-2.033797686003839e-20
629,17,5.708422660827637,-14.78299246671922,-15.572348122606797,-0.16635431037068535,-0.20326014902084144,-0.00070313167049348,-0.0007641890039300337,1.0014392767963913,1.0014677748168688,1.0014392767963913,1.0014677748168686,0.0,-1.4236583802026872e-20
630,17,5.614684104919434,-14.009061349809501,-15.103362090767607,-0.1541756311889302,-0.18853479367126805,-0.0006009030728410407,-0.0007152032246033358,1.0012810072402718,1.0014117445438897,1.0012810072402718,1.0014117445438895,0.0,-9.965608661418809e-21
631,17,5.991732597351074,-14.359300329515445,-14.880143562391957,0.1452881058158553,-0.08838792382513103,-0.000642372773199559,-0.0006933540891822027,1.0011509299624601,1.0013335001694608,1.0011509299624601,1.0013335001694605,0.0,-6.975926062993165e-21
632,17,6.204679012298584,-15.033342778655324,-14.926103327270965,0.48716435363926025,0.08427775941418636,-0.0007197025067331493,-0.0007012586144474867,1.0011066148336911,1.00126543456873,1.0011066148336911,1.0012654345687295,0.0,-4.883148244095215e-21
633,17,6.2529683113098145,-15.057432249575925,-14.965502003962452,0.7138138093199122,0.2731385743859041,-0.0007914291041223532,-0.0007283097613499465,1.0010876036864391,1.0012120853040427,1.0010876036864391,1.0012120853040423,0.0,-3.418203770866651e-21
634,17,6.278359889984131,-13.207677359478323,-14.438154610617211,0.6653947530212991,0.3908154279765226,-0.0006448476301829622,-0.0007032711219998512,1.0009824482529017,1.0011431941887003,1.000982448252902,1.0011431941887001,1.0831380454051446e-19,3.010139872254768e-20
635,17,6.189648151397705,-12.944964275749419,-13.990197510156873,0.7153178053145093,0.48816614117791857,-0.0005810775295797395,-0.0006666130442738176,1.0008208016998243,1.0010464764420375,1.0008208016998243,1.0010464764420375,0.0,2.1070979105783376e-20
636,17,6.475893020629883,-14.239648599300478,-14.065032836899956,1.0070469733705496,0.6438303908357078,-0.0006723788142236814,-0.0006683427752587767,1.0006315657311862,1.000922003228782,1.000631565731186,1.000922003228782,0.0,1.4749685374048362e-20
637,17,5.829310417175293,-14.665710757838,-14.245236213181368,1.2100899192925765,0.8137082493727683,-0.0008610258994684901,-0.0007261477125216906,1.000653887045923,1.0008415683739242,1.000653887045923,1.0008415683739242,0.0,1.0324779761833853e-20
638,17,6.087428092956543,-13.10755197047058,-13.90393094036813,0.7913002170662219,0.8069858396808043,-0.0007282008801971145,-0.0007267636628243177,1.0005299631834914,1.0007480868167944,1.0005299631834914,1.0007480868167944,0.0,7.227345833283698e-21
639,17,6.084242820739746,-12.561957712156826,-13.501338971904739,0.644022919848439,0.7580969637310946,-0.000672903312990635,-0.0007106055578742129,1.0003491488346214,1.0006284054221424,1.0003491488346214,1.0006284054221424,0.0,5.059142083298588e-21
640,17,5.921735763549805,-13.221497711759286,-13.417386593861103,0.658741230420232,0.7282902437378357,-0.0007000271852552112,-0.0007074320460885124,1.0000689645057095,1.0004605731472125,1.0000689645057095,1.0004605731472125,-1.0841274061748115e-19,-2.898242272693533e-20
641,17,5.753259658813477,-13.55033403075072,-13.457270824927987,0.6902342313717459,0.7168734400280087,-0.0007811497165827079,-0.000729547347236771,1.0001258071607921,1.0003601433512863,1.0001258071607921,1.0003601433512863,0.0,-2.028769590885473e-20
642,17,6.196473121643066,-12.598509632301658,-13.199642467140087,0.3773433801780012,0.6150144220730064,-0.0007098859856464287,-0.0007236489387596682,1.0001220397134187,1.000288712259926,1.0001220397134187,1.000288712259926,0.0,-1.4201387136198312e-20
643,17,6.037688255310059,-11.759239962384425,-12.767521715713388,0.31463512966172463,0.5249006343496219,-0.0006551354372548512,-0.000703094888308223,1.0000437944166305,1.0002152369069373,1.0000437944166305,1.0002152369069373,0.0,-9.940970995338817e-21
644,17,5.810648441314697,-11.664771244569248,-12.436696574370144,0.3631633109890141,0.4763794373414395,-0.0006044992994562385,-0.0006735162116526276,0.9999148270023823,1.0001251139355707,0.9999148270023823,1.0001251139355707,1.0842945251005077e-19,2.5570156056278055e-20
645,17,5.703843593597412,-12.816516014117408,-12.550642406294322,0.7198388657760966,0.5494172658718366,-0.0006945327380839321,-0.0006798211695820189,0.9999219805905991,1.000064173932079,0.9999219805905991,1.000064173932079,0.0,1.7899109239394638e-20
646,17,6.016356945037842,-13.096682922672906,-12.714454561207898,0.9335343357581611,0.6646523868377339,-0.0007481823291080738,-0.0007003295174398353,1.000117435842835,1.0000801525053058,1.0001174358428353,1.0000801525053058,0.0,1.2529376467576246e-20
647,17,6.224880218505859,-11.505765742396118,-12.351847915564363,1.1238774505977316,0.8024199059657331,-0.0006801500589644672,-0.0006942756798972248,1.000083641339205,1.0000811991554754,1.0000836413392047,1.0000811991554754,1.0841114959481362e-19,4.129390840574746e-20
648,17,6.116562366485596,-11.486486588912305,-12.092239517568744,1.1203498647582064,0.8977988936034751,-0.0006751819740015609,-0.0006885475681285256,1.0000775168901594,1.0000800944758805,1.0000775168901592,1.0000800944758805,0.0,2.8905735884023217e-20
649,17,6.191377639770508,-12.989286917469087,-12.361353737538847,1.1731499165614088,0.9804042004908551,-0.0007306421224670978,-0.0007011759344300972,1.0001271089867534,1.0000941988291423,1.0001271089867534,1.0000941988291423,-1.0840643781608209e-19,-1.2287916226008375e-20
650,17,6.253396034240723,-13.226095430519761,-12.62077624543312,1.463212591634932,1.1252467178340781,-0.0008537167150134406,-0.0007469381686051001,1.000154364409755,1.000112248503326,1.000154364409755,1.000112248503326,1.0840348360878779e-19,2.3919503724430476e-20
651,17,5.848696708679199,-11.866493042292397,-12.394491284490902,1.1953650003017589,1.1462822025743824,-0.0007298636071288143,-0.0007418158001622143,1.0003353851499002,1.0001791894972982,1.0003353851499002,1.0001791894972982,0.0,1.674365260710133e-20
652,17,6.00839376449585,-10.901267338060341,-11.946524100561733,0.998126961125168,1.1018356301396182,-0.000558559274949449,-0.0006868388425983847,1.0003628226877836,1.0002342794544439,1.0003628226877836,1.0002342794544439,0.0,1.1720556824970931e-20
653,17,6.272739410400391,-11.034115923420252,-11.672801647419288,1.126923387710784,1.1093619574109679,-0.0005433233762382497,-0.0006437842026903441,1.0003320990868232,1.0002636253441577,1.000332099086823,1.0002636253441577,-1.083842229470837e-19,-2.4310877106645458e-20
654,17,6.177865028381348,-12.859859480435494,-12.028918997324148,1.6312288203321583,1.265922016287325,-0.0007305366887931742,-0.0006698099485211931,1.0003981355190308,1.0003039783966197,1.0003981355190308,1.0003039783966197,-1.0837706848813688e-19,-4.9530734521092885e-20
655,17,5.972700119018555,-13.630177985615473,-12.509296693811544,1.8283263110778794,1.4346433047244913,-0.0008998065069878679,-0.0007388089160611955,1.0006020174123404,1.0003933901013358,1.0006020174123404,1.0003933901013358,-1.0835498566046894e-19,-6.71780098629057e-20
656,17,6.154606819152832,-12.089028016537354,-12.383216090629286,1.6238398571074992,1.4914022704393937,-0.0007788068111956827,-0.0007508082846015416,1.0006831844274098,1.000480328399158,1.0006831844274098,1.000480328399158,0.0,-4.702460690403399e-20
657,17,6.041336536407471,-12.044897694307279,-12.281720571732683,1.6234613057063365,1.5310199810194765,-0.0007676362306420422,-0.0007558566684136916,1.000664569641477,1.0005356007718536,1.000664569641477,1.0005356007718536,0.0,-3.291722483282379e-20
658,17,6.132366180419922,-13.278895121927292,-12.580872936791065,1.6294484003850058,1.5605485068291352,-0.0008232560049534463,-0.000776076469375618,1.000702547520934,1.0005856847965777,1.000702547520934,1.0005856847965777,1.0834410036942808e-19,9.461172727851769e-21
659,17,6.080398082733154,-13.411587877025818,-12.83008741886149,1.3777487898524257,1.5057085917361224,-0.0008313676502703759,-0.0007926638236440454,1.0008075517550106,1.0006522448841075,1.0008075517550103,1.0006522448841075,-1.0833273295992359e-19,-2.5876998978480838e-20
660,17,6.136343002319336,-12.222012545859778,-12.647664956960977,0.9200180196184696,1.3300014201008263,-0.0007418684667593546,-0.000777425216578638,1.0009693672557467,1.0007473815955992,1.0009693672557467,1.0007473815955992,-1.0831522002096312e-19,-5.0608465291225525e-20
661,17,6.112510681152344,-12.12920312145678,-12.492126406309717,0.522339975088657,1.0877029865971755,-0.0006438204171423321,-0.0007373437767477462,1.0010403190696697,1.0008352628378203,1.0010403190696697,1.0008352628378203,-1.0830754284633833e-19,-6.791818855775936e-20
662,17,5.971433639526367,-12.453233853025246,-12.480458640324375,0.5285399393572056,0.9199540724251845,-0.000696831038668482,-0.000725189955323967,1.0010332065903584,1.0008946459635817,1.0010332065903582,1.0008946459635817,1.0830831238640223e-19,-1.505023827451088e-20
663,17,5.5525360107421875,-13.06830087491145,-12.656811310700498,0.35166280140905415,0.7494666911203454,-0.0007680180309125894,-0.0007380383780005536,1.0012074521406007,1.0009884878166873,1.0012074521406007,1.0009884878166873,0.0,-1.0535166792157615e-20
664,17,6.116575717926025,-13.115224019422293,-12.794335123317037,0.2739325430198482,0.6068064466901961,-0.0008468172679277491,-0.0007706720449787122,1.0014165110149187,1.0011168947761566,1.0014165110149187,1.0011168947761566,-1.0826685605439877e-19,-3.9854673570829957e-20
665,17,5.388898849487305,-11.456212294547852,-12.392898274686281,0.11498444440041918,0.459259846003263,-0.0007264986220015154,-0.0007574200180855532,1.001351932927762,1.0011874062216382,1.001351932927762,1.0011874062216382,-1.0827383828136269e-19,-6.038042298398977e-20
666,17,5.402202606201172,-11.609700958625963,-12.157939079868186,0.024103582759143448,0.3287129670300271,-0.0007076566054936679,-0.0007424909943079876,1.0013913648128188,1.0012485937989923,1.0013913648128188,1.0012485937989923,0.0,-4.2266296088792834e-20
667,17,5.747455596923828,-13.6980478754257,-12.619971718535439,0.09626448779347876,0.2589784232590626,-0.0008350839465713592,-0.000770268879986999,1.0015723359254665,1.0013457164369346,1.0015723359254665,1.0013457164369346,0.0,-2.958640726215498e-20
668,17,6.479163646697998,-13.610361555336386,-12.917088669575723,0.08485923553068556,0.2067426669405495,-0.0009379772348419409,-0.0008205813864434815,1.0018095526570785,1.0014848673029777,1.0018095526570785,1.0014848673029777,1.0822437953500221e-19,1.1756828776992175e-20
669,17,5.918270111083984,-11.632778890763657,-12.531795735932103,-0.1234671515379865,0.1076797213969887,-0.0007356276677970398,-0.000795095270849549,1.0017389934048733,1.0015611051335462,1.0017389934048733,1.0015611051335462,0.0,8.229780143894522e-21
670,17,6.007802486419678,-11.868457749958116,-12.332794340139905,-0.1301169137760123,0.03634073084508838,-0.0007182079894588217,-0.0007720290864323307,1.0016624741803768,1.0015915158475954,1.0016624741803768,1.0015915158475954,0.0,5.760846100726165e-21
671,17,5.495906829833984,-13.291020238376705,-12.620262109610945,-0.19924690087827554,-0.03433555867192079,-0.0008680159263899775,-0.0008008251384196247,1.0018308506607239,1.0016633162915338,1.001830850660724,1.001663316291534,0.0,4.032592270508315e-21
672,17,5.625351905822754,-12.98268694084076,-12.728989558979888,-0.5745210791364425,-0.1963912148112773,-0.0009471618492181512,-0.0008447261516591827,1.001868493049702,1.0017248693189842,1.001868493049702,1.0017248693189844,0.0,2.8228145893558204e-21
673,17,5.382018566131592,-11.411026994326047,-12.333600789583734,-1.2608294151987673,-0.5157226749275243,-0.0007510349465527752,-0.0008166187901272604,1.0018445384080865,1.0017607700457147,1.0018445384080865,1.001760770045715,0.0,1.975970212549074e-21
674,17,5.18678092956543,-11.152928573788916,-11.979399124845289,-1.4489527550417018,-0.7956916989617775,-0.0007224304967722885,-0.0007883623021207687,1.0017830229071734,1.0017674459041523,1.0017830229071736,1.0017674459041526,0.0,1.3831791487843519e-21
675,17,4.948078155517578,-11.764153830625387,-11.914825536579317,-1.3074154892476197,-0.9492088360475301,-0.0008164087413857618,-0.0007967762339002667,1.0016899535035673,1.0017441981839768,1.0016899535035675,1.001744198183977,1.0823730124209966e-19,3.343941577677895e-20
676,17,5.399566650390625,-12.081457011060785,-11.964814978923755,-1.4525459698269398,-1.100209976181353,-0.0009601634353525482,-0.0008457923943359511,1.0017273774140578,1.001739151953001,1.0017273774140578,1.0017391519530012,0.0,2.340759104374526e-20
677,17,4.944009304046631,-10.466503863337751,-11.515321644247955,-2.195856305227969,-1.4289038748953378,-0.0007939151373461894,-0.0008302292172390226,1.0017966696748273,1.0017564072695488,1.0017966696748275,1.001756407269549,0.0,1.638531373062168e-20
678,17,5.167883396148682,-9.586611593452831,-10.936708629009416,-2.835136045948221,-1.8507735262112026,-0.0006562181923947552,-0.0007780259097857423,1.0016420750942046,1.0017221076169456,1.0016420750942046,1.0017221076169456,1.0824247497625687e-19,4.3942462104312234e-20
679,17,4.983067512512207,-10.947631344448572,-10.939985443641163,-2.8021375450442085,-2.136182731861104,-0.000849009182236007,-0.0007993208915208216,1.0015885293322258,1.0016820341315296,1.0015885293322258,1.0016820341315296,0.0,3.075972347301856e-20
680,17,4.754177570343018,-11.56151561827797,-11.126444496032205,-2.9288386043600325,-2.3739794936107823,-0.0009670823872397929,-0.0008496493402365131,1.0016239970737972,1.0016646230142099,1.0016239970737975,1.0016646230142099,1.0824442861322768e-19,5.400513501508129e-20
681,17,4.688875198364258,-10.683711485881233,-10.993624592986913,-3.0809056666118164,-2.5860573455110925,-0.0009373631263744087,-0.0008759634760778817,1.001684880393794,1.0016707002280851,1.0016848803937939,1.0016707002280851,0.0,3.7803594510556903e-20
682,17,4.491738319396973,-9.517210869256413,-10.550700475867764,-3.2327096696081967,-2.7800530427402235,-0.0008066560212340728,-0.0008551712396247389,1.0016417490154954,1.001662014864308,1.0016417490154956,1.0016620148643083,1.0824251021397188e-19,5.893526922158139e-20
683,17,4.410120010375977,-9.466147903524417,-10.225334704164759,-3.3175185783203927,-2.941292703414274,-0.0007728853283262768,-0.0008304854662352002,1.0016408364220264,1.0016556613316236,1.0016408364220264,1.0016556613316236,1.0824260883356118e-19,7.372747110517533e-20
684,17,4.186883926391602,-10.113549016759382,-10.191798997943145,-3.267314319227529,-3.0390991881582505,-0.0008147586186850941,-0.0008257674119701684,1.0017047251099573,1.0016703804651237,1.0017047251099571,1.0016703804651237,0.0,5.1609229773622726e-20
685,17,4.970774173736572,-9.118138166070542,-9.869700748381364,-3.1792425973235274,-3.0811422109078337,-0.0007531090989342965,-0.0008039699180594068,1.0018141116381605,1.0017134998170347,1.0018141116381605,1.0017134998170347,0.0,3.6126460841535905e-20
686,17,5.107852935791016,-8.83195319551776,-9.558376482522283,-2.9298834076383664,-3.0357645699269935,-0.0007277008408894598,-0.0007810891949084226,1.0017330802803295,1.001719373956023,1.0017330802803297,1.001719373956023,0.0,2.528852258907513e-20
687,17,5.022017002105713,-9.969728866729403,-9.681782197784418,-2.527244788873151,-2.88320863561084,-0.0008749641289486491,-0.0008092516751204905,1.0017434817351876,1.0017266062897723,1.0017434817351876,1.0017266062897723,-1.0823151757448769e-19,-1.4767489459993712e-20
688,17,4.576022148132324,-11.137300883505427,-10.11843780350072,-2.4712927556316626,-2.7596338716170865,-0.0009702726262339318,-0.0008575579604545229,1.0019128474308405,1.0017824786320928,1.0019128474308407,1.0017824786320928,1.0821322186512274e-19,2.2126723937541222e-20
689,17,4.405177593231201,-10.861129468892242,-10.341245303118177,-2.49301641104627,-2.6796486334458414,-0.0009267535495518005,-0.0008783166371837062,1.0020006372860222,1.0018479262282716,1.0020006372860222,1.0018479262282716,1.0820374081019848e-19,4.79498289993384e-20
690,17,4.579608917236328,-10.14012238158392,-10.280908426657899,-2.492824603069777,-2.623601424333022,-0.0008017633905005369,-0.0008553506631787553,1.0020539597393465,1.001909736281594,1.0020539597393465,1.001909736281594,1.0819798294769738e-19,6.602427518384608e-20
691,17,4.683316707611084,-10.164726035610505,-10.24605370934368,-2.3689531963674924,-2.5472069559433628,-0.0008153259591386953,-0.0008433432519667373,1.002056683462354,1.001953820435822,1.002056683462354,1.001953820435822,0.0,4.621699262869226e-20
692,17,4.848649024963379,-10.757894619478003,-10.399605982383978,-2.123666808087806,-2.4201449115866955,-0.000852910244348118,-0.0008462133496811514,1.0021482988076211,1.0020121639473618,1.002148298807621,1.0020121639473616,-1.0818779753211307e-19,-1.0444441954934595e-22
693,17,4.594541549682617,-10.66674678135334,-10.479748222074786,-2.2410018997978582,-2.366402008050044,-0.0008031379280514974,-0.0008332907231922551,1.002256922492102,1.0020855915107838,1.0022569224921019,1.0020855915107836,-1.0817607223800925e-19,-3.2525932765087313e-20
694,17,4.778141498565674,-10.30832923484513,-10.42832252590589,-2.3312633654899972,-2.35586041528203,-0.0007403995765127281,-0.0008054233791883969,1.002403547203147,1.0021809782184927,1.002403547203147,1.0021809782184925,-1.081602489846118e-19,-5.521622763094465e-20
695,17,4.812045097351074,-10.4036991093272,-10.42093550093228,-2.390626012313844,-2.366290094391574,-0.0007246569462870477,-0.0007811934493179921,1.002391584651712,1.0022441601484584,1.002391584651712,1.0022441601484582,0.0,-3.8651359341661255e-20
696,17,4.52905797958374,-11.005230262642986,-10.596223929445491,-2.3635353463348556,-2.365463669974558,-0.0008221134349114532,-0.0007934694449960305,1.0024732767770559,1.0023128951370377,1.002473276777056,1.0023128951370375,-1.0815272562388955e-19,-5.950176922632974e-20
697,17,4.897810459136963,-11.726682190677508,-10.935361407815096,-2.5562698640786823,-2.422705528205795,-0.0008959616622024458,-0.000824217110157955,1.0024950180187426,1.002367532001549,1.0024950180187426,1.002367532001549,0.0,-4.1651238458430814e-20
698,17,4.6897382736206055,-12.410285099325655,-11.377838515268262,-2.796101523172255,-2.5347243266957333,-0.0009098429918369436,-0.0008499048746616516,1.0025926719830185,1.00243507399599,1.0025926719830185,1.00243507399599,0.0,-2.915586692090157e-20
699,17,4.618419647216797,-12.09917017269709,-11.594238012496909,-3.1657658356649185,-2.7240367793864886,-0.0008340710533571521,-0.0008451547282703017,1.0027088598422575,1.0025172097498702,1.0027088598422578,1.0025172097498702,0.0,-2.04091068446311e-20
700,17,4.561465263366699,-11.8472214070346,-11.670133030858215,-3.1731105650981286,-2.8587589150999806,-0.0008458914448788779,-0.0008453757432528746,1.0027373996677045,1.0025832667252206,1.0027373996677047,1.0025832667252206,0.0,-1.4286374791241767e-20
701,17,4.733241558074951,-12.270477341816047,-11.850236324145564,-3.2643196498502327,-2.980427135525056,-0.0008160545911786799,-0.0008365793976306162,1.0027514686939702,1.0026337273158454,1.0027514686939702,1.0026337273158454,0.0,-1.0000462353869237e-20
702,17,4.856447219848633,-12.896125447659085,-12.164003061199619,-3.281571114892203,-3.0707703293351996,-0.0008502407262952077,-0.0008406777962299936,1.0028417025471912,1.002696119885249,1.0028417025471912,1.002696119885249,0.0,-7.000323647708466e-21
703,17,4.712487697601318,-13.261450599404029,-12.49323732266094,-3.3415688842852678,-3.1520098958202203,-0.000843194768677336,-0.0008414328879641963,1.0029226064245005,1.0027640658470245,1.0029226064245005,1.0027640658470245,0.0,-4.900226553395926e-21
704,17,4.758623123168945,-13.142196584736622,-12.687925101283644,-3.387741709832629,-3.222729440023943,-0.0008081008956058254,-0.000831433290256685,1.0030634174191873,1.0028538713186732,1.0030634174191873,1.0028538713186732,0.0,-3.430158587377148e-21
705,17,4.572662830352783,-12.26084218866546,-12.559800227498188,-3.481923619173035,-3.3004876937686705,-0.0007080484481200318,-0.000794417837615689,1.0029736642315135,1.0028898091925251,1.0029736642315135,1.0028898091925251,1.0809876780924541e-19,3.0028519331609613e-20
706,17,4.676237106323242,-12.705072387220126,-12.603381875414769,-3.4897719376126464,-3.357272966921863,-0.0006976279365042408,-0.0007653808672822544,1.0029662928507377,1.002912754289989,1.0029662928507377,1.002912754289989,0.0,2.1019963532126728e-20
707,17,4.912961959838867,-14.352982659820839,-13.128262110736589,-3.309710981778251,-3.343004371378779,-0.0008236333126649409,-0.0007828566008970604,1.0030802234763974,1.0029629950459114,1.0030802234763974,1.0029629950459114,0.0,1.4713974472488708e-20
708,17,5.176483631134033,-14.163008491905359,-13.438686025087218,-3.21829330495263,-3.305591051450934,-0.0007587350915112473,-0.0007756201480813164,1.0031633979418737,1.0030231159147,1.003163397941874,1.0030231159147,0.0,1.0299782130742096e-20
709,17,5.502645015716553,-13.373777051103051,-13.419213332891967,-3.183124153284227,-3.268850982000922,-0.0006975095128946076,-0.0007521869575253037,1.003177330916578,1.0030693804152633,1.0031773309165777,1.0030693804152633,0.0,7.209847491519467e-21
710,17,5.2974419593811035,-13.945748250488206,-13.577173808170837,-3.0290977087192092,-3.196925000016408,-0.0007252030373644292,-0.0007440917814770414,1.0031231120444304,1.0030854999040133,1.0031231120444302,1.0030854999040133,0.0,5.046893244063626e-21
711,17,5.336947917938232,-14.43205553457626,-13.833638326092464,-2.7428813445266385,-3.060711903369477,-0.0008515985960913906,-0.0007763438258613461,1.0031684786230697,1.00311039351973,1.0031684786230697,1.00311039351973,0.0,3.532825270844538e-21
712,17,5.425439357757568,-13.539803608868118,-13.74548791092516,-2.903210315383086,-3.0134614269735596,-0.0007656575904791111,-0.0007731379552466755,1.003245948332421,1.0031510599635374,1.0032459483324208,1.0031510599635372,0.0,2.4729776895911766e-21
713,17,5.1656880378723145,-13.120701361189788,-13.558051946004548,-2.89777557575849,-2.9787556716090386,-0.0007376948815923385,-0.0007625050331503744,1.0031911389828427,1.003163083669329,1.003191138982843,1.0031630836693288,0.0,1.7310843827138236e-21
714,17,5.046671390533447,-13.108165844233351,-13.423086115473188,-2.8777754049507513,-2.948461591611552,-0.0007187627022501796,-0.000749382333880316,1.0031488510753088,1.003158813891123,1.0031488510753088,1.0031588138911227,0.0,1.2117590678996765e-21
715,17,4.966300010681152,-14.153309095582664,-13.642153009506028,-2.809003730311838,-2.906624233221638,-0.0007796648051471385,-0.0007584670752603627,1.0031965013453312,1.0031701201273855,1.0031965013453312,1.0031701201273853,0.0,8.482313475297735e-22
716,17,4.877984046936035,-14.203062939079167,-13.81042598837797,-2.7958365811962906,-2.873387937614033,-0.0008237875531020942,-0.0007780632186128821,1.003256525110791,1.003196041622407,1.003256525110791,1.0031960416224068,-1.0806829014800322e-19,-3.1826725101130127e-20
717,17,5.231797695159912,-12.910757149524091,-13.540525336721805,-2.9087007817841015,-2.883981790865054,-0.0007909371193768768,-0.0007819253888420804,1.003269346878874,1.003218033199347,1.0032693468788738,1.0032180331993468,0.0,-2.2278707570791087e-20
718,17,5.006626129150391,-11.928992927831056,-13.05706561405458,-3.292786124663626,-3.0066230910046254,-0.0006884884975542618,-0.0007538943214557348,1.003219591637873,1.0032185007309047,1.003219591637873,1.0032185007309047,-1.0807226867603512e-19,-4.8016775902364294e-20
719,17,4.933988094329834,-12.20260152369953,-12.800726386948064,-3.4122231088380843,-3.1283030963546627,-0.0006887847392814343,-0.0007343614468034446,1.0032072833984216,1.0032151355311598,1.0032072833984216,1.0032151355311598,1.0807359460277323e-19,-1.1896647508230349e-21
720,17,4.697867393493652,-13.289765663053643,-12.947438169779737,-3.3761392482722887,-3.2026539419299502,-0.0007739783978611021,-0.0007462465321207419,1.0032090012539394,1.0032132952479937,1.0032090012539392,1.0032132952479935,1.0807340954181328e-19,3.1589257536967854e-20
721,17,4.592385768890381,-13.379601962484484,-13.07708730759116,-3.2726455427966346,-3.2236514221899553,-0.00084073068788028,-0.0007745917788486033,1.0031925284180063,1.0032070651989975,1.0031925284180063,1.0032070651989973,0.0,2.2112480275877496e-20
722,17,4.422327518463135,-13.329244084265333,-13.15273434059341,-3.322051222030665,-3.253171362142168,-0.0008255102339903769,-0.0007898673153911354,1.0032000471219042,1.0032049597758694,1.0032000471219042,1.0032049597758692,0.0,1.5478736193114246e-20
723,17,4.281605243682861,-13.342868546085631,-13.209774602241076,-3.3709035026717165,-3.288491004301032,-0.0008299672422916428,-0.0008018972934612876,1.0032183131524153,1.0032089657888332,1.0032183131524153,1.003208965788833,0.0,1.0835115335179971e-20
724,17,4.275276184082031,-13.340964454020042,-13.249131557774763,-3.3594722866314917,-3.3097853890001696,-0.0008370384295421795,-0.0008124396342855552,1.0032144477850868,1.0032106103877094,1.0032144477850868,1.003210610387709,0.0,7.58458073462598e-21
725,17,4.344844818115234,-12.278044349134841,-12.957805395182785,-3.7776051005042564,-3.4501313024513953,-0.0007377885796655955,-0.0007900443178995673,1.0032208873531618,1.003213693477345,1.0032208873531616,1.0032136934773446,1.0807212909472001e-19,3.7730845242654183e-20
726,17,4.863775253295898,-12.6146102207725,-12.854846842859697,-3.9234497879448242,-3.5921268480994235,-0.000736657123781007,-0.0007740281596639991,1.0031275770735841,1.0031878585562168,1.0031275770735841,1.0031878585562164,0.0,2.6411591669857927e-20
727,17,4.942312240600586,-13.711593267395845,-13.111870770220541,-3.8376163240779477,-3.6657736908929808,-0.0009031245627893505,-0.0008127570806016045,1.0031645710225654,1.0031808722961213,1.0031645710225656,1.003180872296121,0.0,1.8488114168900547e-20
728,17,4.827448844909668,-12.721783232436751,-12.994844508885404,-4.0746100495853295,-3.788424598500685,-0.0008282576557635568,-0.0008174072531501901,1.0031421368277997,1.0031692516556248,1.0031421368277997,1.0031692516556245,0.0,1.2941679918230382e-20
729,17,4.3994975090026855,-11.637979755926,-12.587785082997582,-4.121880748357417,-3.8884614434577047,-0.0007595337559775986,-0.0008000452039984127,1.0030397839533518,1.0031304113449429,1.0030397839533518,1.0031304113449426,-1.0809164200967798e-19,-2.3368316660142128e-20
730,17,4.454770565032959,-11.210812045598326,-12.174693171777804,-4.267553176075199,-4.002188963242953,-0.0007509723559195027,-0.0007853233495747396,1.003010378118036,1.0030944013768708,1.0030103781180357,1.0030944013768706,0.0,-1.6357821662099488e-20
731,17,4.365026473999023,-11.638584312069009,-12.013860513865165,-4.042980268819908,-4.014426354916039,-0.000834765569325745,-0.0008001560155000411,1.0028483233784875,1.0030205779773558,1.0028483233784875,1.0030205779773556,-1.0811227851814565e-19,-4.388415871891334e-20
732,17,4.316941738128662,-11.995014554090726,-12.008206725932832,-4.225997809282912,-4.077897791226101,-0.0008587206276273816,-0.0008177253991382432,1.0028013573343035,1.00295481178444,1.0028013573343035,1.00295481178444,-1.0811734193974214e-19,-6.315411368516197e-20
733,17,4.540672779083252,-11.662639069377333,-11.904536428966182,-4.315318282427038,-4.149123938586381,-0.0008586781127403303,-0.0008300112132188693,1.002785317296946,1.0029039634381918,1.002785317296946,1.0029039634381918,0.0,-4.420787957961338e-20
734,17,4.6451802253723145,-10.287311409564511,-11.419368923145681,-4.6260292199487,-4.292195522995077,-0.0007977786764733597,-0.0008203414521952164,1.0025764367036532,1.00280570541783,1.0025764367036532,1.00280570541783,-1.0814159726815709e-19,-6.338799488617648e-20
735,17,4.737956523895264,-9.085716397510138,-10.719273165455018,-5.092584933965328,-4.532312346286152,-0.0006323009350134641,-0.0007639292970406907,1.0023625630317234,1.002672762701998,1.0023625630317234,1.002672762701998,0.0,-4.4371596420323535e-20
736,17,4.699962139129639,-8.920933554707076,-10.179771282230634,-5.34190035000449,-4.775188747401653,-0.0006523955597623793,-0.0007304691758571972,1.0022631128610302,1.0025498677497076,1.0022631128610302,1.0025498677497076,0.0,-3.106011749422647e-20
737,17,5.445751667022705,-9.525037157389544,-9.983351044778306,-5.122882153469016,-4.879496769221862,-0.0007711324979038003,-0.0007426681724711781,1.0019145588449083,1.0023592750782677,1.001914558844908,1.0023592750782677,1.0821303702138678e-19,1.0721828860457507e-20
738,17,4.841564178466797,-10.625054246366691,-10.175862005254821,-5.065798975670443,-4.935387431156435,-0.0009584089404040795,-0.0008073904028510484,1.0017119894203035,1.0021650893808784,1.0017119894203037,1.0021650893808784,1.0823492021024309e-19,3.997575626539318e-20
739,17,5.863935947418213,-9.553573257706516,-9.989175380990329,-5.622629703860836,-5.141560112967755,-0.0008145589487581933,-0.0008095409666231917,1.0016213414058552,1.0020019649883714,1.001621341405855,1.0020019649883714,0.0,2.7983029385775225e-20
740,17,4.955989837646484,-8.28284974848362,-9.477277691238315,-5.874472442963419,-5.361433811966454,-0.000672011079693564,-0.0007682820005443033,1.001309337819684,1.0017941768377652,1.001309337819684,1.0017941768377652,0.0,1.9588120570042656e-20
741,17,5.276621341705322,-8.326100428866576,-9.131924512526794,-5.8818887051135205,-5.517570279910574,-0.000749723324252763,-0.0007627143976568412,1.0011318478938287,1.0015954781545842,1.0011318478938287,1.0015954781545842,1.082976407919135e-19,4.620097663660391e-20
742,17,5.3579607009887695,-8.406939368006144,-8.914428969170599,-5.999665848616453,-5.662198950522337,-0.0007300212525786413,-0.0007529064541333812,1.000967938665082,1.0014072163077334,1.0009679386650818,1.0014072163077334,1.0831537460944314e-19,6.483529602845568e-20
743,17,5.5058135986328125,-8.286114343177662,-8.725934581372718,-6.044805968704234,-5.776981055976906,-0.0007203112290104892,-0.0007431278865965135,1.000802982242824,1.0012259460882604,1.000802982242824,1.0012259460882604,1.0833322759048747e-19,7.78846754970652e-20
744,17,5.690864562988281,-8.744983997987301,-8.731649406357093,-5.9104564402466515,-5.817023671257829,-0.0007068660901479337,-0.0007322493476619396,1.0005909708014407,1.0010354535022143,1.0005909708014407,1.0010354535022143,0.0,5.451927284794564e-20
745,17,5.392336368560791,-9.47207262292143,-8.953776371326393,-5.783815387944964,-5.807061186263969,-0.0007181694273402674,-0.0007280253715654379,1.0005041373994008,1.0008760586713703,1.0005041373994008,1.0008760586713703,0.0,3.8163490993561945e-20
746,17,5.3643879890441895,-9.504329470988642,-9.118942301225067,-5.37951987641843,-5.678798793310307,-0.0008143409084171241,-0.0007539200326209436,1.0004675697594023,1.0007535119977797,1.0004675697594023,1.0007535119977797,0.0,2.671444369549336e-20
747,17,5.591072082519531,-8.35058081317306,-8.888433854809465,-5.147004398702648,-5.519260474928009,-0.0007116396354674581,-0.000741235913474898,1.0003081539274854,1.0006199045766913,1.0003081539274854,1.0006199045766913,0.0,1.870011058684535e-20
748,17,5.773468494415283,-8.05624789601597,-8.638778067171415,-4.819551681072786,-5.309347836771442,-0.0006478803771364423,-0.0007132292525733612,1.0000640456366732,1.0004531468946858,1.0000640456366732,1.0004531468946858,0.0,1.3090077410791745e-20
749,17,6.012111663818359,-9.891613071382984,-9.014628568434887,-4.531295345055685,-5.075932089256715,-0.0007676951425402823,-0.0007295690195634375,1.000079052704715,1.0003409186376944,1.000079052704715,1.0003409186376944,0.0,9.163054187554221e-21
750,17,5.499825954437256,-10.10048063537887,-9.340384188518081,-4.344746075917856,-4.856576285255057,-0.0007692396465101311,-0.0007414702076474456,0.9999946430541835,1.0002370359626411,0.9999946430541834,1.0002370359626411,1.08420798052891e-19,3.8940377347155256e-20
751,17,5.4012532234191895,-10.087278203465194,-9.564452393002215,-4.277777293298943,-4.682936587668223,-0.0007735807441855028,-0.0007511033686088627,0.9999753886452614,1.0001585417674272,0.9999753886452614,1.0001585417674272,0.0,2.725826414300868e-20
752,17,5.338044166564941,-10.104924081404599,-9.72659389952293,-4.010468200549951,-4.481196071532741,-0.0007389233109535991,-0.0007474493513122836,0.9998760265181825,1.0000737871926537,0.9998760265181825,1.0000737871926537,0.0,1.9080784900106075e-20
753,17,5.100681781768799,-10.30219005260923,-9.899272745448819,-3.902616534236366,-4.307622210343828,-0.0007559254183984864,-0.0007499921714381444,0.9998329610281316,1.000001539343297,0.9998329610281315,1.000001539343297,0.0,1.3356549430074252e-20
754,17,5.091464042663574,-10.238789558226292,-10.00112778928206,-3.8864038352002708,-4.181256697800761,-0.0007534827088951045,-0.0007510393326752323,0.9998440064143014,0.9999542794645984,0.9998440064143015,0.9999542794645984,0.0,9.349584601051976e-21
755,17,5.538323879241943,-9.059290765862036,-9.718576682256053,-3.8855013341741484,-4.092530088712777,-0.0006521371269897742,-0.0007213686709695948,0.9998260249447611,0.9999158031086471,0.999826024944761,0.9999158031086471,0.0,6.544709220736382e-21
756,17,5.458051681518555,-8.302646008051862,-9.293797479994796,-3.6521209928051834,-3.9604073599404988,-0.0006332555354766941,-0.0006949347303217246,0.9998034771625341,0.9998821053248133,0.999803477162534,0.9998821053248133,0.0,4.5812964545154676e-21
757,17,5.7089314460754395,-7.952964428063813,-8.8915475644155,-3.5115590722481635,-3.825752873632798,-0.0005806217680009685,-0.0006606408416254977,0.9997443415916937,0.9998407762048773,0.9997443415916937,0.9998407762048773,0.0,3.206907518160827e-21
758,17,5.382465839385986,-9.098205415613183,-8.953544919774805,-2.9616339642487457,-3.5665172008175823,-0.0007428915176980591,-0.000685316044447266,0.9997818824656947,0.9998231080831225,0.9997818824656947,0.9998231080831225,0.0,2.244835262712579e-21
759,17,5.224699020385742,-9.442208888470773,-9.100144110383596,-2.63640867271656,-3.287484642387275,-0.0008141480444938812,-0.0007239656444612506,0.9998597570218025,0.9998341027647264,0.9998597570218026,0.9998341027647265,0.0,1.5713846838988053e-21
760,17,5.682470798492432,-9.446033377633013,-9.20391089055842,-2.2630200352813974,-2.9801452602555116,-0.0008167276441246898,-0.0007517942443602823,0.999879047506424,0.9998475861872356,0.999879047506424,0.9998475861872358,1.0843333253050677e-19,3.362996903788119e-20
761,17,5.272340297698975,-8.657655877490576,-9.040034386638066,-2.2320446218210757,-2.7557150687251806,-0.0007469221897322816,-0.000750332627971882,0.9999891634725796,0.9998900593728387,0.9999891634725796,0.9998900593728389,0.0,2.3540978326516832e-20
762,17,5.021949768066406,-7.649459598292744,-8.62286195013447,-2.212069238215248,-2.5926213195722005,-0.0006411936973631766,-0.0007175909487892703,0.9999821882015687,0.9999176980214577,0.9999821882015687,0.9999176980214577,0.0,1.647868482856178e-20
763,17,5.038579940795898,-7.600976453519573,-8.31629630115,-2.2278425470700487,-2.483187687821555,-0.0005885966808276944,-0.0006788926684007976,0.9999954709956153,0.9999410299137049,0.9999954709956151,0.9999410299137048,0.0,1.1535079379993246e-20
764,17,5.38029670715332,-8.56047050281185,-8.389548561648555,-1.8063042338072965,-2.280122651617277,-0.0007276274611806692,-0.000693513106234759,1.000000155403842,0.999958767560746,1.000000155403842,0.999958767560746,-1.0842020039963475e-19,-2.4451504553895155e-20
765,17,5.438262939453125,-8.6511088094627,-8.468016635992798,-1.7918197903460573,-2.133631793235911,-0.00068903393129371,-0.0006921693537524443,1.000058544643006,0.9999887006854239,1.000058544643006,0.9999887006854239,-1.0841387019722286e-19,-4.964021424689347e-20
766,17,5.332828044891357,-8.478039780275887,-8.471023579277725,-1.7583493379980895,-2.0210470566645644,-0.0007187394378663581,-0.0007001403789866184,1.0001305939622394,1.0000312686684685,1.0001305939622394,1.0000312686684685,0.0,-3.4748149972825423e-20
767,17,5.195096015930176,-8.497118331308654,-8.478852004887003,-1.8143196339364855,-1.9590288298461407,-0.0007017993856346853,-0.0007006380809810383,1.0001740643372035,1.0000741073690889,1.0001740643372035,1.0000741073690889,1.0840134843968233e-19,8.196699550926904e-21
768,17,5.184493064880371,-8.4978021829337,-8.484537058301012,-1.836496012808874,-1.9222689847349606,-0.0006856290776212965,-0.0006961353799731158,1.0001728118657507,1.0001037187180875,1.0001728118657507,1.0001037187180875,0.0,5.737689685648832e-21
769,17,5.131228446960449,-9.68626608236249,-8.845055765519454,-1.855228290216112,-1.902156776379306,-0.0006701609147084482,-0.0006883430403937154,1.0002805359049154,1.0001567638741358,1.0002805359049154,1.0001567638741358,0.0,4.016382779954182e-21
770,17,5.348239421844482,-10.636256544723071,-9.38241599928054,-1.7717388827262126,-1.8630314082833779,-0.0008052452950634656,-0.0007234137167946404,1.000482035445903,1.0002543453456658,1.000482035445903,1.0002543453456658,0.0,2.811467945967927e-21
771,17,5.241434574127197,-10.333794346050327,-9.667829503311475,-2.0552569831771903,-1.9206990807515214,-0.000650807918527866,-0.000701631977314608,1.0006152757412354,1.0003626244643367,1.0006152757412357,1.0003626244643367,0.0,1.9680275621775487e-21
772,17,5.544295787811279,-10.68499065848028,-9.972977849862115,-2.0232461260332943,-1.9514631943360532,-0.0006343447185601072,-0.0006814457996882578,1.0006069684184202,1.0004359276505617,1.0006069684184202,1.0004359276505617,-1.0835444951969668e-19,-3.112871556238472e-20
773,17,5.438012599945068,-11.73241920379717,-10.50081025604263,-1.8102393221510593,-1.909096032680555,-0.0007685462873448503,-0.0007075759459852356,1.0008779206429592,1.0005685255482808,1.0008779206429594,1.000568525548281,0.0,-2.1790100893669303e-20
774,17,5.428532600402832,-10.876778458080574,-10.613600716654013,-1.7894977036688084,-1.873216533977031,-0.0006955244490908208,-0.0007039604969169112,1.0010441395410774,1.0007112097461197,1.0010441395410774,1.00071120974612,0.0,-1.525307062556851e-20
775,17,5.762901782989502,-10.134826064576487,-10.469968321030754,-1.86636787918282,-1.8711619375387676,-0.0005393145154622411,-0.00065456670248051,1.0011735329752285,1.0008499067148522,1.0011735329752285,1.0008499067148524,0.0,-1.0677149437897957e-20
776,17,5.844059944152832,-10.863630197575972,-10.588066883994319,-1.5368157119125954,-1.7708580698509158,-0.0005670027234159412,-0.0006282975087611394,1.0011499181274752,1.000939910138639,1.0011499181274752,1.0009399101386394,-1.0829568607600428e-19,-3.996271042932985e-20
777,17,5.594191551208496,-12.13218113794471,-11.051301160179436,-1.0174494352806587,-1.5448354794798387,-0.0007377789397780601,-0.0006611419380662156,1.00140592079968,1.0010797133369511,1.00140592079968,1.0010797133369516,0.0,-2.7973897300530896e-20
778,17,5.912635326385498,-11.622766044274304,-11.222740625407896,-1.1063467561238294,-1.4132888624730358,-0.0006930121891841532,-0.0006707030134015968,1.0015647466167583,1.0012252233208931,1.0015647466167583,1.0012252233208936,0.0,-1.9581728110371626e-20
779,17,5.932591915130615,-11.362190792572505,-11.264575675557278,-1.1574466199989262,-1.3365361897308028,-0.0006489924297496774,-0.0006641898383060209,1.0015843439903482,1.0013329595217297,1.0015843439903482,1.00133295952173,1.0824871404898402e-19,1.8767404537435068e-20
780,17,5.919299125671387,-12.04613432925577,-11.499043271666824,-1.0990185412028977,-1.2652808951724313,-0.0006690294771762901,-0.0006656417299671016,1.0015852851529654,1.0014086572111003,1.0015852851529654,1.0014086572111005,0.0,1.3137183176204548e-20
781,17,5.7319560050964355,-13.370543315772924,-12.060493284898655,-1.139882634835604,-1.227661417071383,-0.0008104177649429565,-0.0007090745404598581,1.0018772121595898,1.0015492236956471,1.0018772121595898,1.0015492236956471,0.0,9.196028223343183e-21
782,17,5.6581645011901855,-13.2157211952679,-12.407061658009427,-1.125809976651344,-1.1971059849453713,-0.0008374396478717616,-0.0007475840726834291,1.0019172858121397,1.0016596423305948,1.0019172858121397,1.0016596423305948,1.0821274249267651e-19,3.890104250414318e-20
783,17,5.654199123382568,-11.79598825616866,-12.223739637457196,-1.3287102453371398,-1.2365872630629018,-0.0006844248167271107,-0.0007286362958965335,1.0020377909120584,1.0017730869050339,1.0020377909120584,1.0017730869050339,0.0,2.723072975290022e-20
784,17,5.453271389007568,-11.78619462560623,-12.092476133901904,-1.4165048191738483,-1.2905625298961856,-0.0005489886167616144,-0.0006747419921560577,1.0020239848481953,1.001848356287982,1.0020239848481953,1.001848356287982,0.0,1.9061510827030156e-20
785,17,5.501396656036377,-13.607906912389875,-12.547105367448294,-0.8979708996253694,-1.1727850408149407,-0.0007371878246765437,-0.0006934757419122034,1.0021367886646804,1.0019348860009916,1.0021367886646804,1.0019348860009916,0.0,1.3343057578921108e-20
786,17,5.582940578460693,-13.824074235255042,-12.930196027790316,-0.8204778876354878,-1.0670928948611047,-0.0007760783435754866,-0.0007182565224111883,1.0023131705217458,1.0020483713572177,1.002313170521746,1.002048371357218,0.0,9.340140305244775e-21
787,17,5.764313697814941,-12.496338850174888,-12.800038874505688,-0.9857433109851547,-1.0426880196983197,-0.0006659736923789275,-0.00070257167340151,1.0024128067160099,1.0021577019648553,1.0024128067160099,1.0021577019648555,0.0,6.5380982136713416e-21
788,17,5.726451396942139,-12.445235845552055,-12.693597965819599,-1.03165971290196,-1.0393795276594118,-0.0006142027811527237,-0.0006760610057268742,1.0024262692890502,1.0022382721621137,1.0024262692890502,1.002238272162114,0.0,4.576668749569939e-21
789,17,5.582422256469727,-12.83125629991389,-12.734895466047885,-0.9607269906642659,-1.015783766560868,-0.0006802796220325463,-0.0006773265906185759,1.0025354222407554,1.0023274171857062,1.0025354222407554,1.0023274171857064,-1.0814602142059147e-19,-2.924013830147848e-20
790,17,5.608438491821289,-12.71699738481069,-12.729526041676724,-1.0729860903926853,-1.032944463710413,-0.000637906918448749,-0.0006655006889676277,1.0025935845014484,1.0024072673804287,1.0025935845014484,1.002407267380429,-1.0813974767499005e-19,-5.2910021113531943e-20
791,17,5.741891860961914,-12.470609922598795,-12.651851205953346,-1.1542087010256026,-1.0693237349049698,-0.0005331009794745521,-0.000625780776119705,1.0026647763533407,1.0024845200723023,1.0026647763533407,1.0024845200723025,0.0,-3.703701477947236e-20
792,17,5.880369186401367,-12.47909913424962,-12.600025584442227,-1.0416181155259616,-1.0610120490912673,-0.0005477754677769134,-0.0006023791836168675,1.0026761278729575,1.0025420024124987,1.0026761278729575,1.002542002412499,0.0,-2.592591034563065e-20
793,17,5.666066646575928,-12.424152179093623,-12.547263562837644,-1.0604586840889048,-1.0608460395905586,-0.0005402667060433576,-0.0005837454403448145,1.0026748449078071,1.0025818551610912,1.0026748449078071,1.0025818551610914,0.0,-1.8148137241941453e-20
794,17,5.597015380859375,-13.14173040848148,-12.725603616530794,-0.8532026355036211,-0.9985530183644773,-0.0007333120852109921,-0.0006286154338046678,1.0025755047178235,1.0025799500281107,1.0025755047178235,1.002579950028111,1.0814169779568421e-19,1.9738813269346242e-20
795,17,5.408078193664551,-13.437197331193822,-12.939081730929702,-1.0401495050288025,-1.0110319643637748,-0.0007885669627290426,-0.0006766008924819801,1.0026637644284497,1.0026050943482123,1.0026637644284495,1.0026050943482125,1.0813217859763133e-19,4.6256822867831764e-20
796,17,5.231290340423584,-12.469309633352502,-12.79815010165654,-1.4617632683774227,-1.146251355567869,-0.0006712752900488823,-0.0006750032117520508,1.0026836667702026,1.0026286660748094,1.0026836667702026,1.0026286660748096,0.0,3.237977600748223e-20
797,17,5.152812480926514,-12.285123714604747,-12.644242185541001,-1.47019122664699,-1.2434333168916054,-0.0006401938665182067,-0.0006645604081818976,1.0026273889941857,1.0026282829506221,1.0026273889941857,1.0026282829506223,0.0,2.266584320523756e-20
798,17,5.064638614654541,-12.262347906169932,-12.52967390172968,-1.3268873237215257,-1.2684695189405815,-0.0006802602985871986,-0.0006692703753034879,1.0025961011778735,1.0026186284187975,1.0025961011778735,1.0026186284187977,-1.0813947622694306e-19,-1.6575752624416627e-20
799,17,5.285785675048828,-11.928564795390812,-12.349341169828019,-0.927555232652139,-1.1661952330540486,-0.0007401373586598223,-0.0006905304703103881,1.0025098577568299,1.0025859972202071,1.0025098577568299,1.0025859972202074,-1.0814877919619319e-19,-4.40476605959496e-20
800,17,5.203925609588623,-11.890633615942576,-12.211728903662385,-0.8990663436480381,-1.0860565662322452,-0.0007403998109592896,-0.0007054912725050586,1.002477064226531,1.0025533173221042,1.0024770642265313,1.0025533173221044,0.0,-3.083336241716472e-20
801,17,4.953705787658691,-11.944362094746854,-12.131518860987725,-0.8845416983138188,-1.0256021058567173,-0.0008158357101765898,-0.000738594603806518,1.0023908329252458,1.0025045720030465,1.0023908329252458,1.0025045720030468,0.0,-2.1583353692015302e-20
802,17,5.341967582702637,-11.252549281205136,-11.867827987052948,-1.1697370222328503,-1.0688425807695572,-0.0007544091604275863,-0.0007433389707928384,1.002302295835225,1.0024438891526999,1.002302295835225,1.0024438891527003,0.0,-1.510834758441071e-20
803,17,5.113079071044922,-10.959534818879332,-11.595340036600863,-1.2230153710710057,-1.1150944178599915,-0.0008182171100294047,-0.0007658024125638083,1.0022621054405818,1.0023893540390645,1.0022621054405818,1.0023893540390647,0.0,-1.0575843309087497e-20
804,17,4.970081329345703,-10.355166744466873,-11.223288048960665,-1.1815093939216788,-1.1350189106784976,-0.0007576331322872879,-0.0007633516284808521,1.0021039070389326,1.0023037199390248,1.0021039070389326,1.002303719939025,0.0,-7.403090316361248e-21
805,17,5.246218681335449,-10.008025929121386,-10.858709413008881,-1.0523524046605184,-1.1102189588731037,-0.0008323681489888393,-0.0007840565846332483,1.00205705742021,1.0022297211833802,1.0020570574202101,1.0022297211833806,1.0819764847290995e-19,2.7277131320420114e-20
806,17,5.106677055358887,-9.115550258302227,-10.335761666596884,-1.041849252127081,-1.0897080468492968,-0.0008143812618168466,-0.0007931539877883277,1.0019609055223457,1.0021490764850698,1.0019609055223457,1.00214907648507,0.0,1.909399192429408e-20
807,17,4.950652599334717,-8.341605446188144,-9.737514800474262,-1.2652157917531124,-1.1423603703204415,-0.0007475480064319537,-0.0007794721933814155,1.0018472976054706,1.00205854282119,1.0018472976054709,1.0020585428211901,0.0,1.3365794347005854e-20
808,17,4.84772253036499,-8.264959051599401,-9.295748075811803,-1.0879898113811766,-1.126049202638662,-0.000749832510522526,-0.0007705802885237486,1.0016112474768009,1.001924354217873,1.0016112474768009,1.0019243542178733,0.0,9.356056042904097e-21
809,17,4.317623138427734,-8.331371453105028,-9.00643508899977,-1.0321689638003977,-1.0978851309871827,-0.0008291014664119437,-0.000788136641890207,1.0015986109022101,1.001826631223174,1.0015986109022101,1.0018266312231743,0.0,6.5492392300328674e-21
810,17,4.4130425453186035,-7.3141689727365105,-8.498755254120793,-1.2072344847182135,-1.1306899371064918,-0.0007323523734405924,-0.0007714013613553226,1.001556097509164,1.001745471108971,1.001556097509164,1.001745471108971,0.0,4.5844674610230066e-21
811,17,4.335522651672363,-7.081858461792946,-8.073686216422438,-1.1931475772999056,-1.149427229164516,-0.0006993244954222231,-0.0007497783015753927,1.0014837010936697,1.0016669401043805,1.0014837010936697,1.0016669401043805,0.0,3.2091272227161045e-21
812,17,4.817460060119629,-7.010863638056504,-7.754839442912658,-0.8026204144150717,-1.0453851847396827,-0.0007398717975656576,-0.0007468063503724721,1.0013571440959113,1.0015740013018397,1.0013571440959113,1.0015740013018397,1.0827327481289315e-19,3.472837149976921e-20
813,17,4.955811977386475,-6.847327662273351,-7.482585908720866,-0.5904841920449212,-0.9089148869312541,-0.0007793382994043646,-0.0007565659350820397,1.0015418445103705,1.0015643542643988,1.0015418445103705,1.0015643542643988,0.0,2.430986004983845e-20
814,17,4.490032196044922,-4.798593516598588,-6.677388191084182,-0.35252095110066106,-0.7419967061820761,-0.0005129154738491027,-0.0006834707967121585,1.0012809247990753,1.0014793254248018,1.0012809247990753,1.0014793254248018,0.0,1.7016902034886913e-20
815,17,4.927865028381348,-4.685379718070548,-6.079785649180091,0.11429779550540096,-0.485108355675833,-0.0005539311998186687,-0.0006446089176441116,1.001146171502871,1.0013793792482226,1.001146171502871,1.0013793792482226,0.0,1.1911831424420838e-20
816,17,5.286803245544434,-5.5974316436194735,-5.935079447511906,0.6740678038965325,-0.1373555078041233,-0.0006762125032145424,-0.0006540899933152408,1.001006942043829,1.0012676480869045,1.0010069420438288,1.0012676480869045,0.0,8.338281997094586e-21
817,17,5.138579368591309,-6.362056794574087,-6.06317265163056,0.9722535403024233,0.19552720662784068,-0.0008370187527863652,-0.000708968621156578,1.001122870158889,1.0012242147084998,1.001122870158889,1.0012242147084998,1.0829861196892144e-19,3.832638098864264e-20
818,17,4.740955829620361,-5.568952652745355,-5.914906651964999,1.1144794523520563,0.47121288034510533,-0.0007779864413386951,-0.0007296739672112132,1.0010635013509859,1.0011760007012456,1.0010635013509859,1.0011760007012456,0.0,2.6828466692049846e-20
819,17,4.736964225769043,-5.150402620229225,-5.685555442444266,1.211912907572069,0.6934228885131943,-0.0006939221409281179,-0.0007189484193262845,1.0010025479921798,1.0011239648885257,1.0010025479921798,1.0011239648885257,-1.0831162964172341e-19,-1.3713562208082128e-20
820,17,5.252590179443359,-5.416112181682086,-5.604722464215612,1.6231365601675873,0.9723369900095122,-0.0007186748463151067,-0.0007188663474229312,1.0008334376091557,1.0010368067047146,1.0008334376091557,1.0010368067047146,1.083299310098496e-19,2.289948575729739e-20
821,17,5.257472038269043,-6.006560784168267,-5.725273960201408,1.7408924878246401,1.2029036393540506,-0.0007850224042275587,-0.0007387131644643194,1.00093811410444,1.001007198924632,1.00093811410444,1.001007198924632,0.0,1.6029640030108172e-20
822,17,5.302170753479004,-5.4735050768444555,-5.649743295194321,1.7265223246304389,1.359989244936967,-0.0007838255716358327,-0.0007522468866157735,1.00095333918343,1.0009910410022713,1.00095333918343,1.0009910410022713,1.0831695445164189e-19,4.371583435656829e-20
823,17,5.52720832824707,-4.542193837550389,-5.317478457901141,1.6878562678679672,1.458349351816267,-0.0006864469265551965,-0.0007325068985976004,1.000848713279972,1.0009483426855814,1.0008487132799722,1.0009483426855814,0.0,3.06010840495978e-20
824,17,5.581142425537109,-4.274308934433009,-5.004527600860701,1.6733164701928422,1.5228394873292395,-0.0006245630913061779,-0.0007001237564101735,1.0007771246816706,1.000896977284408,1.0007771246816706,1.000896977284408,0.0,2.142075883471846e-20
825,17,5.456318378448486,-4.457067571561923,-4.840289592071067,1.8792518710179098,1.6297632024358406,-0.0006709915636180833,-0.0006913840985725464,1.0007967600559704,1.0008669121158766,1.0007967600559702,1.0008669121158766,-1.0833390112342787e-19,-1.7505639152725442e-20
826,17,5.0388994216918945,-3.717922079285728,-4.503579338235465,1.9867551964153922,1.736860800629706,-0.0006103523140508954,-0.000667074563216051,1.000740514888601,1.000828992947694,1.000740514888601,1.000828992947694,0.0,-1.2253947406907809e-20
827,17,4.607152938842773,-3.616693181613749,-4.23751349124895,2.329333357740195,1.9146025677628526,-0.0006465239634635167,-0.0006609093832902907,1.0006832844656937,1.0007852804030937,1.0006832844656939,1.000785280403094,0.0,-8.577763184835466e-21
828,17,4.978092193603516,-4.318917399598166,-4.261934663753714,2.887104569385012,2.2063531682495,-0.0007330652711980188,-0.0006825561496626091,1.0005150442775224,1.0007042095654222,1.0005150442775224,1.0007042095654224,0.0,-6.004434229384826e-21
829,17,5.431186199188232,-5.417213309022816,-4.6085182573344445,3.250600359931103,2.519627325753981,-0.0009291043108994804,-0.0007565205980336704,1.0006563783333753,1.000689860195808,1.000656378333375,1.000689860195808,1.0834909924736378e-19,2.8301625813639753e-20
830,17,5.18918514251709,-4.720875667955379,-4.642225480520725,3.2141050230246515,2.7279706349351818,-0.0009000690109024724,-0.000799585121894311,1.0006527291091905,1.0006787208698227,1.0006527291091905,1.0006787208698227,0.0,1.9811138069547826e-20
831,17,5.408558368682861,-3.640546023789132,-4.341721643501248,2.999058530288647,2.809297003541221,-0.0007423345682950212,-0.000782409955814524,1.0005215034042674,1.000631555630156,1.0005215034042674,1.000631555630156,-1.0836370520738577e-19,-1.864131491353225e-20
832,17,5.161315441131592,-3.8111841792307506,-4.182560404220098,3.0840936416935962,2.8917359949869335,-0.00069910904195568,-0.0007574196816568707,1.0003781833621035,1.0005555439497402,1.0003781833621033,1.0005555439497402,0.0,-1.3048920439472575e-20
833,17,5.027873992919922,-4.216288638876991,-4.192678874617165,3.0505347656501285,2.9393756261858917,-0.0007514343273328992,-0.0007556240753596792,1.0005030478295,1.000539795113668,1.0005030478295,1.000539795113668,0.0,-9.134244307630802e-21
834,17,5.346823692321777,-3.9982356291993204,-4.1343459009918115,3.088337240210098,2.9840641103931533,-0.0007807596914642649,-0.0007631647601910548,1.0005037282250093,1.0005289750470705,1.0005037282250095,1.0005289750470705,1.0836563042188599e-19,2.611571811122423e-20
835,17,5.0730743408203125,-3.1710721583970374,-3.8453637782133794,3.0073349233635787,2.9910453542842808,-0.0006875800774058573,-0.0007404893553554956,1.0003403896376544,1.0004723994242455,1.0003403896376544,1.0004723994242455,0.0,1.828100267785696e-20
836,17,5.182675361633301,-3.058132482551828,-3.6091943895149137,2.9847801044671054,2.989165779339128,-0.0007180717225584745,-0.0007337640655163892,1.0002272713714861,1.0003988610084176,1.0002272713714861,1.0003988610084176,0.0,1.2796701874499871e-20
837,17,5.19577693939209,-3.5243927426087187,-3.583753895443055,2.820901709402891,2.9386865583582567,-0.0007247028662845414,-0.0007310457057468349,1.0000757009738135,1.0003019129980364,1.0000757009738135,1.0003019129980364,1.0841201035379358e-19,4.148129441828798e-20
838,17,4.789631366729736,-4.070534774180616,-3.729788159064323,2.795988784950837,2.8958772263360304,-0.0008110515146698742,-0.0007550474484237467,1.000090334264186,1.0002384393778811,1.0000903342641858,1.0002384393778811,1.0841042407266176e-19,6.156003331460011e-20
839,17,5.033392429351807,-3.963492050520049,-3.7998993265010412,2.549276779433248,2.7918970922651956,-0.0008012900565541878,-0.0007689202308628789,1.0001539548708174,1.0002130940257619,1.0001539548708174,1.0002130940257619,-1.0840352799740146e-19,1.0570964920999644e-20
840,17,4.9405837059021,-2.2124338121509406,-3.3236596721960106,2.406327308386033,2.6762261571014467,-0.0006760983632110262,-0.0007410736705673231,1.000092145409081,1.0001768094407575,1.0000921454090812,1.0001768094407575,0.0,7.39967544469975e-21
841,17,5.190729141235352,-0.7495031444716806,-2.5514127138787113,2.2871454652647234,2.5595019495504294,-0.0004810558040085333,-0.0006630683105996861,0.9999380089109164,1.000105169281805,0.9999380089109166,1.000105169281805,5.421346937628484e-20,2.1443813624175277e-20
842,17,5.177541255950928,-0.45782250147913495,-1.9233356501588381,2.6702547113874053,2.592727778101522,-0.0003997797174625386,-0.0005840817326585418,0.9995033535956847,0.9999246245759689,0.9995033535956845,0.9999246245759688,0.0,1.501066953692269e-20
843,17,5.145639419555664,-2.2281653624455697,-2.0147845638448576,3.115838608542467,2.749661027233805,-0.0006137138421758937,-0.0005929713655137473,0.999556812136225,0.9998142808440458,0.999556812136225,0.9998142808440456,0.0,1.0507468675845884e-20
844,17,5.027604103088379,-2.6602677621839947,-2.2084295233465987,3.6963785359894143,3.0336762798604875,-0.000852931321866742,-0.0006709593524196456,0.9995746086354422,0.9997423791814647,0.9995746086354421,0.9997423791814645,0.0,7.355228073092117e-21
845,17,4.887228488922119,-1.2319316458122898,-1.9154801600863058,3.302833542891754,3.114423458769867,-0.0007464701450990122,-0.0006936125902234555,0.9995879929745293,0.999696063319384,0.9995879929745293,0.9996960633193839,0.0,5.1486596511644816e-21
846,17,5.365173816680908,0.05949136933001157,-1.3229887012614105,3.3233397089083843,3.177098333811422,-0.0006378915496816914,-0.0006768962780609262,0.9991113130234658,0.9995206382306085,0.9991113130234658,0.9995206382306083,0.0,3.604061755815137e-21
847,17,4.939399242401123,-0.5170436348553393,-1.081205181339589,3.341740131627105,3.2264908731561266,-0.0007467029703717153,-0.0006978382857541628,0.9988509954719573,0.9993197454030132,0.9988509954719572,0.9993197454030129,0.0,2.5228432290705955e-21
848,17,4.85033655166626,-0.6412594582207726,-0.9492214644039441,2.962032783453787,3.1471534462454245,-0.000816519708465251,-0.0007334427125674892,0.9988965987872486,0.9991928014182837,0.9988965987872486,0.9991928014182836,0.0,1.7659902603494167e-21
849,17,4.535928726196289,1.6516301263898088,-0.16896598716581818,2.3250619085831694,2.9005259849467477,-0.0005966776961146154,-0.000692413207631627,0.998725209967691,0.9990525239831058,0.9987252099676911,0.9990525239831058,1.0855860667826523e-19,3.3803775185724156e-20
850,17,4.1133928298950195,2.4630938928950297,0.6206519768524362,2.30847122761178,2.7229095577462576,-0.0005358494223672825,-0.0006454440720523235,0.9984331982999818,0.9988667262781685,0.9984331982999818,0.9988667262781685,0.0,2.3662642630006907e-20
851,17,4.129758834838867,1.6174025975267823,0.91967716305474,2.528205255572779,2.664498267094214,-0.0006455712997419517,-0.0006454822403592119,0.9981892734463629,0.9986634904286267,0.9981892734463628,0.9986634904286267,-1.0861689274040908e-19,-1.6021217981117886e-20
852,17,3.90908145904541,1.2571280196520398,1.02091242003393,2.5016715167750587,2.615650241998467,-0.0007712033128679797,-0.0006831985621118422,0.9981089604535403,0.9984971314361006,0.9981089604535403,0.9984971314361006,0.0,-1.121485258678252e-20
853,17,4.288801670074463,1.5723134011307247,1.1863327143629683,2.2939733642547497,2.5191471786753517,-0.0008376751652095509,-0.0007295415430411548,0.9982665099713257,0.998427944996668,0.9982665099713257,0.998427944996668,0.0,-7.850396810747763e-21
854,17,4.4100775718688965,3.541653009732881,1.892928802973942,2.18470297765439,2.4188139183690627,-0.0006843010916903892,-0.0007159694076359251,0.9980525291805892,0.9983153202518442,0.9980525291805892,0.9983153202518442,0.0,-5.495277767523433e-21
855,17,4.280167579650879,4.199944436990815,2.5850334931790035,2.286860494431825,2.3792278911878912,-0.0005547531773057572,-0.0006676045385368747,0.9977066246387375,0.9981327115679122,0.9977066246387376,0.9981327115679122,-1.0866943705802155e-19,-3.644752555467287e-20
856,17,4.190255165100098,3.3973207573337274,2.8287196724254207,2.5532180588425653,2.4314249414842934,-0.0006162220693898823,-0.000652189797792777,0.997530937209344,0.9979521792603416,0.997530937209344,0.9979521792603416,0.0,-2.5513267888271004e-20
857,17,4.289059638977051,2.620553082962892,2.766269695586662,2.6900104241216267,2.5090005862754934,-0.0007631694347350797,-0.0006854836888754677,0.9976340867459892,0.9978567515060358,0.9976340867459893,0.9978567515060359,0.0,-1.7859287521789703e-20
858,17,4.556571960449219,3.1847563901270664,2.891815703948783,2.8034549357792566,2.597336891126622,-0.000823858046329436,-0.0007269959961116581,0.9976039571830795,0.9977809132091489,0.9976039571830795,0.9977809132091489,0.0,-1.2501501265252792e-20
859,17,4.662288665771484,4.618477841451994,3.409814345199746,2.843688232904167,2.671242293659885,-0.0006702357523019982,-0.0007099679229687601,0.9972386711029817,0.9976182405772986,0.9972386711029818,0.9976182405772986,0.0,-8.751050885676954e-21
860,17,4.503963470458984,4.2155623052828215,3.651538733224668,2.757580531019945,2.697143764867903,-0.0007479112803438141,-0.0007213509301812762,0.9972936054824743,0.9975208500488513,0.9972936054824744,0.9975208500488513,0.0,-6.125735619973867e-21
861,17,4.429268836975098,4.6466315346985,3.9500665736668172,2.8322628084610226,2.7376794779458384,-0.000703639172863664,-0.0007160374029859925,0.9971154954489388,0.9973992436688774,0.9971154954489388,0.9973992436688774,0.0,-4.2880149339817064e-21
862,17,4.256793975830078,4.64316559828916,4.15799628105352,2.9346929440583485,2.796783517779591,-0.0007907169410669062,-0.0007384412644102665,0.9970653295546769,0.9972990694346172,0.9970653295546769,0.9972990694346172,0.0,-3.0016104537871942e-21
863,17,4.2209272384643555,5.4296218339714715,4.539483946928906,2.8293838978936736,2.806563631813816,-0.0007473951345937585,-0.0007411274254653141,0.9970590903002476,0.9972270756943062,0.9970590903002478,0.9972270756943064,0.0,-2.1011273176510357e-21
864,17,4.218327522277832,6.6820805925698865,5.182262940621199,2.4888328163337285,2.7112443871697898,-0.0005461360512432811,-0.0006826300131987042,0.9968956593575644,0.9971276507932836,0.9968956593575644,0.9971276507932837,-1.0875783862718427e-19,-3.4098140710511e-20
865,17,4.138721466064453,6.796653263891839,5.666580037602391,2.492203916357261,2.645532245926031,-0.0005288483460141316,-0.0006364955130433324,0.9968604127200743,0.9970474793713208,0.9968604127200744,0.9970474793713209,1.0876168404833186e-19,8.759806717141855e-21
866,17,3.992694616317749,6.708166235974734,5.979055897114094,2.6746618243290863,2.654271119446947,-0.0005030287475696936,-0.0005964554834012408,0.9966803212866588,0.996937331945922,0.9966803212866588,0.9969373319459223,0.0,6.1318647019992985e-21
867,17,4.469888210296631,6.183804017512904,6.040480333233737,2.90578393208318,2.7297249632378167,-0.0006021504793253615,-0.000598163982178477,0.9968701510234136,0.9969171776691694,0.9968701510234135,0.9969171776691695,1.0876062156866002e-19,3.6920491761997516e-20
868,17,4.541921138763428,7.081399605489748,6.352756114910541,3.019200015322637,2.816567478863263,-0.0005242735613078246,-0.0005759968559172812,0.9969082158807935,0.9969144891326567,0.9969082158807936,0.9969144891326567,1.0875646877155931e-19,5.847128486486605e-20
869,17,4.027376651763916,7.515373351792833,6.701541285975228,3.6507696356412285,3.0668281258966523,-0.0005076398959270404,-0.0005554897679202089,0.9967464320715966,0.9968640720143387,0.9967464320715966,0.9968640720143387,0.0,4.092989940540623e-20
870,17,5.03521728515625,7.292432034538199,6.878808510544118,3.9972627841062374,3.3459585233595277,-0.0004494753701800693,-0.0005236854485981669,0.9966701828825132,0.996805905274791,0.9966701828825132,0.996805905274791,0.0,2.865092958378436e-20
871,17,4.700964450836182,5.63265431950081,6.504962253231126,5.018366472882801,3.8476809082165095,-0.0007034046176987043,-0.0005776011993283281,0.9967952576105524,0.9968027109755194,0.9967952576105524,0.9968027109755194,0.0,2.0055650708649053e-20
872,17,4.802561283111572,5.664958077648254,6.252961000556264,5.429310833741781,4.322169885874091,-0.0007402263523696782,-0.0006263887452407331,0.9970365032809004,0.9968728486671337,0.9970365032809004,0.9968728486671337,-1.0874247521708304e-19,-1.8583787069070572e-20
873,17,5.318563938140869,7.42135818815642,6.60348015683631,5.8580166275245835,4.782923908369239,-0.0005641704919732356,-0.0006077232692604838,0.9968324850987491,0.9968607395966183,0.9968324850987491,0.9968607395966183,1.0876473115521513e-19,1.9620768398215143e-20
874,17,5.360688209533691,7.486258107605205,6.8683135420669785,6.14419474967371,5.19130516076058,-0.0005701144862220272,-0.0005964406343489468,0.9967809628702142,0.996836806578697,0.9967809628702143,0.996836806578697,-1.0877035305365005e-19,-1.8896568037344416e-20
875,17,4.961018085479736,6.255914011459972,6.684593682884875,6.9365925570285505,5.714891379640971,-0.0007759622040451314,-0.0006502971052578022,0.9966685919636772,0.996786342194191,0.9966685919636772,0.996786342194191,0.0,-1.322759762614109e-20
876,17,5.011483192443848,6.204651276521662,6.54061096097591,7.167671274664541,6.1507253481480415,-0.0007607123539123668,-0.0006834216798541716,0.9966921988042815,0.9967580991772182,0.9966921988042815,0.9967580991772182,0.0,-9.259318338298763e-21
877,17,5.52833890914917,6.420565887281113,6.504597438867471,7.046422853807412,6.419434599845852,-0.0007342786773959455,-0.0006986787791167038,0.9969665283054463,0.9968206279156866,0.9969665283054463,0.9968206279156866,0.0,-6.4815228368091336e-21
878,17,5.4173173904418945,7.135795382746626,6.693956822031217,7.466971255916281,6.73369559666698,-0.0006822510892883039,-0.0006937504721681838,0.9967152607963126,0.9967890177798744,0.9967152607963125,0.9967890177798744,-1.0877752304296972e-19,-3.7170322898657306e-20
879,17,5.330880641937256,7.056864835989034,6.802829226218561,7.550220135350182,6.97865295827194,-0.0006724545769475258,-0.0006873617036019864,0.9966641748620639,0.9967515649045313,0.9966641748620638,0.9967515649045312,-1.0878309864358831e-19,-5.86541556221366e-20
880,17,4.952178955078125,6.935202449370975,6.842541193164285,7.8545079169704906,7.241409445881505,-0.0007605133708166289,-0.0007093072037663792,0.9967502749468161,0.9967511779172167,0.9967502749468162,0.9967511779172167,0.0,-4.1057908935495614e-20
881,17,4.997980117797852,7.070096037721377,6.9108076465314126,7.863099369307763,7.427916422909382,-0.0007768151797586458,-0.0007295595965640592,0.9967779340046504,0.9967592047434468,0.9967779340046504,0.9967592047434468,-1.0877068356937024e-19,-6.137174132565801e-20
882,17,5.280675888061523,7.693137662731992,7.145506651391585,7.937151987176046,7.580687092189381,-0.000718686730757416,-0.0007262977368220661,0.9967328457564819,0.9967512970473573,0.9967328457564819,0.9967512970473573,0.0,-4.2960218927960603e-20
883,17,5.444131851196289,8.30209600110916,7.492483456306857,7.876322632332411,7.66937775423229,-0.0005594489701540228,-0.0006762431068216532,0.9965808228885682,0.9967001547997205,0.9965808228885683,0.9967001547997205,-1.087921970385671e-19,-6.270981236114254e-20
884,16,5.752918720245361,7.066249283480528,7.3646132044589585,8.210592689907047,7.831742234934716,-0.0004667529503489576,-0.0006133960598798445,0.9965477810658858,0.99665444267957,0.9965477810658857,0.99665444267957,0.0,-4.389686865279978e-20
885,16,5.71181058883667,5.623392752059372,6.842247068739082,8.436486819755315,8.013165610380895,-0.0006312711419211348,-0.0006187585844922315,0.9968315838075557,0.9967075850179656,0.9968315838075557,0.9967075850179656,0.0,-3.072780805695984e-20
886,16,5.409786701202393,5.082595134864382,6.314351488576673,8.453897540040115,8.14538518927866,-0.0006585965949938181,-0.0006307099876427074,0.997239151355916,0.9968670549193506,0.997239151355916,0.9968670549193506,0.0,-2.150946563987189e-20
887,16,5.85414457321167,6.911128951410333,6.49338472742677,8.425154929246125,8.229316111268899,-0.0003925247657696543,-0.0005592544210807915,0.9970629022828454,0.996925809128399,0.9970629022828454,0.996925809128399,0.0,-1.5056625947910322e-20
888,16,5.945670127868652,7.081142900946124,6.669712179482575,8.705609773943538,8.37220421007129,-0.0002609609084004391,-0.0004697663672766857,0.996778959395309,0.996881754208472,0.996778959395309,0.996881754208472,-5.438528583825798e-20,-2.685522391501462e-20
889,16,5.705723285675049,5.214817488279879,6.2332437721217655,9.02231695122306,8.567238032416821,-0.0005187566518629987,-0.0004844634526525796,0.9970688714093477,0.9969378893687346,0.9970688714093479,0.9969378893687347,1.0873894507939e-19,1.3823026783306765e-20
890,16,5.379478454589844,4.834652990190272,5.813666537542317,8.910167380606772,8.670116836873806,-0.0006413407897357163,-0.0005315266537775206,0.9974040278484355,0.9970777309126448,0.9974040278484355,0.9970777309126448,0.0,9.676118748314735e-21
891,16,5.402278900146484,5.767594409597512,5.799844899158875,8.718742106581447,8.684704417786097,-0.0005188217731522914,-0.0005277151895899518,0.9973329397669403,0.9971542935689334,0.9973329397669403,0.9971542935689334,-1.0871015377661787e-19,-2.5839763009165042e-20
892,16,5.706524848937988,6.20662087202342,5.921877691018238,8.556503673875083,8.646244194612793,-0.00034701598703873124,-0.00047350542882458564,0.9970898281411839,0.9971349539406085,0.9970898281411837,0.9971349539406085,0.0,-1.8087834106415527e-20
893,16,5.95067024230957,4.42527856156574,5.472897952182488,8.480233147670914,8.596440880530228,-0.0005273550032352015,-0.0004896603011477704,0.9973358681184952,0.9971952281939744,0.9973358681184952,0.9971952281939744,0.0,-1.2661483874490868e-20
894,16,5.671443462371826,4.325463700439622,5.128667676659628,8.324183566603617,8.514763686352243,-0.0005935384417747617,-0.0005208237433358678,0.9976078377510622,0.9973190110611008,0.9976078377510622,0.9973190110611008,1.086801979152103e-19,2.374102066241948e-20
895,16,5.391542434692383,5.083001254820144,5.114967750107782,8.040450511767483,8.372469733976814,-0.00031677548445805835,-0.0004596092656725249,0.9975232724699945,0.9973802894837689,0.9975232724699945,0.9973802894837689,0.0,1.6618714463693635e-20
896,16,5.315609931945801,4.742013104784243,5.00308135651072,8.306607101937189,8.352710944364926,-0.0002477216815866334,-0.0003960429904467574,0.997263955614064,0.9973453893228573,0.9972639556140641,0.9973453893228574,0.0,1.1633100124585544e-20
897,16,5.2882795333862305,2.7747698352679557,4.33458790013789,8.504273528976332,8.398179719748347,-0.0003875577643337412,-0.0003934974226128525,0.9975273027958763,0.997399963364763,0.9975273027958763,0.997399963364763,0.0,8.14317008720988e-21
898,16,5.5470805168151855,2.147452312599646,3.6784472238764168,8.546773383476589,8.44275781886682,-0.0004045232067442858,-0.0003968051578522825,0.9977515445674737,0.9975054377255762,0.9977515445674737,0.9975054377255762,0.0,5.700219061046916e-21
899,16,5.35684871673584,2.2249429319410248,3.2423959362957993,8.568559405858702,8.480498294964384,-0.00025460850785516393,-0.0003541461628531469,0.9977944665699872,0.9975921463788995,0.9977944665699873,0.9975921463788995,5.432993511241607e-20,2.0289133876457663e-20
900,16,5.904358386993408,1.6231805201133582,2.7566313114410668,8.9093991109225,8.609168539751819,-0.00021115422474473112,-0.0003112485814206221,0.9976971493304142,0.9976236472643538,0.9976971493304143,0.9976236472643539,2.7167617277776785e-20,2.2352678896853396e-20
901,16,5.886773586273193,0.7803914712535224,2.163759359384803,9.018138959245166,8.731859665599822,-0.00014967109133824552,-0.0002627753343959091,0.9976086164509086,0.9976191380203201,0.9976086164509086,0.9976191380203203,0.0,1.5646875227797377e-20
902,16,5.751059532165527,-1.0661779954527162,1.194778152933547,9.38178234631896,8.926836469815564,-0.0003722534824398355,-0.000295618778809087,0.9978618877824044,0.9976919629489454,0.9978618877824044,0.9976919629489456,0.0,1.0952812659458163e-20
903,16,5.958334445953369,-0.913995843952363,0.562145953867774,9.126835199291344,8.986836088658297,-0.00028706099644074535,-0.00029305144409858447,0.9979992336450197,0.9977841441577676,0.9979992336450197,0.9977841441577678,0.0,7.666968861620713e-21
904,16,6.215482711791992,-0.23407394434727985,0.32327998440325784,9.092215515820655,9.018449916807004,8.64495772864389e-05,-0.00017920113768307743,0.9975018424031249,0.9976994536313748,0.9975018424031249,0.9976994536313749,0.0,5.3668782031344985e-21
905,16,6.261814117431641,-3.1662988063321515,-0.723593652817365,9.561686712658739,9.181420955562524,-0.00020291548595320882,-0.00018631544216411684,0.99773630362715,0.9977105086301072,0.99773630362715,0.9977105086301075,-2.716655113540567e-20,-4.393150598427553e-21
906,16,6.397457122802734,-4.4959395923517995,-1.8552974346776954,9.70179105434783,9.337531985198115,-0.00027174395242423303,-0.00021194399524215169,0.9978646007901297,0.9977567362781139,0.9978646007901297,0.9977567362781141,-5.432611657067556e-20,-1.9373040390101956e-20
907,16,6.18891716003418,-5.069717357441539,-2.819623411506848,9.670281113315738,9.437356723633402,-0.0002959958526869401,-0.0002371595524755882,0.997932671094363,0.9978095167229886,0.9979326710943629,0.9978095167229887,0.0,-1.3561128273071368e-20
908,16,5.938785552978516,-5.243905427943623,-3.5469080164378806,9.604509525416558,9.487502564168349,-0.00028508332291969174,-0.00025153668360881925,0.9979639050850303,0.997855833231601,0.9979639050850304,0.9978558332316012,0.0,-9.492789791149957e-21
909,16,6.535592079162598,-5.931437484490776,-4.262266856853749,9.407685804625427,9.463557536305473,-0.00020985321603673532,-0.00023903164333719407,0.9980940311001797,0.9979272925921745,0.9980940311001797,0.9979272925921747,0.0,-6.64495285380497e-21
910,16,6.660672187805176,-5.736494502362196,-4.704535150506283,9.405972835688674,9.446282126120433,-0.00011546074215826072,-0.00020196037298351408,0.997990060810272,0.9979461230576037,0.9979900608102719,0.9979461230576039,0.0,-4.651466997663479e-21
911,16,6.508829593658447,-6.311033040188545,-5.186484517410961,9.583098359219996,9.487326996050301,-0.00019670108557182399,-0.00020038258676000704,0.9981633110814482,0.998011279464757,0.9981633110814482,0.9980112794647571,0.0,-3.256026898364435e-21
912,16,6.219338893890381,-6.249270597025349,-5.505320341295278,9.568634341120704,9.511719199571422,-0.00012387506519300677,-0.00017743033028990696,0.9980702391123359,0.9980289673590306,0.9980702391123359,0.9980289673590306,0.0,-2.2792188288551043e-21
913,16,6.220928192138672,-6.245085873233293,-5.727250000876682,9.715167059680283,9.57275355760408,-4.408630770644168e-05,-0.00013742712351486736,0.9979635835660038,0.9980093522211224,0.9979635835660037,0.9980093522211224,-6.790091030998258e-21,-3.632480489498051e-21
914,16,6.157422065734863,-7.543807073255835,-6.272217122590428,9.832597780921766,9.650706824599386,-0.00015876381488885973,-0.00014382813092706507,0.9980658746691096,0.9980263089555185,0.9980658746691097,0.9980263089555185,0.0,-2.5427363426486352e-21
915,16,6.294551372528076,-8.121931707970345,-6.827131498204402,9.857820043917263,9.712840790394749,-0.0002794676197561386,-0.00018451997757578712,0.9982269505294579,0.9980865014277003,0.9982269505294579,0.9980865014277003,0.0,-1.7799154398540445e-21
916,16,6.916147232055664,-7.397817181917317,-6.998337203318276,9.479083789618647,9.642713690161917,-0.0002006381240028435,-0.000189355421503904,0.9982655392109723,0.9981402127626818,0.9982655392109723,0.9981402127626818,0.0,-1.245940807897831e-21
917,16,7.275119304656982,-6.570328876144737,-6.869934705166214,9.547644108336597,9.61419281561432,-1.6478753914211432e-05,-0.00013749242122699623,0.9977265704205067,0.9980161200600293,0.9977265704205067,0.9980161200600293,0.0,-8.721585655284816e-22
918,16,7.301168441772461,-8.916338206600813,-7.483855755596593,9.357406508743116,9.537156923552958,-0.0001981276466144191,-0.0001556829888432231,0.9980617715498803,0.9980298155069844,0.9980617715498804,0.9980298155069846,0.0,-6.105109958699371e-22
919,16,6.8145527839660645,-9.3848564225074,-8.054155955669835,9.430705537341229,9.50522150768944,-0.000339072483115492,-0.00021069983712490375,0.9981318148744487,0.9980604153172237,0.9981318148744488,0.9980604153172237,0.0,-4.273576971089559e-22
920,16,6.730364799499512,-9.382689741367216,-8.452716091379049,9.145056517504667,9.397172010634007,-0.00025795741880868663,-0.0002248771116300386,0.9981859145275254,0.9980980650803142,0.9981859145275255,0.9980980650803142,0.0,-2.991503879762691e-22
921,16,6.644543647766113,-9.498009260309273,-8.766304042058117,9.058207068866377,9.295482528103717,-0.0002854175269333948,-0.00024303923622104545,0.998297683083399,0.9981579504812396,0.998297683083399,0.9981579504812396,0.0,-2.0940527158338836e-22
922,16,6.563925266265869,-8.945170456975342,-8.819963966533283,8.915994225409426,9.181636037295428,-0.0001496953858514445,-0.00021503608111016515,0.9981509037299305,0.9981558364558469,0.9981509037299306,0.9981558364558469,0.0,-1.4658369010837185e-22
923,16,6.708183288574219,-10.10814912063414,-9.206419512763539,8.840817978676235,9.07939061970967,-0.00025037211657827395,-0.00022563689175059777,0.99847909862613,0.9982528151069319,0.99847909862613,0.9982528151069319,0.0,-1.0260858307586029e-22
924,16,6.719052314758301,-10.116607690754009,-9.47947596616068,8.773819099159978,8.987719163544762,-0.0002530344189853416,-0.00023385614992102092,0.9985715314501938,0.9983484300099104,0.9985715314501938,0.9983484300099104,0.0,-7.18260081531022e-23
925,16,6.658400058746338,-9.217638861769624,-9.400924834843362,8.724271722289389,8.90868493116815,-0.00013742192881363355,-0.0002049258835888047,0.9984261838541644,0.9983717561631864,0.9984261838541644,0.9983717561631864,0.0,-5.0278205707171533e-23
926,16,7.05963659286499,-9.72807040736952,-9.499068506601208,8.649628461221074,8.830967990184027,-8.914942776928624e-05,-0.00017019294684294915,0.9984144333704582,0.9983845593253678,0.9984144333704581,0.9983845593253678,0.0,-3.519474399502007e-23
927,16,7.252810001373291,-10.995314290344048,-9.947942241724059,8.863726403555404,8.84079551419544,-0.0001401866592337899,-0.00016119106056020137,0.9983856222054979,0.9983848781894069,0.9983856222054979,0.9983848781894069,0.0,-2.463632079651405e-23
928,16,7.336791038513184,-12.243342902447557,-10.636562439941107,8.819562121850314,8.834425496491901,-0.00022397798137942162,-0.00018002713680596744,0.9986267903740988,0.9984574518448144,0.9986267903740988,0.9984574518448144,2.714232641604147e-20,8.12545250025488e-21
929,16,7.419074058532715,-13.358500469476901,-11.453143848801844,8.767761543640422,8.814426310636456,-0.00038837728637999846,-0.00024253218167817674,0.9989781879658511,0.9986136726811253,0.998978187965851,0.9986136726811253,0.0,5.687816750178416e-21
930,16,7.31361722946167,-12.899131757948332,-11.88694022154579,8.528578079333707,8.728671841245632,-0.000331961637181998,-0.0002693610183293231,0.999071030524191,0.998750880034045,0.999071030524191,0.998750880034045,-5.42605149864393e-20,-1.2296682770806897e-20
931,16,7.284089088439941,-12.06764291921053,-11.941151030845212,8.125060665088585,8.547588488398517,-8.123415146740604e-05,-0.00021292295827074798,0.9988826930642843,0.9987904239431168,0.9988826930642845,0.9987904239431169,0.0,-8.607677939564828e-21
932,16,7.073449611663818,-13.373344827763201,-12.370809169920609,8.04690623374337,8.397383812001973,-0.00022881218830005847,-0.00021768972727954114,0.9989623983785438,0.9988420162737448,0.998962398378544,0.998842016273745,0.0,-6.0253745576953786e-21
933,16,7.311450004577637,-13.918343077558987,-12.835069342212122,7.731099010917536,8.197498371676641,-0.00035994815866790647,-0.0002603672566960507,0.9992483870141473,0.9989639274958655,0.9992483870141474,0.9989639274958657,0.0,-4.217762190386765e-21
934,16,7.294223308563232,-12.883191949206733,-12.849506124310505,7.225198520232147,7.905808416243293,-0.00019868984214597445,-0.0002418640323310278,0.9992722313107474,0.9990564186403299,0.9992722313107475,0.9990564186403302,2.71247948885599e-20,5.185004933297235e-21
935,16,7.2971014976501465,-12.722843059676281,-12.811507204920236,7.027361288576569,7.642274277943275,-0.00013971732337799526,-0.00021122001964511803,0.9991928645863045,0.9990973524241222,0.9991928645863045,0.9990973524241225,2.712694943369107e-20,1.1767588283415383e-20
936,16,7.297148704528809,-14.376327141520337,-13.280953185900266,6.967620574172132,7.439878166811932,-0.0002784384298738902,-0.00023138554271374967,0.9993431820424191,0.9991711013096112,0.9993431820424191,0.9991711013096114,5.424573819924672e-20,2.451103325816478e-20
937,16,7.178217887878418,-14.766676178991887,-13.726670083827752,6.5780968741185575,7.181343779003919,-0.00036798775356358063,-0.0002723662059686989,0.9997881917819008,0.999356228451298,0.9997881917819008,0.9993562284512981,0.0,1.7157723280715347e-20
938,16,7.358312129974365,-13.080809402202565,-13.532911879340196,6.3467076544192915,6.930952941628531,-6.56300224414224e-05,-0.00021034535091051594,0.9993885874394313,0.999365936147738,0.9993885874394312,0.9993659361477379,0.0,1.2010406296500742e-20
939,16,7.450864791870117,-14.278891679806653,-13.756705819480132,6.410130596779054,6.774706238173687,-8.751726553808704e-05,-0.00017349692529878725,0.9993777685607771,0.9993694858716498,0.9993777685607772,0.9993694858716498,1.3560965214971768e-20,1.247557397204205e-20
940,16,7.243178844451904,-16.48120341019974,-14.574055096696014,6.71742957841743,6.757523240246809,-0.0004347318559640867,-0.0002518674044983771,0.9998215641713151,0.9995051093615492,0.9998215641713152,0.9995051093615493,-5.421978337625307e-20,-7.533033232446485e-21
941,16,7.197188377380371,-16.144567656852036,-15.04520886474282,6.532423660380429,6.6899933662868944,-0.0003994616170507224,-0.0002961456682640807,1.0001414371092958,0.9996960076858732,1.000141437109296,0.9996960076858732,5.420244238750715e-20,1.0987609453539605e-20
942,16,6.977753639221191,-14.416580879457312,-14.856620469157166,6.370838392821401,6.594246874247246,-0.00015882682397884892,-0.00025495001497851115,0.9999368218393019,0.9997682519319018,0.9999368218393019,0.9997682519319018,0.0,7.691326617477723e-21
943,16,6.996731281280518,-14.285039841723126,-14.685146280926954,6.403514684884599,6.537027217438451,-6.57464902391431e-05,-0.0001981889575567007,0.9997377497259362,0.9997591012701121,0.9997377497259362,0.9997591012701121,0.0,5.383928632234406e-21
944,16,7.317896366119385,-16.111168227236583,-15.112952864819842,6.489655920431913,6.52281582833649,-0.00023329998777315528,-0.00020872226662163704,0.9997991584565156,0.9997711184260332,0.9997991584565155,0.9997711184260331,-2.711049922664693e-20,-4.364399725429994e-21
945,16,7.49820613861084,-17.61361104567777,-15.86315031907722,6.1798363007495825,6.419921970060417,-0.00035878030999199453,-0.0002537396796327443,1.0001604295473185,0.9998879117624186,1.0001604295473185,0.9998879117624186,5.420141311610498e-20,1.3205344127030496e-20
946,16,7.39306116104126,-17.36560884628638,-16.313887877239967,5.879667913189483,6.2578457529991365,-0.00033240991887049026,-0.0002773407514040681,1.000340139004662,1.0000235799350916,1.000340139004662,1.0000235799350916,0.0,9.243740888921346e-21
947,16,7.444829940795898,-16.771595747379106,-16.451200238281707,5.838339825405622,6.131993974721081,-0.0002740083671580241,-0.00027634103613025486,1.0002621570239265,1.0000951530617421,1.0002621570239263,1.000095153061742,0.0,6.470618622244942e-21
948,16,7.488691329956055,-16.7852407013984,-16.551412377216714,5.428923670788532,5.921072883541317,-0.00013789628735920247,-0.00023480761149893912,1.0000942034799636,1.0000948681872086,1.0000942034799634,1.0000948681872084,2.710250116221242e-20,1.2660183384235185e-20
949,16,7.238004207611084,-18.639142450725494,-17.177731399269348,5.299394734981216,5.734569438973287,-0.0004225217739032392,-0.0002911218602202291,1.0005378370000693,1.0002277588310668,1.0005378370000693,1.0002277588310666,0.0,8.862128368964628e-21
950,16,7.564507961273193,-18.35896733672862,-17.532102180507128,4.425279700788637,5.341782517517891,-0.0003612601213808877,-0.00031216333856842667,1.000850194324449,1.0004144894790814,1.0008501943244492,1.0004144894790814,0.0,6.203489858275239e-21
951,16,7.716818332672119,-17.171375000290663,-17.423884026442188,4.1251626216981165,4.976796548771959,-0.00017091538255764797,-0.00026978895176519305,1.0005375473142961,1.0004514068296457,1.0005375473142961,1.0004514068296457,0.0,4.342442900792667e-21
952,16,7.254544734954834,-17.918076011112078,-17.572141621843155,3.7273782893268597,4.601971070938429,-0.0001920290716102383,-0.0002464609877187066,1.000723125347,1.0005329223848518,1.0007231253469997,1.0005329223848518,2.708546812360208e-20,1.116535046763549e-20
953,16,6.855412483215332,-18.527297785139414,-17.858688470832032,3.4473639303847476,4.255588928772324,-0.0002920562046405227,-0.0002601395527952514,1.000891344464166,1.000640449008646,1.0008913444641658,1.000640449008646,0.0,7.815745327344842e-21
954,16,7.042834281921387,-18.489273901412805,-18.04786410000626,3.100102658489313,3.9089430476874205,-0.00021962137254021323,-0.0002479840987187399,1.0009307148416948,1.0007275287585606,1.0009307148416948,1.0007275287585606,-2.707985069318658e-20,-2.652933478814584e-21
955,16,7.37338924407959,-18.52280053821756,-18.19034503146965,3.070348066275141,3.6573645532637364,-0.00030584555458889934,-0.00026534253547978774,1.0010307619339214,1.0008184987111688,1.0010307619339216,1.0008184987111688,0.0,-1.8570534351702085e-21
956,17,7.390061855316162,-18.607184028743166,-18.315396730651702,3.158263268146701,3.5076341677286256,-0.0004892505706491355,-0.00033251494603059203,1.000966486065991,1.0008628949176153,1.0009664860659913,1.0008628949176155,-1.0831553179633885e-19,-3.3794596943520796e-20
957,17,7.259654521942139,-18.735439167016096,-18.44140946156102,3.0125618310054874,3.359112466711684,-0.0004736283556104764,-0.0003748489689045573,1.0010563595701534,1.0009209343133767,1.0010563595701534,1.0009209343133767,-5.4152903686214697e-20,-3.9902088966328965e-20
958,17,7.251422882080078,-18.782076255601602,-18.543609499773194,2.9863111413902077,3.247272069115241,-0.0004734394057152181,-0.0004044260999477555,1.0010759045110715,1.000967425372685,1.0010759045110715,1.000967425372685,0.0,-2.7931462276430276e-20
959,17,7.13092565536499,-19.37375968536698,-18.79265455545133,2.885600338773006,3.13877055001257,-0.0005147903627755373,-0.00043753537879609005,1.0013001057245239,1.0010672294782366,1.0013001057245239,1.0010672294782366,0.0,-1.9552023593501193e-20
960,16,6.791531562805176,-19.546047252204147,-19.018672364477172,2.511805884072256,2.950681150230476,-0.0003477585728873747,-0.0004106023370234754,1.0015851860239497,1.0012226164419504,1.00158518602395,1.0012226164419507,0.0,-1.3686416515450834e-20
961,16,6.824831962585449,-20.12112437372394,-19.349407967251203,2.4761391988759174,2.8083185648241082,-0.0004319595537220017,-0.0004170095020330333,1.0017691819601222,1.0013865860974018,1.0017691819601222,1.001386586097402,0.0,-9.580491560815583e-21
962,16,6.949718952178955,-20.37601985244132,-19.657391532808237,2.4194252062941706,2.6916505572651266,-0.0005284615069907054,-0.0004504451035203349,1.0019433919139982,1.0015536278423807,1.001943391913998,1.0015536278423807,-1.0820992295925708e-19,-3.916932098034803e-20
963,16,7.059993743896484,-19.99428887632368,-19.75846073586287,1.920306855370168,2.460247446696639,-0.0005647645327246343,-0.0004847409322816247,1.0024226820535627,1.0018143441057352,1.0024226820535627,1.0018143441057352,-1.0815818435636435e-19,-5.986597999315292e-20
964,16,6.6833415031433105,-18.189392048171822,-19.28774012955555,1.5452590823003984,2.1857509373777666,-0.0003230472731736438,-0.0004362328345492304,1.002318757894975,1.001965668242507,1.002318757894975,1.001965668242507,0.0,-4.1906185995207043e-20
965,16,6.564747333526611,-17.983198871826318,-18.89637775223678,1.3483136169633663,1.9345197412534465,-0.00018086024314211424,-0.0003596210571270955,1.0023118746227018,1.0020695301565654,1.0023118746227018,1.0020695301565654,-2.7042535360903223e-20,-3.744709080491589e-20
966,16,6.571704864501953,-19.11159366483916,-18.960942526017494,1.3870629038140603,1.7702826900216306,-0.00021860362701852504,-0.00031731582809452436,1.002332896631601,1.002148540099076,1.0023328966316007,1.002148540099076,0.0,-2.6212963563441124e-20
967,16,6.4486212730407715,-20.463846556208384,-19.41181373507476,1.3115137665309182,1.6326520129744169,-0.00041508829850159826,-0.00034664756921664653,1.0027516721260112,1.0023294797071565,1.0027516721260112,1.0023294797071565,-5.4061349515718267e-20,-3.456747934912426e-20
968,16,6.56840705871582,-21.049705367128144,-19.903181224690776,1.1756091693927202,1.4955391598999077,-0.0006370771901976709,-0.0004337764555109538,1.0032781878557888,1.0026140921517461,1.0032781878557888,1.0026140921517461,0.0,-2.4197235544386982e-20
969,16,6.7919487953186035,-19.109371443342965,-19.665038290286432,0.7498903989251955,1.271844531607494,-0.00026543814052985056,-0.0003832749610166228,1.0031886193558366,1.002786450312973,1.0031886193558366,1.002786450312973,0.0,-1.6938064881070887e-20
970,16,6.772034168243408,-18.973644472684203,-19.457620145005762,0.6922579318980383,1.0979685516946573,-0.0002527407011562089,-0.0003441146830584986,1.0032664707122319,1.0029304564327508,1.0032664707122319,1.0029304564327508,0.0,-1.185664541674962e-20
971,16,6.8799028396606445,-19.32999599261234,-19.419332899287735,0.8335421117320133,1.018640619705864,-0.000330583789644269,-0.0003400554150342297,1.0033263914041288,1.0030492369241641,1.0033263914041288,1.0030492369241641,0.0,-8.299651791724734e-21
972,16,6.781808853149414,-19.415977668745672,-19.418326330125115,0.7857346129696017,0.9487688176849852,-0.00034123493901589417,-0.00034040927222872905,1.003394621203156,1.0031528522078617,1.003394621203156,1.0031528522078617,0.0,-5.809756254207313e-21
973,16,6.741782188415527,-19.49096484733434,-19.440117885287883,0.7563705840823738,0.8910493476042017,-0.00034530495731201005,-0.0003418779777537133,1.0034452437495864,1.003240569670379,1.0034452437495864,1.003240569670379,0.0,-4.066829377945119e-21
974,16,6.468874454498291,-19.776980448013557,-19.541176654105584,0.6451399272112555,0.8172765214863178,-0.0004052601141635322,-0.000360892618676659,1.0036881727797256,1.003374850603183,1.0036881727797256,1.003374850603183,0.0,-2.846780564561583e-21
975,16,6.669925212860107,-19.627072229465433,-19.566945326713537,0.577927717457849,0.7454718802777771,-0.0004455750901172956,-0.00038629736010884993,1.003840556717649,1.0035145624375228,1.003840556717649,1.0035145624375228,0.0,-1.992746395193108e-21
976,16,6.6674089431762695,-19.36871355752654,-19.507475795957436,0.324796703896732,0.6192693273634635,-0.0003484555991039237,-0.00037494483180737205,1.0037924115212347,1.0035979171626364,1.0037924115212347,1.0035979171626364,5.400529830876136e-20,1.480666701599323e-20
977,16,6.530022144317627,-19.121755059763593,-19.391759575099282,0.27877388381653145,0.5171206942993839,-0.00029273704293018295,-0.0003502824951442153,1.003457329392034,1.0035557408314557,1.003457329392034,1.0035557408314557,5.4023332170107896e-20,2.6571666562227628e-20
978,16,6.648721218109131,-20.40023117587972,-19.694301055333412,0.16743822322699561,0.4122159529776674,-0.0005046947301953088,-0.0003966061656595433,1.0037577988743784,1.0036163582443325,1.0037577988743784,1.0036163582443325,0.0,1.8600166593559337e-20
979,16,6.610378265380859,-20.676849314112054,-19.989065532967004,0.2512198586351474,0.3639171246749114,-0.0005992481606562582,-0.00045739876415855775,1.003757230475009,1.0036586199135353,1.0037572304750093,1.0036586199135356,1.0801438231956009e-19,4.542443131135956e-20
980,16,6.472499370574951,-20.902964289478284,-20.263235159920388,0.08381087297774457,0.27988524916576135,-0.0005784159933591765,-0.0004937039329187433,1.0038282653864816,1.0037095135554193,1.0038282653864818,1.0037095135554195,0.0,3.179710191795169e-20
981,16,6.426254749298096,-20.795290525816498,-20.42285176968922,0.035818457924671275,0.20666521179343433,-0.0005577827610652713,-0.0005129275813627017,1.0038120531431933,1.0037402754317515,1.0038120531431933,1.0037402754317515,0.0,2.2257971342566183e-20
982,16,6.841093063354492,-20.81236867377029,-20.539706840913542,-0.08683258904314073,0.1186158715424618,-0.0007234300395975386,-0.0005760783188331527,1.0042545583332108,1.0038945603021894,1.0042545583332108,1.0038945603021894,-1.0796089133864475e-19,-1.6807687461797098e-20
983,16,6.462757110595703,-18.538129715938155,-19.939233703420925,-0.1763704244084056,0.030119982757201562,-0.0004833785204460439,-0.00054826837931702,1.0039469405260422,1.003910274369345,1.0039469405260422,1.003910274369345,0.0,-1.1765381223257968e-20
984,16,6.258133411407471,-17.514293349488103,-19.211751597241076,-0.19808029652274564,-0.0383401010267826,-0.00032975888864813455,-0.0004827155321163544,1.0037071619141256,1.0038493406327793,1.0037071619141256,1.0038493406327793,5.400988523474668e-20,7.967198714143425e-21
985,16,6.200106143951416,-17.54648015195441,-18.712170163655074,-0.19435606329813268,-0.08514488970818762,-0.00033644556718022384,-0.0004388345426355152,1.0037171303284396,1.0038096775414773,1.0037171303284396,1.0038096775414773,0.0,5.577039099900397e-21
986,16,6.301541328430176,-17.63188610817163,-18.38808494701004,-0.2979632011602746,-0.1489903831438137,-0.00034330379621067095,-0.00041017531870806193,1.003924128614476,1.003844012863377,1.003924128614476,1.003844012863377,0.0,3.903927369930278e-21
987,16,6.116214752197266,-16.438386142627042,-17.80317530569514,-0.09757504983136685,-0.13356578315007964,-0.00024420547111046216,-0.00036038436442878196,1.0035934784939153,1.0037688525525383,1.0035934784939151,1.0037688525525383,0.0,2.7327491589511943e-21
988,16,6.015383243560791,-16.609138575771937,-17.44496428671818,0.19626223719978675,-0.03461737704511971,-0.0003372865091530561,-0.0003534550078460642,1.0036212409764325,1.0037245690797065,1.0036212409764327,1.0037245690797065,0.0,1.9129244112658357e-21
989,16,6.312610626220703,-16.72519163090791,-17.229032489975097,0.13569238298187847,0.016475550962979743,-0.00044041761849180613,-0.0003795437910397867,1.00388544561073,1.0037728320390136,1.0038854456107298,1.0037728320390134,0.0,1.339047087886085e-21
990,16,5.851980686187744,-15.023790829495132,-16.567459991831107,0.27899709025913877,0.09523201275182745,-0.00027814770525792543,-0.0003491249653052283,1.0035272368618189,1.003699153485855,1.0035272368618189,1.003699153485855,0.0,9.373329615202593e-22
991,16,5.877872943878174,-15.014515855375429,-16.101576750894402,0.24969099469304928,0.141569707334194,-0.00027935834759633844,-0.00032819497999256135,1.0035380571500445,1.0036508245851117,1.0035380571500445,1.0036508245851117,0.0,6.561330730641815e-22
992,16,5.596636772155762,-14.833670283649923,-15.721204810721057,0.3655696101433419,0.20876967817693837,-0.0002717196940015865,-0.0003112523941952689,1.0033857235134331,1.0035712942636081,1.0033857235134331,1.0035712942636081,-5.402718750517429e-20,-1.574886310040736e-20
993,16,5.551061153411865,-14.992985898403377,-15.502739137025753,0.35329138315823644,0.25212618967132777,-0.00029430838118987135,-0.0003061691902936496,1.0034369180998644,1.0035309814144848,1.0034369180998644,1.0035309814144848,0.0,-1.1024204170285152e-20
994,16,5.708148956298828,-15.333254163496107,-15.451893644966859,0.6622407515083867,0.37516055822244543,-0.00043386282401718963,-0.0003444772804107116,1.0033039713950829,1.003462878408664,1.0033039713950829,1.003462878408664,0.0,-7.716942919199606e-21
995,16,5.742828845977783,-15.578315497782986,-15.489820200811696,0.8674431249627278,0.5228453282445301,-0.0005972369724685069,-0.0004203051880280502,1.00330621688087,1.0034158799503259,1.0033062168808702,1.0034158799503259,0.0,-5.401860043439724e-21
996,16,5.965331554412842,-15.72560837966724,-15.560556654468357,0.5861340534012714,0.5418319457915525,-0.0006869560729542204,-0.0005003004535059012,1.0034986915553532,1.003440723431834,1.0034986915553532,1.003440723431834,0.0,-3.781302030407807e-21
997,16,6.017590045928955,-14.317912747298632,-15.187763482317438,0.10043009147522443,0.40941138949665407,-0.0004540953851552153,-0.00048643893300069537,1.0033535217085876,1.00341456291486,1.0033535217085876,1.00341456291486,-5.4028921463256616e-20,-1.8855587860262448e-20
998,16,5.914496421813965,-13.851046533460805,-14.786748397660446,0.18208124357936156,0.3412123457214663,-0.00032727236702121846,-0.0004386889632068523,1.003053099054065,1.0033061237566214,1.003053099054065,1.0033061237566214,0.0,-1.3198911502183713e-20
999,16,5.819260120391846,-14.908215754336373,-14.823188604663223,0.22131746197578606,0.3052438805977622,-0.0005053213998947763,-0.0004586786942132295,1.003362538224011,1.0033230480968383,1.003362538224011,1.0033230480968383,-1.0805687188646515e-19,-4.165629961746814e-20
1000,16,5.961791515350342,-14.842451674485137,-14.828967525609794,0.45005726552536635,0.34868789607604345,-0.0005198943848433831,-0.0004770434014022756,1.0034104660994203,1.0033492734976128,1.0034104660994203,1.0033492734976128,0.0,-2.9159409732227697e-20
1001,16,5.601592540740967,-14.102968485256232,-14.611167813503725,0.5071482017434816,0.3962259877762749,-0.000465789234633306,-0.00047366715137158464,1.0035014119635453,1.0033949150373924,1.0035014119635455,1.0033949150373926,5.402095899217781e-20,-4.205299114906043e-21
1002,16,5.566838264465332,-12.992822196222898,-14.125664128319475,0.5078191890340091,0.42970394815359514,-0.0003761141447645075,-0.0004444012493894614,1.0034735487133661,1.0034185051401845,1.0034735487133661,1.0034185051401847,0.0,-2.94370938043423e-21
1003,16,5.473968029022217,-12.469585663469985,-13.628840588864627,0.6037897456022296,0.4819296873881854,-0.00025607733345886047,-0.0003879040746102811,1.0031801328240757,1.0033469934453518,1.0031801328240757,1.0033469934453518,0.0,-2.060596566303961e-21
1004,16,5.467198848724365,-13.130931451879787,-13.479467847769174,0.6203426534800218,0.5234535772157363,-0.00037060467211248103,-0.00038271425386094104,1.0033829073973215,1.0033577676309426,1.0033829073973217,1.0033577676309426,0.0,-1.4424175964127725e-21
1005,16,5.5079803466796875,-12.011923387922089,-13.039204509815047,0.3588675258269895,0.4740777617991122,-0.0003592843809431364,-0.00037568529198559966,1.0034774719930877,1.003393678939586,1.0034774719930877,1.003393678939586,5.4022247770649146e-20,1.5196982013705803e-20
1006,16,5.391515254974365,-11.493319565225384,-12.575439026438147,0.43607947957097165,0.46267827713067,-0.00034329508719598765,-0.00036596823054871607,1.00323647279916,1.0033465170974583,1.00323647279916,1.0033465170974583,0.0,1.0637887409594062e-20
1007,16,5.778201103210449,-12.121778222029903,-12.439340785115672,0.44944965409293397,0.45870969021934915,-0.0004056632423953036,-0.0003778767341026923,1.0031826143153324,1.0032973462628205,1.0031826143153326,1.0032973462628205,-5.403812611054206e-20,-8.764916646446773e-21
1008,16,5.766392230987549,-12.408417862799284,-12.430063908420754,0.4034656665958682,0.44213648313230486,-0.00047726867035375236,-0.00040769431497801026,1.0033461975801596,1.0033120016580221,1.0033461975801594,1.0033120016580221,0.0,-6.13544165251274e-21
1009,16,5.8638691902160645,-11.933473521975356,-12.281086792487134,0.3124438808524557,0.4032287024483501,-0.0005348621641134695,-0.00044584466971864803,1.003480678522864,1.0033626047174746,1.0034806785228643,1.0033626047174748,-1.0804415029509718e-19,-3.670805424528807e-20
1010,16,5.508037567138672,-10.427272333590563,-11.724942454818162,0.13840495938686567,0.3237815795299047,-0.0003044475342662618,-0.00040342552908293215,1.003174635401488,1.0033062139226785,1.003174635401488,1.003306213922679,0.0,-2.5695637971701646e-20
1011,16,5.588851451873779,-10.405316078846568,-11.329054542026682,0.22582379067109495,0.2943942428722618,-0.000258776611647283,-0.0003600308538522374,1.0029885461849857,1.0032109136013707,1.0029885461849857,1.003210913601371,0.0,-1.7986946580191152e-20
1012,16,5.4266276359558105,-11.690933247714119,-11.437618153732913,0.4267703492342837,0.3341070747808683,-0.000452987438698463,-0.00038791782930610506,1.0032031489667779,1.0032085842109928,1.0032031489667779,1.003208584210993,0.0,-1.2590862606133806e-20
1013,16,5.780781269073486,-11.918760361330511,-11.581960816012192,0.5116757030334685,0.38737766325664835,-0.000608464930050285,-0.000454081959529359,1.0034999482043745,1.0032959934090073,1.0034999482043747,1.0032959934090075,0.0,-8.813603824293663e-21
1014,16,5.588451385498047,-10.28125176765181,-11.191748101504077,0.6091955189634543,0.4539230199686901,-0.00042152062964869624,-0.00044431356056516015,1.0032989928456548,1.0032968932400015,1.0032989928456548,1.0032968932400017,0.0,-6.169522677005564e-21
1015,16,5.302738666534424,-9.875082356983093,-10.79674837814778,0.8494715730867073,0.5725875859040952,-0.0003325452922878778,-0.0004107830800819754,1.0030326928820488,1.0032176331326155,1.0030326928820488,1.003217633132616,0.0,-4.3186658739038946e-21
1016,16,5.432388782501221,-10.267677327551318,-10.638027062968842,1.086004753990513,0.7266127363300205,-0.00043940431181553754,-0.000419369449602044,1.0031352471152422,1.0031929173274035,1.003135247115242,1.0031929173274037,0.0,-3.023066111732726e-21
1017,16,5.624418258666992,-9.980662630691548,-10.440817733285654,1.1966524969869607,0.8676246645271026,-0.0005109432252614776,-0.000446841582299874,1.0033528550142528,1.0032408986334582,1.0033528550142528,1.0032408986334582,0.0,-2.1161462782129082e-21
1018,16,5.833581447601318,-8.304908471733075,-9.80004495481988,1.3130683419321465,1.0012577677486156,-0.0003466854099455062,-0.0004167947305935637,1.0029618389689057,1.0031571807340924,1.0029618389689057,1.0031571807340924,-5.405002116531761e-20,-1.7696308744344316e-20
1019,16,5.754684925079346,-8.634260933821256,-9.450309748520294,1.360866133150087,1.109140277369057,-0.0003618463954054539,-0.00040031023003713075,1.00296138407346,1.0030984417359026,1.00296138407346,1.0030984417359026,0.0,-1.238741612104102e-20
1020,16,5.5201191902160645,-8.898519934444765,-9.284772804297635,1.4686575670779975,1.216995464281739,-0.00045262511595368465,-0.0004160046958120969,1.0030489361238033,1.0030835900522728,1.0030489361238033,1.0030835900522728,5.404532787180409e-20,7.542407076812512e-21
1021,16,5.645893573760986,-8.52167698793308,-9.055844059388269,1.467643448336977,1.2921898594983103,-0.0005357390250142337,-0.0004519249945727379,1.0032011438353092,1.0031188561871838,1.003201143835309,1.0031188561871835,1.0807425601016789e-19,3.7701961756819126e-20
1022,16,5.762001037597656,-6.919549623116234,-8.414955728506659,1.484075947999106,1.349755686048549,-0.0004526120963792022,-0.0004521311251146771,1.0030475947378383,1.00309747775238,1.003047594737838,1.0030974777523798,-5.4045400147182314e-20,1.0177753185618691e-20
1023,16,5.5254926681518555,-6.169877391465265,-7.74143222739424,1.4472091148593451,1.3789917146917876,-0.00025612703385162705,-0.00039332989773576207,1.0028756817897846,1.0030309389636014,1.0028756817897848,1.0030309389636012,0.0,7.124427229933083e-21
1024,16,5.467401504516602,-6.273790321693812,-7.301139655684111,2.074515301152257,1.5876487906299284,-0.0002251828952684835,-0.0003428857969955785,1.002646109798606,1.0029154902141026,1.002646109798606,1.0029154902141026,0.0,4.987099060953158e-21
1025,16,5.836554050445557,-7.273143990061744,-7.292740955997401,2.8815558660321354,1.9758209132505904,-0.0004539068346084093,-0.0003761921082794277,1.0028550241978023,1.0028973504092125,1.0028550241978023,1.0028973504092125,-5.405577806985476e-20,-1.2725764078289216e-20
1026,16,5.518833637237549,-7.092434194081511,-7.232648927422633,3.3640842865016816,2.3922999252259176,-0.0005696233172183289,-0.000434221470961098,1.0028557244970775,1.0028848626355717,1.0028557244970775,1.0028848626355717,0.0,-8.908034854802451e-21
1027,16,5.351032257080078,-6.582734666062586,-7.037674649014619,3.542495738984162,2.737358669353391,-0.0005002729030217197,-0.00045403690057928454,1.0026800598343282,1.0028234217951986,1.0026800598343282,1.0028234217951986,0.0,-6.2356243983617155e-21
1028,16,5.44817590713501,-6.852859427792292,-6.98223008264792,3.616266171681697,3.0010309200518828,-0.0005455110378920716,-0.00048147914177312063,1.0028690167568088,1.0028371002836816,1.0028690167568088,1.0028371002836816,-1.0811004771009079e-19,-3.6797951391880433e-20
1029,16,5.612163066864014,-6.1044605146307385,-6.718899212242766,3.7330757398196734,3.2206443659822197,-0.00045872961223742965,-0.00047465428291241325,1.0026957638223057,1.0027946993452688,1.0026957638223057,1.0027946993452688,0.0,-2.5758565974316303e-20
1030,16,5.808598041534424,-5.767900567134161,-6.4335996187101845,3.7792939432577928,3.3882392391648914,-0.00044577484327006225,-0.0004659904510197079,1.0026491176989791,1.0027510248513818,1.0026491176989791,1.0027510248513818,0.0,-1.8030996182021412e-20
1031,16,5.8171000480651855,-5.7183177602716695,-6.219015061178629,3.9164139856675586,3.5466916631156913,-0.0004640692955043932,-0.0004654141043651135,1.0026251569444067,1.002713264479289,1.0026251569444067,1.002713264479289,0.0,-1.2621697327414988e-20
1032,16,5.694895267486572,-5.662227609620978,-6.051978825711333,3.9789720496972647,3.676375779090163,-0.0005464409140349322,-0.0004897221472660591,1.0026284425991943,1.0026878179152607,1.002628442599194,1.0026878179152605,0.0,-8.835188129190492e-21
1033,16,5.634912490844727,-5.001397708010521,-5.73680449040109,3.546253501121498,3.6373390956995637,-0.00048017801485311103,-0.00048685890754217466,1.0027933622895882,1.0027194812275588,1.0027933622895882,1.0027194812275588,0.0,-6.184631690433344e-21
1034,16,5.265140533447266,-4.044362744803578,-5.229071966721836,3.0993657930634453,3.475947104908728,-0.0003137877820077528,-0.00043493756988184813,1.002713880326808,1.0027178009573334,1.002713880326808,1.0027178009573334,0.0,-4.329242183303341e-21
1035,16,5.446170806884766,-3.931113619786462,-4.839684462641223,3.1682687959211817,3.383643612212464,-0.00022167610905760726,-0.0003709591316345759,1.0025172877016826,1.002657646980638,1.0025172877016826,1.002657646980638,0.0,-3.0304695283123384e-21
1036,16,5.843128204345703,-5.341684541571061,-4.990284486320174,3.47600270707855,3.4113513406722897,-0.0003050980981332473,-0.0003512008215841773,1.0026015148206973,1.0026408073326558,1.002601514820697,1.0026408073326558,0.0,-2.1213286698186367e-21
1037,16,6.008443355560303,-6.483555354805156,-5.438265746865668,3.8237274477180323,3.5350641727860124,-0.0005157027586704435,-0.0004005514027100571,1.0028993964082078,1.0027183840553213,1.0028993964082078,1.0027183840553213,0.0,-1.4849300688730456e-21
1038,16,5.929238319396973,-5.97851499079768,-5.600340520045272,3.8226324427318863,3.6213346537697744,-0.00037443712947676604,-0.00039271712074006974,1.0028542319649034,1.002759138428196,1.0028542319649034,1.002759138428196,5.4055820772736584e-20,1.5177295183609843e-20
1039,16,5.499516010284424,-6.260408240091928,-5.798360836059269,4.367608645692003,3.845216851346443,-0.00043231413138432377,-0.00040459622393334595,1.0026428400227987,1.0027242489065769,1.002642840022799,1.0027242489065769,0.0,1.0624106628526889e-20
1040,16,5.337464809417725,-7.2694685284418314,-6.239693143774037,4.121675019131177,3.9281543016818627,-0.00046430479316831355,-0.0004225087947038362,1.0030259917346758,1.0028147717550064,1.0030259917346758,1.0028147717550064,0.0,7.436874639968821e-21
1041,16,5.7502241134643555,-7.181284143040654,-6.522170443554021,4.053499903691308,3.9657579822846962,-0.0004886198872686196,-0.0004423421224732712,1.0033049684244097,1.0029618307558275,1.0033049684244097,1.0029618307558275,-1.080630722070614e-19,-2.7213109414140245e-20
1042,16,5.847531318664551,-6.154542438311492,-6.411882041981261,4.014275839406035,3.980313339421097,-0.00025856627983076756,-0.0003872093696805201,1.0030304516499076,1.0029824170240516,1.0030304516499073,1.0029824170240513,0.0,-1.904917658989817e-20
1043,16,5.927145481109619,-6.415572818049238,-6.412989274801654,4.335056666842719,4.086736337647583,-0.0002639024719448629,-0.0003502173003598229,1.002868907307495,1.0029483641090846,1.002868907307495,1.0029483641090844,0.0,-1.3334423612928719e-20
1044,16,5.961236476898193,-7.6143519979117045,-6.773398091734668,4.36904173737017,4.171427957564359,-0.0003804188427805595,-0.00035927776308604387,1.0030824019137503,1.0029885754504841,1.00308240191375,1.002988575450484,-5.40435247601288e-20,-2.5547153957088743e-20
1045,16,6.100551605224609,-8.28077180734537,-7.225610206417879,4.321899339660399,4.21656937219317,-0.000448410805338431,-0.00038601767576176,1.0032490926602506,1.003066730613414,1.0032490926602504,1.0030667306134138,-5.4034545379482775e-20,-3.409337138380695e-20
1046,16,5.925190448760986,-7.63716292138411,-7.349076020907749,4.32101959594146,4.247904439317657,-0.0003545560537031211,-0.00037657918914416836,1.003092561431228,1.0030744798587583,1.003092561431228,1.0030744798587579,0.0,-2.386535996866486e-20
1047,16,5.870391845703125,-7.9139412993291876,-7.51853560443418,4.201691478548947,4.234040551087044,-0.0003092805958100886,-0.0003563896111439444,1.0030728851118775,1.003074001434694,1.0030728851118778,1.0030740014346937,0.0,-1.6705751978065402e-20
1048,16,5.580101490020752,-8.96574991167549,-7.952699896606573,3.8943596920865615,4.132136293386899,-0.00037595838601026804,-0.00036226024360384146,1.0033558728478271,1.003158562858634,1.0033558728478271,1.0031585628586337,0.0,-1.169402638464578e-20
1049,16,5.664517402648926,-8.073137260862783,-7.988831105883436,3.510548118829911,3.9456598410198023,-0.0002025411050283044,-0.0003143445020311803,1.0032598696716404,1.003188954902536,1.0032598696716404,1.0031889549025357,0.0,-8.185818469252045e-21
1050,16,5.495078086853027,-8.132948237432904,-8.032066245348275,3.6709359310664365,3.8632426680337923,-0.00018612902511386327,-0.00027587985895598515,1.0028683439973454,1.0030927716309788,1.0028683439973456,1.0030927716309785,-2.7027530058531145e-20,-1.3838331946035772e-20
1051,16,5.616426944732666,-9.488168273787755,-8.468896853880118,3.641593502013478,3.7967479182276977,-0.00036210461790577833,-0.00030174728664092307,1.003100623865371,1.0030951273012962,1.003100623865371,1.0030951273012962,-5.404254302562463e-20,-2.5899595269912428e-20
1052,16,5.708405494689941,-9.534825637237844,-8.788675488887435,3.513147100970401,3.711667673050509,-0.00040792161171176214,-0.00033359958416217476,1.003289190434485,1.0031533462412527,1.003289190434485,1.0031533462412527,5.403238581769127e-20,-1.920000943631318e-21
1053,16,5.664966583251953,-7.94637532302467,-8.535985439128606,3.36418163966153,3.6074218630338146,-0.00019673043773565265,-0.0002925388402342181,1.003008366674844,1.00310985237133,1.0030083666748442,1.00310985237133,2.7023756942323238e-20,6.763126422155048e-21
1054,16,5.637508392333984,-8.288453416160394,-8.461725832238141,3.3518969296243313,3.530764383010969,-0.00021191325123512297,-0.00026835116353448956,1.0030452549535107,1.0030904731459842,1.003045254953511,1.0030904731459842,0.0,4.734188495508533e-21
1055,16,6.12510871887207,-8.778219441557837,-8.55667391503405,3.518731261282668,3.527154446492479,-0.0002906068005808004,-0.0002750278546483828,1.0027668139773087,1.0029933753953815,1.0027668139773085,1.0029933753953815,0.0,3.313931946855973e-21
1056,16,5.5473785400390625,-9.230229270193984,-8.75874052158203,3.3193829128343997,3.464822986395055,-0.00043955154164751384,-0.00032438496074812205,1.0029326370309355,1.0029751538860476,1.0029326370309353,1.0029751538860476,0.0,2.319752362799181e-21
1057,16,5.563165664672852,-8.42829856693533,-8.65960793518802,2.7006949236459166,3.235584567570313,-0.00029323002031916617,-0.0003150384786194353,1.0028585675086519,1.0029401779728289,1.0028585675086519,1.0029401779728289,5.405558707938898e-20,1.784050277777612e-20
1058,16,6.059345245361328,-8.815639358987248,-8.70641736232779,2.8314846061794245,3.1143545791530465,-0.0003585839441146673,-0.00032810211826800486,1.002646634711462,1.0028521149944187,1.002646634711462,1.0028521149944187,0.0,1.2488351944443283e-20
1059,16,5.4147562980651855,-9.656610348346808,-8.991475258133494,2.732849948189222,2.999903189863899,-0.0005523925043824527,-0.0003953892341023392,1.0027515376322758,1.0028219417857758,1.0027515376322758,1.0028219417857758,1.0812271353335963e-19,4.117866042111818e-20
1060,16,5.582233905792236,-9.224635607319376,-9.06142336288926,2.318283657813124,2.7954173302486662,-0.0005671455267211345,-0.00044691612188797774,1.0028812303764,1.002839728362963,1.0028812303763999,1.0028397283629629,0.0,2.8825062294782727e-20
1061,16,6.056562423706055,-7.663055899106277,-8.641913123754364,1.7830336880239026,2.491702237581237,-0.00036006220998576296,-0.0004208599483173133,1.002713180215621,1.0028017639187605,1.002713180215621,1.0028017639187603,0.0,2.0177543606347907e-20
1062,16,5.549062252044678,-7.092929218609892,-8.177217952211022,1.604119586175129,2.2254274421594045,-0.00034305368662854684,-0.00039751806981068336,1.0026432539815497,1.0027542109375973,1.0026432539815497,1.002754210937597,-5.4067195295040376e-20,-2.095878064068577e-21
1063,16,5.01755952835083,-7.0558700765344256,-7.840813589508043,1.7210841008990132,2.0741244397812872,-0.00045674076944192046,-0.0004152848797000545,1.002570832555481,1.0026991974229622,1.002570832555481,1.0026991974229622,0.0,-1.4671146448480038e-21
1064,16,5.355225086212158,-6.124875576744195,-7.326032185678889,1.6051406909353036,1.933429315127492,-0.0003707920559904872,-0.00040193703258718425,1.0024774471875117,1.0026326723523271,1.0024774471875117,1.0026326723523271,-5.4076137848650584e-20,-1.7249821605988776e-20
1065,16,5.32745885848999,-6.107539716116285,-6.960484444810108,1.608095100143776,1.8358290506323771,-0.0003698426375941058,-0.00039230871408926066,1.002472528782605,1.0025846292814105,1.002472528782605,1.0025846292814105,-5.407640316099989e-20,-2.829779607249211e-20
1066,16,5.140836715698242,-5.702322395583781,-6.583035830042209,1.7411297100975816,1.8074192484719385,-0.0002591628272759233,-0.0003523649480452594,1.0021455836995603,1.0024529156068553,1.0021455836995603,1.0024529156068553,0.0,-1.9808457250744476e-20
1067,16,5.2176313400268555,-7.6484637463693375,-6.902664204940347,2.241747830102387,1.9377178229610728,-0.0005387085313106826,-0.00040826802302488635,1.0023115578224118,1.0024105082715222,1.0023115578224118,1.0024105082715222,0.0,-1.3865920075521132e-20
1068,16,6.022292137145996,-7.594950016427598,-7.1103499483865225,2.3510045738094427,2.0617038482155836,-0.0005755857437187002,-0.00045846333923303055,1.0025596136725514,1.002455239891831,1.0025596136725514,1.002455239891831,1.0814341189287308e-19,2.2736879514997132e-20
1069,16,5.500482082366943,-5.639453096713566,-6.669080892884635,2.3773344161528,2.1563930185967486,-0.0004209584698062336,-0.0004472118784049914,1.002464838041863,1.0024581193368405,1.002464838041863,1.0024581193368405,-5.4076818026021776e-20,-3.072297473085394e-22
1070,16,5.561478614807129,-5.0230450664448325,-6.175270144952694,2.6512095184276663,2.304837968546024,-0.000397553947235984,-0.00043231449905428915,1.0022191580601438,1.0023864309538315,1.0022191580601436,1.0023864309538313,0.0,-2.150608231159776e-22
1071,16,5.702079772949219,-5.6990083469390544,-6.032391605548601,2.818048730299537,2.4588011970720776,-0.000337668868891089,-0.0004039208100053291,1.0019780059740722,1.0022639034599037,1.0019780059740722,1.0022639034599035,0.0,-1.505425761811843e-22
1072,16,5.490238666534424,-6.418396461753595,-6.148193062410099,2.9265233755102478,2.5991178506035286,-0.000496248217124696,-0.0004316190321411391,1.0021746039842074,1.0022371136171948,1.0021746039842077,1.0022371136171948,0.0,-1.0537980332682901e-22
1073,16,5.809055328369141,-6.125924369606643,-6.141512454569062,3.086041115479442,2.7451948300663025,-0.0006045400754366828,-0.0004834953451298022,1.0022907237165564,1.0022531966470032,1.0022907237165564,1.0022531966470032,0.0,-7.37658623287803e-23
1074,16,5.81491756439209,-4.813592012251726,-5.743136321873861,3.055680882628588,2.838340645834988,-0.0005217265573743729,-0.0004949647088031734,1.002157663711955,1.0022245367664886,1.002157663711955,1.0022245367664886,-1.0818678654510905e-19,-3.250767206716286e-20
1075,16,5.829308032989502,-4.3227716687121625,-5.317026925925351,2.950188928641922,2.8718951306770677,-0.0003733257268660033,-0.0004584730142220223,1.00179252510093,1.002094933266821,1.00179252510093,1.002094933266821,0.0,-2.2755370447014003e-20
1076,16,5.4567742347717285,-5.1275801947497,-5.260192906572655,2.890062377101146,2.877345304604291,-0.0004749088385046364,-0.00046340376150680654,1.0017503072831315,1.001991545471714,1.0017503072831315,1.001991545471714,0.0,-1.59287593129098e-20
1077,16,5.425508499145508,-5.441596386865688,-5.314613950660565,2.8753717857777836,2.876753248956339,-0.0005109269991421214,-0.00047766073279740097,1.0018047766927407,1.001935514838022,1.0018047766927407,1.001935514838022,-1.0822489547961454e-19,-4.361760016292122e-20
1078,16,5.485315322875977,-5.374046931793768,-5.332443845000525,2.6974783826792357,2.822970789073208,-0.0005795330986618767,-0.0005082224425567437,1.0020374965098675,1.0019661093395755,1.0020374965098675,1.0019661093395755,0.0,-3.053232011404485e-20
1079,16,5.231542587280273,-3.819719296667646,-4.878626480500661,2.6764413662614888,2.779011962229692,-0.00039631421704953355,-0.00047464997490458057,1.0017769812811756,1.0019093709220555,1.0017769812811754,1.0019093709220555,0.0,-2.1372624079831394e-20
1080,16,5.253310680389404,-3.2426284037278057,-4.3878270574688045,2.64282296415719,2.7381552628079415,-0.0002568144170632145,-0.0004092993075521707,1.001592474395094,1.001814301963967,1.001592474395094,1.001814301963967,-5.412391767122163e-20,-3.1198012157248464e-20
1081,16,5.490797519683838,-4.549578471715809,-4.436352481742905,2.9765664527525737,2.809678619791331,-0.0003211202207200251,-0.000382845581502527,1.0014895651020739,1.001716880905399,1.0014895651020739,1.001716880905399,0.0,-2.1838608510073923e-20
1082,16,5.940797805786133,-6.195745891699702,-4.964170504729944,3.6199270985117624,3.05275316340746,-0.0005277814335304312,-0.00042632633711089826,1.001617402706615,1.0016870374457638,1.001617402706615,1.0016870374457638,0.0,-1.5287025957051745e-20
1083,16,5.755692958831787,-5.616164205270251,-5.159768614892036,3.540267301098638,3.1990074047148136,-0.00038718483999788814,-0.0004145838879769952,1.001860189720573,1.0017389831282064,1.0018601897205728,1.0017389831282064,0.0,-1.070091816993622e-20
1084,16,5.696346282958984,-4.242500548205175,-4.8845881948859775,3.619304824347743,3.3250966306046923,-0.00016358227564310785,-0.000339283404276829,1.0015317015528309,1.0016767986555937,1.0015317015528309,1.0016767986555937,0.0,-7.490642718955354e-21
1085,16,5.744592666625977,-5.896771756827026,-5.1882432634682925,4.118731892057954,3.5631872090406707,-0.0002983858098475567,-0.0003270141259480473,1.0014820438688021,1.0016183722195562,1.001482043868802,1.0016183722195562,0.0,-5.243449903268747e-21
1086,16,5.605347633361816,-6.825803486476959,-5.679511330370891,4.367026675745923,3.8043390490522464,-0.0004668607787440374,-0.0003689681217868443,1.0017541257274176,1.0016590982719147,1.0017541257274176,1.0016590982719147,-5.41151837881485e-20,-1.990497006873267e-20
1087,16,5.4651713371276855,-5.960942718109212,-5.763940746692388,4.322595296628973,3.959815923325264,-0.0003921756313427087,-0.00037593037465360357,1.0018424779384554,1.001714112171877,1.0018424779384554,1.001714112171877,5.411041138505751e-20,2.299644367404381e-21
1088,16,5.236385822296143,-5.580108478454329,-5.70879106622097,4.187119879684499,4.028007110233034,-0.00022958796989588017,-0.0003320276532262865,1.0017446493397253,1.0017232733222312,1.0017446493397253,1.0017232733222312,0.0,1.6097510571830665e-21
1089,16,5.937882900238037,-7.3942731475755865,-6.214435690627354,4.706908471166508,4.231677518513076,-0.0002635820836888809,-0.0003114939823650648,1.0015363312608967,1.0016671907038308,1.0015363312608967,1.0016671907038308,0.0,1.1268257400281464e-21
1090,16,5.990588665008545,-8.074486431207676,-6.7724509128014505,4.806236781111172,4.404045297292505,-0.0003256128923984729,-0.0003157296553750872,1.0017727188287042,1.0016988491412928,1.0017727188287042,1.0016988491412928,0.0,7.887780180197025e-22
1091,16,5.883784294128418,-8.30108667492225,-7.23104164143769,4.7911319891178445,4.520171304840106,-0.0004511184343671192,-0.0003563462890726968,1.0020433677272467,1.001802204717079,1.0020433677272467,1.001802204717079,5.4099563322523837e-20,1.6782013609370943e-20
1092,16,6.998848915100098,-7.324460195334991,-7.25906720760688,4.8521651584924275,4.619769460935803,-0.00018839753638923411,-0.00030596166326765797,1.0014958111671666,1.0017102866521053,1.0014958111671666,1.0017102866521053,0.0,1.174740952655966e-20
1093,16,5.794907569885254,-9.290465150690428,-7.868486590531944,4.601381812793266,4.614253166493042,-0.0003975413887380984,-0.0003334355809087901,1.001962773362989,1.0017860326653703,1.001962773362989,1.0017860326653703,-5.4103914901273576e-20,-8.007987801790312e-21
1094,16,5.418553352355957,-9.203738009078995,-8.26906201609606,4.6338300700428805,4.620126237557994,-0.00046789805269241853,-0.00037377432244387857,1.001815309227557,1.0017948156340262,1.001815309227557,1.0017948156340262,0.0,-5.605591461253218e-21
1095,16,6.020723819732666,-9.06807196889227,-8.508765001934922,4.286230479630817,4.51995751017984,-0.0005363140503890564,-0.00042253624082743194,1.0020302578764912,1.0018654483067657,1.002030257876491,1.0018654483067655,0.0,-3.9239140228772526e-21
1096,16,5.51060676574707,-7.720604852460496,-8.272316957092594,3.893082064626544,4.331894876513851,-0.00024813152051749387,-0.0003702148247344505,1.0017742357915462,1.0018380845522,1.0017742357915462,1.0018380845521997,0.0,-2.7467398160140765e-21
1097,16,6.113256931304932,-8.111454931990474,-8.224058349561957,3.9651790122905983,4.221880117246875,-0.000267561484592894,-0.0003394188226919835,1.001537710729104,1.001747972405271,1.0015377107291037,1.001747972405271,-5.412687714455716e-20,-1.8160781014577e-20
1098,16,5.756071090698242,-9.901648487655551,-8.727335390990035,3.791754392224113,4.0928423997400465,-0.0003974263184719422,-0.0003568210714259711,1.0017866910992357,1.0017595880134604,1.0017866910992357,1.0017595880134604,0.0,-1.2712546710203899e-20
1099,16,5.766010284423828,-10.175454293048666,-9.161771061607624,3.8422331351370533,4.017659620359149,-0.0005981291183261754,-0.0004292134854960324,1.001844514641992,1.0017850660020198,1.0018445146419919,1.0017850660020198,0.0,-8.898782697142729e-21
1100,16,5.6052727699279785,-9.15404234058884,-9.159452445301987,3.175974058282814,3.7651539517362487,-0.00043276335321161145,-0.0004302784458107061,1.001938308918329,1.0018310388769125,1.0019383089183291,1.0018310388769125,1.0821047192576013e-19,2.6233993689728133e-20
1101,16,5.672499656677246,-9.012678275281282,-9.115420194295774,2.8325992224936467,3.4853875329634683,-0.0003822664237647461,-0.00041587483919691806,1.0019058792898794,1.0018534910008026,1.0019058792898794,1.0018534910008026,0.0,1.836379558280969e-20
1102,16,5.7312774658203125,-9.553933901919137,-9.246974306582782,2.816078756500652,3.284594900024623,-0.00028077710975352296,-0.0003753455203638995,1.0017135411378715,1.0018115060419233,1.0017135411378717,1.0018115060419233,0.0,1.2854656907966782e-20
1103,16,5.798888206481934,-10.922333732513184,-9.749582134361901,2.8371479975462197,3.1503608292811016,-0.0004447526365468312,-0.000396167655218779,1.0019642704725562,1.001857335371113,1.0019642704725562,1.001857335371113,-5.410383406057795e-20,-7.232890382596638e-21
1104,16,5.8810906410217285,-10.877582359802018,-10.087982201993936,2.7341735166586267,3.025504635494359,-0.0005219470687028268,-0.0004339014792639933,1.0022429176266194,1.0019730100477648,1.0022429176266194,1.0019730100477648,0.0,-5.063023267817646e-21
1105,16,5.573339939117432,-9.513867072139417,-9.91574766303758,2.7172382155722588,2.9330247095177286,-0.0003493223919450344,-0.00040852775306830563,1.0021285335951153,1.0020196671119699,1.0021285335951153,1.0020196671119699,0.0,-3.544116287472352e-21
1106,16,5.594390869140625,-9.539536368635682,-9.80288427471701,2.901151544124201,2.92346275989967,-0.0002976073070419311,-0.00037525161926039324,1.0020169157976089,1.0020188417176614,1.0020169157976089,1.0020188417176614,-5.410099147989312e-20,-1.8711178845198582e-20
1107,16,5.463340759277344,-11.299179140384336,-10.251772734417209,2.958859006397529,2.9340816338490274,-0.0004544850758041119,-0.00039902165622350886,1.0022348982930651,1.0020836586902826,1.0022348982930651,1.0020836586902826,-5.4089224708301426e-20,-2.9324592604129435e-20
1108,16,5.483031272888184,-11.135810327503533,-10.516984012343105,2.915605880539127,2.928538907856057,-0.0005664767070302335,-0.00044925817146552625,1.0024870858381942,1.0022046868346561,1.0024870858381942,1.0022046868346561,0.0,-2.0527214822890602e-20
1109,16,5.490925312042236,-9.964932829509426,-10.351368657493001,2.7877333578728627,2.8862972428610987,-0.00046500037424537235,-0.0004539808322994801,1.0024206492649905,1.0022694755637565,1.0024206492649905,1.0022694755637565,0.0,-1.436905037602342e-20
1110,16,5.511440277099609,-10.639298981855116,-10.437747754801634,2.685198734428896,2.8259676903314377,-0.00045623844751323717,-0.00045465811686360715,1.0023989914642681,1.00230833033391,1.0023989914642681,1.00230833033391,5.4080370277594813e-20,6.165775820062048e-21
1111,16,5.413830757141113,-10.758665890575571,-10.534023195533814,2.589324694678134,2.7549747916354463,-0.0005028940476136248,-0.00046912889608861246,1.0024338810674656,1.0023459955539766,1.0024338810674656,1.0023459955539766,0.0,4.316043074043433e-21
1112,16,5.4158124923706055,-10.882394777828312,-10.638534670222164,2.2338725666065637,2.5986441241267815,-0.000436759080241092,-0.0004594179513343563,1.0025346566927877,1.0024025938956198,1.0025346566927877,1.0024025938956198,-5.407305200112112e-20,-1.3200685448505933e-20
1113,16,5.5896830558776855,-11.181639795820129,-10.801466207901552,2.0024939289553845,2.4197990655753623,-0.00044937949023260133,-0.00045640641300382983,1.0026311682758708,1.002471166209695,1.002631168275871,1.002471166209695,5.4067847020450363e-20,6.979874292180956e-21
1114,16,5.897366523742676,-12.203625109975247,-11.22211387852366,1.9871164434290203,2.2899942789314593,-0.00042746388171573807,-0.0004477236536174023,1.0025894490441292,1.0025066510600251,1.0025894490441292,1.0025066510600251,5.407009686363571e-20,2.110694106361738e-20
1115,16,5.997748374938965,-12.800390594939296,-11.69559689344835,1.9431061822419275,2.1859278499245995,-0.0004998920858157326,-0.00046337418327690137,1.002747932987143,1.0025790356381603,1.0027479329871427,1.0025790356381603,0.0,1.4774858744532165e-20
1116,16,5.861300468444824,-13.348212087332307,-12.191381451613537,1.9011303383744238,2.100488596459547,-0.0005477030593044053,-0.0004886728460851526,1.0028922659367676,1.0026730047277426,1.0028922659367676,1.0026730047277426,-1.0810754148879471e-19,-2.2089861325465897e-20
1117,16,5.606698036193848,-13.309120388009527,-12.526703132532333,1.8190067483348573,2.01604404202214,-0.00046336464451498816,-0.0004810803856141032,1.0030519951358563,1.0027867018501766,1.0030519951358563,1.0027867018501766,0.0,-1.5462902927826128e-20
1118,16,5.412057876586914,-13.430413548587984,-12.797816257349028,1.7012227220981477,1.9215976460449422,-0.0004027581793175431,-0.0004575837237251351,1.0031946307347848,1.002909080515559,1.0031946307347848,1.002909080515559,0.0,-1.082403204947829e-20
1119,16,5.415621280670166,-13.436276800553776,-12.989354420310452,1.6932250181550672,1.8530858576779794,-0.00037099039704511925,-0.0004316057257211303,1.003214855786257,1.0030008130967683,1.003214855786257,1.0030008130967683,-5.403638942506362e-20,-2.3787739262153886e-20
1120,16,5.569674968719482,-13.570754489715998,-13.163774441132116,1.7431769283312735,1.8201131788739673,-0.00038170163977320156,-0.00041663449993675165,1.0033042568391473,1.003091846219482,1.0033042568391473,1.003091846219482,-5.403157442495168e-20,-3.2860889810993225e-20
1121,16,5.738379955291748,-12.948390072620331,-13.09915913057858,1.77567656188778,1.806782193778111,-0.0003251546107537897,-0.00038919053318186306,1.0034352670465183,1.0031948724675928,1.0034352670465183,1.0031948724675928,0.0,-2.3002622867695257e-20
1122,16,5.798245429992676,-12.939355335472257,-13.05121799204668,1.9434640996519177,1.847786765540253,-0.00030104721707554247,-0.0003627475383499669,1.0034269759818113,1.0032645035218584,1.0034269759818113,1.0032645035218584,5.402496636213402e-20,1.0565390125352767e-22
1123,16,5.800690174102783,-13.956877605590234,-13.322915876109747,2.2431687323368243,1.9664013555792244,-0.00033951622404170494,-0.00035577814405748833,1.0034485086013183,1.0033197050456963,1.0034485086013185,1.0033197050456963,0.0,7.395773087746937e-23
1124,16,5.981908321380615,-14.214914932644033,-13.590515593070032,2.2887777699848133,2.0631142799009012,-0.00035783499354165153,-0.0003563951989027373,1.0036269073422017,1.0034118657346478,1.0036269073422017,1.0034118657346478,0.0,5.177041161422856e-23
1125,16,5.819275379180908,-13.317275558852943,-13.508543582804904,2.2650025106561853,2.1236807491274865,-0.00030891449037379705,-0.0003421509863440552,1.0036781580780985,1.0034917534376828,1.0036781580780985,1.0034917534376828,0.0,3.6239288129959986e-23
1126,16,5.731536865234375,-13.295147195828923,-13.444524666712109,2.284423110493494,2.1719034575372884,-0.0002525202378892077,-0.00031526176180760095,1.003545695694123,1.0035079361146149,1.003545695694123,1.0035079361146149,0.0,2.5367501690971988e-23
1127,16,5.809680938720703,-14.272729215618435,-13.692986031384006,2.2341206224726466,2.190568607017896,-0.0003524056592743548,-0.0003264049310476271,1.0035731353786261,1.0035274958938183,1.0035731353786264,1.0035274958938183,0.0,1.7757251183680392e-23
1128,16,5.762551784515381,-14.345055515139435,-13.888606876510634,2.083039169581504,2.1583097757869782,-0.0003971596488521105,-0.0003476313463889721,1.0035883679798456,1.0035457575196265,1.0035883679798454,1.0035457575196263,0.0,1.2430075828576273e-23
1129,16,6.030831336975098,-14.16796691572502,-13.972414888274947,1.8435858720766232,2.0638926046738715,-0.00039521819918537514,-0.000361907402227893,1.0034544189388532,1.0035183559453944,1.0034544189388532,1.0035183559453942,-5.402348886121013e-20,-1.6198345605283035e-20
1130,16,6.1186323165893555,-15.521751647502198,-14.437215916043122,1.5103727494744745,1.8978366481140525,-0.0005067425078433561,-0.0004053579339125319,1.0034276705328016,1.0034911503216164,1.0034276705328016,1.0034911503216164,0.0,-1.1338841923698123e-20
1131,16,6.333066940307617,-15.989220589552138,-14.902817318095828,1.1763310268944753,1.6813849617481793,-0.0005991652862972536,-0.0004635001396279484,1.0035320405940182,1.0035034174033368,1.0035320405940182,1.0035034174033368,-1.0803862045538031e-19,-4.0348775483202776e-20
1132,16,6.057118892669678,-15.312640205881035,-15.025764184431388,0.5419257868073099,1.3395472092659184,-0.0004582408775353029,-0.00046192236100015476,1.0036486507501214,1.0035469874073721,1.0036486507501214,1.0035469874073721,0.0,-2.8244142838241944e-20
1133,16,6.085735321044922,-13.976197350082433,-14.7108941341267,0.311328192733135,1.0310815043060835,-0.0003613134643598675,-0.00043173969200806857,1.0036547629047172,1.0035793200565757,1.0036547629047172,1.0035793200565757,0.0,-1.977089998676936e-20
1134,16,5.6363606452941895,-13.285215197790341,-14.283190453225792,0.2634571751074588,0.800794205546496,-0.0002701953536353593,-0.00038327639049625577,1.003545516726382,1.0035691790575176,1.003545516726382,1.0035691790575176,-5.4018584828231244e-20,-3.004520543920792e-20
1135,16,5.637228488922119,-13.174242232712556,-13.950505987071821,0.1889296243572658,0.6172348311897269,-0.0002445154307893419,-0.00034164810258418155,1.0036085101687688,1.0035809783908929,1.0036085101687688,1.0035809783908929,0.0,-2.1031643807445546e-20
1136,16,5.56178092956543,-13.297455719216881,-13.75459090671534,0.36605596464059414,0.541881171224987,-0.0002342916961049377,-0.0003094411806404084,1.0035813902786,1.003581101957205,1.0035813902785997,1.003581101957205,-2.700832695254851e-20,-2.2824648750976433e-20
1137,16,6.034445762634277,-13.884492133119572,-13.793561274636609,0.6943908985910318,0.5876340894348004,-0.00030855369414638364,-0.0003091749346922009,1.0036242304416911,1.0035940405025507,1.0036242304416911,1.0035940405025507,5.4014348179315643e-20,2.2705032811118953e-22
1138,16,5.884861946105957,-14.41005916453276,-13.978510641605453,0.9250520665846232,0.6888594825797473,-0.0003167235590890772,-0.0003114395220112638,1.0036369379143264,1.0036069097260834,1.0036369379143262,1.0036069097260834,0.0,1.5893522967783266e-22
1139,16,5.823914051055908,-14.417367901962576,-14.110167819712588,0.992067085795659,0.7798217635445208,-0.00032973165768733183,-0.00031692716271408423,1.0036337485414295,1.003614961370687,1.0036337485414295,1.003614961370687,5.4013835926759345e-20,1.6315405438802284e-20
1140,16,5.545383930206299,-14.432758449132821,-14.206945008538657,1.0000494189940097,0.8458900601793673,-0.0002930161801698854,-0.00030975386795082456,1.0036063593897162,1.0036123807763957,1.0036063593897162,1.0036123807763957,0.0,1.1420783807161598e-20
1141,16,5.783935546875,-14.827025051344224,-14.392969021380326,0.9869847418487753,0.8882184646801896,-0.0003188568233319563,-0.00031248475456516407,1.0036564529644256,1.0036256024328045,1.0036564529644256,1.0036256024328045,5.401261404154663e-20,2.4198332877477105e-20
1142,16,5.9828267097473145,-14.801686473151232,-14.515584256911596,1.0015764769645696,0.9222258683655036,-0.0002744213979164043,-0.0003010657475705361,1.0035507253891454,1.0036031393197067,1.0035507253891454,1.0036031393197067,0.0,1.6938833014233972e-20
1143,16,5.99281120300293,-15.86646592208895,-14.920848756464803,1.1092558494536076,0.9783348626919347,-0.00031764044498294004,-0.0003060381567942573,1.0034975419204846,1.00357146009994,1.0034975419204846,1.00357146009994,-5.402116732695568e-20,-4.349167088122925e-21
1144,16,5.742910861968994,-16.385676034627874,-15.360296939913724,1.1122595665390371,1.0185122738460652,-0.0003952587951939309,-0.00033280434831415933,1.0036216138621314,1.0035865062285974,1.0036216138621314,1.0035865062285974,5.401448900214909e-20,1.3159929738958679e-20
1145,16,5.863008499145508,-15.886387244109887,-15.518124031172572,1.0769245907680824,1.0360359689226704,-0.0004019702235193506,-0.0003535541108757167,1.0036587527140732,1.00360818017424,1.0036587527140732,1.00360818017424,0.0,9.211950817271074e-21
1146,16,6.199667453765869,-15.604163485113071,-15.54393586735472,0.9784391050376123,1.018756909757153,-0.00035828846126788284,-0.0003549744159933666,1.0034723756210113,1.0035674388082714,1.0034723756210113,1.0035674388082714,0.0,6.4483655720897516e-21
1147,16,6.211050987243652,-16.371706755202133,-15.792267133708943,0.7820521569332355,0.9477454839099776,-0.00036710141802452054,-0.00035861251660271277,1.0034215483556899,1.003523671672497,1.0034215483556899,1.003523671672497,5.4025258589582315e-20,2.072143347733752e-20
1148,16,6.161045074462891,-16.913671501088995,-16.128688443922957,0.44715008362461434,0.7975668638243685,-0.0004070796032067778,-0.00037315264258393227,1.0035888865995184,1.0035432361506031,1.0035888865995184,1.0035432361506031,5.401625042696167e-20,3.0709878562224763e-20
1149,16,6.422506809234619,-15.744749621725354,-16.013506797263677,-0.027919341529868,0.5499210022180975,-0.0002768143867712848,-0.000344251165840138,1.0036812325839388,1.0035846350806037,1.003681232583939,1.003584635080604,5.4011280538456785e-20,3.7700299155094365e-20
1150,16,6.069080352783203,-14.925909637408624,-15.687227649307161,-0.0017559457562530485,0.38441791782579227,-0.0001716645723154243,-0.0002924751877827239,1.0034682865525366,1.0035497305221834,1.0034682865525368,1.0035497305221837,0.0,2.6390209408566052e-20
1151,16,6.44783878326416,-16.279182811910037,-15.864814198088023,0.16129989134388614,0.3174825098812204,-0.00021274713031965755,-0.000268556770543804,1.0034334250354173,1.0035148388761534,1.003433425035417,1.0035148388761537,0.0,1.8473146585996235e-20
1152,16,5.918097972869873,-17.177422043370623,-16.258596551672802,0.4249087646554963,0.34971038631350315,-0.0003682090156255556,-0.00029845244406832947,1.0035469479608319,1.003524471601557,1.0035469479608319,1.003524471601557,0.0,1.2931202610197363e-20
1153,16,6.0439133644104,-16.782591062653452,-16.415794904966997,0.3665329407342055,0.35475715263971386,-0.00039297074813354033,-0.00032680793528789274,1.003652448909073,1.0035628647938117,1.003652448909073,1.0035628647938117,0.0,9.051841827138154e-21
1154,16,6.159597396850586,-15.96603239682312,-16.280866152523835,0.3391104499632044,0.350063141836761,-0.00033385270171702405,-0.0003289213652166321,1.0035671582403667,1.003564152827778,1.003567158240367,1.0035641528277783,0.0,6.3362892789967074e-21
1155,16,6.198581218719482,-15.797783961028308,-16.135941495075176,0.1280370877975768,0.28345532562500575,-0.000300720098730292,-0.0003204609852707301,1.0035180197606475,1.0035503129076389,1.0035180197606475,1.003550312907639,0.0,4.435402495297695e-21
1156,16,6.316579818725586,-16.73897190160194,-16.316850617033204,0.2254949447755502,0.2660672113701691,-0.0004171859439877204,-0.00034947847288582714,1.003366444755609,1.0034951524620297,1.0033664447556088,1.00349515246203,0.0,3.1047817467083862e-21
1157,16,6.4860992431640625,-16.91685692923532,-16.496852510693838,0.16637529865518677,0.23615963755567437,-0.0005033635881997236,-0.000395644007479996,1.0034556656237488,1.0034833064105453,1.0034556656237488,1.0034833064105455,0.0,2.1733472226958704e-21
1158,16,6.3067731857299805,-15.887848695839489,-16.31415136623753,-0.3109653226842109,0.07202214948370879,-0.00036947982959200856,-0.0003877947541135997,1.003495298836929,1.0034869041384604,1.003495298836929,1.0034869041384604,-5.402128807888369e-20,-1.4685043367777998e-20
1159,16,6.127303123474121,-15.5499094822393,-16.084878801038062,-0.48408510549822353,-0.0948100270108709,-0.0003523504026496438,-0.0003771614486744129,1.0033721569991738,1.0034524799966744,1.0033721569991738,1.0034524799966744,0.0,-1.0279530357444599e-20
1160,16,6.086467742919922,-16.280950128171202,-16.143700199178003,-0.4433024674900011,-0.19935775915460993,-0.00048728607410333856,-0.00041019883630309055,1.003329033237286,1.0034154459688578,1.003329033237286,1.0034154459688578,0.0,-7.195671250211219e-21
1161,16,5.9556355476379395,-16.142585663388157,-16.14336583844105,-0.5193795833164073,-0.29536430640314915,-0.000526296500838937,-0.0004450281356638445,1.0033688454024319,1.0034014657989299,1.003368845402432,1.00340146579893,1.0805619264076827e-19,2.737988791708263e-20
1162,16,6.135051727294922,-15.182121101918574,-15.854992417484304,-0.8188121350559575,-0.4523986549989917,-0.0004274597196779402,-0.0004397576108680732,1.0033101023944802,1.003374056777595,1.0033101023944802,1.003374056777595,0.0,1.9165921541957837e-20
1163,16,6.112407684326172,-15.15939789289801,-15.646314060108415,-0.7786860768997514,-0.5502848815692196,-0.0004298608041050334,-0.00043678856883916123,1.0032320344098733,1.0033314500672785,1.003232034409873,1.0033314500672785,-5.4035464144805745e-20,-2.79449416407124e-21
1164,16,5.953946590423584,-15.908935894116054,-15.725100610310704,-0.7357038811503562,-0.6059105814435606,-0.0004771222220381096,-0.0004488886647988457,1.0032482195784085,1.0033064809206176,1.0032482195784085,1.0033064809206176,0.0,-1.956145914849868e-21
1165,16,6.34543514251709,-15.630893467243085,-15.696838467390418,-0.7720089419060957,-0.6557400895823211,-0.0005271120396165566,-0.00047235567724415896,1.0034326814712897,1.0033443410858192,1.0034326814712897,1.0033443410858192,0.0,-1.3693021403949074e-21
1166,16,5.76223611831665,-14.097591015119704,-15.217064231709202,-0.8997205096535759,-0.7289342156036975,-0.0003031069675559384,-0.00042158106433769275,1.003412520651066,1.0033647949553932,1.003412520651066,1.0033647949553932,0.0,-9.585114982764352e-22
1167,16,5.6457600593566895,-14.053071692526112,-14.867866469954274,-0.8519252937599178,-0.7658315390505637,-0.00025775222000938705,-0.000372432411039201,1.0034145476575413,1.0033797207660375,1.0034145476575416,1.0033797207660378,0.0,-6.709580487935046e-22
1168,16,5.629273414611816,-15.031870839073827,-14.91706778069014,-0.35448543146749384,-0.6424277067756426,-0.00039162330981125246,-0.0003781896806708164,1.0033323786069759,1.003365518118319,1.003332378606976,1.0033655181183192,5.403006000817036e-20,1.5739347368295655e-20
1169,16,5.794165134429932,-15.608997845813883,-15.12464680022726,-0.09029327156962189,-0.47678737621383643,-0.0005059601470274192,-0.0004165208205777972,1.0034747291790518,1.0033982814365388,1.0034747291790518,1.0033982814365388,0.0,1.1017543157806958e-20
1170,16,6.176759719848633,-14.773661925386344,-15.019351337774985,-0.10595184145055249,-0.3655367157848512,-0.0004478460685995345,-0.0004259183949843184,1.0035566693810305,1.0034457978198863,1.0035566693810307,1.0034457978198863,5.401798451273379e-20,2.3917675564285007e-20
1171,16,5.8140034675598145,-14.166124589340187,-14.763383313244544,-0.23658285683642483,-0.32685055810032326,-0.00033422183491800116,-0.0003984094269644232,1.003534864781881,1.0034725179084847,1.0035348647818811,1.0034725179084847,0.0,1.6742372894999502e-20
1172,16,5.890750885009766,-14.3400053923301,-14.63636993697021,-0.12432264775756763,-0.26609218499749654,-0.00028934508788596304,-0.0003656901252408851,1.003492984051422,1.003478657751366,1.003492984051422,1.003478657751366,-5.402141269130919e-20,-4.486762780893107e-21
1173,16,5.867285251617432,-15.029445003472963,-14.754292456921036,-0.10658951657446947,-0.2182413844705884,-0.00032491294992577103,-0.00035345697264635087,1.0036238017885661,1.003522200962526,1.0036238017885664,1.003522200962526,-5.4014371249134324e-20,-1.934504532136547e-20
1174,16,5.866593360900879,-14.956417805680243,-14.814930061548797,-0.16787540628893727,-0.20313159101609304,-0.00029537081064377095,-0.00033603112404557685,1.0037025369932497,1.003576301771743,1.00370253699325,1.003576301771743,0.0,-1.3541531724955828e-20
1175,16,5.761088848114014,-14.89123089914703,-14.837820312828267,-0.20040392306818092,-0.20231329063171938,-0.0003327356624015529,-0.00033504248555236965,1.0038076878328681,1.0036457175900804,1.0038076878328681,1.0036457175900804,0.0,-9.479072207469079e-21
1176,16,5.791569709777832,-14.62451561002204,-14.773828901986398,-0.38039508487196766,-0.2557378289037938,-0.0002699916444458571,-0.00031552723322041587,1.0038215562825563,1.0036984691978232,1.0038215562825563,1.0036984691978232,5.4003730329353606e-20,9.565768553577724e-21
1177,16,5.845877170562744,-15.42690714739327,-14.96975237560846,-0.34127799977302864,-0.28139988016456424,-0.00032694276541445696,-0.0003189518928786282,1.0038306573626476,1.0037381256472706,1.0038306573626474,1.0037381256472704,0.0,6.696037987504407e-21
1178,16,5.620651721954346,-15.551908378381254,-15.144399176440299,-0.5338227764851133,-0.35712674906072894,-0.00036674044618926723,-0.0003332884588718199,1.0039047392411455,1.003788109725433,1.0039047392411455,1.0037881097254329,0.0,4.687226591253084e-21
1179,16,5.813272476196289,-15.16226906688014,-15.149760143572252,-0.9983133388416853,-0.5494827259950158,-0.0003189062141574834,-0.00032897378545751894,1.004008228588963,1.003854145384492,1.004008228588963,1.0038541453844918,-5.3993689574100714e-20,-1.2917048258353055e-20
1180,16,5.925929546356201,-15.557841586320523,-15.272184576396732,-1.2531194915139716,-0.7605737556507025,-0.00029770034620489464,-0.00031959175368173165,1.0039381909682548,1.0038793590596207,1.0039381909682545,1.0038793590596207,0.0,-9.041933780847138e-21
1181,16,5.962890625,-17.033511676000657,-15.80058270627791,-1.2760380246716845,-0.915213036356997,-0.00036885672409951253,-0.00033437124480706587,1.0040669193524543,1.0039356271474706,1.0040669193524545,1.0039356271474709,5.399053347882086e-20,9.867806397053263e-21
1182,16,5.833225250244141,-17.113697242932208,-16.194517067274198,-1.2287684730552733,-1.0092796673664797,-0.0004215688365739012,-0.00036053052233711645,1.0040671678544169,1.0039750893595545,1.0040671678544169,1.0039750893595547,5.3990520116414497e-20,2.3104620512861633e-20
1183,16,5.935123920440674,-16.579286278680026,-16.309947830695947,-1.5487984647761768,-1.1711353065893888,-0.0004041972487167557,-0.0003736305402510082,1.0042637114855562,1.004061675997355,1.0042637114855564,1.004061675997355,0.0,1.617323435900314e-20
1184,16,5.851896286010742,-15.200987377061379,-15.977259694605575,-1.6277056535266268,-1.3081064106705602,-0.0003133864171983928,-0.00035555730333522353,1.0041807788636037,1.0040974068572295,1.0041807788636037,1.0040974068572295,0.0,1.1321264051302198e-20
1185,16,5.780699253082275,-14.907644634824447,-15.656375176671235,-1.801906671809031,-1.4562464890121014,-0.00021173944635367701,-0.0003124119462407596,1.004242625949665,1.0041409725849602,1.004242625949665,1.0041409725849602,-2.6990543531754227e-20,-1.7227822361472916e-22
1186,16,5.990699768066406,-15.423585025245254,-15.58653813124344,-1.6259093505512647,-1.5071453474738503,-0.00026447478831876086,-0.00029803079886415995,1.0042178800241262,1.00416404481671,1.0042178800241262,1.00416404481671,-5.398241726483981e-20,-1.6315319935982256e-20
1187,16,5.782248497009277,-15.524239334042957,-15.567848492083293,-1.3828788837211947,-1.4698654083480536,-0.00029991458934847625,-0.0002985959360094548,1.0042469936067835,1.004188929453732,1.0042469936067837,1.004188929453732,0.0,-1.1420723955187578e-20
1188,16,5.57155179977417,-15.081660590624862,-15.421992121645763,-1.2958940722160226,-1.4176740075084442,-0.00031831732234628756,-0.0003045123519105046,1.0043423264952807,1.0042349485661966,1.0043423264952807,1.0042349485661966,0.0,-7.994506768631304e-21
1189,16,5.488727569580078,-15.085654119288622,-15.32109072093862,-1.150657226992551,-1.3375689733536762,-0.00027871651364896167,-0.0002967736004320417,1.0043443590746697,1.0042677717187383,1.0043443590746697,1.0042677717187383,0.0,-5.596154738041912e-21
1190,16,6.437530517578125,-15.85560682278083,-15.481445551491284,-0.7875877188267615,-1.1725745969956018,-0.0002998842251914792,-0.00029770678785987295,1.0043091634269234,1.0042801892311939,1.0043091634269232,1.0042801892311937,0.0,-3.917308316629338e-21
1191,16,6.192396640777588,-17.313436604779795,-16.031042867477836,-0.39911468118181886,-0.9405366222514668,-0.00046394651840222427,-0.00034757870702257837,1.0044011408498636,1.0043164747167947,1.0044011408498636,1.0043164747167945,0.0,-2.7421158216405367e-21
1192,16,6.2059855461120605,-17.15672262648566,-16.368746795180183,-0.48288064025178923,-0.8032398276515635,-0.0004452659581856717,-0.00037688488237150634,1.0045194160001705,1.0043773571018073,1.0045194160001705,1.0043773571018073,-5.39662128584143e-20,-1.8109344932672664e-20
1193,16,6.028095722198486,-16.22651338211939,-16.326076771261942,-0.48663346383772116,-0.7082579185074108,-0.0003618907983268493,-0.00037238665715810923,1.0044533998514449,1.0044001699266984,1.0044533998514449,1.0044001699266984,5.396975970442502e-20,3.514386458456643e-21
1194,16,5.98903226852417,-16.167503704673944,-16.27850485128554,-0.4268468690194858,-0.6238346036610333,-0.0003684013351936371,-0.00037119106056876755,1.004420776691681,1.0044063519561932,1.004420776691681,1.0044063519561932,0.0,2.4600705209196498e-21
1195,16,6.03375768661499,-16.705562030734892,-16.406622005120344,-0.2523775341708062,-0.5123974828139651,-0.00036186764325806697,-0.0003683940353755574,1.004312257495941,1.0043781236181175,1.0043122574959409,1.0043781236181175,0.0,1.722049364643755e-21
1196,16,5.74252462387085,-17.400222449565263,-16.70470213845382,0.14193157298526501,-0.31609876607419607,-0.0004632168615359395,-0.000396840883223672,1.0042884001739276,1.0043512065848605,1.0042884001739276,1.0043512065848605,0.0,1.2054345552506282e-21
1197,16,5.669978618621826,-17.147337339206686,-16.83749269867968,0.07304327858606921,-0.19935615267611645,-0.0004151642356481881,-0.00040233788895102684,1.0043438387864123,1.004348996245326,1.0043438387864123,1.004348996245326,0.0,8.438041886754397e-22
1198,16,5.724430561065674,-16.4347188154586,-16.716660533713355,0.06972831253797719,-0.11863081311188836,-0.00035095021128529513,-0.0003869215856513073,1.004228067879112,1.0043127177354618,1.004228067879112,1.0043127177354618,0.0,5.906629320728077e-22
1199,16,5.675053119659424,-16.280961041281355,-16.585950685983754,0.021774883054058832,-0.07650910426210421,-0.0003444582632263189,-0.0003741825889238108,1.0041914530070597,1.004276338316941,1.0041914530070597,1.004276338316941,0.0,4.134640524509654e-22
1200,16,5.6621527671813965,-15.827193367685975,-16.35832349049442,-0.2853333063562505,-0.13915636489034808,-0.0002864876584746788,-0.00034787410978907114,1.0041748777920765,1.0042459001594817,1.0041748777920765,1.0042459001594817,-5.398472897815306e-20,-1.5905993856730242e-20
1201,16,5.709499359130859,-15.510985798359998,-16.10412218285409,-0.27762060028450036,-0.18069563550859374,-0.00024852554457833705,-0.0003180695402258509,1.004080980970012,1.0041964244026407,1.004080980970012,1.0041964244026407,0.0,-1.1134195699711169e-20
1202,16,5.908696174621582,-16.15281995426012,-16.1187315142759,-0.18570319601818205,-0.18219790366147023,-0.0002799917742894912,-0.000306646210444943,1.004065186693085,1.0041570530897739,1.004065186693085,1.0041570530897739,0.0,-7.793936989797818e-21
1203,16,5.963156700134277,-16.518928710509073,-16.23879067314585,0.343667817450978,-0.024438187327735755,-0.00043877536864841537,-0.00034628495790598466,1.0040858938249986,1.0041357053103412,1.0040858938249986,1.0041357053103412,0.0,-5.455755892858472e-21
1204,16,5.94185209274292,-15.303777950499587,-15.95828685635197,0.13981998217309088,0.024839263522512235,-0.0002679331375591871,-0.0003227794118019454,1.0041303993686048,1.0041341135278203,1.0041303993686048,1.0041341135278203,-5.398712025685352e-20,-2.0015165202056987e-20
1205,16,5.982652187347412,-15.00540032119296,-15.672420895804267,0.23194186234471054,0.08697004316917173,-0.00022358888048913686,-0.0002930222524081028,1.0040583223608357,1.004111376177725,1.0040583223608357,1.004111376177725,2.699549787945154e-20,-5.91196627760443e-21
1206,16,5.820970058441162,-15.063969158631796,-15.489885374652525,0.3395317712798914,0.16273856160238764,-0.0002865211094903676,-0.00029107190953278227,1.0040118518315158,1.004081518873862,1.004011851831516,1.0040815188738623,0.0,-4.138376394323101e-21
1207,16,5.621227264404297,-15.059587115508608,-15.360795896909348,0.35592575858683917,0.2206947206977231,-0.00035261403847695714,-0.0003095345482160347,1.003976447679602,1.004049997515584,1.0039764476796023,1.0040499975155843,0.0,-2.8968634760261703e-21
1208,16,5.5752644538879395,-14.052549138771056,-14.968321869467859,0.08932535526876656,0.18128391106903613,-0.00022767142769465542,-0.0002849756120596209,1.0038647847298146,1.0039944336798532,1.0038647847298143,1.0039944336798534,0.0,-2.027804433218319e-21
1209,16,5.580803871154785,-14.006195181344465,-14.67968386303084,0.15615982684326168,0.17374668580130379,-0.0002559594804420186,-0.0002762707725743402,1.003804000209277,1.0039373036386803,1.0038040002092772,1.0039373036386805,0.0,-1.4194631032528232e-21
1210,16,5.932783126831055,-14.103387289211708,-14.5067948908851,0.057985404324047495,0.1390183013581269,-0.00023859705041223678,-0.0002649686559257091,1.0036799154921854,1.0038600871947319,1.0036799154921854,1.0038600871947319,0.0,-9.936241722769762e-22
1211,16,5.70662260055542,-15.459937423925178,-14.792737650797122,0.23849661745511866,0.1688617961872244,-0.0004043350522694601,-0.00030677857482883444,1.0036473983188803,1.0037962805319762,1.0036473983188803,1.0037962805319762,5.4013101329289264e-20,1.5508393478192896e-20
1212,16,5.851483345031738,-15.251855773512654,-14.93047308761178,0.07770429184534922,0.14151454488466184,-0.0004216943175787589,-0.0003412532976538118,1.0036509009627554,1.00375266666121,1.0036509009627554,1.00375266666121,5.401291282882723e-20,2.7059749283383197e-20
1213,16,5.963442325592041,-13.970970791549952,-14.642622398793229,-0.2965366375506112,0.01009919015407991,-0.00031902860865273965,-0.0003345858909534901,1.0035751657610077,1.0036994163911492,1.0035751657610075,1.0036994163911492,0.0,1.8941824498368238e-20
1214,16,5.849147796630859,-13.871175083855483,-14.411188204311905,-0.642781293544683,-0.18576495495554898,-0.0002631946074374498,-0.000313168505898678,1.0035640935971117,1.003658819552938,1.0035640935971117,1.003658819552938,0.0,1.3259277148857766e-20
1215,16,5.85459041595459,-14.742179754081624,-14.510485669242819,-0.6245259808749054,-0.31739326273135593,-0.00028139187853480353,-0.0003036355176895156,1.0034368716421624,1.0035922351797053,1.0034368716421624,1.0035922351797053,-5.402443358051845e-20,-6.925836069955099e-21
1216,16,5.854729652404785,-15.688592225955396,-14.863917636256591,-0.5033516980192801,-0.37318079331773313,-0.00040937437373664645,-0.00033535717450365485,1.0034871245330323,1.0035607019857034,1.0034871245330321,1.0035607019857034,0.0,-4.848085248968568e-21
1217,16,5.934449195861816,-14.454387227416012,-14.741058513604417,-0.45295835079132246,-0.3971140605598099,-0.0003473458378643932,-0.0003389537735118763,1.0035241617736423,1.003549739922085,1.0035241617736421,1.003549739922085,0.0,-3.3936596742779975e-21
1218,16,5.739444732666016,-13.314909630724088,-14.313213848740316,-0.35767148635059126,-0.3852812882970443,-0.00027472615914125664,-0.0003196854892006904,1.0034740373217546,1.0035270291419858,1.0034740373217546,1.0035270291419858,0.0,-2.375561771994598e-21
1219,16,5.847477912902832,-13.287923809658201,-14.005626837015681,-0.1430079500501167,-0.312599286822966,-0.00025949036071915206,-0.00030162695065622886,1.003470040585214,1.0035099325749541,1.003470040585214,1.0035099325749541,5.4022647843736735e-20,1.45439011127248e-20
1220,16,5.865263938903809,-14.27055074126218,-14.08510400828963,0.240175028783245,-0.14676699214110267,-0.00029991015504189937,-0.00030111191197193,1.0034504777287032,1.003492096121079,1.0034504777287032,1.003492096121079,0.0,1.0180730778907359e-20
1221,16,5.687199115753174,-14.278839726229537,-14.1432247236716,0.5198270461258849,0.0532112193389936,-0.00032898860721009574,-0.0003094749205433797,1.003503012515813,1.0034953710394992,1.003503012515813,1.0034953710394992,0.0,7.126511545235151e-21
1222,16,5.8849616050720215,-12.852775827420833,-13.75609005479637,0.6119258926575996,0.22082562133457537,-0.000262513629559179,-0.0002953865332481195,1.0034805839091248,1.0034909349003867,1.0034805839091248,1.0034909349003867,5.4022080241050773e-20,2.1195182153979838e-20
1223,16,5.9164719581604,-12.231733800910828,-13.298783178630707,0.6851707262133995,0.36012915279822255,-0.000151704251068935,-0.00025228184859436414,1.003440610981421,1.0034758377246968,1.0034406109814211,1.0034758377246968,2.70121161287536e-20,2.2940262346411965e-20
1224,16,5.996633052825928,-13.127813867755789,-13.24749238536823,1.2276179581116116,0.6203757943922392,-0.0002897797444042255,-0.0002635312173373225,1.0033237805306316,1.0034302205664773,1.0033237805306316,1.0034302205664773,5.4030523023788906e-20,3.226734054962505e-20
1225,16,5.931660175323486,-13.175558299436096,-13.225912159588589,1.481538557917627,0.8787246234498556,-0.00032160893759870443,-0.00028095453341573707,1.0033506204129496,1.003406340520419,1.0033506204129494,1.003406340520419,5.402907769366201e-20,3.8795861692836134e-20
1226,16,5.751866817474365,-12.380458107589606,-12.972275943988894,1.6326680358147097,1.1049076471593118,-0.00028630933330228307,-0.0002825609733817009,1.0032707709570503,1.0033656696514082,1.00327077095705,1.0033656696514082,5.403337782138572e-20,4.336711653140101e-20
1227,16,5.714918613433838,-12.344770961317892,-12.78402444918759,1.6544165940666034,1.2697603312314993,-0.0002855680892150744,-0.0002834631081317129,1.0032537883143855,1.0033321052503013,1.0032537883143853,1.0033321052503013,-5.4034292474844497e-20,1.4146693829527356e-20
1228,16,5.415958881378174,-12.627852332107416,-12.737172814063538,1.935470284360843,1.4694733171703023,-0.0003958702246531224,-0.00031718524308813577,1.0030525024020644,1.00324822439583,1.0030525024020647,1.00324822439583,0.0,9.902685680669149e-21
1229,16,5.832234859466553,-12.262931657901598,-12.594900467214956,1.8431604745580608,1.5815794643866297,-0.00047115750477240003,-0.000363376921593415,1.0029666980571201,1.003163766494217,1.0029666980571201,1.003163766494217,0.0,6.931879976468404e-21
1230,16,6.045561790466309,-10.759189463478142,-12.044187166093911,1.4454308022293791,1.5407348657394544,-0.00033024881937180657,-0.0003534384909269325,1.0028849020333095,1.0030801071559448,1.0028849020333097,1.0030801071559448,0.0,4.8523159835278824e-21
1231,16,5.643561840057373,-9.6603104843756,-11.329024161578417,1.133038868496185,1.4184260665664734,-0.00023921118996934158,-0.00031917030063965523,1.0026960658460036,1.0029648947629624,1.0026960658460036,1.0029648947629624,0.0,3.396621188469518e-21
1232,16,5.054052352905273,-9.991207464690824,-10.92767915251214,1.204425255003744,1.3542258230976545,-0.00035603489430878087,-0.0003302296787403929,1.0025906873376034,1.0028526325353546,1.0025906873376034,1.0028526325353546,-5.407003008199796e-20,-1.3843374192670725e-20
1233,16,5.847187042236328,-10.179349905863766,-10.703180378517628,0.9590537243471091,1.2356741934724909,-0.00038759185444610985,-0.000347438331452108,1.0025075226760696,1.002749099577569,1.0025075226760694,1.002749099577569,-5.407451555033529e-20,-2.5912716599970094e-20
1234,16,5.694100856781006,-10.185015043731427,-10.547730778081768,0.9268879809378181,1.143038329712089,-0.00040535745230799636,-0.0003648140677088745,1.0025123473382946,1.0026780739057868,1.0025123473382946,1.0026780739057868,0.0,-1.8138901619979065e-20
1235,16,5.212726593017578,-9.636504924718194,-10.274363022072695,0.7459881073011633,1.0239232629888113,-0.00033084209888419605,-0.00035462247706147097,1.0024391382599567,1.0026063932120377,1.0024391382599567,1.0026063932120377,5.407820440687665e-20,3.52623018807765e-21
1236,16,5.19840145111084,-9.636767727561352,-10.083084433719291,0.7581628364713886,0.9441951350335844,-0.0003339303531578082,-0.0003484148398903721,1.0024359576200816,1.002555262534451,1.0024359576200816,1.002555262534451,5.407837599219539e-20,1.869187392931297e-20
1237,16,5.1778035163879395,-9.536989700084805,-9.919256013628944,0.7890441443459234,0.8976498378272861,-0.00031559838501199933,-0.0003385699034268603,1.0023740563382455,1.0025009006755892,1.0023740563382455,1.0025009006755892,-5.408171558460839e-20,-3.1402029248634407e-21
1238,16,5.225724220275879,-9.51132995310982,-9.796878195473207,0.8699707283179464,0.8893461049744842,-0.0003082224574988355,-0.0003294656696484528,1.0023048782059574,1.0024420939346996,1.0023048782059576,1.0024420939346996,0.0,-2.198142047404408e-21
1239,16,5.302809715270996,-10.024895568018026,-9.865283407236653,1.1210695018577106,0.9588631240394521,-0.00038443645392185414,-0.0003459569049304732,1.0022624120894235,1.0023881893811168,1.0022624120894235,1.0023881893811168,-5.4087739867708924e-20,-1.7765021393495764e-20
1240,16,5.339191436767578,-10.071972492792852,-9.927290132903511,1.1161896984324766,1.0060610963573593,-0.00040172788495975657,-0.0003626881989392582,1.0022913020560007,1.002359123183582,1.0022913020560007,1.002359123183582,0.0,-1.2435514975447034e-20
1241,16,5.283381462097168,-8.269327778489556,-9.429901426579324,0.8310310627425757,0.9535520862729241,-0.0002704141494093237,-0.0003350059840802778,1.0022349301211155,1.002321865264842,1.0022349301211155,1.002321865264842,0.0,-8.704860482812922e-21
1242,16,4.979228973388672,-8.204504942547521,-9.062282481369783,0.8430727417898995,0.9204082829280167,-0.00033305625645624326,-0.00033442106579306745,1.0021421045759267,1.0022679370581673,1.0021421045759267,1.0022679370581673,0.0,-6.0934023379690455e-21
1243,16,5.275018215179443,-9.188239216920266,-9.100069502034927,0.9220957137683982,0.920914512180131,-0.0003649506299127633,-0.0003435799350289762,1.0020869852614336,1.002213651519147,1.0020869852614336,1.002213651519147,0.0,-4.2653816365783315e-21
1244,16,5.406745910644531,-9.613533492362722,-9.254108699133266,1.0727368504080144,0.966461213648496,-0.00048745158711679644,-0.00038674143065532224,1.0020982510663254,1.0021790313833006,1.0020982510663254,1.0021790313833006,0.0,-2.9857671456048317e-21
1245,16,5.335566997528076,-8.956825268631112,-9.16492366998262,1.0715523023738487,0.9979885402661017,-0.00047175518109881864,-0.00041224555578837116,1.0021027563432834,1.0021561488712953,1.0021027563432836,1.0021561488712953,0.0,-2.090037001923382e-21
1246,16,5.141452789306641,-7.63278524812206,-8.705282143424451,0.9002992317378012,0.9686817477076115,-0.00034945965996456736,-0.00039340978704123,1.0020806538013471,1.0021335003503107,1.0020806538013471,1.0021335003503107,5.4097550350494896e-20,1.4766239203802102e-20
1247,16,5.309435844421387,-7.8384723484013765,-8.445239204917527,0.9127250082892159,0.9518947258820928,-0.00028213344328474474,-0.0003600268839142844,1.0019565207032164,1.0020804064561823,1.0019565207032162,1.0020804064561823,0.0,1.0336367442661471e-20
1248,16,5.385650634765625,-9.016969272305,-8.616758225133768,0.9885332717076372,0.9628862896297561,-0.0003823790064348513,-0.00036673252067045444,1.0019906820235052,1.002053489126379,1.0019906820235052,1.002053489126379,5.410240793337391e-20,2.34661795898752e-20
1249,16,5.3126912117004395,-9.08923534350413,-8.758501360644876,1.1229208725602913,1.0108966645089166,-0.0004194883214859117,-0.0003825592609150916,1.0020313553398033,1.0020468489904062,1.0020313553398033,1.0020468489904062,-5.4100211870008595e-20,1.9626215191006019e-22
1250,16,5.4127397537231445,-8.081592291140758,-8.555428639793641,1.1048183784994297,1.0390731787060705,-0.00031430440685230706,-0.0003620828046962562,1.0020755071314447,1.0020554464327178,1.0020755071314447,1.0020554464327178,0.0,1.3738350633704212e-22
1251,16,5.570382595062256,-7.433254836971072,-8.21877649894687,1.3231021106142489,1.124281858278524,-0.00022078602718608213,-0.000319693771443204,1.0020052119446814,1.0020403760863068,1.0020052119446814,1.0020403760863068,0.0,9.616845443592947e-23
1252,16,5.432807445526123,-7.637912086645606,-8.044517175256491,1.8692830269001837,1.3477822088650218,-0.0002955791398410056,-0.00031245938196254445,1.0019336721640846,1.00200836490964,1.0019336721640846,1.00200836490964,0.0,6.731791810515063e-23
1253,16,5.468780517578125,-8.547832132588908,-8.195511662456216,2.3755228503889554,1.6561044013222017,-0.00047475009797516056,-0.0003611465967663293,1.0019287112489814,1.0019844688114425,1.0019287112489816,1.0019844688114425,0.0,4.712254267360544e-23
1254,16,5.39025354385376,-8.530401758369187,-8.295978691230108,2.49027095110676,1.906354366257569,-0.00044088450835299387,-0.00038506797024232865,1.0019425520272127,1.0019718937761735,1.0019425520272127,1.0019718937761735,0.0,3.2985779871523806e-23
1255,16,5.593109130859375,-7.484479927119932,-8.052529061997054,2.490238428247756,2.0815195848546253,-0.0003818070618648132,-0.00038408969772907395,1.0018957095392678,1.0019490385051018,1.0018957095392678,1.0019490385051018,0.0,2.3090045910066664e-23
1256,16,5.5462260246276855,-7.424690332589754,-7.864177443174864,2.5103307468043323,2.2101629334395376,-0.00036959834261314804,-0.00037974229119429613,1.0018541771756766,1.0019205801062743,1.0018541771756766,1.0019205801062743,0.0,1.6163032137046664e-23
1257,16,5.347919464111328,-7.946244100329446,-7.8887974403212375,2.6240791796446676,2.3343378073010763,-0.0004513832680944537,-0.0004012345842643434,1.001845173493958,1.0018979581225793,1.001845173493958,1.0018979581225793,5.411026579607728e-20,1.6244393861319114e-20
1258,16,5.464367866516113,-8.065984000826619,-7.941953408472852,2.6289258846085795,2.422714230493327,-0.0005035916174287547,-0.0004319416942136667,1.0019229905477918,1.001905467850143,1.0019229905477918,1.001905467850143,0.0,1.1371075702923379e-20
1259,16,5.290274620056152,-7.224644877309631,-7.726760849123885,2.5882737627771575,2.4723820901784763,-0.00045129376579251053,-0.00043774731568731987,1.0018271186113556,1.0018819630785067,1.0018271186113554,1.0018819630785065,5.411124096881756e-20,2.419312528269163e-20
1260,16,5.568085670471191,-7.6895761710038215,-7.715605445687865,2.587923231509313,2.507044432577727,-0.0004927105384905929,-0.00045423628252830176,1.0018269414382075,1.001865456586417,1.0018269414382075,1.0018654565864167,-1.082225010767868e-19,-1.5531562625151898e-20
1261,16,5.486830234527588,-7.700482709864532,-7.711068624940865,2.5725392939620755,2.5266928909930315,-0.000510657089647446,-0.00047116252466404497,1.0018720384635047,1.0018674311495432,1.001872038463505,1.001867431149543,0.0,-1.0872093837606328e-20
1262,16,5.446587562561035,-7.3229609996807135,-7.594636337362819,2.440516868038167,2.500840084106572,-0.0004989649384767083,-0.00047950324880784395,1.0020341960658004,1.0019174606244203,1.0020341960658004,1.00191746062442,1.0820011699623755e-19,2.4849569412546833e-20
1263,16,5.420516014099121,-5.743000783315582,-7.039145671148647,2.3260953609056805,2.4484166671463043,-0.00039868228366513227,-0.0004552569592650304,1.0019666143743673,1.0019322067494043,1.0019666143743673,1.001932206749404,5.410370749540819e-20,3.3625810837405235e-20
1264,16,5.345485210418701,-5.6817039802762555,-6.63191316388693,2.1444831642769526,2.3572366162854985,-0.00029504188249076727,-0.00040719243623275143,1.0020241903650136,1.001959801834087,1.0020241903650136,1.001959801834087,0.0,2.3538067586183664e-20
1265,16,5.457118034362793,-5.797329474168907,-6.3815380569715225,2.1551143050465145,2.296599922913803,-0.0002879305914338827,-0.0003714138827930908,1.002011526236309,1.0019753191547536,1.002011526236309,1.0019753191547536,-5.410128247515848e-20,2.4626256778101984e-22
1266,16,5.64060115814209,-6.277189684653834,-6.350233545276216,2.2770986422185437,2.2907495387052252,-0.0003264136749746118,-0.0003579138204475471,1.0021387888458395,1.0020243600620793,1.0021387888458395,1.0020243600620793,-5.4094412099055513e-20,-1.605593983226994e-20
1267,16,5.661069869995117,-6.240333307651019,-6.317263473988657,2.27816516721099,2.2869742272569544,-0.0003080571787624622,-0.00034295682794202164,1.002203409117832,1.0020780747788052,1.0022034091178318,1.002078074778805,-5.409092418872584e-20,-2.746643513920671e-20
1268,16,5.462586879730225,-6.737508278128985,-6.443336915230756,2.623528411961262,2.3879404826682467,-0.0003946988370488219,-0.0003584794306740617,1.0021855368916777,1.002110313412667,1.0021855368916774,1.0021103134126668,-5.409188880574974e-20,-3.5454071239169615e-20
1269,16,5.288954734802246,-8.377731182675067,-7.023655195464048,2.8599651384963223,2.5295478794166693,-0.00054483785368976,-0.00041438695757877115,1.0022874962712727,1.0021634682702487,1.0022874962712727,1.0021634682702485,-1.0817277243495226e-19,-5.726968159790441e-20
1270,16,5.210165023803711,-8.433514187349468,-7.446612893029673,2.921371571704198,2.6470949871029275,-0.0005646840068201814,-0.00045947607235119416,1.002305142897581,1.0022059706584483,1.002305142897581,1.0022059706584483,0.0,-4.008877711853308e-20
1271,16,5.703376770019531,-8.458002084932277,-7.750029650600454,2.7800425561553896,2.686979257818666,-0.0006075979752079493,-0.0005039126432082206,1.0025025067123834,1.0022949314746288,1.0025025067123834,1.0022949314746288,0.0,-2.8062143982973156e-20
1272,16,5.912315845489502,-7.5793241430287726,-7.698817998328948,2.197199282781998,2.5400452653076657,-0.00042961166637037776,-0.00048162235015686777,1.0025538099386502,1.0023725950138351,1.0025538099386502,1.0023725950138351,0.0,-1.9643500788081208e-20
1273,16,6.015331268310547,-7.5924342518361065,-7.666902874381096,1.9173193439096397,2.353227488888258,-0.000396742513531539,-0.00045615839916926916,1.0025762364223794,1.0024336874363984,1.0025762364223791,1.0024336874363984,0.0,-1.3750450551656846e-20
1274,16,5.511730194091797,-7.732129072168244,-7.68647073371724,1.775602655118775,2.179940038757413,-0.00047491120355249323,-0.0004617842404842364,1.0025863344558448,1.0024794815422322,1.0025863344558448,1.0024794815422322,0.0,-9.625315386159792e-21
1275,16,5.507113933563232,-7.6212808834741255,-7.666913778644306,1.1403272495309964,1.868056201989488,-0.00047029562887773805,-0.0004643376570022868,1.0027331415908625,1.0025555795568213,1.0027331415908625,1.0025555795568213,0.0,-6.737720770311854e-21
1276,16,5.805352210998535,-7.118861186386971,-7.502498000967105,0.7710207555475946,1.53894556805692,-0.00040152210895072607,-0.0004454929925868186,1.0027685700866205,1.002619476715761,1.0027685700866205,1.002619476715761,0.0,-4.716404539218297e-21
1277,16,5.508374214172363,-7.222027285680012,-7.4183567863809765,0.6345126129443532,1.2676156815231499,-0.0003976796467821028,-0.00043114898884540385,1.002748759398523,1.0026582615205895,1.002748759398523,1.0026582615205895,0.0,-3.301483177452808e-21
1278,16,5.420070171356201,-8.09456214819617,-7.621218394925535,0.5732576871305878,1.059308283205381,-0.0005069948759946088,-0.0004539027549901653,1.0028811078962383,1.0027251154332841,1.0028811078962383,1.0027251154332841,1.0810874429171916e-19,3.012158506329878e-20
1279,16,5.230541229248047,-7.284229263377725,-7.520121655461191,0.15575778911242952,0.7882431349774955,-0.0004463018899753677,-0.00045162249548572596,1.0029206637637584,1.0027837799324264,1.0029206637637584,1.0027837799324264,-5.4052240204958634e-20,4.869437482821554e-21
1280,16,5.24768590927124,-7.16166429091925,-7.412584446098608,-0.16075861079308465,0.5035426112463214,-0.00033965574864911754,-0.0004180324714347434,1.0029301411728695,1.0028276883045593,1.0029301411728695,1.0028276883045593,0.0,3.408606237975088e-21
1281,16,5.0514020919799805,-8.126278721947276,-7.626692728853207,-0.1477552878692759,0.30815324151164214,-0.0003945667968554485,-0.0004109927690609549,1.0029751443444115,1.0028719251165148,1.0029751443444115,1.0028719251165148,0.0,2.3860243665825614e-21
1282,16,5.075832366943359,-8.552470791325515,-7.904426147594899,-0.15142304891217703,0.17028035438449637,-0.00044974684543201866,-0.000422618991972274,1.0030624607140424,1.0029290857957731,1.0030624607140424,1.0029290857957731,0.0,1.670217056607793e-21
1283,16,5.312413692474365,-8.047644888303202,-7.947391769807389,-0.4328325571770806,-0.0106535190839767,-0.0003032464965306531,-0.00038680724333978774,1.0032174425050282,1.0030155928085496,1.0032174425050282,1.0030155928085496,5.403625009640272e-20,1.7380026968546272e-20
1284,16,5.309395790100098,-8.34391103829688,-8.066347550354237,-0.1796428994819214,-0.0613503332033601,-0.00032512229280536406,-0.0003683017581794606,1.0032428504044022,1.0030837700873052,1.0032428504044022,1.0030837700873052,0.0,1.2166018877982389e-20
1285,16,5.774886131286621,-9.49998887016374,-8.496439946297087,0.44793889398077547,0.09143643495188057,-0.00044645414585383996,-0.0003917474744817744,1.0032270487820178,1.003126753695719,1.003227048782018,1.0031267536957191,-5.403573267894817e-20,-7.69450658909678e-21
1286,16,5.791037559509277,-10.663512230792056,-9.146561631645579,0.5709478096978096,0.23528984737565925,-0.0004997339209088469,-0.00042414340840989616,1.0033249769009323,1.003186220657283,1.0033249769009323,1.003186220657283,0.0,-5.386154612367746e-21
1287,16,5.810514450073242,-11.554427482922655,-9.868921387028701,0.9486685252368245,0.4493034507340088,-0.0004939117059002203,-0.0004450738976569934,1.0034096589345876,1.0032532521404742,1.0034096589345873,1.0032532521404742,0.0,-3.770308228657422e-21
1288,16,5.723820686340332,-12.16042120936545,-10.556371333729725,1.0270899644380596,0.622639404845224,-0.0005209629069085438,-0.0004678406004324585,1.0034954197538757,1.0033259024244947,1.0034954197538757,1.0033259024244947,-1.0804256313909469e-19,-3.50519847017886e-20
1289,16,5.663101673126221,-12.141184597409039,-11.031815312833519,1.0054101817229015,0.7374706379085272,-0.00047736363940520296,-0.0004706975121242818,1.0034972744510073,1.0033773140324485,1.0034972744510073,1.0033773140324485,0.0,-2.4536389291252018e-20
1290,16,5.435059547424316,-11.871689221872279,-11.283777485545146,0.9143214581949574,0.7905258839944562,-0.0004082359597240548,-0.00045195904640421363,1.0034504505448434,1.0033992549861668,1.0034504505448434,1.0033992549861668,0.0,-1.717547250387641e-20
1291,16,5.580436706542969,-12.289389143686655,-11.585460982987598,0.8325597421414848,0.8031360414385648,-0.00038125694534702983,-0.0004307484160870585,1.0034051417924623,1.0034010210280553,1.0034051417924623,1.0034010210280553,5.4026141950434295e-20,4.185011832416802e-21
1292,16,5.322200298309326,-12.993756857893324,-12.007949745459316,0.5641127518860882,0.7314290545728217,-0.00036893043281615694,-0.000412203021105788,1.0033948406332172,1.0033991669096038,1.003394840633217,1.0033991669096038,0.0,2.9295082826917612e-21
1293,16,5.566275596618652,-13.19824560165093,-12.3650385023168,0.5643186132396839,0.6812959221728803,-0.00046133037539106397,-0.0004269412273913707,1.0033241863442668,1.0033766727400026,1.003324186344267,1.0033766727400026,0.0,2.0506557978842326e-21
1294,16,5.9432902336120605,-12.42764759101486,-12.383821228926218,0.20636568525082763,0.5388168510962644,-0.00036687543843871287,-0.00040892149070557337,1.0032671208913553,1.0033438071854084,1.0032671208913553,1.0033438071854084,0.0,1.4354590585189627e-21
1295,16,5.765088081359863,-11.814383772319145,-12.212989991944095,-0.1565362377791705,0.3302109244336339,-0.0002378348790069057,-0.00035759550719597304,1.0030968208180224,1.0032697112751925,1.0030968208180224,1.0032697112751925,0.0,1.0048213409632738e-21
1296,16,5.99675989151001,-12.80900211956455,-12.39179363023023,0.04889262331303874,0.24581543409745535,-0.00032580068390327955,-0.000348057060208165,1.002820598597657,1.0031349774719318,1.0028205985976568,1.0031349774719316,0.0,7.033749386742916e-22
1297,17,5.84367561340332,-13.435899742717183,-12.705025463976316,0.43375480453803295,0.30219724522962865,-0.000732213511920758,-0.00046330399572194287,1.0027255658671037,1.0030121539904833,1.0027255658671037,1.003012153990483,0.0,4.9236245707200405e-22
1298,17,5.814849376678467,-12.276960933289677,-12.576606104770324,0.1545676191083354,0.25790835739324064,-0.000569538306978748,-0.0004951742890989844,1.0025583981181563,1.002876027228785,1.0025583981181563,1.002876027228785,0.0,3.4465371995040283e-22
1299,17,5.421271324157715,-11.73197276975987,-12.323216104267187,-0.014217180546124815,0.176270696011431,-0.0005216581747514507,-0.0005031194547947242,1.0023664119189482,1.002723142635834,1.0023664119189482,1.002723142635834,0.0,2.4125760396528194e-22
1300,17,5.554956436157227,-11.79241851158273,-12.163976826461848,0.06456547075279935,0.1427591284338415,-0.0005230492565133889,-0.0005090983953103237,1.00220143598855,1.002566630641649,1.00220143598855,1.002566630641649,1.0818206136534525e-19,3.262349873237927e-20
1301,17,5.45867919921875,-11.74882544576603,-12.039431412253101,0.022486577572472816,0.10667736317543089,-0.0005061949647052864,-0.0005082273661288125,1.0021927290443413,1.0024544601624565,1.0021927290443415,1.0024544601624568,0.0,2.283644911266549e-20
1302,17,5.543253421783447,-11.622447859252654,-11.914336346352966,0.4541233716756981,0.21091116572551105,-0.0005320380202647252,-0.0005153705623695862,1.0019077758492398,1.0022904548684914,1.0019077758492398,1.0022904548684917,0.0,1.598551437886584e-20
1303,17,5.790976047515869,-12.001441175526823,-11.940467795105123,0.8433063624052156,0.4006297247294224,-0.0006390570002567514,-0.0005524764937357358,1.00195592097831,1.002190094701437,1.0019559209783102,1.002190094701437,-1.0820856983677376e-19,-2.127271088582604e-20
1304,16,6.051003932952881,-10.418404275996949,-11.48384873937267,0.8183418053396533,0.5259433489124916,-0.00033693223453735006,-0.00048781321597622006,1.0020565572367313,1.0021500334620252,1.0020565572367313,1.0021500334620252,0.0,-1.4890897620078228e-20
1305,16,6.053272247314453,-8.146808483590101,-10.4827366626379,0.9036948085360968,0.6392687867995732,-8.146559206946945e-05,-0.00036590892880419487,1.0018330683084846,1.002054943915963,1.0018330683084846,1.002054943915963,-1.3527729903097697e-20,-1.4481947304984068e-20
1306,16,5.995547294616699,-8.064974242069615,-9.757407936467413,1.158851528627554,0.7951436093479674,-0.000142857770284006,-0.00029899358124813816,1.0017670776886076,1.0019685840477563,1.0017670776886076,1.0019685840477563,0.0,-1.0137363113488846e-20
1307,16,5.85269021987915,-8.546765958955943,-9.394215343213972,1.3925306678309595,0.9743597268928649,-0.00014476030005393302,-0.0002527235968898766,1.0015768575903228,1.0018510661105262,1.0015768575903228,1.0018510661105262,0.0,-7.096154179442193e-21
1308,16,5.432797908782959,-9.093639346749676,-9.304042544274683,1.957479647826554,1.2692957031729715,-0.00031720832708929193,-0.0002720690159497012,1.0014784663758267,1.0017392861901164,1.0014784663758267,1.0017392861901164,0.0,-4.967307925609535e-21
1309,16,5.773087501525879,-8.827933465411778,-9.161209820615811,2.415634786058687,1.613197428038686,-0.00040828409873253194,-0.00031293354078455043,1.001445259398732,1.001651078152701,1.001445259398732,1.001651078152701,0.0,-3.4771155479266744e-21
1310,16,6.1288371086120605,-7.771380928050371,-8.744261152846178,2.6781562002859043,1.9326850597128513,-0.00038225643588213055,-0.00033373040931382444,1.0014009266624573,1.001576032705628,1.0014009266624573,1.001576032705628,0.0,-2.433980883548672e-21
1311,16,5.957706928253174,-7.302004731278117,-8.311584226375759,2.823961720735082,2.2000680580195207,-0.0003398410114533468,-0.00033556358995568114,1.0013132198842583,1.001497188859217,1.0013132198842583,1.001497188859217,0.0,-1.7037866184840704e-21
1312,16,5.67437744140625,-6.840708358904752,-7.870321466134457,2.859821032537612,2.3979939503749477,-0.00023858044723276393,-0.000306468647138806,1.001181324722992,1.0014024296183495,1.001181324722992,1.0014024296183495,0.0,-1.1926506329388493e-21
1313,16,5.205543518066406,-7.166268293719742,-7.659105514410042,3.208161952124922,2.6410443508999397,-0.00028549301168832647,-0.0003001759565036621,1.0011311747844411,1.0013210531681769,1.0011311747844411,1.0013210531681769,0.0,-8.348554430571944e-22
1314,16,5.885866641998291,-6.976844935088901,-7.454427340613699,3.5496856398697574,2.9136367375908847,-0.00032158903771707144,-0.0003065998808676849,1.001172338950088,1.0012764389027502,1.001172338950088,1.0012764389027502,-5.414663042041735e-20,-1.682838793626524e-20
1315,16,5.851768970489502,-6.2431777992199295,-7.091052478195568,3.6647834634568994,3.1389807553506888,-0.0002658249160737819,-0.000294367391429514,1.0010816404767346,1.0012179993749455,1.0010816404767346,1.0012179993749455,0.0,-1.1779871555385667e-20
1316,16,5.8269853591918945,-5.707618004979131,-6.676022136230636,3.8689602696052465,3.357974609627056,-0.00023426692087418022,-0.00027633725026291383,1.0010741684073776,1.001174850084675,1.0010741684073776,1.001174850084675,0.0,-8.245910088769966e-21
1317,16,5.643778324127197,-5.288085007562965,-6.259640997630335,3.9733602366857332,3.542590297744659,-0.0001709546868689593,-0.00024472248124472745,1.0009692088974815,1.001113157728517,1.0009692088974815,1.001113157728517,-2.7078809289241273e-20,-1.3895779848911357e-20
1318,16,5.488987445831299,-5.677693579011603,-6.085056772044714,4.3199498879522045,3.7757981748069227,-0.00020842616288957273,-0.00023383358573818102,1.0010528797650453,1.0010950743394755,1.0010528797650453,1.0010950743394755,0.0,-9.727045894237949e-21
1319,16,5.827439785003662,-5.571030649081098,-5.930848935155629,4.678450330150814,4.04659382141009,-0.00017170973946230276,-0.00021519643185541755,1.0010455403395413,1.0010802141394952,1.0010455403395413,1.0010802141394952,-2.7076744483516643e-20,-1.4931955471021556e-20
1320,16,5.838523864746094,-6.066277621406146,-5.971477541030783,5.4484064102671566,4.467137598067209,-0.00019971514620146786,-0.00021055204615923263,1.0010317787522847,1.001065683523332,1.0010317787522847,1.001065683523332,0.0,-1.0452368829715089e-20
1321,16,5.928761959075928,-6.55819927802986,-6.147494062130506,5.988313695145619,4.923490427190732,-0.0003245702493463061,-0.00024475750711535466,1.0011437897778859,1.0010891153996981,1.0011437897778859,1.0010891153996981,0.0,-7.316658180800562e-21
1322,16,5.89115571975708,-5.790309712001238,-6.040338757091725,5.892597422477503,5.214222525776763,-0.0001434096018457841,-0.00021435313553448346,1.0012282893477231,1.0011308675841057,1.0012282893477231,1.0011308675841057,0.0,-5.1216607265603936e-21
1323,16,5.948850631713867,-5.762822643417046,-5.95708392298932,6.203168435954594,5.510906298830112,-0.00014740217179597738,-0.00019426784641293163,1.0012183911886101,1.0011571246654571,1.0012183911886101,1.0011571246654571,2.7072069940664467e-20,4.5364584736070645e-21
1324,16,6.201584339141846,-6.815593451916747,-6.214636781667548,6.978654834177623,5.951230859434365,-0.00032081697682830615,-0.00023223258553754398,1.0010844696418282,1.0011353281583684,1.0010844696418282,1.0011353281583684,0.0,3.175520931524945e-21
1325,16,5.941425323486328,-7.109800658130917,-6.483185944606559,6.984808383929994,6.261304116783053,-0.00031060773095333694,-0.0002557451291622819,1.001314526936004,1.001189087791659,1.001314526936004,1.001189087791659,0.0,2.2228646520674613e-21
1326,16,6.1156840324401855,-6.103531205504357,-6.3692895228758974,6.978391800544375,6.4764304219114495,-0.00016017936823360362,-0.0002270754008836784,1.001410955585588,1.0012556481298376,1.001410955585588,1.0012556481298376,0.0,1.5560052564472228e-21
1327,16,6.131828784942627,-6.057924063757591,-6.275879885140405,7.289801177349598,6.720441648542894,-6.416536997174658e-05,-0.00017820239161009884,1.0012281617416348,1.0012474022133766,1.0012281617416345,1.0012474022133766,0.0,1.0892036795130558e-21
1328,16,6.282548904418945,-7.726602457135666,-6.711096656738983,7.607829961602764,6.986658142460854,-0.00020884792550189904,-0.0001873960517776389,1.0014497879426407,1.001308117932156,1.0014497879426407,1.001308117932156,0.0,7.62442575659139e-22
1329,17,6.609358787536621,-7.928204723387857,-7.076229076733645,7.673372332027703,7.192672399330908,-0.00018899206786219516,-0.00018787485660300577,1.00160794316219,1.001398065501166,1.0016079431621898,1.001398065501166,2.7061540892501193e-20,8.652172070711754e-21
1330,17,6.311765193939209,-6.883625470098779,-7.018447994743184,7.75441109002897,7.361194006540327,-0.00011920799104499379,-0.00016727479693560217,1.0015841006030648,1.0014538760317355,1.0015841006030648,1.0014538760317355,0.0,6.056520449498227e-21
1331,17,6.13187837600708,-6.8301221889875,-6.961950253016479,7.84690603704011,7.506907615690261,-0.00012088845790073347,-0.00015335889522514155,1.0015599580240786,1.0014857006294384,1.0015599580240784,1.0014857006294384,0.0,4.239564314648759e-21
1332,17,6.0633416175842285,-7.664847549284096,-7.172819441896763,8.20753507635101,7.717095853888486,-0.00016076520617761653,-0.00015558078851088405,1.0014379422532902,1.0014713731165938,1.0014379422532902,1.0014713731165938,0.0,2.9676950202541307e-21
1333,17,5.855634689331055,-8.063956329930143,-7.440160508306777,8.263844972438758,7.881120589453567,-0.0002044048910270324,-0.00017022801926572855,1.0014775771805482,1.0014732343357802,1.0014775771805484,1.0014732343357802,2.70650635917843e-20,1.0196905591713182e-20
1334,17,6.1378254890441895,-7.74607234220074,-7.531934058474965,8.216280776969814,7.9816686457084405,-0.00025917586126131476,-0.00019691237186440438,1.0016124541979996,1.001515000294446,1.0016124541979994,1.001515000294446,5.412283802689112e-20,2.3374685322266562e-20
1335,17,5.990318775177002,-7.247959402889367,-7.446741661799285,8.13111740778401,8.02650327433111,-0.00015659353515719418,-0.00018481672085224132,1.0014726972216539,1.0015023093726083,1.0014726972216539,1.0015023093726083,2.706519547395959e-20,2.4481838367774468e-20
1336,17,6.377285480499268,-7.3799489002051395,-7.4267038333210404,8.066429491540239,8.038481139493848,-0.00012247540876600174,-0.00016611432722636946,1.0012170924400758,1.0014167442928485,1.0012170924400756,1.0014167442928485,0.0,1.7137286857442126e-20
1337,16,6.146146297454834,-7.955115791110766,-7.585227420657958,7.981896472812224,8.02150573948936,-0.0003401419921324675,-0.00021832262669819886,1.0013235367634388,1.0013887820340255,1.0013235367634388,1.0013887820340255,0.0,1.1996100800209487e-20
1338,16,6.181434154510498,-7.071407084660582,-7.431081319858745,7.369607768155634,7.825936348089241,-0.000256571667243663,-0.0002297973388618381,1.0012828472129855,1.0013570015877133,1.0012828472129858,1.0013570015877136,0.0,8.39727056014664e-21
1339,16,5.911632537841797,-6.259747916002532,-7.07968129870188,6.9349640636252925,7.558644662750057,-0.00015758149626978214,-0.00020813258608422128,1.0011336643377737,1.0012900004127314,1.0011336643377737,1.0012900004127316,2.707436107451942e-20,1.4000397714458472e-20
1340,16,5.898963451385498,-5.294599940488528,-6.544156891237874,6.618493227001554,7.2765992320255055,-0.00011083023921641376,-0.00017894188202387902,1.0008924861852622,1.0011707461444905,1.0008924861852622,1.0011707461444908,-1.3540442498196829e-20,5.738145650661882e-21
1341,16,5.830824851989746,-5.066695533456159,-6.100918483903359,6.314938156580777,6.988100909392086,-0.00012060727604839552,-0.00016144150023123395,1.0008707267586205,1.0010807403287294,1.0008707267586205,1.0010807403287296,0.0,4.016701955463317e-21
1342,16,5.837948322296143,-4.856142676438285,-5.727485741663837,6.1091866038168385,6.724426617719512,-0.00011883007257014644,-0.00014865807193290768,1.000710856813023,1.0009697752740174,1.000710856813023,1.0009697752740174,-1.3542900093269416e-20,-1.2511786591565035e-21
1343,16,6.159343719482422,-4.318823637903639,-5.304887110535777,6.250838018594196,6.582350037981917,-2.66312774295525e-05,-0.00011205003358190112,1.000365282053804,1.0007884273079533,1.000365282053804,1.0007884273079533,0.0,-8.758250614095524e-22
1344,16,6.167545318603516,-5.807346217152621,-5.45562484252083,6.357467993438961,6.51488542461903,-0.0002082370511041143,-0.00014090613883856507,1.0004073756191787,1.000674111801321,1.0004073756191787,1.000674111801321,2.709401687023906e-20,7.51512751808503e-21
1345,16,6.070744037628174,-5.859800792815496,-5.57687762760923,6.376534762920219,6.473380226109386,-0.00025935849603029887,-0.0001764418459960852,1.000444666716431,1.0006052782758539,1.0004446667164313,1.000605278275854,-5.4186013907394523e-20,-1.0995214909558836e-20
1346,16,5.664465427398682,-4.227196520287681,-5.171973295412765,6.318013535844385,6.426770219029885,-4.498616517425043e-05,-0.00013700514174953477,1.0000315329467626,1.0004331546771263,1.0000315329467626,1.0004331546771266,-6.776049909213355e-21,-9.72946540945519e-21
1347,16,5.634612083435059,-4.569076037416807,-4.991104118013977,6.383608922284813,6.413821830006363,-0.00017031637008652298,-0.00014699851025063123,0.9999798165059643,1.0002971532257776,0.9999798165059645,1.0002971532257778,0.0,-6.810625786618633e-21
1348,16,5.807530403137207,-4.471444574396074,-4.835206254928606,6.4593143250073055,6.427469578506646,-0.00022365629391365288,-0.0001699958453495377,0.999833249861024,1.0001579822163515,0.999833249861024,1.0001579822163515,-2.710957483750935e-20,-1.2900310501885847e-20
1349,16,5.989749431610107,-4.297921054513244,-4.674020694803997,6.237813470891422,6.370572746222078,-0.00016900227184659194,-0.00016969777329865396,0.9997325416531595,1.000030350047394,0.9997325416531594,1.000030350047394,0.0,-9.030217351320092e-21
1350,16,5.489823818206787,-4.18447820682823,-4.527157948411267,6.294810676331376,6.347844125254867,-0.00017563139159126672,-0.00017147785878643778,0.9996295840071969,0.9999101202353349,0.9996295840071968,0.9999101202353348,-2.7115098178149226e-20,-1.4455681599368832e-20
1351,16,5.273223400115967,-4.0460223828030335,-4.382817278728797,6.376850101964647,6.356545918267801,-0.0002247337416141314,-0.00018745462363474585,0.9995204286178015,0.9997932127500748,0.9995204286178015,0.9997932127500748,0.0,-1.0118977119558183e-20
1352,16,5.526272773742676,-3.643188129881982,-4.160928534074753,6.573300705626518,6.4215723544754155,-0.0001360048458360792,-0.00017201969029514584,0.9991345033766933,0.9995955999380604,0.9991345033766933,0.9995955999380604,2.7128533966681037e-20,1.0552762063135835e-21
1353,16,5.28728723526001,-4.037295617922547,-4.123838659229091,6.627566837193757,6.4833706992909175,-0.0002279629331789763,-0.00018880266316029497,0.9992221924428217,0.9994835776894887,0.9992221924428217,0.9994835776894887,0.0,7.386933444195084e-22
1354,16,5.491123199462891,-3.7252599976867766,-4.0042650607663965,6.733081053717655,6.558283805618938,-0.00025610274626665006,-0.00020899268809220146,0.9992055844530013,0.9994001797185424,0.9992055844530012,0.9994001797185424,0.0,5.170853410936558e-22
1355,16,5.748172760009766,-2.4025500865254883,-3.523750568494124,6.937667308793142,6.672098856571199,-0.00016059266467347217,-0.00019447268106658267,0.9990504342613917,0.9992952560813972,0.9990504342613917,0.9992952560813972,0.0,3.619597387655591e-22
1356,16,5.932893753051758,-1.712089991875251,-2.9802523955084617,7.363154682351977,6.879415604305432,-8.239526388865808e-05,-0.0001608494559132053,0.9988820251660688,0.9991712868067988,0.9988820251660687,0.9991712868067987,0.0,2.5337181713589135e-22
1357,16,5.557368278503418,-1.7392417553921014,-2.607949203473553,7.864244964907786,7.174864412486138,-0.00010773897394761626,-0.00014491631132352857,0.9988611448942679,0.9990782442330395,0.9988611448942678,0.9990782442330394,-1.356797911836222e-20,-3.893033463513542e-21
1358,16,5.708734512329102,-1.6336393899908337,-2.3156562594287373,8.516525819319774,7.577362834536228,-0.00012686314643468483,-0.00013950036185687544,0.9986086983917485,0.9989373804806521,0.9986086983917484,0.9989373804806521,-2.7142818158694284e-20,-1.0867968872067763e-20
1359,16,5.922727108001709,-2.1782549899948425,-2.2744358785985686,9.058718079071983,8.021769407896954,-0.00024736616583148456,-0.00017186010304925817,0.9986431991401796,0.9988491260785102,0.9986431991401796,0.9988491260785102,5.428376087770838e-20,8.677550052865079e-21
1360,16,5.841309547424316,-1.8635597609268022,-2.151173043297039,9.16632448726377,8.365135931706998,-0.00023943263071820906,-0.00019213186134994342,0.9987767147269643,0.9988274026730464,0.9987767147269644,0.9988274026730464,2.7138252136311886e-20,1.421576067789912e-20
1361,16,5.95270299911499,-0.20117831992277888,-1.566174626284761,9.393250701511583,8.673570362648373,-6.960359110013671e-05,-0.0001553733802750014,0.9985803444153126,0.9987532851957261,0.9985803444153127,0.9987532851957261,0.0,9.951032474529383e-21
1362,16,5.920117378234863,-0.09273329336364348,-1.1241422264084255,9.558064266515569,8.93891853380853,-0.00010220890475793999,-0.00013942403761988296,0.9985202007173963,0.9986833598522271,0.9985202007173963,0.9986833598522271,0.0,6.965722732170568e-21
1363,16,6.415194511413574,0.03054232111190952,-0.7777368621523251,9.981025604611002,9.251550655049272,-3.491088191724132e-05,-0.00010807009090909045,0.9981502339130244,0.9985234220704663,0.9981502339130243,0.9985234220704662,0.0,4.876005912519397e-21
1364,16,6.037241458892822,-1.2822469693303358,-0.9290898943057282,10.519635497451958,9.631976107770077,-0.00025087243797077636,-0.00015091079502759622,0.998299525772956,0.9984562531812131,0.998299525772956,0.9984562531812131,0.0,3.4132041387635775e-21
1365,16,5.574231147766113,-0.6678046447891229,-0.8507043194507465,10.692121928347918,9.950019853943429,-0.0002070906692621119,-0.00016776475729795093,0.9982731116160681,0.9984013107116696,0.9982731116160681,0.9984013107116696,2.715194268656422e-20,1.0534825703103769e-20
1366,16,5.407501220703125,-0.3540322468654946,-0.701702697675171,10.89821534409464,10.234478500988793,-0.0001318624377973861,-0.00015699406144778147,0.9980969160632578,0.9983099923171461,0.9980969160632579,0.9983099923171461,0.0,7.374377992172638e-21
1367,16,5.479014873504639,-1.5583552693851908,-0.9586984691881768,11.367609871443257,10.574417912125131,-0.0002656940768317839,-0.0001896040660629822,0.9980524059113263,0.9982327163954001,0.9980524059113262,0.9982327163954,5.431589393823036e-20,2.1456832775989955e-20
1368,16,6.295375823974609,-1.4630299252186136,-1.1099979059973077,11.356551694792472,10.809058046925333,-0.0002535196889805004,-0.00020877875293823765,0.9982207629830059,0.9982291303716817,0.9982207629830058,0.9982291303716817,0.0,1.5019782943192967e-20
1369,16,6.221622943878174,-0.22425813638675876,-0.844275975114143,11.438563136488117,10.997909573794168,-0.00010836216557404776,-0.00017865377672898067,0.9981633022396449,0.9982093819320706,0.9981633022396449,0.9982093819320706,0.0,1.0513848060235076e-20
1370,16,6.097162246704102,0.2945107950904223,-0.5026399440527733,11.41647987377818,11.12348066378937,2.384777563194341e-05,-0.00011790331102070345,0.9980361788773104,0.9981574210156425,0.9980361788773104,0.9981574210156425,0.0,7.359693642164553e-21
1371,16,6.212809085845947,-0.025507161422727635,-0.3595001092637596,12.050997095993944,11.401735593450741,-2.0948212289685905e-05,-8.881678140139819e-05,0.997712318461673,0.9980238902494516,0.9977123184616729,0.9980238902494516,0.0,5.151785549515187e-21
1372,16,6.067876815795898,-1.5177036270778423,-0.7069611646079843,12.197359394959044,11.64042273390323,-0.00019735708411835776,-0.00012137887221648605,0.9979591028289123,0.9980044540232897,0.9979591028289124,0.9980044540232897,0.0,3.6062498846606306e-21
1373,16,5.936077117919922,-1.5157239263369993,-0.9495899931266887,12.190346485473688,11.805399859374367,-0.0002801465053576454,-0.00016900916215883385,0.9981268420988292,0.9980411704459515,0.9981268420988292,0.9980411704459515,5.431184328264726e-20,1.881792790405662e-20
1374,16,5.859490871429443,-0.33675748483915896,-0.7657402406404297,12.080096488166507,11.887808848012009,-0.00011217165052794573,-0.00015195790866956741,0.9979572925446162,0.9980160070755508,0.9979572925446161,0.9980160070755508,0.0,1.3172549532839634e-20
1375,16,5.794865131378174,-0.07031832700331446,-0.5571136665492951,11.930979167743306,11.900759943931396,-2.057466548315599e-05,-0.00011254293571364399,0.9978975084549825,0.9979804574893802,0.9978975084549825,0.9979804574893802,3.3952703161499555e-21,1.0239365767832729e-20
1376,16,6.091182708740234,-0.7263445202112752,-0.607882922647889,12.003066817927426,11.931452006130204,6.323399688520914e-05,-5.9809855933988043e-05,0.9976808814156262,0.997890584667254,0.9976808814156262,0.997890584667254,1.3584030132800478e-20,1.1242765077323054e-20
1377,16,5.857889652252197,-2.0650958393548766,-1.0450467976599853,12.124160677802344,11.989264607631846,-0.00010226914509036909,-7.254764268090235e-05,0.9978729097591422,0.9978852821948204,0.9978729097591422,0.9978852821948204,-1.3581416053613474e-20,3.7955107380420944e-21
1378,16,5.901338577270508,-2.2752883634758496,-1.4141192674047445,12.147193853430204,12.036643381371352,-0.00020628497122899024,-0.0001126688412453287,0.998065142154725,0.9979392401827917,0.9980651421547251,0.9979392401827918,2.715760040834654e-20,1.0804137639133429e-20
1379,17,6.568027973175049,-0.9442816199469255,-1.2731679731673986,12.348955207716262,12.130336929274824,1.4213126294147625e-05,-7.460425098348579e-05,0.9977469395575332,0.9978815499952141,0.9977469395575332,0.9978815499952141,-1.6978913463366385e-21,7.053528943492409e-21
1380,17,6.791581153869629,-1.6809949427800666,-1.3955160640511988,12.839053316725034,12.342951845509887,-3.554964217777332e-05,-6.288786834177205e-05,0.9976127493744062,0.9978009098089716,0.9976127493744061,0.9978009098089716,0.0,4.937470260444686e-21
1381,17,6.445095539093018,-2.6714479022839663,-1.7782956155210288,12.832739312218857,12.489888085522576,-0.00014819243032983669,-8.847923693819143e-05,0.9978299471031505,0.9978096209972253,0.9978299471031505,0.9978096209972253,-2.7164001632570394e-20,-4.6929713074598375e-21
1382,17,5.897529125213623,-2.132632721526228,-1.8845967473225884,12.918305142796545,12.618413202704765,-0.00011185091361036426,-9.549073993984328e-05,0.9979197368618926,0.9978426557566253,0.9979197368618926,0.9978426557566253,0.0,-3.285079915221886e-21
1383,17,5.980364799499512,-0.667331797837764,-1.519417262477141,12.883222498887834,12.697855991559685,7.787415240821473e-05,-4.348127223542588e-05,0.9976705541084041,0.9977910252621589,0.9976705541084041,0.9977910252621589,1.3584170746805688e-20,1.775695283386386e-21
1384,17,5.689161777496338,-0.8289939708908798,-1.3122902750012624,12.962414433422895,12.777223524118646,0.00011858095222547694,5.137395102844967e-06,0.9976234275140821,0.9977407459377358,0.997623427514082,0.9977407459377358,-1.358481244755803e-20,-2.8324570358969384e-21
1385,17,5.958288669586182,-1.398188256444013,-1.3380596694340876,13.050888230793024,12.859322936120957,6.814176400035194e-05,2.4038705772097058e-05,0.9977270603173124,0.9977366402516087,0.9977270603173125,0.9977366402516088,0.0,-1.9827199251278568e-21
1386,17,6.235049247741699,-1.5432754800360173,-1.3996244126146664,13.120100598090742,12.937556234711892,3.733953391706036e-05,2.8028954215586046e-05,0.99784860588411,0.997770229941359,0.9978486058841101,0.9977702299413591,0.0,-1.3879039475894996e-21
1387,17,6.443923473358154,-0.9921435961270569,-1.2773801676683836,13.147331017177777,13.000488669451656,8.665446363061521e-05,4.561660704009479e-05,0.9978244915938917,0.9977865084371188,0.9978244915938916,0.9977865084371188,0.0,-9.715327633126496e-22
1388,17,6.302522659301758,-0.9656349072737774,-1.1838565895500017,13.210910955247453,13.063615355190393,0.00011810309868834476,6.736255453456978e-05,0.9977247495663999,0.9977679807759031,0.9977247495664,0.9977679807759031,-1.358343286759057e-20,-4.755102794596025e-21
1389,17,6.421220302581787,-1.8764360164185148,-1.3916304176105556,13.331376838470211,13.143943800174338,0.00010396408759201733,7.834301445180404e-05,0.9976058199756893,0.9977193325358389,0.9976058199756892,0.9977193325358389,0.0,-3.3285719562172173e-21
1390,17,6.781894683837891,-2.5676350962378707,-1.74443182119875,13.307878577940597,13.193124233504214,-4.143923159981869e-05,4.240834063631722e-05,0.9978957757615922,0.9977722655035648,0.9978957757615922,0.9977722655035648,6.790552423035133e-21,-2.928346424415124e-22
1391,17,6.317187309265137,-2.287642379729768,-1.9073949887580555,13.253431210476617,13.211216326595935,-8.699095607218288e-05,3.588551623767186e-06,0.9980220807150689,0.997847210067016,0.9980220807150689,0.997847210067016,0.0,-2.0498424970905867e-22
1392,17,6.577561855316162,-1.3516480923758687,-1.7406709198433994,13.05870932002421,13.165464224624415,7.785973161502281e-05,2.586990562114387e-05,0.9978572181491354,0.9978502124916517,0.9978572181491353,0.9978502124916517,1.358162962553557e-20,3.93099991286433e-21
1393,17,6.862549304962158,-1.9857504006718614,-1.8141947640919378,13.03226692881142,13.125505035880515,0.0001875975362789381,7.438819481848214e-05,0.9976576082293208,0.9977924312129525,0.9976576082293208,0.9977924312129525,-2.716869403747108e-20,-5.398908272236294e-21
1394,17,6.725668430328369,-4.144398959431512,-2.5132560226938097,13.13817841228081,13.129307048800602,-0.0001578371943168578,4.720578077880156e-06,0.9982263135597582,0.9979225959169942,0.9982263135597582,0.9979225959169942,0.0,-3.7792357905654055e-21
1395,17,6.702347755432129,-3.301280706426093,-2.749663427813495,12.934319727160096,13.07081085230845,-8.101443256392838e-05,-2.0999925114662403e-05,0.9983440998043255,0.9980490470831935,0.9983440998043255,0.9980490470831935,0.0,-2.6454650533957837e-21
1396,17,6.27191686630249,-2.5628112940905527,-2.693607787696612,12.849114724348738,13.004302013920535,6.011022124025187e-05,3.3331187918118806e-06,0.9982580706694589,0.998111754159073,0.9982580706694589,0.998111754159073,-6.788087947528495e-21,-3.888251921635597e-21
1397,17,6.803133010864258,-2.427225949970971,-2.6136932363789196,12.984791277097527,12.998448792873631,0.00020717171628017024,6.448469803831938e-05,0.9979162552145995,0.998053104475731,0.9979162552145996,0.998053104475731,2.716165226340434e-20,5.426719333876384e-21
1398,17,6.152554035186768,-4.318266971252482,-3.125065356840988,13.101679649688426,13.02941804991807,-2.9518044930570702e-05,3.628387514765235e-05,0.9984500181370216,0.9981721785741181,0.9984500181370215,0.9981721785741181,0.0,3.798703533713469e-21
1399,17,6.531932830810547,-4.682626966993246,-3.5923338398866655,13.307269424545975,13.112773462306441,-0.0001194650489610044,-1.0440802084944674e-05,0.9986727338135991,0.9983223451459624,0.9986727338135991,0.9983223451459624,0.0,2.659092473599428e-21
1400,17,6.458451271057129,-3.616105166482004,-3.5994652378652665,13.308178028019968,13.1713948320205,-2.905138148275593e-05,-1.602397590428805e-05,0.9986605850065713,0.9984238171041451,0.9986605850065714,0.9984238171041451,0.0,1.8613647315195993e-21
1401,17,6.551749229431152,-3.552482240305678,-3.5853703385973894,13.39647142370642,13.238917809526274,-4.970848978479118e-05,-2.6129330068438988e-05,0.9986400370054886,0.9984886830745481,0.9986400370054888,0.9984886830745481,0.0,1.3029553120637195e-21
1402,17,6.616092205047607,-3.7061077857557825,-3.621591572744907,13.369162016390549,13.277991071585555,-9.138697783859792e-05,-4.570662439948666e-05,0.9987496169727965,0.9985669632440225,0.9987496169727965,0.9985669632440225,1.3569494221330893e-20,4.982916984843871e-21
1403,17,6.406460285186768,-3.615602602416108,-3.6197948816462673,13.359000168926038,13.302293800787698,-0.0001440232129731467,-7.520160097158467e-05,0.9987672329782046,0.9986270441642771,0.9987672329782046,0.9986270441642771,0.0,3.4880418893907095e-21
1404,17,6.202720642089844,-3.650971773471532,-3.6291479491938468,13.034074592786133,13.221828038387228,-0.00020624333610775938,-0.00011451412151243708,0.9987490323517301,0.9986636406205129,0.9987490323517301,0.9986636406205129,0.0,2.4416293225734964e-21
1405,17,6.152810573577881,-3.414770974455904,-3.5648348567724635,12.468900261661906,12.995949705369632,-0.00019154283573122032,-0.00013762273577807205,0.9988114413193462,0.9987079808301629,0.9988114413193462,0.9987079808301629,-2.7137308595838775e-20,-6.432052052950184e-21
1406,17,6.212240695953369,-2.990487557776859,-3.392530667073782,11.74733214407361,12.621364436980825,-0.00012917901743045106,-0.00013508962027378575,0.9989122062735872,0.99876924846319,0.9989122062735872,0.99876924846319,-2.7134571128379965e-20,-1.2642807775579117e-20
1407,17,6.005053520202637,-2.262774794815794,-3.0536039053963853,11.331531612352952,12.234414589592463,-3.1015195043631054e-05,-0.00010386729270473933,0.9988328572709038,0.9987883311055041,0.9988328572709038,0.9987883311055041,0.0,-8.849965442905382e-21
1408,16,5.893991470336914,-2.2447850342652433,-2.8109582440570424,11.148642442751626,11.908682945540212,-4.1992842060540356e-05,-8.530495751147963e-05,0.9988543867780916,0.9988081478072803,0.9988543867780916,0.9988081478072803,6.784035458753847e-21,-4.159765172407613e-21
1409,17,5.85941219329834,-1.9505738737215272,-2.5528429329563878,10.92465230111514,11.61347375221269,2.5149140652344795e-05,-5.2168728062332305e-05,0.9988107767155165,0.9988089364797512,0.9988107767155165,0.9988089364797512,0.0,-2.9118356206853287e-21
1410,16,5.877176761627197,-2.3607689072069387,-2.495220725231553,10.784323373335056,11.3647286385494,-6.549309855431496e-05,-5.61660392099271e-05,0.9990356795522894,0.9988769594015126,0.9990356795522893,0.9988769594015126,-1.3565608749972046e-20,-6.1079675594713436e-21
1411,16,5.59759521484375,-1.82627255561094,-2.294536274345369,10.596479043586447,11.134253760060513,-5.091998762011587e-05,-5.459222373298373e-05,0.9990721894385597,0.9989355284126267,0.9990721894385597,0.9989355284126267,0.0,-4.27557729162994e-21
1412,16,5.693999290466309,-1.9477808694048897,-2.1905096528632253,10.425380884759793,10.921591897470297,-0.00014578258171266963,-8.19493311268895e-05,0.9991835423897797,0.9990099326057726,0.9991835423897797,0.9990099326057726,0.0,-2.992904104140958e-21
1413,16,5.829535484313965,-1.230353886182347,-1.9024629228589618,10.038717100834566,10.656729458479576,-0.00013595559638139947,-9.815121070324248e-05,0.9992884726071016,0.9990934946061713,0.9992884726071016,0.9990934946061713,0.0,-2.0950328728986704e-21
1414,16,5.921797752380371,0.23911518298851636,-1.2599894911047183,9.702805630191069,10.370552309993023,1.3891074402131806e-05,-6.45385251716302e-05,0.9992614909460025,0.9991438935081205,0.9992614909460025,0.9991438935081205,-1.6953179021287267e-21,-1.9751183816676873e-21
1415,16,6.199269771575928,0.6798629364518317,-0.6780337628377532,9.424202873294814,10.08664747898356,0.00011135304988192905,-1.1771052655562419e-05,0.9991272178505795,0.9991388908108582,0.9991272178505796,0.9991388908108582,-1.3564365892487976e-20,-5.451892634913774e-21
1416,16,5.761371612548828,-0.3771443455761689,-0.5877669376592779,9.467059433368227,9.90077106529896,4.840572931986406e-05,6.281981937065524e-06,0.9989558005137789,0.9990839637217344,0.998955800513779,0.9990839637217344,0.0,-3.816324844439642e-21
1417,16,5.855960845947266,-1.969467106670645,-1.0022769883626879,9.39268591276631,9.748345519539164,-0.0001856443633545334,-5.1295921650414146e-05,0.9993690816320259,0.9991694990948218,0.9993690816320259,0.9991694990948218,0.0,-2.671427391107749e-21
1418,16,6.42270040512085,-1.4236157638553455,-1.128678621010485,9.119593779014217,9.55971999738168,-0.00023098380702105521,-0.00010520228726160647,0.9997649246751068,0.9993481267689073,0.9997649246751068,0.9993481267689073,-2.7111427539774844e-20,-1.0003427435707877e-20
1419,16,6.344909191131592,0.3224754215069647,-0.6933324082552501,9.030930879203014,9.401083261928079,9.526848441773849e-05,-4.506105575780298e-05,0.999377820970992,0.9993570350295327,0.9993778209709921,0.9993570350295327,0.0,-7.002399204995513e-21
1420,16,6.49301815032959,-0.5170021098218023,-0.6404333187252157,9.268061198682835,9.361176642954506,7.545369762538324e-05,-8.906629742847112e-06,0.9992570712867598,0.9993270459067007,0.9992570712867598,0.9993270459067007,1.3562603203414907e-20,-8.328984824723864e-22
1421,16,5.950808048248291,-1.7936576953369434,-0.9864006317087339,9.131833709426388,9.29237376289607,-7.790579875516006e-05,-2.9606380446540994e-05,0.9997496071292621,0.999453814273469,0.9997496071292621,0.999453814273469,0.0,-5.830289377306704e-22
1422,16,5.302342891693115,-1.0769115711218076,-1.013553913532656,8.98310843369476,9.199594164135675,1.3850021790144358e-06,-2.0308965658874365e-05,1.0000004991457057,0.99961781973514,1.0000004991457057,0.99961781973514,0.0,-4.081202564114692e-22
1423,16,5.385250568389893,-0.48483169523909553,-0.8549372480445877,9.045195590982363,9.15327459218968,9.551825760924358e-05,1.4439201321561018e-05,0.9997950382528945,0.9996709852904663,0.9997950382528945,0.9996709852904663,0.0,-2.856841794880284e-22
1424,16,5.364070415496826,-1.464038699253766,-1.037667683407341,9.096354871134883,9.13619867587324,7.272390895552207e-05,3.192461361174933e-05,0.9998080108746171,0.9997120929657115,0.9998080108746171,0.9997120929657115,0.0,-1.9997892564161989e-22
1425,16,5.546609878540039,-2.4650150147623426,-1.4658718828138415,8.919008624923178,9.071041660588222,-3.666219642634367e-05,1.1348570600321428e-05,1.0000937217870498,0.9998265816121129,1.00009372178705,0.999826581612113,0.0,-1.3998524794913392e-22
1426,16,5.642025470733643,-2.5531140096750624,-1.7920445208722078,8.806132987691523,8.991569058719211,-0.0001171624943673637,-2.720474888998411e-05,1.0003351779333134,0.9999791605084731,1.0003351779333134,0.9999791605084731,-1.3547986170063764e-20,-4.162385524583523e-21
1427,16,5.726245880126953,-1.2840841960306242,-1.6396564234197326,8.43226812867544,8.82377877970608,0.00017052886859973056,3.211533635693029e-05,1.000314665166016,1.000079811905736,1.000314665166016,1.000079811905736,2.709652797866275e-20,5.215288526390358e-21
1428,16,5.786353588104248,-0.9987019353191248,-1.4473700769895501,8.596024391625681,8.75545246328196,0.00028620823893837444,0.00010834320713136352,1.0000536614286875,1.0000719667626212,1.0000536614286875,1.0000719667626212,5.4207199788489423e-20,1.9912861905020078e-20
1429,16,6.303320407867432,-2.60784315313459,-1.795511999833062,8.94386218136498,8.811975378706865,0.00010638546883981871,0.00010775588564390008,1.0001422078288922,1.0000930390825025,1.0001422078288922,1.0000930390825025,-1.3550600154640627e-20,9.873823287121866e-21
1430,16,6.16641092300415,-3.1916278754893717,-2.2143467625299547,8.929806044830782,8.84732457854404,3.228443809060343e-06,7.639765309344816e-05,1.0003446382241556,1.0001685188249985,1.0003446382241559,1.0001685188249985,0.0,6.911676300985307e-21
1431,16,5.733455657958984,-2.7114530122019547,-2.3634786374315544,8.612814156993734,8.776971452078948,-3.585002631101454e-05,4.272334927210934e-05,1.0005516581482181,1.0002834606219642,1.000551658148218,1.0002834606219642,0.0,4.8381734106897146e-21
1432,16,5.996517181396484,-2.0889964789356736,-2.28113398988279,8.200821674634437,8.604126518845593,3.537869879854675e-05,4.0519954130040556e-05,1.0006732487636372,1.0004003970644662,1.0006732487636372,1.0004003970644662,0.0,3.3867213874828e-21
1433,16,6.100887298583984,-1.006557298775677,-1.8987609825506562,8.098191359513871,8.452345971046075,0.00016976762601855942,7.929425569659621e-05,1.0003167687919943,1.0003753085827245,1.0003167687919943,1.0003753085827245,0.0,2.37070497123796e-21
1434,16,5.886725425720215,-1.4106719600084008,-1.7523342757879794,8.064357275952132,8.33594936251789,0.0001183322014811559,9.100563943196411e-05,1.0004214587415354,1.0003891536303677,1.0004214587415354,1.0003891536303677,-1.3546817731315955e-20,-2.4045518395282143e-21
1435,16,6.024477005004883,-1.5502456073097397,-1.6917076752445075,8.209635806748034,8.298055295786932,-3.4316682344093054e-05,5.340894289914696e-05,1.0004303873022953,1.000401523731946,1.0004303873022953,1.000401523731946,-6.7733484148826156e-21,-3.715190812134534e-21
1436,16,5.996696472167969,-1.3471201492705436,-1.5883314174523182,8.14389687253844,8.251807768812384,-3.951312806987319e-06,3.6200866187306674e-05,1.0003215808972443,1.0003775408815354,1.0003215808972445,1.0003775408815354,0.0,-2.600633568494174e-21
1437,16,5.886066913604736,-1.905582484425185,-1.6835067375441781,8.158655403385595,8.223862059184347,-5.444324402406982e-05,9.007633123893726e-06,1.0002839111502229,1.0003494519621416,1.0002839111502229,1.0003494519621416,0.0,-1.8204434979459216e-21
1438,16,5.97024393081665,-1.8229915233405147,-1.725352173283079,8.113397541381065,8.190722703843361,-0.00013120997950068794,-3.3057650663480776e-05,1.000463342147523,1.000383619017756,1.0004633421475229,1.000383619017756,-2.7092501214443144e-20,-9.402060812895089e-21
1439,16,6.044630527496338,-0.05678953917170241,-1.224783383049666,7.868329865674736,8.094004852392773,6.85962395798237e-05,-2.5614835904894283e-06,1.0002727533522722,1.0003503593181107,1.0002727533522722,1.0003503593181107,1.3548831666812312e-20,-2.5167930689828686e-21
1440,16,5.660521507263184,0.27570176004133956,-0.7746378401223643,7.745348022184545,7.989407803330304,0.00013012964480675786,3.724585492868476e-05,1.0002029012244944,1.0003061218900258,1.0002029012244946,1.0003061218900258,-2.7099555779086775e-20,-9.89162188201404e-21
1441,16,5.5170183181762695,0.3617421274330208,-0.43372384985574863,7.754413046606174,7.918909376313065,9.947847304865141e-05,5.591564036467475e-05,1.0001459697972417,1.0002580762621904,1.000145969797242,1.0002580762621904,-1.3550549185151732e-20,-1.0989300072955347e-20
1442,16,5.328340530395508,0.6517545428247408,-0.10808033205160181,7.7048356072254505,7.85468724558678,0.00016578934394633006,8.887775143917134e-05,0.9999386326767005,1.0001622431865433,0.9999386326767005,1.0001622431865433,0.0,-7.692510051068743e-21
1443,16,5.736958026885986,0.3542900133707054,0.030630771575090365,7.780046427077854,7.832295000034103,0.00013510596552524401,0.00010274621566499313,0.9998018804230995,1.00005413435751,0.9998018804230995,1.00005413435751,-2.711042541815105e-20,-1.3517884661193435e-20
1444,16,5.506199359893799,-1.0421137037853685,-0.29119257103304724,7.867056773590343,7.842723532100974,-4.586419158293316e-05,5.816309349061524e-05,0.9999558793682319,1.0000246578607266,0.9999558793682318,1.0000246578607266,0.0,-9.462519262835404e-21
1445,16,5.942263126373291,-1.1009561339132736,-0.5341216398971151,7.92001808322778,7.865911897439016,-3.444647552383411e-05,3.0380222786280435e-05,0.9998323340555607,0.9999669607191768,0.9998323340555606,0.9999669607191768,-6.777399917192362e-21,-8.656983459142491e-21
1446,16,6.015667915344238,-1.321803191761216,-0.7704261054563454,7.937456594532752,7.887375306567137,-9.970837660529249e-05,-8.646357031191441e-06,0.9998471892178604,0.9999310292687817,0.9998471892178604,0.9999310292687817,0.0,-6.059888421399744e-21
1447,16,5.979480743408203,-1.0137681441596305,-0.8434287170673309,7.644196247034959,7.814421588707482,1.6728929125454705e-05,-1.0337711841975965e-06,0.9998158406196763,0.99989647267405,0.9998158406196763,0.99989647267405,0.0,-4.24192189497982e-21
1448,16,5.569451332092285,-0.9445794989454788,-0.8737739516307752,7.846173597948546,7.8239471914798004,-4.7465856985875054e-06,-2.147615538514569e-06,0.9995586579641944,0.9997951282610933,0.9995586579641944,0.9997951282610933,-8.47406943559927e-22,-3.223567409553852e-21
1449,16,5.253445148468018,-1.3788212480190003,-1.0252881405472427,7.666998782359439,7.776862668743692,-7.602116143757828e-05,-2.430967930823368e-05,0.9996869145169806,0.9997626641378594,0.9996869145169806,0.9997626641378594,0.0,-2.2564971866876965e-21
1450,16,5.4248785972595215,-0.9171167440438109,-0.9928367215962131,7.4060835187214025,7.665628923737005,-5.298383863281647e-05,-3.291192710560852e-05,0.999657267606194,0.9997310451783598,0.999657267606194,0.9997310451783598,0.0,-1.5795480306813875e-21
1451,16,5.326993942260742,-0.5227290855074365,-0.85180443076958,7.305646228720566,7.557634115232073,1.8797325044900443e-05,-1.739915146045583e-05,0.9996043689823328,0.9996930423195516,0.999604368982333,0.9996930423195516,-3.3894727695783845e-21,-2.1225254523504864e-21
1452,16,5.129114627838135,-0.4813101574068921,-0.7406561487607736,7.2421898435856855,7.463000833738156,6.49577950316345e-05,7.30793248717127e-06,0.9996191846543883,0.9996708850200026,0.9996191846543883,0.9996708850200026,0.0,-1.4857678166453404e-21
1453,16,5.254139423370361,0.062479721853072746,-0.49971538757661965,7.28573638048567,7.40982149776241,0.00013333143853272634,4.5114984300837785e-05,0.9995092999847994,0.9996224095094415,0.9995092999847994,0.9996224095094415,-2.7118361292436023e-20,-9.175545859382545e-21
1454,16,5.152072429656982,0.2164323105363524,-0.28487107814272805,7.303389941306348,7.377892030825591,0.00012782566160112488,6.992818749092391e-05,0.9994985108097496,0.999585239899534,0.9994985108097495,0.9995852398995339,0.0,-6.422882101567781e-21
1455,16,5.291380882263184,0.440259702049486,-0.06733184408506382,7.373276770860344,7.376507452836016,0.00014783254205693618,9.329949386072758e-05,0.9993570021883755,0.9995167685861863,0.9993570021883755,0.9995167685861863,2.712249401643598e-20,3.640730733833346e-21
1456,16,5.612534046173096,0.06992154954768762,-0.02615582599523839,7.473529133263129,7.4056139569641495,-6.713215505445596e-07,6.510824923734593e-05,0.9993463566245137,0.9994656449976844,0.9993463566245137,0.9994656449976844,-1.0594837085754216e-22,2.5167270024260797e-21
1457,16,6.235118389129639,0.2995624701652718,0.07155966285291468,6.995856803369941,7.282686810885886,-3.3494091679984915e-05,3.552754696214667e-05,0.9997158389445184,0.9995407031817345,0.9997158389445184,0.9995407031817345,0.0,1.761708901698256e-21
1458,16,5.975410461425781,2.5274841164151036,0.8083369989215714,6.774243543554384,7.130153830686435,0.0002001002233586956,8.489934988111135e-05,0.9992209345822051,0.9994447726018756,0.999220934582205,0.9994447726018756,0.0,1.233196231188779e-21
1459,16,5.785046577453613,2.70328115405965,1.3768202454629948,6.849798871732267,7.046047343000184,0.00027167518442872514,0.00014093210024539548,0.9987107296740487,0.9992245597235274,0.9987107296740487,0.9992245597235274,0.0,8.632373618321453e-22
1460,16,5.965855121612549,0.6302354351509319,1.1528448023693758,6.791392014785645,6.969650744535823,-3.4136710061162245e-05,8.841145715342815e-05,0.999155868333534,0.9992039523065293,0.999155868333534,0.9992039523065293,-6.781988469262915e-21,-1.4303303874963726e-21
1461,16,5.652472019195557,0.31335996523524995,0.900999351229138,6.710625907783654,6.891943293510172,-0.00012485241317466574,2.4432296054999993e-05,0.9993970867887086,0.9992618926511829,0.9993970867887088,0.9992618926511829,0.0,-1.0012312712474608e-21
1462,16,5.452466011047363,1.907744954653182,1.203023032256351,6.568872652505834,6.79502210120887,9.14260292449327e-06,1.9845388115847973e-05,0.9992457306989316,0.9992570440655075,0.9992457306989317,0.9992570440655075,0.0,-7.008618898732225e-22
1463,16,5.711691379547119,2.9482870501711065,1.7266022376307775,6.186319406392646,6.612411292764002,0.0002874261834533506,0.00010011962671709877,0.9990028409556696,0.9991807831325561,0.9990028409556696,0.9991807831325561,0.0,-4.9060332291125575e-22
1464,16,5.8377685546875,1.9142079844179767,1.7828839616669372,6.295887660229512,6.517454203003655,0.00016763669708887667,0.00012037474782863213,0.9990211520517134,0.9991328938083033,0.9990211520517134,0.9991328938083033,0.0,-3.43422326037879e-22
1465,16,5.990939617156982,1.159433018185417,1.595848678622481,6.261587997873657,6.440694341464655,2.364128482728718e-05,9.135470892822864e-05,0.9993283266699098,0.9991915236667852,0.99932832666991,0.9991915236667852,-3.39040903634501e-21,-1.2575183391300184e-21
1466,16,5.973845958709717,2.427734191729107,1.8454143325544687,6.1445299720679,6.351845030645628,0.00010799051491798622,9.63454507251559e-05,0.999382971119733,0.9992489579026694,0.999382971119733,0.9992489579026694,0.0,-8.802628373910128e-22
1467,16,5.902745246887207,3.0039287215712847,2.1929686492595133,6.3244770882765655,6.343634647934909,0.00023644767746604735,0.00013837611874742333,0.9990444995968212,0.9991876204109149,0.9990444995968212,0.9991876204109149,0.0,-6.161839861737089e-22
1468,16,5.715138912200928,1.5781095918471315,2.0085109320357986,6.649015373273062,6.435248865536355,4.278496282345857e-05,0.00010969877197023389,0.9992195303677417,0.9991971933979629,0.9992195303677416,0.9991971933979629,-6.781556376845979e-21,-2.4657957033753896e-21
1469,16,5.633525371551514,1.113960150657352,1.7401456976222645,6.7329785262900845,6.524567763762473,-5.9895388242077927e-05,5.8820523906540346e-05,0.99940775746862,0.99926036261916,0.9994077574686201,0.99926036261916,-6.78027914772031e-21,-3.760140736678866e-21
1470,16,5.522158622741699,1.4619944490924142,1.6567003230633093,6.58524439932418,6.542770754430985,-6.067424429024828e-05,2.297209344750376e-05,0.9995923524698755,0.9993599595743745,0.9995923524698755,0.9993599595743745,0.0,-2.632098515675206e-21
1471,16,5.329076766967773,2.435571054676778,1.89036154254735,6.511154818845087,6.533285973755215,7.251862872210378e-05,3.7836054029883766e-05,0.9994706489508478,0.9993931663873163,0.9994706489508478,0.9993931663873163,0.0,-1.842468960972644e-21
1472,16,5.274369716644287,2.0327932542513096,1.9330910560585375,6.426522619311108,6.501256967421982,4.3111279888958785e-05,3.941862178760627e-05,0.9996150084312084,0.9994597190004839,0.9996150084312084,0.9994597190004839,-6.778873387134354e-21,-3.323390288821157e-21
1473,16,5.193360328674316,2.0792047267930998,1.976925157278906,6.417361384910717,6.476088292668603,6.982146193190617e-05,4.8539473830896236e-05,0.9996112317319124,0.9995051728199125,0.9996112317319124,0.9995051728199125,0.0,-2.3263732021748096e-21
1474,16,5.4126482009887695,1.7341823274682384,1.9041023083357058,6.3813623240566235,6.447670502085009,-1.977310651499656e-05,2.80456997271284e-05,0.9998010558292142,0.999593937722703,0.9998010558292142,0.999593937722703,0.0,-1.6284612415223667e-21
1475,16,5.202203750610352,2.5451456089779274,2.096415298528372,6.019182007327887,6.319123953657872,9.541086158837063e-05,4.8255248285501064e-05,0.9998499367310493,0.9996707374252067,0.9998499367310492,0.9996707374252067,1.3554561197831346e-20,2.9264454902837466e-21
1476,16,5.508993625640869,3.0036492178715535,2.3685854743313266,6.069759852607072,6.244314723342631,0.00024266422722619822,0.0001065779419677102,0.9995158671574597,0.9996242763448826,0.9995158671574597,0.9996242763448826,0.0,2.0485118431986226e-21
1477,16,5.474266529083252,1.0853510620637714,1.98361515065106,6.092189991118015,6.198677303675245,3.560862718167914e-05,8.528714753190088e-05,0.9998321833327093,0.9996866484412306,0.9998321833327092,0.9996866484412306,6.777400938872858e-21,3.467178571900893e-21
1478,16,5.601701736450195,0.8993769115842312,1.658343678931011,6.108071783992443,6.171495647770405,-8.347299120472334e-05,3.4659105910913606e-05,0.999864846001328,0.9997401077092598,0.999864846001328,0.9997401077092598,0.0,2.427025000330625e-21
1479,16,6.272512435913086,1.28949561530924,1.5476892598444798,5.4124246957663,5.943774362169172,-8.295612252490081e-05,-6.254626198307202e-07,1.0003037194798063,0.9999091912404237,1.0003037194798063,0.9999091912404237,0.0,1.6989175002314375e-21
1480,16,5.981546878814697,2.894970704819315,1.9518736933369303,5.06395211920555,5.679827689280085,0.00012517844367226677,3.711570926779853e-05,1.000057014798673,0.9999535383078983,1.000057014798673,0.9999535383078983,2.7103509011028018e-20,9.320294953470411e-21
1481,16,5.669677734375,3.5495204489932886,2.4311677200338377,4.858488325463225,5.433425880135027,0.0002918733399215831,0.0001135429984639339,0.9996581114088476,0.9998649102381831,0.9996581114088476,0.9998649102381831,0.0,6.524206467429287e-21
1482,16,5.605892658233643,1.4225304933212468,2.1285765520200606,4.729318450287903,5.2221936511808895,0.00011157789542367192,0.0001129534675518553,1.0000373560785525,0.9999166439902939,1.0000373560785525,0.9999166439902939,0.0,4.566944527200501e-21
1483,16,5.393038272857666,1.1109899856121292,1.823300582097681,4.671038510956142,5.056847109113465,-5.5022443339132186e-05,6.256069428455904e-05,1.0003951507811852,1.0000601960275612,1.0003951507811855,1.0000601960275612,6.773586989843938e-21,5.228937265993532e-21
1484,16,5.318076133728027,2.4519485406614994,2.0118949696668267,4.350365023990997,4.844902483576725,0.00013492030546987646,8.426857764015427e-05,1.0002795670162148,1.0001260073241574,1.0002795670162148,1.0001260073241574,0.0,3.660256086195472e-21
1485,16,5.6146039962768555,2.752696929826859,2.2341355577148363,4.390508823394612,4.708584385522091,0.00024383549698731372,0.0001321386534443021,0.999974806521537,1.0000806470833712,0.9999748065215371,1.0000806470833712,0.0,2.5621792603368306e-21
1486,16,5.468839645385742,1.6588737872193686,2.061557026566196,4.233013670040216,4.565913170877528,8.699276891746548e-05,0.00011859488808625111,1.000246188190159,1.0001303094154075,1.000246188190159,1.0001303094154075,1.3549191505134039e-20,5.858282933775993e-21
1487,16,5.632538318634033,1.6013527434435073,1.9234957416293892,4.079706405308207,4.420051141206732,4.690823156953066e-05,9.708889113123497e-05,1.0002452889821445,1.0001648032854287,1.0002452889821447,1.0001648032854287,0.0,4.100798053643195e-21
1488,16,5.423888206481934,1.5835300010044475,1.8215060194419066,3.5252925465977096,4.151623562824025,0.00011951748091662265,0.00010381746806685127,1.0003807674709981,1.0002295925410993,1.0003807674709984,1.0002295925410996,1.3547368758727862e-20,6.934769265168595e-21
1489,16,5.3209452629089355,1.8001569869443041,1.8151013096926258,3.199412059313612,3.8659601117709004,0.00025123746465542413,0.00014804346704342313,1.000295110012743,1.0002492477825924,1.0002951100127428,1.0002492477825924,0.0,4.854338485618017e-21
1490,16,5.370983123779297,1.2364114661658123,1.6414943566345817,3.22670621812871,3.674183943678243,0.00015035921077510218,0.00014873819016292684,1.000276451552208,1.000257408913477,1.000276451552208,1.000257408913477,2.7097563148744086e-20,1.1527305884555837e-20
1491,16,5.670879364013672,0.5886428450410953,1.3256389031565357,3.0735702129101243,3.4939998244478074,3.4863100736183495e-05,0.00011457566333490383,1.0003458062617223,1.0002839281179505,1.0003458062617223,1.0002839281179505,0.0,8.069114119189085e-21
1492,16,5.386720180511475,0.5032447811888683,1.0789206665662354,2.7292614225758163,3.2645783038862097,3.0778461332611864e-05,8.943650273421624e-05,1.000565848087442,1.000368504108798,1.000565848087442,1.000368504108798,6.772431410673341e-21,7.680109306634361e-21
1493,17,5.316966533660889,1.1721537716691002,1.106890598097095,2.6828050522543743,3.0900463283966593,2.880737637546373e-05,7.124776482659048e-05,1.000298043625452,1.000347365963794,1.000298043625452,1.000347365963794,-3.3871222788133743e-21,4.35993983100004e-21
1494,17,5.051520347595215,1.0044344102946858,1.076153741756372,2.8461106002222554,3.016865609944338,5.988667268130262e-05,6.783943718300411e-05,1.000007025871641,1.000245263936148,1.000007025871641,1.000245263936148,-6.776215969210792e-21,1.0190930909367905e-21
1495,17,5.326961517333984,0.09449319702743371,0.7816555783376904,2.765309927416767,2.9413989051860665,3.3847646286670105e-05,5.764189991410391e-05,1.0000989131159004,1.0002013586900738,1.0000989131159006,1.0002013586900738,0.0,7.133651636557533e-22
1496,17,5.04449987411499,-0.5856996897043301,0.3714489979250842,2.9070727771368023,2.931101066771287,-0.00011869461970972277,4.740944026955903e-06,1.000283555552394,1.0002260177487698,1.000283555552394,1.0002260177487698,0.0,4.9935561455902725e-22
1497,16,5.315516948699951,-0.02071250582044577,0.25380054680142516,2.5974112970340264,2.830994135850109,0.00020227181524557457,6.40002053925415e-05,1.000276651131473,1.0002412077635807,1.0002766511314731,1.000241207763581,0.0,3.4954893019131906e-22
1498,16,4.994091033935547,-0.21470255449061426,0.11324961641381333,2.6901212195735567,2.788732260967143,0.00018813134966631055,0.00010123954867467221,1.0002336212574883,1.0002389318117528,1.0002336212574883,1.000238931811753,0.0,2.4468425113392333e-22
1499,16,5.276813983917236,-0.46795273011405397,-0.06111108754454686,2.9583685359096155,2.8396231434498844,0.0002775947832860331,0.00015414611905808048,0.9999319334070189,1.0001468322903326,0.9999319334070189,1.0001468322903326,-5.421379877285025e-20,-1.6092860656061327e-20
1500,16,5.777127742767334,-1.5941029530001287,-0.5210086471812214,3.194547908419388,2.9461005729407352,0.00010236112407587076,0.00013861062056341755,1.0000800409795734,1.0001267948971049,1.0000800409795734,1.0001267948971049,-1.3551442485337647e-20,-1.533043520484422e-20
1501,16,5.199337005615234,-2.0835720161730684,-0.9897776578787755,3.2379472784211214,3.033654584584851,1.676791991212983e-05,0.00010205781036803123,1.00006933242775,1.0001095561562985,1.00006933242775,1.0001095561562985,3.387896897900303e-21,-9.714935574020864e-21
1502,17,4.52431058883667,-2.339600536449122,-1.3947245214498794,3.3536371479672846,3.1296493535995813,-0.0002511489019217005,-3.904203318888291e-06,0.9999794099330002,1.000070512289309,0.9999794099330002,1.000070512289309,0.0,-6.800454901814605e-21
1503,17,5.177510738372803,-2.1953808050709127,-1.6349214065361892,2.873740760428935,3.052876775648387,-0.00017784223425148894,-5.608561259866849e-05,0.9999517279472121,1.0000348769866798,0.9999517279472121,1.0000348769866798,2.710636279191319e-20,3.371590406303733e-21
1504,17,4.74367618560791,-1.4029311403552116,-1.565324326681896,2.364627067171752,2.8464018631053967,8.17006861330072e-06,-3.6808908235077726e-05,0.9997313700472428,0.9999438249048487,0.9997313700472428,0.9999438249048487,0.0,2.360113284412613e-21
1505,17,4.663755893707275,-1.5346888630337487,-1.5561336875874516,2.039505934243754,2.6043330844469037,-3.118021989275529e-05,-3.5120301732381e-05,0.9997734083388209,0.9998926999350404,0.9997734083388209,0.9998926999350404,0.0,1.6520792990888288e-21
1506,17,5.140910625457764,-0.9499494643650813,-1.3742784206207406,1.8268534268944996,2.371089187181182,3.1910137019806476e-05,-1.5011170106724755e-05,0.9996356988581744,0.9998155996119804,0.9996356988581744,0.9998155996119804,-6.778733078234935e-21,-8.771644141083001e-22
1507,17,4.9699225425720215,-0.5614560376947533,-1.1304317057429443,1.699279846169211,2.1695463848775907,6.247824927027899e-05,8.235655706376365e-06,0.9995028144611142,0.9997217640667204,0.9995028144611142,0.9997217640667204,0.0,-6.140150898758101e-22
1508,17,4.5753254890441895,-0.1487649582010173,-0.8359316814803661,1.745971955120056,2.04247405595033,6.103992666272627e-05,2.4076936993281336e-05,0.9993540497816366,0.9996114497811952,0.9993540497816364,0.9996114497811952,1.3561287072414522e-20,3.638575558811289e-21
1509,17,4.4842400550842285,-0.09529250207710618,-0.6137399276593881,1.6824938399975389,1.9344799911644925,0.00010718562193306524,4.9009542475216506e-05,0.9991489166648041,0.9994726898462778,0.9991489166648042,0.9994726898462778,0.0,2.5470028911679023e-21
1510,17,4.48206901550293,-0.9179224806789366,-0.7049946935652527,1.6647730900777467,1.8535679208384686,1.2377422574320849e-05,3.801990650494781e-05,0.999325061080534,0.9994284012165546,0.999325061080534,0.9994284012165546,0.0,1.7829020238175313e-21
1511,17,4.652767181396484,-0.34936409136505525,-0.5983055129051934,1.6973104650817024,1.8066906841114387,7.47562155743324e-05,4.9040799225763185e-05,0.9991692304135728,0.99935064997566,0.9991692304135729,0.99935064997566,-1.356379554488401e-20,-2.8211072467929312e-21
1512,17,4.643533229827881,0.3370003313048132,-0.3177137596421914,1.7706252346374391,1.795871049269239,3.539128649217482e-05,4.4945945405686677e-05,0.9992177816554493,0.9993107894795967,0.9992177816554492,0.9993107894795967,0.0,-1.974775072755052e-21
1513,17,4.344903469085693,1.33269186632271,0.17740792814727904,1.718978071220169,1.7728031558545179,0.0001705984241505753,8.264168902915326e-05,0.9990960709068414,0.9992463739077702,0.9990960709068415,0.9992463739077702,0.0,-1.3823425509285363e-21
1514,17,4.625764846801758,1.8807620338130273,0.6884141598470035,1.875372342271437,1.8035739117795937,0.000240834014443381,0.00013009938665342158,0.9989096192929875,0.9991453475233354,0.9989096192929876,0.9991453475233354,0.0,-9.676397856499753e-22
1515,17,5.017770290374756,1.6876167363643562,0.9881749328022092,2.098754755492815,1.8921281648935602,0.00022634333900104292,0.00015897257235770795,0.9988414333269101,0.9990541732644078,0.9988414333269101,0.9990541732644078,0.0,-6.773478499549826e-22
1516,17,4.990414142608643,1.4194726760530356,1.1175642557774572,2.3200778059448464,2.020513057208946,0.00011812688532889194,0.00014671886624906315,0.9990150262753541,0.9990424291676916,0.999015026275354,0.9990424291676916,0.0,-4.741434949684878e-22
1517,17,5.045024394989014,1.9572458060608693,1.3694687208624807,2.606599892993036,2.1963391079441728,0.0002063224222287914,0.0001645999330429816,0.998669114064485,0.9989304346367296,0.998669114064485,0.9989304346367296,-2.714117612171133e-20,-8.47425328299134e-21
1518,17,5.002972602844238,1.477383303105016,1.4018430955352412,3.121661085054331,2.4739357010772203,6.899007335139957e-05,0.000135916975135507,0.9985634275910081,0.9988203325230132,0.9985634275910082,0.9988203325230132,0.0,-5.9319772980939375e-21
1519,17,5.083518028259277,0.7538004329968021,1.2074302967737094,3.375827044502064,2.7445031041046732,-2.136214864623829e-05,8.87332380009834e-05,0.9986495293711987,0.9987690915774687,0.9986495293711986,0.9987690915774687,0.0,-4.152384108665756e-21
1520,17,5.008975028991699,0.29696088692395195,0.9342894738187821,3.614586972389978,3.0055282645902643,-0.00010412658653310689,3.087529064075631e-05,0.9986573320431924,0.9987355637171857,0.9986573320431923,0.9987355637171857,-1.3570748164779563e-20,-6.977893325499897e-21
1521,17,5.114697456359863,0.08803438543360777,0.6804129473032298,3.5977315783723007,3.183189258724875,-0.0001463669501132508,-2.2297381585445825e-05,0.9988409161520364,0.998767169447641,0.9988409161520364,0.998767169447641,0.0,-4.884525327849928e-21
1522,17,5.232292652130127,1.4513286167394284,0.9116876481340893,3.412740054920383,3.252054497583527,-2.1562497966804108e-05,-2.2076916499853308e-05,0.9989722554384342,0.9988286952448788,0.998972255438434,0.9988286952448788,0.0,-3.4191677294949494e-21
1523,17,5.2132697105407715,2.7830443767086073,1.4730946667064448,3.50462801802132,3.327826553714865,0.00014840676411991235,2.906818768607639e-05,0.9986391010763361,0.998771816994316,0.9986391010763361,0.998771816994316,-2.714199181959098e-20,-1.0536014956523758e-20
1524,17,5.057684898376465,2.9555514620190975,1.9178317053002405,3.599872483142255,3.4094403325430815,0.00017927850911148843,7.41312841137e-05,0.9984576743416842,0.9986775741985265,0.9984576743416842,0.9986775741985265,0.0,-7.37521046956663e-21
1525,17,5.0121026039123535,1.8370107009881829,1.8935854040066231,3.7135802023682603,3.5006822934906348,-9.307347915707323e-06,4.90996945048778e-05,0.9985145935248486,0.9986286799964231,0.9985145935248486,0.9986286799964231,0.0,-5.162647328696641e-21
1526,17,5.12428092956543,1.5990812099446685,1.8052341457880365,3.6098662739631746,3.5334374876323964,-8.884186343141503e-05,7.717227123989948e-06,0.998622914442964,0.9986269503303854,0.998622914442964,0.9986269503303854,0.0,-3.6138531300876486e-21
1527,17,5.292903423309326,2.42828179905233,1.9921484417673248,3.3300076801358958,3.4724085453834457,-6.81686318207244e-05,-1.5048530559424357e-05,0.9987864179047337,0.9986747906026898,0.9987864179047337,0.9986747906026898,-1.3568994244534744e-20,-6.600395464421777e-21
1528,17,4.926947116851807,3.7234540723341314,2.511540130937367,2.9027011819355564,3.3014963363490786,0.00016983780678530072,4.041737064399316e-05,0.9986149876862381,0.9986568497277541,0.9986149876862381,0.9986568497277541,0.0,-4.620276825095244e-21
1529,17,4.817140579223633,4.0041176387049475,2.9593133832676406,2.9056493549429545,3.182742241927241,0.000183582660506881,8.33669576028595e-05,0.998513268997525,0.9986137755086852,0.998513268997525,0.9986137755086852,0.0,-3.23419377756667e-21
1530,17,4.913138389587402,4.21022220590102,3.3345860300576544,2.86514917596288,3.087464322137933,0.00023846165534419184,0.0001298953669252592,0.9983274030126803,0.9985278637598837,0.9983274030126803,0.9985278637598837,0.0,-2.263935644296669e-21
1531,17,4.8675456047058105,3.634159673655455,3.4244581231369944,2.86408794656773,3.020451409466872,0.00013063047308624958,0.00013011589877355632,0.9984989080153532,0.9985191770365245,0.9984989080153533,0.9985191770365245,2.7145802658925724e-20,6.558985846670049e-21
1532,17,4.7411394119262695,3.628659123724303,3.4857184233131866,2.860985274851487,2.9726115690822565,0.00011748128672093356,0.0001263255151577695,0.9985092675778613,0.9985162041989255,0.9985092675778613,0.9985162041989255,0.0,4.591290092669034e-21
1533,17,4.602738380432129,3.5938538474392887,3.5181590505510174,3.0572264159001628,2.9979960231276284,2.377993376584433e-05,9.556184074019193e-05,0.9983328181088048,0.9984611883718892,0.9983328181088049,0.9984611883718892,-3.393789854004319e-21,2.1957661086670284e-21
1534,17,4.913352012634277,3.0632466370430684,3.3816853264986326,2.9668560974270406,2.9886540454174515,-0.00014698324382133194,2.279831537173477e-05,0.9984458598431675,0.9984565898132727,0.9984458598431676,0.9984565898132727,0.0,1.5370362760669198e-21
1535,17,4.894579887390137,3.5868309437934744,3.4432290116870847,2.209586159420296,2.754933679618305,-3.872430042195448e-05,4.341530633627995e-06,0.9986520594912347,0.9985152307166612,0.9986520594912347,0.9985152307166612,0.0,1.0759253932468439e-21
1536,17,5.043562889099121,4.863559677902482,3.8693282115517036,1.887857947466097,2.4948109599726425,0.00018144390910160166,5.7472244174020095e-05,0.998327633085419,0.9984589514272886,0.9983276330854189,0.9984589514272885,2.715045984289453e-20,8.898285728141149e-21
1537,17,5.108628273010254,4.6899165618792535,4.115504716649968,1.916003619532182,2.3211687578405042,8.933711429515072e-05,6.703170521035928e-05,0.9980526263274379,0.9983370538973333,0.9980526263274379,0.9983370538973333,0.0,6.2288000096988034e-21
1538,17,4.318347930908203,3.1449292281256973,3.824332070092687,1.6770683601397067,2.127938638530265,-9.727503615952071e-05,1.7739682799395285e-05,0.9983143048481896,0.9983302291825902,0.9983143048481896,0.9983302291825902,1.3575411160846476e-20,8.432783355043104e-21
1539,17,4.671700477600098,3.460827026028535,3.7152805568734406,1.162837556885792,1.838408314036923,-0.0001091255389771577,-2.0319883733570612e-05,0.9986094605928991,0.9984139986056828,0.9986094605928991,0.9984139986056828,0.0,5.902948348530172e-21
1540,17,4.8872971534729,5.4801754284243405,4.244749018338711,0.9811850451260231,1.5812413333636528,8.19438223338495e-05,1.0359228086655422e-05,0.9984198005394741,0.9984157391858202,0.998419800539474,0.9984157391858202,1.3573976746801294e-20,8.204256868011508e-21
1541,17,4.784046649932861,5.957784554570086,4.758659679208123,0.9664314325259985,1.3967983631123566,0.00018071660739550936,6.146644187931161e-05,0.9982376494772962,0.998362312273263,0.9982376494772962,0.998362312273263,0.0,5.742979807608055e-21
1542,17,4.720818042755127,5.23403093867648,4.90127105704863,1.1987836489066417,1.3373939488506421,9.196538671435187e-05,7.061612532982368e-05,0.9980914465895994,0.9982810525681638,0.9980914465895994,0.9982810525681638,0.0,4.020085865325639e-21
1543,17,4.6790337562561035,5.085033257192475,4.956399717091783,1.168575884378001,1.2867485295088497,6.844126483130801e-05,6.996366718026898e-05,0.9981393077212438,0.9982385291140877,0.9981393077212438,0.9982385291140877,1.3577791247405415e-20,6.88739747994957e-21
1544,17,4.512507915496826,5.424215617990092,5.096744487361275,1.173400070254369,1.2527439917325054,5.011201281136047e-05,6.400817086959641e-05,0.9981641282936955,0.99821620886797,0.9981641282936955,0.99821620886797,6.788726809505805e-21,6.857796278816441e-21
1545,17,4.620654106140137,5.483563514626135,5.212790195540732,1.189309223069432,1.2337135611335832,0.00010321009059448041,7.576874678706162e-05,0.9980501416761111,0.9981663887104122,0.998050141676111,0.9981663887104122,1.3579004290614987e-20,8.874158682356003e-21
1546,17,4.515903472900391,5.033186891996251,5.158909204477387,1.2791124248706798,1.247333220254712,0.00016288224791357678,0.00010190279712501616,0.9978674080026486,0.998076694498083,0.9978674080026486,0.998076694498083,-2.7162981869897557e-20,-1.936983483320065e-21
1547,17,4.665651321411133,4.3381256362986615,4.912674134023769,1.2274308575438522,1.241362511441454,6.327688810554949e-05,9.031502441917615e-05,0.998092419106278,0.9980814118805414,0.998092419106278,0.9980814118805414,0.0,-1.3558884383240455e-21
1548,17,4.331268787384033,4.251234098069888,4.714242123237605,1.1757874657046579,1.2216899977204152,-7.754117926579973e-07,6.29878935556259e-05,0.9982506153694948,0.9981321729272274,0.9982506153694948,0.9981321729272274,0.0,-9.491219068268318e-22
1549,17,4.656941890716553,5.4195905617964195,4.925846654805249,1.0534424363401491,1.1712157293063352,0.00015029858294932368,8.918110037373523e-05,0.9981405921496981,0.9981346986939686,0.9981405921496982,0.9981346986939686,0.0,-6.643853347787822e-22
1550,17,4.668941497802734,5.605093612614378,5.129620742147988,0.8461742398764367,1.0737032824773656,0.00032223108425497656,0.0001590960955381076,0.9981233276893199,0.998131287392574,0.9981233276893199,0.998131287392574,5.431203451558732e-20,1.5828540620331048e-20
1551,17,4.567450523376465,5.677074157234045,5.293856766673804,1.2790060840365962,1.1352941229451345,0.00037518176591739194,0.00022392179665189286,0.997911771732062,0.9980654326944203,0.997911771732062,0.9980654326944203,5.432354859406405e-20,2.737704301245095e-20
1552,17,4.419073581695557,4.606375845968363,5.087612490462171,1.8093641527338395,1.337515131881746,0.00016829282165073316,0.00020723310415154495,0.9981958947811294,0.9981045713204328,0.9981958947811294,0.9981045713204328,0.0,1.9163930108715662e-20
1553,17,4.848826885223389,4.89018020521791,5.028382804888893,1.992338579700269,1.5339621662273029,0.0002110079556815239,0.00020836555961053861,0.99827769924624,0.998156509698175,0.99827769924624,0.998156509698175,0.0,1.3414751076100963e-20
1554,17,4.701231956481934,4.993957902176471,5.018055334075166,2.1836137041780206,1.728857627612518,0.00017926997448448746,0.00019963688407272326,0.9982089626502507,0.9981722455837977,0.9982089626502507,0.9981722455837977,0.0,9.390325753270674e-21
1555,17,5.073296070098877,5.018609313760112,5.01822152798065,2.5821167894311348,1.984835376158103,0.00025116204556955,0.00021509443252177129,0.997916516268478,0.9980955267892018,0.9979165162684779,0.9980955267892017,0.0,6.573228027289471e-21
1556,17,5.177316188812256,4.059743298871406,4.730678059247876,2.8643930914471936,2.24870269074483,8.810144065677533e-05,0.0001769965349622725,0.9981847969734458,0.998122307844475,0.9981847969734458,0.9981223078444748,-1.3577172480647727e-20,5.281078749083123e-22
1557,17,4.954748153686523,3.8634022294952834,4.470495310322098,3.0008937400057802,2.4743600055231147,7.98260128303153e-05,0.00014784537832268532,0.9984005949946748,0.9982057939895348,0.9984005949946748,0.9982057939895348,0.0,3.696755124358186e-22
1558,17,5.283097743988037,5.278079232146031,4.712770486869278,3.3261136884413927,2.729886110398598,0.000205314966463195,0.0001650862547648382,0.9981516431722297,0.9981895487443432,0.9981516431722298,0.9981895487443433,-2.7155246898151596e-20,-7.887801210740405e-21
1559,17,5.357962131500244,5.769479377323677,5.029783154005598,3.707804447204416,3.0232616114403434,0.00024932921179163367,0.00019035914187287683,0.9979891035956252,0.9981294151997278,0.9979891035956251,0.9981294151997278,5.431933918813666e-20,1.0774340908922714e-20
1560,17,5.158118724822998,5.515140429727351,5.175390336722123,3.9699018653177314,3.307253687603559,0.00025819610536497676,0.0002107102309205068,0.9977950323687188,0.9980291003504251,0.9977950323687188,0.9980291003504251,5.432990430467764e-20,2.3841009927649188e-20
1561,17,4.950336933135986,3.9479372419870504,4.807154408301601,4.3967040357459215,3.6340887920462674,4.457059239410011e-05,0.0001608683393625848,0.997881918298132,0.9979849457347372,0.9978819182981321,0.9979849457347372,-6.790646722601394e-21,1.4651512932574014e-20
1562,17,4.843875885009766,3.9306304607739,4.54419722404329,4.454384664366065,3.8801775537422065,3.203665228278132e-05,0.00012221883323864375,0.9978828214131985,0.9979543084382755,0.9978828214131985,0.9979543084382755,0.0,1.025605905280181e-20
1563,17,4.568718910217285,4.067923125104455,4.401314994361639,4.433668990774446,4.046224984851879,7.083138798487031e-06,8.767812490659673e-05,0.9979566947019176,0.997955024317368,0.9979566947019177,0.9979550243173682,0.0,7.179241336961266e-21
1564,17,4.974025249481201,5.347981548835612,4.685314960703831,4.1836259347579885,4.087445269823712,0.00018367224964479327,0.00011647636232805568,0.9977877344376207,0.9979048373534438,0.9977877344376207,0.9979048373534439,0.0,5.025468935872886e-21
1565,17,5.033807277679443,5.5329922625776256,4.939618151265969,4.312536943789211,4.154972772013361,0.00014400359000314025,0.00012473453063058105,0.9976208509223717,0.9978196414241222,0.9976208509223718,0.9978196414241223,0.0,3.51782825511102e-21
1566,17,4.768564224243164,5.619345880805134,5.143536470127718,4.2033960181209045,4.1694997458456236,0.0002092273507271936,0.00015008237665956482,0.9973792607690316,0.997687527227595,0.9973792607690316,0.997687527227595,0.0,2.462479778577714e-21
1567,17,4.708089351654053,5.222893972165847,5.167343720739156,4.187295782085522,4.174838556717592,0.00021937880659670097,0.00017087130564070565,0.9973467687925831,0.9975852996970914,0.9973467687925831,0.9975852996970914,-2.717716160543817e-20,-6.4294126366270506e-21
1568,17,4.7810187339782715,4.483875830912255,4.962303353791086,4.28863890090426,4.208978659973592,0.00022544443023884278,0.00018724324302014678,0.9972398297176418,0.9974816587032564,0.9972398297176418,0.9974816587032564,0.0,-4.500588845638935e-21
1569,17,4.732908725738525,4.309463981309713,4.766451542046673,4.516043961174447,4.301098250333849,0.0002312171943201456,0.00020043542841014642,0.9970070760944835,0.9973392839206245,0.9970070760944835,0.9973392839206245,0.0,-3.1504121919472543e-21
1570,17,4.737736701965332,3.3776956850132605,4.349824784936649,4.55984782771214,4.378723123547337,6.30722525280343e-05,0.00015922647564551277,0.9972396067965603,0.9973093807834053,0.9972396067965603,0.9973093807834053,0.0,-2.205288534363078e-21
1571,17,4.641304969787598,3.8684460132285405,4.205411153424216,4.619036167539078,4.450817036744859,0.00013633628059948243,0.00015235941713170366,0.9970558538992785,0.9972333227181671,0.9970558538992784,0.9972333227181671,2.7185091192369386e-20,6.611825383656661e-21
1572,17,4.522458553314209,3.547629305388497,4.0080765990135,4.772897694946881,4.547441234205466,0.00019534487391295225,0.00016525505416607823,0.9968043371712356,0.9971046270540875,0.9968043371712356,0.9971046270540875,2.719195061796905e-20,1.2785862953950377e-20
1573,17,4.593059539794922,2.4142505740858837,3.529928791535215,5.309122070758045,4.775945485171239,6.753500159268974e-05,0.00013593903839406168,0.9966343186863793,0.9969635345437751,0.9966343186863793,0.9969635345437751,-1.3598294682378394e-20,4.870615663051746e-21
1574,17,4.4390106201171875,1.9344370052989608,3.051281255664339,5.785917514202938,5.078937093880748,-0.00015066877460694693,4.99566944937591e-05,0.9967068118591789,0.9968865177383961,0.9967068118591788,0.9968865177383961,0.0,3.4094309641362214e-21
1575,17,4.835262298583984,2.071678844074683,2.7574005321874417,5.658672188795181,5.252857622355078,-0.00010451142930630005,3.6162573537413522e-06,0.9968365964844722,0.9968715413622189,0.9968365964844723,0.9968715413622189,1.3595535320296513e-20,6.4652622709843085e-21
1576,17,4.605345249176025,2.573613044974923,2.702264286023686,5.838385274995452,5.428515918147189,-7.231789230321112e-05,-1.9163987543344388e-05,0.9966485929709235,0.9968046568448302,0.9966485929709235,0.9968046568448302,1.3598099923735298e-20,8.605113566809605e-21
1577,17,4.703093528747559,2.6956115408995753,2.7002684624864526,5.891200045121928,5.56732115623961,-2.2334868924381913e-05,-2.0115251957655646e-05,0.9965946461214648,0.9967416536278205,0.9965946461214648,0.9967416536278205,0.0,6.023579496766723e-21
1578,17,4.710628509521484,2.8412335817256404,2.7425579982582087,6.073366606835199,5.719134791418286,-4.728552771969951e-05,-2.82663346862688e-05,0.9965223068224373,0.9966758495862055,0.9965223068224373,0.9966758495862055,0.0,4.216505647736706e-21
1579,17,4.709993362426758,2.8699929725540025,2.780788490546947,6.068462032525934,5.82393296375058,-4.059664987271624e-05,-3.196542924220303e-05,0.9965144131851764,0.9966274186658968,0.9965144131851764,0.9966274186658968,0.0,2.951553953415694e-21
1580,17,4.571929931640625,3.1175794731356734,2.8818257853235645,6.142813471182838,5.919597115980257,9.679668984528438e-07,-2.2085410400006265e-05,0.996327346830677,0.9965373971153307,0.9963273468306769,0.9965373971153307,0.0,2.0660877673909858e-21
1581,17,4.199930191040039,3.1019063850000155,2.9478499652265,6.129261727143366,5.98249649932919,-6.259412571994215e-05,-3.423802499598703e-05,0.9962988981639096,0.9964658474299044,0.9962988981639097,0.9964658474299044,0.0,1.44626143717369e-21
1582,17,4.948531150817871,3.901582342171451,3.233969678309985,5.876674981861257,5.950750044088809,-4.829947869817512e-05,-3.8456461106643454e-05,0.9964658021192634,0.9964658338367121,0.9964658021192634,0.9964658338367121,0.0,1.0123830060215829e-21
1583,17,4.825340747833252,4.8527764999955565,3.7196117248156564,5.828878037765288,5.914188442191753,0.0001130793702976599,7.0042883146475564e-06,0.9962008294924827,0.9963863325334432,0.9962008294924826,0.9963863325334431,1.3604211876608436e-20,4.789931667197639e-21
1584,17,4.689774513244629,4.133803389466524,3.8438692242109163,5.916251144410314,5.914807252857321,0.00018677586187247985,6.093576038199724e-05,0.9960114793469358,0.996273876577491,0.9960114793469358,0.9962738765774909,0.0,3.352952167038347e-21
1585,17,4.81833028793335,3.0615731854704844,3.6091804125887865,6.003930817012337,5.941544322103826,5.4563656414348725e-05,5.902412919170269e-05,0.996244223245733,0.9962649805779635,0.996244223245733,0.9962649805779635,-6.801809656629722e-21,3.0652361993792626e-22
1586,17,5.362648963928223,2.730586208297666,3.34560215130145,6.29279782532882,6.046920373071323,-1.1897408170259977e-06,4.095996818908408e-05,0.9963426800222093,0.9962882904112371,0.9963426800222093,0.9962882904112371,-2.125355473167674e-22,1.5080586976151814e-22
1587,17,5.319937229156494,2.682086765963793,3.1465475357001527,6.373718367258606,6.144959771327508,-1.6265699883489865e-05,2.3792267767311896e-05,0.9963542336269882,0.9963080733759624,0.9963542336269882,0.9963080733759624,0.0,1.0556410883306269e-22
1588,17,5.123913288116455,2.758369191762707,3.030094032518919,6.325087615430748,6.1989981245584795,6.313076078748874e-05,3.559381567336495e-05,0.9963896460001321,0.9963325451632132,0.9963896460001321,0.9963325451632132,0.0,7.389487618314388e-23
1589,17,4.850423812866211,2.829838534199402,2.970017383023064,6.345396348552379,6.242917591756649,0.00012048134405175258,6.106007418688124e-05,0.9964446772160754,0.9963661847790719,0.9964446772160754,0.9963661847790719,1.3600882684157274e-20,4.1319912185753826e-21
1590,17,4.60031270980835,2.9486627211923144,2.963610984473839,6.363701485683379,6.279152759934668,0.00010362161413367526,7.382853617091944e-05,0.9964911486755818,0.9964036739480249,0.9964911486755819,0.9964036739480249,0.0,2.8923938530027677e-21
1591,17,5.005151271820068,2.8839873481433878,2.9397238935747034,6.368533431891401,6.305966961521687,0.00016779652331539246,0.00010201893231426135,0.9963652808776655,0.9963921560269171,0.9963652808776655,0.9963921560269171,0.0,2.0246756971019373e-21
1592,17,5.114840984344482,1.0804962989943263,2.38195561520059,6.304645135523001,6.30557041372208,6.266775402433712e-05,9.021357882728408e-05,0.9965173626562867,0.9964297180157279,0.9965173626562868,0.996429718015728,0.0,1.417272987971356e-21
1593,17,4.96376371383667,0.4223731693346713,1.7940808814408142,6.241139396047863,6.286241108419815,-6.486981568048302e-06,6.120341070868435e-05,0.9966977500913505,0.9965101276384145,0.9966977500913505,0.9965101276384147,8.498393291011915e-22,1.2470428903103066e-21
1594,17,5.143426418304443,0.5808185304460102,1.430102176142373,6.006698524139243,6.202378333135643,7.947194379630089e-05,6.66839706349693e-05,0.9968501180377134,0.996612124758204,0.9968501180377134,0.9966121247582043,0.0,8.729300232172146e-22
1595,17,5.243161201477051,0.5943118423611919,1.1793650760080185,6.004291274854931,6.142952215651429,0.00016570286951813032,9.638964029991761e-05,0.9967962415911447,0.9966673598080862,0.9967962415911447,0.9966673598080863,0.0,6.110510162520502e-22
1596,17,5.5596232414245605,-0.28139020769969025,0.7411384908957058,6.139856835310553,6.142023601549166,0.0001402369611168485,0.00010954383654499688,0.9967787864794466,0.9967007878094942,0.9967787864794467,0.9967007878094944,0.0,4.277357113764351e-22
1597,17,5.327741622924805,-1.5793495081814408,0.04499209117256181,6.23609464525284,6.170244914660268,-9.355406502276155e-06,7.387406363081496e-05,0.9970085257932894,0.9967931092046327,0.9970085257932894,0.9967931092046328,0.0,2.994149979635046e-22
1598,17,5.453803062438965,-1.808794409878746,-0.5111438591428306,6.007846775698128,6.1215254729716255,4.846831730947058e-05,6.625233973441165e-05,0.9971982543280523,0.9969146527416585,0.9971982543280524,0.9969146527416586,6.795302286806037e-21,2.248181184616264e-21
1599,17,5.272261619567871,-1.468293302321382,-0.798288692096396,6.073484271504918,6.1071131125316125,5.3183544711960524e-05,6.233170122767632e-05,0.9973062540474245,0.9970321331333882,0.9973062540474245,0.9970321331333882,0.0,1.5737268292313847e-21
1600,17,4.849379539489746,-1.0977982692514259,-0.8881415652429049,5.875795899912251,6.037717948745804,0.00025852921977138454,0.00012119095679078878,0.9973444461726108,0.997125827045155,0.9973444461726108,0.997125827045155,5.435444979145455e-20,1.7407943717898334e-20
1601,17,5.7162251472473145,-1.9070556751385823,-1.193815798211608,6.366045862235279,6.136216322792647,3.142733699038292e-05,9.426187085066702e-05,0.9974267084233533,0.9972160914586143,0.9974267084233533,0.9972160914586143,0.0,1.2185560602528833e-20
1602,17,5.689846992492676,-2.1164759507518256,-1.4706138439736733,6.307229738201647,6.187520347415347,2.1513630596741307e-05,7.24373987744893e-05,0.9976290010191539,0.9973399643267762,0.9976290010191539,0.9973399643267762,-3.396184138147515e-21,7.511037180325929e-21
1603,16,5.7095723152160645,-1.5007488737561507,-1.4796543529084163,5.854307271921362,6.087556424767151,0.0003465661891799778,0.00015467603589613586,0.9977857386616729,0.9974736966272452,0.9977857386616727,0.997473696627245,0.0,5.25772602622815e-21
1604,16,5.395627975463867,-1.7085268030356882,-1.5483160879465978,5.936800350314064,6.042329602431225,0.00042911907457459796,0.00023700894749967445,0.997844974041682,0.9975850798515762,0.997844974041682,0.9975850798515761,0.0,3.6804082183597045e-21
1605,16,5.610030174255371,-2.0467716925305277,-1.6978527693217766,6.269857073259206,6.110587843679619,0.0003883876667277861,0.00028242256326810794,0.9978765940713372,0.9976725341175046,0.9978765940713372,0.9976725341175043,0.0,2.576285752851793e-21
1606,16,5.583137512207031,-2.42919477665265,-1.9172553715210385,6.322025951901728,6.174019276146251,0.00032026868341353807,0.000293776399311737,0.9979929610739466,0.997768662204437,0.9979929610739466,0.997768662204437,5.431912923107131e-20,1.8099138796317647e-20
1607,16,5.59044075012207,-2.841635340301429,-2.1945693621551556,6.306077608702444,6.213636775913109,0.00030582793182364483,0.0002973918590653093,0.9980366926819345,0.9978490713476862,0.9980366926819345,0.9978490713476862,0.0,1.2669397157422351e-20
1608,16,5.5545830726623535,-2.9086620252897872,-2.408797161095545,6.278488687838188,6.233092349490632,0.0003035106214201105,0.00029922748777174964,0.998062043407629,0.9979129629656691,0.998062043407629,0.9979129629656691,0.0,8.868578010195645e-21
1609,16,5.9583516120910645,-3.7875143678862235,-2.822412323132749,6.176114608939735,6.2159990273253625,0.0003290297299478278,0.0003081681604245731,0.9981844375690518,0.9979944053466839,0.9981844375690518,0.9979944053466839,5.430870947687471e-20,2.2500617450199363e-20
1610,16,6.099547863006592,-5.945674006219154,-3.7593908280586703,6.572163806243785,6.3228484610008895,0.0001540720026694643,0.00026193931309804043,0.9983696491587044,0.9981069784902901,0.9983696491587045,0.9981069784902901,2.714931722431487e-20,2.3895227382434016e-20
1611,16,5.730741500854492,-6.318426907983614,-4.527101652036153,6.579556697153885,6.3998609318467885,0.00015200442683346516,0.00022895884721866783,0.9986133579942116,0.9982588923414664,0.9986133579942116,0.9982588923414664,-2.714269150833322e-20,8.583851715203844e-21
1612,16,5.92225456237793,-5.821879077859447,-4.915534879783141,6.410026831380987,6.4029107017070475,0.00017457538705935367,0.00021264380917087358,0.9987773947100104,0.9984144430520294,0.9987773947100104,0.9984144430520294,0.0,6.00869620064269e-21
1613,16,6.157106876373291,-5.711496630581666,-5.154323405022698,6.416394655032308,6.406955887704625,0.00027068741815518884,0.00023005689186616812,0.9986126375231604,0.9984739013933687,0.9986126375231605,0.9984739013933688,5.428542218204999e-20,2.049171399506488e-20
1614,16,6.1966986656188965,-6.721081122982348,-5.624350720410592,6.3665802204718585,6.394843187534795,0.00014704407455097697,0.00020515304667161077,0.9989235534960041,0.9986087970241593,0.9989235534960043,0.9986087970241594,0.0,1.4344199796545415e-20
1615,16,6.16828727722168,-7.187165689733882,-6.093195211207579,6.304379973440406,6.367704223306477,0.00011447699561628227,0.0001779502313550122,0.999055002411036,0.9987426586402223,0.9990550024110361,0.9987426586402224,-1.356534637568729e-20,5.971335944875604e-21
1616,16,6.247852325439453,-6.9725559827502765,-6.357003442670388,6.235734906314097,6.328113428208763,0.00015719692777882844,0.00017172424028215707,0.9990518888906345,0.998835427715346,0.9990518888906345,0.998835427715346,0.0,4.179935161412923e-21
1617,16,6.070633411407471,-7.764539850118138,-6.779264364904713,6.190021493174798,6.286685847698573,0.00014451358091831346,0.00016356104247300398,0.9991105196176286,0.9989179552860307,0.9991105196176286,0.9989179552860307,2.712918519015397e-20,1.1064710170035236e-20
1618,16,5.989186763763428,-7.971462829770826,-7.136923904364547,5.889867228847881,6.167640262043365,0.0001772264035143886,0.00016766065078541935,0.9992585924805953,0.9990201464444,0.9992585924805953,0.9990201464444,0.0,7.745297119024665e-21
1619,16,6.444886684417725,-7.597338549410036,-7.275048297878193,5.719797448322695,6.033287417927164,0.00017268454542005161,0.00016916781917580902,0.9993934241849342,0.9991321297665602,0.9993934241849342,0.9991321297665602,0.0,5.421707983317265e-21
1620,16,6.021056652069092,-6.81749297877239,-7.137781702146452,5.452143418144179,5.858944217992268,0.0003208830644964766,0.0002146823927720093,0.9993514301526929,0.9991979198823999,0.9993514301526929,0.9991979198823999,0.0,3.795195588322085e-21
1621,16,5.853357791900635,-6.953271029076636,-7.0824285002255065,5.27452270450048,5.683617763944731,0.00042746829968766723,0.00027851816484670666,0.9994191989591814,0.9992643036054343,0.9994191989591814,0.9992643036054343,0.0,2.6566369118254596e-21
1622,16,6.0948686599731445,-7.667587698624666,-7.257976259745254,5.618180612615101,5.663986618545842,0.0003865423032449131,0.00031092540636616856,0.9994547978409711,0.9993214518760952,0.9994547978409711,0.9993214518760952,0.0,1.8596458382778215e-21
1623,16,6.000350475311279,-8.02019312473071,-7.48664131924089,5.8136854188961635,5.708896258650938,0.00032568888610518313,0.0003153544502878729,0.9996734950729889,0.9994270648351633,0.9996734950729889,0.9994270648351633,-5.422781427281634e-20,-1.4966592195050427e-20
1624,16,6.261635780334473,-7.498203304726087,-7.490109914886449,6.076979917017213,5.81932135616082,0.00035026116763404357,0.0003258264654917241,0.9996074249744911,0.9994811728769617,0.999607424974491,0.9994811728769616,0.0,-1.0476614536535298e-20
1625,16,6.212952136993408,-7.733302631812178,-7.5630677299641675,6.249305847263267,5.948316703491554,0.0002835689732865746,0.0003131492178301792,0.9996343539557072,0.9995271272005852,0.9996343539557072,0.9995271272005852,0.0,-7.333630175574708e-21
1626,16,6.0717926025390625,-7.733024934681696,-7.614054891379426,6.244058985303762,6.0370393880352164,0.00035265377391569973,0.00032500058465583534,0.9996777391571082,0.999572310787542,0.9996777391571082,0.999572310787542,-5.422758405121956e-20,-2.1401816338268162e-20
1627,16,5.944462299346924,-7.743292998741501,-7.652826323588048,6.320766279641982,6.122157455517246,0.00033513958804797206,0.0003280422856734763,0.9996684960703643,0.9996011663723887,0.9996684960703643,0.9996011663723887,0.0,-1.498127143678771e-20
1628,16,6.050837516784668,-7.840752241611604,-7.709204098995114,6.407452197140712,6.207745878004285,0.0003334067863683795,0.00032965163588194723,0.9996133977024613,0.9996048357714105,0.9996133977024612,0.9996048357714105,-5.423107448226807e-20,-2.6756212350431816e-20
1629,16,6.112240791320801,-8.348566581660519,-7.901012843794735,6.675322112812278,6.348018748446682,0.0002012561133480331,0.00029113297912177296,0.9994663198279368,0.9995632809883683,0.9994663198279368,0.9995632809883683,0.0,-1.872934864530227e-20
1630,16,6.133265495300293,-8.712359726731423,-8.14441690867574,6.545936013964141,6.40739392810192,0.00015452265456729512,0.0002501498817554296,0.9995857834761537,0.9995700317347038,0.9995857834761537,0.9995700317347038,0.0,-1.3110544051711588e-20
1631,16,5.880497455596924,-7.960765562387754,-8.089321504789343,6.078666469017918,6.308775690376719,0.0002129356253956232,0.00023898560484748768,0.999717384092216,0.9996142374419574,0.999717384092216,0.9996142374419574,2.7112716797207743e-20,-1.0435657970357874e-21
1632,16,5.949081897735596,-6.929321896706722,-7.7413216223645565,6.01861312864534,6.2217269218573055,0.0003186254885367934,0.00026287756995427937,0.9995619459228828,0.999598549986235,0.9995619459228828,0.999598549986235,0.0,-7.304960579250511e-22
1633,16,5.8623833656311035,-6.768102749484177,-7.4493559605004425,5.997955112796847,6.154595379139168,0.000328002494818001,0.00028241504741339585,0.9995658436762414,0.9995887380932369,0.9995658436762412,0.9995887380932368,0.0,-5.113472405475358e-22
1634,16,5.841920852661133,-6.735984137005101,-7.235344413451839,6.023314188466543,6.11521102193738,0.000328255457847967,0.00029616717054376716,0.9995533054939951,0.9995781083134643,0.9995533054939951,0.9995781083134643,0.0,-3.5794306838327503e-22
1635,16,5.827038764953613,-6.627578802196971,-7.053014730075379,6.0454997464960405,6.094297639304978,0.00035237413048460736,0.0003130292585260192,0.9994930057286238,0.9995525775380121,0.9994930057286238,0.9995525775380121,0.0,-2.505601478682925e-22
1636,16,5.770320415496826,-6.497380380431393,-6.886324425182182,6.161374398944105,6.114420667196716,0.00034385707047300486,0.00032227760211011485,0.9993735698027567,0.9994988752174354,0.9993735698027568,0.9994988752174354,5.424408875949611e-20,1.6097834524341027e-20
1637,16,5.440767288208008,-6.673205119839611,-6.82238863357941,6.34815692673985,6.1845415450596555,0.00022887535333857915,0.0002942569274786541,0.9993351201780045,0.999449748705606,0.9993351201780044,0.999449748705606,0.0,1.1268484167038718e-20
1638,16,5.589562892913818,-6.820705785891769,-6.821883779273117,6.435127286414467,6.259717267466098,0.0001559590339601461,0.0002527675594231017,0.99916726135903,0.9993650025016332,0.9991672613590299,0.9993650025016332,0.0,7.887938916927102e-21
1639,16,5.795873641967773,-6.900257229657975,-6.845395814388574,6.4221897611704035,6.308459015577389,0.00014438631924648044,0.0002202531873701153,0.9991320869321835,0.9992951278307982,0.9991320869321835,0.9992951278307982,2.7128599578223114e-20,1.3660137115315906e-20
1640,16,6.005352020263672,-7.073316952139278,-6.913772155713785,6.431956272864708,6.345508192763584,0.00013648516763803281,0.00019512278145049055,0.9991226869822314,0.9992433955762281,0.9991226869822314,0.9992433955762281,2.712885480961924e-20,1.7700752423606906e-20
1641,16,6.03986120223999,-7.110033794595054,-6.972650647378165,6.457584192674121,6.379130992736745,0.00013809757846417178,0.0001780152205545949,0.9990893045968696,0.9991971682824206,0.9990893045968697,0.9991971682824206,0.0,1.2390526696524833e-20
1642,16,5.959478855133057,-7.03032886791644,-6.989954113539647,6.572442347771503,6.437124399247173,0.000106407056979303,0.00015653277148200732,0.9989939306740422,0.999136196999907,0.9989939306740421,0.9991361969999069,0.0,8.673368687567382e-21
1643,16,5.95059871673584,-6.996794208231366,-6.9920061419471615,6.547687604870798,6.47029336093426,0.00012624759409249928,0.0001474472182651549,0.9989915065495153,0.9990927898647894,0.9989915065495153,0.9990927898647894,2.713241717715659e-20,1.4211083234444143e-20
1644,16,5.7257819175720215,-7.0608359847324405,-7.012655094782744,6.579593516624363,6.503083407641291,0.0001398024331980945,0.00014515378274503678,0.9989546307971816,0.9990513421445071,0.9989546307971816,0.9990513421445071,0.0,9.947758264110899e-21
1645,16,5.678905963897705,-7.07881851116455,-7.032504119697284,6.745794848182862,6.575896839803762,0.0001527645389841943,0.00014743700961678403,0.9989697919824662,0.9990268770958948,0.9989697919824663,0.9990268770958948,0.0,6.963430784877629e-21
1646,16,6.205501556396484,-7.039275978637466,-7.034535677379338,6.832709018357006,6.6529404933697345,0.0002076433149019956,0.00016549890120234748,0.9991089624479871,0.9990515027015223,0.9991089624479871,0.9990515027015223,0.0,4.8744015494143395e-21
1647,16,6.312987327575684,-6.465146670209299,-6.863718975228326,7.03437109478807,6.767369673795235,0.00021355369254744063,0.0001799153386058754,0.9991584605005717,0.9990835900412371,0.9991584605005716,0.9990835900412371,-2.712788349763676e-20,-4.7262839647009915e-21
1648,16,6.00033712387085,-5.851144126394203,-6.559946520578089,7.137083613348495,6.878283855661213,0.0003047711559817667,0.0002173720838186428,0.9991610355530613,0.9991068236947844,0.9991610355530612,0.9991068236947843,5.425562716651429e-20,1.2968289374663593e-20
1649,16,5.529531955718994,-5.399531184741771,-6.211821919827194,7.316596080202963,7.009777523023737,0.00034122222617385603,0.00025452712652520676,0.9990878859844409,0.9991011423816814,0.9990878859844409,0.9991011423816811,0.0,9.077802562264514e-21
1650,16,5.740550518035889,-5.8295660632439095,-6.097145162852208,7.603875666091135,7.188006965943956,0.0002950288880704219,0.0002666776549887713,0.9990030355379543,0.9990717103285631,0.9990030355379543,0.999071710328563,0.0,6.354461793585159e-21
1651,16,5.831272602081299,-7.22880932312441,-6.436644410933869,7.981089530159493,7.425931735208616,0.00012937633190494437,0.00022548725806362317,0.9990264735448434,0.9990581392934472,0.9990264735448434,0.999058139293447,0.0,4.4481232555096114e-21
1652,16,5.941339015960693,-7.406793066427463,-6.727689007581947,8.03219037449504,7.607809326994543,1.817803184821682e-05,0.00016329449019900124,0.9991276533812176,0.9990789935197784,0.9991276533812176,0.9990789935197781,-3.3910899949082464e-21,2.0963592803842537e-21
1653,16,5.957712650299072,-6.131023748726971,-6.548689429925455,7.710640708888403,7.6386587415627005,6.406210045679422e-05,0.0001335247732763391,0.9991386985937695,0.9990969050419756,0.9991386985937695,0.9990969050419756,0.0,1.4674514962689776e-21
1654,16,6.061254501342773,-5.451165459788517,-6.219432238884373,7.360743656870466,7.55528421615503,0.00022653333453898393,0.00016142734165513255,0.9989786642916729,0.9990614328168848,0.9989786642916729,0.9990614328168848,2.7132765974893453e-20,9.167045839856319e-21
1655,16,6.039659023284912,-5.933590967706145,-6.133679857530904,7.418420789442393,7.514225188141239,0.00019581503081249254,0.00017174364840234053,0.9988364355076154,0.9989939336241038,0.9988364355076154,0.9989939336241038,-2.713662953070253e-20,-1.724056771311336e-21
1656,16,5.66983699798584,-6.19529277331433,-6.152163732265931,7.385461583284708,7.4755961066842795,0.00010370975484550249,0.0001513334803352891,0.9988769295814238,0.9989588324112998,0.9988769295814238,0.9989588324112998,0.0,-1.2068397399179351e-21
1657,16,5.9059672355651855,-6.1402887377004225,-6.148601233896278,7.228929332122688,7.401596074315802,8.414305008562495e-05,0.00013117635126038985,0.9989954651652873,0.9989698222374959,0.9989954651652871,0.9989698222374959,1.3566154831169825e-20,3.225058631408393e-21
1658,16,5.806227684020996,-5.399460179062594,-5.9238589174461715,7.1675049606008265,7.3313687402013095,0.0001846758181830527,0.0001472261913371887,0.9988494730618336,0.9989337174847971,0.9988494730618336,0.9989337174847971,2.713627532790386e-20,1.0398423640357033e-20
1659,16,5.77756404876709,-5.517925354698592,-5.802078848621897,7.156874998671673,7.279020617742418,0.00019736155118344698,0.00016226679929106616,0.9988242968361155,0.9989008912901927,0.9988242968361156,0.9989008912901927,0.0,7.278896548249922e-21
1660,16,5.978618621826172,-6.335250591509399,-5.962030371488147,7.242364981275238,7.268023926802264,7.232691943298225e-05,0.000135284835333641,0.9987929256044831,0.9988685015844798,0.9987929256044831,0.9988685015844798,-1.3568905834877267e-20,1.0245558333117652e-21
1661,16,5.976089954376221,-6.637797736675914,-6.164760581044478,7.244588917323994,7.260993423958782,2.2194088971700668e-05,0.00010135761142505888,0.9988820074462241,0.998872553343003,0.9988820074462241,0.998872553343003,-3.391923934719192e-21,-3.003880970975218e-22
1662,16,5.848668098449707,-6.483353396351232,-6.260338425636503,7.121506286637052,7.219147282762263,4.72709993686406e-05,8.51316278081334e-05,0.9988461522698051,0.9988646330210436,0.9988461522698051,0.9988646330210436,0.0,-2.1027166796826526e-22
1663,16,5.812645435333252,-6.077143471352484,-6.205379939351296,6.999501430060007,7.153253526951586,5.718990307552506e-05,7.674911038835089e-05,0.998907737321346,0.9988775643111343,0.998907737321346,0.9988775643111343,6.783673131019603e-21,1.887911771728095e-21
1664,16,5.719951629638672,-4.929702893293182,-5.822676825533861,6.484967584197016,6.9527677441252145,0.00027021325028515555,0.00013478835235739228,0.998864338716832,0.9988735966328436,0.9988643387168321,0.9988735966328436,0.0,1.3215382402096665e-21
1665,16,5.745730876922607,-4.816762817303638,-5.520902623064794,6.498132918222802,6.81637729635449,0.0002816896800192039,0.00017885875065593574,0.9988278380833994,0.9988598690680103,0.9988278380833995,0.9988598690680104,0.0,9.250767681467665e-22
1666,16,5.821836471557617,-4.912805141846138,-5.338473378699197,6.534067923037989,6.731684484359539,0.0002525736612570394,0.00020097322383626684,0.9987653380005188,0.9988315097477629,0.9987653380005188,0.9988315097477629,0.0,6.475537377027366e-22
1667,16,5.924768447875977,-5.788245472602023,-5.473405006870045,6.629033780444338,6.700889273184978,0.0001542564513747386,0.00018695819209780837,0.9987257065413611,0.9987997687858423,0.9987257065413611,0.9987997687858423,-2.713963817553452e-20,-7.68860383626844e-21
1668,16,5.679409027099609,-5.760560635621724,-5.559551695495548,6.456166179835726,6.627472345180202,0.00011422182228429589,0.00016513728115375462,0.9987021049959636,0.9987704696488786,0.9987021049959636,0.9987704696488786,1.3570139772683847e-20,-1.3109807535827534e-21
1669,16,5.600955486297607,-5.793354971458629,-5.629692678284472,6.399139442539229,6.558972474387909,7.706518143495841e-05,0.00013871565123811574,0.9987025220520286,0.9987500853698236,0.9987025220520287,0.9987500853698237,-1.3570134105822123e-20,-4.9887267592545635e-21
1670,16,5.630350112915039,-5.470546440569354,-5.581948806969936,6.1161996395238045,6.426140623928678,0.0001551566919327272,0.00014364796344649918,0.9987465250324181,0.998749017268602,0.9987465250324181,0.998749017268602,0.0,-3.492108731478194e-21
1671,16,5.559353351593018,-5.424478198673826,-5.534707624481102,6.149565947478963,6.343168220993763,0.00014576041740553035,0.00014428169963420854,0.9987025569873936,0.9987350791842395,0.9987025569873935,0.9987350791842394,2.7140267262257297e-20,5.697604066642453e-21
1672,16,5.992641448974609,-5.746582914149176,-5.598270211381524,5.985077279246195,6.235740938469492,0.0001845287196150163,0.00015635580562845086,0.9985559289831806,0.9986813341239218,0.9985559289831806,0.9986813341239218,0.0,3.9883228466497165e-21
1673,16,5.965320110321045,-6.570062822907863,-5.889807994839425,5.8300444445594275,6.114031990296472,0.00011172281236781135,0.00014296590765025899,0.9985977276046597,0.998656252168143,0.9985977276046597,0.998656252168143,-1.3571558177462816e-20,-1.279641460584043e-21
1674,16,5.7545084953308105,-6.557000998636198,-6.089965895978456,5.793034669270885,6.017732793988795,0.00010881163326195068,0.00013271962533376649,0.9985905619962286,0.9986365451165686,0.9985905619962288,0.9986365451165687,0.0,-8.957490224088302e-22
1675,16,5.5667195320129395,-6.490370937886527,-6.210087408550876,5.729734082780941,5.931333180626439,0.00012825584303062385,0.00013138049064282368,0.9985781853378257,0.9986190371829458,0.9985781853378257,0.9986190371829458,0.0,-6.270243156861811e-22
1676,16,5.738626480102539,-6.664138553316743,-6.346302751980636,5.757596422082458,5.879212153063245,0.00013858694233156684,0.00013354242614944663,0.9985468006775949,0.9985973662313405,0.9985468006775949,0.9985973662313405,0.0,-4.389170209803268e-22
1677,16,5.873936176300049,-6.715169873144035,-6.456962888329655,6.077425472570713,5.938676148915485,0.00011816889277865314,0.0001289303661382086,0.998556144710992,0.9985849997752358,0.998556144710992,0.9985849997752358,0.0,-3.0724191468622874e-22
1678,16,6.000453472137451,-6.542781125399767,-6.4827083594506885,6.275443744395697,6.0397064275595485,0.00014367077521131562,0.00013335248886014068,0.9986174919836851,0.9985947474377705,0.9986174919836851,0.9985947474377705,0.0,-2.150693402803601e-22
1679,16,6.3326287269592285,-5.800147704667445,-6.277940163015716,6.31368706769382,6.121900619599829,0.0002517201706193223,0.00016886279338789516,0.9986941434243135,0.9986245662337334,0.9986941434243136,0.9986245662337334,5.42809918143708e-20,1.6133749006114988e-20
1680,16,6.217328071594238,-5.413069144435289,-6.018478857441587,6.5279484906463665,6.24371498091379,0.00030769894549937543,0.00021051363902133922,0.9985796576333059,0.9986110936536052,0.9985796576333059,0.9986110936536052,-5.428721505578879e-20,-4.992540212456145e-21
1681,16,6.048855781555176,-5.4813192204153225,-5.857330966333707,6.915823924054719,6.445347663856069,0.00021843755651595326,0.0002128908142697234,0.9985514575237752,0.9985932028146562,0.998551457523775,0.9985932028146562,0.0,-3.494778148719302e-21
1682,16,6.004483222961426,-5.471658513369746,-5.741629230444518,7.047608607453602,6.626025946935329,0.00025297795125370367,0.00022491695536491747,0.9985668037395807,0.9985852830921336,0.9985668037395807,0.9985852830921336,0.0,-2.446344704103511e-21
1683,16,6.111438274383545,-6.08740589723221,-5.845362230480825,7.592402425832305,6.915938890604421,0.00019256411052454472,0.00021521110191280562,0.9984469020356446,0.9985437687751868,0.9984469020356446,0.9985437687751868,0.0,-1.7124412928724576e-21
1684,16,6.0211710929870605,-7.095015246543985,-6.2202581352997734,7.953348583071577,7.227161798344567,0.0001065219443534532,0.0001826043546449999,0.9985550292632027,0.9985471469215914,0.9985550292632026,0.9985471469215914,1.3572138499035673e-20,2.8729326446999813e-21
1685,16,5.9070916175842285,-7.073897569363681,-6.476349965518946,8.108681620300478,7.4916177449313395,5.036778751232116e-05,0.00014293338450519625,0.9985587490310339,0.998550627554424,0.998558749031034,0.9985506275544241,6.786043970482306e-21,4.0468660424346785e-21
1686,16,6.078456878662109,-6.445178713799505,-6.466998590003113,8.169509682057814,7.694985326069281,7.294316898506721e-05,0.00012193631984915753,0.9985085995268577,0.998538019146154,0.9985085995268576,0.9985380191461541,0.0,2.8328062297042746e-21
1687,16,6.184804916381836,-5.305065710124228,-6.118418726039447,8.11068781053502,7.819696071409002,0.00015112725825417752,0.00013069360137066353,0.9984214972698783,0.9985030625832713,0.9984214972698783,0.9985030625832714,2.714790735801934e-20,1.0127336568198793e-20
1688,16,5.937614917755127,-5.280205282100168,-5.8669546928576635,8.140051099882413,7.915802579951025,0.00020931799217605558,0.00015428091861228112,0.9983126210811175,0.9984459301326252,0.9983126210811174,0.9984459301326252,0.0,7.089135597739155e-21
1689,16,6.221424102783203,-6.116222989844855,-5.94173518195382,8.11547484104734,7.975704258279919,0.00018278576484882477,0.0001628323724832442,0.9983749612857854,0.9984246394785732,0.9983749612857854,0.9984246394785732,0.0,4.962394918417408e-21
1690,16,6.107831954956055,-6.165336254190736,-6.008815503624895,8.149617657863178,8.027878278154896,0.00016396306523370187,0.00016317158030838147,0.9983781731440989,0.9984106995782308,0.9983781731440989,0.9984106995782308,-2.714908542799789e-20,-4.671049185507182e-21
1691,16,5.822444915771484,-6.026180046870746,-6.01402486659865,8.207033110981405,8.081624728002847,5.896474577555321e-05,0.000131909529948533,0.998420118384869,0.9984135252202222,0.9984201183848689,0.9984135252202222,0.0,-3.269734429855027e-21
1692,16,6.091681957244873,-5.002604476391957,-5.710598749536641,8.127489484750859,8.09538415502725,0.00015732503509312954,0.00013953418149191194,0.9982786797186707,0.9983730715697567,0.9982786797186707,0.9983730715697567,0.0,-2.2888141008985185e-21
1693,16,5.753698825836182,-4.5190596323836685,-5.353137014390748,8.04927266732292,8.081550708715952,0.0002151572570077996,0.00016222110414667822,0.9982227606705767,0.9983279783000026,0.9982227606705767,0.9983279783000026,2.7153312246586355e-20,6.543823803346944e-21
1694,16,5.728273868560791,-4.528402630986922,-5.105716699369601,8.059665280745493,8.074985080324813,0.00021022102349138504,0.00017662107995009026,0.9982214599800536,0.9982960228040179,0.9982214599800536,0.9982960228040179,0.0,4.58067666234286e-21
1695,16,5.7064337730407715,-4.718657836424594,-4.989599040486098,8.172150447740457,8.104134690549506,0.00014325605591200267,0.000166611572738664,0.9981792192567713,0.9982609817398438,0.9981792192567714,0.9982609817398439,0.0,3.206473663640002e-21
1696,16,5.485653400421143,-4.770794826566234,-4.9239577763101385,8.161797860207212,8.121433641446817,0.00010353411693894896,0.00014768833599874948,0.9982620094179689,0.9982612900432812,0.9982620094179689,0.9982612900432815,1.357612232881679e-20,6.317368263193039e-21
1697,16,5.753903388977051,-4.118757590225655,-4.6823977204847935,8.118612309899062,8.12058724198249,0.00015374841989650626,0.0001495063611680765,0.9982717666533888,0.9982644330263134,0.9982717666533888,0.9982644330263136,2.71519792681353e-20,1.2567751564675717e-20
1698,16,5.947622776031494,-3.8741262665616936,-4.439916284307863,8.192947138044616,8.142295210801127,0.00016848551830313848,0.0001552001083085951,0.9982685922278222,0.998265680786766,0.9982685922278222,0.998265680786766,-2.715206560956469e-20,6.518064124035943e-22
1699,16,5.924198150634766,-3.8251723946812124,-4.255493117419867,8.172335178355535,8.151307201067448,0.0001913103701513973,0.00016603318686143575,0.9982339167009487,0.9982561515610208,0.9982339167009487,0.9982561515610208,-2.7153008787476165e-20,-7.689638147560334e-21
1700,16,5.483500003814697,-4.187302672703575,-4.23503598400498,8.19324165755975,8.163887538015139,0.00015063549507312901,0.00016141387932494373,0.9982190580859481,0.998245023518499,0.9982190580859481,0.998245023518499,0.0,-5.382746703292234e-21
1701,16,5.7032060623168945,-3.8916096601796983,-4.132008086857395,8.141765183937405,8.157250831791817,0.00015118225146656483,0.00015834439096743005,0.9982532229963936,0.9982474833618673,0.9982532229963936,0.9982474833618673,0.0,-3.767922692304563e-21
1702,16,5.693553924560547,-3.869954559433836,-4.053392028630327,8.072960343953365,8.131963685440281,0.00017926693167672058,0.0001646211531802172,0.9982514341797862,0.9982486686072429,0.9982514341797862,0.9982486686072429,-2.7152532302053234e-20,-1.0783305575229165e-20
1703,16,6.131786346435547,-4.814691710306253,-4.281781933133105,8.390665255602954,8.209574156489083,0.000145110276447198,0.00015876789016031144,0.998108841138455,0.9982067203666065,0.998108841138455,0.9982067203666065,0.0,-7.548313902660415e-21
1704,16,5.896633625030518,-5.642503408769112,-4.689998375823906,8.577919784478244,8.32007784488583,5.4175460425716015e-05,0.0001273901612399328,0.9981835414706387,0.9981997666978161,0.9981835414706387,0.9981997666978161,0.0,-5.2838197318622905e-21
1705,16,5.813755035400391,-5.3718073655073475,-4.894541072728939,8.510561885498172,8.377223057069532,8.842555656993868e-05,0.00011570077983893455,0.9982113349036468,0.9982032371595653,0.9982113349036468,0.9982032371595653,1.3576811524963274e-20,3.7436964518537945e-22
1706,16,5.948276519775391,-4.966307558714857,-4.916071018524714,8.557558637690297,8.43132373125576,0.00012280978847854822,0.00011783348243081865,0.9981166086687528,0.9981772486123215,0.9981166086687528,0.9981772486123215,0.0,2.620587516297656e-22
1707,16,6.5115437507629395,-5.330026826862226,-5.040257761025967,8.55085226231819,8.467182290574488,0.00016004286622800976,0.00013049629756997598,0.9979891929445114,0.9981208319119784,0.9979891929445114,0.9981208319119784,0.0,1.834411261408359e-22
1708,16,6.197873592376709,-6.696606695149244,-5.53716244126295,8.43757111516291,8.458298937951014,7.000025646274086e-05,0.00011234748523780545,0.9980091889416666,0.9980873390208848,0.9980091889416666,0.9980873390208848,0.0,1.2840878829858513e-22
1709,16,5.727776050567627,-7.257753596304281,-6.053339787775348,8.501795395752918,8.471347875291585,2.4674335212087032e-05,8.604554023008992e-05,0.9980339563371056,0.998071324215751,0.9980339563371057,0.9980713242157511,-3.3948061260881515e-21,-9.285556860174357e-22
1710,16,5.750013828277588,-6.497266320536189,-6.1865177476036,8.505585920616547,8.481619288889073,5.172851265026639e-05,7.575043195614285e-05,0.9979879643970717,0.9980463162701472,0.9979879643970717,0.9980463162701472,-6.789925149175762e-21,-2.6869665249649334e-21
1711,16,5.751392364501953,-5.96913283043939,-6.1213022724543364,8.481982461816838,8.481728240767403,0.0001401431682091105,9.506825283203313e-05,0.9978406207403536,0.9979846076112091,0.9978406207403537,0.9979846076112091,-2.716371106642948e-20,-1.0029989887404297e-20
1712,16,6.208599090576172,-7.179294918912801,-6.438700066391876,8.516131662133738,8.492049267177302,0.00013287646804521536,0.00010641071739598778,0.9976907422902083,0.9978964480149087,0.9976907422902083,0.9978964480149087,0.0,-7.020992921183008e-21
1713,16,6.285745143890381,-7.495491576072501,-6.755737519296064,8.531871272466141,8.503995868763953,0.00010346183386149058,0.00010552605233563861,0.9977307507328312,0.9978467388302854,0.9977307507328312,0.9978467388302854,-1.3583351165747372e-20,-8.989700394552317e-21
1714,16,6.187767505645752,-7.517156313894478,-6.984163157675587,8.548841961747087,8.517449696658893,9.589029858380156e-05,0.00010263532621008749,0.9977359381889632,0.9978134986378887,0.9977359381889632,0.9978134986378887,1.358328054281439e-20,-2.2178061133423042e-21
1715,16,5.793501853942871,-6.741742935811492,-6.911437091116358,8.689824684556672,8.569162193028227,0.00017814842184224103,0.00012528925489973354,0.9976703324725671,0.9977705487882922,0.9976703324725672,0.9977705487882922,0.0,-1.5524642793396128e-21
1716,16,6.084107398986816,-6.666654248019511,-6.838002238187303,8.786970517841084,8.634504690472085,0.0002553677343689202,0.00016431279874048956,0.9975527406984395,0.9977052063613363,0.9975527406984395,0.9977052063613363,0.0,-1.0867249955377289e-21
1717,16,6.513035774230957,-7.898683363491463,-7.156206575778551,9.297287256062981,8.833339460149354,0.00010227044889319216,0.00014570009378630033,0.9974680975643295,0.9976340737222342,0.9974680975643295,0.9976340737222342,1.3586927931993097e-20,3.315370882721519e-21
1718,16,6.504439353942871,-8.055867788024937,-7.4261049394524665,9.310379178799975,8.97645137574454,8.445970986337746e-05,0.00012732797860942347,0.9974900999662825,0.9975908815954486,0.9974900999662826,0.9975908815954486,-1.3586628234733268e-20,-1.755228852514917e-21
1719,16,6.189369201660156,-7.243724944623297,-7.371390941003716,9.371829183564227,9.095064718090446,0.00012900436525946186,0.000127830894604435,0.9973942231913895,0.9975318840742308,0.9973942231913894,0.9975318840742308,-2.717586856018559e-20,-9.381420764816119e-21
1720,16,6.30064582824707,-6.862925286632405,-7.218851244692322,9.399648432432008,9.186439832392914,0.00018204303764376514,0.00014409453751623404,0.9972935724402746,0.9974603905840439,0.9972935724402746,0.9974603905840439,-2.7178611254672316e-20,-1.4720577911772977e-20
1721,16,6.65894889831543,-7.305986393966717,-7.244991789474641,9.587858810310484,9.306865525768185,0.00014879833622311088,0.0001455056771282971,0.9972361100404861,0.9973931064209764,0.9972361100404861,0.9973931064209764,0.0,-1.0304404538241083e-20
1722,16,6.446197509765625,-8.103149416544879,-7.502439077595712,9.621323320037504,9.40120286404898,0.00011519057779262833,0.00013641114732759649,0.9972724070581145,0.9973568966121178,0.9972724070581145,0.9973568966121178,0.0,-7.213083176768758e-21
1723,16,6.6920084953308105,-8.375808149581053,-7.764449799191313,9.684987014197096,9.486338109093413,9.124411628831009e-05,0.00012286103801581054,0.9972684273554554,0.997330355835119,0.9972684273554554,0.997330355835119,-1.358964826752536e-20,-9.126052703995739e-21
1724,16,6.650092601776123,-8.44022893159901,-7.967183538913622,9.745986904880445,9.564232747829521,7.519664804838767e-05,0.00010856172102558367,0.9972546307720093,0.9973076383161861,0.9972546307720092,0.997307638316186,1.358983627438995e-20,-2.311286010480032e-21
1725,16,6.491931915283203,-8.280124195842156,-8.06106573599218,9.750273519093142,9.620044979208608,6.0679832950347544e-05,9.419715460301283e-05,0.9972976301663252,0.9973046358712279,0.9972976301663251,0.9973046358712276,0.0,-1.6179002073360223e-21
1726,16,6.629937171936035,-8.144810824535586,-8.086189262555202,9.632579093793762,9.623805213584152,0.00017460326818458382,0.00011831898867748412,0.9973174470663746,0.997308479229772,0.9973174470663745,0.9973084792297716,0.0,-1.1325301451352156e-21
1727,16,6.703451156616211,-9.403379905316287,-8.481346455383527,10.045350969078614,9.750268940232491,4.479648789806845e-05,9.626223844365941e-05,0.9973067830184746,0.9973079703663826,0.9973067830184748,0.9973079703663825,-6.79456280997627e-21,-2.8311399445875317e-21
1728,16,6.777095794677734,-9.997246025078523,-8.936116326292025,10.29550164049054,9.913838750309905,-2.0645653909342957e-05,6.11898707377587e-05,0.9974170301629097,0.9973406883053407,0.9974170301629096,0.9973406883053406,3.396905894482083e-21,-9.627261928666471e-22
1729,16,6.58546781539917,-9.563606056026634,-9.124363245212407,10.148451849565214,9.984222680086496,6.168414077514079e-06,4.4683433739685314e-05,0.99755113851675,0.9974038233687634,0.9975511385167501,0.9974038233687634,8.491123056746204e-22,-4.191746433042669e-22
1730,16,7.051914215087891,-9.014552525312936,-9.091420029242565,9.937444119691992,9.970189111968145,0.0002277135961965356,9.959248247674038e-05,0.9976065553386573,0.9974646429597316,0.9976065553386573,0.9974646429597316,2.717008440560644e-20,7.857603071368945e-21
1731,16,7.2081427574157715,-9.597853447862944,-9.243350054828678,10.148796027380282,10.023771186591786,0.00016041517178695322,0.00011783928926980422,0.9976518035038567,0.9975207911229691,0.9976518035038567,0.9975207911229691,0.0,5.500322149958261e-21
1732,16,6.959985256195068,-10.507329323335158,-9.622543835380622,10.432621825645585,10.146426378307925,9.322886991836366e-05,0.00011045616346437204,0.9978159718386704,0.9976093453376794,0.9978159718386705,0.9976093453376795,-1.3582191043801023e-20,-2.2443180816952393e-22
1733,16,6.7747063636779785,-10.422275743294906,-9.862463407754905,10.492989497653767,10.250395314111678,0.00011890591120491663,0.00011299108778653541,0.9979323773314406,0.9977062549358078,0.9979323773314407,0.9977062549358078,1.3580606726389077e-20,3.917079752198056e-21
1734,16,7.423304557800293,-10.420193091604311,-10.029782312909727,10.717342123902606,10.390479357048957,0.00016616236251647279,0.0001289424702055166,0.9980108567862099,0.9977976354909284,0.99801085678621,0.9977976354909284,0.0,2.741955826538639e-21
1735,16,7.147441864013672,-10.95710865423746,-10.307980215308046,10.963535087677634,10.56239607623756,0.00010560320744991366,0.00012194069137883572,0.9979999224930084,0.9978583215915523,0.9979999224930084,0.9978583215915523,0.0,1.919369078577047e-21
1736,16,7.234440803527832,-11.937069694447919,-10.796707059050007,11.223801543773364,10.760817716498302,1.0900705342537484e-05,8.862869556794625e-05,0.9981546817401946,0.997947229636145,0.9981546817401947,0.997947229636145,0.0,1.343558355003933e-21
1737,16,7.117892265319824,-12.028520501999544,-11.166251091934868,11.242639839865255,10.905364353508388,-4.448904167149494e-06,6.070541564741752e-05,0.9981694522719675,0.9980138964268918,0.9981694522719675,0.9980138964268918,0.0,9.40490848502753e-22
1738,16,6.950130462646484,-12.302341872151837,-11.507078325999958,11.256369684029266,11.01066595266465,-3.22117135205049e-05,3.283027689704079e-05,0.9982151484007779,0.9980742720190576,0.9982151484007777,0.9980742720190575,0.0,6.58343593951927e-22
1739,16,6.668595314025879,-11.988391894597768,-11.6514723965793,11.256813271164459,11.084510148214592,-3.2491724043201344e-06,2.2006442106632508e-05,0.998280624717851,0.9981361778286955,0.9982806247178511,0.9981361778286956,4.242459115610409e-22,5.881142892346612e-22
1740,16,7.12744665145874,-10.610164895366456,-11.339080146215446,11.190702920134735,11.116367979790635,0.00010261991314978666,4.619048341957875e-05,0.9982746464537845,0.9981777184162222,0.9982746464537844,0.9981777184162222,1.357595047035608e-20,4.484465143571087e-21
1741,16,6.9182915687561035,-9.824605459493739,-10.884737740198933,11.155729710709574,11.128176499066315,0.0001492966973324237,7.712234759343223e-05,0.9982155447291757,0.9981890663101083,0.9982155447291757,0.9981890663101083,0.0,3.1391256004997608e-21
1742,16,6.681912422180176,-10.045311621715614,-10.632909904653937,11.149006437102598,11.1344254804772,0.0001569038765375965,0.0001010568062766815,0.9981887608131143,0.99818897466101,0.998188760813114,0.99818897466101,0.0,2.1973879203498323e-21
1743,16,6.599244117736816,-10.11577187305856,-10.477768495175324,11.220286722054949,11.160183852950524,9.091515495196705e-05,9.801431087926715e-05,0.998181614294059,0.9981867665509245,0.998181614294059,0.9981867665509245,0.0,1.5381715442448825e-21
1744,16,6.737490177154541,-8.408525598286879,-9.85699562610879,10.771909670952635,11.043701598351158,0.00020304507587890202,0.00012952354037915759,0.9982602973686245,0.9982088257962345,0.9982602973686246,0.9982088257962345,0.0,1.0767200809714178e-21
1745,16,7.407196998596191,-8.043603021440934,-9.312977844708431,10.751813115244632,10.9561350534192,0.00010370826403666733,0.0001217789574764105,0.9981971479612088,0.9982053224457267,0.9981971479612088,0.9982053224457267,1.3577004486287587e-20,4.8268054025662684e-21
1746,16,7.141404628753662,-8.535161165878295,-9.07963284105939,10.747497252889525,10.893543713260296,7.45758204820383e-05,0.00010761801637809884,0.9981639672665594,0.9981929158919765,0.9981639672665594,0.9981929158919765,0.0,3.3787637817963875e-21
1747,16,7.20562219619751,-9.225494926705212,-9.123391466753136,10.776913921070477,10.85855477560335,-1.3443117075734969e-05,7.12996763419487e-05,0.9982732382349443,0.9982170125948667,0.9982732382349442,0.9982170125948666,0.0,2.3651346472574713e-21
1748,16,6.81190299987793,-8.459297557039818,-8.92416329383914,10.508158784757153,10.75343597834949,2.9168400374633355e-05,5.8660293551754096e-05,0.998338249958918,0.9982533838040821,0.9983382499589178,0.9982533838040819,0.0,1.6555942530802297e-21
1749,16,6.440445899963379,-7.922472021397408,-8.62365591210662,10.086907535240265,10.553477445416721,0.00013486531510552134,8.152180001788428e-05,0.9984158250252252,0.998302116170425,0.9984158250252252,0.9983021161704249,0.0,1.1589159771561606e-21
1750,16,6.3031229972839355,-7.913634226946249,-8.410649406558509,10.041050845602774,10.399749465472535,0.00014134283066180933,9.946810921106179e-05,0.9984288493041613,0.998340136110546,0.9984288493041613,0.9983401361105457,0.0,8.112411840093124e-22
1751,16,6.543894290924072,-8.524779997482417,-8.44488858383568,10.086988087312253,10.30592105202445,0.00011111787085196759,0.00010296303770333351,0.9984530094817466,0.9983739981219062,0.9984530094817465,0.998373998121906,0.0,5.678688288065186e-22
1752,16,6.293510913848877,-9.296901244561797,-8.700492382053515,10.42957996085802,10.34301872467452,-3.663703748858816e-05,6.1083015145757e-05,0.998486387481916,0.9984077149299091,0.998486387481916,0.9984077149299089,0.0,3.97508180164563e-22
1753,16,6.630860805511475,-9.545696103786584,-8.954053498573435,10.690729214054606,10.447331871488545,-0.00010221881212552529,1.2092466964372313e-05,0.9985502026078152,0.9984504612332809,0.9985502026078152,0.9984504612332807,0.0,2.7825572611519406e-22
1754,16,6.884122848510742,-9.52923324856182,-9.12660742356995,10.686398538889888,10.519051871708948,-0.00015732400640203073,-3.87324750455486e-05,0.9986571242632682,0.998512460142277,0.9986571242632682,0.998512460142277,0.0,1.9477900828063583e-22
1755,16,6.892180919647217,-8.817859453874396,-9.033983032661283,10.777424051593844,10.596563525674416,-0.00019897395367103686,-8.680491863319507e-05,0.99870415946263,0.9985699699383829,0.99870415946263,0.9985699699383829,0.0,1.3634530579644507e-22
1756,16,6.7590861320495605,-7.000105409616194,-8.423819745747755,10.626663244269505,10.605593441252942,-3.8317754125800624e-05,-7.225876928097673e-05,0.9985806100008885,0.9985731619571345,0.9985806100008886,0.9985731619571345,-6.785895410114536e-21,-1.940326908976849e-21
1757,16,6.696761608123779,-7.200593401359523,-8.056851842431286,10.68578100442036,10.629649710203168,-3.4809273409403216e-05,-6.102392051950467e-05,0.9985466077139996,0.998565195684194,0.9985466077139996,0.998565195684194,0.0,-1.3582288362837943e-21
1758,16,6.451241970062256,-7.3770475595984335,-7.8529105575814295,10.743943096431131,10.663937726071556,-5.040680447886043e-05,-5.783878570731139e-05,0.9985271855052653,0.9985537926305152,0.9985271855052652,0.9985537926305152,0.0,-9.50760185398656e-22
1759,16,7.22736120223999,-6.811387028180088,-7.5404534987610266,10.796305365030287,10.703648017759175,-0.00010770534172349995,-7.279875251216795e-05,0.9985809702793185,0.9985619459251561,0.9985809702793185,0.9985619459251561,1.3571785923657202e-20,3.406003647318102e-21
1760,16,6.659597396850586,-4.481196859129862,-6.622676506871676,10.609361436267603,10.675362043311702,5.352813885706604e-05,-3.4900685101397753e-05,0.9983833661506659,0.998508371992809,0.998383366150666,0.998508371992809,6.787236053582044e-21,4.420373369197284e-21
1761,16,6.525318145751953,-4.15931213628087,-5.883667195694434,10.688132151304373,10.679193075709502,3.954657902487965e-06,-2.3244082200232037e-05,0.9982715133867446,0.9984373144109897,0.9982715133867447,0.9984373144109897,-8.484995673979006e-22,2.8397114882187283e-21
1762,16,5.606533527374268,-4.330508363299,-5.417719545975803,10.979424393046552,10.769262470910617,-0.000139723253807987,-5.8187833682558525e-05,0.9980825927974158,0.9983308979269174,0.998082592797416,0.9983308979269174,0.0,1.9877980417531097e-21
1763,16,5.912852764129639,-4.334064399512515,-5.092623002036817,10.926721667772641,10.816500229969224,-0.00017725156699297244,-9.390695367568269e-05,0.9981749791167448,0.9982841222838656,0.9981749791167449,0.9982841222838656,0.0,1.3914586292271767e-21
1764,16,5.655001163482666,-2.490993163081266,-4.312134050350151,10.841067738118907,10.823870482414128,-7.615517831366505e-05,-8.858142106707739e-05,0.9980275775496588,0.9982071588636036,0.9980275775496588,0.9982071588636036,0.0,9.740210404590237e-22
1765,16,5.583845138549805,-2.179433320929851,-3.6723238315240607,10.880408240543595,10.840831809852967,-4.3261755872722315e-05,-7.498552150877086e-05,0.9979348528310156,0.9981254670538271,0.9979348528310156,0.9981254670538271,0.0,6.818147283213165e-22
1766,16,5.430896759033203,-2.2170960546287146,-3.2357554984554566,10.96950101518852,10.87943257145363,-7.665899792919011e-05,-7.548756443489664e-05,0.9979306209013864,0.9980670132080949,0.9979306209013864,0.9980670132080949,0.0,4.772703098249215e-22
1767,16,5.653933525085449,-2.138791481544913,-2.906666293382293,11.48214778284905,11.060247134872256,-0.00016912584699106434,-0.00010357904920174694,0.9977589837268944,0.9979746043637348,0.9977589837268944,0.9979746043637348,2.7165933611434944e-20,8.483869300307928e-21
1768,16,5.682258605957031,-1.8108351776784528,-2.577916958671141,11.47750986806393,11.185425954829757,-0.0001184809677638349,-0.00010804962477037333,0.9977304770091581,0.9979013661573617,0.9977304770091582,0.9979013661573617,0.0,5.938708510215549e-21
1769,16,5.938314437866211,-0.501370735894243,-1.9549530918380713,11.50731963856475,11.281994059950254,-2.3231262752450465e-05,-8.260411616499647e-05,0.9976397339546466,0.9978228764965471,0.9976397339546466,0.9978228764965471,0.0,4.157095957150884e-21
1770,16,5.568789482116699,-0.6817095018406873,-1.5729800148388562,11.650786351938212,11.392631747546641,-5.000466439675925e-05,-7.282428063452531e-05,0.9975481899918404,0.997740470545135,0.9975481899918403,0.9977404705451349,0.0,2.9099671700056186e-21
1771,16,5.4256768226623535,-0.6961185336034135,-1.3099215704682234,11.717548175113782,11.490106675816783,-8.669436544254677e-05,-7.698530607693174e-05,0.9975337598867302,0.9976784573476136,0.9975337598867302,0.9976784573476134,1.3586033577056772e-20,6.112787092120964e-21
1772,16,5.6967620849609375,0.5070266556070562,-0.7648371026456395,11.736710314015617,11.564087767276433,-9.481593492564064e-05,-8.23344947315444e-05,0.9975089379094623,0.9976276015161681,0.9975089379094623,0.997627601516168,0.0,4.278950964484675e-21
1773,16,5.681038856506348,1.8733802668971513,0.026628108217197743,11.739473008887062,11.61670333975962,-4.321996298670418e-05,-7.060013520809233e-05,0.99737982932002,0.9975532698573237,0.99737982932002,0.9975532698573235,0.0,2.995265675139272e-21
1774,16,5.552628040313721,1.5493308865670001,0.4834389417221384,11.89485587248695,11.700149099577818,-6.733955616684889e-05,-6.96219614957193e-05,0.9972075299624907,0.9974495478888739,0.9972075299624907,0.9974495478888736,-1.3590478159123582e-20,-1.980457475139584e-21
1775,16,5.690533638000488,1.3577929330598872,0.7457451391234631,12.054588745775279,11.806480993437056,-0.00017584109098248978,-0.00010148770034175044,0.9971885359764432,0.9973712443151446,0.9971885359764432,0.9973712443151445,0.0,-1.3863202325977087e-21
1776,16,5.668779373168945,1.3348062552443158,0.9224634739597188,12.075141115088462,11.887079029932476,-0.00018623852054599262,-0.00012691294640302308,0.9971924395369143,0.9973176028816755,0.9971924395369143,0.9973176028816753,0.0,-9.70424162818396e-22
1777,16,5.5851216316223145,2.085270493353135,1.2713055797777437,12.088392927627192,11.94747319924089,-0.00017732272582849883,-0.0001420358802306658,0.9971570700719992,0.9972694430387725,0.9971570700719993,0.9972694430387724,0.0,-6.792969139728772e-22
1778,16,5.760788440704346,2.3786962934466125,1.6035227938784042,12.146575644421779,12.007203932795155,-0.000184714013577698,-0.00015483932023477545,0.9970937522133181,0.9972167357911361,0.9970937522133181,0.9972167357911361,0.0,-4.75507839781014e-22
1779,16,5.838789939880371,2.3603278257085076,1.830564303427435,12.20695059752884,12.06712793221526,-0.00024355214074615167,-0.00018145316638818831,0.9970733873978318,0.9971737312731448,0.9970733873978318,0.9971737312731448,0.0,-3.3285548784670976e-22
1780,16,6.006272315979004,3.6834292831960505,2.3864237973580193,12.191173559708405,12.104341620463202,-0.00019827404682024171,-0.0001864994305178043,0.9970036306057917,0.9971227010729388,0.9970036306057916,0.9971227010729387,-2.718651515408048e-20,-8.38895338771684e-21
1781,16,5.744975566864014,4.846121630795965,3.124333147389403,12.099199802265794,12.10279907500398,-8.49461915189654e-05,-0.00015603345881815264,0.9969304011567037,0.9970650110980682,0.9969304011567037,0.9970650110980681,0.0,-5.872267371401788e-21
1782,16,5.607248783111572,4.634138889744668,3.577274870095982,12.139359827843174,12.113767300855736,-7.579871438859693e-05,-0.0001319630354892859,0.9968679150291363,0.9970058822773886,0.9968679150291363,0.9970058822773885,0.0,-4.110587159981251e-21
1783,16,5.743312835693359,4.364500871842247,3.813442670619861,12.199034036881647,12.139347321663509,-0.00011518926033641326,-0.0001269309029434241,0.9968629780869066,0.996963011020244,0.9968629780869065,0.9969630110202439,0.0,-2.877411011986876e-21
1784,16,5.773317813873291,4.7909670146617,4.106699973832413,12.19386521099795,12.15570268846384,-0.00014233173825756594,-0.00013155115353766665,0.9969107370691254,0.9969473288349084,0.9969107370691254,0.9969473288349082,2.7189048431583053e-20,6.142526821084103e-21
1785,16,5.743605136871338,5.478435760391457,4.518220709800126,12.197510129020452,12.168244920630823,-9.743049318654341e-05,-0.00012131495543232967,0.99682520554285,0.996910691847291,0.99682520554285,0.9969106918472908,-1.359569067947914e-20,2.2106157091512977e-22
1786,16,5.6237473487854,5.481464811011948,4.807193940163672,12.126112569461249,12.15560521527995,-5.730596441510916e-05,-0.00010211225812716351,0.9968479820154005,0.9968918788977238,0.9968479820154004,0.9968918788977235,-6.797690019228746e-21,-1.884563906128033e-21
1787,16,5.556690216064453,5.557793973538298,5.03237395017606,12.192739839949136,12.166745602680704,1.0350042320282072e-05,-6.837356799292982e-05,0.9968231026259596,0.9968712460161945,0.9968231026259596,0.9968712460161943,0.0,-1.319194734289623e-21
1788,16,5.393405437469482,5.004555474044945,5.024028407336726,12.504748488041143,12.268146468288835,-6.935304236915896e-05,-6.866741030579856e-05,0.9968121635648595,0.9968535212807939,0.9968121635648595,0.9968535212807939,0.0,-9.23436314002736e-22
1789,16,5.729284286499023,4.887249682849739,4.982994789990629,12.696739111604934,12.396724261283664,-9.121625566720072e-05,-7.54320639142192e-05,0.9968980920259232,0.9968668925043327,0.9968980920259232,0.9968668925043327,0.0,-6.464054198019152e-22
1790,16,6.0036516189575195,5.768986363431209,5.218792262022803,12.66008956234536,12.475733851602172,2.9723181029397832e-05,-4.388549043113409e-05,0.9968466728689189,0.9968608266137085,0.9968466728689189,0.9968608266137085,0.0,-4.524837938613406e-22
1791,16,5.945101737976074,5.782991123050233,5.388051920331032,12.72108906908353,12.549340416846578,1.3329564089629732e-05,-2.6720974074904942e-05,0.9968718457008038,0.996864132339837,0.9968718457008038,0.996864132339837,-1.6993818230643955e-21,-8.265532026222571e-22
1792,16,6.004528045654297,5.893770245791402,5.539767417969142,12.791474533467435,12.621980651832834,6.125728986917868e-05,-3.274948916798541e-07,0.9967746384424161,0.9968372841706106,0.9967746384424162,0.9968372841706107,-1.3596380398729153e-20,-4.6575013614543254e-21
1793,16,5.787923336029053,4.722198971046747,5.294496883892423,12.963615432002472,12.724471085883724,-5.571694887042008e-05,-1.6944331085301925e-05,0.9968767174984917,0.9968491141689748,0.9968767174984916,0.9968491141689749,0.0,-3.2602509530180274e-21
1794,16,6.0331339836120605,3.8962208469271453,4.8750140728028395,12.999106373547978,12.806861672182999,-0.00011557462813403363,-4.653342019992143e-05,0.9969510018391505,0.9968796804700275,0.9969510018391504,0.9968796804700275,0.0,-2.282175667112619e-21
1795,16,5.929431915283203,4.151363420950128,4.657918877247026,12.968791193024092,12.855440528435325,-0.0001171185206150755,-6.770895032446765e-05,0.996947179145979,0.996899930072813,0.996947179145979,0.996899930072813,0.0,-1.5975229669788332e-21
1796,16,5.759340763092041,4.782136075060109,4.69518403659095,12.819338316807187,12.844609864946884,-4.071689621698558e-05,-5.9611334092223026e-05,0.9968725620796399,0.996891719674861,0.99687256207964,0.996891719674861,6.797522407375725e-21,9.209906453275343e-22
1797,16,5.936819076538086,4.070865922222733,4.5078886022804845,12.827138760119185,12.839368533498574,-3.7372190467744984e-05,-5.2939591004879614e-05,0.9968529985613729,0.9968801033408144,0.9968529985613729,0.9968801033408144,0.0,6.44693451729274e-22
1798,16,5.951932430267334,3.2302629288658724,4.124600900256101,13.13316869272476,12.927508581266428,-0.00013451229816700168,-7.741140315351623e-05,0.9968971348840523,0.9968852128037857,0.9968971348840522,0.9968852128037857,-2.718941941315757e-20,-7.705540407736779e-21
1799,16,5.942094802856445,2.7871956511473845,3.7233793255234855,13.298487635127346,13.038802297424704,-0.00014359882393869368,-9.726762938906946e-05,0.9969402335849031,0.9969017190381209,0.9969402335849031,0.9969017190381209,0.0,-5.393878285415745e-21
1800,16,5.527604103088379,2.726646529307525,3.4243594866586973,13.346974428340085,13.131253936699318,-8.710058932363548e-05,-9.421751736943926e-05,0.9969903090333634,0.9969282960366936,0.9969903090333634,0.9969282960366936,0.0,-3.775714799791021e-21
1801,16,5.646471977233887,2.7062365470897025,3.2089226047879986,13.303874841657404,13.183040208186743,-3.6026457475592676e-05,-7.676019940128528e-05,0.9970239282124477,0.9969569856894198,0.9970239282124477,0.9969569856894198,0.0,-2.6430003598537146e-21
1802,16,5.65657377243042,2.4150817745223763,2.9707703557083116,13.62069738487089,13.314337361191987,-9.507923040349572e-05,-8.225590870194841e-05,0.9970282113285364,0.9969783533811547,0.9970282113285363,0.9969783533811547,0.0,-1.8501002518976e-21
1803,16,5.777632713317871,2.3821790843830435,2.7941929743107314,13.62490791787237,13.4075085281961,-5.761556367157322e-05,-7.486380519283585e-05,0.9970859923211922,0.997010645063166,0.9970859923211922,0.997010645063166,6.796067370537844e-21,7.437500348330331e-22
1804,16,5.553576946258545,3.1283481898887313,2.8944395389841313,13.56566356221847,13.45495503840281,-1.7134934368402832e-05,-5.754514394550594e-05,0.9971400060152587,0.9970494533487937,0.9971400060152587,0.9970494533487937,3.39784961848713e-21,1.5399799099292622e-21
1805,16,5.977742671966553,3.840013231628815,3.1781116467775363,13.283463464255037,13.403507566158478,7.500818525554305e-05,-1.777914518519124e-05,0.9971547104246576,0.9970810304715527,0.9971547104246576,0.9970810304715527,0.0,1.0779859369504834e-21
1806,16,6.015897750854492,3.683374718631458,3.329690568333713,13.175724282857344,13.335172581168136,6.305983203690481e-05,6.472547981437577e-06,0.9971538556266829,0.9971028780180917,0.9971538556266829,0.9971028780180917,1.3591209701086125e-20,4.831953066191176e-21
1807,16,6.080874919891357,2.757819776511452,3.1581293307870344,13.164766795524868,13.284050845475154,3.09490197277596e-05,1.3815489505334183e-05,0.9971573876899473,0.9971192309196484,0.9971573876899473,0.9971192309196484,6.795580779612487e-21,5.4210413802175695e-21
1808,16,6.011301040649414,2.268863577779467,2.891349604884764,13.197575729738306,13.258108310754098,-4.7307031823023417e-05,-4.521266893173097e-06,0.9972356239185778,0.9971541488193272,0.9972356239185778,0.9971541488193272,-6.795047645216965e-21,1.7562146725872086e-21
1809,16,5.8049845695495605,2.25862692925802,2.701532802196741,13.19032842083252,13.237774343777623,-0.00010084009656136032,-3.3416915793629264e-05,0.9972264779640844,0.9971758475627543,0.9972264779640844,0.9971758475627543,1.3590219930519038e-20,5.306416249966757e-21
1810,16,5.617353916168213,3.6635196724310948,2.9901288632670466,12.718531149235213,13.082001385414898,1.739856536174455e-05,-1.8172271447017118e-05,0.9973504503467133,0.9972282283979419,0.9973504503467133,0.9972282283979419,3.397132660680476e-21,4.733631173180872e-21
1811,16,5.9258222579956055,4.582510829410502,3.467843453110083,12.552503271352261,12.923151951196107,9.789009930605558e-05,1.6646439778904692e-05,0.9972995064918098,0.9972496118261023,0.9972995064918098,0.9972496118261023,-1.3589224769339744e-20,-7.632256095753126e-22
1812,16,5.595184803009033,4.082827210849742,3.6523385804319806,12.523380498498327,12.803220515386773,7.019806302226404e-06,1.3758449735901204e-05,0.9972453099103072,0.9972483212513636,0.9972453099103071,0.9972483212513636,8.493727058295045e-22,-2.7944611495386745e-22
1813,16,5.530284404754639,3.652785061204676,3.6524725246637892,12.49158479833092,12.709729800270017,-0.00012201464854955633,-2.697347974973606e-05,0.9972900818231775,0.9972608494229077,0.9972900818231774,0.9972608494229076,0.0,-1.956122804677072e-22
1814,16,5.816593170166016,4.5030337527858055,3.907640893100394,11.923014234279377,12.473715130472826,-3.661084701357266e-05,-2.9864689928887035e-05,0.9973652013282103,0.9972921549944984,0.9973652013282104,0.9972921549944984,0.0,-1.3692859632739503e-22
1815,16,5.825444221496582,5.5655587004976335,4.405016235319565,11.550020040106276,12.19660660336286,1.529685811802362e-05,-1.6316225514813835e-05,0.9972284337876692,0.9972730386324495,0.9972284337876692,0.9972730386324495,1.6987741595716502e-21,4.1378223044231857e-22
1816,16,5.800044059753418,4.979542839244231,4.577374216496965,11.74273097973441,12.060443916274323,-6.102291718807849e-05,-2.972823301679323e-05,0.9970700857079651,0.9972121527551041,0.9970700857079651,0.9972121527551041,0.0,2.8964756130962297e-22
1817,16,6.023456573486328,4.249005350034795,4.478863556558314,11.808724234870068,11.984928011853047,-0.00019390382306456392,-7.898091003112444e-05,0.9971474448540977,0.9971927403848021,0.9971474448540977,0.9971927403848021,0.0,2.0275329291673607e-22
1818,16,6.953891754150391,5.342422225337497,4.737931157192069,11.284237587228548,11.774720884465697,-0.00011250188964173724,-8.903720391430827e-05,0.9973055266827583,0.997226576274189,0.9973055266827583,0.997226576274189,0.0,1.4192730504171524e-22
1819,16,6.0700459480285645,6.637872217233217,5.307913475204413,10.944394720486708,11.525623035272002,-1.1377505050207676e-05,-6.57392942550781e-05,0.9970559998148792,0.997175403336396,0.9970559998148792,0.997175403336396,1.699067950870496e-21,6.090694987903495e-22
1820,16,5.9723591804504395,6.605134947356826,5.697079916850137,10.860449361602138,11.326070933171042,-0.000122326667013122,-8.271550608249126e-05,0.9969601227886421,0.9971108191720697,0.9969601227886421,0.9971108191720697,-1.3593850793309988e-20,-3.651806588839751e-21
1821,16,5.671590805053711,5.57424453162374,5.660229301282218,10.529481253061507,11.08709402913818,-0.00020885955596281814,-0.00012055872104658932,0.9969280352657305,0.9970559840001678,0.9969280352657306,0.9970559840001679,0.0,-2.556264612187826e-21
1822,16,6.033870697021484,5.481780473042693,5.60669465281036,10.468347487274572,10.901470066579098,-0.000295010633654548,-0.00017289429482897692,0.9969115395580552,0.997012650667534,0.9969115395580551,0.9970126506675341,0.0,-1.789385228531478e-21
1823,16,5.496826171875,5.733738427423483,5.644807785194296,10.058193418927567,10.648487072283638,-0.0002629762142435551,-0.00019991887065335035,0.9968516438870505,0.9969643486333889,0.9968516438870505,0.9969643486333889,0.0,-1.2525696599720345e-21
1824,16,5.274899482727051,5.477858464550174,5.59472298900106,9.961522037646947,10.44239756189263,-0.0003336100538011537,-0.00024002622559769133,0.996914834204828,0.9969494943048205,0.996914834204828,0.9969494943048205,0.0,-8.767987619804242e-22
1825,16,5.661921501159668,7.047923980172254,6.030683286352417,9.26661165181948,10.089661788870684,-0.00014750666005865877,-0.00021227035593598156,0.9969955158150309,0.9969633007578835,0.9969955158150309,0.9969633007578835,0.0,-6.137591333862969e-22
1826,16,5.775722026824951,7.874437406329709,6.583809522345605,9.242286657734054,9.835449249529695,-0.00011406036250637208,-0.0001828073579070987,0.996946442557294,0.9969582432977067,0.996946442557294,0.9969582432977067,0.0,-4.296313933704078e-22
1827,16,5.944956302642822,7.501435811672427,6.859097409143651,9.227650916976037,9.653109749763598,-3.8560139026570804e-05,-0.00013953319224294032,0.996813903894313,0.9969149414766885,0.9968139038943129,0.9969149414766885,0.0,-3.0074197535928546e-22
1828,16,5.655327796936035,6.409195792246013,6.724126924074359,9.406840648647691,9.579229019428826,-0.00022811893801096865,-0.0001661089159733488,0.9970331103424744,0.9969503921364242,0.9970331103424744,0.9969503921364242,0.0,-2.1051938275149982e-22
1829,16,6.250855445861816,6.904575307002052,6.778261438952667,9.291666995715188,9.492960412314734,-0.00022002358225188277,-0.00018228331585690898,0.9972801285533566,0.9970493130615039,0.9972801285533565,0.9970493130615039,0.0,-1.4736356792604986e-22
1830,16,6.1194658279418945,8.352390165365406,7.250500056876488,9.257857058355734,9.422429406127034,-5.408069308976167e-05,-0.0001438225290267648,0.997207875168237,0.9970968816935237,0.9972078751682371,0.9970968816935238,0.0,-1.0315449754823489e-22
1831,16,5.981751918792725,8.336403906017846,7.576271211618895,9.475136762982531,9.438241613183681,-6.821952764454854e-05,-0.00012114162861209991,0.997265354676312,0.9971474235883602,0.997265354676312,0.9971474235883602,0.0,-7.220814828376442e-23
1832,16,5.604840278625488,7.421551028387277,7.529855156649409,9.811243802813028,9.550142270072485,-0.00018171473150218638,-0.00013931355947912586,0.997341827737057,0.9972057448329692,0.9973418277370569,0.9972057448329692,0.0,-5.054570379863509e-23
1833,16,5.816539764404297,7.422622456337748,7.49768534655591,9.663342401751018,9.584102309576044,-0.00019490208157112014,-0.00015599011610672412,0.9976010210451316,0.9973243276966179,0.9976010210451316,0.9973243276966179,0.0,-3.538199265904456e-23
1834,16,6.2811431884765625,8.87906063289225,7.9120979324568115,9.583783423929665,9.58400664388213,4.1926184391105294e-07,-0.00010906730272153355,0.9974943705156912,0.9973753405423398,0.9974943705156912,0.9973753405423398,5.307253932272794e-23,-8.845633064512809e-24
1835,16,6.268656253814697,7.43554213740853,7.769131193942327,9.91309185145639,9.682732206154409,-0.00012266380115012022,-0.00011314625225010956,0.9975505907483071,0.9974279156041299,0.9975505907483072,0.9974279156041299,0.0,-6.191943145158966e-24
1836,16,6.152661323547363,6.669602842773366,7.439272688591639,10.219805038362226,9.843854055816752,-0.0003062486234627734,-0.0001710769636139087,0.9977552562445375,0.9975261177962522,0.9977552562445375,0.9975261177962522,0.0,-4.334360201611276e-24
1837,16,6.213904857635498,7.149805327992023,7.352432480411753,10.012462896263521,9.894436707950783,-0.0002640262527204196,-0.00019896175034586196,0.9979501427431944,0.9976533252803348,0.9979501427431944,0.9976533252803348,0.0,-3.034052141127893e-24
1838,16,5.983665943145752,8.191333926251112,7.60410291416356,9.850580040721397,9.881279707781967,-0.0001402330717025631,-0.00018134314675287232,0.997950201800678,0.9977423882364376,0.9979502018006782,0.9977423882364377,2.716072832414872e-20,8.146094660745827e-21
1839,16,5.673863410949707,7.981581644817145,7.717346533359635,9.865933547095304,9.876675859575968,-0.00013691388026439494,-0.0001680143668063291,0.9979410274465269,0.9978019799994643,0.9979410274465269,0.9978019799994644,2.716097802040712e-20,1.3850559668644213e-20
1840,16,5.926380157470703,6.758892329785262,7.429810272287323,9.87339061913353,9.875690287443238,-0.0002567791299279845,-0.0001946437957428257,0.998161499608737,0.997909835882246,0.998161499608737,0.9979098358822461,0.0,9.695391768050948e-21
1841,16,5.920186996459961,6.570659415798463,7.172065015340665,9.863851593981162,9.872138679404614,-0.0003218186618387148,-0.0002327962555715924,0.9982697488789846,0.9980178097812675,0.9982697488789847,0.9980178097812678,0.0,6.786774237635664e-21
1842,16,6.352390289306641,8.029320504634763,7.429241662128894,9.206748494069622,9.672521623804116,-0.00019395557472366983,-0.00022114405131721564,0.998442607262591,0.9981452490256646,0.998442607262591,0.9981452490256647,2.714733337197114e-20,1.2894941977936307e-20
1843,16,6.482729434967041,8.76173934302488,7.82899096639769,8.931192344604653,9.450122840044276,-0.00010317005240068572,-0.00018575185164225667,0.9983711189310831,0.9982130099972901,0.9983711189310831,0.9982130099972901,0.0,9.026459384555414e-21
1844,16,6.413660526275635,8.875361357544127,8.142902083741621,8.696652326141889,9.224081685873559,-4.718756019183865e-05,-0.00014418256420713123,0.998263979448017,0.9982283008325081,0.9982639794480171,0.9982283008325081,0.0,6.318521569188789e-21
1845,16,6.252890586853027,7.411799152533966,7.923571204379325,8.646467583526197,9.050797455169349,-0.00029028829080262393,-0.00018801428218577905,0.9983230994661282,0.998256740422594,0.9983230994661282,0.998256740422594,-5.430116627899834e-20,-1.1867384785267347e-20
1846,16,6.223597526550293,6.443741139160813,7.479622184813771,8.223540438947397,8.802620350302762,-0.00036644805447483606,-0.00024154441387249615,0.9985192060961315,0.9983354801246552,0.9985192060961315,0.9983354801246552,0.0,-8.307169349687143e-21
1847,16,5.553926467895508,7.063095429407743,7.354664158191962,7.689882366033441,8.468798955021965,-0.00031143346714829364,-0.0002625111298552354,0.9986108380356974,0.9984180874979678,0.9986108380356974,0.9984180874979678,0.0,-5.8150185447809995e-21
1848,16,5.828399181365967,8.084213393584761,7.573528928809802,7.116952865815339,8.063245128259977,-6.328500045914137e-05,-0.00020274329103640715,0.9984975707499807,0.9984419324735716,0.9984975707499807,0.9984419324735716,0.0,-4.0705129813466995e-21
1849,17,6.116092205047607,6.590889507850584,7.278737102522036,7.481923555081998,7.888848656306584,-0.0004459797694400889,-0.0002757142345575117,0.9984752804130267,0.9984519368554081,0.9984752804130267,0.9984519368554081,0.0,-2.8493590869426895e-21
1850,17,6.180238723754883,6.449103499784004,7.0298470217006255,7.469956258997207,7.76318093711377,-0.0004824157479987976,-0.0003377246885898974,0.9985526508140704,0.9984821510430067,0.9985526508140704,0.9984821510430067,0.0,-1.9945513608598824e-21
1851,16,6.175831317901611,7.187062706463577,7.077011727129511,6.885725066073555,7.499944175801705,-0.0002517276257013769,-0.00031192556972334126,0.9988422790751389,0.9985901894526463,0.998842279075139,0.9985901894526463,0.0,-1.3961859526019176e-21
1852,17,5.989395618438721,8.067169559234069,7.374059076760878,7.07879876565054,7.373600552756356,-0.00035727413678625445,-0.0003255301398422152,0.998648897521794,0.9986078018733906,0.998648897521794,0.9986078018733906,5.428345112962203e-20,1.5307705172065266e-20
1853,17,5.994592666625977,7.943034246224455,7.54475162759995,6.645620600600422,7.155206567109575,-0.00020257906254051298,-0.0002886448166517045,0.9986619648751278,0.9986240507739117,0.9986619648751278,0.9986240507739117,0.0,1.0715393620445685e-20
1854,17,5.650860786437988,6.704619965567237,7.292712128990136,6.802098170370681,7.049274048087907,-0.0003509090714847455,-0.0003073240931016168,0.9986865747867161,0.998642807977753,0.9986865747867162,0.998642807977753,0.0,7.50077553431198e-21
1855,17,5.684040069580078,6.628828467368564,7.093547030503664,6.5041644477229745,6.885741167978426,-0.0004315739755339304,-0.0003445990578313108,0.9989319910122236,0.9987295628880941,0.9989319910122235,0.9987295628880941,0.0,5.250542874018385e-21
1856,17,5.988418102264404,8.205325164236607,7.4270804706235465,6.103395807334809,6.65103755978534,-0.0001901251250815884,-0.0002982568780063941,0.998776670733915,0.9987436952418403,0.998776670733915,0.9987436952418403,-2.713825333166867e-20,-4.466095987687731e-21
1857,17,5.77710485458374,7.504648718597332,7.450350945015682,6.293543233636933,6.543789261940818,-0.0002785096202294645,-0.00029233270067331523,0.9986680597666101,0.9987210045992712,0.9986680597666101,0.9987210045992712,5.428240954951958e-20,1.315845567347446e-20
1858,17,5.887402534484863,6.732932486271558,7.235125407392444,6.334341386183769,6.480954899213703,-0.0004219994306962494,-0.00033123271968019547,0.9988173629999547,0.9987499121194763,0.9988173629999547,0.9987499121194763,5.427429541418343e-20,2.549320759568715e-20
1859,17,6.415836811065674,7.806572731721286,7.406559604691097,6.0552534771052,6.353244472581152,-0.0003580611455163715,-0.0003392812474310483,0.9988106023074081,0.9987681191758557,0.998810602307408,0.9987681191758557,0.0,1.7845245316981004e-20
1860,17,6.261876583099365,8.76445796233744,7.813929111984999,5.954621022024488,6.233657437414152,-0.00028188321799515147,-0.00032206183860027923,0.9986516793571031,0.9987331872302299,0.9986516793571032,0.99873318723023,0.0,1.2491671721886702e-20
1861,17,5.982470512390137,8.909944307345025,8.142733670593007,5.993259122739262,6.161537943011684,-0.0003375747295555929,-0.0003267157058868733,0.9985624114198683,0.9986819544871213,0.9985624114198683,0.9986819544871215,0.0,8.74417020532069e-21
1862,17,5.629091262817383,9.020864161608554,8.40617281789767,5.825287062488346,6.060662678854682,-0.00035147157993561517,-0.0003341424681014959,0.9984425591839627,0.9986101358961736,0.9984425591839629,0.9986101358961739,0.0,6.120919143724483e-21
1863,17,5.920785427093506,8.910729826019017,8.557539920334072,5.777777311697982,5.975797068707671,-0.0004101917215493761,-0.00035695724413585994,0.9983581282712707,0.9985345336087027,0.9983581282712707,0.9985345336087028,-5.429926104587734e-20,-1.2005134913156062e-20
1864,17,6.084847927093506,8.972749058772852,8.682102661865706,5.606118129183428,5.864893386850397,-0.00044554163042406894,-0.0003835325600223226,0.9983335168220059,0.9984742285726935,0.9983335168220059,0.9984742285726937,-5.430059966016388e-20,-2.469377433725841e-20
1865,17,6.043701171875,10.069485105268194,9.098317394886452,5.225171042787743,5.672976683631601,-0.00033912334387632107,-0.00037020979517852213,0.9983218938278055,0.9984285281492271,0.9983218938278053,0.9984285281492271,-5.430123185661157e-20,-3.3576011593064354e-20
1866,17,5.76979398727417,10.310314443442333,9.461916509453216,5.25445131227031,5.547419072223214,-0.0003236354851651782,-0.00035623750217451895,0.9982248764671252,0.9983674326445964,0.9982248764671252,0.9983674326445964,-5.430650938707651e-20,-3.9795160931268e-20
1867,17,5.8362555503845215,10.79537897782258,9.861955249964025,5.2614383440939205,5.461624853784425,-0.00026932096076455806,-0.00033016253975153064,0.9981042483478136,0.9982884773555616,0.9981042483478136,0.9982884773555616,0.0,-2.78566126518876e-20
1868,17,5.790211200714111,10.990273740783909,10.200450797209989,5.291061318980495,5.410455793343246,-0.00024556515356397886,-0.0003047833238952651,0.9980381913804945,0.9982133915630413,0.9980381913804945,0.9982133915630413,5.431666753081999e-20,-3.2046285970753243e-21
1869,17,5.751643180847168,10.67129739501639,10.341704776551909,5.379937654092972,5.401300351568164,-0.000305977483921233,-0.00030514157190305544,0.9980957427652405,0.998178096923701,0.9980957427652404,0.998178096923701,0.0,-2.243240017952727e-21
1870,17,6.321098327636719,11.278937633611257,10.622874633669714,5.538774230511701,5.442542515251225,-0.00021145549245613353,-0.00027703574806897885,0.9979796697353441,0.9981185687671938,0.9979796697353441,0.9981185687671938,-2.715992633329459e-20,-9.718245912555286e-21
1871,17,6.273654460906982,11.52013578701709,10.892052979673926,5.771911772643557,5.541353292468925,-0.00014950658039967563,-0.00023877699776818787,0.9977898519177084,0.9980199537123482,0.9977898519177084,0.9980199537123482,0.0,-6.8027721387887e-21
1872,17,6.120204448699951,9.593193019154489,10.502394991518095,6.3240359740298935,5.776158096937214,-0.00035944809913028775,-0.00027497832817681786,0.9977631007162232,0.9979428978135106,0.9977631007162232,0.9979428978135106,5.433164303767261e-20,1.1537552414149691e-20
1873,17,5.647762775421143,8.55303107729732,9.917585817251862,6.353116204835437,5.949245529306681,-0.0004569349081695815,-0.00032956530217464694,0.9979053733656384,0.997931640479149,0.9979053733656384,0.997931640479149,0.0,8.076286689904784e-21
1874,17,5.5590667724609375,8.614210316900621,9.52657316714649,6.40016615943732,6.084521718345872,-0.0004780344737358292,-0.00037410605364300163,0.9979153366129423,0.9979267493192869,0.9979153366129422,0.9979267493192869,-5.432335453253136e-20,-1.064360567682606e-20
1875,17,5.747531890869141,9.226415698312408,9.436525926496264,6.390292783726852,6.176253037960166,-0.0003550162828610148,-0.0003683791224084056,0.9978132142091006,0.9978926887862309,0.9978132142091006,0.9978926887862309,0.0,-7.45052397377824e-21
1876,17,5.643962383270264,8.695059975988785,9.214086141344021,6.691923715319024,6.330954241167822,-0.0004332658062473554,-0.00038784512756009047,0.9978586130110563,0.9978824660536785,0.9978586130110563,0.9978824660536785,5.432644256153209e-20,1.1082565986814856e-20
1877,17,5.6199445724487305,8.826369888686829,9.097771265546863,6.690754952932326,6.438894454697173,-0.00038310533754982133,-0.0003864231905570097,0.9977748324059581,0.9978501759593623,0.9977748324059581,0.9978501759593623,-5.433100421420443e-20,-8.541505073490927e-21
1878,17,5.583621501922607,8.700549493296908,8.978604733871876,6.646192297845407,6.501083807641642,-0.00032828323486747477,-0.00036898120385014916,0.9977418809180048,0.9978176874469551,0.9977418809180049,0.9978176874469551,0.0,-5.979053551443649e-21
1879,17,5.259183883666992,7.639170649012984,8.576774508414207,6.687352764332899,6.556964494649019,-0.00040380476676502784,-0.00037942827272461276,0.9978572663983768,0.9978295611323815,0.9978572663983768,0.9978295611323815,-1.086530317506007e-19,-3.678124701119076e-20
1880,17,5.064271450042725,7.723286749661742,8.320728180788468,6.675063080124396,6.592394070291631,-0.00038440925992302933,-0.0003809225688841377,0.9978570907604855,0.9978378200208127,0.9978570907604855,0.9978378200208127,5.432652543758614e-20,-9.44891527655769e-21
1881,17,5.470966815948486,8.001794973503843,8.22504821860308,6.523777846309092,6.571809203096868,-0.00034639978542757275,-0.0003705657338471682,0.997979820678992,0.9978804202182665,0.997979820678992,0.9978804202182665,0.0,-6.6142406935903825e-21
1882,17,5.384810924530029,8.215575146112096,8.222206296855784,6.524320514573073,6.5575625965397295,-0.0002885424616808451,-0.0003459587521972712,0.9979009913874097,0.9978865915690094,0.9979009913874097,0.9978865915690094,0.0,-4.6299684855132676e-21
1883,17,5.05058479309082,7.8358855548766675,8.106310074262048,6.581227535715976,6.564662078292603,-0.0002737608961527862,-0.0003242993953839257,0.9978508488446035,0.9978758687516875,0.9978508488446036,0.9978758687516877,5.432686526953832e-20,1.3057081641002205e-20
1884,17,5.256153106689453,7.881411473582997,8.03884049405833,6.536097314050856,6.556092649020078,-0.0003204672322463636,-0.00032314974644265704,0.9979763412458357,0.997906010499932,0.9979763412458357,0.997906010499932,0.0,9.139957148701543e-21
1885,17,5.392161846160889,8.65683832915038,8.224239844585945,6.439001451106145,6.520965289645897,-0.0001844409185764384,-0.00028153709808279145,0.9978249900164392,0.997881704354884,0.9978249900164392,0.997881704354884,0.0,6.39797000409108e-21
1886,17,5.328213691711426,8.336021748108061,8.25777441564258,6.4416307691790085,6.497164933505831,-0.00012525867915391326,-0.00023465357240412798,0.9977517083720499,0.9978427055600336,0.9977517083720497,0.9978427055600336,2.7166131698599363e-20,1.2628418512443565e-20
1887,17,5.424559593200684,6.748266333093356,7.804921990877812,6.853876813795714,6.604178497592795,-0.00029202544320865636,-0.0002518651336454865,0.9978730704499053,0.997851815026995,0.9978730704499053,0.997851815026995,5.432565546621458e-20,2.5137589598574868e-20
1888,17,5.311455726623535,6.37175011556904,7.37497042828518,7.177632574147284,6.776214720559141,-0.0004312428585390647,-0.0003056784511135599,0.997950124510382,0.9978813078720111,0.997950124510382,0.9978813078720111,0.0,1.7596312719002406e-20
1889,17,5.121798038482666,6.492440297677256,7.110211389102802,7.153065603037026,6.889269985302505,-0.00038703957590540013,-0.00033008678855111194,0.9979359906194718,0.9978977126962493,0.9979359906194719,0.9978977126962493,0.0,1.2317418903301684e-20
1890,17,4.91870641708374,6.557561637513644,6.944416463626054,7.095663820419214,6.951188135837517,-0.0003478253579447873,-0.00033540835936921455,0.9979269855598728,0.9979064945553363,0.9979269855598728,0.9979064945553363,0.0,8.622193232311179e-21
1891,17,5.313243865966797,6.082823456214578,6.685938561402612,7.088914899203353,6.992506164847267,-0.00035822379216667786,-0.0003422529892084535,0.997946640338216,0.9979185382902,0.997946640338216,0.9979185382902,-5.432165051019439e-20,-1.0260959890440491e-20
1892,17,5.078998565673828,5.964238491214914,6.469428540346302,7.132311096598412,7.0344476443726105,-0.00032792851343771293,-0.0003379556464772313,0.9978549224954385,0.9978994535517716,0.9978549224954385,0.9978994535517716,0.0,-7.182671923308343e-21
1893,17,5.1601176261901855,5.7099461769589555,6.241583831330097,7.263641483905206,7.1032057962323885,-0.0003591349590287409,-0.00034430944024268416,0.9978240068817847,0.9978768195507755,0.9978240068817846,0.9978768195507755,0.0,-5.02787034631584e-21
1894,17,5.065577983856201,4.775777334513683,5.801841882285172,7.372303985876624,7.183935253125659,-0.0004567735890851931,-0.00037804868489543683,0.9979295500237877,0.9978926386926791,0.9979295500237877,0.9978926386926791,0.0,-3.519509242421088e-21
1895,17,5.018383979797363,4.767526516524149,5.491547272556865,7.503553769705309,7.279820808099554,-0.0004909595234440978,-0.00041192193646003505,0.9978986145099444,0.9978944314378586,0.9978986145099444,0.9978944314378586,0.0,-2.4636564696947614e-21
1896,17,4.9488701820373535,4.648452696860129,5.238618899847844,7.56565580341168,7.365571306693191,-0.0004655352542822808,-0.00042800593180670874,0.9978263559256974,0.9978740087842102,0.9978263559256975,0.9978740087842102,0.0,-1.7245595287863327e-21
1897,17,4.95477819442749,3.9698365290840365,4.857984188618701,7.659032863241796,7.453609773657772,-0.0004801335591768633,-0.0004436442200177551,0.997763244356788,0.9978407794559834,0.9977632443567879,0.9978407794559834,0.0,-1.2071916701504328e-21
1898,17,4.9885711669921875,3.3774070486517345,4.413811046628611,7.691458030220215,7.524964250626505,-0.0005821774646812832,-0.00048520419341681353,0.9979297096704127,0.997867458520312,0.9979297096704127,0.997867458520312,0.0,-8.450341691053028e-22
1899,17,5.316387176513672,3.858549310895624,4.247232525908715,7.702431113563796,7.578204309507692,-0.0005909360955969496,-0.0005169237640708543,0.9980452242837606,0.9979207882493466,0.9980452242837606,0.9979207882493466,0.0,-5.91523918373712e-22
1900,17,5.072589874267578,4.7252455480770434,4.390636432559214,7.590994906062801,7.582041488474224,-0.00044725211945522005,-0.0004960222706861641,0.9979345434058795,0.9979249147963064,0.9979345434058795,0.9979249147963064,0.0,-4.1406674286159835e-22
1901,17,5.051797866821289,4.85535271623348,4.530051317661494,7.625700748006547,7.59513926633392,-0.0003652540861513706,-0.000456791815325726,0.9977546842801174,0.9978738456414497,0.9977546842801175,0.9978738456414498,0.0,-2.898467200031188e-22
1902,17,5.289737701416016,3.1931572943858764,4.128983110678808,7.603766652066908,7.597727482053816,-0.00042309388637963596,-0.00044668243664189896,0.997861849315623,0.9978702467437017,0.9978618493156229,0.9978702467437016,-5.432626636788937e-20,-1.6500772614368994e-20
1903,17,5.075750350952148,2.4207635815487327,3.6165172519397855,7.637345616604817,7.609612922419116,-0.0005490476798378095,-0.00047739200960067213,0.9980515734777607,0.9979246447639194,0.9980515734777607,0.9979246447639193,1.0863187848174494e-19,2.1039022714465186e-20
1904,17,5.086764812469482,2.669533994922049,3.3324222748344643,7.59856735467773,7.6062992520967,-0.0005715712628907,-0.0005056457855876805,0.9982237678634258,0.9980143816937712,0.9982237678634258,0.9980143816937712,1.0861313939720197e-19,4.7311257719286217e-20
1905,17,5.090191841125488,3.2689193708283275,3.3133714036326234,7.706666260546327,7.636409354631588,-0.0004778621452990946,-0.0004973106935011047,0.9980284081111481,0.9980185896189842,0.9980284081111481,0.9980185896189842,0.0,3.311788040350035e-20
1906,17,5.80891752243042,2.7250304695560836,3.1368691234096615,7.901288235170881,7.715873018793376,-0.0004920133092888407,-0.0004957214782374254,0.9980553384303925,0.9980296142624067,0.9980553384303924,0.9980296142624066,1.0863146869096379e-19,5.577195688973938e-20
1907,17,5.859052658081055,2.3531140284928185,2.9017425949346087,7.749778610243582,7.726044696228437,-0.0005723063396077012,-0.0005186969366485081,0.9984292626768005,0.9981495087867247,0.9984292626768005,0.9981495087867247,0.0,3.9040369822817566e-20
1908,16,5.78265380859375,3.864007460429262,3.1904220545830047,7.365388951620457,7.617847972846043,-0.0001035003559090296,-0.00039413796242666454,0.9981830900864395,0.998159583176639,0.9981830900864394,0.998159583176639,1.357719569753e-20,3.1401417585231296e-20
1909,16,5.5330729484558105,2.6827812101978443,3.0381298012674565,7.674322168973748,7.634790231684354,-0.00018558895633249387,-0.00033157326059841334,0.9981084613778088,0.9981442466369899,0.9981084613778088,0.9981442466369899,-5.431284346537099e-20,5.687139270050609e-21
1910,16,5.29079008102417,1.3540342303919246,2.5329011300047966,7.948174708529073,7.72880557473777,-0.0003828842666249978,-0.00034696656240638864,0.9983426711933704,0.9982037740039039,0.9983426711933703,0.9982037740039038,5.430010174710362e-20,2.0271028013166512e-20
1911,16,5.0006866455078125,1.2669992471096858,2.153130565136263,7.934339567818616,7.790465772662023,-0.0004072358948514581,-0.00036504736213990944,0.9984265796137108,0.9982706156868459,0.9984265796137108,0.9982706156868458,0.0,1.4189719609216557e-20
1912,16,4.734612941741943,1.2875271582987537,1.8934495430850102,7.804315662600989,7.794620739643712,-0.00031865264150060394,-0.00035112894594811777,0.9985279213303181,0.9983478073798876,0.9985279213303181,0.9983478073798875,0.0,9.93280372645159e-21
1913,16,4.745323181152344,1.299040391083267,1.715126797484487,7.82045869769107,7.802372127057919,-0.0003212219306510689,-0.0003421568413590031,0.9985220345112883,0.9984000755193079,0.9985220345112883,0.9984000755193077,0.0,6.952962608516112e-21
1914,16,5.209606647491455,0.676234337673177,1.4034590595410938,8.087706245725263,7.887972362658122,-0.0003187817919209468,-0.0003351443265275862,0.9984133381766286,0.998404054316504,0.9984133381766285,0.9984040543165038,0.0,4.867073825961278e-21
1915,16,5.395008087158203,-0.4785476172906914,0.8388570564915582,8.098020237533706,7.950986725120797,-0.00040921943223607316,-0.0003573668582401323,0.9986010279180023,0.9984631463969535,0.9986010279180023,0.9984631463969533,0.0,3.406951678172894e-21
1916,16,5.5091471672058105,-0.7316896062970696,0.3676930576549698,7.920148382592349,7.9417352223622615,-0.00035390791187571837,-0.0003563291743308081,0.9987818973306659,0.9985587716770672,0.9987818973306659,0.998558771677067,0.0,2.3848661747210257e-21
1917,16,5.635096073150635,-0.5968379066869832,0.07833376835238384,8.08496226271442,7.984703334467909,-0.000277252731037638,-0.00033260624134285704,0.9985464783761894,0.9985550836868038,0.9985464783761893,0.9985550836868036,0.0,1.669406322304718e-21
1918,16,5.354128837585449,-1.901370266714267,-0.5155774421676114,8.118072377011341,8.024714047230939,-0.00035987361905571416,-0.0003407864546567142,0.998893744504808,0.9986566819322049,0.9988937445048078,0.9986566819322048,0.0,1.1685844256133025e-21
1919,16,4.940229415893555,-2.0359717645367112,-0.9716957388783413,8.162744926517632,8.066123311016947,-0.0002830629533172447,-0.00032346940425487334,0.9990107449928203,0.9987629008503894,0.9990107449928203,0.9987629008503894,5.426378934959785e-20,1.7097145902808665e-20
1920,16,5.734399318695068,-1.307587955517161,-1.0724634038699872,8.128541681215594,8.084848822076541,-0.00030191506248263006,-0.00031700310172320034,0.9992911774437878,0.9989213838284089,0.9992911774437878,0.9989213838284089,-5.424856122811577e-20,-4.306566236468665e-21
1921,16,5.8162126541137695,-0.618435449788982,-0.9362550176456856,8.054315029013724,8.075688684157695,-0.00014714512097740992,-0.00026604570749946317,0.9991652677603191,0.9989945490079819,0.9991652677603191,0.9989945490079819,0.0,-3.0145963655280654e-21
1922,16,5.676421165466309,-0.4849518931375008,-0.8008640802932301,8.071187622267871,8.074338365590748,-0.00010687425755060772,-0.00021829427251480652,0.9990844039497726,0.999021505490519,0.9990844039497725,0.9990215054905189,-1.356494716811748e-20,-6.179701606304889e-21
1923,16,5.630753517150879,-1.2883345762466225,-0.9471052290792478,8.21301028573414,8.115939941633766,-0.0001783377272216885,-0.00020630730892687112,0.9991368851317557,0.99905611938289,0.9991368851317557,0.99905611938289,0.0,-4.325791124413422e-21
1924,16,5.420598030090332,-2.1215696948576777,-1.2994445688127767,8.431251395346568,8.210533377747605,-0.0002393305426805379,-0.00021621427905297113,0.9991692392830459,0.9990900553529367,0.9991692392830459,0.9990900553529367,2.712759084896053e-20,5.110223467598764e-21
1925,16,5.50233793258667,-3.1269918990094707,-1.8477087678717847,8.64758703181144,8.341649473966754,-0.0004071819585271202,-0.00027350458289521586,0.9993829009140994,0.9991779090212854,0.9993829009140994,0.9991779090212854,-5.424358228932193e-20,-1.2695918259477444e-20
1926,16,5.504640579223633,-3.0401014880376556,-2.205426583921546,8.546163154262903,8.403003578055598,-0.00039561530311126107,-0.0003101377989600294,0.9994824848730521,0.9992692817768154,0.999482484873052,0.9992692817768154,0.0,-8.88714278163421e-21
1927,16,5.465649127960205,-2.3233589757619506,-2.2408063014736674,8.483938537648628,8.427284065933506,-0.0003367906765792846,-0.00031813366224580595,0.999421612407668,0.9993149809660711,0.9994216124076679,0.9993149809660711,0.0,-6.220999947143947e-21
1928,16,5.499566078186035,-1.978424287640812,-2.1620916973238105,8.320564667408746,8.395268246376077,-0.00022981311928285938,-0.00029163749935692194,0.9993445430984581,0.999323849605787,0.9993445430984581,0.999323849605787,0.0,-4.3546999630007626e-21
1929,16,5.440401554107666,-2.150721966056226,-2.158680777943535,8.329957995044367,8.375675170976564,-0.00022693211066829278,-0.0002722258827503332,0.9992773957453094,0.9993099134476436,0.9992773957453094,0.9993099134476436,0.0,-3.0482899741005337e-21
1930,16,5.7205424308776855,-3.347063837858368,-2.515195695917985,8.240158928645771,8.335020298277325,-0.00029862822354337836,-0.00028014658498824675,0.9993021182869763,0.9993075748994433,0.9993021182869763,0.9993075748994433,-5.424796728861465e-20,-1.8408193168454765e-20
1931,16,5.665525436401367,-3.882296606899747,-2.9253259692125133,8.027662468615079,8.242812949378651,-0.00040077798906779967,-0.0003163360062121126,0.9995121341258135,0.9993689426673542,0.9995121341258134,0.9993689426673542,0.0,-1.2885735217918335e-20
1932,16,5.522624969482422,-3.0026688743385677,-2.9485288407503294,7.967105150804091,8.160100609806282,-0.0002850900442324371,-0.00030696221761820994,0.9993415179957417,0.9993607152658703,0.9993415179957417,0.9993607152658703,0.0,-9.020014652542834e-21
1933,16,5.289052486419678,-3.1539287116058543,-3.0101488020069866,7.8050242421466764,8.0535776995084,-0.0003083312337445415,-0.0003073729224561094,0.9995059477001541,0.9994042849961554,0.9995059477001541,0.9994042849961554,5.423690449167585e-20,9.95706109072277e-21
1934,16,5.439784049987793,-2.5559161883271315,-2.87387901790303,7.525691914535239,7.895211964016451,-0.0001685962026703482,-0.00026573990652038103,0.9994227687605718,0.9994098301254802,0.9994227687605718,0.9994098301254802,0.0,6.969942763505938e-21
1935,16,5.228323459625244,-2.287678950484872,-2.698018997677582,7.509543124474587,7.7795113121538915,-0.00015389595652430017,-0.00023218672152155675,0.9991813118776988,0.9993412746511459,0.9991813118776988,0.9993412746511459,0.0,4.8789599344541565e-21
1936,16,5.631318092346191,-2.936150244509087,-2.7694583717270334,7.701891791155529,7.756225455854382,-0.00032147046785540006,-0.00025897184542170973,0.9989869293693164,0.9992349710665969,0.9989869293693164,0.9992349710665969,0.0,3.4152719541179095e-21
1937,16,5.224752902984619,-2.9382918816720056,-2.820108424710525,7.204007675862599,7.590560121856846,-0.0003144616685013661,-0.00027561879234560665,0.9990962219953565,0.9991933463452247,0.9990962219953565,0.9991933463452247,0.0,2.3906903678825363e-21
1938,17,5.668235778808594,-2.796622284519975,-2.8130625826533597,7.672676290112472,7.6151949723335335,-0.0005133503923077744,-0.00034693827233425696,0.9985192312544636,0.9989911118179964,0.9985192312544635,0.9989911118179964,0.0,1.6734832575177753e-21
1939,17,5.951798439025879,-4.345259700768994,-3.27272171808805,7.615956511480747,7.615423434077696,-0.0006123993511576496,-0.00042657659598127476,0.9984953113121785,0.9988423716662509,0.9984953113121785,0.9988423716662509,1.0858360176581038e-19,3.3746518810005555e-20
1940,17,5.433236598968506,-5.498724326478188,-3.9405225006050912,7.546924304819458,7.594873695300224,-0.0007811207694054847,-0.0005329398480085377,0.9986447248603273,0.9987830776244738,0.9986447248603274,0.9987830776244738,0.0,2.3622563167003887e-20
1941,17,5.519649028778076,-5.302583615206456,-4.3491408349855005,7.090400056317504,7.4435316036054076,-0.0006706616130729546,-0.0005742563775278627,0.9987238882380239,0.9987653208085387,0.9987238882380239,0.9987653208085387,1.0855875034673334e-19,4.9103419320922716e-20
1942,17,6.002526760101318,-3.8308164668768954,-4.193643524552918,6.581603921301739,7.184953298914307,-0.0004133940222691491,-0.0005259976709502485,0.9983724175029165,0.998647449816852,0.9983724175029166,0.998647449816852,0.0,3.43723935246459e-20
1943,17,5.776175022125244,-4.399323066235746,-4.255347387057766,6.551971948630319,6.9950588938291105,-0.0004456237996415653,-0.0005018855095576436,0.9982939549680414,0.9985414013622088,0.9982939549680414,0.9985414013622088,0.0,2.4060675467252128e-20
1944,17,5.317504405975342,-4.523106131594806,-4.3356750104188775,6.457211991427513,6.83370482310863,-0.0005682121986936537,-0.0005217835162984465,0.9982719100426877,0.9984605539663525,0.9982719100426877,0.9984605539663525,1.0860790147236962e-19,4.942484326878738e-20
1945,17,5.263471603393555,-3.876062855948327,-4.1977913640777125,5.799814837331267,6.523537827375421,-0.0004393237504374285,-0.0004970455865401411,0.998478301649702,0.9984658782713572,0.9984783016497021,0.9984658782713574,-5.429272577552101e-20,1.8309572555494862e-20
1946,17,5.611374855041504,-2.544991973313536,-3.701951546848459,5.648094649600656,6.260904874042991,-0.0002733518491221667,-0.0004299374653147488,0.9982643623607791,0.9984054234981837,0.9982643623607791,0.9984054234981838,0.0,1.2816700788846403e-20
1947,17,5.5029096603393555,-2.3752214907294484,-3.303932530012756,5.657122798124795,6.079770251267531,-0.0002288619865764076,-0.0003696148216932464,0.9981772875391483,0.998336982710473,0.9981772875391481,0.9983369827104731,0.0,8.971690552192482e-21
1948,17,5.164951324462891,-2.4691239442501525,-3.0534899542839744,5.8677372126782235,6.016160339690739,-0.00028735532113873614,-0.00034493697152689334,0.9981626066083713,0.9982846698798424,0.9981626066083713,0.9982846698798424,0.0,6.280183386534737e-21
1949,17,5.169037342071533,-2.2171783643803296,-2.802596477312881,6.227590582558463,6.079589412551056,-0.00032203581542179864,-0.0003380666246953649,0.9980542633415621,0.9982155479183583,0.998054263341562,0.9982155479183582,0.0,4.396128370574315e-21
1950,17,4.915140628814697,-2.1144768863264565,-2.5961606000169537,6.342938549545482,6.158594153649384,-0.0002622237424484822,-0.0003153137600213001,0.9978756024616806,0.998113564281355,0.9978756024616806,0.998113564281355,0.0,3.0772898594020203e-21
1951,17,5.036609649658203,-2.6006789810441697,-2.5975161143251184,6.39033891124996,6.228117580929556,-0.0003291742059211036,-0.0003194718937912411,0.9979488112728484,0.9980641383788029,0.9979488112728484,0.9980641383788029,5.432153233905069e-20,1.845056260329662e-20
1952,17,5.242461681365967,-2.8618370598664287,-2.6768123979875114,6.441693035121863,6.2921902171872475,-0.000534546239632984,-0.0003839941975437639,0.9981557772749357,0.9980916300476426,0.9981557772749358,0.9980916300476427,0.0,1.2915393822307634e-20
1953,17,5.218990802764893,-1.9956413534175905,-2.472461084616535,6.3600053342254395,6.3125347522987045,-0.0003892590226834591,-0.00038557364508567244,0.9978911651065848,0.9980314905653251,0.9978911651065848,0.9980314905653253,0.0,9.040775675615344e-21
1954,17,5.495095252990723,-1.533101852056512,-2.1906533148485283,6.541972374099091,6.38136603883882,-0.00032517337429871366,-0.00036745356384958476,0.9974452301056767,0.9978556124274305,0.9974452301056767,0.9978556124274307,0.0,6.32854297293074e-21
1955,17,5.037292957305908,-3.46193667758115,-2.5720383236683144,6.563460158631874,6.435994274776736,-0.0005943560041494566,-0.00043552429593954627,0.9977665538301483,0.9978288948482458,0.9977665538301482,0.9978288948482459,-1.0866291000871436e-19,-2.816889292156279e-20
1956,17,4.751143932342529,-3.6215720210685425,-2.8868984328883824,6.388674058063789,6.421798209762851,-0.000626890546226789,-0.0004929341710257191,0.9979006128271015,0.9978504102419026,0.9979006128271015,0.9978504102419026,1.0864831212137513e-19,1.2876268591318587e-20
1957,17,4.903931617736816,-2.108247797808225,-2.653303242364335,6.2207420343072295,6.361481357126165,-0.0004556975001890086,-0.00048176316977470587,0.9977031181737412,0.9978062226214541,0.9977031181737411,0.9978062226214541,-5.433490949041518e-20,-7.287084833201544e-21
1958,17,4.7909770011901855,-1.665553712481134,-2.3569783833993747,6.31637969277491,6.347950857820788,-0.00034019786746606473,-0.0004392935790821135,0.9973306306024219,0.9976635450157445,0.9973306306024219,0.9976635450157445,0.0,-5.1009593832410805e-21
1959,17,4.946400165557861,-3.308691030136287,-2.642492177420448,6.245842244126639,6.317318273712543,-0.0005359404178105696,-0.0004682876307006503,0.9976879210047832,0.9976708578124561,0.9976879210047832,0.9976708578124561,1.086714742816162e-19,2.90307707162161e-20
1960,17,4.830671787261963,-3.055591980283112,-2.766422118279247,6.196155800391176,6.280969531716131,-0.0005183500203619809,-0.00048330634759904945,0.9976855039888191,0.9976752516653649,0.9976855039888191,0.9976752516653649,0.0,2.0321539501351267e-20
1961,17,5.314759254455566,-1.9910461586457524,-2.533809330389199,6.072602277102963,6.218459355332181,-0.000542536722779068,-0.0005010754601530549,0.9978266303435599,0.9977206652688233,0.9978266303435599,0.9977206652688233,1.08656367701091e-19,4.6821987961273186e-20
1962,17,5.052365303039551,-0.8770182294765259,-2.036772000115397,5.9035853117822805,6.123997142267211,-0.00031378267091641484,-0.00044488762338206286,0.9975019209736119,0.9976550419802599,0.9975019209736118,0.9976550419802598,0.0,3.277539157289123e-20
1963,17,5.353706359863281,-1.6145595219771307,-1.910108256673917,6.058811993512288,6.104441597640733,-0.0004211541205015677,-0.0004377675725179143,0.9974137242907576,0.9975826466734092,0.9974137242907576,0.997582646673409,5.435067445339498e-20,3.924797643704235e-20
1964,17,5.2565436363220215,-1.7971627856748766,-1.8762246153742048,6.014148417305783,6.077353643540248,-0.00045603919216755123,-0.00044324905841280535,0.9975137854161495,0.9975619882962312,0.9975137854161495,0.9975619882962312,-5.434522250903979e-20,1.1170016753217709e-20
1965,17,5.21454381942749,-1.3982873408694283,-1.7328434330227718,5.911391892474958,6.027565118220661,-0.0005046165925487994,-0.0004616593186536035,0.9976801130065802,0.9975974257093358,0.9976801130065802,0.9975974257093358,0.0,7.819011727252395e-21
1966,17,5.078661918640137,-0.8263006475132805,-1.4608805973699244,5.683034696052096,5.924205991570091,-0.00036105697583584486,-0.0004314786158082759,0.9975134823380979,0.9975722426979644,0.9975134823380979,0.9975722426979644,-5.434523902094109e-20,-1.083026349720565e-20
1967,17,4.653594970703125,-1.0613892433133116,-1.3410331911529405,5.70453948166234,5.858306038597766,-0.0004033650866459069,-0.00042304455705956517,0.9973355911935723,0.9975012472466467,0.9973355911935722,0.9975012472466467,-5.435493238479405e-20,-2.388766416348217e-20
1968,17,4.762226581573486,-1.641862638983699,-1.4312820255021679,5.6009377537215155,5.78109555313489,-0.0005348638548347217,-0.00045659034639211214,0.9976759900789535,0.9975536700963387,0.9976759900789535,0.9975536700963387,-1.0867277385313276e-19,-4.9323197070377345e-20
1969,17,4.633331775665283,-0.8000336013928342,-1.2419074982693676,5.487549870044565,5.693031848207792,-0.00044736391046770074,-0.00045382241561478867,0.9975994371158975,0.9975674002022064,0.9975994371158975,0.9975674002022064,0.0,-3.4526237949264136e-20
1970,17,4.862329483032227,-0.4423506273573667,-1.0020404369957672,5.448968659039843,5.619812891457407,-0.0003498560877013578,-0.0004226325172407594,0.997444097501539,0.9975304093920061,0.997444097501539,0.9975304093920061,0.0,-2.4168366564484894e-20
1971,17,4.80663537979126,-1.7958385242495198,-1.240179863171893,5.5276245184160215,5.592156379544991,-0.00048579490763595576,-0.0004415812343593182,0.9974543500765669,0.9975075915973742,0.9974543500765668,0.9975075915973742,0.0,-1.6917856595139426e-20
1972,17,4.780854225158691,-2.2009753174758506,-1.5284184994630803,5.403751598462905,5.535634945220365,-0.000531335925822153,-0.0004685076417981686,0.9975929295678587,0.9975331929885195,0.9975929295678587,0.9975331929885195,0.0,-1.1842499616597598e-20
1973,17,5.188276290893555,-1.997622852508464,-1.6691798053766953,5.0573506628204035,5.392149660500376,-0.0005981207941279048,-0.0005073915874970894,0.9978510197504916,0.9976285410171111,0.9978510197504916,0.9976285410171111,0.0,-8.289749731618319e-21
1974,17,4.965156078338623,-0.8867090883570026,-1.4344385902707875,4.775689377578804,5.207211575623904,-0.0004072382750228704,-0.00047734559375482374,0.9976197152061607,0.9976258932738259,0.9976197152061607,0.9976258932738259,0.0,-5.802824812132823e-21
1975,17,4.860210418701172,-0.6324066699781031,-1.193829014182982,4.452275348137926,4.98073070737811,-0.0002474275819627608,-0.00040837019021720486,0.9974241517921724,0.9975653708293297,0.9974241517921723,0.9975653708293297,0.0,-4.061977368492976e-21
1976,17,4.9313883781433105,-2.521180149208063,-1.5920343546905062,4.461101456675591,4.824841932167354,-0.0004376650787537281,-0.00041715865677816185,0.9977495824364847,0.9976206343114762,0.9977495824364847,0.9976206343114762,-5.433237916461484e-20,-1.9143097907329536e-20
1977,17,4.482520580291748,-2.5608383913524717,-1.8826755656890959,4.4083395790237505,4.699891226224273,-0.0005205815331871224,-0.00044818551970085,0.9979337939540476,0.9977145822042475,0.9979337939540477,0.9977145822042475,0.0,-1.3400168535130674e-20
1978,17,4.711492538452148,-1.4387274524214217,-1.7494911317087936,4.381906819739417,4.604495904278816,-0.0004477627055827521,-0.0004480586754654206,0.9978045332527982,0.9977415675188126,0.9978045332527982,0.9977415675188126,0.0,-9.380117974591471e-21
1979,17,4.52386999130249,-0.9793217668426552,-1.518440322248952,4.29612813982284,4.511985574942023,-0.0002724244518103568,-0.00039536840836890147,0.9974514457961683,0.9976545310020193,0.9974514457961683,0.9976545310020193,5.434861902576579e-20,9.738503125515705e-21
1980,17,4.5887556076049805,-2.4993591451975066,-1.8127159691335182,4.400529956258446,4.47854888933695,-0.0004795475448142211,-0.0004206221493024973,0.9976644447054257,0.9976575051130412,0.9976644447054258,0.9976575051130412,0.0,6.816952187860994e-21
1981,17,4.561958312988281,-2.8406108992401253,-2.1210844481655005,4.368018403367995,4.445389743546263,-0.0005735065732113022,-0.00046648747647513877,0.9978644184173905,0.9977195791043459,0.9978644184173905,0.9977195791043459,0.0,4.7718665315026955e-21
1982,17,4.654610633850098,-1.964520210229049,-2.0741151767845647,4.428306620936176,4.440264806763237,-0.0006329167989651782,-0.0005164162732221506,0.9978087091492518,0.9977463181178177,0.9978087091492517,0.9977463181178176,-1.0865831922933537e-19,-2.9257189196748725e-20
1983,17,4.721735954284668,-0.7597774199119406,-1.6798138497227775,4.038224941489904,4.319652847181237,-0.0004647277485988998,-0.0005009097158351753,0.9975929539041334,0.9977003088537124,0.9975929539041334,0.9977003088537122,0.0,-2.0480032437724107e-20
1984,17,4.704958438873291,-0.42696720000198274,-1.303959854806539,3.8837809428866676,4.188891275892866,-0.0004891049064362109,-0.000497368273015486,0.9975665970004587,0.9976601952977362,0.9975665970004586,0.997660195297736,0.0,-1.4336022706406875e-20
1985,17,4.552732467651367,-0.35382790836007516,-1.0189202708725997,3.662245125779843,4.030897430858959,-0.00038310790132876893,-0.0004630901615094708,0.9973983635909685,0.9975816457857059,0.9973983635909685,0.9975816457857056,5.435151149546772e-20,6.2702375541555044e-21
1986,17,4.2743730545043945,-1.2085462744367494,-1.0758080719418446,3.695140831660273,3.930170451099353,-0.000498701208928915,-0.00047377347573530405,0.9975910520801448,0.9975844676740375,0.9975910520801446,0.9975844676740373,0.0,4.3891662879088525e-21
1987,17,4.617037296295166,-1.3980761701010471,-1.1724885013896054,3.9627413901281354,3.9399417328079878,-0.0005887457595659499,-0.0005082651608844977,0.9976502410473005,0.9976041996860163,0.9976502410473005,0.9976041996860161,0.0,3.0724164015361967e-21
1988,17,4.479791164398193,-0.45392810180588855,-0.9569203815144903,3.853809742303926,3.914102135656769,-0.0005148463693829241,-0.0005102395234340256,0.9979690665823623,0.9977136597549201,0.9979690665823622,0.9977136597549199,0.0,2.1506914810753374e-21
1989,17,4.630334854125977,0.8487507041330519,-0.41521905582022767,4.079583267372488,3.9637464751714844,-0.0003181601382238964,-0.00045261570787098683,0.9977528012482139,0.9977254022029081,0.9977528012482139,0.9977254022029081,-5.433220388502744e-20,-1.4794177128755495e-20
1990,17,4.546545028686523,0.8883573317470667,-0.02414613955003936,4.592228378374756,4.152291046132466,-0.0004863094662761402,-0.0004627238353925328,0.9978546782657056,0.9977641850217474,0.9978546782657057,0.9977641850217474,0.0,-1.0355923990128845e-20
1991,17,4.463438034057617,1.6986799372769728,0.49270168349806426,4.721672640132941,4.323105524332608,-0.0004561058415626734,-0.000460738437243575,0.9977284027586865,0.997753450342829,0.9977284027586865,0.997753450342829,-5.433353252687409e-20,-2.3549206551152415e-20
1992,17,4.561606407165527,1.888741615885256,0.9115136632142218,4.860358489728846,4.4842814139514795,-0.00039671476970508043,-0.0004415313369820266,0.9976025889965626,0.9977081919389491,0.9976025889965625,0.997708191938949,-5.43403848608717e-20,-3.27865600440682e-20
1993,17,4.3787431716918945,1.4133230086996416,1.0620564668598478,5.1905663869336784,4.696166905846139,-0.00046522279073511166,-0.00044863877310795207,0.9975507292300626,0.9976609531262831,0.9975507292300627,0.997660953126283,0.0,-2.2950592030847737e-20
1994,17,4.435351848602295,1.0246688319133692,1.050840176375904,5.248633761790431,4.861906962629426,-0.0005048557243687043,-0.0004655038584861777,0.9978151822969115,0.9977072218774716,0.9978151822969115,0.9977072218774714,0.0,-1.6065414421593416e-20
1995,17,4.595703125,1.5312093028857805,1.194950914328867,5.535120096451873,5.06387090277616,-0.000481998805697497,-0.00047045234264957343,0.9977955736657667,0.99773372741396,0.9977955736657665,0.9977337274139599,0.0,-1.1245790095115391e-20
1996,17,4.729016304016113,1.6148518052199565,1.3209211815961939,6.140103892475939,5.386740799686094,-0.0004860380615230375,-0.0004751280583116126,0.9975288844665262,0.99767227452973,0.9975288844665263,0.9976722745297297,0.0,-7.872053066580773e-21
1997,17,4.847428321838379,0.7489433786671456,1.1493278407174794,6.29332580297836,5.658716300673773,-0.0006241375472443906,-0.000519830904991446,0.9978968375082374,0.9977396434232821,0.9978968375082373,0.9977396434232819,1.0864872316789508e-19,2.7084179803761982e-20
1998,17,4.997371673583984,1.9908650075427443,1.4017889907650587,6.487401845603994,5.907321964152839,-0.0006113796873969788,-0.0005472955397131059,0.9978428171987244,0.9977705955559149,0.9978428171987245,0.9977705955559146,0.0,1.8958925862633387e-20
1999,17,4.572277545928955,2.479232575188606,1.725022066092123,6.498470924202823,6.084666652167833,-0.0005026810688987117,-0.0005339111984687876,0.9975689204149087,0.9977100930136129,0.9975689204149087,0.9977100930136129,0.0,1.327124810384337e-20
2000,17,4.876805782318115,1.2947794694792174,1.595949287108251,6.535927224902082,6.220044823988107,-0.0006784427690746697,-0.0005772706696505522,0.9976647704141691,0.9976964962337798,0.9976647704141691,0.9976964962337798,0.0,9.289873672690358e-21
2001,17,4.8840250968933105,1.1264146617729625,1.4550888995076643,6.455008333743826,6.290533876914822,-0.0007301953777285301,-0.0006231480820739455,0.9977626291163244,0.9977163360985432,0.9977626291163244,0.9977163360985432,0.0,6.50291157088325e-21
2002,17,5.108136177062988,1.7393777016533893,1.5403755401513817,6.254878710612971,6.279837327024266,-0.0007501720488558664,-0.0006612552721085217,0.9978864848270671,0.9977673807171002,0.997886484827067,0.9977673807171001,0.0,4.552038099618274e-21
2003,17,4.575878143310547,2.908961372507171,1.9509512898581183,5.951419744865234,6.181312052376556,-0.0005867079980690261,-0.0006388910898966729,0.9976069583314073,0.9977192540013924,0.9976069583314073,0.9977192540013923,1.0868029371997723e-19,3.579051478572596e-20
2004,17,4.129428386688232,2.9567724923177505,2.2526976505960077,5.7871876830135935,6.063074741567667,-0.0004977989403673064,-0.0005965634450378629,0.9973366281408341,0.9976044662432249,0.9973366281408341,0.9976044662432249,0.0,2.5053360350008168e-20
2005,17,3.9517221450805664,1.849981451308522,2.1318827908097617,5.697282128793462,5.953336957735406,-0.0006535279196265549,-0.0006136527874144706,0.9976954074531013,0.9976317486061878,0.9976954074531011,0.9976317486061878,0.0,1.7537352245005717e-20
2006,17,4.245395660400391,2.075400542779932,2.1149381164008125,5.4862737022043655,5.813217981076094,-0.0006716434593702292,-0.0006310499890011982,0.9980312496572439,0.9977515989215047,0.9980312496572439,0.9977515989215047,-1.086340906517561e-19,-2.0314080624022827e-20
2007,17,4.336703300476074,3.9229173263580135,2.6573318793879723,5.582668135533161,5.744053027413213,-0.00048782143758969033,-0.0005880814235777458,0.9976524600891571,0.9977218572718004,0.9976524600891571,0.9977218572718004,0.0,-1.421985643681598e-20
2008,17,4.345559597015381,3.9969152071999505,3.0592068777315657,5.609285786733947,5.703622855209433,-0.00044693623939639154,-0.0005457378683233395,0.9975639501300101,0.9976744851292633,0.99756395013001,0.9976744851292632,0.0,-9.953899505771186e-21
2009,17,4.023056983947754,3.2245737277494566,3.108816932736933,5.843113332572578,5.745469998418376,-0.0005415483989303051,-0.0005444810275054291,0.9974158705402693,0.997596900752565,0.9974158705402693,0.9975969007525649,0.0,-6.96772965403983e-21
2010,17,4.132699012756348,2.2913498215623753,2.8635767993845658,5.63365103139345,5.7119243083108975,-0.0006886199002707907,-0.0005877226893350376,0.9977199317572861,0.9976338100539813,0.9977199317572861,0.9976338100539812,1.0866798767625068e-19,2.772298554504732e-20
2011,17,4.237796306610107,3.479139930050458,3.048245738584334,5.276099512849686,5.581176869672534,-0.0006821625794028156,-0.0006160546563553709,0.9978293817202046,0.9976924815538484,0.9978293817202046,0.9976924815538482,0.0,1.9406089881533123e-20
2012,17,4.221850872039795,4.079819860847097,3.3577179752631627,5.118894423731053,5.44249213589009,-0.0005383355508425239,-0.0005927389247015167,0.9976744401369708,0.997687069128785,0.9976744401369707,0.9976870691287849,0.0,1.3584262917073185e-20
2013,17,4.444011688232422,4.391362930171463,3.6678114617356528,5.237281884860956,5.38092906058135,-0.0004546578633960656,-0.0005513146063098814,0.9973315924385938,0.9975804261217276,0.9973315924385937,0.9975804261217276,-5.435515031838618e-20,-6.797561053564622e-21
2014,17,4.519501686096191,2.7633453422769385,3.3964716258980383,5.108443405872864,5.299183364168804,-0.0005718891331531485,-0.0005574869643628615,0.9975502333337656,0.9975713682853389,0.9975502333337655,0.9975713682853389,-1.0868647374901135e-19,-3.7364234862198637e-20
2015,17,4.487048625946045,2.4167862682805024,3.102566018612777,5.035574448754956,5.220100689544649,-0.0006526635734435499,-0.000586039947087068,0.9977495470355389,0.9976248219103989,0.9977495470355389,0.9976248219103989,0.0,-2.6154964403539043e-20
2016,17,4.284951210021973,3.602280394291265,3.252480331316323,4.91353230770417,5.1281301749925055,-0.0005958963542056857,-0.0005889968692226533,0.9977737060389766,0.9976694871489722,0.9977737060389766,0.9976694871489722,-1.0866213109479872e-19,-5.090711441091695e-20
2017,17,4.226133823394775,3.883724391108371,3.4418535492539375,4.872641667867715,5.051483622855068,-0.0004971252759742201,-0.0005614353912481234,0.9976918658475985,0.99767620075856,0.9976918658475986,0.9976762007585601,-1.0867104459796414e-19,-6.82362934670311e-20
2018,17,4.207791328430176,3.449234157862902,3.4440677318366264,5.038904089519222,5.047709762854314,-0.00045090842903923657,-0.0005282773025854573,0.9976061866782404,0.9976551965344641,0.9976061866782404,0.9976551965344642,0.0,-4.776540542692177e-20
2019,17,4.280588626861572,2.8659562023516076,3.2706342729911206,5.2937859498400295,5.121532618950028,-0.0005078177550454569,-0.0005221394383234572,0.9976079176670976,0.9976410128742541,0.9976079176670977,0.9976410128742541,0.0,-3.343578379884524e-20
2020,17,4.090404510498047,2.0677372713784323,2.909765172507314,5.568003099761721,5.255473763193535,-0.0006315844225727864,-0.0005549729335982559,0.9976823180683612,0.9976534044324863,0.9976823180683613,0.9976534044324863,-1.0867208457544446e-19,-5.6006674031825e-20
2021,17,3.9312968254089355,1.5508337780848993,2.5020857541805896,5.569155535783708,5.349578294970587,-0.0006908163392449055,-0.0005957259552922508,0.9977973353214952,0.9976965836991889,0.9977973353214952,0.9976965836991889,0.0,-3.92046718222775e-20
2022,17,4.373414516448975,1.5316507433656474,2.210955250936107,5.556774810005692,5.411737249481118,-0.000534344034180677,-0.0005773113789587786,0.9976647399380171,0.9976870305708373,0.997664739938017,0.9976870305708372,-1.0867399929888911e-19,-6.004547006526098e-20
2023,17,4.657745838165283,1.2024397897727819,1.9084006125871091,5.811112743057231,5.531549897553951,-0.0006196848301855903,-0.000590023414326822,0.9977622405562576,0.9977095935664633,0.9977622405562577,0.9977095935664633,0.0,-4.2031829045682685e-20
2024,17,4.5297441482543945,1.1005729262718522,1.666052306692532,5.830056982270709,5.621102022968978,-0.0006741166649893645,-0.0006152513895255848,0.9978971989637138,0.9977658751856384,0.9978971989637138,0.9977658751856384,1.0864868381346452e-19,3.1723248120614793e-21
2025,17,4.7037153244018555,1.5612481667429263,1.6346110647076502,5.8628127439987585,5.6936152392779125,-0.0005622063999025811,-0.0005993378926386836,0.997653511651182,0.9977321661253015,0.9976535116511819,0.9977321661253014,0.0,2.2206273684430355e-21
2026,17,4.6566877365112305,0.8645613138427454,1.4035961394481786,5.83487541999235,5.7359932934922435,-0.0004762694062559778,-0.0005624173467238718,0.9974859979877005,0.9976583156840211,0.9974859979877005,0.9976583156840211,0.0,1.5544391579101248e-21
2027,17,4.542163372039795,-0.26969787947293417,0.9016079337718448,5.878305348762164,5.77868691007322,-0.0006126732115620155,-0.0005774941061753149,0.9977104926465615,0.9976739687727831,0.9977104926465616,0.9976739687727831,0.0,1.0881074105370873e-21
2028,17,4.585354328155518,-0.20552027410564297,0.5694694714085984,5.909456796722727,5.817917876068072,-0.0005948914948269312,-0.0005827133227707998,0.9976556704674961,0.997668479281197,0.9976556704674961,0.997668479281197,0.0,7.616751873759611e-22
2029,17,4.621004104614258,-0.4600640599189079,0.2606094120103465,5.930791139462911,5.851779855086523,-0.000538015017389359,-0.0005693038311563675,0.9973997547788842,0.9975878619305031,0.9973997547788843,0.9975878619305032,0.0,5.331726311631727e-22
2030,17,4.622557163238525,-1.1081068147419686,-0.15000545601534804,5.635049039780467,5.7867606104947065,-0.0005226171445405052,-0.0005552978251716088,0.9975919165473782,0.9975890783155656,0.9975919165473782,0.9975890783155656,0.0,3.7322084181422087e-22
2031,17,4.49837589263916,-0.651772964263997,-0.3005357084899427,5.668493950356854,5.751280612453351,-0.00038369303966199244,-0.0005038163895187238,0.9973218487126678,0.9975089094346963,0.9973218487126678,0.9975089094346963,5.435568136228946e-20,1.656795899795679e-20
2032,17,4.942027568817139,-1.5490729574012156,-0.6750968831633246,5.68079908433682,5.730136154018392,-0.000415939655900966,-0.0004774533694333965,0.997419497393985,0.9974820858224829,0.997419497393985,0.9974820858224829,0.0,1.1597571298569752e-20
2033,17,5.190359592437744,-1.8689569318475292,-1.033254897768586,5.830401883208208,5.760215872775336,-0.0004289363830466862,-0.00046289827351738333,0.9974687292336716,0.9974780788458394,0.9974687292336716,0.9974780788458394,0.0,8.118299908998826e-21
2034,17,5.1709465980529785,-1.6186344589572144,-1.2088687661251745,5.886894391196282,5.7982194283016195,-0.0003999915678469257,-0.000444026261816246,0.9973850479968909,0.9974501695911547,0.997385047996891,0.9974501695911548,0.0,5.6828099362991774e-21
2035,17,5.702903747558594,-1.1147411059936785,-1.1806304680857256,6.002648651236099,5.859548195181963,-0.00017099314114963666,-0.0003621163256162632,0.9968693309639823,0.997275918003003,0.9968693309639824,0.9972759180030031,0.0,3.977966955409424e-21
2036,17,5.717502593994141,-3.030421076265359,-1.7355676505396156,6.070481260544951,5.922828114790859,-0.00039243570308705234,-0.0003712121388574999,0.9971709345135453,0.9972444229561657,0.9971709345135454,0.9972444229561657,0.0,2.7845768687865963e-21
2037,17,5.6514105796813965,-3.1436648087616375,-2.1579967980062222,6.072874636463034,5.967842071292511,-0.00043068823361981184,-0.0003890549672861934,0.997230951539663,0.9972403815312149,0.997230951539663,0.9972403815312149,0.0,1.949203808150617e-21
2038,17,5.094366073608398,-2.7122013500952575,-2.324258163632933,6.288866946437933,6.0641495338361375,-0.00035891014065925935,-0.00038001151929811317,0.9968164144007833,0.9971131913920853,0.9968164144007832,0.9971131913920852,5.438324233140019e-20,1.767941536512549e-20
2039,17,5.110225200653076,-3.840474269063427,-2.779122995262081,6.219735943009001,6.110825456587996,-0.00039485977434487886,-0.0003844659958121429,0.9969194932726285,0.9970550819562483,0.9969194932726285,0.9970550819562481,5.437761924618152e-20,2.8688876529442296e-20
2040,17,4.984999179840088,-3.7445546662664357,-3.0687524965633868,6.234444383992034,6.147911134809207,-0.00039616283615722737,-0.0003879750479156682,0.9968906569436384,0.9970057544524653,0.9968906569436383,0.9970057544524652,0.0,2.0082213570609605e-20
2041,17,5.520901203155518,-4.290935602607468,-3.4354074283766107,6.2589133047274546,6.181211785784681,-0.00039411218392048703,-0.00038981618871711384,0.9969849571009152,0.9969995152470003,0.9969849571009152,0.9969995152470001,5.437404871374409e-20,3.0369764113549945e-20
2042,17,5.676678657531738,-4.525628438275538,-3.7624737313462884,6.50226840442582,6.277528771377022,-0.0004355800875552177,-0.00040354535836854496,0.9971295707631969,0.9970385319018591,0.9971295707631969,0.9970385319018591,0.0,2.125883487948496e-20
2043,17,5.719488143920898,-3.186305529810794,-3.5896232708856397,6.553498580552674,6.360319714129717,-0.00013558230760253644,-0.00032315644313874234,0.996885296776649,0.996992561364296,0.996885296776649,0.996992561364296,2.7189742290090635e-20,2.303810710266666e-20
2044,17,6.432847499847412,-4.331208497862351,-3.8120988389786525,7.567774627268359,6.722556188071309,-0.0003770235990525354,-0.00033931658991288025,0.9968603409314541,0.9969528952344435,0.9968603409314541,0.9969528952344435,5.438084594038715e-20,3.24409287539828e-20
2045,17,5.8944993019104,-5.129151190628301,-4.207214544473547,8.058625462175014,7.12337697030242,-0.0004313820791500976,-0.00036693623668404546,0.997088502019637,0.9969935772700014,0.997088502019637,0.9969935772700014,0.0,2.270865012778796e-20
2046,17,6.372142314910889,-5.03837359698543,-4.456562260227111,8.264654179503722,7.46576013306281,-0.00046104969975469434,-0.00039517027560524005,0.9972874455063099,0.9970817377408938,0.9972874455063099,0.9970817377408938,-5.435755645831223e-20,-4.11211848042097e-22
2047,17,6.102468967437744,-4.117503970253725,-4.354844773235095,8.615145719887304,7.810575809110157,-0.00031507589129179764,-0.0003711419603112073,0.9969538334977905,0.9970433664679628,0.9969538334977905,0.9970433664679628,5.4375746200885e-20,1.602487556663603e-20
2048,17,6.059378623962402,-5.170227341901806,-4.599459543835108,8.814802113680274,8.111843700481192,-0.00048697985169699707,-0.0004058933277269442,0.997086956771395,0.9970564435589924,0.997086956771395,0.9970564435589924,5.436848637536047e-20,2.7527958809253364e-20
2049,17,6.478641510009766,-5.23908199937408,-4.7913462804968,8.92967570124108,8.357193300709158,-0.0006978598305745852,-0.0004934832785812365,0.9972455188997912,0.997113166161232,0.9972455188997912,0.997113166161232,0.0,1.9269571166477353e-20
2050,17,6.210281848907471,-3.6688779155850004,-4.45460577102326,8.457435584045774,8.387265985710142,-0.0005358141823251909,-0.0005061825497044228,0.997136153892749,0.9971200624806871,0.997136153892749,0.9971200624806871,0.0,1.3488699816534147e-20
2051,17,5.572423934936523,-2.569632680210099,-3.8891138437793114,8.159456441596335,8.318923122475999,-0.00035239757675195577,-0.00046004705781868267,0.9968092076752776,0.9970268060390641,0.9968092076752776,0.9970268060390641,0.0,9.442089871573902e-21
2052,17,6.393399238586426,-3.2938599523610748,-3.71053767635384,7.847475633487862,8.177488875779558,-0.0004637512586983428,-0.0004611583180825807,0.9968707173671831,0.9969799794374998,0.9968707173671831,0.9969799794374998,-5.438027988970179e-20,-9.704621056808803e-21
2053,17,6.296112537384033,-4.650388269092095,-3.9924928541753166,7.667247476434616,8.024416455976075,-0.0005656531822508401,-0.0004925067773330586,0.9969731881294727,0.9969779420450916,0.9969731881294727,0.9969779420450916,0.0,-6.793234739766162e-21
2054,17,5.721865653991699,-4.952335815203634,-4.280445742483812,7.109964553438286,7.750080885214738,-0.0006237793860009516,-0.0005318885599334264,0.9973927398897537,0.9971023813984903,0.9973927398897537,0.9971023813984903,-1.0870363590227718e-19,-3.736635508851947e-20
2055,17,5.692019939422607,-4.279950729651978,-4.280297238634262,7.0886037544970195,7.551637745999422,-0.0005045543115507582,-0.0005236882854186259,0.9971877486303524,0.9971279915680489,0.9971877486303524,0.9971279915680489,0.0,-2.6156448561963626e-20
2056,17,5.890361785888672,-4.139926375816293,-4.238185979788871,6.867585651209123,7.346422117562332,-0.0003497222391195593,-0.00047149847152890586,0.9972001685039187,0.9971496446488097,0.9972001685039187,0.9971496446488097,-5.436231394305284e-20,-3.4618208176290385e-20
2057,17,6.165866374969482,-4.384691320901942,-4.282137582122792,7.056987951068133,7.259591867614072,-0.0003693906915942608,-0.00044086613754851234,0.9973290958855633,0.9972034800198357,0.9973290958855632,0.9972034800198357,0.0,-2.4232745723403267e-20
2058,17,5.988224506378174,-3.899002715605991,-4.167197122167751,7.008641527588619,7.1843067656064346,-0.00030661321452210463,-0.00040059026064059004,0.9973033862127059,0.9972334518776966,0.9973033862127059,0.9972334518776966,0.0,-1.6962922006382285e-20
2059,17,6.2577314376831055,-4.5562024873608,-4.283898731725666,7.264699478226845,7.208424579392557,-0.0002088035202888012,-0.00034305423853505334,0.997171761098206,0.9972149446438494,0.9971717610982062,0.9972149446438494,0.0,-1.1874045404467598e-20
2060,17,6.135964393615723,-6.082030026421772,-4.823338120134498,7.608350120712371,7.328402241788501,-0.0003380095411902955,-0.000341540829331626,0.9974208910301756,0.9972767285597472,0.9974208910301756,0.9972767285597472,0.0,-8.311831783127318e-21
2061,17,6.296883583068848,-6.700261066641172,-5.3864150040864995,7.891245047138394,7.497255083393469,-0.00045417887817986863,-0.0003753322439860987,0.9976464221742506,0.9973876366440982,0.9976464221742506,0.9973876366440982,0.0,-5.818282248189122e-21
2062,17,6.255577564239502,-6.5725624231084225,-5.742259229793076,7.820297432184318,7.594167788030724,-0.000389662740280157,-0.00037963139287431615,0.9977530101585278,0.997497248698427,0.9977530101585278,0.997497248698427,5.433219250890765e-20,1.222686017893991e-20
2063,17,6.1605753898620605,-6.402169191105768,-5.940232218186884,8.012815088820007,7.719761978267508,-0.0003078027632197382,-0.0003580828039779427,0.9976142218737964,0.9975323406510378,0.9976142218737964,0.9975323406510378,0.0,8.558802125257937e-21
2064,17,5.980439186096191,-7.421916147871512,-6.384737397092271,7.999813172720173,7.803777336603307,-0.00046981947884566094,-0.0003916038064382582,0.9979379171924209,0.9976540136134526,0.9979379171924208,0.9976540136134526,0.0,5.991161487680556e-21
2065,17,6.116543292999268,-7.217031257016431,-6.6344255550695195,7.939202514362577,7.844404889931088,-0.0005414898931130368,-0.00043656963244069176,0.9981143477760203,0.9977921138622229,0.9981143477760203,0.9977921138622229,-1.0862504630870235e-19,-2.839370085123431e-20
2066,17,6.1263346672058105,-6.04800933725101,-6.458500689723966,7.659343571641771,7.788886494444292,-0.0004078420805327258,-0.00042795136686830194,0.9979067600960686,0.9978265077323766,0.9979067600960686,0.9978265077323766,0.0,-1.9875590595864016e-20
2067,17,6.391654968261719,-5.9881864448439,-6.317406416259946,7.57843021382664,7.725749610258996,-0.0003509995364452587,-0.00040486581774138895,0.9976250333757878,0.9977660654253999,0.9976250333757879,0.9977660654253999,0.0,-1.391291341710481e-20
2068,17,6.439477443695068,-6.659843835936739,-6.420137642162983,7.4059352201755,7.629805293233947,-0.00042629913493730806,-0.0004112958129001646,0.9978519373626997,0.9977918270065897,0.9978519373626998,0.9977918270065897,0.0,-9.739039391973367e-21
2069,17,6.5142083168029785,-7.555241756434005,-6.760668876444289,7.118349348273188,7.476368509745718,-0.0006672436544420474,-0.00048808016536272937,0.9984769037247232,0.9979973500220297,0.9984769037247233,0.9979973500220297,0.0,-6.817327574381356e-21
2070,17,6.333868503570557,-5.771101518000664,-6.463798668911201,6.814703695386996,7.277869065438101,-0.0004109776470528915,-0.00046494940986977797,0.9981817773810252,0.9980526782297283,0.9981817773810252,0.9980526782297283,-5.430885421141302e-20,-2.1064785565490853e-20
2071,17,6.44624137878418,-4.9744760023710235,-6.017001868949147,6.8993121301006894,7.164301984836877,-0.000306011866619689,-0.0004172681468947513,0.9979224648846988,0.9980136142262195,0.9979224648846988,0.9980136142262195,0.0,-1.4745349895843595e-20
2072,17,6.1194167137146,-5.878468315184378,-5.975441802819716,6.870985283526259,7.076306974443691,-0.0003805144354112344,-0.0004062420334496962,0.9980330436489667,0.9980194430530436,0.9980330436489665,0.9980194430530436,0.0,-1.0321744927090517e-20
2073,17,5.935248374938965,-6.193322292963743,-6.040805949862923,6.974712700228444,7.045828692179116,-0.0005012981039142581,-0.0004347588545890647,0.9980957591402028,0.9980423378791912,0.9980957591402028,0.9980423378791912,0.0,-7.225221448963361e-21
2074,17,6.0659050941467285,-5.745294139053444,-5.952152406620079,6.591928574081808,6.909658656749922,-0.00044425839063071576,-0.00043760871540155996,0.9982472847704165,0.9981038219465587,0.9982472847704165,0.9981038219465587,0.0,-5.057655014274352e-21
2075,17,5.541125774383545,-4.958089279005488,-5.653933468335701,6.690144011915337,6.843804263299546,-0.0004654294154959591,-0.0004459549254298797,0.9981220313073894,0.9981092847548079,0.9981220313073893,0.9981092847548079,0.0,-3.5403585099920465e-21
2076,17,5.627320289611816,-5.029974225267549,-5.466745695415255,6.305199616219105,6.682222869175414,-0.00047090335682967345,-0.0004534394548498178,0.9983627900929992,0.9981853363562653,0.9983627900929992,0.9981853363562653,0.0,-2.4782509569944323e-21
2077,17,5.653805255889893,-4.477102257511424,-5.169852664044106,6.392211190259041,6.595219365500502,-0.0004223135573223731,-0.0004441016855915844,0.9981818337015713,0.998184285559857,0.9981818337015712,0.998184285559857,0.0,-1.7347756698961024e-21
2078,17,5.631974697113037,-4.410069464984965,-4.941917704326363,6.401745466359716,6.537177195758266,-0.00040471396437384506,-0.00043228536922626255,0.9981422348871399,0.9981716703580419,0.9981422348871399,0.9981716703580419,5.431100571593864e-20,1.507895874585432e-20
2079,17,5.5096540451049805,-4.843136243701587,-4.91228326613893,6.4027219084539215,6.496840609566962,-0.0004776261125069865,-0.0004458875922104797,0.998275310058196,0.998202762268088,0.9982753100581959,0.998202762268088,-5.430376578292311e-20,-5.735858612778911e-21
2080,17,5.39085578918457,-4.847692015713476,-4.892905891011294,6.369791867667932,6.458725986997253,-0.000507217914511385,-0.0004642866889007513,0.9983446458305298,0.9982453273368206,0.9983446458305297,0.9982453273368205,-1.0859998869263724e-19,-3.659509763673641e-20
2081,17,5.619292259216309,-4.480805445759292,-4.769275757435693,6.600183428565095,6.501163219467605,-0.0005198437981987497,-0.00048095382169015076,0.9980267739572994,0.9981797613229642,0.9980267739572994,0.9981797613229642,-1.0863457782665577e-19,-5.820694169371221e-20
2082,17,5.708655834197998,-5.984231484199061,-5.133762475464703,6.340268850689436,6.452894908834154,-0.0006342743468474163,-0.0005269499792373304,0.9981704919954775,0.998176980524718,0.9981704919954775,0.998176980524718,1.0861893646225085e-19,-8.159178246923296e-21
2083,17,5.7378973960876465,-6.818219067996463,-5.639099453224231,6.06765739132333,6.337323653580907,-0.0006442603790171008,-0.0005621430991712615,0.9982831948746134,0.9982088448296865,0.9982831948746134,0.9982088448296865,0.0,-5.711424772846307e-21
2084,17,5.679804801940918,-6.833174808249709,-5.997322059731874,5.980760010499477,6.230354560656478,-0.0006239642790246418,-0.0005806894531272755,0.9983028805790639,0.9982370555544997,0.9983028805790639,0.9982370555544997,0.0,-3.9979973409924145e-21
2085,17,5.497840404510498,-6.832206655972601,-6.2477874386040915,5.6999234294611005,6.071225221297865,-0.0005687481765557344,-0.0005771070701558132,0.998332456869954,0.998265675949136,0.9983324568699539,0.998265675949136,-1.0860131462466678e-19,-3.537899252609472e-20
2086,17,5.630948543548584,-6.825951040335052,-6.421236519123379,5.7049699949462385,5.961348653392376,-0.0005372371747902363,-0.0005651461015461401,0.9982704203306015,0.9982670992635756,0.9982704203306014,0.9982670992635756,0.0,-2.47652947682663e-20
2087,17,5.7511210441589355,-7.509568515953031,-6.747736118172274,5.72442336086247,5.890271065633404,-0.0005299020194053026,-0.0005545728769038888,0.998271654756045,0.9982684659113163,0.9982716547560448,0.9982684659113163,0.0,-1.733570633778641e-20
2088,17,5.999573230743408,-7.92430647295523,-7.100707224607161,5.850024279258271,5.878197029720864,-0.0005554111867905743,-0.0005548243698698945,0.9983650358664482,0.9982974368978559,0.9983650358664482,0.9982974368978559,1.0859777070864275e-19,2.0444336776142338e-20
2089,17,6.180736064910889,-7.830834301736173,-7.319745347745865,5.769130841140436,5.845477173146736,-0.0005833092505962994,-0.0005633698340878159,0.9986075237899679,0.9983904629654894,0.9986075237899679,0.9983904629654894,0.0,1.4311035743299635e-20
2090,17,5.951756000518799,-6.634275617474434,-7.114104428664436,5.673195771200405,5.793792752562836,-0.00041998908316661786,-0.0005203556088114564,0.9984827528884707,0.9984181499423838,0.9984827528884707,0.9984181499423838,5.429248373840507e-20,2.6305470141831266e-20
2091,17,5.766396999359131,-6.425058801936984,-6.9073907406462,5.709261924081232,5.768433504018355,-0.00036748921913822073,-0.0004744956919094857,0.9983555531168942,0.9983993708947368,0.9983555531168941,0.9983993708947367,0.0,1.8413829099281886e-20
2092,17,6.360908031463623,-7.217646759626902,-7.00046754634041,5.848350158270927,5.792408500294126,-0.0003260069197872885,-0.00042994906027282655,0.9981218667000679,0.9983161196363362,0.9981218667000679,0.9983161196363359,0.0,1.288968036949732e-20
2093,17,6.151317119598389,-8.466228350599952,-7.440195787618272,5.8475266463547255,5.808943944112306,-0.0005185408596979027,-0.00045652660010034936,0.9984443568831294,0.9983545908103741,0.9984443568831294,0.9983545908103739,-1.085891432017391e-19,-2.3553966701873604e-20
2094,17,6.061659812927246,-8.542030432025657,-7.7707461809404865,5.850887574913859,5.821527033352772,-0.0005301605058986332,-0.0004786167718398345,0.998456961226739,0.9983853019352835,0.9984569612267389,0.9983853019352833,1.085877723916528e-19,1.608855502618432e-20
2095,17,6.21182918548584,-8.614892796692121,-8.023990165665976,5.978407079690286,5.868591047254026,-0.000481327516494364,-0.00047942999523619334,0.9982202260807165,0.9983357791789134,0.9982202260807165,0.9983357791789131,5.43067623836063e-20,2.7554017233410916e-20
2096,17,6.163974285125732,-9.811431934208285,-8.560222696228667,5.88751528795065,5.874268319463012,-0.0006315797994055875,-0.0005250749364870116,0.9985884419413432,0.9984115780076424,0.9985884419413433,0.9984115780076421,1.0857347501216022e-19,5.18598545670357e-20
2097,17,5.881479263305664,-9.288967521741727,-8.778846143882586,5.885992879460557,5.877785687462276,-0.0005414637040061401,-0.0005299915667427501,0.9986860898763196,0.9984939315682454,0.9986860898763196,0.9984939315682453,1.0856285908816208e-19,6.887075592337361e-20
2098,17,6.100099086761475,-8.702171084354212,-8.755843626024074,5.801798607340241,5.854989563425665,-0.0003557699553149489,-0.00047772508331440976,0.9985985905516326,0.9985253292632615,0.9985985905516326,0.9985253292632614,0.0,4.8209529146361525e-20
2099,17,6.698795318603516,-10.26355531692342,-9.208157133293877,6.315477650443212,5.993135989530929,-0.0004697383017436777,-0.00047532904884319016,0.9985065323295569,0.9985196901831501,0.9985065323295568,0.9985196901831499,0.0,3.374667040245307e-20
2100,17,6.527637481689453,-11.010248678593838,-9.748784596883866,6.456410019339858,6.1321181984736075,-0.000566354937425429,-0.0005026368154178618,0.9988169489087447,0.9986088678008285,0.9988169489087447,0.9986088678008282,0.0,2.3622669281717146e-20
2101,17,6.386970520019531,-10.087141580537352,-9.850291691979912,6.325033614049082,6.189992823146249,-0.0005288445505087975,-0.0005104991359451425,0.9991419780254946,0.9987688008682283,0.9991419780254946,0.9987688008682281,0.0,1.6535868497202e-20
2102,17,6.801002025604248,-9.235953736945948,-9.665990305469723,6.599314052728212,6.312789192020838,-0.000387392194931464,-0.0004735670536410389,0.9988957495198072,0.998806885463702,0.9988957495198072,0.9988068854637018,0.0,1.15751079480414e-20
2103,17,7.059665203094482,-10.622661866399147,-9.95299177374855,7.249018176333789,6.5936578873147225,-0.0006475659995655065,-0.0005257667374183792,0.9989291219193098,0.9988435564003842,0.9989291219193098,0.9988435564003841,0.0,8.10257556362898e-21
2104,16,6.707808494567871,-11.498907004042369,-10.416766342836695,7.046565821259619,6.729530267498191,-0.0005514735064720389,-0.000533478768134477,0.9992816225611114,0.9989749762486024,0.9992816225611115,0.9989749762486023,0.0,5.671802894540285e-21
2105,16,6.598922252655029,-11.828088442792506,-10.840162972823439,7.022026220951912,6.817279053534307,-0.0007072436521789376,-0.0005856082333478152,0.9996016089100775,0.9991629660470449,0.9996016089100774,0.9991629660470447,-1.0846342811189269e-19,-2.85687664073896e-20
2106,16,6.310652256011963,-10.261381301479416,-10.666528471420232,6.827048553417837,6.820209903499365,-0.0004991443160032042,-0.0005596690581444318,0.999498154953053,0.9992635227188473,0.999498154953053,0.9992635227188471,0.0,-1.999813648517272e-20
2107,16,6.239762783050537,-10.703521229410539,-10.677626298817323,7.032458917718956,6.883884607765243,-0.0004802354547478923,-0.0005358389771254699,0.9993256305831666,0.9992821550781431,0.9993256305831666,0.9992821550781429,0.0,-1.3998695539620904e-20
2108,16,6.393148899078369,-11.822958223700576,-11.021225876282298,7.132933430732803,6.95859925465551,-0.0006130531267284295,-0.0005590032220063578,0.9996997485729118,0.9994074331265737,0.9996997485729117,0.9994074331265734,-1.0845278035062243e-19,-4.2334920982921357e-20
2109,16,6.566707611083984,-11.597397116133427,-11.194077248237637,6.950898309250427,6.956288971033985,-0.000597577677976555,-0.000570575558797417,1.000016948885035,0.9995902878541121,1.0000169488850348,0.9995902878541119,0.0,-2.963444468804495e-20
2110,16,6.810153007507324,-10.893220211191686,-11.10382013712385,7.097000755114152,6.998502506258035,-0.00045245829209352204,-0.0005351403787862485,0.9998937723965675,0.9996813332168486,0.9998937723965675,0.9996813332168486,0.0,-2.0744111281631463e-20
2111,16,6.5755510330200195,-10.801889634289248,-11.01324098627347,7.220103018888582,7.064982660047199,-0.0004157122850572855,-0.0004993119506675595,0.9997903273620692,0.9997140314604147,0.9997903273620692,0.9997140314604147,0.0,-1.4520877897142024e-20
2112,16,6.448676109313965,-12.289120228427185,-11.396004758919585,7.422308986832084,7.172180558082664,-0.0006091535795591538,-0.0005322644393350378,1.0000787295055598,0.9998234408739581,1.0000787295055595,0.9998234408739581,0.0,-1.0164614527999416e-20
2113,16,6.245290279388428,-12.431527116513651,-11.706661466197804,7.30420494557131,7.211787874329257,-0.0006287206332342018,-0.000561201297504787,1.000247953969066,0.9999507948024905,1.000247953969066,0.9999507948024905,1.0839334068950614e-19,2.540277203725225e-20
2114,16,6.451766014099121,-11.620474128380403,-11.680805264852584,7.041961152118066,7.1608398576659,-0.0004840575081976092,-0.0005380581607126336,1.000349917416449,1.000070531586678,1.000349917416449,1.000070531586678,0.0,1.7781940426076573e-20
2115,16,6.586180686950684,-11.673516422558894,-11.678618612164476,7.061633389474157,7.131077917208377,-0.00045558711781866165,-0.000513316847844442,1.0002794704655924,1.0001332132503522,1.0002794704655924,1.0001332132503522,0.0,1.24473582982536e-20
2116,16,6.630721092224121,-12.843236788085823,-12.02800406494088,6.986787161127779,7.087790690384198,-0.0006234911600215814,-0.0005463691414975837,1.0006509415289275,1.0002885317339247,1.0006509415289275,1.0002885317339247,0.0,8.71315080877752e-21
2117,16,6.791499137878418,-12.337110007148073,-12.120735847603038,6.844292810656906,7.014741326466011,-0.0006386673765081072,-0.0005740586120007408,1.0008350090025757,1.0004524749145198,1.000835009002576,1.00045247491452,0.0,6.099205566144264e-21
2118,16,6.5447492599487305,-11.792955471499884,-12.022401734772092,6.801924191092413,6.9508961858539315,-0.0005641057548175629,-0.0005710727548457874,1.0007329559936287,1.0005366192382523,1.0007329559936287,1.0005366192382525,0.0,4.269443896300985e-21
2119,16,6.799549579620361,-11.933652809730626,-11.995777057259652,6.737249005503594,6.8868020317488305,-0.0005315474575981185,-0.0005592151656714867,1.0007209041873508,1.0005919047229819,1.0007209041873508,1.000591904722982,0.0,2.988610727410689e-21
2120,16,6.692111968994141,-13.34029021430896,-12.399131004374444,6.657738891005275,6.818083089525763,-0.0005708896012256115,-0.0005627174963377241,1.0008975470788979,1.0006835974297565,1.0008975470788977,1.0006835974297568,1.083229922632671e-19,3.458892518816761e-20
2121,16,6.77044677734375,-14.6246285431689,-13.066780266012781,6.525645942307342,6.730351945360237,-0.0006575748138178759,-0.0005911746915817696,1.001274843246228,1.0008609711746979,1.0012748432462277,1.000860971174698,1.082821744497663e-19,5.669689996664722e-20
2122,16,6.294244289398193,-14.618105923143272,-13.532177963151927,6.382547645267575,6.626010655332438,-0.0005704610120915207,-0.0005849605877346949,1.0015847011893024,1.001078090179079,1.0015847011893024,1.0010780901790794,0.0,3.968782997665305e-20
2123,16,6.865967750549316,-13.652485070940834,-13.568270095488598,6.360838909296791,6.546459131521743,-0.00035915750763112337,-0.0005172196637036235,1.0014671726269206,1.0011948149134315,1.0014671726269209,1.0011948149134318,5.4130689558278967e-20,4.4020687851140824e-20
2124,16,6.697607040405273,-14.316214724105842,-13.792653484073771,6.6150645637937275,6.567040761203338,-0.0004160928767090543,-0.0004868816276052527,1.0015447944532052,1.0012998087753635,1.001544794453205,1.0012998087753637,5.41264943160843e-20,4.705242979062386e-20
2125,16,6.715404510498047,-15.886072919935135,-14.42067931483218,6.710501803575666,6.610079073915037,-0.0005177380624871101,-0.0004961385580698099,1.0017118202088537,1.0014234122054106,1.0017118202088537,1.0014234122054106,0.0,3.29367008534367e-20
2126,16,6.699468612670898,-16.389264340213586,-15.011254822446602,6.699015420218059,6.6367599778059425,-0.0005891078180413238,-0.000524029336061264,1.001870900527124,1.0015576587019246,1.0018709005271242,1.0015576587019246,-1.0821775259817032e-19,-9.40963518204541e-21
2127,16,6.574619293212891,-16.430325115209957,-15.43697591027561,6.609716877075475,6.628647047586802,-0.0005615903627663436,-0.0005352976440727878,1.0019239740063375,1.0016675532932484,1.0019239740063375,1.0016675532932484,0.0,-6.5867446274317865e-21
2128,16,6.657248497009277,-16.636629100598718,-15.796871867372541,6.435848418723714,6.5708074589278755,-0.0004556104378208509,-0.0005113914821972067,1.0019562610755752,1.0017541656279465,1.0019562610755752,1.0017541656279465,0.0,-4.6107212392022504e-21
2129,16,7.031707286834717,-17.530351776030262,-16.31691583996986,6.427413525768162,6.527789278979961,-0.00044979141846210514,-0.0004929114630766761,1.0022074159231926,1.0018901407165202,1.0022074159231928,1.0018901407165204,0.0,-3.227504867441575e-21
2130,16,6.895063400268555,-17.698163606709624,-16.731290169991787,6.336995881666821,6.470551259786019,-0.0004307387619278497,-0.0004742596527320282,1.0023490650573654,1.0020278180187736,1.0023490650573654,1.0020278180187738,0.0,-2.2592534072091023e-21
2131,16,6.981125831604004,-17.04616731018046,-16.825753312048388,6.173706317006358,6.38149777695212,-0.00034602544542722155,-0.00043578939054058616,1.0024381149800417,1.002150907107154,1.0024381149800417,1.0021509071071542,0.0,-1.5814773850463714e-21
2132,16,6.956756591796875,-17.078045860759975,-16.901441076661865,6.1732329427521515,6.319018326692129,-0.0003505155453603673,-0.00041020723698652047,1.0024468208187423,1.0022396812206305,1.0024468208187423,1.0022396812206305,0.0,-1.10703416953246e-21
2133,16,6.958919525146484,-17.27488848137558,-17.013475298075978,6.138008771747477,6.264715460208733,-0.0003479942001513802,-0.00039154332593597835,1.0024782935392074,1.0023112649162034,1.0024782935392076,1.0023112649162036,5.4076092194364336e-20,1.5447903739636578e-20
2134,16,7.087437629699707,-18.01860260211175,-17.315013489286706,6.113114820774105,6.219235268378345,-0.0003470564274569789,-0.0003781972563922785,1.0024622006499133,1.0023565456363164,1.0024622006499133,1.0023565456363164,0.0,1.0813532617745604e-20
2135,16,7.276515960693359,-19.523976928024034,-17.977702520907904,6.246631989650288,6.2274542847599275,-0.000544915095285431,-0.0004282126080602242,1.0025499775828426,1.0024145752202742,1.0025499775828426,1.0024145752202742,1.081444513219706e-19,4.00128082290131e-20
2136,16,7.049035549163818,-19.56359411534879,-18.45346999924017,6.180925497250852,6.213495648507204,-0.0005778059832926818,-0.0004730906206299615,1.0025366704288343,1.0024512037828421,1.0025366704288345,1.0024512037828424,0.0,2.800896576030917e-20
2137,16,7.032327175140381,-19.245633016654317,-18.691118904464414,5.94368519314781,6.1325525118993856,-0.0005974994340128015,-0.0005104132646448135,1.0027488464855714,1.0025404965936608,1.0027488464855714,1.002540496593661,-1.0812300370979336e-19,-1.2830625080721592e-20
2138,16,6.691507816314697,-18.2402095849441,-18.55584610860832,5.701996314191995,6.003385652587168,-0.0004969196167964556,-0.0005063651702903061,1.0025965961943413,1.002557326473865,1.0025965961943413,1.002557326473865,0.0,-8.981437556505113e-21
2139,16,6.479067802429199,-18.0025136709085,-18.389846377298372,5.644748422941528,5.895794483693475,-0.0004874306104368852,-0.0005006848023342798,1.0025822433978073,1.0025648015510475,1.0025822433978073,1.0025648015510475,0.0,-6.287006289553579e-21
2140,16,6.468151092529297,-17.84278625380401,-18.225728340250065,5.513997537100826,5.78125539971568,-0.00044886121675143944,-0.00048513772665942763,1.0025789792177104,1.0025690548510464,1.0025789792177104,1.0025690548510464,0.0,-4.4009044026875045e-21
2141,16,6.760463714599609,-17.748056232503522,-18.082426707926103,5.651192794538201,5.742236618162435,-0.00037917832955113994,-0.00045334990752694126,1.0023227204323422,1.002495154525435,1.0023227204323422,1.002495154525435,5.408448548476704e-20,1.314471256354886e-20
2142,16,6.859716415405273,-19.337569896930667,-18.45896966462747,5.831534442596126,5.769025965492542,-0.0005590130483715642,-0.0004850488497803281,1.0024609424395379,1.0024848908996657,1.0024609424395379,1.0024848908996657,0.0,9.201298794484202e-21
2143,16,6.916233062744141,-19.571846351508512,-18.792832670691784,5.8201842162720085,5.784373440726382,-0.000707522132798883,-0.0005517908346858945,1.002730192381416,1.0025584813441908,1.002730192381416,1.0025584813441908,0.0,6.440909156138941e-21
2144,16,7.013871669769287,-17.444067869438793,-18.388203230315888,5.550343026583388,5.714164316483483,-0.000524307906024237,-0.0005435459560873973,1.0024702412568391,1.0025320093179853,1.0024702412568391,1.0025320093179853,0.0,4.508636409297258e-21
2145,16,7.139105319976807,-17.353284547324282,-18.077727625418405,5.33518562525459,5.6004707091148145,-0.0005203780980671329,-0.0005365955986813179,1.0024082498934246,1.002494881490617,1.0024082498934244,1.002494881490617,0.0,3.1560454865080804e-21
2146,16,7.01521110534668,-18.06322001343665,-18.073375341823876,5.421908509863117,5.546902049339305,-0.0006387224626468775,-0.0005672336578709858,1.0022837163325413,1.0024315319431942,1.0022837163325413,1.0024315319431942,-1.0817318038975143e-19,-3.024272227636977e-20
2147,16,6.837675094604492,-18.184977953943175,-18.106856125459664,5.481048928617095,5.527146113122642,-0.0007344601602566685,-0.0006174016085866905,1.0023515823789608,1.0024075470739242,1.0023515823789608,1.0024075470739242,0.0,-2.1169905593458836e-20
2148,16,6.961775779724121,-17.355560200954027,-17.88146734810797,5.186602939364441,5.424983160995182,-0.0006968204400903067,-0.0006412272580377754,1.0023612734214418,1.0023936649781795,1.0023612734214418,1.0023936649781795,1.0816481055624869e-19,1.763050925145342e-20
2149,16,6.65349006652832,-16.529885462888043,-17.47599278254199,5.078684884745539,5.321093678120288,-0.0006080423548498901,-0.0006312717870814097,1.0021309905240976,1.002314862641955,1.0021309905240974,1.002314862641955,-1.0818966609529611e-19,-2.0115543352571438e-20
2150,16,6.438253879547119,-16.92416557496476,-17.310444620268818,5.18382429722889,5.279912863852869,-0.000683657544127651,-0.0006469875141952821,1.00206171883298,1.0022389194992622,1.0020617188329797,1.0022389194992622,0.0,-1.4080880346800007e-20
2151,16,6.393311500549316,-17.113761357446368,-17.25143964142208,5.071775329102208,5.21747160342767,-0.0007581037578984548,-0.0006803223873062339,1.002187230596335,1.002223412828384,1.002187230596335,1.002223412828384,0.0,-9.856616242760004e-21
2152,16,6.428683757781982,-15.706619003864446,-16.78799345015479,4.920014134386356,5.1282343627152756,-0.0006683506855521033,-0.0006767308767799947,1.0021399035166205,1.0021983600348547,1.0021399035166205,1.0021983600348547,1.0818870386070031e-19,2.555697978827809e-20
2153,16,6.37626838684082,-15.111309592370553,-16.28498829281952,4.950990988405165,5.075061350422242,-0.0005795982960230823,-0.000647591102552921,1.0019737330051637,1.0021309719259475,1.001973733005164,1.0021309719259475,0.0,1.788988585179466e-20
2154,16,6.318649768829346,-15.20548701516574,-15.961137909523387,4.989406632417979,5.049364935020963,-0.0005351306636162813,-0.000613852970871929,1.0018694544041502,1.0020525166694083,1.0018694544041502,1.0020525166694083,0.0,1.2522920096256261e-20
2155,16,6.074265956878662,-15.872560827054537,-15.934564784782731,5.085142713758425,5.060098268642201,-0.0006398556375985391,-0.000621653770889912,1.0019934782547433,1.0020348051450088,1.0019934782547433,1.0020348051450088,0.0,8.766044067379382e-21
2156,16,6.227476596832275,-15.343879928199838,-15.757359327807864,5.035868692885062,5.052829395915059,-0.0006780512057897824,-0.0006385730013598731,1.0021079048139572,1.0020567350456933,1.0021079048139572,1.0020567350456933,0.0,6.136230847165567e-21
2157,16,6.459884166717529,-14.182393503282075,-15.284869580450128,5.220896166006755,5.1032494269425674,-0.0005261696033103139,-0.0006048519819450052,1.001895859196899,1.002008472291055,1.0018958591968987,1.002008472291055,-1.0821505673799081e-19,-2.8169155428381346e-20
2158,16,6.917509078979492,-14.403676769837434,-15.020511737266318,5.623358381785383,5.259282113395412,-0.0005568910026028499,-0.0005904636881423586,1.0017073557259721,1.00191813732153,1.0017073557259721,1.00191813732153,0.0,-1.9718408799866942e-20
2159,16,6.395864963531494,-15.460933205625128,-15.152638177773959,5.899285772292651,5.451283211064584,-0.0006127030830297166,-0.0005971355066085659,1.0018332387863198,1.0018926677609667,1.00183323878632,1.001892667760967,1.0822182080911699e-19,1.8663660082828238e-20
2160,16,6.418534278869629,-15.655180408606554,-15.303400847023735,6.007118907647496,5.618033920039457,-0.0006494610693910466,-0.0006128331754433101,1.0019870784804028,1.0019209909767974,1.0019870784804028,1.0019209909767977,0.0,1.3064562057979766e-20
2161,16,6.4230217933654785,-14.024922220300375,-14.919857259006726,5.904269183303693,5.703904499018727,-0.0005337437145097096,-0.0005891063371632299,1.0020021727071908,1.0019453454959155,1.0020021727071906,1.0019453454959155,0.0,9.145193440585836e-21
2162,16,6.455444812774658,-13.548603129584498,-14.508481020180056,5.847422696673145,5.746959958315053,-0.0004467375189667599,-0.0005463956917042889,1.0018666920261994,1.0019217494550006,1.0018666920261994,1.0019217494550006,0.0,6.4016354084100845e-21
2163,16,6.267680644989014,-13.977332306918031,-14.349136406201449,5.869317333163313,5.7836671707695295,-0.0005103971723785706,-0.0005355961359065734,1.0019638233059198,1.0019343716102762,1.0019638233059198,1.0019343716102762,0.0,4.481144785887059e-21
2164,16,6.188548564910889,-13.102525423888364,-13.975153111507522,5.8409578019053985,5.80085436011029,-0.0005762440180926456,-0.000547790500562395,1.0020018669324404,1.0019546202069254,1.0020018669324404,1.0019546202069254,0.0,3.136801350120941e-21
2165,16,6.334679126739502,-11.606491932430123,-13.264554757784301,5.549364585113314,5.725407427611197,-0.0004675828796227724,-0.0005237282142805082,1.0018840802101918,1.0019334582079051,1.001884080210192,1.0019334582079054,-5.410816450232657e-20,-1.4036688405613314e-20
2166,16,5.8804402351379395,-11.089596451266866,-12.61206726582907,5.584569113630544,5.683155933417002,-0.0004315468950238444,-0.000496073818503509,1.0018019571239531,1.0018940078827194,1.0018019571239531,1.0018940078827197,0.0,-9.82568188392932e-21
2167,16,6.034412384033203,-11.366212925399948,-12.238310963700332,5.948078763284817,5.762632782377346,-0.0004782300208583184,-0.0004907206792099518,1.0016900900049874,1.0018328325194,1.0016900900049877,1.0018328325194,5.4118643246241254e-20,9.357615655121852e-21
2168,16,5.89831018447876,-11.892305128128395,-12.13450921302875,6.224678305888121,5.901246439430578,-0.0005999740622319421,-0.0005234966941165488,1.0018246161156714,1.0018303675982814,1.0018246161156716,1.0018303675982814,0.0,6.550330958585296e-21
2169,16,5.98943567276001,-11.4423374793654,-11.926857692929744,6.33551862774057,6.0315280959235755,-0.0005925776995373981,-0.0005442209957428035,1.0018871652210684,1.0018474068851173,1.0018871652210684,1.0018474068851173,-1.0821599578494182e-19,-2.787956706447284e-20
2170,16,6.3497314453125,-10.454674839062786,-11.485202836769655,6.632130161481103,6.2117087155908335,-0.0005323385275897801,-0.0005406562552968965,1.0017445554181161,1.0018165514450168,1.0017445554181161,1.0018165514450168,0.0,-1.9515696945130988e-20
2171,16,6.164854049682617,-9.730598174900114,-10.958821438208792,6.661020713491997,6.346502314961182,-0.0004764812003434778,-0.0005214037388108709,1.0018067437943132,1.0018136091498058,1.0018067437943132,1.0018136091498058,0.0,-1.3660987861591692e-20
2172,16,6.328256130218506,-9.326885457010276,-10.469240643849236,6.714938159499485,6.457033068322672,-0.000335922992354432,-0.0004657595148739392,1.0017635746355418,1.0017985987955265,1.0017635746355418,1.0017985987955265,0.0,-9.562691503114183e-21
2173,16,5.821237564086914,-9.705937863110094,-10.240249809627493,7.2091974152077185,6.682682372388186,-0.00041844949585319427,-0.0004515665091677157,1.0017035709306719,1.00177009043607,1.0017035709306719,1.00177009043607,0.0,-6.693884052179927e-21
2174,16,5.976678848266602,-10.000549393634168,-10.168339684829494,7.55021439142916,6.942941978100477,-0.00048517392598518007,-0.00046164873421295497,1.001753714082324,1.001765177529946,1.001753714082324,1.001765177529946,0.0,-4.685718836525949e-21
2175,16,6.1984663009643555,-9.513570335358171,-9.971908879988096,7.518036870081192,7.115470445694691,-0.0003263478369258172,-0.00042105846502681364,1.0018490178479527,1.001790329625348,1.0018490178479527,1.001790329625348,0.0,-3.280003185568164e-21
2176,16,6.168341159820557,-9.128103695922503,-9.718767324768418,7.941284412155021,7.36321463563279,-0.0003239153395369643,-0.0003919155273798588,1.0017442661376934,1.0017765105790515,1.0017442661376932,1.0017765105790515,0.0,-2.2960022298977147e-21
2177,16,6.2578887939453125,-9.178620143193335,-9.556723170295893,8.309863056738273,7.647209161964434,-0.00037509871713398314,-0.0003868704843060961,1.001732956940001,1.0017634444873362,1.001732956940001,1.0017634444873362,0.0,-1.6072015609284002e-21
2178,16,5.926007270812988,-9.696909039854958,-9.598778931163611,8.554225290964999,7.9193140006646034,-0.0004227061977283562,-0.0003976211983327741,1.00166025657554,1.0017324881137972,1.00166025657554,1.0017324881137972,0.0,-1.1250410926498801e-21
2179,16,5.857128143310547,-9.950389959348758,-9.704262239619155,8.64585739447349,8.137277018807268,-0.00048688025917238773,-0.00042439891658465815,1.001727085223014,1.0017308672465621,1.001727085223014,1.0017308672465621,0.0,-7.875287648549161e-22
2180,16,6.098029136657715,-9.426811130477327,-9.621026906876606,8.562876775501323,8.264956945815484,-0.0004214177498487235,-0.00042350456656387774,1.001747114979072,1.001735741566315,1.001747114979072,1.001735741566315,0.0,-5.512701353984412e-22
2181,16,5.917059898376465,-9.430263111385832,-9.563797768229374,8.700129168583247,8.395508612645813,-0.000401179354673365,-0.00041680700299672385,1.0016091552381077,1.0016977656678527,1.0016091552381075,1.0016977656678527,0.0,-3.8588909477890884e-22
2182,16,6.067901611328125,-10.293974668803349,-9.782850838401567,9.043944696653135,8.59003943784801,-0.0005450150234079832,-0.00045526940912010163,1.001644316114706,1.0016817308019088,1.001644316114706,1.0016817308019088,0.0,-2.7012236634523615e-22
2183,16,6.217921733856201,-9.61202920030021,-9.73160434697116,8.937259953487589,8.694205592539884,-0.0005596700859938239,-0.0004865896121822183,1.0017537927908284,1.0017033493985847,1.0017537927908284,1.0017033493985847,1.0823040354706116e-19,3.228003540767668e-20
2184,16,5.794368743896484,-8.443587546098884,-9.345199306709477,8.696644110027345,8.694937147786122,-0.0003791478875335556,-0.00045435709478761944,1.0015775423575934,1.0016656072862873,1.0015775423575934,1.0016656072862873,-5.412472457865931e-20,6.358607411775883e-21
2185,16,6.508190155029297,-8.759165495684888,-9.1693891634021,8.854868697485818,8.742916612696032,-0.0004473996440263517,-0.00045226985955923904,1.001411257569798,1.0015893023713405,1.001411257569798,1.0015893023713405,0.0,4.4510251882431175e-21
2186,16,6.1026082038879395,-9.177193946192398,-9.17173059823919,8.66327207512502,8.719023251424728,-0.00048036561877138007,-0.0004606985873228813,1.0014711186467522,1.0015538472539638,1.0014711186467522,1.0015538472539638,-5.413047627127497e-20,-1.3123425249612308e-20
2187,16,6.101556301116943,-9.213070359136687,-9.184132526508439,8.643040512604097,8.696228429778538,-0.0005341466111847249,-0.00048273299448143436,1.001511493939348,1.001541141259579,1.001511493939348,1.001541141259579,0.0,-9.186397674728615e-21
2188,16,5.856036186218262,-8.015333430066223,-8.833492797575772,8.13163844029682,8.526851432934022,-0.0003457401547858184,-0.00044163514257274957,1.001488259912079,1.0015252768553289,1.001488259912079,1.0015252768553289,0.0,-6.43047837231003e-21
2189,16,5.773066997528076,-7.599217490811321,-8.463210205546437,8.161708435583256,8.417308533728791,-0.00031230402955982443,-0.000402835808668872,1.001368201601992,1.0014781542793276,1.001368201601992,1.0014781542793276,0.0,-4.501334860617021e-21
2190,16,5.296034336090088,-8.01489939726428,-8.328716963061789,8.212204534718417,8.355777334025678,-0.00035283749785443855,-0.0003878363154245419,1.0013361820699045,1.0014355626165006,1.0013361820699047,1.0014355626165006,0.0,-3.1509344024319143e-21
2191,16,5.933804035186768,-7.772728623486952,-8.161920461189338,8.288953683057894,8.335730238735342,-0.00037988774745799375,-0.00038545174503457747,1.0014783862913417,1.0014484097189529,1.001478386291342,1.0014484097189529,0.0,-2.20565408170234e-21
2192,16,5.999619483947754,-6.592054155639915,-7.690960569524511,8.481578831641487,8.379484816607185,-0.00033528594681143416,-0.0003704020055676345,1.001402220960705,1.0014345530914783,1.0014022209607052,1.0014345530914786,0.0,-1.543957857191638e-21
2193,16,5.999032020568848,-6.517164385294037,-7.338821714255368,8.795636094959605,8.50433020011291,-0.0003557253709373736,-0.00036599901517855616,1.0013619364152924,1.0014127680886225,1.0013619364152924,1.0014127680886227,-5.413637831925019e-20,-1.7321683995809203e-20
2194,16,5.686763763427734,-7.317084110945377,-7.33230043326237,9.437603692136815,8.78431224772008,-0.000448885968816763,-0.0003908651012700182,1.0012889421225966,1.0013756202988147,1.0012889421225968,1.0013756202988149,5.414032487900759e-20,4.116918666635837e-21
2195,16,6.322307109832764,-6.5710748893369715,-7.10393277008475,9.671352546074994,9.050424337226556,-0.00043498857188422013,-0.0004041021424542788,1.0013916796265545,1.0013804380971365,1.0013916796265545,1.0013804380971367,0.0,2.8818430666450857e-21
2196,16,6.141547679901123,-5.3168726548139995,-6.567814735503524,9.963585721281227,9.324372752442956,-0.0003475828509019429,-0.000387146354988578,1.001174777946718,1.001318740052011,1.0011747779467177,1.001318740052011,0.0,2.01729014665156e-21
2197,16,6.149109363555908,-6.1622808179487265,-6.446154560237084,10.162311971908832,9.575754518282718,-0.0003965285236871231,-0.00038996100559814155,1.0010860207084822,1.0012489242489522,1.001086020708482,1.0012489242489522,0.0,1.4121031026560918e-21
2198,16,6.142446994781494,-6.211493712967746,-6.3757563060562825,10.326213879059775,9.800892326515834,-0.0004933473385721102,-0.0004209769054903321,1.00104936576075,1.0011890567024915,1.00104936576075,1.0011890567024915,0.0,9.884721718592643e-22
2199,16,6.1459150314331055,-5.210133875642219,-6.026069576932063,10.28188317330997,9.945189580554075,-0.00046558997637831476,-0.00043436082675672694,1.0010130141041622,1.0011362439229927,1.0010130141041622,1.0011362439229927,0.0,6.919305203014849e-22
2200,16,6.070286750793457,-4.3553511900534625,-5.524854060868483,10.352003766198148,10.067233836247297,-0.0003823513480761064,-0.00041875798315254073,1.000806032335821,1.0010371804468412,1.0008060323358212,1.0010371804468412,5.4166448715094255e-20,1.6734285978739313e-20
2201,16,5.973664283752441,-4.468729763125724,-5.208016771545656,10.442190178392003,10.179720738890708,-0.00038099124283335625,-0.00040742796105678534,1.0007312057184405,1.000945388028321,1.0007312057184403,1.0009453880283208,0.0,1.1714000185117518e-20
2202,16,5.860583305358887,-4.355574152939908,-4.9522839859639305,10.763512454604069,10.354858253604716,-0.000515032937491741,-0.00043970945398727197,1.0005615758884319,1.0008302443863542,1.000561575888432,1.0008302443863542,0.0,8.199800129582262e-21
2203,16,5.450201511383057,-3.8758950889579604,-4.629367316862139,10.706072462431893,10.46022251625287,-0.0005665560797667441,-0.00047776344172111354,1.0004496606961626,1.0007160692792967,1.0004496606961626,1.0007160692792967,0.0,5.739860090707583e-21
2204,16,5.889311790466309,-3.175235487337895,-4.1931277680048655,10.577685935596051,10.495461542055823,-0.000546378727020887,-0.0004983480273110456,1.0002990637182558,1.0005909676109843,1.0002990637182558,1.0005909676109843,0.0,4.017902063495308e-21
2205,16,5.5552978515625,-3.0192416054428364,-3.8409619192362565,10.489495617555725,10.493671764705793,-0.0005690117727135064,-0.0005195471509317838,1.0001274956513235,1.000451926023086,1.0001274956513235,1.000451926023086,-1.0840639590449696e-19,-2.9709387326902376e-20
2206,16,5.813894271850586,-2.357180457145945,-3.395827480609163,10.269926311987616,10.426548128890339,-0.0005575597897099786,-0.0005309509425652422,1.0000450724951842,1.0003298699647154,1.0000450724951842,1.0003298699647154,0.0,-2.0796571128831662e-20
2207,16,5.796987056732178,-1.4692444510627065,-2.8178525717452256,10.12437466041695,10.33589608834832,-0.000552733875621817,-0.0005374858224822146,0.9999474404023209,1.000215141095997,0.9999474404023208,1.000215141095997,0.0,-1.4557599790182163e-20
2208,16,6.122949600219727,-0.6345741414739295,-2.1628690426638366,10.180671816358267,10.289328806751303,-0.0005251218507938551,-0.0005337766309757067,0.9998589144737033,1.000108273109309,0.9998589144737033,1.000108273109309,1.0843551593038473e-19,2.2340334925987908e-20
2209,16,5.844692707061768,0.8838391414135814,-1.2488565874406112,10.148738370320272,10.247151675821993,-0.00041345767584344246,-0.0004976809444360273,0.9997412948798007,0.9999981796404565,0.9997412948798007,0.9999981796404565,-5.42241366860743e-20,-6.290065576307538e-22
2210,16,5.630484104156494,1.3869734626168524,-0.45810757242337213,10.219338505534159,10.238807724735642,-0.00029309677527161423,-0.0004363056936867034,0.9996662922767706,0.9998986134313506,0.9996662922767706,0.9998986134313506,0.0,-4.403045903415276e-22
2211,16,5.544142246246338,1.410546855526616,0.10248875596162432,10.411843005721385,10.290718309031364,-0.00034897607271255036,-0.0004101068073944574,0.9996270898036181,0.9998171563430307,0.9996270898036183,0.9998171563430308,0.0,-3.0821321323906926e-22
2212,16,5.489462375640869,1.7148185991214957,0.5861877089095857,10.786177874449743,10.439356178656878,-0.0003877703373341247,-0.00040340586637635756,0.999520135950511,0.9997280502252748,0.999520135950511,0.9997280502252748,-5.423613459545082e-20,-1.6486589627902592e-20
2213,16,5.991954803466797,1.704039601322505,0.9215432766334615,11.417047166944286,10.732663475143099,-0.0004981948070741781,-0.00043184254858570365,0.9994703415732786,0.9996507376296759,0.9994703415732786,0.9996507376296759,0.0,-1.1540612739531814e-20
2214,16,6.212360858917236,1.7009306868756866,1.155359499706129,11.757571275384732,11.040135815215589,-0.0004967482628262882,-0.000451314262857879,0.9994051219155057,0.9995770529154249,0.9994051219155057,0.9995770529154249,0.0,-8.07842891767227e-21
2215,16,5.905161380767822,0.7564453786727453,1.0356852633961138,12.221221910976755,11.394461643943938,-0.00067079317743072,-0.0005171579372297312,0.9994123394405025,0.9995276388729482,0.9994123394405025,0.9995276388729482,0.0,-5.654900242370588e-21
2216,16,5.787633419036865,0.8155677986082547,0.969650023959756,12.151666194409698,11.621623009083665,-0.0006090778711084059,-0.0005447339173933335,0.9995223638096964,0.9995260563539725,0.9995223638096964,0.9995260563539725,0.0,-3.9584301696594115e-21
2217,16,6.274111747741699,1.7632392749575954,1.2077267992591079,12.327437014349744,11.83336721066349,-0.0004900851305693356,-0.0005283392813461342,0.9994782970743347,0.9995117285700811,0.9994782970743347,0.9995117285700811,0.0,-2.7709011187615878e-21
2218,16,6.277996063232422,1.8229212526069212,1.3922851352634518,12.522073447965578,12.039979081854115,-0.000521284106810668,-0.0005262227289854943,0.9994340584177092,0.9994884275243694,0.9994340584177092,0.9994884275243694,-1.0848161150341414e-19,-3.448411423415735e-20
2219,16,6.141134738922119,1.7605609213211804,1.5027678710807701,12.562299132072727,12.196675096919698,-0.00047506036056187373,-0.0005108740184584081,0.9994083484095032,0.9994644037899095,0.9994083484095031,0.9994644037899094,0.0,-2.4138879963910145e-20
2220,16,5.825040817260742,1.7322742295000346,1.5716197786065496,12.675907528910237,12.34044482651686,-0.0004975919600423645,-0.000506889400933595,0.9994147925449787,0.9994495204164302,0.9994147925449787,0.9994495204164302,-1.0848370272013058e-19,-4.9442326790776275e-20
2221,16,5.986032962799072,1.8741182348713656,1.6623693154859942,12.706542270449594,12.45027405969668,-0.00045876460294692314,-0.0004924519615375933,0.9993200363645938,0.9994106752008792,0.9993200363645937,0.9994106752008791,-5.42469946079387e-20,-5.0883727135925e-20
2222,16,6.152007102966309,1.1312067692204937,1.503020551606344,12.736002124303216,12.53599247907864,-0.000510122259155563,-0.0004977530508229841,0.9993373895690151,0.9993886895113199,0.9993373895690151,0.9993886895113199,0.0,-3.56186089951475e-20
2223,16,5.947051048278809,-0.0618224173664373,1.0335676609145095,12.696461666311784,12.584133235248583,-0.0006098495455844254,-0.0005313819992514165,0.9993399875111935,0.9993740789112819,0.9993399875111935,0.9993740789112819,1.0849182320680033e-19,7.614520665436847e-21
2224,16,5.525700092315674,-0.09586992554320621,0.6947363849771948,12.50807098704261,12.561314560786789,-0.0005907698584319834,-0.0005491983570055865,0.99936106131027,0.9993701736309782,0.99936106131027,0.9993701736309782,0.0,5.330164465805792e-21
2225,16,5.426956653594971,-0.09024618634464485,0.45924161358064286,12.410038069794487,12.515931613489098,-0.0005669121234877327,-0.0005545124869502304,0.9993710448551693,0.9993704349982355,0.9993710448551693,0.9993704349982355,0.0,3.7311151260640546e-21
2226,16,5.465257167816162,-0.923350877157574,0.04446386635917776,12.401829088501776,12.4817008559929,-0.0006285280852373227,-0.000576717166436358,0.9993077681498198,0.9993516349437107,0.9993077681498199,0.9993516349437108,0.0,2.611780588244838e-21
2227,16,5.425580978393555,-0.9549218157621346,-0.2553518382772159,12.329600462992953,12.436070738092916,-0.0006130919192787935,-0.0005876295922890886,0.999317139296323,0.9993412862494944,0.999317139296323,0.9993412862494944,-1.084943037451508e-19,-3.072004471177385e-20
2228,16,5.406502723693848,-1.0200618944426336,-0.4847648551268412,12.27265872551652,12.387047134319996,-0.0006232586842260641,-0.0005983183198701813,0.9993360109949384,0.9993397036731275,0.9993360109949384,0.9993397036731275,1.08492254912947e-19,1.1043645175642401e-20
2229,16,5.706374168395996,-0.36727653588250786,-0.4495183593535412,12.069886729319066,12.291899012819716,-0.0005402685522610736,-0.0005809033895874489,0.9993109980806266,0.9993310919953772,0.9993109980806266,0.9993310919953772,0.0,7.73055162294968e-21
2230,16,5.777698040008545,-0.26104753706967965,-0.3929771126683827,12.022816116883664,12.2111741440389,-0.0005105678778111708,-0.0005598027360545655,0.9992461187604456,0.9993056000248977,0.9992461187604457,0.9993056000248977,0.0,5.411386136064776e-21
2231,16,5.859724044799805,-1.0125119774703903,-0.578837572108985,12.070347726950157,12.168926218912276,-0.0004996137148619038,-0.0005417460296967669,0.9991820434241022,0.9992685330446589,0.9991820434241022,0.9992685330446589,0.0,3.787970295245343e-21
2232,16,5.444655895233154,-1.4053767786882931,-0.8267993340827775,12.326686375005753,12.216254265740318,-0.0005583283485747372,-0.0005467207253601579,0.9992901824345324,0.9992750278616209,0.9992901824345323,0.9992750278616209,-1.0849723048855582e-19,-2.989758993989501e-20
2233,16,5.771066188812256,-0.8348920775701656,-0.8292271571289939,12.47159149857241,12.292855435589946,-0.00048762155432695173,-0.000528990974050196,0.9992942133848415,0.9992807835185871,0.9992942133848415,0.9992807835185871,0.0,-2.0928312957926505e-20
2234,16,5.753255367279053,-0.7110639394713265,-0.7937781918316936,12.428498888657485,12.333548471510206,-0.0004535659714626538,-0.0005063634732739333,0.9992676271010149,0.9992768365933153,0.9992676271010149,0.9992768365933153,5.424983973667265e-20,1.6251328504532403e-21
2235,16,6.021326541900635,-1.1372101999386275,-0.8968077942637738,12.60150049668919,12.4139340790639,-0.0004485529262439751,-0.0004890203091649458,0.9991637962481765,0.9992429244897736,0.9991637962481765,0.9992429244897736,5.425547725791526e-20,1.7414236172691847e-20
2236,16,5.998672962188721,-0.6227155768432485,-0.8145801290376162,12.612900756465404,12.473624082284351,-0.0004189357501294743,-0.0004679949414543043,0.999216004428535,0.999234848471402,0.999216004428535,0.999234848471402,0.0,1.2189965320884292e-20
2237,17,6.233719825744629,-0.3791470915560768,-0.6839502177931543,12.842759215133176,12.584364622138997,-0.0003837426757156643,-0.0004427192617327123,0.9990318394292241,0.9991739457587486,0.9990318394292241,0.9991739457587486,-5.426264357625181e-20,-7.745817348256538e-21
2238,17,6.443123817443848,-0.9803046957619612,-0.7728565611837963,12.947759998021263,12.693383234903676,-0.00035931215195933057,-0.0004176971288006977,0.9989048258793444,0.9990932097949273,0.9989048258793444,0.9990932097949273,5.426954322355346e-20,1.0858790823286462e-20
2239,17,6.2707600593566895,-2.843317417694219,-1.393994818136923,13.517387219346105,12.940584430236406,-0.0005851867772265428,-0.00046794402332845124,0.998903742664359,0.9990363696557567,0.998903742664359,0.9990363696557567,-1.0853920414730156e-19,-2.496060766788995e-20
2240,17,6.351007461547852,-2.420212526671869,-1.7018601306974066,13.509820722953618,13.111355318051569,-0.0005163981822190763,-0.0004824802709956387,0.9987780213833392,0.9989588651740313,0.9987780213833392,0.9989588651740313,0.0,-1.7472425367522964e-20
2241,17,6.361783981323242,-1.7546751257875377,-1.7177046292244458,13.378365791815908,13.191458460180868,-0.0004241063258318531,-0.000464968087446503,0.9986846809935115,0.9988766099198754,0.9986846809935116,0.9988766099198754,0.0,-1.2230697757266075e-20
2242,16,6.377530574798584,-1.2282318438935678,-1.5708627936251824,13.16102506363689,13.182328441217674,-0.0003318108758567463,-0.00042502092396957595,0.9985537364170137,0.9987797478690168,0.9985537364170138,0.9987797478690169,0.0,-8.561488430086252e-21
2243,16,6.272147178649902,-1.602731204532763,-1.5804233168974564,13.382524174145647,13.242387161096065,-0.00041526301934279725,-0.00042209355258154233,0.9982946141410421,0.9986342077506243,0.9982946141410421,0.9986342077506244,5.430271570774622e-20,1.0297772811263493e-20
2244,16,6.371872425079346,-2.6231192716849723,-1.8932321033337112,13.490115789189828,13.316705749524193,-0.0005424001484153385,-0.0004581855313316812,0.9982303148225589,0.9985130398722046,0.9982303148225588,0.9985130398722046,0.0,7.208440967884445e-21
2245,16,6.08989953994751,-2.185572798528112,-1.9809343118920313,13.458123802064849,13.359131165286389,-0.0005324713759717796,-0.00048047128472371065,0.9981923505189767,0.9984168330662362,0.9981923505189767,0.9984168330662362,1.0861655791309257e-19,3.763087605144688e-20
2246,16,6.399790287017822,-1.054518531778369,-1.7030095778579324,13.399538059279202,13.371253233484232,-0.0004323130327081537,-0.00046602380911904356,0.9979991738317462,0.9982915352958891,0.9979991738317461,0.998291535295889,-5.431879108290181e-20,1.0045975911142273e-20
2247,16,6.010091781616211,-1.2225264501856425,-1.5588646395562455,13.47121677157563,13.40124229491165,-0.0004517012045934365,-0.0004617270277613614,0.9978125552473681,0.9981478412813327,0.9978125552473681,0.9981478412813327,0.0,7.032183137799592e-21
2248,16,6.107556343078613,-1.7951404852651305,-1.629747393268911,13.53555049205645,13.441534754055091,-0.00043607389814464284,-0.0004540310888763458,0.9977180538704415,0.9980189050580653,0.9977180538704415,0.9980189050580653,0.0,4.922528196459714e-21
2249,16,6.124414920806885,-2.077775847819144,-1.7641559296339808,13.847323590809832,13.563271405081514,-0.0005380685000648317,-0.0004792423122328916,0.9976554982239747,0.9979098830078381,0.9976554982239747,0.9979098830078381,0.0,3.445769737521799e-21
2250,16,6.714756011962891,-0.5067932382950104,-1.3869471222322898,14.023119971815893,13.701225975101826,-0.0005273467199939639,-0.0004936736345612133,0.9976064024414157,0.9978188388379114,0.9976064024414156,0.9978188388379113,-1.0868035427921926e-19,-3.0192067467500516e-20
2251,17,6.264625549316406,0.9932555557749482,-0.6728863188301183,14.02212342964418,13.797495211464533,-0.0004174023155499496,-0.00047079223885783416,0.9974138685331474,0.9976973477464821,0.9974138685331475,0.9976973477464821,-5.435066659339681e-20,-3.7439647205269403e-20
2252,16,6.416347503662109,0.42577828737324075,-0.34328693696911056,14.282432433506871,13.942976378077233,-0.00044608426253979055,-0.00046337984596242103,0.9972876850765623,0.9975744489455061,0.9972876850765623,0.9975744489455061,0.0,-2.620775304368858e-20
2253,16,6.312046527862549,-0.15870892194037708,-0.2879135324604905,14.518453353105512,14.115619470585717,-0.0005513727264389961,-0.0004897777101053936,0.9973066127687041,0.9974940980924654,0.9973066127687042,0.9974940980924654,1.087130235179693e-19,1.4268479924808788e-20
2254,17,6.074820518493652,0.14726376406576736,-0.15736034350261313,14.886216016871664,14.346798434471498,-0.0006012818706991884,-0.000523228958283532,0.9972635754979723,0.9974249413141174,0.9972635754979723,0.9974249413141174,0.0,9.987935947366151e-21
2255,17,5.979844570159912,1.8471784831349716,0.4440013044886622,14.839093876548446,14.494487067094582,-0.00044490607789307655,-0.0004997320941663953,0.997166372549208,0.9973473706846445,0.9971663725492081,0.9973473706846445,0.0,6.991555163156305e-21
2256,17,6.337271213531494,2.297379282487978,1.000014697888457,15.142690197984326,14.688948006361503,-0.00040191845302586966,-0.00047038800182423756,0.9971162497572793,0.9972780344064349,0.9971162497572794,0.9972780344064349,5.436688915406923e-20,2.1204155360430183e-20
2257,17,6.006664276123047,1.6952014306385557,1.2085707177134863,15.276108090651338,14.865096031648452,-0.0004316373287100584,-0.00045876279988998377,0.9970610883955279,0.9972129506031627,0.9970610883955279,0.9972129506031627,0.0,1.4842908752301126e-20
2258,17,6.26377010345459,1.4248702250810894,1.2734605699237673,15.793200226267476,15.143527290034159,-0.0006049427026169367,-0.0005026167707080696,0.9970458169807719,0.9971628105164454,0.9970458169807719,0.9971628105164454,0.0,1.0390036126610788e-20
2259,17,6.336620330810547,2.4511154960618753,1.6267570477651998,15.769912448585565,15.331442837599582,-0.0005519619182465476,-0.000517420314969613,0.9970205232826358,0.9971201243463025,0.9970205232826357,0.9971201243463025,0.0,7.27302528862755e-21
2260,17,6.388743877410889,3.2585758283503203,2.116302681940736,15.781215050144324,15.466374501363003,-0.00044956933942726205,-0.0004970650223069077,0.9969597315026161,0.9970720064931965,0.9969597315026162,0.9970720064931965,0.0,5.091117702039285e-21
2261,17,6.158022880554199,3.287271742846764,2.4675934002125444,15.801412222479138,15.566885817697843,-0.000435125590116512,-0.00047848319264978895,0.9969126777592174,0.9970242078730027,0.9969126777592173,0.9970242078730027,-5.437799100531501e-20,-1.2749614910167005e-20
2262,17,6.030238151550293,2.8790876502930716,2.5910416752367027,15.874429923368849,15.659149049399144,-0.0004997206322379488,-0.0004848544245262369,0.9969558363899081,0.9970036964280743,0.9969558363899081,0.9970036964280743,0.0,-8.924730437116902e-21
2263,17,6.281223297119141,4.216621463474596,3.0787156117080707,15.868813170318472,15.72204828567494,-0.00046775501045761365,-0.0004797246003056499,0.9969036300814315,0.9969736765240813,0.9969036300814315,0.9969736765240813,0.0,-6.247311305981831e-21
2264,17,6.221974849700928,4.671120708702356,3.5564371408063558,15.874395614713404,15.76775248438648,-0.0003830630752340746,-0.0004507261427841773,0.9968903277987667,0.9969486719064868,0.9968903277987667,0.9969486719064868,0.0,-4.3731179141872816e-21
2265,17,5.906538963317871,4.060582801220269,3.7076808389305294,16.112177902106048,15.871080109702348,-0.00044722866032205017,-0.0004496768980455391,0.9968311813473141,0.996913424738735,0.996831181347314,0.996913424738735,5.438243670408164e-20,1.3253548471293394e-20
2266,17,5.749820709228516,3.924600652875186,3.772756783113926,16.467483375478185,16.0500010894351,-0.0005445269220358815,-0.0004781319052426418,0.996865087402815,0.9968989235379588,0.9968650874028149,0.9968989235379588,0.0,9.277483929905376e-21
2267,17,5.911116600036621,4.978737495598045,4.134550996859161,16.503271727539257,16.185982280866348,-0.000483199762898801,-0.0004796522625394896,0.9969209141089882,0.9969055207092676,0.9969209141089881,0.9969055207092676,-5.437754174585279e-20,-9.819023772822074e-21
2268,17,6.005223751068115,4.955889982202929,4.380952692462292,16.657129424796928,16.32732642404552,-0.0005133998502582294,-0.0004897765388551115,0.9969072511952406,0.9969060398550595,0.9969072511952406,0.9969060398550595,-1.0875657401283837e-19,-3.9500288844826965e-20
2269,17,6.243046760559082,4.672243221210694,4.468339851086812,16.658295010049805,16.426616999846804,-0.0005192514583280757,-0.0004986190146970007,0.9969411020017239,0.9969165584990588,0.996941102001724,0.9969165584990589,1.0875288121921865e-19,4.975662174386717e-21
2270,17,6.359724044799805,4.201792115823047,4.388375530507682,16.82984410155436,16.54758513035907,-0.0006139648996926716,-0.000533222780195702,0.9970473280068702,0.9969557893514023,0.9970473280068703,0.9969557893514023,-1.0874129462368244e-19,-2.913942486503403e-20
2271,17,6.621620178222656,4.641534754101955,4.464323297585964,16.69858454308312,16.592884954176284,-0.0005707726020490447,-0.0005444877267517048,0.9972010550699617,0.99702936906697,0.9972010550699617,0.99702936906697,0.0,-2.039759740552382e-20
2272,17,6.3307695388793945,5.582045940492218,4.7996400904578405,16.670781429559135,16.61625389679114,-0.0005258929816691527,-0.0005389093032269392,0.9971580392173154,0.9970679701120735,0.9971580392173155,0.9970679701120736,0.0,-1.4278318183866675e-20
2273,17,6.8558197021484375,4.774679918196962,4.792152038779577,16.50343533411683,16.582408327988844,-0.0005425053605873411,-0.0005399881204350597,0.997186644848955,0.9971035725331379,0.9971866448489551,0.9971035725331381,0.0,-9.994822728706672e-21
2274,17,6.087418556213379,3.188371367827794,4.311017837494042,16.269307621718124,16.48847811610763,-0.000706712857040482,-0.0005900055414166863,0.9973787393403861,0.9971861225753123,0.9973787393403862,0.9971861225753125,0.0,-6.996375910094671e-21
2275,17,6.220902442932129,3.6279297602237888,4.106091414312965,16.08908428822704,16.36865996774345,-0.0006825561800062734,-0.0006177707329935625,0.9975603078143097,0.9972983781470115,0.9975603078143097,0.9972983781470115,0.0,-4.8974631370662694e-21
2276,17,6.270775318145752,5.262172261094383,4.452915668347391,15.625466393559046,16.14570189548813,-0.0004666006475665713,-0.000572419707365465,0.997683830089818,0.9974140137298534,0.997683830089818,0.9974140137298534,0.0,-3.428224195946389e-21
2277,17,6.821256637573242,4.813192552331763,4.560998733542703,15.630885105853165,15.991256858597641,-0.00045533026319514677,-0.0005372928741143695,0.9976795175000791,0.9974936648609212,0.997679517500079,0.9974936648609211,0.0,-2.399756937162472e-21
2278,17,6.3586835861206055,2.946155344792034,4.076545716917503,15.537356100587076,15.855086631194471,-0.0005838203858943956,-0.0005512511276483773,0.9979656879947051,0.9976352718010564,0.9979656879947051,0.9976352718010562,0.0,-1.6798298560137303e-21
2279,17,6.154383182525635,2.7927283821405293,3.69140051648441,15.448579031134322,15.733134351176425,-0.0006498841702072466,-0.000580841040416038,0.9981570696603985,0.997791811158859,0.9981570696603985,0.9977918111588588,0.0,-1.175880899209611e-21
2280,17,6.331171035766602,4.001653993401284,3.7844765595594723,14.931685370151486,15.492699656868943,-0.0004976226327655655,-0.0005558755181208963,0.9982651540444306,0.9979338140245304,0.9982651540444306,0.9979338140245303,1.086086365023264e-19,3.1759474321251186e-20
2281,17,6.127930164337158,3.234045990175533,3.6193473887442904,14.90809503694443,15.317318270891587,-0.0005635240152759415,-0.0005581700672674098,0.9984174796571287,0.9980789137143098,0.9984174796571288,0.9980789137143098,0.0,2.2231632024875828e-20
2282,17,6.30598258972168,2.0381111878755402,3.144976528483665,14.864470736029798,15.18146401043305,-0.0006489629918475609,-0.0005854079446414551,0.9986497123251458,0.9982501532975605,0.9986497123251457,0.9982501532975605,0.0,1.5562142417413078e-20
2283,17,5.943487167358398,2.9584543244827652,3.089019867283395,14.618780813460573,15.012659051341306,-0.0004956260435810424,-0.0005584733743233313,0.9989192004626269,0.9984508674470803,0.998919200462627,0.9984508674470804,0.0,1.0893499692189155e-20
2284,17,6.424503803253174,3.5426815741341144,3.2251183793386105,14.662751939108656,14.90768691767151,-0.00043419597243851834,-0.0005211901537578874,0.9990262746938223,0.9986234896211028,0.9990262746938223,0.998623489621103,0.0,7.625449784532407e-21
2285,17,6.575775146484375,2.9578476473674855,3.144937159747273,14.684983466851799,14.840875882425596,-0.00045353545547861313,-0.0005008937442741051,0.9991322517678345,0.9987761182651222,0.9991322517678344,0.9987761182651224,-5.425719020515802e-20,-1.093934221237472e-20
2286,17,6.279338836669922,1.5960337852077797,2.680266147385425,14.628003969692326,14.777014308605615,-0.0005751531330901105,-0.0005231715609189067,0.9993758894494107,0.9989560496204088,0.9993758894494107,0.9989560496204088,1.084879257075961e-19,2.4888838163616525e-20
2287,17,6.1731743812561035,1.4445216882817813,2.3095428096543316,14.611033903619258,14.727220187109708,-0.0006166589590284728,-0.0005512177803517765,0.9994643603567099,0.9991085428412991,0.9994643603567099,0.9991085428412991,0.0,1.7422186714531568e-20
2288,17,6.513193130493164,2.6569816976513327,2.413774476053432,14.222198213285477,14.575713594962437,-0.0005742538315291867,-0.0005581285957049995,0.9996807777402249,0.9992802133109768,0.9996807777402249,0.9992802133109768,0.0,1.2195530700172097e-20
2289,17,6.644614219665527,3.4550146554737733,2.726146529879534,13.958094197177282,14.39042777562689,-0.0005135536486850092,-0.0005447561115990024,0.9997690813313672,0.9994268737170939,0.9997690813313672,0.9994268737170939,0.0,8.536871490120467e-21
2290,17,6.380825042724609,3.505394501948627,2.9599209215002613,13.527267525516372,14.131479700593733,-0.00044449079975771347,-0.0005146765180466157,0.9998097878859831,0.9995417479677606,0.9998097878859831,0.9995417479677606,0.0,5.9758100430843264e-21
2291,17,6.359094619750977,3.3721602010936897,3.0835927053782894,13.357419072225225,13.899261512083179,-0.0004928441861101535,-0.0005081268184656771,0.9998467192368976,0.9996332393485017,0.9998467192368975,0.9996332393485017,0.0,4.183067030159028e-21
2292,17,6.408055782318115,3.117625863234211,3.0938026527350657,13.156488778669333,13.676429692059024,-0.0006012535325726397,-0.0005360648326977658,0.999997283538548,0.9997424526055154,0.999997283538548,0.9997424526055154,0.0,2.9281469211113196e-21
2293,17,6.266299247741699,3.1799931652664197,3.119659806494472,12.909534381036858,13.446361098752373,-0.0006093671727537878,-0.0005580555347145723,1.0000519970149173,0.999835315928336,1.0000519970149175,0.999835315928336,1.0841458001401617e-19,3.4574076848982774e-20
2294,17,6.1794657707214355,3.256659796508763,3.160759803498759,12.416191907909173,13.137310341499413,-0.0005818603600848225,-0.0005651969823256474,1.0001516182414079,0.9999302066222575,1.0001516182414079,0.9999302066222575,1.0840378125787416e-19,5.672298817165018e-20
2295,17,6.233119487762451,3.205892982675648,3.1742997572518257,12.304241182982619,12.887389593944373,-0.0006043480664178655,-0.0005769423075533128,1.000182129515467,1.0000057834902203,1.0001821295154671,1.0000057834902203,-1.0840047432268565e-19,7.185949423349431e-21
2296,17,6.4499945640563965,2.824953234518303,3.0694958004317687,12.194741598838101,12.679595195412492,-0.0007052814944512007,-0.0006154440636226791,1.0002145049980555,1.0000683999425708,1.0002145049980555,1.0000683999425708,0.0,5.0301645963446015e-21
2297,17,6.412384510040283,2.8774656525314937,3.0118867560616858,11.861663697106867,12.434215745920802,-0.0007145132451697313,-0.0006451648180867946,1.0003315908199382,1.000147357205781,1.0003315908199382,1.000147357205781,1.083842780169344e-19,3.603639862252154e-20
2298,17,6.683104038238525,4.1192188700919266,3.344086390270758,10.962910451647517,11.992824157638816,-0.0005055505005628564,-0.0006032805228296131,1.0004646947740374,1.0002425584762578,1.0004646947740374,1.0002425584762578,0.0,2.5225479035765076e-20
2299,17,6.668972015380859,4.720505164505715,3.757012022541245,10.649226671729346,11.589744911865976,-0.00037689411360758543,-0.0005353646000630048,1.0004096005205896,1.0002926710895572,1.0004096005205896,1.0002926710895572,0.0,1.7657835325035553e-20
2300,17,6.482189178466797,3.5330263534813735,3.689816321823283,10.804477836127605,11.354164789144464,-0.0005530666609848061,-0.0005406752183395451,1.000442156570088,1.0003375167337165,1.000442156570088,1.0003375167337165,1.0837229972421183e-19,4.487217464478844e-20
2301,17,6.443005084991455,2.9889055178439405,3.4795430806294805,10.779037359008873,11.181626560103787,-0.0006344429622160371,-0.0005688055415024927,1.0006074593355128,1.0004184995142553,1.0006074593355125,1.0004184995142553,1.0835439635893838e-19,6.391684115903342e-20
2302,17,6.460111141204834,3.977215349392062,3.6288447612582546,10.617987739354476,11.012534913878993,-0.0005908677188905891,-0.0005754241947189216,1.0006520568395085,1.0004885667118313,1.0006520568395085,1.0004885667118313,0.0,4.4741788811323394e-20
2303,17,6.018921375274658,3.6637512284373397,3.63931670141198,10.589953811353991,10.885760583121492,-0.0005830394000336236,-0.0005777087563133322,1.0006648302206103,1.000541445764465,1.0006648302206103,1.000541445764465,0.0,3.131925216792637e-20
2304,17,6.510053634643555,1.7985262007304785,3.0870795512075295,10.680019318001806,10.824038203585586,-0.0007075988102207769,-0.0006166757724855655,1.0007148494881821,1.0005934668815801,1.0007148494881821,1.0005934668815801,0.0,2.1923476517548458e-20
2305,17,6.288435935974121,1.3093546941085377,2.5537620940778316,10.555669939161092,10.743527724258236,-0.0007666060808289349,-0.0006616548649885763,1.0008093690577295,1.0006582375344248,1.0008093690577295,1.0006582375344248,0.0,1.534643356228392e-20
2306,17,7.115110397338867,2.692766239472028,2.5954633376960903,9.914520458447459,10.494825544515002,-0.0006154595606093071,-0.0006477962736747955,1.0009454887842204,1.0007444129093634,1.0009454887842204,1.0007444129093634,0.0,1.0742503493598743e-20
2307,17,7.084194660186768,3.987332890328672,3.0130242034858647,9.452892329751466,10.18224558008594,-0.000459831429164559,-0.0005914068203217244,1.000872708014437,1.0007829014408856,1.000872708014437,1.0007829014408856,0.0,7.51975244551912e-21
2308,16,6.3210062980651855,2.9982366261599296,3.0085879302880842,9.40388993132226,9.948738885456835,-0.0005894464375703827,-0.0005908187054963219,1.0009300368657523,1.0008270420683456,1.0009300368657523,1.0008270420683456,-1.0831947614245897e-19,-2.7232016130874305e-20
2309,16,6.380585193634033,1.9718293172660646,2.697560346381478,9.416629684788347,9.78910612525629,-0.0007800303052053648,-0.0006475821854090347,1.0009129076823984,1.0008528017525613,1.0009129076823984,1.0008528017525613,0.0,-1.9062411291612012e-20
2310,16,7.538300514221191,2.6329982144904314,2.6781917068141636,8.647784935145742,9.446709768223124,-0.000690224568212131,-0.0006603749002499635,1.0011003511688001,1.0009270665774328,1.0011003511688001,1.0009270665774328,-1.0830104806373123e-19,-4.583400232324778e-20
2311,16,6.798289775848389,4.193939224918204,3.1329159622453755,8.252120224840427,9.088332905208315,-0.0004988339036982848,-0.0006119126012844598,1.0010101629156651,1.0009519954789026,1.0010101629156651,1.0009519954789026,-1.0831080568927732e-19,-6.457704333305663e-20
2312,16,6.715304851531982,4.185326438046612,3.4486391049857463,8.265523332035551,8.841490033256486,-0.0005223031092951968,-0.0005850297536876808,1.001030569837394,1.00097556778645,1.001030569837394,1.00097556778645,0.0,-4.520393033313964e-20
2313,16,6.4782185554504395,3.610125606481963,3.497085055434611,8.325620064608724,8.686729042662158,-0.0005653749822011653,-0.000579133322241726,1.0010352270163867,1.000993465555431,1.0010352270163867,1.000993465555431,0.0,-3.1642751233197744e-20
2314,16,6.303586006164551,3.5612647796655597,3.5163389727038954,8.429716566153333,8.60962529970951,-0.0006364685738023629,-0.000596333897709917,1.001015374978551,1.001000038382367,1.0010153749785509,1.001000038382367,0.0,-2.214992586323842e-20
2315,16,6.173635482788086,3.728355747621454,3.5799440051791627,8.20073354774816,8.486957774121105,-0.0006657792001161963,-0.0006171674884318008,1.0011500503217832,1.0010450419641919,1.0011500503217832,1.0010450419641919,-1.082956717763763e-19,-4.799364963717978e-20
2316,16,6.152581691741943,3.839389193787949,3.6577775617617982,8.21069069259698,8.404077649663868,-0.0006496922284509523,-0.0006269249104375462,1.001112098298301,1.0010651588644246,1.0011120982983008,1.0010651588644244,0.0,-3.3595554746025845e-20
2317,16,6.027994632720947,2.5838051239039608,3.3355858304044466,8.341612223481249,8.385338021809082,-0.0007034865995694459,-0.0006498934171771161,1.0010800944178828,1.001069639530462,1.0010800944178828,1.001069639530462,0.0,-2.351688832221809e-20
2318,16,6.1518235206604,2.3817111208134545,3.049423417527149,8.368675737343553,8.380339336469422,-0.0007911600512299802,-0.0006922734073929753,1.0011894442383855,1.001105580942839,1.0011894442383855,1.001105580942839,0.0,-1.646182182555266e-20
2319,16,6.134178161621094,4.1983337747237375,3.394096524686125,8.292723704079913,8.35405464675257,-0.0006734253109603388,-0.0006866189784631843,1.0010375204029003,1.0010851627808575,1.0010375204029003,1.0010851627808575,1.0830784564889554e-19,2.09690784167818e-20
2320,16,5.951450347900391,4.038272605081774,3.5873493488048194,7.922111663910369,8.224471751899909,-0.0005709108836429241,-0.0006519065500171062,1.0010937514634435,1.0010877393856332,1.0010937514634435,1.0010877393856332,0.0,1.4678354891747258e-20
2321,16,6.092892646789551,2.7244539026546533,3.3284807149597695,8.081754837571461,8.181656677601374,-0.0007054865764128421,-0.000667980557935827,1.0011096296624142,1.0010943064686675,1.001109629662414,1.0010943064686675,0.0,1.027484842422308e-20
2322,16,5.996392250061035,3.178720327158577,3.2835525986194116,8.045249163899667,8.140734423490862,-0.0007055832678202654,-0.0006792613709011585,1.0011225650601572,1.0011027840461144,1.001122565060157,1.0011027840461142,0.0,7.192393896956156e-21
2323,16,6.618540287017822,4.695568252809971,3.7071572948765796,7.609100711552438,7.981244309909334,-0.0004965505072909972,-0.0006244481118181101,1.0009506886460708,1.0010571554261012,1.0009506886460708,1.0010571554261012,1.083172412770946e-19,3.752984811099768e-20
2324,16,6.476810455322266,2.930849899117568,3.474265076148876,7.8094180294270865,7.929696425764659,-0.0006579300414468697,-0.000634492690706738,1.000956346131877,1.001026912637834,1.000956346131877,1.001026912637834,0.0,2.6270893677698375e-20
2325,16,6.510178089141846,2.33203066048831,3.131594751450706,7.849261510907087,7.905565951307387,-0.0006783198378241495,-0.0006476408348419614,1.0009636089545118,1.0010079215328371,1.0009636089545118,1.0010079215328371,0.0,1.8389625574388862e-20
2326,16,6.440877914428711,2.39984668194386,2.9120703305986524,7.8501953942148175,7.8889547841796155,-0.0007321387962713928,-0.0006729902232707908,1.0010760484309187,1.0010283596022616,1.0010760484309187,1.0010283596022616,0.0,1.2872737902072202e-20
2327,16,6.662700176239014,4.789023210108193,3.4751561944515146,7.535270131063163,7.78284938824468,-0.0005346558424464992,-0.0006314899090235032,1.0009480474143846,1.0010042659458984,1.0009480474143846,1.0010042659458984,0.0,9.01091653145054e-21
2328,16,6.57277774810791,4.7346740125612,3.8530115398844202,7.592385025669892,7.725710079472243,-0.0004473649199144117,-0.0005762524122907757,1.0007430234095294,1.0009258931849878,1.0007430234095296,1.0009258931849878,0.0,6.307641572015378e-21
2329,16,6.453156471252441,2.7411439024748896,3.519451248661561,7.794536275233006,7.746357938200472,-0.0006734197123923714,-0.0006054026023212544,1.0007549921072236,1.0008746228616585,1.0007549921072236,1.0008746228616585,0.0,4.415349100410765e-21
2330,16,6.2258830070495605,2.339779244587723,3.165549647439409,7.804477160440001,7.76379370487233,-0.0007419269224892441,-0.0006463598983716514,1.000853000673536,1.0008681362052219,1.0008530006735363,1.0008681362052219,0.0,3.090744370287535e-21
2331,16,6.274484157562256,3.9809505610699407,3.410169921528568,7.563762951342149,7.703784478813276,-0.0006233017608614872,-0.0006394424571186021,1.0007965623955657,1.000846664062325,1.0007965623955657,1.000846664062325,0.0,2.163521059201274e-21
2332,16,6.364614963531494,4.150276685244217,3.632201950643262,7.5829110493732355,7.667522449981264,-0.0006313711358363655,-0.0006370210607339311,1.0006278965599709,1.0007810338116188,1.0006278965599709,1.0007810338116188,0.0,1.5144647414408919e-21
2333,16,6.720768451690674,3.394309118568437,3.5608341010208147,7.413830639240931,7.591414906759164,-0.000620546334000014,-0.0006320786427137559,1.0005121433208783,1.0007003666643965,1.0005121433208783,1.0007003666643965,0.0,1.0601253190086243e-21
2334,16,6.269185543060303,2.754587560270816,3.3189601387958145,7.427068631436532,7.542111024162374,-0.0007041313687072348,-0.0006536944605117995,1.000646154543138,1.000684103028019,1.000646154543138,1.000684103028019,0.0,7.42087723306037e-22
2335,16,6.163325786590576,3.4611751721154316,3.3616246487916994,7.167294581130693,7.4296660912528685,-0.0006445243677041672,-0.0006509434326695098,1.0006939857488564,1.00068706784427,1.0006939857488564,1.00068706784427,0.0,5.194614063142258e-22
2336,16,6.4633307456970215,4.249328530993282,3.627935813452174,7.1156656764543476,7.335465966813312,-0.0005765978453698817,-0.0006286397564796213,1.0006034661730545,1.0006619873429052,1.0006034661730545,1.0006619873429052,0.0,3.6362298441995808e-22
2337,16,6.543715476989746,3.7263598000811746,3.6574630094408738,6.828907256863013,7.183498353828222,-0.00048416218118651713,-0.00058529648389169,1.0005262065408898,1.0006212531023007,1.0005262065408898,1.0006212531023007,0.0,2.5453608909397064e-22
2338,16,5.9929375648498535,1.7981211350598094,3.0996604471265545,6.9186313440891665,7.1040382509065045,-0.0006892326138918019,-0.0006164773228917236,1.0005923157776577,1.0006125719049077,1.000592315777658,1.0006125719049077,-1.0835603625866995e-19,-3.23286356152352e-20
2339,16,5.8207478523254395,1.3540322978070078,2.5759720023306905,6.690784032891399,6.9800619855019725,-0.0007892080938675797,-0.0006682965541844804,1.000693349751671,1.0006368052589367,1.000693349751671,1.0006368052589367,0.0,-2.2630044930664638e-20
2340,16,5.885379314422607,2.42327017966199,2.53016145553008,5.991584003229002,6.683518590820081,-0.000581822731296277,-0.0006423544073180193,1.0007200438718278,1.0006617768428039,1.0007200438718278,1.0006617768428039,-1.083422061069828e-19,-4.834369328356008e-20
2341,16,5.784959316253662,2.8448782690280012,2.6245764995794563,5.531432558361268,6.337892781082437,-0.00048482833953993287,-0.0005950965869845933,1.000658990991389,1.0006609410873795,1.000658990991389,1.0006609410873795,0.0,-3.384058529849205e-20
2342,16,5.6668524742126465,1.7614152834590213,2.3656281347433255,5.474064655479703,6.078744343401616,-0.0005964651575193575,-0.0005955071581450226,1.0007158452664937,1.0006774123411137,1.0007158452664937,1.0006774123411137,1.083426606677521e-19,8.814388491381193e-21
2343,16,5.384850978851318,1.012657059124569,1.9597368120576983,5.347648222418973,5.8594155071068235,-0.0006484125037947267,-0.0006113787618399338,1.0009050147337561,1.0007456930589065,1.0009050147337564,1.0007456930589065,0.0,6.170071943966835e-21
2344,16,5.583476543426514,1.648191636019523,1.8662732592462454,5.1399062895135526,5.643562741828842,-0.0005601821272437589,-0.0005960197714610814,1.000895753764872,1.0007907112706962,1.0008957537648722,1.0007907112706962,0.0,4.3190503607767844e-21
2345,16,5.392056941986084,0.7213514717200707,1.522796722988393,5.128274179877659,5.488976173243486,-0.0005829573017877139,-0.000592101030559071,1.0009542597191812,1.0008397758052416,1.0009542597191812,1.0008397758052416,0.0,3.023335252543749e-21
2346,16,5.382404327392578,-0.8843052833681142,0.8006661210814408,5.2723618738647104,5.423991883429853,-0.0007133738946557474,-0.0006284828897880739,1.0010978823083092,1.0009172077561619,1.001097882308309,1.0009172077561617,0.0,2.1163346767806243e-21
2347,16,5.954181671142578,-0.9317978791366638,0.2809269210160093,5.032344708051963,5.306497730816485,-0.0006815119880593184,-0.0006443916192694473,1.0013995203543682,1.0010619015356237,1.0013995203543682,1.0010619015356235,0.0,1.481434273746437e-21
2348,16,6.096095085144043,0.24503497256909335,0.2701593364819345,4.925615723576798,5.192233128644578,-0.0005301280353596097,-0.0006101125440964959,1.0013588883092712,1.001150997567718,1.0013588883092712,1.0011509975677177,-1.0827308621748079e-19,-3.144492187362173e-20
2349,16,6.171539306640625,0.16442473911755712,0.2384389572726213,4.94911241441211,5.1192969143748375,-0.0004395023394722016,-0.0005589294827092076,1.0011624368837406,1.0011544293625247,1.0011624368837406,1.0011544293625245,0.0,-2.2011445311535208e-20
2350,16,5.81060266494751,-1.9271133911350882,-0.4112267472496915,5.043800141874949,5.096647882624871,-0.0006731529385081279,-0.0005931965194488837,1.0013738029568162,1.0012202414408122,1.0013738029568162,1.001220241440812,1.0827147357801012e-19,1.707343035532839e-20
2351,16,5.891396522521973,-2.0500607381466502,-0.9028769445187792,5.014205778381045,5.071915251351723,-0.0007384928655644256,-0.0006367854232835462,1.0015290914944581,1.001312896456906,1.001529091494458,1.0013128964569056,-1.082546859290611e-19,-2.0525004529988457e-20
2352,16,5.665791034698486,-0.4493575691966443,-0.7668211319221387,4.885898037590158,5.016110087223253,-0.000578899009089682,-0.0006194194990253869,1.001474833933983,1.001361477700029,1.001474833933983,1.0013614777000286,0.0,-1.436750317099192e-20
2353,16,5.98366117477417,-0.03337886091176505,-0.5467884506190266,4.79408207358671,4.94950168313229,-0.0005249872558074156,-0.0005910898260599955,1.0014367791756715,1.0013840681427217,1.0014367791756715,1.0013840681427215,-1.0826466483265782e-19,-4.253665166949169e-20
2354,16,5.315981388092041,-1.1557592998652213,-0.729479705392885,4.743502693845854,4.887701986346359,-0.0005751580525870249,-0.0005863102940181043,1.0013831377065525,1.0013837890118709,1.0013831377065525,1.0013837890118706,0.0,-2.977565616864418e-20
2355,16,5.445094108581543,-1.818925383857994,-1.0563134089324175,4.735711998718792,4.842104990058089,-0.0006481794333893223,-0.0006048710358294697,1.0014230757059457,1.0013955750200931,1.001423075705946,1.0013955750200931,1.0826614632593762e-19,1.1636884579730357e-20
2356,16,5.205427169799805,-1.8975646406524893,-1.3086887784484391,4.61599100739949,4.774270795260509,-0.0006620155800558845,-0.0006220143990973941,1.0015154481267425,1.0014315369520879,1.0015154481267425,1.0014315369520879,0.0,8.14581920581125e-21
2357,16,5.867863178253174,-1.1907816433572,-1.2733166379210672,4.1959178534853905,4.600764912727973,-0.0005515113817138124,-0.0006008634938823196,1.001550482146985,1.0014672205105568,1.001550482146985,1.0014672205105568,0.0,5.702073444067874e-21
2358,16,5.728296756744385,-1.0613880786659613,-1.2097380701445353,4.2126052689859295,4.48431701960536,-0.0005177356333006909,-0.000575925135707831,1.00147575806806,1.0014697817778078,1.00147575806806,1.0014697817778078,0.0,3.991451410847512e-21
2359,16,5.678038597106934,-1.7941510356948658,-1.3850619598096343,4.244578479699184,4.412395457633507,-0.0005307515438195656,-0.0005623730581413513,1.001480757947225,1.0014730746286329,1.001480757947225,1.0014730746286329,0.0,2.7940159875932582e-21
2360,16,5.584202766418457,-1.8446449366760296,-1.5229368528695528,4.233963106886744,4.3588657524094785,-0.0005413754685607067,-0.000556073781267158,1.0015105389436874,1.0014843139231493,1.0015105389436871,1.001484313923149,0.0,1.9558111913152805e-21
2361,16,5.266385078430176,-2.110064525032388,-1.699075154518403,4.284880253832704,4.336670102836446,-0.0005077420297773798,-0.0005415742558202246,1.0014542547690397,1.0014752961769164,1.0014542547690395,1.0014752961769162,0.0,1.3690678339206963e-21
2362,16,5.150209426879883,-3.6697754723588707,-2.2902852498705433,4.42127765739949,4.362052369205359,-0.000597156727660953,-0.000558248997372443,1.0015127143178375,1.0014865216191926,1.0015127143178375,1.0014865216191926,0.0,9.583474837444874e-22
2363,16,5.023468971252441,-3.823554379247018,-2.7502659886834855,4.483955720048754,4.398623374458377,-0.0006388474053304085,-0.0005824285197598326,1.0015477763302698,1.0015048980325156,1.0015477763302698,1.0015048980325156,0.0,6.708432386211411e-22
2364,16,5.408045768737793,-3.3983504584887188,-2.944691329625055,4.411457458141339,4.402473599563265,-0.0006240694389227678,-0.0005949207955087131,1.0015929893460707,1.001531325426582,1.0015929893460707,1.001531325426582,1.0824777968877043e-19,3.2943924173665926e-20
2365,16,5.068429946899414,-3.237765816666898,-3.032613675737608,4.440344629277636,4.413834908477576,-0.0005215174555403548,-0.0005728997935182055,1.0013821046856066,1.0014865592042894,1.0013821046856068,1.0014865592042894,1.0827057597817765e-19,5.554191971501944e-20
2366,16,5.72007942199707,-4.0467365024198525,-3.3368505237422807,4.370193955061116,4.400742622452638,-0.000622685615421291,-0.0005878355400891311,1.001461178749478,1.0014789450678458,1.001461178749478,1.0014789450678458,1.0826202707521273e-19,7.135795192307743e-20
2367,16,5.650859355926514,-3.6711012504766183,-3.437125741762582,3.936280022017056,4.261403842321963,-0.00053978095912302,-0.0005734191657992977,1.0015415127556508,1.0014977153741873,1.001541512755651,1.0014977153741873,0.0,4.9950566346154194e-20
2368,16,5.923423767089844,-2.824926466188862,-3.253465959090466,3.626922337554635,4.071059390891764,-0.0004174047405926998,-0.0005266148382373183,1.0014339416611622,1.0014785832602797,1.0014339416611622,1.0014785832602797,0.0,3.496539644230793e-20
2369,16,5.691097259521484,-2.8283926450659553,-3.1259439648831124,3.5714874963284498,3.9211878225227697,-0.000449461612963358,-0.0005034688706551302,1.0014191608552558,1.0014607565387725,1.0014191608552558,1.0014607565387725,0.0,2.447577750961555e-20
2370,16,5.209019184112549,-2.547628751684091,-2.9524494009234057,3.3736185830373406,3.7569170506771408,-0.0003517526785456508,-0.0004579540130222864,1.0013354971296693,1.0014231787160415,1.0013354971296693,1.0014231787160415,5.4137807737435286e-20,3.337438657796147e-20
2371,16,5.105557918548584,-2.8303808639597623,-2.9158288398343126,3.33526164755061,3.6304204297391816,-0.00038349734139003625,-0.0004356170115326113,1.0011944061277454,1.0013545469395526,1.0011944061277454,1.0013545469395526,5.414543698255381e-20,3.960570169933917e-20
2372,16,5.310908794403076,-3.688735837855053,-3.1477009392405346,3.419922264197601,3.5672709800767075,-0.0005342579570308462,-0.00046520929518208175,1.0012206180744656,1.0013143682800265,1.0012206180744656,1.0013143682800265,0.0,2.772399118953742e-20
2373,16,5.582370758056641,-3.605342492371237,-3.284993405179745,3.181872146426877,3.4516513299817584,-0.0004971022771023889,-0.0004747771897581738,1.0012936532809915,1.001308153780316,1.0012936532809917,1.001308153780316,0.0,1.940679383267619e-20
2374,16,5.581010818481445,-3.450956895336814,-3.3347824522268654,3.2325546674621872,3.3859223312258866,-0.00048043443793165547,-0.00047647436421021825,1.0012106844676243,1.0012789129865083,1.0012106844676243,1.0012789129865083,0.0,1.3584755682873334e-20
2375,16,5.524044036865234,-4.664359883317181,-3.73365568155396,3.2979323264351894,3.3595253297886774,-0.0005181000470062678,-0.0004889620690490331,1.0011589613715846,1.0012429275020311,1.0011589613715846,1.0012429275020311,-1.0829470786538742e-19,-2.2979083381604897e-20
2376,16,5.484532833099365,-5.14913704439043,-4.158300090404901,3.325714869005152,3.3493821915536195,-0.0005740159776126656,-0.0005144782416181228,1.001254155905899,1.0012462960231914,1.001254155905899,1.0012462960231914,0.0,-1.6085358367123427e-20
2377,16,5.56505012512207,-4.631276159968988,-4.300192911274127,3.232906451633535,3.314439469577594,-0.0006298134494299338,-0.0005490788039616661,1.0014462526029353,1.0013062829971144,1.0014462526029353,1.0013062829971144,-1.0826364067641893e-19,-4.3738843059912075e-20
2378,16,5.374917984008789,-2.935966452152202,-3.8909249735375493,3.073291257452312,3.242095005940009,-0.00040708005763011063,-0.0005064791800621994,1.0012904049283033,1.001301519576471,1.0012904049283031,1.001301519576471,-5.4140245784295626e-20,-4.685926387722714e-20
2379,16,5.505853652954102,-3.1307208214364732,-3.6628637279072263,3.071608657134832,3.1909491012984557,-0.000369117813083055,-0.0004652707699684561,1.0012165729335367,1.0012760355835906,1.0012165729335367,1.0012760355835906,0.0,-3.2801484714058995e-20
2380,16,5.451198101043701,-4.50433227208198,-3.915304291159652,3.0972358161270814,3.1628351157470433,-0.00048707727355927396,-0.00047181272104570145,1.0014110683286417,1.0013165454071058,1.001411068328642,1.0013165454071058,0.0,-2.2961039299841295e-20
2381,16,5.809927463531494,-3.878527196777596,-3.904271162845035,3.0777644301190756,3.1373139100586527,-0.0005337030146928197,-0.0004903798091398369,1.0014960338689207,1.0013703919456503,1.0014960338689207,1.0013703919456503,0.0,-1.6072727509888906e-20
2382,16,5.62532901763916,-2.954169207131182,-3.6192405761308786,2.912725478194216,3.0699373804993213,-0.00043352448287353366,-0.00047332321125994595,1.0013754639822126,1.001371913556619,1.0013754639822126,1.001371913556619,0.0,-1.1250909256922234e-20
2383,16,5.495803356170654,-2.9105469252588465,-3.406632480869269,2.9445849811178495,3.03233166068488,-0.0004331064244776294,-0.00046125817522525096,1.0012930267865756,1.001348247525606,1.0012930267865756,1.001348247525606,0.0,-7.875636479845563e-21
2384,16,5.680683135986328,-3.6623131890132377,-3.4833366933124594,2.9322713446813413,3.002313565883818,-0.0004984873411765214,-0.0004724269250106321,1.0014108373775625,1.0013670244811927,1.0014108373775625,1.0013670244811927,0.0,-5.512945535891894e-21
2385,16,5.720136642456055,-3.1300686644847064,-3.377356284664133,2.948560661837587,2.9861876946699484,-0.0005411089619165348,-0.0004930315360824029,1.0014837808747494,1.0014020513992596,1.0014837808747494,1.0014020513992596,0.0,-3.859061875124325e-21
2386,16,5.668107986450195,-2.6853931004505776,-3.169767329400066,2.9769102127521534,2.9834044500946098,-0.00046805917333785964,-0.00048553982725903986,1.0013458764738161,1.0013851989216265,1.001345876473816,1.0013851989216265,0.0,-2.7013433125870274e-21
2387,16,5.513147354125977,-3.5952018272876956,-3.2973976787663544,3.3044424166090134,3.0797158400489306,-0.0005016866791487795,-0.0004903838828259617,1.0012041547320252,1.001330885664746,1.001204154732025,1.0013308856647458,1.0828981954990929e-19,3.059600554616187e-20
2388,16,5.608518600463867,-4.081152392580346,-3.5325240929105517,3.3261756397554927,3.153653779960899,-0.0005919498354711563,-0.00052085366861952,1.0013778875100385,1.0013449862183337,1.0013778875100385,1.0013449862183337,0.0,2.1417203882313307e-20
2389,16,5.514803409576416,-2.2080228500404853,-3.135173720049532,3.2273760249358605,3.1757704534533873,-0.00046385532686805183,-0.0005037541660940796,1.0012285242755965,1.0013100476355123,1.0012285242755967,1.0013100476355126,0.0,1.4992042717619314e-20
2390,16,5.900053977966309,-2.4399273317815626,-2.926599803569141,3.2041552949689014,3.1842859059080415,-0.00032994434844695606,-0.00045161122079994255,1.000986672799865,1.001213035184818,1.000986672799865,1.0012130351848183,0.0,1.0494429902333519e-20
2391,16,5.595969200134277,-4.857506245228175,-3.505871736066851,3.4340623726233033,3.2592188459226197,-0.0005111058743256331,-0.0004694596168576497,1.0011430820485712,1.0011920492439441,1.0011430820485714,1.0011920492439441,-1.0829642554858141e-19,-2.514282673294096e-20
2392,16,5.485265254974365,-5.0259021793558,-3.9618808690535356,3.3893390623695288,3.2982549108566923,-0.000586539607430744,-0.0005045836140295779,1.0012934894437326,1.0012224813038806,1.0012934894437329,1.0012224813038808,0.0,-1.759997871305867e-20
2393,16,5.920215606689453,-3.53331204781107,-3.8333102226807956,3.2235452148432144,3.2758420020526486,-0.000533933187506019,-0.0005133884860725102,1.0013079253161201,1.0012481145075525,1.0013079253161201,1.0012481145075525,0.0,-1.2319985099141068e-20
2394,16,5.587466239929199,-2.0962556111114328,-3.3121938392099866,2.889347622247724,3.159893688111171,-0.000310877078850284,-0.0004526350639058423,1.0011326297810386,1.0012134690895982,1.0011326297810383,1.0012134690895982,0.0,-8.623989569398747e-21
2395,16,6.209491729736328,-2.1603106363579405,-2.9666288783543724,3.132211139989024,3.1515889236745265,-0.0002753872803953795,-0.0003994607288527034,1.0007165234379305,1.001064385394098,1.0007165234379305,1.001064385394098,0.0,-6.036792698579123e-21
2396,16,5.426067352294922,-3.938704744221239,-3.258251638114432,3.207478619802488,3.1683558325129146,-0.0005121596462730875,-0.0004332704040788186,1.0009497643121683,1.001029999069519,1.0009497643121683,1.001029999069519,0.0,-4.225754889005385e-21
2397,16,5.457347393035889,-3.9735703246490295,-3.472847244074811,3.2632765911452384,3.1968320601026115,-0.0006022407418468107,-0.00048396150540921625,1.0010158789786092,1.001025763042246,1.0010158789786092,1.001025763042246,0.0,-2.9580284223037697e-21
2398,16,4.843436241149902,-2.6387438022346346,-3.222616211522758,3.1492877131102612,3.182568756004906,-0.0004980655485494732,-0.0004881927183512933,1.0008084111934714,1.0009605574876137,1.0008084111934714,1.0009605574876137,0.0,-2.0706198956126387e-21
2399,16,5.377423286437988,-2.721236086118445,-3.0722021739014638,3.116890657157712,3.162865326350748,-0.0005394810672702621,-0.0005035792230269839,1.0006480098526838,1.0008667931971347,1.0006480098526835,1.0008667931971347,1.083500053775275e-19,3.1055567686329405e-20
2400,17,5.264812469482422,-2.7379998745547978,-2.971941484097464,3.4374143242365207,3.2452300257164794,-0.0007937306150251552,-0.0005906246406264352,1.0005260049398592,1.000764556719952,1.0005260049398592,1.000764556719952,0.0,2.1738897380430582e-20
2401,17,5.356619358062744,-2.3701568654759315,-2.791406098511004,3.086494001141164,3.1976092183438842,-0.0008465217764344073,-0.0006673937813688268,1.0006164720045885,1.0007201313053429,1.0006164720045885,1.0007201313053429,0.0,1.5217228166301406e-20
2402,17,5.063446998596191,-0.7929637780610626,-2.1918734023760216,2.572547921162078,3.0100908291893425,-0.0006019886669154791,-0.0006477722470328225,1.000287013543427,1.000590195976768,1.0002870135434272,1.000590195976768,0.0,1.0652059716410983e-20
2403,17,5.142682075500488,-0.766016115371788,-1.7641162162747515,2.3369597030464706,2.8081514913464805,-0.0005924459473544135,-0.0006311743571292997,1.0000431595243706,1.0004260850410487,1.0000431595243704,1.0004260850410487,0.0,7.456441801487687e-21
2404,17,5.169106483459473,-2.250103753400236,-1.909912477412397,2.459111016835074,2.7034393489930584,-0.0008356387916749257,-0.0006925136874929875,1.0001652571404767,1.0003478366708771,1.0001652571404767,1.0003478366708771,0.0,5.219509261041381e-21
2405,17,5.075606822967529,-1.1911962337165873,-1.694297604303654,2.0983259565105037,2.5219053312482917,-0.0007675376336023234,-0.0007150208713257882,1.0001362489855348,1.0002843603652742,1.0001362489855345,1.0002843603652742,0.0,3.653656482728966e-21
2406,17,5.202029705047607,0.1506727834830238,-1.1408064879676507,1.710383388206613,2.278448748335788,-0.0005186319460438647,-0.0006561041937412111,0.9998529740817308,1.0001549444802111,0.9998529740817307,1.0001549444802111,-1.0843616017457372e-19,-2.9973288514461835e-20
2407,17,4.7930192947387695,0.33276951441549885,-0.6987336872527058,1.6779039570429526,2.0982853109479374,-0.0005473087082100627,-0.0006234655480818665,0.9996623916444681,1.0000071786294882,0.9996623916444681,1.0000071786294882,0.0,-2.0981301960123284e-20
2408,17,5.0231146812438965,-0.16062109012134715,-0.5372999081132982,1.6504901476076976,1.9639467619458655,-0.0006791337345430143,-0.0006401660040202108,0.999540716280209,0.9998672399247044,0.999540716280209,0.9998672399247044,0.0,-1.46869113720863e-20
2409,17,4.1969075202941895,-0.11431932568412502,-0.4104057333845462,1.2157418190410085,1.7394852790744082,-0.0006189794725676012,-0.0006338100445844279,0.9995711023489069,0.999778398651965,0.9995711023489069,0.999778398651965,1.0846673837786243e-19,2.2259183552898316e-20
2410,17,4.200606822967529,1.0741785572487703,0.03496955380544875,0.9379883635914721,1.4990362044295273,-0.00045501831613892516,-0.000580172526050777,0.9994073101223797,0.9996670720930894,0.9994073101223796,0.9996670720930894,0.0,1.558142848702882e-20
2411,17,4.135799884796143,1.4648072389058404,0.4639208593355662,0.9604768205163471,1.3374683892555732,-0.00045116493106479334,-0.0005414702475549819,0.9992735402073943,0.9995490125273807,0.9992735402073943,0.9995490125273807,0.0,1.0906999940920173e-20
2412,17,4.196559429168701,1.1169767371392794,0.6598376226766801,1.0583960591133619,1.2537466902129097,-0.0003994514438236108,-0.0004988646064355705,0.9990569451659884,0.999401392318963,0.9990569451659884,0.999401392318963,-5.426127998666631e-20,-8.643484037355772e-21
2413,17,3.9881954193115234,0.483570848752613,0.60695759049946,1.1495045954489755,1.2224740617837295,-0.000506693106966981,-0.0005012131565949936,0.999151972384937,0.9993265663387552,0.9991519723849371,0.9993265663387552,1.0851223862347544e-19,2.6503232760893592e-20
2414,17,4.296755790710449,0.9693025404230903,0.715661075476549,1.214024399779647,1.2199391631825047,-0.0005219952313498842,-0.0005074477790214608,0.9991330541687193,0.9992685126877444,0.9991330541687193,0.9992685126877444,0.0,1.8552262932625513e-20
2415,17,4.303549766540527,1.1024344881058668,0.8316930992653443,1.264047411443128,1.2331716376606916,-0.0005064352063458054,-0.0005071440072187642,0.9990490451020707,0.9992026724120422,0.9990490451020707,0.9992026724120422,0.0,1.2986584052837858e-20
2416,17,3.9841482639312744,1.3679210604726784,0.9925614876275444,1.3762520918488077,1.2760957739171264,-0.00047208571712941517,-0.0004966265201919594,0.9988988481801033,0.9991115251424605,0.9988988481801033,0.9991115251424605,0.0,9.0906088369865e-21
2417,17,3.728656530380249,1.274579607512285,1.0771669235929666,1.890806382677763,1.460508956545317,-0.0005690055988319928,-0.0005183402437839694,0.9987023674664393,0.998988777839654,0.9987023674664394,0.9989887778396541,1.0856108965035954e-19,3.8931753080998407e-20
2418,17,4.047901153564453,0.9579670588862235,1.0414069641809436,2.092474700604428,1.6500986797630501,-0.0006500539308845316,-0.000557854349914138,0.998711818812983,0.9989056901316526,0.998711818812983,0.9989056901316528,0.0,2.725222715669888e-20
2419,17,3.7655320167541504,1.1644828059553027,1.0783297167132513,2.1779067779172965,1.808441109209324,-0.0006864288040085016,-0.0005964266861424471,0.9987293447150635,0.9988527865066759,0.9987293447150634,0.9988527865066759,0.0,1.9076559009689216e-20
2420,17,4.055594444274902,1.8296660228796984,1.3037306085631855,2.1703075402461462,1.9170010385203704,-0.0006228328901291458,-0.0006043485473384567,0.9986111474179986,0.9987802947800726,0.9986111474179986,0.9987802947800726,-1.085710063710794e-19,-1.921771060454137e-20
2421,17,4.046376705169678,2.297476299141048,1.6018543157365441,2.2261021795494744,2.0097313808291015,-0.0005615336930834579,-0.000591504091061957,0.9984577308726627,0.9986835256078495,0.9984577308726627,0.9986835256078495,0.0,-1.3452397423178957e-20
2422,17,4.098265647888184,2.145338108987192,1.7648994537117382,2.509818526808002,2.1597575246227714,-0.0006175696550645078,-0.0005993237602627223,0.9983986495038933,0.9985980627766625,0.9983986495038935,0.9985980627766626,0.0,-9.41667819622527e-21
2423,17,4.738567352294922,1.8898629694644102,1.8023885084375397,2.661673938000288,2.3103324486360264,-0.0006554686348130526,-0.0006161672226278214,0.998571556900451,0.998590111013799,0.9985715569004509,0.998590111013799,1.0857531090219008e-19,2.5980918533299333e-20
2424,17,5.150475025177002,3.337481341577163,2.2629163583794263,2.657135084833903,2.414373239495389,-0.0005583903348971769,-0.0005988341563086281,0.9985002587466434,0.9985631553336523,0.9985002587466434,0.9985631553336523,0.0,1.8186642973309532e-20
2425,17,5.039750576019287,4.377368848449089,2.897252105400325,2.900586297614119,2.560237156931008,-0.0004375706890977902,-0.0005504551161453767,0.9982006267396757,0.9984543967554593,0.9982006267396757,0.9984543967554593,0.0,1.2730650081316672e-20
2426,17,4.913879871368408,3.648334301069722,3.1225767641011437,3.3539592484110945,2.798353784375034,-0.000477552586034691,-0.0005285843571121709,0.9980158280726547,0.9983228261506178,0.9980158280726547,0.9983228261506178,5.431788464614288e-20,2.5206820450764532e-20
2427,17,4.8861918449401855,2.3246638909567365,2.8832029021578216,3.788738601990455,3.0954692296596598,-0.0007250292359457293,-0.0005875178207622384,0.9983832562456301,0.9983409551791215,0.9983832562456301,0.9983409551791215,0.0,1.764477431553517e-20
2428,17,5.058318614959717,3.3077942791706403,3.010580315261667,3.960384325317602,3.3549437583570425,-0.000626507905604033,-0.0005992148462147768,0.9983385000014129,0.9983402186258088,0.9983385000014129,0.9983402186258088,1.0860065724040193e-19,4.4931539192995195e-20
2429,17,5.183450222015381,3.8737303854817497,3.2695253363276917,4.215466475497794,3.613100573499268,-0.000615384369515249,-0.0006040657032049184,0.9982428159627476,0.9983109978268903,0.9982428159627474,0.9983109978268903,0.0,3.1452077435096637e-20
2430,17,5.1120285987854,4.352325306636509,3.5943653274203364,4.274731662878397,3.811589900313006,-0.0005957965443324021,-0.0006015849555431635,0.9982165522931962,0.9982826641667819,0.9982165522931962,0.9982826641667819,-1.086139245031325e-19,-1.0567723146372106e-20
2431,17,5.0684356689453125,4.4705363487035354,3.857216633805296,4.3063271131373,3.960011064160294,-0.0005850811889247629,-0.0005966338255576434,0.9981722884005164,0.9982495514369023,0.9981722884005164,0.9982495514369023,0.0,-7.397406202460474e-21
2432,17,5.028929710388184,4.508161410500394,4.052500066813825,4.308351329083069,4.064513143637126,-0.0005571779663072603,-0.0005847970677825285,0.9981183919550151,0.9982102035923361,0.9981183919550151,0.9982102035923361,0.0,-5.178184341722332e-21
2433,17,4.530666351318359,4.391944012915712,4.154333250644391,4.582340444429082,4.219861333874713,-0.0005736500613966147,-0.0005814529658667543,0.9979446048377014,0.9981305239659457,0.9979446048377015,0.9981305239659457,-1.0864352261935734e-19,-3.6217785825012833e-20
2434,17,4.70780611038208,3.8787699289651365,4.0716642541406145,4.7171057176294084,4.369034649001121,-0.0006715013136154702,-0.000608467470191369,0.9980495694297996,0.9981062376051018,0.9980495694297996,0.9981062376051018,1.0863209661068488e-19,7.237178905696478e-21
2435,17,4.664071559906006,3.8742632402155444,4.012443949963093,4.726006461159274,4.476126192648567,-0.0006532198457252854,-0.0006218931828515439,0.9980587513152352,0.9980919917181417,0.9980587513152352,0.9980919917181417,0.0,5.0660252339875345e-21
2436,17,4.5732421875,3.8736167538490585,3.9707957911288823,4.7915423375625705,4.570751036122768,-0.0006654641930524137,-0.0006349644859118048,0.9980552101065817,0.9980809572346736,0.9980552101065817,0.9980809572346736,0.0,3.546217663791274e-21
2437,17,4.530663013458252,3.8870836783032203,3.9456821572811833,4.7520210193788115,4.6251320310995805,-0.0006401418836889522,-0.000636517705244949,0.9980613405287115,0.9980750722228848,0.9980613405287116,0.9980750722228849,0.0,2.4823523646538916e-21
2438,17,4.746520519256592,3.614239217866231,3.8462492754566977,4.768380815357732,4.668106666377025,-0.0005887923596286282,-0.0006222001015600527,0.9979634683336324,0.9980415910561091,0.9979634683336324,0.9980415910561091,0.0,1.737646655257724e-21
2439,17,4.9517011642456055,3.098620049365754,3.6219605076294146,4.81300881781597,4.711577311808709,-0.0005820084778296566,-0.0006101426144409338,0.9979172166289416,0.9980042787279588,0.9979172166289416,0.9980042787279588,0.0,1.2163526586804066e-21
2440,17,5.026127338409424,2.352126956224123,3.241010442207827,4.935158104949542,4.7786515497509585,-0.000707426197637195,-0.0006393276893998122,0.9980671087054513,0.9980231277212066,0.9980671087054513,0.9980231277212066,1.0863018759247313e-19,3.344050313881822e-20
2441,17,4.876237392425537,2.324830894648,2.966156577939879,4.865552393245701,4.804721802799381,-0.0006699269562082567,-0.0006485074694423456,0.9981293754742103,0.9980550020471077,0.9981293754742103,0.9980550020471077,0.0,2.340835219717275e-20
2442,17,4.847751617431641,2.5002522559438223,2.8263852813410617,4.877434014518544,4.82653546631513,-0.0006135884548524848,-0.0006380317650653873,0.9980427507948663,0.9980513266714353,0.9980427507948663,0.9980513266714353,0.0,1.6385846538020925e-20
2443,17,4.8016581535339355,1.391978733670703,2.3960633170399537,5.068987631070241,4.899271115741663,-0.0006211917796099777,-0.0006329797694287644,0.9979338089554378,0.998016071356636,0.9979338089554378,0.998016071356636,1.0864469795049492e-19,4.406350196176312e-20
2444,17,4.819658279418945,0.6728106282173826,1.8790875103931823,5.081233122992889,4.95385971791703,-0.0007206265866044456,-0.0006592738145814687,0.9981687583498688,0.9980618774546057,0.9981687583498687,0.9980618774546057,0.0,3.084445137323418e-20
2445,17,5.730470180511475,1.3684246746719293,1.7258886596768064,4.831362749751905,4.917110627467492,-0.0005968235668693546,-0.0006405387402678344,0.9984791022129105,0.9981870448820971,0.9984791022129104,0.9981870448820971,0.0,2.1591115961263926e-20
2446,17,5.163431167602539,2.1535309400816893,1.8541813437982713,5.100475135019498,4.972119979733094,-0.0004852991877752636,-0.0005939668745200632,0.9982659254029591,0.9982107090383556,0.9982659254029591,0.9982107090383556,0.0,1.5113781172884747e-20
2447,17,5.5919575691223145,1.5178683399416117,1.7532874426412735,5.636793657122381,5.17152208294988,-0.000499684995911695,-0.0005656823109375527,0.9980676671354971,0.998167796467498,0.9980676671354971,0.998167796467498,0.0,1.0579646821019322e-20
2448,16,5.880103588104248,0.23360956349212253,1.297384078896528,5.518784341350523,5.275700760470073,-0.00038844396057246297,-0.0005125108058280257,0.9983971180468066,0.9982365929412905,0.9983971180468065,0.9982365929412905,0.0,7.405752774713525e-21
2449,16,5.083093643188477,-0.04993419925596589,0.8931885954507799,5.818626776954756,5.438578565415478,-0.0003944654932605879,-0.0004770972120577944,0.9985719382807459,0.9983371965431271,0.998571938280746,0.9983371965431271,0.0,5.184026942299467e-21
2450,16,5.625455379486084,0.2304777118016255,0.6943753303560335,6.0059888659849525,5.60880165558632,-0.00037762244121033496,-0.00044725478080355653,0.99890053904478,0.998506199293623,0.99890053904478,0.998506199293623,5.426977612417228e-20,1.990975169686131e-20
2451,16,5.392462253570557,1.497762315373564,0.9353914258612925,6.214214774649511,5.790425591305278,-0.00016716752955901783,-0.00036322860543019485,0.9987823139851797,0.99858903370109,0.9987823139851797,0.99858903370109,2.713809999697272e-20,2.2078256186894732e-20
2452,16,6.214664459228516,1.3992130636843279,1.074537917208203,6.848952810412264,6.107983757037372,-0.00013069258786052018,-0.00029346780015929245,0.998479066539418,0.9985560435525883,0.998479066539418,0.9985560435525883,0.0,1.545477933082631e-20
2453,16,6.202724456787109,-0.31023530007163885,0.6591059520242504,7.218315466581821,6.441083269900706,-0.0004717437908238589,-0.0003469505973586624,0.9989467672465681,0.9986732606607822,0.998946767246568,0.9986732606607822,0.0,1.0818345531578417e-20
2454,16,5.534183979034424,0.0006714949772674867,0.4615756149101555,7.259989045627344,6.686755002618697,-0.000466822449521291,-0.0003829121530074509,0.9990170650387881,0.9987764019741838,0.999017065038788,0.9987764019741838,0.0,7.572841872104892e-21
2455,16,5.734513759613037,0.8804535198916265,0.5872389864045967,7.312335953690671,6.874429287940289,-0.00038269475153827675,-0.00038284693256669867,0.998802600039026,0.9987842613936364,0.998802600039026,0.9987842613936364,0.0,5.300989310473424e-21
2456,16,5.979413986206055,0.9197794746008905,0.6870011328634849,7.485642510329789,7.057793254657138,-0.0003778935377276114,-0.0003813609141149725,0.9984907984207758,0.9986962225017781,0.9984907984207758,0.9986962225017781,0.0,3.710692517331397e-21
2457,16,5.341043472290039,-0.9179397017600187,0.2055188824764338,7.470873814771276,7.18171742269138,-0.0006762517079101659,-0.00046982815225353046,0.998780190395538,0.998721412869906,0.998780190395538,0.998721412869906,0.0,2.5974847621319776e-21
2458,16,5.5594587326049805,-1.2645566914745523,-0.23550378970886204,7.392049517335977,7.244817051084758,-0.0007827958393599412,-0.0005637184583854537,0.9990217357077985,0.9988115097212737,0.9990217357077985,0.9988115097212737,0.0,1.818239333492384e-21
2459,16,5.466940402984619,0.6044454644518068,0.016480986539338605,6.831158183904857,7.1207193909307875,-0.0005883301000229741,-0.0005711019508767098,0.998869333197576,0.9988288567641643,0.998869333197576,0.9988288567641643,0.0,1.2727675334446688e-21
2460,16,5.3757100105285645,1.0047130239978197,0.31295059777688294,6.749050676021994,7.00921877645815,-0.0004975166447657339,-0.000549026359043417,0.9986369708736459,0.9987712909970088,0.9986369708736459,0.9987712909970088,0.0,8.90937273411268e-22
2461,16,5.8407697677612305,-0.07264055108750316,0.1972732531175671,6.483317680266851,6.8514484476007596,-0.0005235788533170716,-0.0005413921073255134,0.9987058314719117,0.9987516531394796,0.9987058314719118,0.9987516531394797,0.0,6.236560913878877e-22
2462,16,5.8353657722473145,-0.17906373655100702,0.08437215621699487,6.5251617589586814,6.753562441008135,-0.0005743039304324996,-0.0005512656542576092,0.9987459214400606,0.9987499336296537,0.9987459214400607,0.9987499336296539,-1.08556355446461e-19,-3.213034736996678e-20
2463,16,5.855008602142334,0.2879321206703478,0.14544014555300075,6.155153949731927,6.574039893625272,-0.000552705067692336,-0.0005516974782880272,0.998952013979312,0.9988105577345512,0.998952013979312,0.9988105577345512,-1.0853395932068844e-19,-5.505143095518328e-20
2464,16,5.698139190673828,1.0296213452137584,0.410694505451228,6.2149300410601604,6.466306937855738,-0.00048381026226127,-0.00053133131348,0.9988087479713719,0.9988100148055973,0.9988087479713719,0.9988100148055973,0.0,-3.8536001668628293e-20
2465,16,5.535341739654541,1.1105680659391022,0.6206565735975902,6.31436678069901,6.420724890708719,-0.00035033704438808337,-0.000477033032752425,0.9987299305748027,0.9987859895363589,0.9987299305748029,0.9987859895363589,5.427904678202191e-20,-1.069148713343323e-20
2466,16,5.547560691833496,-0.026108700963810523,0.4266269912291699,7.0029010620099905,6.5953777420990995,-0.0005165163669156696,-0.0004888780330013984,0.9987856979714405,0.9987859020668833,0.9987856979714403,0.9987859020668832,0.0,-7.48404099340326e-21
2467,16,5.689197063446045,0.0042173830017753515,0.2999041087609515,6.8921097229543165,6.684397336355664,-0.0004490310311131289,-0.0004769239324349175,0.9990031965737759,0.998851090418951,0.9990031965737759,0.998851090418951,0.0,-5.238828695382282e-21
2468,16,5.914849758148193,0.811332363775815,0.45333258526541054,7.197063006349981,6.838197037353959,-0.0002773410948980835,-0.0004170490811738673,0.9986179894563344,0.998781160130166,0.9986179894563345,0.998781160130166,0.0,-3.667180086767597e-21
2469,16,5.450679779052734,-1.4207968415987902,-0.1089062427938497,7.807286594263479,7.128923904426815,-0.0004952250023077555,-0.0004405018575140338,0.9986100060763283,0.9987298139140146,0.9986100060763283,0.9987298139140146,1.0857113046017626e-19,3.000431307731556e-20
2470,16,5.463177680969238,-2.087453612199278,-0.7024704536154781,8.047484674021497,7.404492135305219,-0.000624447414963654,-0.0004956855247489198,0.9987916877430353,0.9987483760627207,0.9987916877430353,0.9987483760627207,1.0855138121298054e-19,5.356843351801505e-20
2471,16,5.750903129577637,-1.356734492484378,-0.8987496652761481,7.7108660562041775,7.496404311574906,-0.0004831540087820712,-0.0004919260699588653,0.9990704658911325,0.9988450030112441,0.9990704658911324,0.9988450030112441,5.426054565222473e-20,5.377606715827795e-20
2472,16,5.893451690673828,0.11213389110471143,-0.5954845983618903,8.015566706874866,7.652153030164894,-0.0003055444744581302,-0.0004360115913086447,0.9985917255386333,0.9987690197694608,0.9985917255386333,0.9987690197694608,0.0,3.764324701079456e-20
2473,16,6.220523357391357,-0.5900821077531864,-0.5938638511792791,8.311412711737878,7.84993093463679,-0.00029007295441590964,-0.0003922300002408242,0.9983896928610961,0.9986552216969513,0.9983896928610961,0.9986552216969513,5.429754434756305e-20,4.26395362118251e-20
2474,16,5.989002704620361,-1.7403627071108572,-0.9378135079587524,8.42137150807929,8.02136310666954,-0.0005233842071952187,-0.00043157626232714257,0.9987448095139857,0.9986820980420617,0.9987448095139857,0.9986820980420617,0.0,2.984767534827757e-20
2475,16,5.982165336608887,-1.4163968367749122,-1.0813885066036004,8.331963975057073,8.1145433671858,-0.0004666883490024733,-0.0004421098883297418,0.9987640237346674,0.9987066757498433,0.9987640237346673,0.9987066757498433,0.0,2.0893372743794295e-20
2476,16,6.140048503875732,-0.9720021725729765,-1.0485726063944132,8.510498699430446,8.233329966859193,-0.00041171190245546104,-0.00043299049256745754,0.9984366671367008,0.9986256731659005,0.9984366671367008,0.9986256731659005,0.0,1.4625360920656007e-20
2477,16,5.696866989135742,-2.0740797843374894,-1.3562247597773358,8.31563586174272,8.25802173532425,-0.0004996714550150053,-0.00045299478130172185,0.9985649937378598,0.9986074693374882,0.9985649937378597,0.9986074693374882,0.0,1.0237752644459204e-20
2478,16,5.580474376678467,-2.3542065152177227,-1.6556192864094519,8.138232649000178,8.222085009427028,-0.00057241252038529,-0.0004888201030267922,0.9987334789704995,0.9986452722273915,0.9987334789704995,0.9986452722273915,0.0,7.166426851121442e-21
2479,16,5.453496932983398,-1.7312943916171308,-1.6783218179717554,8.009761267433987,8.158387886829114,-0.000578858044100516,-0.0005158314853489093,0.998848724652275,0.9987063079548566,0.9988487246522751,0.9987063079548566,0.0,5.0164987957850094e-21
2480,16,5.597477912902832,-0.7471658536716361,-1.3989750286817195,7.885214772667918,8.076435952580756,-0.00041426476523044755,-0.00048536146931337073,0.9986365416573141,0.9986853780655938,0.9986365416573141,0.9986853780655938,-5.428412276433364e-20,-1.2773687672250586e-20
2481,16,5.683081150054932,-0.5477139476953832,-1.1435967043858186,7.996634044515485,8.052495380161174,-0.00029385206825373913,-0.0004279086489954812,0.9983270194679312,0.9985778704862949,0.9983270194679312,0.9985778704862949,0.0,-8.94158137057541e-21
2482,16,5.664714813232422,-2.1696771655287246,-1.4514208427286905,8.067046694789726,8.05686077454974,-0.0005880426803346739,-0.00047594885839723894,0.9986548045866789,0.99860095071641,0.9986548045866789,0.99860095071641,0.0,-6.259106959402787e-21
2483,16,5.797386646270752,-2.405950632001735,-1.7377797795106038,8.021252421930907,8.04617826876409,-0.0006452181235927743,-0.0005267296379558995,0.998795887203476,0.9986594316625297,0.9987958872034761,0.9986594316625297,1.0855092480618408e-19,2.818390257027327e-20
2484,16,5.247406482696533,-1.7395923158978794,-1.7383235404267863,7.979112656210162,8.02605858499791,-0.0005882797050923993,-0.0005451946580968494,0.9987281530513673,0.998680048079181,0.9987281530513674,0.998680048079181,1.0855828677433316e-19,5.229621783149124e-20
2485,16,5.139776706695557,-1.335183640264994,-1.6173815703782486,8.001405271953441,8.01866259108457,-0.0005405087607921156,-0.0005437888889054292,0.9986304760335227,0.9986651764654835,0.9986304760335227,0.9986651764654835,0.0,3.660735248204387e-20
2486,16,5.579275131225586,-1.415128384708535,-1.5567056146773344,7.774424331761656,7.945391113287696,-0.000575472988647127,-0.0005532941188279386,0.9988581957170831,0.9987230822409633,0.9988581957170832,0.9987230822409633,1.085441534278199e-19,5.818839276577667e-20
2487,16,5.602100849151611,-0.1716781453896223,-1.1411973738910206,7.451250792591115,7.797149017078722,-0.00038453174730006435,-0.0005026654073695762,0.9986178284572795,0.9986915061058581,0.9986178284572794,0.9986915061058581,-5.428513999997579e-20,2.4446332936050927e-20
2488,16,5.888935089111328,0.09068206940833796,-0.7716335409012129,7.708536915776308,7.770565386687998,-0.00033338901921286027,-0.0004518824909225614,0.9981344068564904,0.9985243763310476,0.9981344068564904,0.9985243763310476,-5.431143165879206e-20,8.19003557598029e-22
2489,16,5.589489936828613,-2.0569533016480137,-1.157229469125253,7.810406625387352,7.782517758297804,-0.0006482078089749443,-0.0005107800863382762,0.9983813132471628,0.9984814574058822,0.9983813132471627,0.9984814574058821,-1.0859600015541313e-19,-3.200549755630532e-20
2490,16,6.027629375457764,-2.218545320564543,-1.47562422455704,7.628462901419853,7.736301301234418,-0.000896433529012788,-0.0006264761191406298,0.9987826932100774,0.9985718281471407,0.9987826932100774,0.9985718281471406,0.0,-2.2403848289413724e-20
2491,16,5.659314155578613,0.4602880709938518,-0.8948505358917723,6.855736652565832,7.472131906633842,-0.0004947959331055642,-0.0005869720633301101,0.9983282882816795,0.9984987661875023,0.9983282882816795,0.9984987661875022,0.0,-1.5682693802589607e-20
2492,16,5.573339939117432,0.7342368898811675,-0.4061243081598903,6.912044433469338,7.30410566468449,-0.00043436428936070685,-0.0005411897311392892,0.9978127354207725,0.9982929569574833,0.9978127354207726,0.9982929569574833,0.0,-1.0977885661812724e-20
2493,16,5.733492374420166,-0.9097147074006079,-0.5572014279321056,7.002894351420321,7.213742270705239,-0.000729111636123835,-0.0005975663026346529,0.9980520026592651,0.9982206706680178,0.9980520026592652,0.9982206706680179,0.0,-7.684519963268907e-21
2494,16,5.983788967132568,-0.9713856221582913,-0.6814566861999612,6.492274028429957,6.997301798022654,-0.0007855989306303163,-0.0006539760910333519,0.9983999155566617,0.998274444134611,0.9983999155566616,0.998274444134611,0.0,-5.379163974288234e-21
2495,16,5.904205322265625,1.843842494747818,0.07613306808437253,6.063449502299105,6.717146109305589,-0.0002514606108114468,-0.0005332214469667804,0.9976508763433476,0.998087373797232,0.9976508763433476,0.998087373797232,5.433775472935933e-20,1.2535911636806036e-20
2496,17,5.586512088775635,0.5641503651891697,0.22253825721581166,6.547217129993178,6.6661674155118655,-0.0005415052076764071,-0.0005357065751796684,0.9975232783709946,0.9979181451693607,0.9975232783709946,0.9979181451693607,0.0,8.775138145764225e-21
2497,17,5.536465644836426,-0.7805937607455695,-0.07840134817260269,6.703855572064804,6.677473862477747,-0.0007377345506006884,-0.0005963149678059744,0.9977768393065457,0.9978757534105162,0.9977768393065458,0.9978757534105163,0.0,6.142596702034957e-21
2498,16,5.738683223724365,-0.184600786654023,-0.11026117971702878,6.465159202710823,6.613779464547669,-0.0005589572257188815,-0.0005851076451798465,0.9979495756889792,0.9978979000940551,0.9979495756889792,0.9978979000940551,0.0,4.29981769142447e-21
2499,16,5.4225969314575195,0.7284232377167091,0.1413441455130926,6.4312375376131605,6.559016886467316,-0.0004921019944853192,-0.0005572059499714883,0.9978930482941457,0.9978964445540821,0.9978930482941457,0.9978964445540821,0.0,3.0098723839971286e-21
2500,16,5.602863311767578,1.6394383621723176,0.59077241051086,6.479406275496994,6.5351337031762196,-0.00030198587754958953,-0.00048063992824491864,0.99750003399048,0.9977775213850013,0.9975000339904799,0.9977775213850013,-5.43459717062953e-20,-1.41968808430906e-20
2501,16,5.580065727233887,0.1582544914749611,0.4610170348000904,6.533964986858988,6.534783088281049,-0.00034595503536175194,-0.00044023446037996864,0.9974988469232348,0.9976939190464713,0.9974988469232348,0.9976939190464713,0.0,-9.937816590163419e-21
2502,16,5.575956344604492,-0.5125308206492467,0.16895267816528922,6.6416935442036245,6.566856225057821,-0.0004865101460483356,-0.0004541171660804787,0.997680148050804,0.9976897877477711,0.9976801480508041,0.9976897877477711,0.0,-6.956471613114394e-21
2503,16,5.272271156311035,-0.6610171518852399,-0.08003827084986952,6.678335786812096,6.600300093584103,-0.0006221749341842106,-0.0005045344965115983,0.9979153939851764,0.9977574696189926,0.9979153939851764,0.9977574696189926,0.0,-4.869530129180075e-21
2504,16,5.424655437469482,0.8226817935187408,0.1907777484607136,6.744629289909785,6.643598852481807,-0.00039651754284157295,-0.00047212941041059066,0.9974448544021084,0.9976636850539273,0.9974448544021083,0.9976636850539272,5.43489781766131e-20,1.2896022362557877e-20
2505,17,5.295470237731934,0.49414164841400576,0.28178691844670123,7.372280396931639,6.862203315816757,-0.0006986837912933737,-0.0005400957246754256,0.9971609608042364,0.99751286777902,0.9971609608042363,0.9975128677790199,0.0,9.027215653790513e-21
2506,16,4.979619026184082,-0.4073699728123704,0.07503985106897973,6.900261028148213,6.873620629516193,-0.0005769986721826171,-0.000551166608927583,0.9974925091008217,0.9975067601755605,0.9974925091008217,0.9975067601755604,0.0,6.3190509576533585e-21
2507,16,5.906439304351807,-1.2892206153212915,-0.33423828884810164,6.671582478675943,6.813009184264118,-0.000741012716770814,-0.0006081204412805522,0.998118322062087,0.9976902287415184,0.9981183220620868,0.9976902287415184,0.0,4.423335670357351e-21
2508,16,5.921766757965088,1.5381952685757612,0.22749177837905718,6.893925193721237,6.837283987101253,-0.0005089515825841565,-0.0005783697836716335,0.9977568971068387,0.9977102292511144,0.9977568971068387,0.9977102292511144,0.0,3.0963349692501455e-21
2509,16,5.887670516967773,2.383730494477657,0.8743633932086371,6.994312386515271,6.884392506925458,-0.0003848309984631282,-0.0005203081481090819,0.9974492899232791,0.9976319474527637,0.9974492899232791,0.9976319474527637,0.0,2.167434478475102e-21
2510,16,5.896211624145508,1.5021935460892089,1.0627124390728087,7.133173521300892,6.959026811238088,-0.0004686305503115149,-0.0005048048687698117,0.9973913643865445,0.997559772532898,0.9973913643865444,0.9975597725328978,0.0,1.5172041349325712e-21
2511,16,5.715096473693848,1.2806633392250417,1.1280977091184785,7.126718182080586,7.009334222490837,-0.0005319652348131894,-0.000512952978582825,0.9975072885746697,0.9975440273454295,0.9975072885746697,0.9975440273454294,1.086911529272846e-19,3.3669388772638177e-20
2512,16,5.803746223449707,1.3292427148333898,1.1884412108329518,7.081241047744683,7.030906270066991,-0.0006335058638936498,-0.0005491188441760725,0.9977091232892489,0.9975935561285753,0.9977091232892489,0.9975935561285751,0.0,2.3568572140846722e-20
2513,16,5.501934051513672,2.3538305418323127,1.53805801013276,6.966361805929302,7.011542930825684,-0.0005010761233595923,-0.0005347060279311284,0.9975453517369659,0.9975790948110924,0.9975453517369659,0.9975790948110923,1.0868700561810531e-19,4.910410218402429e-20
2514,16,5.376036643981934,2.7950991384937636,1.9151703486410607,7.027713411855195,7.016394075134537,-0.00038314809002873386,-0.0004892386465604099,0.9971622276632288,0.9974540346667333,0.9971622276632288,0.9974540346667331,0.0,3.4372871528817004e-20
2515,17,5.293683052062988,0.2957219932994702,1.4293358420385833,7.3092316893748,7.104245359406615,-0.0008746948713045669,-0.000604875513983657,0.9975746302532966,0.9974902133427023,0.9975746302532966,0.997490213342702,0.0,2.4061010070171903e-20
2516,17,5.36497688293457,0.5751584363494137,1.1730826203318323,6.957597139124693,7.0602508933220385,-0.000930467259710862,-0.0007025530377018185,0.9979117507747218,0.9976166745723081,0.9979117507747218,0.997616674572308,-1.0864709946984707e-19,-1.5751422791833786e-20
2517,17,5.148080825805664,2.4961589457967492,1.5700055179713073,6.555811336726807,6.908919026343469,-0.0005888069874569353,-0.0006684292226283535,0.9975536169314873,0.9975977572800618,0.9975536169314873,0.9975977572800617,1.0868610509583951e-19,2.1579835574468204e-20
2518,17,5.2707200050354,2.3289074087822756,1.7976760852145977,6.645284042356083,6.829828531147252,-0.0005341965601452963,-0.0006281594238834363,0.9973222485616506,0.9975151046645384,0.9973222485616506,0.9975151046645384,0.0,1.5105884902127743e-20
2519,17,5.489381790161133,0.6029653955862315,1.4392628783260877,6.527125791388072,6.739017709219498,-0.0007229744380330315,-0.0006566039281283148,0.9976195527761228,0.9975464390980138,0.9976195527761228,0.9975464390980138,1.086789216859718e-19,4.3177795937280956e-20
2520,17,5.372004985809326,0.16231159260860228,1.056177492610842,6.391191619061842,6.634669882172201,-0.0007521541184235325,-0.00068526898521688,0.9977826768092313,0.997617310411379,0.9977826768092313,0.997617310411379,1.0866115414557313e-19,6.282280339976861e-20
2521,17,5.400260925292969,0.5945207070791823,0.917680456951344,6.313825571633095,6.538416589010469,-0.0008180010665967357,-0.0007250886096308367,0.9979562500287564,0.9977189922965922,0.9979562500287564,0.9977189922965922,0.0,4.397596237983802e-20
2522,17,5.292723178863525,1.0926080168402752,0.9701587249180234,6.281917952095137,6.461466997935869,-0.0006560709812989995,-0.0007043833211312855,0.9977003414382712,0.9977133970390959,0.9977003414382712,0.9977133970390959,-1.0867012142368654e-19,-1.8178627612193457e-21
2523,17,5.539337635040283,-0.12854701536123084,0.640547002834247,6.226913669625324,6.391100999442704,-0.0007110367928536938,-0.0007063793626480079,0.9978503502841333,0.997754483012607,0.9978503502841333,0.997754483012607,0.0,-1.272503932853542e-21
2524,17,5.547295093536377,-0.7116675720635482,0.23488263036490845,6.175737240678839,6.326491871813545,-0.000791713402864709,-0.0007319795747130182,0.9980430361850133,0.9978410489643288,0.9980430361850133,0.9978410489643288,0.0,-8.907527529974794e-22
2525,17,5.209556579589844,0.15328799456068817,0.21040423962364235,6.032549393691191,6.238309128376838,-0.0007159995222284347,-0.0007271855589676431,0.9980651507026931,0.997908279485838,0.998065150702693,0.997908279485838,0.0,-6.235269270982356e-22
2526,17,5.244728088378906,0.053087711863300295,0.16320928129553974,5.885200446374283,6.132376523776071,-0.0006885507461687601,-0.0007155951151279782,0.9981797513078876,0.9979897210324529,0.9981797513078877,0.9979897210324529,0.0,-4.364688489687649e-22
2527,17,4.927367687225342,0.513254235810031,0.2682227676498871,5.847614669246144,6.046947967417093,-0.0005095321805032597,-0.0006537762347405626,0.9979282923356183,0.9979712924234025,0.9979282923356184,0.9979712924234025,1.0864529854624774e-19,3.2288061369596186e-20
2528,17,5.437255382537842,-0.722551750492686,-0.029009587792884844,5.837977422622268,5.984256803978646,-0.0005860256990862113,-0.0006334510740442572,0.9981325006595703,0.9980196548942528,0.9981325006595703,0.9980196548942528,-1.0862307076155309e-19,-9.985278269748594e-21
2529,17,5.678260803222656,-1.6556312303903524,-0.5169960805721251,5.817404056681428,5.93420097978948,-0.0007232763196887234,-0.000660398647737597,0.9984770382128165,0.9981568698898219,0.9984770382128166,0.998156869889822,0.0,-6.989694788824015e-21
2530,17,5.623488903045654,-1.0555040762319847,-0.6785484792700829,5.61556983645238,5.83861163678835,-0.0006357604516082088,-0.0006530071888987805,0.9985664561889228,0.998279745779552,0.9985664561889229,0.9982797457795523,0.0,-4.89278635217681e-21
2531,17,5.601596832275391,-0.654358885688857,-0.6712916011957151,5.670484373538598,5.788173457813425,-0.0005336622582735698,-0.0006172037097112173,0.9983400734728672,0.9982978440875465,0.9983400734728672,0.9982978440875467,-1.0860048607624792e-19,-3.6005096269398145e-20
2532,17,5.595496654510498,-1.8803077767079588,-1.033996453849388,5.674605848378771,5.754103174983029,-0.0005869500495154405,-0.0006081276116524843,0.9984480831959573,0.9983429158200696,0.9984480831959575,0.99834291582007,-1.085887379356826e-19,-5.778018876928348e-20
2533,16,5.4757280349731445,-2.7739839259793357,-1.5559926954883723,5.168344106552368,5.57837545445383,-0.00041256588428477354,-0.0005494590934421711,0.9988087376340955,0.9984826623642773,0.9988087376340955,0.9984826623642775,-5.427476410817564e-20,-5.672856137095112e-20
2534,16,5.214799880981445,-2.9531105887768687,-1.975128063474921,5.032981780569058,5.414757352288398,-0.00037234528023402674,-0.0004963249494797277,0.9990491278711955,0.9986526020163528,0.9990491278711956,0.9986526020163529,5.426170456680922e-20,-2.343148158962302e-20
2535,16,5.318454742431641,-2.403171421355556,-2.1035410708391113,4.957722873895283,5.277647008770463,-0.00025218754899289847,-0.00042308372933367894,0.9989914890184411,0.9987542681169792,0.9989914890184411,0.9987542681169793,0.0,-1.6402037112736113e-20
2536,16,5.290555953979492,-2.7187533200547276,-2.288104745603796,4.896760806594282,5.163381148117609,-0.00020927069886519226,-0.0003589398201931329,0.999095254443605,0.9988565640149669,0.9990952544436051,0.9988565640149669,0.0,-1.1481425978915279e-20
2537,16,5.739322662353516,-3.091757699954446,-2.5292006319089912,4.9341589695657,5.094614494552036,-0.0002361359461071751,-0.00032209865796734553,0.9993515325535938,0.999005054576555,0.9993515325535939,0.999005054576555,0.0,-8.036998185240694e-21
2538,16,5.597019195556641,-2.42288823286095,-2.4973069121945786,5.072721804237892,5.088046687457792,-0.00012604129210632008,-0.0002632814482090379,0.9993812557662287,0.999117914933457,0.9993812557662287,0.999117914933457,-2.7121835791642983e-20,-1.376244946716138e-20
2539,16,6.152755260467529,-2.68197693016749,-2.552707917586452,5.616940905227245,5.246714952788627,-6.786969373235411e-05,-0.00020465792186603275,0.9989636475189695,0.9990716347091106,0.9989636475189695,0.9990716347091106,-1.3566586922084624e-20,-1.3703690703638353e-20
2540,16,5.830291271209717,-5.138055898908928,-3.3283123119831943,5.953404228019096,5.458721735357768,-0.0004198295030009748,-0.00026920939620651537,0.999491814440302,0.999197688628468,0.999491814440302,0.999197688628468,0.0,-9.592583492546847e-21
2541,16,6.336073398590088,-5.723898816428763,-4.046988263316864,5.786342166500433,5.557007864700568,-0.0005497048196830373,-0.0003533580232494719,1.0000233864610903,0.9994453979782547,1.0000233864610903,0.9994453979782547,0.0,-6.714808444782792e-21
2542,16,6.070350170135498,-2.8084161216446524,-3.6754166208152004,5.775060415619617,5.622423629976282,-0.00029235094846721886,-0.000335055900814796,0.9995695080385352,0.9994826309963388,0.9995695080385352,0.9994826309963388,0.0,-4.7003659113479544e-21
2543,16,6.104543685913086,-2.901554371285416,-3.443257945956265,5.551949842105645,5.60128149361509,-0.00011875897118693987,-0.00027016682192643914,0.9993656839226129,0.999447546874221,0.9993656839226129,0.999447546874221,0.0,-3.290256137943568e-21
2544,16,5.880723476409912,-4.54721601276714,-3.7744453659995276,5.401687303993229,5.541403236728532,-0.0002684226442036497,-0.0002696435686096023,0.9995403178031921,0.9994753781529122,0.9995403178031921,0.9994753781529122,0.0,-2.3031792965604975e-21
2545,16,5.784587860107422,-4.851834026011466,-4.097661964003109,5.372074001540344,5.490604466172075,-0.0003133474584250068,-0.0002827547355542236,0.9996486668048374,0.9995273647484897,0.9996486668048375,0.9995273647484897,0.0,-1.612225507592348e-21
2546,16,6.217118263244629,-4.864368045073173,-4.327673788324128,5.033825721589206,5.353570842797215,-0.0003449158380422673,-0.0003014030663006367,1.000184997063345,0.9997246544429461,1.000184997063345,0.9997246544429461,5.420008176831503e-20,1.5131466675179865e-20
2547,16,6.354283332824707,-3.911125749513873,-4.202709376681051,5.398138421720684,5.366941116474255,-0.00015504027009094834,-0.00025749422743773015,0.9996314779697199,0.9996967015009782,0.99963147796972,0.9996967015009783,-2.711504680423705e-20,2.4575126313547898e-21
2548,16,6.145415306091309,-5.297826487111433,-4.531244509810166,5.62744912717491,5.445093519684451,-0.00030198427301599446,-0.0002708412411112094,0.9997491096649712,0.999712423950176,0.9997491096649712,0.9997124239501762,5.422371282975359e-20,1.7987372690874427e-20
2549,16,6.122852325439453,-5.90869694398888,-4.944480240063779,5.580472189404783,5.4857071206005505,-0.0004068031385348805,-0.00031162981033831073,0.9999807051163804,0.9997929083000373,0.9999807051163804,0.9997929083000374,-5.421115462219454e-20,-3.6721855030462636e-21
2550,16,5.930820465087891,-5.089487443034635,-4.987982400955035,5.470145251815245,5.481038559964959,-0.00035384077113794637,-0.0003242930985782014,0.9999854800381991,0.9998506798214858,0.9999854800381992,0.9998506798214859,0.0,-2.5705298521323844e-21
2551,16,6.047095775604248,-4.815338538437668,-4.936189242199824,5.384380675864061,5.452041194734689,-0.00029494345653819693,-0.00031548820596620004,0.9999057298870379,0.9998671948411513,0.999905729887038,0.9998671948411515,5.421521949914167e-20,1.4465194953249833e-20
2552,16,6.129037857055664,-5.452068662460463,-5.090953068278016,5.323977435901764,5.413622067084811,-0.0003242634868289962,-0.00031812079022503886,0.9997744610191981,0.9998393746945653,0.999774461019198,0.9998393746945654,-5.422233787509627e-20,-6.141064895253998e-21
2553,16,5.86453104019165,-5.874357791935081,-5.325974485375135,5.284182971982912,5.374790338554241,-0.00046344403405754577,-0.0003617177633747909,0.9999855670331733,0.9998832323961476,0.9999855670331733,0.9998832323961477,5.421089104826736e-20,1.196452188780241e-20
2554,16,5.468208312988281,-4.980509542015165,-5.222335002367144,4.812436494073633,5.206084185210058,-0.00041892844077608013,-0.00037888096659517766,1.0001665141121923,0.9999682169109609,1.0001665141121923,0.999968216910961,-5.420108337899651e-20,-7.885159692237265e-21
2555,16,5.660400867462158,-3.6902503071945176,-4.762709593815355,4.640054049354659,5.0362751444534375,-0.00021554039436831536,-0.00032987879492711895,0.9999033753388751,0.9999487644393352,0.999903375338875,0.9999487644393352,-2.710767358191135e-20,-1.365191385913949e-20
2556,16,5.509699821472168,-4.209498998301948,-4.596746415161332,4.766489284595379,4.95533938649602,-0.0003937068651106782,-0.0003490272159821867,0.9998006752691313,0.999904337688274,0.9998006752691313,0.999904337688274,0.0,-9.556339701397643e-21
2557,16,5.678519248962402,-4.88300106864686,-4.682622811206991,4.54704243778046,4.832850301881352,-0.00047623956568261115,-0.00038719092089231405,0.9998686000295937,0.99989361639067,0.9998686000295934,0.9998936163906699,0.0,-6.689437790978349e-21
2558,16,5.8277106285095215,-5.392421410649893,-4.895562391039861,4.365731325708935,4.692714609029626,-0.0006698756086593019,-0.0004719963272224103,1.0000877137834516,0.9999518456085044,1.0000877137834514,0.9999518456085044,0.0,-4.682606453684844e-21
2559,16,5.601919651031494,-4.085336767910236,-4.652494704100973,3.702727262431572,4.39571840505021,-0.0005657350028533547,-0.0005001179299116937,1.000212625217519,1.0000300794912087,1.0002126252175187,1.0000300794912087,-1.0839716927685454e-19,-3.579697530063575e-20
2560,17,5.56749963760376,-2.9876660032333175,-4.153046093840676,3.565540121406756,4.146664919957173,-0.0005534513540990228,-0.0005161179571678923,0.9998028239716875,0.9999619028353524,0.9998028239716876,0.9999619028353524,0.0,-2.5057882710445022e-20
2561,17,5.427851676940918,-3.9846676488258885,-4.10253256033624,3.584407294950142,3.9779876324550636,-0.0006360830269124998,-0.0005521074780912745,0.9997537038037039,0.9998994431258579,0.9997537038037039,0.9998994431258579,-1.0844692731424794e-19,-5.00745960915859e-20
2562,17,5.458258152008057,-4.632832160143499,-4.261622440278417,3.367485439036765,3.794836974429574,-0.0007530148499413482,-0.0006123796896462966,1.0000774084523558,0.9999528327238072,1.000077408452356,0.9999528327238073,0.0,-3.5052217264110125e-20
2563,17,5.43845796585083,-4.218641588755332,-4.248728184821491,3.142322133351631,3.599082522106191,-0.0007572592442497825,-0.0006558435560273424,1.0002506724120228,1.0000421846302718,1.0002506724120228,1.0000421846302718,1.083930461022375e-19,7.98136174579416e-21
2564,17,5.380895137786865,-3.5266135856196597,-4.032093805060942,3.1808063422320028,3.473599668143934,-0.0006503639346822971,-0.0006541996696238288,1.0000217885816982,1.0000360658156997,1.0000217885816982,1.0000360658156997,0.0,5.586953222055911e-21
2565,17,5.44158411026001,-4.3314930555896405,-4.121913580219552,3.1868795158697036,3.3875836224616647,-0.0006487998233899311,-0.0006525797157536594,0.9999590485405355,1.0000129606331503,0.9999590485405355,1.0000129606331503,-1.0842465739651278e-19,-2.8616529963514697e-20
2566,17,5.5354509353637695,-5.272475131050194,-4.467082045468745,2.9798524691504236,3.265264276468292,-0.0007873498174851691,-0.0006930107462731123,1.0002509238156971,1.0000843495879141,1.0002509238156971,1.0000843495879141,-1.083930188586635e-19,-5.254947663205933e-20
2567,17,5.45236873626709,-4.330285666925642,-4.426043131905814,2.3836827241136973,3.0007898107619133,-0.000684315511968422,-0.0006904021759817051,1.0004670061766436,1.000199146564533,1.0004670061766434,1.0001991465645328,0.0,-3.678463364244153e-20
2568,17,5.773315906524658,-3.4767615983801994,-4.14125867184813,2.094705155051011,2.728964414048643,-0.0005955249436739088,-0.0006619390062893662,1.0004753870103382,1.0002820186982744,1.0004753870103382,1.0002820186982744,0.0,-2.574924354970907e-20
2569,17,5.2970099449157715,-2.88531214766317,-3.764474714592642,1.9469789008950213,2.494368760102556,-0.0005387236676573544,-0.0006249744046997627,1.000270646827867,1.000278607137152,1.000270646827867,1.000278607137152,-1.0839088160027562e-19,-5.054173496487903e-20
2570,17,4.978002071380615,-3.029635965661544,-3.544023089913312,1.7739071027745836,2.278230262904164,-0.0007154504671865217,-0.0006521172234457903,1.0004710567444028,1.0003363420193272,1.0004710567444028,1.0003363420193272,0.0,-3.537921447541532e-20
2571,17,5.19173526763916,-2.030103544286258,-3.0898472262251957,0.9872293913361981,1.8909300014337742,-0.00041503858261421767,-0.0005809936311963184,1.0002574989286028,1.0003126890921097,1.0002574989286028,1.0003126890921097,5.419615317289881e-20,-8.506604180921082e-21
2572,17,5.045431613922119,-2.2201242513899304,-2.828930333774616,0.931191210872364,1.6030083642653512,-0.00046229075172168834,-0.0005453827673539294,1.0003144020488917,1.0003132029791442,1.0003144020488917,1.0003132029791442,0.0,-5.9546229266447574e-21
2573,17,4.951014041900635,-2.3024497593053597,-2.670986161433839,0.82171359097038,1.3686199322768597,-0.0004566637785177519,-0.000518767070703076,1.000349655940747,1.000324138867625,1.000349655940747,1.000324138867625,0.0,-4.16823604865133e-21
2574,17,4.801387310028076,-2.4536599114989537,-2.605788286453373,0.7703326054272448,1.1891337342219752,-0.0005742919210749324,-0.0005354245258146329,1.0005804938808758,1.0004010453716001,1.0005804938808758,1.0004010453716001,0.0,-2.9177652340559305e-21
2575,17,4.896345138549805,-2.057211416586398,-2.44121522549328,0.7964626495223404,1.0713324088120846,-0.00046097654656169807,-0.0005130901320387524,1.000343446055766,1.00038376557685,1.000343446055766,1.00038376557685,0.0,-2.042435663839151e-21
2576,17,4.523384094238281,-2.553691341726515,-2.4749580603632504,0.9137231213595235,1.0240496225763163,-0.0005300485658401504,-0.0005181776621791718,1.0003183708325243,1.0003641471535523,1.000318370832524,1.0003641471535523,0.0,-1.4297049646874057e-21
2577,17,4.493999481201172,-2.547054004018603,-2.4965868434598564,0.9151072341976355,0.991366906062712,-0.0005346718014729799,-0.0005231259039673142,1.000322941750503,1.0003517855326374,1.000322941750503,1.0003517855326374,0.0,-1.000793475281184e-21
2578,17,4.500155448913574,-2.644694523239646,-2.541019147393793,1.2495348586852195,1.0688172918494643,-0.0007405884376794243,-0.0005883646640809472,1.0001993544279542,1.0003060562012323,1.0001993544279544,1.0003060562012325,0.0,-7.005554326968288e-22
2579,17,4.537347793579102,-2.7621294063569257,-2.6073522250827326,0.9531462824909769,1.034115989041918,-0.0008444226658245505,-0.0006651820646040281,1.0003486334680396,1.0003188293812744,1.0003486334680396,1.0003188293812746,0.0,-4.903888028877801e-22
2580,17,4.916238784790039,-1.4619159827057653,-2.2637213523696422,0.27278910311081506,0.8057179232625871,-0.0007391907133646535,-0.0006873846592322157,1.0003399817609981,1.0003251750951914,1.0003399817609981,1.0003251750951916,1.0838336887993573e-19,3.217173850195927e-20
2581,17,4.387335300445557,0.17519575678428093,-1.5320462196234652,-0.15147143736042784,0.5185611150756825,-0.0005161983932720163,-0.0006360287794441558,1.0000083820569368,1.000230137183715,1.0000083820569368,1.000230137183715,-1.0841930847173378e-19,-1.0005575590148648e-20
2582,17,4.286062717437744,1.023166763790425,-0.7654823245992981,-0.40242427091393695,0.24226549927879665,-0.0004073316821275769,-0.0005674196502491821,0.9997909480879484,1.000098380454985,0.9997909480879485,1.000098380454985,5.422144372075923e-20,9.262530203123715e-21
2583,17,4.208493232727051,0.7729637854681249,-0.3039484915790712,-0.2695166945332162,0.08873084113519279,-0.00044817223728196794,-0.0005316454263590178,0.9995975761170007,0.9999481391535896,0.9995975761170008,0.9999481391535896,0.0,6.483771142186601e-21
2584,17,3.915865659713745,-0.19972077282340064,-0.27268017595237004,-0.29562795983069956,-0.02657679915457492,-0.0005839035050053148,-0.0005473228499529069,0.9997009525740365,0.9998739831797235,0.9997009525740366,0.9998739831797236,0.0,4.5386397995306205e-21
2585,17,3.806004285812378,-0.11862952338663008,-0.22646498018264805,-0.28733813124757057,-0.10480519878247362,-0.0006116207631383464,-0.0005666122239085387,0.9997719307251776,0.9998433674433598,0.9997719307251776,0.9998433674433598,1.0844495020970292e-19,3.571053292258231e-20
2586,17,4.685924053192139,1.2835152041966131,0.2265290751311303,-0.4326673714020763,-0.2031638505683544,-0.0005709518609936928,-0.0005679141150340849,0.9999960999588147,0.9998891871979961,0.9999960999588147,0.9998891871979961,0.0,2.4997373045807613e-20
2587,17,4.703731060028076,3.436665617995082,1.1895700379903158,-0.5633781279219425,-0.3112281337744308,-0.0003303025597905471,-0.0004966306484610236,0.999706954587425,0.9998345174148248,0.999706954587425,0.9998345174148248,-5.422599930461373e-20,1.2303613406812109e-21
2588,17,4.436166763305664,4.157982846961928,2.0800938806817992,-0.6498088674897191,-0.4128023538890173,-0.00016176589844730106,-0.0003961712234569068,0.9994144046167639,0.9997084835754064,0.9994144046167639,0.9997084835754064,0.0,8.612529384768475e-22
2589,17,4.278491497039795,3.725905125679022,2.573837254180966,-0.3650954613417815,-0.39849028612484655,-0.00025059261564293307,-0.00035249764111271463,0.9991467657161948,0.9995399682176429,0.9991467657161947,0.9995399682176428,-5.425640204661732e-20,-1.56740435570514e-20
2590,17,4.552608489990234,2.95033752024977,2.686787334001607,-0.3295337995007194,-0.3778033401376084,-0.00046111232839424855,-0.00038508204729717477,0.9994111120957837,0.9995013113810851,0.9994111120957837,0.9995013113810851,0.0,-1.097183048993598e-20
2591,17,5.01453971862793,4.145103027174578,3.1242820419534985,-0.4326084275918268,-0.3942448663738739,-0.0003645651426732142,-0.0003789269759099866,0.9991570664539586,0.999398037902947,0.9991570664539587,0.9993980379029471,0.0,-7.680281342955186e-21
2592,17,4.760644912719727,4.493930598625559,3.5351766089551164,-0.825635158475753,-0.5236619540044376,-0.00027883603201725736,-0.00034889969274216784,0.999134967056722,0.9993191166490794,0.999134967056722,0.9993191166490796,0.0,-5.3761969400686296e-21
2593,17,4.281638145446777,4.073907325311754,3.6967958238621073,-0.6721875439087598,-0.5682196309757342,-0.000339005236250393,-0.00034593135579463535,0.998880111133908,0.9991874149945279,0.9988801111339078,0.999187414994528,-5.427088598524305e-20,-2.0044603653620958e-20
2594,17,4.050630569458008,2.954279838710774,3.474041028316707,-0.7780006546852154,-0.6311539380885786,-0.0003721295357779391,-0.00035379080978962645,0.9989918200824665,0.9991287365209094,0.9989918200824665,0.9991287365209094,5.426481732332922e-20,2.2482226394640946e-21
2595,17,4.371897220611572,2.3400500431034423,3.133843732752727,-0.8093788341125991,-0.6846214068957847,-0.0005284597789288036,-0.00040619150053137956,0.9993270304882905,0.9991882247111237,0.9993270304882906,0.9991882247111237,0.0,1.5737558476248661e-21
2596,17,4.335396766662598,3.7595027876491725,3.3215414492216606,-0.7047403249623836,-0.6906570823157643,-0.0003597566859603673,-0.00039226105616007586,0.99911274914771,0.9991655820420995,0.9991127491477101,0.9991655820420995,-5.425824930221237e-20,-1.5175845697326305e-20
2597,17,4.363987922668457,3.8216489706462085,3.471573705649025,-0.6175444310390706,-0.6687232869327562,-0.0003406322983412781,-0.00037677242881443653,0.9990610316777918,0.9991342169328071,0.9990610316777918,0.9991342169328071,0.0,-1.0623091988128413e-20
2598,17,4.799069404602051,3.4699104108388914,3.471074717205985,-0.46428266506379195,-0.6073911003720669,-0.00042720274463650313,-0.00039190152356105643,0.9992615845200266,0.9991724272089728,0.9992615845200266,0.9991724272089728,0.0,-7.436164391689888e-21
2599,17,4.951859474182129,4.118740471648061,3.6653744435386075,-0.4513418901358986,-0.5605763373012164,-0.0003663190154409601,-0.0003842267711250275,0.9992880372906713,0.9992071102334823,0.9992880372906712,0.9992071102334823,0.0,-5.205315074182921e-21
2600,17,4.786401271820068,4.484125126211657,3.910999648340522,-0.4183577668347455,-0.5179107661612751,-0.00025840000224794385,-0.0003464787404619024,0.999359038192642,0.9992526886212302,0.999359038192642,0.9992526886212302,0.0,-3.6437205519280444e-21
2601,17,4.437280178070068,4.630773263731932,4.126931732957945,0.029897234283533365,-0.35356836602783254,-0.000302990648840816,-0.0003334323129755765,0.9991694897413915,0.9992277289572786,0.9991694897413916,0.9992277289572786,0.0,-2.5506043863496308e-21
2602,17,4.998196125030518,4.298473121235339,4.1783941494411625,0.35753185349172856,-0.1402383001719642,-0.00040414221871758877,-0.0003546452846981802,0.9993075529290578,0.9992516761488123,0.9993075529290578,0.9992516761488123,0.0,-1.7854230704447416e-21
2603,17,5.409939765930176,4.511474414055052,4.278318228825329,0.3660721186854102,0.011654825485248113,-0.00046892717786905727,-0.0003889298526494433,0.9996614648244544,0.9993746127515049,0.9996614648244544,0.9993746127515049,0.0,-1.249796149311319e-21
2604,17,5.4508819580078125,6.011658363168807,4.798320269128372,0.4086393727416722,0.13075018966217533,-0.0003095383963649788,-0.00036511241576410393,0.9995773576721011,0.9994354362276836,0.9995773576721011,0.9994354362276836,0.0,-8.748573045179233e-22
2605,17,5.354857444763184,6.669671349707344,5.3597255933020636,0.5613979427784888,0.2599445155970693,-0.00013260605888949488,-0.0002953605087017212,0.9991762741845878,0.9993576876147549,0.9991762741845879,0.9993576876147549,-2.7127399851700464e-20,-8.750620068672685e-21
2606,17,5.004418849945068,5.329047872133331,5.350522276951444,0.9899310511533097,0.47894047626394143,-0.0004683184843302131,-0.00034724790139026876,0.9994934056428534,0.9993984030231844,0.9994934056428534,0.9993984030231844,0.0,-6.125434048070879e-21
2607,17,4.991222381591797,5.33702185448939,5.346472150212827,0.8535297744481756,0.5913172657192116,-0.0005025298293139822,-0.00039383247976738277,0.9996580605414687,0.9994763002786695,0.9996580605414688,0.9994763002786696,1.084573030800394e-19,2.82493870903622e-20
2608,17,5.139858722686768,6.026653805762498,5.550526646877728,0.6301315169798206,0.6029615410973943,-0.0003651931901296437,-0.000385240692876061,0.9995024004507165,0.9994841303302835,0.9995024004507165,0.9994841303302837,0.0,1.977457096325354e-20
2609,17,5.206394672393799,5.860662772180922,5.6435674844686865,0.6486172581946622,0.6166582562265747,-0.0004618818384875012,-0.0004082330365594931,0.9995062778216749,0.9994907745777009,0.9995062778216749,0.9994907745777011,0.0,1.3842199674277478e-20
2610,17,5.661567211151123,5.457495624533714,5.587745926488195,0.4631139643424376,0.5705949686613335,-0.0006043309777075224,-0.0004670624189039019,0.9997763711109476,0.9995764535376748,0.9997763711109476,0.999576453537675,0.0,9.689539771994234e-21
2611,17,5.7119951248168945,6.3117426070485285,5.804944930656294,-0.12810682404418616,0.36098443084967763,-0.0004921262979401718,-0.0004745815826147829,0.999815502329078,0.9996481681750957,0.999815502329078,0.9996481681750959,0.0,6.782677840395963e-21
2612,17,5.700836181640625,7.018083624651013,6.16888653885471,-0.5901162630527935,0.07565422267893626,-0.00029351195803916096,-0.0004202606952420963,0.9996686737199364,0.9996543198385479,0.9996686737199364,0.999654319838548,5.422807581090866e-20,2.101629723154977e-20
2613,17,5.174464225769043,5.966266767776657,6.108100607531293,-0.671294419382853,-0.14843036993960051,-0.0003718868688591384,-0.0004057485473272089,0.9998108570599803,0.9997012810049776,0.9998108570599803,0.9997012810049777,0.0,1.4711408062084836e-20
2614,17,5.823994159698486,5.262789889633446,5.854507392161938,-0.7742487251277805,-0.3361758764960545,-0.000545806467860116,-0.000447765923487081,1.0002198407654785,0.9998568489331279,1.0002198407654785,0.9998568489331279,0.0,1.0297985643459385e-20
2615,17,5.831829071044922,6.900565426245158,6.168324802386904,-1.0947500457288561,-0.563748127265895,-0.0003593932542565329,-0.00042125412271791653,1.0001095736650167,0.9999326663526945,1.0001095736650167,0.9999326663526945,0.0,7.208589950421569e-21
2616,17,5.5422043800354,7.307046502810556,6.509941312513998,-1.3238131053748265,-0.7917676206985744,-0.0003230467703860136,-0.00039179191701834565,1.0002122742406625,1.0000165487190849,1.0002122742406627,1.0000165487190849,-5.4198603656838985e-20,-1.1213568131756596e-20
2617,17,5.5054192543029785,7.585722086540981,6.832675544722093,-1.4769756045928446,-0.9973300158668554,-0.00024545234262496145,-0.00034789004470033036,1.0001820272474222,1.000066192277586,1.0001820272474222,1.000066192277586,0.0,-7.849497692229617e-21
2618,17,5.39098596572876,7.4435617818898,7.015941415872405,-1.519596885544757,-1.1540100767702257,-0.00024323855794391425,-0.0003164945986734055,1.0002189838966025,1.0001120297632908,1.0002189838966025,1.0001120297632908,0.0,-5.494648384560732e-21
2619,17,5.354224681854248,7.056889547837495,7.0282258554619315,-1.645152779587946,-1.3013528876155416,-0.00034013834909016316,-0.0003235877237984328,1.0004914273399759,1.0002258490362963,1.0004914273399759,1.0002258490362963,0.0,-3.846253869192512e-21
2620,17,5.378542900085449,7.510858686000539,7.173015704623514,-1.7680950803123139,-1.4413755454245731,-0.00023125098151517007,-0.00029588670111345395,1.000371947875552,1.000269678688073,1.000371947875552,1.000269678688073,2.709497639323002e-20,5.436115209534248e-21
2621,17,5.010855197906494,7.332022900295575,7.220717863325132,-1.8005539650886806,-1.5491290713238053,-0.0003068174813140724,-0.0002991659351736395,1.0004569581866931,1.000325862537659,1.0004569581866931,1.000325862537659,0.0,3.805280646673973e-21
2622,17,4.981225967407227,7.152158090393003,7.200149931445493,-1.8297572864215736,-1.6333175358531355,-0.0003568049746277209,-0.0003164576470098639,1.0005725152085114,1.0003998583389146,1.0005725152085114,1.0003998583389146,0.0,2.663696452671781e-21
2623,17,5.360271453857422,7.514941809716968,7.294587494926935,-1.870047442067958,-1.7043365077175823,-0.00036765214841481364,-0.0003318159974313488,1.000605754236969,1.0004616271083309,1.0006057542369688,1.0004616271083309,5.417729050100675e-20,1.8117774667172272e-20
2624,17,5.338407516479492,7.683249555016467,7.411186112953795,-1.757834464707315,-1.7203858948145019,-0.0003839328055700514,-0.00034745103987295957,1.000461336497792,1.000461539925169,1.000461336497792,1.000461539925169,5.4185111054908685e-20,2.893797558349319e-20
2625,17,5.847319602966309,6.848951055222508,7.2425155956344085,-1.907712626687788,-1.7765839143764874,-0.00041298337119777685,-0.00036711073927040474,1.000427729120009,1.000451396683621,1.0004277291200092,1.000451396683621,5.4186931295836057e-20,3.651266229719605e-20
2626,17,5.812924385070801,6.530309655278319,7.028853813527581,-1.889575467909893,-1.8104813804365092,-0.0004878831250443727,-0.00040334245500259506,1.0005529088014553,1.0004818503189714,1.0005529088014553,1.0004818503189714,0.0,2.5558863608037234e-20
2627,17,6.2926106452941895,7.287909134688125,7.106570409875744,-2.0937042193835946,-1.8954482321206347,-0.0005843193386924215,-0.00045763552010954296,1.0009342209233034,1.0006175615002708,1.0009342209233034,1.0006175615002708,-1.0831902335054458e-19,-1.460450247953731e-20
2628,17,5.736726760864258,9.123103841733021,7.711530439432926,-2.113138887274322,-1.960755428666741,-0.0003168226131121605,-0.0004153916480103282,1.0005197270354673,1.0005882111608297,1.0005197270354673,1.0005882111608297,0.0,-1.0223151735676116e-20
2629,17,5.81166410446167,8.839214376597258,8.049835620582225,-2.1276919556565765,-2.0108363867636916,-0.0002286072990111361,-0.0003593563433105706,1.0003542029144736,1.0005180086869228,1.0003542029144736,1.0005180086869228,0.0,-7.15620621497328e-21
2630,17,5.740636825561523,7.291234936540284,7.822255415369642,-2.1472644417025766,-2.051764803245357,-0.00047318923623558936,-0.0003935062111880762,1.0007740927790898,1.000594833914573,1.0007740927790896,1.0005948339145727,-5.416817742927078e-20,-2.1259797579262528e-20
2631,17,6.008739471435547,8.442754750294894,8.008405215847217,-2.2911641665550047,-2.123584612238251,-0.00045962980703254146,-0.00041334328994141576,1.0008999722345122,1.0006863754105546,1.0008999722345122,1.0006863754105546,-5.4161364899682226e-20,-3.1130267775388434e-20
2632,17,5.723390579223633,9.872900088820662,8.567753677739251,-2.521854987237478,-2.243065724738019,-0.0001592338252765156,-0.0003371104505419457,1.0007488399481366,1.000705114771829,1.0007488399481366,1.000705114771829,2.7084772152763446e-20,-1.366575579694287e-20
2633,17,6.3543877601623535,10.107424879222643,9.029655038184268,-2.0408852673919,-2.182411587534183,-0.000142248829814123,-0.0002786519643235989,1.0005430853880761,1.0006565059567032,1.0005430853880761,1.0006565059567032,0.0,-9.566029057860008e-21
2634,17,6.501664638519287,9.492056877486315,9.168375589974882,-1.82329096012866,-2.074675399312526,-0.00028775095880733873,-0.0002813816626687208,1.0007339583514974,1.0006797416751414,1.0007339583514971,1.0006797416751414,0.0,-6.696220340502006e-21
2635,17,6.540508270263672,10.53103201503809,9.577172517493844,-1.7443326795129759,-1.975572583372661,-0.00016520979989806338,-0.00024653010383752355,1.0005321778551624,1.0006354725291478,1.0005321778551626,1.0006354725291478,0.0,-4.6873542383514036e-21
2636,17,6.36168909072876,10.08164289183566,9.728513629796389,-1.7412207748734139,-1.9052670408228867,-0.00023592720146223042,-0.0002433492331249356,1.0006570135746093,1.0006419348427862,1.0006570135746093,1.0006419348427862,0.0,-3.2811479668459822e-21
2637,17,6.424234390258789,9.58743147407773,9.686188983080791,-1.5410886150024137,-1.7960135130767447,-0.00024621982068408975,-0.00024421040939268183,1.0005270543052163,1.0006074706815151,1.0005270543052163,1.0006074706815151,0.0,-2.2968035767921875e-21
2638,17,6.364731311798096,9.251656079596335,9.555829112035454,-1.5054722403073435,-1.7088511312459242,-0.0002545244852824325,-0.000247304632159607,1.0005029678943556,1.000576119845367,1.0005029678943553,1.000576119845367,5.418285638708805e-20,1.4647094412371884e-20
2639,17,6.261180877685547,8.909004008702201,9.361781581035478,-1.4539981090960452,-1.6323952246009603,-0.00035450395599941157,-0.0002794644293115483,1.0005921445488255,1.0005809272564046,1.0005921445488255,1.0005809272564046,5.417802740068379e-20,2.6506374308865454e-20
2640,17,6.477912425994873,9.250691118295885,9.3284544422136,-1.5885342701861278,-1.6192369382765104,-0.0003867449038862782,-0.0003116485716839673,1.0006471133362123,1.0006007830803467,1.000647113336212,1.0006007830803467,-5.417505122613682e-20,2.3019466483647732e-21
2641,17,5.937488079071045,9.822650459849413,9.476713247504343,-1.638970829493644,-1.6251571056416503,-0.000323283335325765,-0.00031513900077650655,1.0003813390144614,1.0005349498605811,1.0003813390144611,1.000534949860581,0.0,1.6113626538553411e-21
2642,17,5.912545204162598,9.384667084521888,9.449099398609606,-1.763093441560922,-1.6665380064174318,-0.0003370641738944753,-0.00032171655271189713,1.0002595414866382,1.0004523273483983,1.0002595414866382,1.000452327348398,-5.419604250283413e-20,-1.5130858893151498e-20
2643,17,6.020176410675049,9.472704754624807,9.456181005414166,-2.063322930199215,-1.7855734835519665,-0.0003581996865610086,-0.00033266149286663053,1.0004236954213186,1.0004437377702744,1.0004236954213186,1.0004437377702742,0.0,-1.0591601225206048e-20
2644,17,6.566509246826172,10.758154331935936,9.846773003370696,-2.410271500184707,-1.9729828885417886,-0.00016159059696102285,-0.0002813402240949482,1.000179459573775,1.0003644543113244,1.000179459573775,1.0003644543113244,0.0,-7.414120857644233e-21
2645,17,5.829287052154541,10.812512317492805,10.136494797607329,-2.3921513191789483,-2.0987334177329364,-0.00020752293485734526,-0.0002591950373236673,0.9999415743771074,1.0002375903310592,0.9999415743771074,1.0002375903310592,0.0,-5.189884600350963e-21
2646,17,5.736240863800049,10.057387559607694,10.112762626207438,-2.5369446407280454,-2.230196784631469,-0.00021414519430329655,-0.0002456800844175561,0.999876231647075,1.0001291827258638,0.999876231647075,1.0001291827258638,0.0,-3.632919220245674e-21
2647,17,5.933314800262451,9.624112151732872,9.966167483865068,-2.407262410519835,-2.2833164723979786,-0.00037215557046165295,-0.0002836227302307851,0.9999140835921937,1.0000646529857626,0.9999140835921937,1.0000646529857626,-5.421476656226831e-20,-1.8807473422852464e-20
2648,17,6.173190116882324,9.73313127980121,9.89625662264591,-2.581863327586032,-2.3728805289543944,-0.0003836174018593351,-0.0003136211317193501,1.0000643729094103,1.000064568962857,1.00006437290941,1.000064568962857,0.0,-1.3165231395996724e-20
2649,17,6.110937118530273,11.149161805505894,10.272128177503905,-2.7271960423080235,-2.479175182960483,-0.00018563852018540093,-0.0002752263482591653,0.9998035446427382,0.9999862616668213,0.9998035446427382,0.9999862616668213,0.0,-9.215661977197706e-21
2650,17,6.358418941497803,10.849255409192686,10.445266347010538,-2.3674512835759978,-2.4456580131451373,-0.00014659554482710893,-0.0002366371072295484,0.9994771929891785,0.9998335410635284,0.9994771929891785,0.9998335410635284,2.7119232436983764e-20,1.6848063470567348e-21
2651,17,6.1180620193481445,10.28797435538597,10.398078749523167,-2.2835006373508833,-2.397010800406861,-0.0002570392227019726,-0.00024275774187127564,0.9996522082639707,0.9997791412236611,0.9996522082639707,0.9997791412236611,0.0,1.1793644429397143e-21
2652,17,5.986103057861328,11.04934658829245,10.59345910115395,-2.308848682561631,-2.370562165053292,-0.00025550085923758145,-0.0002465806770811674,0.9998853449062368,0.9998110023284337,0.9998853449062368,0.9998110023284337,5.42163248020789e-20,1.709045255068147e-20
2653,17,6.130239009857178,12.166449932133045,11.065356350447678,-2.225298005387848,-2.326982917153659,-0.00012010537407757618,-0.00020863808618009,0.9995735189396716,0.999739757311805,0.9995735189396715,0.999739757311805,-1.355830951828843e-20,7.895823929990498e-21
2654,17,6.2295637130737305,11.414245955667592,11.170023232013651,-1.8350853702131453,-2.1794136530715047,-0.00013013773264337658,-0.00018508798011907597,0.9993042950425837,0.9996091186310385,0.9993042950425838,0.9996091186310386,0.0,5.5270767509933484e-21
2655,17,6.247722148895264,10.85874325126484,11.076639237789008,-1.6765838691493096,-2.028564717894846,-0.00024056034317184322,-0.00020172968903490614,0.9994394410102284,0.9995582153447955,0.9994394410102283,0.9995582153447955,0.0,3.868953725695344e-21
2656,17,6.445113182067871,10.408372325626875,10.876159164140368,-1.8168856920097862,-1.965061010129328,-0.0003374892814116007,-0.00024245756674791448,0.9998091620280428,0.9996334993497696,0.9998091620280429,0.9996334993497696,0.0,2.7082676079867407e-21
2657,17,6.248029708862305,11.655643223664992,11.110004381997754,-1.7571692282799776,-1.9026934755745226,-0.00018074176808575984,-0.00022394282714926808,0.9994894149511926,0.9995902740301965,0.9994894149511926,0.9995902740301965,0.0,1.8957873255907185e-21
2658,17,6.232508659362793,12.090820954279044,11.404249353682141,-1.7033637819781837,-1.8428945674956208,-3.0500004465965347e-05,-0.00016590998034427727,0.9991655116146341,0.9994628453055278,0.9991655116146341,0.9994628453055278,0.0,1.327051127913503e-21
2659,17,6.049192428588867,10.430360085185912,11.112082573133272,-1.6008351747290974,-1.7702767496656637,-0.00028361048613451074,-0.0002012201320813473,0.9994020878836434,0.9994446180789623,0.9994020878836433,0.9994446180789623,0.0,9.28935789539452e-22
2660,17,6.110517978668213,10.049008203711178,10.793160262306642,-1.6074403671297997,-1.7214258349049043,-0.00033313081741579326,-0.00024079333768168106,0.9995017730900836,0.9994617645822986,0.9995017730900836,0.9994617645822986,0.0,6.5025505267761635e-22
2661,17,5.967317581176758,10.892274319692438,10.82289447952238,-1.7740503217943362,-1.7372131809717337,-0.0002105396574560829,-0.00023171723361400162,0.9995296972534132,0.999482144383633,0.9995296972534131,0.999482144383633,0.0,4.551785368743314e-22
2662,17,6.065405368804932,11.392510739371742,10.99377935747719,-1.780925410240081,-1.7503268497522377,-0.00018000587730583465,-0.0002162038267215515,0.999470640110813,0.9994786931017869,0.999470640110813,0.9994786931017869,-2.711941024013715e-20,-7.817198096229112e-21
2663,17,6.433711051940918,10.965737797183552,10.985366889389097,-1.7660185332569096,-1.7550343548036391,-0.00022412277722108254,-0.00021857951187141079,0.9992974622787905,0.9994243238548879,0.9992974622787905,0.9994243238548879,0.0,-5.472038667360378e-21
2664,17,6.3488898277282715,10.051586166626885,10.705232672560433,-1.81092851226123,-1.7718026020409163,-0.00034764925135458884,-0.0002573004337163642,0.9995313116752655,0.9994564202010012,0.9995313116752655,0.9994564202010012,5.423552818312045e-20,1.2440231387783871e-20
2665,17,6.18112850189209,10.452643104335314,10.629455802092897,-2.23433278338699,-1.9105616564447385,-0.00030432808645415555,-0.0002714087295377016,0.9997163114230005,0.9995343875676009,0.9997163114230005,0.9995343875676009,0.0,8.70816197144871e-21
2666,17,6.414586067199707,11.602995982164321,10.921517856114324,-2.6967563857028223,-2.1464200752221636,-0.0001295101777464933,-0.00022883916400033913,0.9996322288769607,0.9995637399604088,0.9996322288769606,0.9995637399604087,0.0,6.095713380014096e-21
2667,17,6.413945198059082,11.82886899338607,11.193723197295848,-2.811486023027314,-2.3459398595637087,-5.9831035988690235e-05,-0.00017813672559684445,0.9995834269752034,0.9995696460648471,0.9995834269752034,0.9995696460648471,0.0,4.266999366009867e-21
2668,17,6.380610466003418,11.12405616996099,11.17282308909539,-2.87024731522118,-2.50323209626095,-0.00013439643109757076,-0.00016501463724706236,0.9996457548753064,0.9995924787079848,0.9996457548753063,0.9995924787079848,0.0,2.9868995562069065e-21
2669,17,6.312083721160889,10.810781502993828,11.06421061326492,-3.0696959244570095,-2.6731712447197675,-0.00018649937322811754,-0.0001714600580413789,0.9998800075179924,0.999678737350987,0.9998800075179924,0.999678737350987,0.0,2.0908296893448344e-21
2670,17,5.950266361236572,11.450484205592351,11.18009269096315,-3.287293606422925,-2.857407953230714,-0.00010318360214102764,-0.00015097712127127352,0.999770941970146,0.9997063987367347,0.999770941970146,0.9997063987367347,0.0,1.463580782541384e-21
2671,17,6.2849931716918945,11.032057194365937,11.135682041983985,-3.3008271753703022,-2.9904337198725903,-7.589206848299717e-05,-0.0001284516054347906,0.9996480222371157,0.9996888857868489,0.9996480222371156,0.9996888857868489,1.3557299023849976e-20,5.091696254933962e-21
2672,17,6.064291954040527,9.109314107566426,10.527771661658717,-3.2709428239716543,-3.0745864511023093,-0.0002854031795066766,-0.00017553707765635639,0.9998555763812362,0.9997388929651649,0.9998555763812361,0.9997388929651649,0.0,3.564187378453773e-21
2673,17,6.582690238952637,8.848889510536882,10.024107016322166,-3.510643204565353,-3.205403477141222,-0.00042731089631939135,-0.00025106922325526684,1.0003131519670931,0.9999111706657433,1.0003131519670931,0.9999111706657433,0.0,2.4949311649176407e-21
2674,17,5.942028045654297,10.86484167589146,10.276327414192952,-3.7296967576160256,-3.362691461283663,-0.00011153000808162441,-0.0002092074587031741,1.0000516021609578,0.9999533001143076,1.0000516021609578,0.9999533001143076,-1.3551827852466691e-20,-2.319096540297659e-21
2675,17,6.479390621185303,10.789161684836717,10.430177695386082,-3.834218117547232,-3.5041494581627335,3.235151448704391e-05,-0.00013673976674610867,1.0000647426038225,0.999986732861162,1.0000647426038225,0.999986732861162,0.0,-1.6233675782083611e-21
2676,17,6.534920692443848,8.56067909569977,9.869328115480187,-3.437542733627534,-3.4841674408021737,-0.00020522867382810985,-0.000157286438870709,1.0002109387428082,1.000053994625656,1.0002109387428082,1.000053994625656,0.0,-1.1363573047458528e-21
2677,17,6.598212718963623,7.950330818071511,9.293628926257583,-3.467003239214346,-3.4790181803258253,-0.00029507130481998,-0.0001986218986554903,1.0004053212127528,1.0001593926017849,1.0004053212127528,1.0001593926017849,0.0,-7.954501133220968e-22
2678,17,6.881821155548096,8.709803867475163,9.118481408622856,-3.6641937897271406,-3.53457086314622,-0.000245629308776534,-0.0002127241216918034,1.0006154231694493,1.0002962017720842,1.0006154231694493,1.0002962017720842,0.0,-5.568150793254678e-22
2679,17,6.5528669357299805,9.607552800782917,9.265202826270874,-3.6556941128991864,-3.5709078380721095,-8.564703592412782e-05,-0.0001746009959615007,1.0004222206384124,1.0003340074319826,1.0004222206384121,1.0003340074319826,0.0,-3.8977055552782743e-22
2680,17,6.236042022705078,9.241188351056136,9.257998483706452,-3.5278209516114747,-3.557981772133919,-9.392472321513176e-05,-0.00015039811413759002,1.0004722720711605,1.000375486823736,1.0004722720711605,1.000375486823736,-1.3546129697340434e-20,-4.336678298071609e-21
2681,17,5.969336986541748,8.33221198457888,8.98026253396818,-3.469607677296091,-3.5314695436825705,-0.00016476765579890164,-0.0001547089766359835,1.0005663852377562,1.000432756347942,1.000566385237756,1.000432756347942,-2.708971109967568e-20,-1.1162588138552829e-20
2682,17,5.906850337982178,8.411313959102866,8.809577961508586,-3.5218473819890037,-3.5285828951745004,-0.00014386732820635564,-0.00015145648210709514,1.0006593536442283,1.0005007355368278,1.0006593536442283,1.0005007355368278,0.0,-7.81381169698698e-21
2683,17,5.91094970703125,8.761244478920274,8.795077916732092,-3.5000121868428815,-3.5200116826750145,-9.597287685415754e-05,-0.00013481140053121386,1.0005489049720542,1.0005151863673958,1.0005489049720542,1.0005151863673958,1.3545092187620089e-20,-1.4061405316048598e-21
2684,17,5.871281147003174,7.773884281328364,8.488719826110973,-3.369415193969501,-3.4748327360633597,-0.0001413826672646331,-0.00013678278055123964,1.0004331826381854,1.0004905852486325,1.0004331826381856,1.0004905852486328,-2.7093317957187714e-20,-9.112293759279715e-21
2685,17,6.165538311004639,7.021248120343974,8.048478314380873,-3.241137320518237,-3.4047241113998226,-0.00026491395624835126,-0.0001752221332603731,1.000472736770656,1.0004852307052396,1.0004727367706558,1.0004852307052396,0.0,-6.3786056314958e-21
2686,17,6.355402946472168,6.675448379973201,7.636569334058571,-3.4232301235657907,-3.4102759150496125,-0.00029861026743346626,-0.00021223857351230103,1.0005948899273038,1.0005181284718587,1.0005948899273038,1.0005181284718587,0.0,-4.46502394204706e-21
2687,17,6.535563945770264,8.10614262634569,7.777441321744705,-3.9326594702817483,-3.566990981619253,-0.0001937323050936299,-0.0002066866929866997,1.0007205380708064,1.000578851351543,1.0007205380708064,1.000578851351543,-2.7085538150731728e-20,-1.125117820465246e-20
2688,17,6.191312313079834,8.925699883444274,8.121918890254575,-4.387125910828778,-3.81303146038211,-2.9543000294988848e-05,-0.00015354358517918643,1.000564861422926,1.000574654372958,1.000564861422926,1.000574654372958,-3.3862190445093804e-21,-8.891690456609535e-21
2689,17,6.367597579956055,8.546382441543797,8.24925795564134,-4.441529271705282,-4.001580803779062,-6.527139603899909e-05,-0.00012706192843713022,1.0003597588082411,1.0005101857035428,1.0003597588082411,1.0005101857035428,0.0,-6.2241833196266745e-21
2690,17,6.667068958282471,7.628361153968779,8.062988915139572,-4.5257391128067805,-4.1588282964873775,-0.00021717017815987982,-0.00015409440335395507,1.0005472611046,1.0005213083238598,1.0005472611046002,1.00052130832386,0.0,-4.356928323738672e-21
2691,17,6.681656360626221,7.555109185645937,7.910624996291481,-4.53762832322817,-4.272468304509615,-0.00028911128282305327,-0.00019459946719468452,1.0005393113519583,1.0005267092322891,1.0005393113519583,1.0005267092322894,-5.418088825617948e-20,-1.9304116303470913e-20
2692,17,6.672019958496094,7.723332719710018,7.854437313317041,-4.717330941373241,-4.405927095568702,-0.0002607525749491727,-0.00021444539952103096,1.0006109170819084,1.000551971587175,1.0006109170819084,1.000551971587175,0.0,-1.3512881412429637e-20
2693,17,6.78303861618042,8.630091860554217,8.087133677488193,-4.826720757700616,-4.532165194208276,-0.00022999849529439542,-0.00021911132825304028,1.000622264421303,1.0005730594374134,1.000622264421303,1.0005730594374134,2.7088198290104478e-20,-1.332557501669402e-21
2694,17,6.301486015319824,8.688815564448449,8.267638243576268,-4.842506498949853,-4.625267585630749,-0.00020872443889140898,-0.00021599526144455087,1.0004844632839318,1.0005464805913689,1.0004844632839318,1.0005464805913689,0.0,-9.327902511685814e-22
2695,17,6.083401203155518,8.043521408646482,8.200403193097332,-4.870247033310295,-4.698761419934613,-0.00028377127901888275,-0.00023632806671685042,1.0006088353700948,1.0005651870249865,1.000608835370095,1.0005651870249868,0.0,-6.529531758180069e-22
2696,17,6.5130510330200195,8.151331027153223,8.185681543314098,-4.939874645034915,-4.771095387464703,-0.00025706981754611345,-0.0002425505919656293,1.0007056379054031,1.0006073222891114,1.000705637905403,1.0006073222891114,0.0,-4.570672230726048e-22
2697,17,6.539339065551758,8.997155411861707,8.42912370387838,-4.843268534758714,-4.7927473316529055,-0.00017761429495418308,-0.00022306970286219542,1.000649857807818,1.0006200829447234,1.0006498578078178,1.0006200829447232,2.7087451320403162e-20,7.806288339970126e-21
2698,17,6.384328842163086,9.147867539494863,8.644746854563325,-4.77901548406419,-4.78862777737629,-0.00014662256131262144,-0.0002001355603973232,1.0007467300391077,1.0006580770730387,1.0007467300391075,1.0006580770730384,0.0,5.4644018379790874e-21
2699,17,6.10301399230957,9.124255803027431,8.788599539102556,-4.512543229031256,-4.70580241287278,-0.0002095385115641361,-0.00020295644574736704,1.0007181782079781,1.0006761074135204,1.0007181782079784,1.0006761074135204,0.0,3.825081286585361e-21
2700,17,5.908024787902832,9.196973750230573,8.91111180244096,-4.282511488440304,-4.578815135543037,-0.00022297101946190312,-0.00020896081786172784,1.0007337026056018,1.0006933859711449,1.0007337026056016,1.0006933859711447,0.0,2.6775569006097525e-21
2701,17,5.8440656661987305,9.409628722930663,9.06066687858787,-4.3030355815496995,-4.496081269345035,-0.0002789472193864166,-0.00022995673831913447,1.0008639073438765,1.0007445423829644,1.0008639073438765,1.0007445423829642,0.0,1.8742898304268266e-21
2702,17,6.072825908660889,10.143039115366077,9.385378549621333,-4.419893537353742,-4.473224949747647,-0.00017954648028293497,-0.0002148336609082746,1.0007553190055567,1.000747775369742,1.0007553190055567,1.0007477753697418,2.7084596801415662e-20,9.437381921723476e-21
2703,17,6.007745265960693,9.959607019530008,9.557647090593935,-4.486567171424108,-4.477227616250585,-0.0002041576319368924,-0.00021163085221685994,1.0008089314498203,1.0007661221937654,1.0008089314498203,1.0007661221937654,2.7083145903656073e-20,1.4731111116303253e-20
2704,17,6.029748439788818,10.325164239494208,9.787902235264017,-4.458116644412017,-4.471494324699014,-0.00025728140796006383,-0.0002253260189398211,1.000898139873851,1.000805727497791,1.000898139873851,1.000805727497791,0.0,1.0311777781412276e-20
2705,17,6.682220935821533,11.798975745870203,10.391224288445873,-4.474133544935061,-4.472286090769828,-0.00015575912359154897,-0.00020445595033533945,1.0008884475038222,1.0008305434996003,1.0008884475038222,1.0008305434996003,0.0,7.218244446988593e-21
2706,17,6.6291069984436035,13.013653347130237,11.177953006051181,-4.494633566467905,-4.478990333479251,-0.00010149839337840899,-0.0001735686832482603,1.000823250781519,1.0008283556841757,1.000823250781519,1.0008283556841757,1.35413792050554e-20,9.115184874408635e-21
2707,17,6.409666538238525,13.249031399136346,11.79927652397673,-4.619858449676245,-4.521250768338349,-4.6621635764464196e-07,-0.00012163794318107559,1.0007062307257881,1.0007917181966595,1.0007062307257881,1.0007917181966595,0.0,6.380629412086044e-21
2708,17,6.171818256378174,11.979224359276412,11.853260874566633,-4.437277988026448,-4.496058934244778,-0.00016865083736137263,-0.00013574181143516468,1.0007133052514754,1.0007681943131042,1.0007133052514754,1.0007681943131042,0.0,4.46644058846023e-21
2709,17,7.173939228057861,12.798061442493795,12.13670104494478,-4.595911026339234,-4.526014561873115,-0.00021747622729586757,-0.00016026213619337552,1.0009473537257105,1.000821942136886,1.0009473537257105,1.000821942136886,0.0,3.126508411922161e-21
2710,17,6.741939544677734,14.342473241282763,12.798432703846174,-4.661829826864453,-4.566759141370516,-3.4848040116404436e-05,-0.0001226379073702842,1.0007791650540174,1.0008091090120255,1.0007791650540172,1.0008091090120252,0.0,2.1885558883455123e-21
2711,17,6.513645648956299,14.303504486151176,13.249954238537676,-4.480179100193174,-4.540785129017314,-2.2908787452873573e-05,-9.2719171395061e-05,1.0006241238968032,1.0007536134774586,1.000624123896803,1.0007536134774586,-3.386018493960104e-21,5.161835736538274e-22
2712,17,6.8820929527282715,13.188708039886448,13.231580378942308,-4.03301911379646,-4.388455324451058,-0.0002379613707385374,-0.00013629183119810392,1.0007157716978943,1.0007422609435892,1.0007157716978943,1.0007422609435892,0.0,3.613285015576792e-22
2713,17,6.974758148193359,13.39761842678409,13.28139179329484,-4.115918011815541,-4.306694130660403,-0.0002527089159648267,-0.00017121695662812073,1.0009169234581456,1.000794659697956,1.0009169234581456,1.000794659697956,5.416044763933105e-20,1.6501064242889688e-20
2714,17,7.351774215698242,14.236451048954535,13.567909569992748,-4.0913827127356726,-4.242100705282984,-0.0002117350834889967,-0.00018337239468638352,1.00082325864999,1.0008032393835662,1.0008232586499903,1.0008032393835662,0.0,1.1550744970022781e-20
2715,17,7.27734375,14.325919467736524,13.79531253931588,-4.099447058292536,-4.199304611185849,-0.00019720299492714436,-0.00018752157475861175,1.0007996947234905,1.0008021759855434,1.0007996947234905,1.0008021759855434,0.0,8.085521479015947e-21
2716,17,7.1949028968811035,14.33754416304958,13.957982026435989,-4.103285221582382,-4.170498794304809,-0.00019358836537376338,-0.00018934161194315721,1.0007957565710122,1.0008002501611841,1.0007957565710124,1.0008002501611841,2.7083502437107254e-20,1.378491576644334e-20
2717,17,6.869169235229492,13.899873364667673,13.940549427905495,-4.018528678492132,-4.1249077595610055,-0.00020980954391997973,-0.00019548199153620395,1.000767959567451,1.0007905629830642,1.000767959567451,1.0007905629830642,2.7084254699613764e-20,1.7774717446394468e-20
2718,17,6.90055513381958,13.665836350132427,13.858135504573575,-3.9714576916978683,-4.0788727392020645,-0.00026306285665342435,-0.00021575625107137007,1.0008330669240844,1.00080331416537,1.0008330669240844,1.00080331416537,5.4164985566356383e-20,2.869179788238304e-20
2719,17,7.388040065765381,14.211380626350644,13.964109041106694,-4.084940219288724,-4.080692983228062,-0.00031322994103470035,-0.00024499835806036913,1.0010144146441902,1.0008666443090162,1.0010144146441902,1.0008666443090162,0.0,2.008425851766813e-20
2720,17,7.2555341720581055,15.834415894272189,14.52520109705634,-4.304265402096983,-4.1477647088887375,-0.00011882800772051335,-0.00020714725295841238,1.0009365763065459,1.000887623908275,1.0009365763065459,1.000887623908275,1.3539846057057488e-20,1.8120934779484935e-20
2721,17,7.139728546142578,15.887481617974226,14.933885253331706,-4.394209113056,-4.221698030138916,-8.12541051649875e-05,-0.00016937930862038488,1.000931977841386,1.0009009300882084,1.000931977841386,1.0009009300882084,-1.3539908261594598e-20,8.622681867161075e-21
2722,17,7.179113864898682,15.090476666624744,14.980862677319617,-4.3508401108921175,-4.260440654364876,-7.829379100556677e-05,-0.00014205365333593944,1.0008707281709923,1.0008918695130435,1.0008707281709923,1.0008918695130435,0.0,6.035877307012752e-21
2723,17,7.211307048797607,14.780127932116594,14.920642253758711,-4.38068096841284,-4.296512748579264,-0.00016676557134310906,-0.00014946722873809031,1.0010485414239274,1.0009388710863085,1.0010485414239272,1.0009388710863085,0.0,4.2251141149089264e-21
2724,17,7.13608455657959,15.576467457400286,15.117389814851183,-4.48080349875033,-4.351799973630584,-9.212431616095854e-05,-0.0001322643549649508,1.001069303680651,1.0009780008646112,1.0010693036806508,1.0009780008646112,0.0,2.9575798804362483e-21
2725,17,7.242767333984375,15.4481235166565,15.216609925392778,-4.382516345958479,-4.361014885328952,-2.967144109059044e-05,-0.00010148648080264268,1.000896412780676,1.0009535244394305,1.000896412780676,1.0009535244394305,0.0,2.0703059163053736e-21
2726,17,6.979337692260742,14.001665891119218,14.852126715110709,-4.252077028588336,-4.328333528306767,-0.000184209136677974,-0.00012630327756524206,1.0011019206442127,1.0009980433008652,1.0011019206442127,1.0009980433008652,2.7075219568748218e-20,9.571780012038227e-21
2727,17,6.793567180633545,14.025956652983576,14.60427569647257,-4.336940414978152,-4.330915594308182,-0.00011622613779299058,-0.0001232801356335666,1.0012135423421484,1.00106269301325,1.0012135423421484,1.00106269301325,-1.3536100524934221e-20,2.639415850946492e-21
2728,17,7.023935317993164,15.138386622585642,14.76450897430649,-4.329419901551824,-4.3304668864812745,2.2487590529398896e-05,-7.954981778467695e-05,1.0011874982055196,1.001100134570931,1.0011874982055196,1.001100134570931,0.0,1.8475910956625443e-21
2729,17,6.924248218536377,15.112984819000149,14.869051727714588,-4.29411950197005,-4.319562671127907,2.288500806846878e-05,-4.881937002873323e-05,1.0011789193178982,1.001123769995021,1.0011789193178982,1.001123769995021,-3.3841421584520887e-21,2.780711194281543e-22
2730,17,6.683402061462402,15.145256738482944,14.951913230945095,-4.1651884405305655,-4.2732504019487045,4.1962152121692124e-05,-2.1584913383605622e-05,1.0010714738663393,1.0011080811564166,1.0010714738663393,1.0011080811564166,0.0,1.94649783599708e-22
2731,17,6.624096870422363,14.705026089897014,14.87784708863067,-4.125825298479347,-4.2290228709078965,3.0565120688791754e-05,-5.939903161886409e-06,1.0010339444266292,1.0010858401374803,1.0010339444266292,1.0010858401374803,0.0,1.3625484851979558e-22
2732,17,6.483551502227783,14.353251961839456,14.720468550593305,-4.03676739477903,-4.171346228069236,-4.692866376370559e-05,-1.8236531342432163e-05,1.0010492045453632,1.0010748494598452,1.001049204545363,1.001074849459845,-6.769161343184838e-21,-1.9353700089915943e-21
2733,17,6.694209575653076,13.944109884358618,14.487560950722898,-3.971204603091739,-4.111303740575987,-5.021792158726272e-05,-2.7830948415881328e-05,1.0009677372687928,1.0010427158025295,1.0009677372687928,1.0010427158025292,0.0,-1.354759006294116e-21
2734,17,6.513313293457031,13.672627331595889,14.243080864984794,-3.9580825201429692,-4.065337374446082,-7.894859142921081e-05,-4.3166241319880175e-05,1.0010137291307317,1.0010340198009902,1.0010137291307317,1.00103401980099,0.0,-9.48331304405881e-22
2735,17,6.68118953704834,13.913496217196974,14.144205470648448,-3.9109124679674974,-4.019009902502506,-7.628222735694521e-05,-5.310103713099968e-05,1.000975563668102,1.0010164829611237,1.000975563668102,1.0010164829611234,0.0,-6.638319130841167e-22
2736,17,6.9428558349609375,15.06547019273421,14.420584887274178,-3.9334510895876975,-3.9933422586280636,1.1893727145526855e-05,-3.360260784804172e-05,1.0009562918378825,1.0009984256241513,1.0009562918378825,1.000998425624151,1.6924474208539927e-21,4.305188709731613e-23
2737,17,6.829985618591309,15.129939690726985,14.633391328310019,-3.9046809039204025,-3.9667438522157648,3.3127467938528315e-05,-1.3583585112070706e-05,1.0009390410979824,1.0009806102663006,1.0009390410979826,1.0009806102663006,6.769906357734996e-21,2.0611082282886202e-21
2738,17,6.791525363922119,14.79439855063038,14.681693495006126,-3.6413128667146353,-3.8691145565654255,7.51531926779294e-05,1.3037448224929326e-05,1.000668806278151,1.0008870690698557,1.000668806278151,1.0008870690698557,0.0,1.4427757598020341e-21
2739,17,6.569311618804932,13.640054752175025,14.369201872156793,-3.4994800394145695,-3.7582242014201688,-4.3599555109918787e-05,-3.953652775525109e-06,1.0006757713278152,1.0008236797472434,1.0006757713278152,1.0008236797472434,-6.771687465804087e-21,-1.0215632078798025e-21
2740,17,6.507944583892822,13.808842021968964,14.201093917100444,-3.5259937528610528,-3.688555066852434,-6.47627929472958e-05,-2.2196394827056316e-05,1.0007344228744461,1.0007969026854042,1.000734422874446,1.000796902685404,0.0,-7.150942455158617e-22
2741,17,6.4588165283203125,14.394112720413816,14.258999558094455,-3.493266874219692,-3.629968609062611,1.482530240589214e-05,-1.1089885657171779e-05,1.0005664868454782,1.0007277779334265,1.0005664868454784,1.0007277779334263,-1.6931067717943887e-21,-1.0084980033994198e-21
2742,17,6.423852443695068,14.17256500566901,14.23306919236682,-3.434892355905276,-3.5714457331154104,7.84352954258178e-05,1.57676686677251e-05,1.0004239681881708,1.0006366350098497,1.0004239681881708,1.0006366350098497,-1.3546783750706477e-20,-4.769983727591537e-21
2743,17,6.755608558654785,13.636723012187826,14.05416533831312,-2.985388022191524,-3.3956284198382445,-6.697187268745508e-05,-9.054193738828953e-06,1.0003979508741065,1.0005650297691266,1.0003979508741065,1.0005650297691266,1.3547136061431518e-20,7.251522091153798e-22
2744,17,6.946310520172119,14.41559010889146,14.162592769486622,-2.9694017719228127,-3.2677604254636146,1.2300259718092834e-05,-2.647857701752417e-06,1.0004250752848693,1.0005230434238495,1.0004250752848693,1.0005230434238495,0.0,5.076065463807658e-22
2745,17,6.731908321380615,14.677476115341014,14.317057773242938,-2.7790564184744966,-3.1211492233668787,4.8951147922930855e-05,1.2831843985652565e-05,1.0002723902047048,1.000447847458106,1.0002723902047048,1.000447847458106,-6.7744182928488574e-21,-1.6770009053881213e-21
2746,17,6.458439350128174,12.795340961034974,13.860542729580548,-2.130249692885147,-2.8238793642223587,-9.6308289383465e-05,-1.9910196025082706e-05,1.0000797101978391,1.0003374062800259,1.0000797101978391,1.0003374062800259,0.0,-1.1739006337716849e-21
2747,17,6.16736364364624,12.54802442978123,13.46678723964075,-2.036908778742373,-2.587788188578363,-0.00015189656095246755,-5.950610550329816e-05,1.0001306146548303,1.0002753687924673,1.0001306146548303,1.0002753687924673,0.0,-8.217304436401794e-22
2748,17,6.283506870269775,13.53899416046808,13.488449315888948,-2.1119590770979735,-2.4450394551342463,-3.911749793658847e-05,-5.3389523233285244e-05,1.0000764533392024,1.0002156941564877,1.0000764533392026,1.0002156941564877,-6.775745549661544e-21,-2.6079349754465888e-21
2749,17,6.085465431213379,13.800250599868024,13.58198970108267,-2.0637646601045017,-2.330657016625323,5.120972048815412e-05,-2.200975011685343e-05,0.9999846435849348,1.0001463789850218,0.9999846435849348,1.0001463789850218,0.0,-1.825554482812612e-21
2750,17,6.489498138427734,13.65427528657505,13.603675376730383,-1.5859380986828215,-2.1072413412425726,5.2990963918512486e-05,4.904640937563452e-07,0.99968372861072,1.0000075838727311,0.9996837286107201,1.0000075838727311,-6.778407394358122e-21,-3.311410356276265e-21
2751,17,6.460494041442871,12.630028579897717,13.311581337680582,-1.2622595889543184,-1.853746815556096,-4.879259460123711e-05,-1.4294453514741692e-05,0.9997058282696041,0.9999170571917929,0.9997058282696041,0.9999170571917929,0.0,-2.3179872493933853e-21
2752,17,6.386242866516113,12.58297901101828,13.093000639681891,-1.2660463295055913,-1.6774366697409446,-5.548456641498557e-05,-2.6651487384814856e-05,0.9997590824533804,0.9998696647702692,0.9997590824533804,0.9998696647702692,-6.777896492228552e-21,-3.655960022243935e-21
2753,17,6.344631671905518,13.075310734106697,13.087693668009333,-1.2290879079345227,-1.542932041199018,1.245884467435441e-05,-1.4918387767064076e-05,0.9996086312425692,0.999791354711959,0.9996086312425693,0.9997913547119591,0.0,-2.559172015570754e-21
2754,17,6.405643463134766,13.133074443691855,13.101307900714088,-1.1127325332139542,-1.4138721888034986,4.0020336988725546e-05,1.56322965967281e-06,0.9993859949693051,0.9996697467891628,0.9993859949693052,0.9996697467891629,0.0,-1.7914204108995276e-21
2755,17,5.8439836502075195,12.440784973916903,12.903151022674933,-1.2809184746201383,-1.3739860745484904,-1.3372737581929219e-05,-2.917560512807798e-06,0.9994747898335298,0.9996112597024729,0.9994747898335298,0.9996112597024729,1.6949561026854517e-21,-7.455074568240337e-22
2756,17,5.999514579772949,12.813084956112297,12.87613120270614,-1.39928654002579,-1.38157621419168,2.3051278247381963e-05,4.87309111524913e-06,0.9994827597093707,0.9995727097045422,0.9994827597093708,0.9995727097045422,-3.389885174209909e-21,-1.5388207720397962e-21
2757,17,5.872593402862549,12.960178912767448,12.901345515724532,-1.3790976747579196,-1.380832652361552,6.633431403504292e-05,2.3311457991187266e-05,0.9993901345842464,0.9995179371684534,0.9993901345842464,0.9995179371684534,1.3560797417423733e-20,2.9910646847992623e-21
2758,17,6.126828193664551,12.696451787488243,12.839877397253645,-1.313491089707463,-1.3606301835653252,0.00013717730609817946,5.747121242328492e-05,0.9992384384641237,0.9994340875571546,0.9992384384641237,0.9994340875571546,0.0,2.0937452793594835e-21
2759,17,6.33076810836792,11.604805760995616,12.469355906376236,-1.0215442337829412,-1.2589043986306099,5.89364257540229e-05,5.7910776422506304e-05,0.9992588917037666,0.9993815288011381,0.9992588917037665,0.9993815288011381,0.0,1.4656216955516384e-21
2760,17,6.432999134063721,11.257805381321742,12.105890748859887,-0.7750298596854021,-1.1137420369470474,8.019710496877521e-05,6.459667498638698e-05,0.9993162755478204,0.9993619528251427,0.9993162755478204,0.9993619528251427,1.356179969013251e-20,5.094475093925899e-21
2761,17,5.599584579467773,10.993829302897305,11.772272315071111,-0.25360212067022986,-0.8557000620640022,5.417532576390733e-05,6.147027021964308e-05,0.9992771533861772,0.999336512993453,0.9992771533861773,0.999336512993453,0.0,3.566132565748129e-21
2762,17,5.6618852615356445,10.146667220028444,11.284590786558311,-0.06906609822893445,-0.6197098729134818,3.426095232786252e-05,5.330747485210891e-05,0.9992012587336788,0.9992959367155207,0.9992012587336788,0.9992959367155207,-6.781680386013713e-21,4.617886802195764e-22
2763,17,6.078169822692871,9.70559265442499,10.810891346918314,0.0691121106296987,-0.41306327785052765,4.7065179570321385e-05,5.143478626757265e-05,0.999260745824259,0.9992853794481422,0.999260745824259,0.9992853794481422,0.0,3.2325207615370346e-22
2764,17,6.148598670959473,9.67757847601201,10.470897485646422,0.13139230750678785,-0.24972660224333298,6.561211763325497e-05,5.5687985677277345e-05,0.9992818272468966,0.9992843137877685,0.9992818272468967,0.9992843137877685,0.0,2.262764533075924e-22
2765,17,5.863448619842529,9.663955570825141,10.228814911200036,0.09470541567572549,-0.14639699686761543,0.00013477210223433627,7.941322064439503e-05,0.9993406095013091,0.9993012025018306,0.9993406095013091,0.9993012025018306,0.0,1.5839351731531465e-22
2766,17,5.3469367027282715,9.72389065550848,10.077337634492569,-0.009356792412719481,-0.10528493553114664,0.00020190808477972563,0.0001161616798849942,0.9994508855728156,0.999346107423126,0.9994508855728156,0.999346107423126,0.0,1.1087546212072026e-22
2767,17,5.469326019287109,10.236025059706801,10.124943862056838,-0.08527429733166074,-0.09928174407130086,0.00029386499838027517,0.00016947267543357847,0.9994542894097584,0.9993785620191157,0.9994542894097584,0.9993785620191157,0.0,7.761282348450418e-23
2768,17,5.299727916717529,9.676229779422036,9.990329637266397,-0.07615681870132024,-0.09234426646030666,0.0003374964275820644,0.00021987980107812422,0.9994191445446535,0.999390736776777,0.9994191445446535,0.999390736776777,-5.424161516234908e-20,-1.621815557226557e-20
2769,17,5.921421051025391,8.415695932303391,9.517939525777495,0.5113839337487764,0.08877419360241827,0.00019642269000240084,0.0002128426677554072,0.9995281341750653,0.9994319559962634,0.9995281341750651,0.9994319559962634,2.711785029893938e-20,-3.2173538109040834e-21
2770,17,5.924205780029297,8.61946660239483,9.248397648762696,0.5852350069379809,0.23771243760308705,0.00022147937357928669,0.00021543367950257103,0.9997110694833574,0.9995156900423916,0.9997110694833574,0.9995156900423916,0.0,-2.2521476676328582e-21
2771,17,5.754770278930664,8.714540813006685,9.088240598035892,0.8389332123027375,0.41807867001298216,0.00030974137159455687,0.00024372598713016678,0.9996848500887079,0.9995664380562864,0.9996848500887078,0.9995664380562863,0.0,-1.5765033673430007e-21
2772,17,7.276232719421387,7.561317924019942,8.630163795831105,1.3514990261945339,0.6981047768674477,0.00020881692390258797,0.00023325326816189313,0.9996490739594179,0.9995912288272257,0.9996490739594179,0.9995912288272257,-2.7114569520661587e-20,-9.237923213338577e-21
2773,17,5.339216232299805,5.236440027938192,7.612046665463231,1.9089199573402504,1.0613493310092885,-2.324698892954617e-05,0.00015630319103446133,0.9998770242118952,0.9996769674426266,0.9998770242118951,0.9996769674426265,0.0,-6.4665462493370035e-21
2774,17,5.04420804977417,5.231855954754086,6.897989452250487,1.9705928844359466,1.334122397037286,2.5965951261683332e-05,0.00011720201910262793,0.999915359595521,0.9997484850884948,0.999915359595521,0.9997484850884948,3.388418586136876e-21,-3.51005679869484e-21
2775,17,5.505195140838623,6.080295260552511,6.652681194741094,1.800536655777534,1.4740466746593603,0.00015234121035970273,0.00012774377647975036,1.0000997106324372,0.9998538527516775,1.0000997106324372,0.9998538527516775,0.0,-2.457039759086388e-21
2776,17,5.366474151611328,6.259468953068054,6.5347175222391805,1.629280796136039,1.520616911102364,0.00022647567860608966,0.00015736334711765216,1.0000911130241206,0.9999250308334104,1.0000911130241206,0.9999250308334104,2.710258491366464e-20,6.410847642738921e-21
2777,17,5.330873012542725,5.243679947937901,6.147406249948796,1.6882802893949092,1.5709159245901274,0.0001737300402670246,0.00016227335506246388,1.0000295995802153,0.9999564014574518,1.0000295995802153,0.9999564014574518,0.0,4.487593349917244e-21
2778,17,5.4414591789245605,4.198856848256208,5.5628414294410184,1.6928798706195232,1.607505108398946,0.0001328452708560945,0.00015344492980055307,1.000051828718468,0.9999850296357566,1.000051828718468,0.9999850296357566,0.0,3.1413153449420705e-21
2779,17,5.528962135314941,3.1685395899566147,4.844550877595697,1.6973542259301806,1.6344598436583162,6.204075891935196e-05,0.00012602367853619274,1.0001588204627514,1.000037166883855,1.0001588204627512,1.000037166883855,0.0,2.1989207414594493e-21
2780,17,5.457749366760254,3.081304196613495,4.315576873301037,1.5563953744502323,1.611040502895891,9.464154021575278e-05,0.00011660903704006074,1.000211729561656,1.0000895356871953,1.000211729561656,1.0000895356871953,0.0,1.5392445190216143e-21
2781,17,5.364446640014648,3.4674446355169346,4.061137201965806,1.1901643143828637,1.4847776463419826,0.0002090828554477066,0.00014435118256235448,1.0002680415003662,1.0001430874311465,1.0002680415003664,1.0001430874311465,-2.7097790979586828e-20,-7.051866130560919e-21
2782,17,5.532672882080078,3.215958007348383,3.807583443580579,1.1942377350884532,1.3976156729659237,0.00020200236812738554,0.0001616465382318638,1.000278937904003,1.0001838425730034,1.000278937904003,1.0001838425730034,0.0,-4.936306291392643e-21
2783,17,5.190321445465088,2.259009333408782,3.34301121052904,1.2619928520224166,1.3569288266828714,0.0001198447855305186,0.00014910601242146024,1.000396492017832,1.000247637406452,1.000396492017832,1.000247637406452,-1.3547155816923068e-20,-7.51956114905177e-21
2784,17,5.244594573974609,2.515611430041133,3.0947912763826677,1.20113112298539,1.310189515573627,0.00016544825916630707,0.00015400868644491428,1.0004187546513124,1.00029897257991,1.0004187546513124,1.00029897257991,0.0,-5.263692804336239e-21
2785,17,5.133556365966797,2.4514270649987457,2.901782012967491,1.1824261057289325,1.2718604926202186,0.00018483375688367279,0.0001632562075765418,1.0003999244228075,1.0003292581327792,1.0003999244228077,1.0003292581327794,0.0,-3.684584963035367e-21
2786,17,5.223361968994141,1.2071280911959603,2.393385836436032,1.2209527280143273,1.256588163238451,0.00010640039621261339,0.00014619946416736328,1.0004729576159097,1.0003723679777183,1.0004729576159097,1.0003723679777186,-1.3546120415252382e-20,-6.643045598700471e-21
2787,17,5.207242012023926,1.1937323425399986,2.0334897882672216,1.2275149600096904,1.2478662022698228,9.626305525736585e-05,0.00013121854149436405,1.0004757152469392,1.0004033721584846,1.0004757152469392,1.0004033721584846,0.0,-4.650131919090329e-21
2788,17,5.13508415222168,1.7166548923166072,1.938439319482037,1.122516223345155,1.2102612085924225,0.00010301016823031338,0.00012275602951514883,1.0005420574092014,1.0004449777336997,1.0005420574092014,1.0004449777336997,0.0,-3.2550923433632304e-21
2789,17,5.4396443367004395,1.6657112345192577,1.8566208939932032,0.9643649501883248,1.1364923310711932,0.00018439521833289933,0.00014124778616047396,1.0004952992934226,1.0004600742016165,1.0004952992934226,1.0004600742016165,0.0,-2.278564640354261e-21
2790,17,5.325251579284668,0.5083259803443805,1.4521324198985563,1.1223673165048889,1.1322548267013017,8.76953978949004e-05,0.00012518206968080187,1.0005259813300216,1.0004798463401379,1.0005259813300214,1.0004798463401379,1.3545402527231857e-20,2.468625509921575e-21
2791,17,5.158964157104492,0.5122528122254675,1.1701685375966295,1.0903167849175714,1.1196734141661826,6.165861034668993e-05,0.00010612503188056829,1.0005896812347135,1.0005127968085106,1.0005896812347135,1.0005127968085106,-1.354454019488306e-20,-2.3353242015198156e-21
2792,17,5.28851842880249,0.7753978109958352,1.051737319616391,1.057343952844538,1.1009745757696892,6.311796977901175e-05,9.322291325010131e-05,1.0006124158059342,1.0005426825077377,1.0006124158059342,1.0005426825077377,1.3544232454034708e-20,2.4285427951465416e-21
2793,17,5.311850070953369,1.033281871310144,1.046200685124517,0.8097907147258796,1.0136194174565463,0.00015616522217537176,0.00011210560592768244,1.0006103932532766,1.0005629957313993,1.0006103932532768,1.0005629957313993,0.0,1.699979956602579e-21
2794,17,5.029029369354248,0.8969288035489952,1.0014191206518603,0.8805295335083072,0.9736924522720745,0.0001484420831287593,0.00012300654908800547,1.000529746318483,1.0005530209075242,1.000529746318483,1.0005530209075242,-2.7090703111898967e-20,-6.937224963947885e-21
2795,17,5.117597579956055,0.07845618062725555,0.7245302386444789,0.8671493156226916,0.9417295112772595,8.17468674235646e-05,0.00011062864458867321,1.0006503979177155,1.0005822340105817,1.0006503979177155,1.0005822340105817,0.0,-4.856057474763519e-21
2796,17,5.21673583984375,0.7191275451088248,0.7229094305837827,0.7745387785348722,0.8915722914545432,0.00010350316901898055,0.0001084910019177654,1.0006649398430492,1.0006070457603218,1.0006649398430492,1.0006070457603218,0.0,-3.399240232334463e-21
2797,17,5.112371444702148,1.5402333695342556,0.9681066122689245,0.5916539239222633,0.8015967811948592,0.00021443411433816527,0.00014027393564388534,1.0006002224305912,1.0006049987614025,1.0006002224305914,1.0006049987614025,0.0,-2.379468162634124e-21
2798,17,5.137949466705322,1.494989990287798,1.1261716256745866,0.5328004104256517,0.7209578699640968,0.00024949332605808574,0.00017303975276814545,1.0005738049029493,1.0005956406038665,1.0005738049029493,1.0005956406038665,0.0,-1.6656277138438868e-21
2799,17,5.041210174560547,-0.04527693906289997,0.7747370562533406,0.5228842440844768,0.6615357822002108,0.00017616224284065297,0.0001739764997898977,1.000689061603711,1.0006236669038198,1.000689061603711,1.0006236669038198,-2.7086390120722285e-20,-9.291856435907405e-21
2800,17,4.770819187164307,0.3737018381393497,0.6544264908191433,0.4269148321443939,0.5911494971834657,0.00020003386532878976,0.0001817937094515653,1.0007050389475094,1.0006480785169265,1.0007050389475094,1.0006480785169265,0.0,-6.5042995051351834e-21
2801,17,4.57741117477417,0.5955358110089605,0.6367592868760884,0.33765309801086846,0.5151005774316865,0.00023389056586793172,0.00019742276637647524,1.0006709405582648,1.0006549371293278,1.000670940558265,1.000654937129328,0.0,-4.5530096535946284e-21
2802,17,4.731342315673828,-0.21062540236446584,0.3825438801039221,0.3513383206607326,0.46597190040040026,0.00020162644318163443,0.000198683869418023,1.0006301177994106,1.0006474913303527,1.0006301177994106,1.0006474913303527,-2.7087985690204033e-20,-1.1313502464577448e-20
2803,17,4.694812774658203,-1.5743206526484241,-0.20451547972178175,0.4287795038027044,0.4548141814210915,8.750498699688073e-05,0.00016533020469168032,1.0007370279663375,1.000674352321148,1.0007370279663375,1.000674352321148,0.0,-7.919451725204213e-21
2804,17,4.5287885665893555,-1.9503910319824005,-0.7282781453999673,0.4627181025042467,0.457185357746038,1.746832027788199e-05,0.00012097163936754081,1.0008313123733548,1.00072144033681,1.000831312373355,1.00072144033681,-3.385317532664562e-21,-6.559211467442317e-21
2805,17,4.918930530548096,-1.6345453075889431,-1.00015829405666,0.4893325359617292,0.46682951121074534,4.837120957311614e-05,9.91915104292134e-05,1.0008490703967012,1.0007597293547774,1.0008490703967012,1.0007597293547774,6.770514934233322e-21,-2.560293546939625e-21
2806,17,4.882798671722412,-1.6096779202389355,-1.1830141819113427,0.4434750588212727,0.4598231754939035,7.396045260856246e-05,9.162219308301812e-05,1.0008269964010976,1.0007799094686733,1.0008269964010976,1.0007799094686733,0.0,-1.7922054828577373e-21
2807,17,4.457634449005127,-2.2664840647390117,-1.5080551467596433,0.41928452467823374,0.44766158024920255,1.7960280793531406e-05,6.952361939617211e-05,1.0008870100935876,1.0008120396561475,1.0008870100935876,1.0008120396561475,0.0,-1.254543838000416e-21
2808,17,4.438414573669434,-2.272902908013342,-1.7375094751357527,0.30427152451529016,0.4046445635290288,2.6977908063349845e-05,5.675990599632543e-05,1.0008654980580065,1.000828077176705,1.0008654980580067,1.0008280771767053,0.0,-8.781806866002913e-22
2809,17,5.128626346588135,-0.6951706919209831,-1.4248078401713218,-0.2113227955818298,0.21985435579577117,0.0001824895602835122,9.447880228248146e-05,1.0009566727522654,1.000866655849373,1.0009566727522656,1.0008666558493733,0.0,-6.147264806202039e-22
2810,17,5.313533306121826,0.4008945159025164,-0.8770971333491703,-0.6260004871862742,-0.033902097098842454,0.0003328602374476204,0.00016599323283202313,1.0009719624331872,1.0008982478245172,1.0009719624331874,1.0008982478245174,-5.4157469598349137e-20,-1.6677549415938883e-20
2811,17,5.167598724365234,-0.010352572079956638,-0.6170737649684062,-0.5086991057685496,-0.1763411996997546,0.00028346115187717136,0.0002012336085455676,1.0008852259771954,1.0008943412703206,1.0008852259771954,1.0008943412703206,5.416216287072097e-20,4.574364270059075e-21
2812,17,5.331048488616943,-1.5488433362576306,-0.8966046363551734,-0.36759732814675555,-0.23371803823385487,0.0001147156672925083,0.0001752782261696498,1.0009720972352125,1.0009176680597882,1.0009720972352125,1.0009176680597882,0.0,3.2020549890413523e-21
2813,17,5.945775032043457,-0.8314863939534979,-0.8770691636346707,-0.4048565780363042,-0.28505960017458964,8.159884339387526e-05,0.00014717441133691743,1.0011214084071471,1.000978790163996,1.0011214084071471,1.000978790163996,0.0,2.2414384923289464e-21
2814,17,4.974651336669922,0.5207442632273787,-0.4577251355760558,-0.4819571150359905,-0.3441288546330099,0.00021956180271100173,0.0001688906287491427,1.0010593662109846,1.0010029629780925,1.0010593662109846,1.0010029629780925,-2.7076370520092526e-20,-6.553904211397495e-21
2815,17,5.37499475479126,0.5389868550352126,-0.1587115383926753,-0.4042785915519743,-0.36217377570869924,0.0002267733272880001,0.0001862554383107999,1.001013228128465,1.0010060425232044,1.001013228128465,1.0010060425232044,2.7077618507414057e-20,3.535552604245971e-21
2816,17,4.9349517822265625,-0.9415940806263252,-0.3935763010627702,-0.08360275525367732,-0.2786024695721927,8.238056443240853e-05,0.00015509297614728248,1.0010790247164985,1.0010279371811925,1.0010790247164987,1.0010279371811925,-1.3537919406419312e-20,-1.5864889989536141e-21
2817,17,4.836657524108887,-1.3660304532285217,-0.6853125467124956,0.031033697901614084,-0.18571161933005065,-1.6946969216603446e-05,0.0001034809925381167,1.0011877515789611,1.0010758815005232,1.001187751578961,1.001075881500523,0.0,-1.1105422992675299e-21
2818,17,5.063978672027588,0.7419359294786814,-0.2571380038551425,-0.18209716213704674,-0.18462728217214947,0.00013123683074323537,0.00011180774399965229,1.001175337317404,1.0011057182455874,1.0011753373174037,1.0011057182455871,-2.7073234129762093e-20,-8.899349848415899e-21
2819,17,5.068953990936279,1.1115411242254722,0.15346573456904194,-0.3565522331480596,-0.23620476746492247,0.00021580557127669623,0.00014300709218276544,1.0011466152432373,1.0011179873448823,1.0011466152432373,1.001117987344882,0.0,-6.2295448938911284e-21
2820,17,5.094861030578613,-0.6456398559944317,-0.08626594260000016,-0.3952886176259568,-0.2839299225132328,0.00012181104829780818,0.00013664827901727826,1.0011613555110366,1.0011309977947285,1.0011613555110364,1.0011309977947283,-1.3536806111689164e-20,-8.421723259230538e-21
2821,17,5.004885673522949,-0.9459187811738826,-0.3441617941721649,-0.381906047033378,-0.3133227598692763,4.246229053065992e-05,0.00010839248247129275,1.001230282394175,1.0011607831745624,1.001230282394175,1.0011607831745621,0.0,-5.8952062814613764e-21
2822,17,6.073429584503174,0.16474233823548973,-0.1914905544498685,-0.5084022076057595,-0.37184659419022126,6.359803336359753e-05,9.495414773898417e-05,1.0013726125836075,1.001224331997276,1.0013726125836075,1.0012243319972756,0.0,-4.126644397022963e-21
2823,17,5.204501152038574,1.5311796931193709,0.32531051982090325,-0.7379448748485369,-0.481676078387716,0.00024099367120775837,0.00013876600477961645,1.0013608299940862,1.001265281396319,1.0013608299940862,1.0012652813963188,0.0,-2.888651077916074e-21
2824,17,5.086879253387451,1.259119246861633,0.6054531379331222,-0.7660865292869162,-0.566999213657476,0.0002425676163804939,0.00016990648825987968,1.0013722545271047,1.0012973733355546,1.0013722545271047,1.0012973733355546,2.7067910249758117e-20,6.0983173203861825e-21
2825,17,4.972084045410156,-0.2976893403711179,0.33451039444185016,-0.7343821058965369,-0.6172140813291942,0.0001250716006243492,0.00015645602196922052,1.0015527208384563,1.001373977586425,1.0015527208384563,1.001373977586425,0.0,4.268822124270327e-21
2826,17,4.779195785522461,-0.23269314304052216,0.16434933319713846,-0.7056066723747279,-0.6437318586428542,9.761795526445393e-05,0.00013880460195779052,1.0016621912133061,1.0014604416744892,1.0016621912133061,1.0014604416744892,-1.3530037646377296e-20,-1.07083580692396e-21
2827,17,4.944783687591553,1.3017566030097407,0.5055715141409192,-0.9637439080730085,-0.7397354734719004,0.00023937759883321046,0.0001689765010204165,1.001710899257969,1.001535578949533,1.001710899257969,1.001535578949533,-2.7058759500586494e-20,-8.867212915022719e-21
2828,17,5.110770225524902,1.4364517179697585,0.7848355752895708,-1.1687705153968384,-0.8684459860493818,0.0002757840791207879,0.00020101877445052792,1.0017961110184155,1.0016137385701978,1.0017961110184153,1.0016137385701978,0.0,-6.2070490405159024e-21
2829,17,4.972150802612305,0.7569842240515676,0.7764801699181698,-1.306156790760569,-0.9997592274627378,0.00021391605070032927,0.0002048879573254683,1.0018780600638204,1.0016930350182844,1.0018780600638204,1.0016930350182844,0.0,-4.344934328361131e-21
2830,17,5.0536651611328125,0.6750304023955926,0.7460452396613966,-1.5497001237558876,-1.1647414963506826,0.00024409763325000948,0.00021665086010283065,1.001961812390074,1.0017736682298213,1.001961812390074,1.0017736682298213,0.0,-3.0414540298527917e-21
2831,17,5.3612470626831055,0.5423872355685827,0.6849478384335523,-1.63289734642489,-1.3051882513729447,0.00020067088807288396,0.00021185686849384665,1.0021079775757145,1.0018739610335892,1.0021079775757145,1.0018739610335892,-2.7048037655293173e-20,-1.0243429117484907e-20
2832,17,5.316174507141113,0.5585907122937835,0.6470407005916217,-1.8389854444802731,-1.4653274093051432,0.0003460121753977021,0.0002521034605650033,1.0021903996261436,1.0019688926113555,1.0021903996261436,1.0019688926113555,0.0,-7.170400382239434e-21
2833,17,5.290019989013672,-0.9296794939331584,0.17402464223418762,-1.505375111647996,-1.477341720007999,0.0001545707897085309,0.00022284365930806156,1.0023971816591803,1.0020973793257029,1.0023971816591803,1.0020973793257029,0.0,-5.0192802675676036e-21
2834,17,5.244277000427246,-1.2456594582867204,-0.2518805879220848,-1.3109081074196307,-1.4274116362314884,0.00011711564741299807,0.00019112525573954252,1.0024997631735841,1.0022180944800672,1.0024997631735841,1.0022180944800672,1.3518733523852381e-20,5.42123869858392e-22
2835,17,5.400954723358154,0.3051636784543892,-0.0847673080091426,-1.5937679302406147,-1.4773185244342262,0.0003591971519006224,0.0002415468245878665,1.002744483947292,1.0023760113202345,1.0027444839472923,1.0023760113202347,0.0,3.794867089008744e-22
2836,17,5.440746307373047,0.39219015569252086,0.05831993110135644,-1.3673503051638398,-1.4443280586531102,0.0002884393134209333,0.0002556145712377865,1.002780152285196,1.0024972536097227,1.0027801522851962,1.0024972536097232,0.0,2.6564069623061206e-22
2837,17,5.575673580169678,-0.73944448211452,-0.18100939286340645,-1.113468750091543,-1.3450702660846399,0.00018256471388650942,0.00023369961403240335,1.0028017556730233,1.0025886042287129,1.0028017556730235,1.0025886042287133,0.0,1.8594848736142844e-22
2838,17,5.447800636291504,-2.300946776596819,-0.8169906079834303,-1.0722019198185417,-1.2632097622048104,4.4843490917557084e-05,0.00017704277709794947,1.0030097851974222,1.0027149585193256,1.0030097851974225,1.002714958519326,6.755929680886045e-21,2.1569428454188134e-21
2839,17,5.598574638366699,-2.44528687024919,-1.3054794866631583,-1.1066693710043345,-1.2162476448446675,-8.32652549626047e-06,0.00012143198631968647,1.00313374928559,1.0028405957492048,1.00313374928559,1.002840595749205,-1.6887737011291639e-21,1.0032278814544201e-21
2840,16,5.560208320617676,-1.7009788215385035,-1.4241292871257618,-1.6413345566053548,-1.3437737183728737,0.0002771317060933574,0.00016814190225178773,1.0033303869218002,1.0029875331009834,1.0033303869218002,1.0029875331009834,0.0,7.02259517018094e-22
2841,16,5.7041015625,-1.7564984155615728,-1.523840025656505,-1.6580795400686148,-1.4380654648815958,0.0002975030704553045,0.00020695025271284275,1.0033130934391157,1.003085201202423,1.0033130934391157,1.003085201202423,-5.403109854617368e-20,-1.5717747901939437e-20
2842,16,5.516685485839844,-3.169148714235298,-2.017432632230143,-1.7610585599986177,-1.5349633934167024,0.00023612880796757617,0.00021570381928926277,1.003488547966976,1.0032062052317887,1.003488547966976,1.0032062052317887,0.0,-1.1002423531357605e-20
2843,16,5.623016357421875,-3.3387926779531094,-2.4138406459470327,-1.9311788033542543,-1.653828016397968,0.0002046628741155656,0.0002123915357371536,1.0036340128163033,1.0033345475071431,1.003634012816303,1.003334547507143,0.0,-7.701696471950323e-21
2844,16,5.4940972328186035,-2.6605127546371845,-2.487842278554078,-2.0541314099296266,-1.7739190344574656,0.00022650459198743866,0.0002166254526122391,1.0036928665647642,1.0034420432244295,1.0036928665647642,1.003442043224429,-2.7005327242094763e-20,-1.3492785702993656e-20
2845,17,5.4857707023620605,-2.5905267288658096,-2.5186476136475973,-1.857899084867825,-1.7991130495805732,2.6946380731949757e-05,0.00015972173104815228,1.003705642301987,1.0035211229476968,1.003705642301987,1.0035211229476964,0.0,-9.444949992095558e-21
2846,16,5.410871982574463,-2.621443415200847,-2.549486354113572,-2.360129169721993,-1.9674178856229991,0.00031031414217992594,0.00020489945438768436,1.0038630656028726,1.0036237057442494,1.0038630656028726,1.0036237057442492,5.400149729756139e-20,9.588984194801526e-21
2847,16,5.495954513549805,-2.694045149867506,-2.592853992839752,-2.539343476653193,-2.138995562932057,0.0003213323725942837,0.00023982932984966413,1.0041471913768145,1.003780751434019,1.0041471913768145,1.0037807514340187,-5.398621744880471e-20,-9.483576298280343e-21
2848,16,5.532286643981934,-1.5933144133000523,-2.2929921189778417,-2.675531132935262,-2.299956233933018,0.000459257897838893,0.00030565790024643277,1.0041627470589827,1.003895350121508,1.0041627470589827,1.0038953501215078,0.0,-6.63850340879624e-21
2849,16,5.4770188331604,-1.8010971786787056,-2.1454236368881006,-2.6007758216684342,-2.390202110253643,0.0004478624419895758,0.00034831926276937563,1.0041325020798566,1.0039664957090124,1.0041325020798566,1.0039664957090124,0.0,-4.6469523861573675e-21
2850,16,5.317599773406982,-2.931118130780092,-2.381131985055698,-2.4694910484098513,-2.4139887917005054,0.0002912601338169427,0.0003312015240836457,1.0042026924832788,1.0040373547412922,1.0042026924832788,1.0040373547412922,0.0,-3.252866670310157e-21
2851,17,5.403998374938965,-2.7816655801492147,-2.501292063583753,-2.1173628736692884,-2.3250010162911403,-1.3689963577969816e-05,0.00022773407778516104,1.0041011483379372,1.0040564928202855,1.0041011483379372,1.0040564928202855,-1.6871466558052886e-21,-2.783150665958696e-21
2852,17,5.443276882171631,-2.301601602404233,-2.4413849252298965,-2.539281080694818,-2.3892850356122435,0.00012678729585330144,0.00019745004320560316,1.004156584965393,1.0040865204638179,1.004156584965393,1.0040865204638179,0.0,-1.9482054661710872e-21
2853,17,5.5386738777160645,-1.9382172438165242,-2.290434620805885,-2.7007916227224262,-2.4827370117452983,0.00015962553438730068,0.0001861026905601124,1.0041503440185517,1.004105667530238,1.0041503440185515,1.004105667530238,-2.6993023976533984e-20,-9.461651019279956e-21
2854,17,5.662524223327637,-1.977581254117218,-2.1965786107992846,-2.9431973072085387,-2.62087510038427,0.0001527717525427403,0.00017610340915490076,1.0041638143313818,1.004123111570581,1.0041638143313818,1.004123111570581,0.0,-6.623155713495969e-21
2855,17,5.7910685539245605,-0.8533408662721061,-1.793607287441131,-3.476490303889548,-2.8775596614358534,0.0003540692258504777,0.00022949315416357383,1.004204082359724,1.0041474028073238,1.004204082359724,1.0041474028073238,0.0,-4.6362089994471776e-21
2856,17,5.87616491317749,0.12201694397676649,-1.2189200180157616,-3.6014858646831316,-3.094737522410037,0.00038899143136205875,0.0002773426373231193,1.0040855591295426,1.0041288497039895,1.0040855591295426,1.0041288497039895,5.398953120217246e-20,1.2951513061038715e-20
2857,17,6.007672309875488,-1.076758301296637,-1.1762715030000241,-3.252496415893151,-3.142065190454971,0.00020283877523685374,0.0002549914786972396,1.003981164874589,1.0040845442551694,1.0039811648745893,1.0040845442551694,0.0,9.0660591427271e-21
2858,17,5.9067606925964355,-1.232796256974844,-1.19322892919247,-3.210332103711139,-3.1625452644318215,0.00017089454269800285,0.00022976239789746858,1.0040207956346074,1.0040654196690006,1.0040207956346074,1.0040654196690006,2.699650687514438e-20,1.4445193462452285e-20
2859,17,6.211502552032471,-0.1872888443633908,-0.8914469037437462,-3.1393896376941717,-3.1555985764105263,0.00025058641521562985,0.00023600960309291694,1.004064154964827,1.0040650402577485,1.004064154964827,1.0040650402577485,-5.3990682125460634e-20,-6.085569213921591e-21
2860,17,5.912189483642578,0.6092427895714443,-0.44123999574918904,-3.1053511191046534,-3.1405243392187643,0.000293639629706999,0.0002532986110771415,1.0039773413231323,1.0040387305773635,1.003977341323132,1.0040387305773635,0.0,-4.259898449745113e-21
2861,17,5.946290016174316,0.5417557042153703,-0.1463412857598212,-2.699617457978342,-3.0082522748466376,0.00024426273555441515,0.0002505878484203236,1.0037916030390734,1.0039645923158764,1.0037916030390732,1.0039645923158764,0.0,-2.981928914821579e-21
2862,17,5.605030059814453,-0.29726506880316683,-0.19161842067282486,-2.378924988657611,-2.8194540889899296,0.0001744272297318011,0.00022773966281376684,1.0037983762118443,1.0039147274846667,1.0037983762118443,1.0039147274846667,0.0,-2.0873502403751052e-21
2863,16,5.793446063995361,-0.0909841084872256,-0.16142812701714507,-2.412772686407173,-2.6974496682151026,0.00028749345776127744,0.00024566580129802,1.0038967646877097,1.0039093386455795,1.0038967646877097,1.0039093386455795,0.0,-1.4611451682625735e-21
2864,16,5.865692138671875,0.8158139492525809,0.1317444958637727,-2.3484010579281716,-2.592735085129023,0.0003823487216428131,0.00028667067740145794,1.0037945475145729,1.0038749013062775,1.0037945475145729,1.0038749013062775,0.0,-1.0228016177838015e-21
2865,16,6.020591735839844,0.8761655637695671,0.355070816235511,-2.2730650360111104,-2.496834070393649,0.00040206856686701535,0.00032129004424112515,1.003661203853555,1.0038107920704609,1.003661203853555,1.0038107920704609,0.0,-7.15961132448661e-22
2866,17,5.957328796386719,-0.11027393776272054,0.21546739003604154,-1.9410294217963755,-2.3300926758144667,0.00015210581405924632,0.0002705347751865615,1.0034924125788807,1.0037152782229868,1.0034924125788809,1.0037152782229868,0.0,-5.011727927140627e-22
2867,17,5.270201683044434,-0.5013691953133985,0.0004164144312095164,-1.9608438423141552,-2.219318025764373,9.035118968873294e-05,0.0002164796995372129,1.0034217724749677,1.003627226498581,1.0034217724749674,1.0036272264985808,0.0,-3.5082095489984386e-22
2868,17,5.4885478019714355,-0.259388081310642,-0.07752493429134594,-2.3293933842334886,-2.2523406333051077,0.0001648152224377962,0.00020098035640738789,1.0034567632515972,1.0035760875244857,1.0034567632515972,1.0035760875244857,0.0,-2.455746684298907e-22
2869,17,5.830331325531006,1.0701618453756299,0.2667810996087468,-2.841672263107544,-2.4291401222458386,0.00034595415292351265,0.00024447249536222533,1.0033887815802425,1.0035198957412126,1.0033887815802425,1.0035198957412126,0.0,-1.7190226790092347e-22
2870,17,5.682465553283691,1.0846637106390298,0.5121458829178317,-2.9609855565260483,-2.5886937525299016,0.0003448954982825804,0.00027459939623833185,1.00338063776707,1.0034781183489696,1.0033806377670702,1.0034781183489698,5.4027461347983304e-20,1.6087906816864343e-20
2871,17,5.250516414642334,1.2787209323853757,0.7421183977580948,-3.25316066973739,-2.788033827692148,0.00037649854991408965,0.0003051691423410592,1.0033193925616921,1.0034305006127864,1.0033193925616921,1.0034305006127864,0.0,1.1261534771805039e-20
2872,17,5.144874572753906,1.461516272622661,0.9579377602174646,-3.2838280294710933,-2.9367720882258315,0.00041070693967085485,0.00033683048153999786,1.0031629551142132,1.0033502369632143,1.0031629551142132,1.0033502369632143,0.0,7.883074340263527e-21
2873,17,5.526410102844238,1.025328106240951,0.9781548640245104,-3.422917644619704,-3.082615755143993,0.00036610407129779424,0.00034561255846733674,1.0031414907025704,1.0032876130850212,1.0031414907025704,1.0032876130850212,0.0,5.518152038184469e-21
2874,17,5.519134044647217,-0.23933948723149898,0.6129065586477075,-3.223089309557963,-3.124757821468184,0.0002637308825056938,0.0003210480556788438,1.0030521668988208,1.003216979229161,1.003052166898821,1.0032169792291612,0.0,3.862706426729128e-21
2875,17,5.667308330535889,-0.8767572192486769,0.16600742527879214,-3.1319630744209443,-3.126919397354012,0.00020078792542799212,0.0002849700166035883,1.0030369934090146,1.003162983483117,1.0030369934090146,1.0031629834831173,0.0,2.7038944987103896e-21
2876,17,5.571494102478027,-0.897581381555818,-0.1530692167715909,-3.056599480846339,-3.10582342240171,0.00017835500248624607,0.0002529855123683856,1.0030329828264868,1.0031239832861278,1.0030329828264868,1.003123983286128,0.0,1.8927261490972726e-21
2877,17,5.308712005615234,-0.6977279132038312,-0.316466825701263,-2.8923231967543237,-3.041773354707494,0.0001806166003075037,0.00023127483875012102,1.002993339818982,1.003084790245984,1.002993339818982,1.003084790245984,-2.702416181250961e-20,-6.782340239384792e-21
2878,17,5.302351951599121,-0.42866903185140576,-0.3501274875463058,-2.8983004356729376,-2.998731478997127,0.00018687578913491773,0.00021795512386556,1.0029883776672133,1.0030558664723528,1.0029883776672133,1.0030558664723528,0.0,-4.747638167569354e-21
2879,17,5.680208683013916,0.045190965570052845,-0.2315319516113982,-3.1544375405174474,-3.045443297453223,0.0002661148441450475,0.00023240303994940625,1.002840265987693,1.0029911863269547,1.0028402659876927,1.0029911863269547,5.405657357693345e-20,1.2893625355781485e-20
2880,17,5.346070289611816,0.2620027512132082,-0.08347154076401628,-3.2391598964473465,-3.1035582771514596,0.0002539930844640625,0.00023888005330380312,1.002803769731125,1.0029349613482057,1.002803769731125,1.0029349613482057,5.405854092352506e-20,2.5243100026104556e-20
2881,17,5.453583240509033,1.188649435116085,0.2981647520000141,-3.4196999628856126,-3.1984007828717056,0.000249323488703268,0.00024201308392364257,1.0027002364363233,1.0028645438746409,1.0027002364363233,1.0028645438746409,5.406412271023519e-20,3.388940683134374e-20
2882,17,5.416670799255371,1.4217237624892038,0.635232455146771,-3.6714319704079097,-3.3403101391325665,0.00029115575977096237,0.00025675588667783847,1.00262812818365,1.0027936191673437,1.00262812818365,1.0027936191673437,0.0,2.3722584781940617e-20
2883,17,5.586549758911133,1.1979476151119353,0.8040470031363203,-3.782576440262294,-3.472990029471484,0.00028968191273760584,0.0002666336944957687,1.0024578492040188,1.0026928881783461,1.0024578492040188,1.0026928881783461,-5.4077195033506545e-20,3.826508373064677e-22
2884,17,5.495085716247559,1.3567680695145385,0.9698633230497857,-3.9462521888094924,-3.6149686772728864,0.00023205455523030085,0.0002562599527161283,1.0024852923378702,1.0026306094262032,1.00248529233787,1.0026306094262032,0.0,2.678555861145274e-22
2885,17,5.57070779800415,2.217810054783571,1.3442473425699213,-4.04428810294847,-3.7437645049755615,0.0002718186933140333,0.0002609275748954998,1.002341904371009,1.0025439979096449,1.002341904371009,1.0025439979096449,0.0,1.8749891028016915e-22
2886,17,5.648159027099609,2.307627138359638,1.6332612813068361,-3.928139816094106,-3.799077098311124,0.00020398520495109522,0.0002438448639121784,1.0022726696029578,1.0024625994176386,1.0022726696029576,1.0024625994176386,-2.704359316000811e-20,-7.981828710806314e-21
2887,17,5.354188442230225,2.699832296603847,1.9532325858959392,-4.2537714151566135,-3.935485393364771,0.0002770915297948511,0.0002538188636769802,1.002252120603495,1.0023994557733955,1.0022521206034951,1.0023994557733955,0.0,-5.58728009756442e-21
2888,17,5.256610870361328,2.7262738804931277,2.1851449742750955,-4.218675521046785,-4.020442431669375,0.0002485167747440846,0.0002522282369971115,1.0022309678081107,1.00234890938381,1.0022309678081107,1.00234890938381,0.0,-3.911096068295094e-21
2889,17,5.675833702087402,3.1362498218445705,2.470476428545938,-4.485830467891254,-4.160058842535938,0.0002946079042328857,0.00026494213716784376,1.0023067386473397,1.002336258162869,1.0023067386473394,1.002336258162869,-5.4085347862106904e-20,-1.8963371606438636e-20
2890,17,5.60378885269165,4.14690727028695,2.9734056810682414,-4.704152433160827,-4.3232869197234045,0.0003984558107460296,0.0003049962392412995,1.002234327506382,1.0023056789659228,1.002234327506382,1.0023056789659228,0.0,-1.3274360124507044e-20
2891,17,5.470995903015137,4.291875650155542,3.368946671794432,-4.87252004531473,-4.488056857400802,0.00043122650322023967,0.00034286531843498154,1.0021996135418336,1.002273859338696,1.0021996135418336,1.002273859338696,0.0,-9.29205208715493e-21
2892,17,5.546395778656006,3.5915777059911704,3.435735982053453,-4.751948666751984,-4.567224400206157,0.0003709133835247371,0.0003512797379619082,1.0021471291494186,1.0022358402819127,1.0021471291494186,1.0022358402819127,5.409396190186818e-20,9.723752109552004e-21
2893,17,5.529947757720947,3.8544349069592654,3.5613456595251964,-4.774941252063005,-4.6295394557632115,0.0003594860397146004,0.00035374162848771584,1.0021822592053264,1.002219765958937,1.0021822592053262,1.0022197659589367,0.0,6.806626476686402e-21
2894,17,5.553704738616943,3.8161294092386764,3.63778078443924,-4.764211564354051,-4.669941088340463,0.0003799236568527039,0.0003615962369972122,1.002222180527574,1.002220490329528,1.002222180527574,1.0022204903295278,0.0,4.764638533680482e-21
2895,17,5.789339542388916,3.9672231523739776,3.736613494819661,-4.534923627677985,-4.629435850141719,0.0004167579735165955,0.0003781447579530272,1.0021062768128763,1.0021862262745325,1.0021062768128766,1.0021862262745322,0.0,3.335246973576337e-21
2896,17,5.513406753540039,2.303642374331898,3.306722158673332,-4.311893413628978,-4.534173119187896,0.00029205569088564106,0.00035231803783281133,1.0021706796087968,1.0021815622748118,1.0021706796087968,1.0021815622748116,0.0,2.3346728815034355e-21
2897,17,5.36146879196167,1.809677243830065,2.857608684220352,-4.348433557095151,-4.478451250560072,0.00023568856816933,0.0003173291969337669,1.0022814328636993,1.002211523451478,1.0022814328636993,1.002211523451478,0.0,1.6342710170524047e-21
2898,17,5.541828155517578,2.3154289846953344,2.6949547743628464,-4.365910712067638,-4.444689089012342,0.0002471727003372773,0.00029628224795482,1.002271501093446,1.0022295167440682,1.0022715010934458,1.0022295167440682,0.0,1.1439897119366833e-21
2899,17,5.695669651031494,3.225474743482245,2.8541107650986657,-4.496893756828696,-4.460350489357248,0.0003623490156647763,0.00031610227826780687,1.0022680896799592,1.0022410886248354,1.0022680896799592,1.0022410886248354,0.0,8.007927983556783e-22
2900,17,5.459794044494629,3.1948057920490345,2.956319273183776,-4.455106895031701,-4.458777411059584,0.0003754917444354613,0.0003339191181181032,1.0022117355617335,1.0022322827059047,1.0022117355617335,1.0022322827059047,-5.409047479761429e-20,-1.566658748043531e-20
2901,17,5.584461212158203,2.468189875381329,2.809880453843042,-4.351582856213246,-4.426619044605682,0.0002889179793155654,0.00032041877647734184,1.0022215746130902,1.0022290702780603,1.0022215746130902,1.0022290702780603,0.0,-1.0966611236304717e-20
2902,17,5.653975963592529,2.6088408915970067,2.7495685851692313,-4.3334160642117725,-4.39865815048751,0.00012200194033382095,0.00026089372563428557,1.0023046193931642,1.0022517350125915,1.0023046193931642,1.0022517350125915,2.7042731109578353e-20,4.361914674602038e-22
2903,17,6.384795188903809,4.133378494476878,3.164711557961525,-4.725684803717457,-4.496766146456494,0.00022788017605660166,0.0002509896607609804,1.0022968873665425,1.0022652807187769,1.0022968873665425,1.0022652807187769,0.0,3.053340272221426e-22
2904,17,6.437337398529053,4.640699265499321,3.6075078702228636,-4.716713368737065,-4.562750313140665,0.00022477938092511243,0.00024312657681022,1.0020899459975343,1.002212680302404,1.0020899459975343,1.002212680302404,2.7048524356918658e-20,8.328291126131097e-21
2905,17,5.9933929443359375,3.925199259028789,3.702815286864641,-4.650418532310319,-4.589050778891561,8.907012873848229e-05,0.00019690964238869868,1.0021710354239617,1.0022001868388712,1.0021710354239617,1.0022001868388712,-1.3523167879558105e-20,1.772853424424336e-21
2906,17,5.715373992919922,3.9064010446313313,3.763891014194648,-4.623641337884654,-4.599427946589489,8.057676342469767e-07,0.00013807847996236315,1.0021500166435264,1.0021851357802678,1.0021500166435264,1.0021851357802678,-1.0565196492378015e-22,1.2093018076199013e-21
2907,17,6.46903657913208,5.187521635319838,4.190980200532205,-4.9576657429401525,-4.706899285494687,4.0046938094887655e-05,0.0001086690174021205,1.0023248331940369,1.0022270450043984,1.0023248331940369,1.0022270450043984,0.0,8.465112653339308e-22
2908,17,6.44118070602417,7.686953243839235,5.239772113524314,-5.410123849801171,-4.917866654786632,0.0003220980348660309,0.00017269772264129362,1.002114947587565,1.0021934157793484,1.002114947587565,1.0021934157793484,-5.4095699056058965e-20,-1.563615183108394e-20
2909,17,5.84510612487793,7.58000856194244,5.941843048049751,-5.263927158376082,-5.021684805863467,0.000228149684112392,0.00018933331108262312,1.0019343615738003,1.0021156995176839,1.0019343615738003,1.0021156995176839,-2.7052724561279668e-20,-1.9061123650142657e-20
2910,17,6.3035783767700195,6.30821086049067,6.051753391782026,-5.128032142785281,-5.053589006940011,-4.065947646655891e-06,0.0001313135334638394,1.001946234835995,1.0020648601131772,1.001946234835995,1.0020648601131772,-8.453876244097549e-22,-1.3596402842422785e-20
2911,17,5.9748921394348145,6.277866723999129,6.119587391447157,-5.296739571211649,-5.126534176221502,-4.779150767011599e-05,7.758202112365278e-05,1.0019351627330695,1.002025950899145,1.0019351627330695,1.002025950899145,-6.763175732399863e-21,-1.1546434709415909e-20
2912,17,6.304811954498291,7.593778744285987,6.561844797298805,-5.797260695525653,-5.327752132012747,8.34440625933263e-05,7.934063356455483e-05,1.0020481464419182,1.002032609561977,1.0020481464419182,1.002032609561977,0.0,-8.082504296591135e-21
2913,17,6.268051624298096,8.846600699922675,7.247271568085965,-5.818289555721319,-5.474913359125319,0.00017754212808497184,0.00010880108192067993,1.0019262018575463,1.0020006872506477,1.0019262018575463,1.0020006872506477,0.0,-5.6577530076137945e-21
2914,17,5.764074325561523,8.703209226668521,7.684052865660732,-5.849868756140024,-5.58739997822973,0.0002138381701937135,0.00014031220840259002,1.0018502273759626,1.0019555492882422,1.0018502273759626,1.0019555492882422,-2.70549964171101e-20,-1.2076926030462686e-20
2915,17,5.725040912628174,8.34204006309649,7.8814490248914595,-5.797160354344714,-5.650328091064225,7.283754484243427e-05,0.00012006980933454328,1.0019050023093339,1.0019403851945696,1.0019050023093337,1.0019403851945696,0.0,-8.45384822132388e-21
2916,17,6.597888946533203,8.789126606200007,8.153752299284022,-6.145540380846791,-5.798891777998994,0.00012759108288805753,0.00012232619140059754,1.001961283845297,1.0019466547897877,1.001961283845297,1.0019466547897877,-2.7051997666132015e-20,-1.403329305476632e-20
2917,17,6.782776832580566,8.933154981072292,8.387573103820502,-6.029754385099889,-5.868150560129262,8.947601769503695e-05,0.00011247113928892935,1.0017865893640248,1.0018986351620587,1.001786589364025,1.001898635162059,-1.3528357536381579e-20,-1.3881812399250897e-20
2918,17,6.751612186431885,8.518310279326023,8.426794256472158,-6.167443113311181,-5.957938326083838,0.00011200275902547911,0.00011233062520989428,1.0017094431737468,1.001841877565565,1.0017094431737465,1.001841877565565,0.0,-9.717268679475627e-21
2919,17,6.831006050109863,8.065498075727563,8.318405402248779,-6.2092414196246475,-6.03332925414608,6.817464675950949e-05,9.908383167477882e-05,1.0018218020898697,1.0018358549228563,1.0018218020898697,1.0018358549228563,-1.352788203231083e-20,-1.0860452685326188e-20
2920,17,6.64362907409668,7.837645626507486,8.174177469526391,-6.210885035669551,-6.086595988603122,4.770505780096569e-05,8.367019951263486e-05,1.0018355851364888,1.0018357739869461,1.0018355851364888,1.0018357739869461,0.0,-7.60231687972833e-21
2921,17,6.552451133728027,8.08967967444255,8.148828131001238,-6.289300884940058,-6.147407457504202,0.0001026757474961935,8.937186390770245e-05,1.0017821590378397,1.0018196895022142,1.0017821590378397,1.0018196895022142,0.0,-5.321621815809831e-21
2922,17,6.522496223449707,8.072714580032699,8.125994065710676,-6.27409944851837,-6.185415054808452,0.00011060658841751311,9.574228126064564e-05,1.001770697689934,1.0018049919585301,1.001770697689934,1.0018049919585301,0.0,-3.725135271066881e-21
2923,17,6.376808166503906,7.421480104032217,7.914639877207138,-6.02813686783436,-6.138231598716224,6.825223528855619e-05,8.749526746901879e-05,1.001829028095772,1.0018122027997025,1.0018290280957722,1.0018122027997027,0.0,-2.607594689746817e-21
2924,17,5.961150169372559,7.399236247253606,7.760018788221078,-5.807556537559408,-6.039029080369179,5.551187371017679e-05,7.790024934136618e-05,1.0018536204404906,1.001824628091939,1.0018536204404906,1.001824628091939,0.0,-1.8253162828227717e-21
2925,17,6.170841217041016,8.191916237652672,7.889588023050555,-5.963969238460658,-6.016511127796623,0.00018406240563923485,0.00010974889623072677,1.0019023566623873,1.0018479466630734,1.0019023566623875,1.0018479466630734,-2.70535887373616e-20,-9.39379801918442e-21
2926,17,6.018543243408203,8.23860824706266,7.994294090254186,-5.931777357859731,-5.991090996815554,0.00025318909531785405,0.00015278095595686492,1.0017219339848877,1.0018101428596176,1.0017219339848877,1.0018101428596176,0.0,-6.5756586134290936e-21
2927,17,6.416717052459717,7.108366409084443,7.728515785903262,-5.87329514047714,-5.9557522399140295,9.426963418775064e-05,0.00013522755942613063,1.0017396164195034,1.0017889849275832,1.0017396164195034,1.0017889849275832,-1.3528991899620896e-20,-8.661658599286635e-21
2928,17,6.4060378074646,6.776750365660707,7.442986159830495,-6.025253713017699,-5.976602681845129,8.135729169274828e-05,0.00011906647910611592,1.001865163254437,1.0018118384256394,1.0018651632544369,1.0018118384256391,0.0,-6.0631610195006446e-21
2929,17,6.483738899230957,8.050944798215479,7.62537375134599,-6.20815042193257,-6.046067003871361,0.00019272243524045773,0.00014116326594641846,1.001926683907584,1.0018462920702227,1.0019266839075842,1.0018462920702227,-2.705293186366292e-20,-1.2360092272749327e-20
2930,17,6.134424209594727,8.470321177422617,7.878857979168978,-6.2556924738763,-6.108954644872842,0.0003362414115590013,0.0001996867096301933,1.0018934897714744,1.0018604513805982,1.0018934897714744,1.0018604513805982,5.410765633045505e-20,7.580232308211987e-21
2931,17,5.807325839996338,7.87379838448244,7.877340100763017,-5.913011019309513,-6.050171557203843,0.00025981140942823154,0.0002177241195696048,1.0018068642222349,1.0018443752330892,1.0018068642222349,1.0018443752330892,0.0,5.306162615748391e-21
2932,17,6.264967918395996,7.081831676266076,7.638687573413934,-5.651755340869558,-5.930646692303557,0.00017067779905895767,0.00020361022341641063,1.0019211724387815,1.001867414394797,1.0019211724387815,1.001867414394797,0.0,3.7143138310238735e-21
2933,17,5.969466686248779,7.183679625033333,7.5021851888997535,-5.665967812722166,-5.851243028429139,0.0001458479877547749,0.00018628155271791988,1.0020140552724064,1.0019114066580799,1.0020140552724064,1.0019114066580799,0.0,2.6000196817167113e-21
2934,17,5.955358505249023,7.183436439756807,7.4065605641568695,-5.680030686115864,-5.799879325735156,0.00015255853562207714,0.00017616464758916703,1.0020184206089044,1.0019435108433272,1.0020184206089044,1.0019435108433272,0.0,1.8200137772016977e-21
2935,17,6.163788318634033,6.709696792119611,7.197501432545692,-5.65414248149224,-5.756158272462281,0.00019808476990844023,0.000182740684284949,1.001914621283199,1.0019348439752886,1.001914621283199,1.0019348439752886,-2.7053257569415342e-20,-6.841967626783415e-21
2936,17,6.038272380828857,5.78963361923773,6.775141088553303,-5.616529614922663,-5.714269675200395,6.578716060278838e-05,0.0001476546271803008,1.002132614044277,1.001994174995985,1.002132614044277,1.001994174995985,0.0,-4.78937733874839e-21
2937,17,6.333430290222168,6.290931105662874,6.629878093686173,-5.63780196879678,-5.69132936327931,7.714413788652812e-05,0.00012650148039216897,1.0021372052689486,1.002037084077874,1.0021372052689486,1.002037084077874,-1.3523624394757049e-20,-7.409651455550988e-21
2938,17,6.352749347686768,6.433117166720274,6.570849815596404,-5.693142932204203,-5.691873433956777,0.0001485318726792458,0.000133110598078292,1.00208336055238,1.0020509670202258,1.00208336055238,1.0020509670202258,0.0,-5.186756018885691e-21
2939,17,5.9392290115356445,6.348192188139361,6.50405252735929,-5.6598535474432765,-5.682267468002727,0.00020092345593206775,0.0001534544554344247,1.0019731839668435,1.002027632104211,1.0019731839668438,1.0020276321042112,-2.7051676378032232e-20,-1.1746232126629653e-20
2940,17,6.195007801055908,5.203046010673576,6.113750572353576,-5.9127485041205885,-5.751411778838085,0.00013870768407950004,0.0001490304240279473,1.0022356565878066,1.0020900394492895,1.0022356565878066,1.0020900394492898,-2.7044591892109476e-20,-1.6335740056273598e-20
2941,17,5.833235263824463,6.033346969505273,6.089629491499085,-5.966710897919823,-5.816001514562606,0.00024712743843050596,0.00017845952834871488,1.002073806841337,1.0020851696669038,1.002073806841337,1.0020851696669038,0.0,-1.1435018039391518e-20
2942,17,5.973520755767822,5.849483935914315,6.017585824823654,-6.0267255344843695,-5.879218720539134,0.0002833551949796016,0.0002099282283379809,1.002051326436124,1.0020750166976697,1.002051326436124,1.0020750166976697,0.0,-8.004512627574063e-21
2943,17,5.6608734130859375,4.417036408376746,5.537420999889582,-5.928125737692528,-5.893890825685152,0.0002785895490742974,0.00023052662455887583,1.0019887173770448,1.0020491269014822,1.0019887173770448,1.0020491269014822,0.0,-5.6031588393018435e-21
2944,17,5.723769187927246,2.975454625416759,4.768831087547735,-5.937300968440233,-5.906913868511676,0.0001797391306956372,0.00021529037639990423,1.0021818986168753,1.0020889584161001,1.0021818986168756,1.0020889584161001,2.7046042589220234e-20,4.19160158925478e-21
2945,17,5.80170202255249,2.732425190907219,4.15790931855558,-5.642113053319627,-5.827473623954061,0.00011206264900176877,0.00018432205818046357,1.002245705822504,1.0021359826380212,1.002245705822504,1.0021359826380212,0.0,2.9341211124783456e-21
2946,17,5.734703063964844,3.2220786544335454,3.8771601193189698,-5.602990831260107,-5.7601287861458745,0.0002551478778226912,0.00020556980407313187,1.0022019155616821,1.0021557625151194,1.0022019155616821,1.0021557625151194,0.0,2.0538847787348417e-21
2947,17,5.517643451690674,2.9384394872740947,3.5955439297055074,-5.331762597863395,-5.631618929661131,0.0002607169348269703,0.00022211394329928338,1.0021825240756201,1.0021637909832695,1.0021825240756201,1.0021637909832695,-5.409205141975193e-20,-1.478989608081119e-20
2948,17,5.730399131774902,2.05254643021814,3.1326446798592973,-5.193708317094754,-5.500245745891217,0.00020259457088097024,0.00021625813157378945,1.0023045613678676,1.0022060220986488,1.0023045613678676,1.0022060220986488,0.0,-1.0352927256567833e-20
2949,17,5.593759536743164,2.599337002434333,2.9726523766318076,-4.974055444476715,-5.342388655466866,0.00024247579658929743,0.00022412343107844183,1.0023014795073597,1.002234659321262,1.00230147950736,1.002234659321262,0.0,-7.247049079597482e-21
2950,17,5.45974588394165,3.122183535348303,3.017511724246756,-4.911421714404648,-5.2130985731482005,0.0003152160802637277,0.00025145122583402756,1.0021368024772195,1.0022053022680493,1.0021368024772195,1.0022053022680493,0.0,-5.072934355718237e-21
2951,17,5.358012676239014,2.3943442093713743,2.8305614697841417,-4.631021087334865,-5.0384753274042,0.0002706366028199379,0.0002572068389298007,1.0020087880181483,1.002146347993079,1.0020087880181483,1.002146347993079,0.0,-3.551054049002766e-21
2952,17,5.353484153747559,2.119679659077895,2.6172969265722674,-4.630675896059343,-4.916135498000743,0.00022175382677416867,0.00024657093528311104,1.002091963084606,1.0021300325205371,1.002091963084606,1.0021300325205371,2.7048469911587496e-20,5.628803139174312e-21
2953,17,5.727822780609131,2.7567438062910927,2.659130990487915,-4.647427661983599,-4.835523147195599,0.00024150206598458788,0.0002450502744935541,1.0020582289499054,1.0021084914493474,1.0020582289499054,1.0021084914493474,0.0,3.940162197422018e-21
2954,17,5.7033514976501465,3.259646781498993,2.8392857277912382,-4.566685456412699,-4.754871839960729,0.0002784682909737237,0.000255075679437605,1.0018903766731013,1.0020430570164736,1.0018903766731013,1.0020430570164736,0.0,2.7581135381954124e-21
2955,17,5.631654739379883,3.4428979311478862,3.0203693887982324,-4.3678627598861235,-4.638769115938347,0.00026419219911710806,0.0002578106353414559,1.0016485603608631,1.0019247080197904,1.0016485603608631,1.0019247080197904,0.0,1.9306794767367885e-21
2956,17,5.469661712646484,2.520669520920448,2.8704594284348968,-4.43868771175085,-4.578744694682097,0.0001984596116051896,0.000240005328220576,1.001648314461802,1.001841789952394,1.001648314461802,1.001841789952394,2.7060450180761788e-20,9.469610687944288e-21
2957,17,5.022560119628906,2.449244262777659,2.7440948787377257,-4.332543187224976,-4.504884242444961,5.911584964843374e-05,0.0001857384846489333,1.0015995288429724,1.0017691116195673,1.0015995288429727,1.0017691116195675,-6.765442058326649e-21,4.599094864063006e-21
2958,17,5.433269500732422,2.640219231968098,2.7129321847068373,-4.641842291952367,-4.545971657297182,0.00012440140077924684,0.00016733735948802736,1.0015110329618964,1.001691688022266,1.0015110329618964,1.001691688022266,2.706415947508474e-20,1.1338614247369525e-20
2959,17,5.836347579956055,2.6651912572471095,2.698609906468919,-4.868212121600063,-4.642643796588046,0.0001981293160293082,0.0001765749464504116,1.001366634214216,1.001594171879851,1.0013666342142158,1.001594171879851,-2.7068062172260478e-20,-1.833886785194765e-22
2960,17,5.5543036460876465,1.84350588560533,2.442078700209842,-4.800943816193773,-4.690133802469764,0.00014949920422657336,0.00016845222378326013,1.0012952814474296,1.0015045047501245,1.0012952814474294,1.0015045047501243,0.0,-1.2837207496363354e-22
2961,17,5.22898530960083,1.303839469108315,2.1006069308793838,-4.846872457643131,-4.737155399021773,9.359514597291182e-05,0.00014599510044015562,1.0012872049333985,1.0014393148051066,1.0012872049333985,1.0014393148051066,0.0,-8.986045247454348e-23
2962,17,5.078256130218506,0.8722651267661036,1.7321043896453996,-4.9722027367768185,-4.807669600348287,5.8817946104039557e-05,0.0001198419541393208,1.001426363379634,1.0014354293774648,1.001426363379634,1.0014354293774648,6.766611930572439e-21,1.9670812624395514e-21
2963,17,4.779276371002197,1.3511298543434545,1.617812029054816,-5.220821778260574,-4.931615253721973,0.00018831804971605715,0.00014038478281234169,1.0013350504091134,1.0014053156869593,1.0013350504091136,1.0014053156869593,0.0,1.3769568837076859e-21
2964,17,4.711567401885986,1.3004634439658922,1.5226074535281386,-5.311782419797674,-5.0456654035446835,0.00017532805319247645,0.00015086776392638212,1.0014266281420052,1.001411709423473,1.0014266281420054,1.0014117094234731,-2.7066440566321778e-20,-7.156062351301153e-21
2965,17,4.719671726226807,1.629648482974203,1.554719762361958,-5.652368202376004,-5.227676243194079,0.00030408200571259615,0.0001968320364622463,1.0013875111650388,1.0014044499459427,1.0013875111650388,1.0014044499459427,0.0,-5.0092436459108064e-21
2966,17,4.825639724731445,1.5649271708466959,1.5577819849073793,-5.69347776209293,-5.3674166988637335,0.00023649068586668954,0.00020872963128357928,1.00142717624004,1.0014112678341718,1.0014271762400397,1.0014112678341718,-2.7066425752400986e-20,-1.162639827785786e-20
2967,17,5.361468315124512,1.7145027403014526,1.6047982115256012,-6.2111863481331575,-5.62054759364456,0.00029236266638724216,0.00023381954181467813,1.0014958677584704,1.0014366478114614,1.0014958677584704,1.0014366478114614,0.0,-8.138478794500502e-21
2968,17,5.212590217590332,1.724538832940204,1.640720397949982,-6.395948128527734,-5.853167754109512,0.00035268238753143554,0.00026947839552970537,1.001493767004294,1.0014537835693111,1.001493767004294,1.0014537835693111,5.412925213347113e-20,1.0541840483890985e-20
2969,17,5.258883476257324,0.5497978202344503,1.3134436246353223,-6.425563154755281,-6.024886374303242,0.000335427836163319,0.0002892632277197894,1.0013972339221326,1.0014368186751574,1.0013972339221326,1.0014368186751574,0.0,7.379288338723689e-21
2970,17,4.706264495849609,-1.015943763245517,0.6146274082710704,-6.537847927783068,-6.17877484034719,0.00016003741443292464,0.00025049548373373,1.001735204267576,1.0015263343528829,1.001735204267576,1.0015263343528829,0.0,5.165501837106582e-21
2971,17,4.768820285797119,-0.10696237142899254,0.39815047436105155,-6.730845676464848,-6.344396091182487,0.00026793100964031904,0.0002557261415057067,1.001680715946346,1.0015726488309218,1.001680715946346,1.0015726488309218,0.0,3.615851285974607e-21
2972,17,4.988195419311523,-0.4515256644556261,0.14324763271604823,-6.8221679063490015,-6.487727635732441,0.0003091695354054094,0.0002717591596756175,1.0017406666649729,1.001623054181137,1.0017406666649729,1.001623054181137,0.0,2.531095900182225e-21
2973,17,4.715561389923096,-1.5196951552216524,-0.35563520366526197,-6.780138410176081,-6.575450868065532,0.00036412859558096483,0.0002994699904472217,1.0016062323874353,1.0016180076430263,1.0016062323874355,1.0016180076430266,5.412317422891792e-20,1.8008719398802932e-20
2974,17,4.764216423034668,-3.3769421475723886,-1.2620272868373998,-6.833024918055981,-6.652723083062666,0.00017238370484579056,0.00026134410476679235,1.001996721077908,1.0017316216734908,1.001996721077908,1.0017316216734908,-2.7051040928536252e-20,4.490791300601175e-21
2975,17,4.591521263122559,-3.200890735851365,-1.8436863215415893,-6.905042158210809,-6.728418805607109,0.0001272674371459124,0.00022112110448052835,1.0021416660105893,1.0018546349746202,1.0021416660105893,1.0018546349746202,0.0,3.1435539104208226e-21
2976,17,4.797212600708008,-1.8934620584342077,-1.8586190426093747,-7.159027009725067,-6.8576012668424955,0.0003168188096389248,0.0002498304160280473,1.0019818058929084,1.0018927862501066,1.0019818058929086,1.0018927862501066,0.0,2.200487737294576e-21
2977,17,4.476198673248291,-2.0182734695150564,-1.906515370681079,-7.292362337694703,-6.988029588098158,0.00045345434972189104,0.00031091759613620037,1.0018256294343875,1.001872639205391,1.0018256294343875,1.001872639205391,0.0,1.540341416106203e-21
2978,17,4.668955326080322,-3.2653922356778944,-2.3141784301801236,-7.427278936922069,-7.119804392745331,0.00034696547391804453,0.0003217319594707536,1.0018757030651415,1.001873558363316,1.0018757030651415,1.001873558363316,5.41086169256572e-20,1.7310824068971502e-20
2979,17,5.396538257598877,-4.051191291163265,-2.835282288475066,-7.50056412471546,-7.234032312336369,0.0002252293271654759,0.0002927811697791703,1.0019780019805973,1.0019048914485005,1.0019780019805973,1.0019048914485005,0.0,1.2117576848280051e-20
2980,17,5.084985733032227,-4.188307244947873,-3.241189775416908,-7.814305855655988,-7.408114375332255,0.00017345880220647448,0.00025698445950736155,1.0020120424434806,1.0019370367469944,1.0020120424434806,1.0019370367469944,-2.7050627301883446e-20,3.671156032310011e-22
2981,17,5.100183010101318,-4.152721759857406,-3.5146493707490567,-8.181495677744486,-7.640128766055925,0.0001815674117235765,0.00023435934517222602,1.0020020096845244,1.0019565286282535,1.0020020096845244,1.0019565286282535,0.0,2.5698092226170074e-22
2982,17,5.291525840759277,-4.208567778681514,-3.722824893128794,-8.394619733514014,-7.866476056293351,0.00021127239608573065,0.00022743326044627742,1.0018716321210472,1.0019310596760915,1.0018716321210472,1.0019310596760915,0.0,1.798866455831905e-22
2983,17,5.050190448760986,-4.815891248016391,-4.050744799595073,-8.576779993977983,-8.07956723759874,0.00013711069320781035,0.00020033649027473727,1.0020662646904168,1.001971621180389,1.002066264690417,1.001971621180389,0.0,1.2592065190823335e-22
2984,17,5.123770236968994,-4.03244842684158,-4.045255887769025,-8.891009476861301,-8.322999909377508,0.00021607790580989263,0.00020505891493528388,1.002156306891348,1.0020270268936766,1.0021563068913477,1.0020270268936766,2.7046733254831773e-20,8.202164432785296e-21
2985,17,5.214312553405762,-3.6214605840616483,-3.9181172966568116,-8.889173775022009,-8.492852069070857,0.00034613074386039054,0.00024738046361281584,1.0019076704197403,1.0019912199514958,1.0019076704197403,1.0019912199514958,5.4106890509745656e-20,2.1973582255873405e-20
2986,17,5.396008491516113,-5.057070267663027,-4.259803187958676,-8.820613589329882,-8.591180525148564,0.00038911648795499207,0.0002899012709154687,1.001775231655237,1.0019264234626182,1.001775231655237,1.0019264234626182,0.0,1.5381507579111382e-20
2987,17,5.432986259460449,-6.377374631864819,-4.895074621130519,-8.618422155067819,-8.59935301412434,0.00020486497403134822,0.0002643903818502325,1.0020150662184129,1.0019530162893564,1.0020150662184129,1.0019530162893564,0.0,1.0767055305377967e-20
2988,17,5.148326873779297,-6.576441809350416,-5.399484777596488,-8.602196952723077,-8.60020619570396,0.00021931861832101343,0.0002508688527914668,1.002223478549371,1.0020341549673608,1.002223478549371,1.0020341549673608,0.0,7.536938713764577e-21
2989,17,4.986935138702393,-5.953802954957955,-5.565780230804927,-8.61136471321041,-8.603553750955895,0.0003174740870180471,0.0002708504230594409,1.0020449130335787,1.0020373823872262,1.0020449130335787,1.0020373823872262,0.0,5.275857099635204e-21
2990,17,4.7459025382995605,-6.265327488790422,-5.775644408200575,-8.530785971635858,-8.581723417159884,0.00038657838752730126,0.000305568812399799,1.0018834916197523,1.0019912151569839,1.001883491619752,1.0019912151569839,0.0,3.693099969744642e-21
2991,17,4.815637111663818,-7.0155073725213075,-6.147603297496795,-8.602928459535116,-8.588084929872453,0.0002715034897211215,0.0002953492155961957,1.0021681079006013,1.002044282980069,1.0021681079006013,1.002044282980069,0.0,2.5851699788212492e-21
2992,17,4.939059257507324,-6.42204968746395,-6.229937214486942,-8.875469131548138,-8.674300190375158,0.0003505900952068751,0.00031192147947939954,1.0023753366453085,1.0021435990796408,1.0023753366453085,1.0021435990796408,5.4081646507487367e-20,1.8034112937421083e-20
2993,17,4.819638252258301,-5.868120067517314,-6.121392070396053,-8.849920880776748,-8.726986397495635,0.0004324561825066831,0.0003480818903875846,1.0022033432888957,1.0021615223424172,1.0022033432888957,1.0021615223424172,0.0,1.2623879056194757e-20
2994,17,5.359274387359619,-5.602090067174297,-5.965601469429526,-8.784213035040658,-8.744154388759142,0.0005700687630354678,0.0004146779521819495,1.0019147453462556,1.0020874892435687,1.0019147453462556,1.0020874892435687,-1.0821301687807887e-19,-2.3627189724087332e-20
2995,17,5.123437881469727,-7.383268925018674,-6.39090170610627,-8.790377485135906,-8.75802131767217,0.00039955867467542734,0.0004101421689299929,1.0021825829853839,1.0021160173661132,1.0021825829853839,1.0021160173661132,0.0,-1.653903280686113e-20
2996,17,4.9659342765808105,-7.832763677655856,-6.823460297571145,-8.802166989419971,-8.77126501919651,0.0003282229539215903,0.0003855664044274721,1.0023208411946747,1.0021774645146817,1.0023208411946747,1.0021774645146817,-5.408458688703084e-20,-2.7802699030912045e-20
2997,17,4.883204460144043,-8.03289395827373,-7.186290395781921,-8.789112144773725,-8.776619156869675,0.00023824050009980732,0.0003413686331291726,1.0024423468470454,1.0022569292143908,1.0024423468470454,1.0022569292143908,0.0,-1.946188932163843e-20
2998,17,4.854660511016846,-6.762385507771884,-7.05911892937891,-8.955193085276116,-8.830191335391607,0.00028229198873837405,0.00032364563981193304,1.002486334064261,1.002325750669352,1.002486334064261,1.002325750669352,5.4075658472567537e-20,2.5993750166233576e-21
2999,17,4.688837051391602,-5.650460460066266,-6.636521388585116,-9.217631623204419,-8.94642342173545,0.000543349090940752,0.0003895566751505787,1.002187826858491,1.0022843735260936,1.002187826858491,1.0022843735260936,0.0,1.8195625116363502e-21
3000,17,5.4724931716918945,-7.443445226236646,-6.878598539880574,-8.936620323121366,-8.943482492151224,0.0003601586250666018,0.0003807372601253856,1.00213868969579,1.0022406683770024,1.00213868969579,1.0022406683770024,-5.409441745107285e-20,-1.495463147717641e-20
3001,17,5.056873321533203,-8.670862127505451,-7.416277616168037,-8.976560887338744,-8.953406010707479,0.00022683457272863037,0.000334566453906359,1.0024245790412258,1.0022958415762695,1.0024245790412258,1.0022958415762695,-2.703949491947053e-20,-1.8580090509864647e-20
3002,17,5.041468143463135,-8.872519722751813,-7.853150248143169,-8.95163321031738,-8.95287417059045,0.0001716394343741183,0.0002856883480466868,1.0025211974766017,1.0023634483463693,1.0025211974766017,1.0023634483463693,0.0,-1.3006063356905251e-20
3003,17,4.893028736114502,-7.835326709793129,-7.847803186638156,-9.138170443685663,-9.008463052519014,0.00033003753467059804,0.00029899310403386014,1.0025234201887787,1.002411439899092,1.002523420188779,1.0024114398990922,0.0,-9.104244349833675e-21
3004,17,4.868259429931641,-7.649670364846786,-7.788363340100744,-9.114167542671279,-9.040174399564693,0.000376639981567933,0.000322287167294082,1.0024126828851059,1.0024118127948962,1.0024126828851059,1.0024118127948962,5.407963162262648e-20,9.85091844190437e-21
3005,17,4.632972717285156,-8.295532972056485,-7.940514229687466,-9.158648336757404,-9.075716580722506,0.0002692690708625508,0.00030638173836462264,1.0026315581852234,1.0024777364119943,1.0026315581852234,1.0024777364119943,0.0,6.895642909333059e-21
3006,17,4.701612949371338,-7.7963527861069295,-7.897265796613304,-9.32366750077992,-9.15010185673973,0.0002573292475071428,0.00029166599110737866,1.002768463777164,1.0025649546215452,1.0027684637771643,1.0025649546215454,-5.406044424261214e-20,-1.13911832362505e-20
3007,17,4.623058319091797,-7.4772623166321015,-7.771264752618944,-9.524469697587866,-9.26241220899417,0.0003132546484082682,0.0002981425882976455,1.0027923909675676,1.0026331855253519,1.0027923909675676,1.002633185525352,5.4059154330009765e-20,8.24391803362758e-21
3008,17,4.666841506958008,-7.439895244689998,-7.67185390024026,-9.49828691951111,-9.333174622149253,0.00025780063436600957,0.0002860400021181547,1.0027444118779747,1.0026665534311388,1.0027444118779747,1.0026665534311388,0.0,5.770742623539305e-21
3009,17,4.507808208465576,-8.030372201565472,-7.779409390637824,-9.677426752709401,-9.436450261317297,0.00020907302684420185,0.00026294990953596884,1.0029316036187883,1.0027460684874336,1.0029316036187885,1.0027460684874336,-2.70258253048731e-20,-4.068227754984417e-21
3010,17,4.960649490356445,-7.756085720585803,-7.772412289622217,-9.76115466674311,-9.533861582945041,0.000170770458939017,0.00023529607435688327,1.0030624221451776,1.0028409745847569,1.0030624221451778,1.0028409745847569,-2.7022300620304338e-20,-1.0954449614580392e-20
3011,17,4.816448211669922,-7.429177025589283,-7.669441710412336,-9.783591344223144,-9.608780511328472,0.00021834800047667736,0.0002302116521928215,1.0029948310683297,1.0028871315298287,1.0029948310683299,1.0028871315298287,0.0,-7.668114730206274e-21
3012,17,4.776379585266113,-7.445639747792217,-7.602301121626299,-9.800244071115122,-9.666219579264467,0.00022165077282533215,0.00022764338838257467,1.0030011170164363,1.0029213271758108,1.0030011170164366,1.002921327175811,0.0,-5.3676803111443914e-21
3013,17,4.654159069061279,-7.982987248624771,-7.716506959725841,-9.800540047225525,-9.706515719652785,0.00022144820580563885,0.0002257848336094939,1.0030045851116518,1.0029463045565632,1.0030045851116518,1.0029463045565632,2.7023858828242892e-20,4.349781430671793e-21
3014,17,4.75383186340332,-9.00874256216345,-8.104177640457124,-9.83453427695992,-9.744921286844924,6.565370803947466e-05,0.00017774549593848813,1.0033259055602477,1.0030601848576683,1.0033259055602477,1.0030601848576683,1.3507602146982543e-20,7.097127645565017e-21
3015,17,5.155724048614502,-9.130766942043337,-8.412154430932986,-10.169146457350976,-9.872188837996738,0.00012760027672623403,0.0001627019301748119,1.0037512427176614,1.003267502215666,1.0037512427176614,1.003267502215666,0.0,4.9679893518955116e-21
3016,17,5.211925029754639,-7.261880434840097,-8.067072232105119,-10.013544700012654,-9.914595596601513,0.000322304470135176,0.00021058269216292112,1.0034802146680322,1.003331315951376,1.0034802146680322,1.003331315951376,0.0,3.477592546326858e-21
3017,17,5.175005912780762,-6.86171908643662,-7.705466288404569,-9.953488014840806,-9.9262633220733,0.000536088001653797,0.00030823428501018386,1.0030965776350516,1.0032608944564785,1.0030965776350516,1.0032608944564785,-1.0808552203833366e-19,-2.9991341829071296e-20
3018,17,4.846767902374268,-9.201630932026376,-8.15431568149111,-9.46184631360582,-9.786938219533056,0.00024080265111193767,0.00028800479484071,1.0035167509144227,1.0033376513938617,1.0035167509144227,1.0033376513938617,-2.7010066635598253e-20,-2.909695927102938e-20
3019,17,4.883240699768066,-9.764773323530122,-8.637452974102812,-9.272430787195127,-9.632585989831677,0.00012148786477572589,0.00023804971582121472,1.0038411730855556,1.00348870790137,1.0038411730855554,1.0034887079013697,0.0,-2.0367871489720565e-20
3020,17,4.639349937438965,-8.444669448195352,-8.579617916330573,-9.413419447184697,-9.566836027037583,0.00021627734609683488,0.00023151800490390075,1.0039395277119245,1.0036239538445364,1.0039395277119245,1.003623953844536,0.0,-1.4257510042804395e-20
3021,17,4.704359531402588,-7.62710926722236,-8.293865321598108,-9.386455712700148,-9.512721932736351,0.0003299440625054923,0.0002610458221843782,1.0037151507006021,1.003651312901356,1.0037151507006021,1.0036513129013558,0.0,-9.980257029963076e-21
3022,17,4.473886489868164,-7.891944884161207,-8.173289190367038,-9.435749917245948,-9.48963032808923,0.00032994002088360504,0.00028171408179414624,1.0037503406005595,1.003681021211117,1.0037503406005595,1.003681021211117,5.40075618722485e-20,9.216088640700397e-21
3023,17,4.623022079467773,-8.346643362819282,-8.225295442102711,-9.57906537430499,-9.516460841953958,0.0003539311855115714,0.0003033792129093738,1.003805777124147,1.003718447985026,1.0038057771241469,1.0037184479850259,0.0,6.451262048490277e-21
3024,17,4.546818256378174,-8.791566006033825,-8.395176611282045,-9.626331299853371,-9.549421979323782,0.0002319177929267723,0.00028194078691459333,1.00406279256275,1.0038217513583432,1.00406279256275,1.0038217513583432,0.0,4.515883433943194e-21
3025,17,4.478292942047119,-7.903091998375972,-8.247551227410224,-9.795191443158187,-9.623152818474104,0.0003842092825596375,0.00031262133560810653,1.003839717850595,1.0038271413060187,1.003839717850595,1.0038271413060187,0.0,3.1611184037602353e-21
3026,17,4.469976425170898,-8.666487302657185,-8.373232049984312,-9.792897414730097,-9.674076197350901,0.00040835049322089835,0.00034134008289194405,1.0037685784569756,1.0038095724513056,1.0037685784569759,1.0038095724513059,0.0,2.2127828826321647e-21
3027,17,4.383358955383301,-9.70962734702155,-8.774150639095483,-9.753384118711566,-9.6978685737591,0.0002505090666281191,0.00031409077801279654,1.0040411813097412,1.0038790551088361,1.0040411813097412,1.0038790551088363,-5.3991917496411633e-20,-1.4648627231080973e-20
3028,17,4.480091094970703,-9.795701634695689,-9.080615937775544,-9.398754028015372,-9.608134210035981,0.00018728004741661405,0.00027604755883394176,1.0040331395237663,1.0039252804333152,1.0040331395237663,1.0039252804333152,-2.699617497186806e-20,-1.83528915533171e-20
3029,17,4.6338605880737305,-9.502963390804183,-9.207320173684135,-9.141407974652822,-9.468116339421034,0.00017650779687070604,0.000246185630244971,1.0040395003950147,1.003959546421825,1.0040395003950144,1.003959546421825,0.0,-1.2847024087321968e-20
3030,17,4.521664619445801,-9.316493082002875,-9.240072046179757,-9.088971016309456,-9.35437274248756,0.00017579196021823225,0.00022506752923694937,1.0040797213109949,1.0039955988885758,1.0040797213109949,1.0039955988885758,0.0,-8.992916861125377e-21
3031,17,4.551219940185547,-8.745335680485478,-9.091651136471473,-9.289386361102572,-9.334876828072062,0.0002527525779673732,0.00023337304385607647,1.0042148957995436,1.004061387961866,1.0042148957995436,1.004061387961866,0.0,-6.295041802787764e-21
3032,17,4.53790283203125,-7.884843367844549,-8.729608805883394,-9.290094646595259,-9.32144217362902,0.0003601998616015465,0.0002714210891797175,1.0040709279968978,1.0040642499723755,1.0040709279968978,1.0040642499723755,0.0,-4.406529261951435e-21
