frame,n_inliers,flow_err,raw_tx,smoothed_tx,raw_ty,smoothed_ty,raw_theta,smoothed_theta,raw_scale_x,smoothed_scale_x,raw_scale_y,smoothed_scale_y,raw_shear,smoothed_shear
0,17,0.0,0.0,0.13831428650042552,0.0,-0.05806042729160606,0.0,9.145984486740923e-07,1.0,1.0000101398537753,1.0,1.0000101398537753,0.0,1.8757297189027417e-21
1,17,2.1710150241851807,0.3825155791368715,0.32801731254890354,0.010860288070286885,0.04764566873532444,-3.160591796031889e-05,4.85991690574709e-06,1.000049058466598,0.9999523351253403,1.000049058466598,0.9999523351253403,6.775931161241859e-21,2.6424363460722916e-21
2,17,1.9597060680389404,0.8448921543312821,0.5277932333230271,0.09638851872143146,0.2710104641281393,7.681557053416566e-05,6.239578021590484e-06,0.9997817763366527,0.9998586060575387,0.9997817763366526,0.9998586060575387,0.0,2.7497774782563657e-21
3,17,3.433572769165039,0.4540584658227113,0.6712549305437174,0.7008065753866678,0.6264142363602897,-3.132383100226192e-05,-9.05617938594548e-06,0.9996993431328536,0.9997674476249488,0.9996993431328536,0.9997674476249488,6.77830152093426e-21,2.466362726233429e-21
4,17,3.690082550048828,0.5718112298271579,0.832806763388594,1.0997882481760513,1.0452150599785983,-7.919848224035848e-05,-2.694572830623413e-05,0.999792679551005,0.9996839690695294,0.9997926795510051,0.9996839690695294,0.0,1.6446729348776301e-21
5,17,3.608490228652954,1.3409889492431561,1.009930559598552,1.4311126890165449,1.473460539757643,-1.5091990589640006e-05,-3.909489992387e-05,0.9996024089024651,0.999586547054747,0.9996024089024651,0.999586547054747,-1.6947397079291122e-21,1.4158362731733296e-21
6,17,4.346938610076904,1.4337906530235476,1.106241752077703,1.9651278851368705,1.8825489843089924,1.1873990315758815e-05,-5.8057268820142426e-05,0.9993584475515004,0.9994918559894578,0.9993584475515003,0.9994918559894578,-1.6951534243385678e-21,2.379712047532283e-21
7,17,4.348304271697998,0.748396924316399,1.1642324956743015,2.3373534392787207,2.2399380864564193,-0.00011924178500697447,-8.533097932441987e-05,0.9994057167790215,0.9994214084347848,0.9994057167790215,0.9994214084347848,1.35605859847862e-20,3.325585376483109e-21
8,17,4.331691741943359,0.6189170744347041,1.3440035913703916,2.605729156281923,2.5489678956929187,-0.00021516759719980441,-9.68871284277125e-05,0.9995294450276692,0.9993467239565286,0.9995294450276692,0.9993467239565286,0.0,2.15732985227363e-21
9,17,4.259493350982666,2.5803764786763415,1.6119779217258223,2.602154350730622,2.862674964349316,-9.267600991122214e-06,-8.599597888783775e-05,0.9992658847934516,0.9992380853995981,0.9992658847934516,0.9992380853995981,1.695310447688069e-21,3.836303569049059e-23
10,17,5.384688377380371,2.2567804233631685,1.7144256694968454,3.263083420906886,3.239916927962635,3.905351298819245e-05,-8.635357755248349e-05,0.9988083048924516,0.9991356993650257,0.9988083048924516,0.9991356993650257,-6.784348452893619e-21,-1.5614086889153697e-21
11,17,4.847208499908447,0.631695235417417,1.742640570537644,3.742001671007164,3.6481044672581304,-0.0002092852834120817,-0.00010302883010116462,0.9991596949618565,0.9990796482407142,0.9991596949618565,0.9990796482407142,0.0,-1.1912725953638119e-21
12,17,5.200890064239502,1.5597883608093193,1.9648856068982214,4.004074486978048,4.046241056090591,-0.00020355400859875877,-0.00010064716739590699,0.9992624710653321,0.999008396179356,0.9992624710653321,0.999008396179356,0.0,1.0856961619172705e-21
13,17,5.1623406410217285,3.274924388808289,2.2630368105391763,4.404263964197743,4.425247688447676,2.5868104692323777e-05,-8.00854467265949e-05,0.9988011680128361,0.9988831764236709,0.9988011680128361,0.9988831764236709,3.392198465043904e-21,5.094362408105165e-21
14,17,5.714807987213135,3.107914552679435,2.367265609908113,4.7879591003202195,4.768028886657445,3.853124393433174e-05,-7.813915248297722e-05,0.9985236205706933,0.9987531924958168,0.9985236205706933,0.9987531924958168,0.0,1.0242603762744452e-20
15,17,5.272517681121826,1.2728818753893638,2.385319624241641,5.178532107602745,5.048198933188174,-0.00020913545367750246,-9.407083720866406e-05,0.9987535462533726,0.9986421856220546,0.9987535462533728,0.9986421856220548,2.713888167287804e-20,1.440716243372581e-20
16,17,5.118502616882324,1.7693276747949302,2.6618925758695657,5.313193737379519,5.2553370964062704,-0.0001852582003056518,-8.928689721415799e-05,0.9986084020427998,0.9985005006894868,0.9986084020427999,0.9985005006894869,2.714282621364916e-20,1.302729060996439e-20
17,17,4.789087295532227,3.9839849798000344,3.142570692213781,5.316386949653776,5.43052251117751,-2.53261896775688e-05,-6.34844863248911e-05,0.9983207925732825,0.9983072147627352,0.9983207925732825,0.9983072147627352,0.0,6.3041593259279175e-21
18,17,5.055927276611328,4.405726214021351,3.441732251719783,5.377298302182946,5.635947631336264,7.885962759350266e-05,-5.6287673979654406e-05,0.9980797246028382,0.9980898273906157,0.9980797246028383,0.9980898273906156,-1.357860181105443e-20,-1.1111925599738872e-22
19,17,4.976902008056641,3.2078971276915795,3.4832023571281123,6.01070532141301,5.875102517392774,-6.439444180500752e-05,-9.010716736575795e-05,0.9977380286072706,0.9978892446004617,0.9977380286072706,0.9978892446004617,0.0,-2.7859462327063564e-21
20,17,5.030025482177734,2.7401964640926137,3.580319548218184,6.255719612870158,6.062461358728281,-0.00023038265641113834,-0.00013424202557182154,0.9976862984294843,0.9977306897282378,0.9976862984294843,0.9977306897282378,0.0,-3.3328140779979862e-21
21,17,5.233970642089844,3.4334490011625105,3.9598124431467716,6.239873054335643,6.154727451191614,-0.00027571434094215725,-0.00014550412557117915,0.9977807851700723,0.9975811575249544,0.9977807851700723,0.9975811575249544,0.0,-3.267716570368932e-21
22,17,5.131918907165527,5.158385826009856,4.483263384872429,6.0037927251707845,6.195886300593836,-5.331245887728244e-05,-0.00012347198822766552,0.9974339077619998,0.997395892290863,0.9974339077619998,0.997395892290863,-6.793696830739089e-21,-2.406694931783002e-21
23,17,5.353499412536621,5.665373250221119,4.815576333253722,6.22071340445158,6.259563587700018,-1.2396608575699893e-05,-0.00011499286540739006,0.9970866547566479,0.997198423403668,0.9970866547566478,0.997198423403668,0.0,4.726487345095677e-22
24,17,4.7457804679870605,4.510415401702023,4.8839035065238265,6.3539416865354434,6.356507642324469,-0.00013804929375679767,-0.0001449554273911637,0.9969748306359103,0.997033204758608,0.9969748306359104,0.997033204758608,0.0,5.3062358827033546e-21
25,17,4.669661045074463,4.440310183395275,4.930459213392986,6.492298360104541,6.467249889402581,-0.00023149694350006872,-0.00019650245814780546,0.9969585003651767,0.9969045849181619,0.9969585003651766,0.9969045849181618,0.0,1.1007415808147737e-20
26,17,5.005862712860107,5.281527000019152,5.090424963331085,6.5563978108647705,6.570359286531203,-0.00025364627052972997,-0.0002447125821730491,0.9968038744207169,0.99679119264422,0.9968038744207169,0.9967911926442199,5.438392648280877e-20,1.3530573234352424e-20
27,17,5.169200420379639,5.453332727988462,5.303691124249718,6.671176439985406,6.652059548296297,-0.00030252209266964355,-0.000277564416858817,0.9966554777241426,0.9966871247480041,0.9966554777241426,0.9966871247480041,0.0,7.944138185319932e-21
28,17,5.065989017486572,5.49829061228478,5.5458863521492034,6.638459872875617,6.697591855687702,-0.0002793196436938691,-0.00029153502582749687,0.9966335402202164,0.9965931071954184,0.9966335402202164,0.9965931071954184,0.0,2.0239443515809727e-21
29,17,4.7759575843811035,5.731922763667355,5.8572479748693045,6.784484436965349,6.6924219612972475,-0.000288377640303781,-0.0002914812165819063,0.9964429274350788,0.9965035411185088,0.9964429274350789,0.9965035411185088,-5.4403626270715e-20,4.2106629397728204e-21
30,17,4.669966697692871,5.942523183713664,6.263031625147619,6.649641045333864,6.611242467787431,-0.00029918633929857584,-0.000279865054952414,0.9964907031874557,0.9964187926049924,0.9964907031874557,0.9964187926049924,5.440101794314225e-20,1.626754334474526e-20
31,17,4.235307693481445,7.0455250459886605,6.710013798074928,6.442331525036377,6.460223341354659,-0.00025532623697191497,-0.0002587183416275084,0.9963272151600379,0.9963274778790197,0.9963272151600379,0.9963274778790197,5.440994464410727e-20,2.2135117220928892e-20
32,17,4.44401741027832,7.296361947886562,7.048909683188846,6.222588535838983,6.266101028273367,-0.00020627404886383743,-0.00023650309351277093,0.9961911189425972,0.9962389012314532,0.9961911189425973,0.9962389012314532,0.0,1.742002113854969e-20
33,17,4.8411126136779785,6.848599030547501,7.251790811678508,6.114072220033048,6.048258661341583,-0.0002636226735949669,-0.00021933803814348232,0.9961469225242244,0.99616436482921,0.9961469225242244,0.9961643648292099,0.0,1.184272414372573e-20
34,17,4.297983646392822,7.2397501610735455,7.378601532499963,5.775471766895348,5.814077688893619,-0.00019977141378786902,-0.00020573403958084086,0.9961923391491212,0.9960958038188903,0.9961923391491212,0.9960958038188902,0.0,1.064755247586533e-20
35,17,4.262827396392822,7.946310681637236,7.354859501356743,5.47979846238905,5.586807827181748,-0.00015853824324237276,-0.00020668040155076255,0.996045077876811,0.9960235769996986,0.9960450778768108,0.9960235769996985,2.721267833571877e-20,1.2213466725774341e-20
36,17,4.892332077026367,7.625142314043298,7.073598964441141,5.388492615013877,5.3708732464492135,-0.0001584416635292059,-0.00023031739945666855,0.9958095888822668,0.995974971548326,0.9958095888822668,0.9959749715483259,0.0,1.125992198484355e-20
37,17,4.498280048370361,5.893521691727954,6.68799923645169,5.290881890787122,5.128071477751569,-0.0003571579724856953,-0.00025957748588980423,0.9959817541641024,0.9959798062671484,0.9959817541641024,0.9959798062671483,5.442881699150417e-20,6.1823708616448625e-21
38,17,4.313297271728516,6.005266029433423,6.530243658885389,4.908301103385067,4.831404267046974,-0.0003289371215573996,-0.0002562560130787413,0.9961035166039285,0.9960111999947703,0.9961035166039284,0.9960111999947703,-5.442216368143824e-20,-2.7497090972415862e-21
39,17,4.677402496337891,7.002910319162648,6.638095603009664,4.322939158582218,4.522951404024038,-0.00015829985888082953,-0.0002187149445971475,0.9960294559954187,0.9960369646765219,0.9960294559954187,0.9960369646765219,0.0,-3.2827271148469043e-21
40,17,4.609192371368408,6.925658175255315,6.8110434713713275,4.252798742757332,4.27066446565648,-0.0001574625388080196,-0.00017625514669752164,0.996036835924481,0.9960592154898881,0.9960368359244809,0.9960592154898881,0.0,2.1179088982106653e-21
41,17,4.546294212341309,6.864885643111889,6.942262091416919,4.15568357895123,4.075365959941955,-0.00014793385424176356,-0.00014133589863413843,0.9960673077140252,0.9960839898602909,0.9960673077140252,0.9960839898602908,2.721207101389937e-20,7.11637272990506e-21
42,17,4.7322163581848145,7.085320055323346,6.99293189105604,3.8487176359669344,3.9205488948039107,-9.891799775425887e-05,-0.00011465084568922927,0.9961522321550573,0.9961069127095272,0.9961522321550573,0.9961069127095271,0.0,6.750626735030849e-21
43,17,4.6823883056640625,7.0866492125754545,6.914575469769682,3.8185678092237896,3.81116201842725,-9.341648534141855e-05,-9.6181249755699e-05,0.9961532461652334,0.9961195139238489,0.9961532461652335,0.9961195139238488,1.3604861710023304e-20,2.6571059517375447e-21
44,17,4.327754974365234,6.7228007710616025,6.700649493872514,3.7962981527750346,3.7342382457762393,-8.094453170850633e-05,-8.057323499752097e-05,0.9960805688280068,0.9961312473362712,0.9960805688280068,0.9961312473362712,-1.360585436579169e-20,-3.124244245594254e-21
45,17,4.573183059692383,6.126277321337976,6.417601772472315,3.7412678824912455,3.6788471841503445,-9.942776053670896e-05,-6.007996950380736e-05,0.996151269667423,0.9961631576901133,0.996151269667423,0.9961631576901133,-1.360488870389482e-20,-6.170898030553049e-21
46,17,4.700836181640625,6.041400478427272,6.129098535875901,3.6326545193939292,3.663829047145949,-4.220264024952616e-05,-3.0457318846881914e-05,0.996220929360771,0.996219184009203,0.9962209293607711,0.9962191840092028,0.0,-5.694333288000762e-21
47,17,4.4841156005859375,5.993860517156169,5.785900541023716,3.66912860939988,3.7339709086381374,2.5428508372737347e-05,-3.0182474487151392e-06,0.9962838316863598,0.9962942860756542,0.9962838316863598,0.9962942860756541,-3.400769621325963e-21,-4.107290399301296e-21
48,17,4.252810478210449,5.641786161774289,5.299457639650562,3.7259362707621646,3.9224728694589404,4.47726965546815e-05,5.6841273471542605e-06,0.9964116573846399,0.9963819963297722,0.9964116573846399,0.9963819963297722,0.0,-2.3736175235576903e-21
49,17,4.972148895263672,4.5131053473419325,4.682808482581158,4.335592471313628,4.217034993069476,-1.9817332538425758e-05,-7.718131338312953e-06,0.9964336025827844,0.9964749435235649,0.9964336025827844,0.996474943523565,-3.4002584620139934e-21,-4.536298504321224e-22
50,17,4.625061511993408,3.9686912984213008,4.083119239095786,4.530297648196839,4.535274787492494,-2.5819492047322637e-05,-3.019876444961493e-05,0.9966353734350201,0.9965723850596325,0.9966353734350202,0.9965723850596326,0.0,2.3977708483392874e-21
51,17,4.774954795837402,3.81061449317978,3.6095628112124607,4.869678939585323,4.817633918797258,-3.6863857211041735e-05,-4.890219034477375e-05,0.9966139770796848,0.9966675309386133,0.9966139770796847,0.9966675309386134,0.0,5.8898440171514714e-21
52,17,5.2352824211120605,2.713389914309249,3.3325916240511746,5.23733083194258,5.017901616150338,-0.00013898523322637145,-4.935718564883075e-05,0.9966945412423759,0.9967681386791399,0.9966945412423759,0.99676813867914,2.719494608483685e-20,8.064412957977761e-21
53,17,5.417547225952148,2.9231970972514483,3.3312301375494098,5.097410896926571,5.12708769461093,-6.991947347195502e-05,-2.0085370553860567e-05,0.997014677250823,0.9968620805816513,0.9970146772508232,0.9968620805816514,0.0,6.2721760363714266e-21
54,17,5.438435077667236,4.435072919917895,3.4543845177181174,4.998374390865991,5.214072540522331,0.00013647302690650943,1.6328376158754925e-05,0.9969237578118764,0.9969199588286063,0.9969237578118764,0.9969199588286064,0.0,3.401111806946684e-21
55,17,5.165380001068115,3.7910385403605824,3.4421429459977433,5.270447656546481,5.338331294788848,6.459005491108186e-05,2.2832599578274143e-05,0.9968703430570899,0.9969581238104539,0.9968703430570898,0.9969581238104539,0.0,1.5731315967212723e-21
56,17,5.182432651519775,2.8388838448018747,3.3623760938775,5.569216270899792,5.477883798548985,-3.027164566032487e-05,2.4601480941796876e-06,0.9969598761904774,0.9969995360621531,0.9969598761904775,0.9969995360621532,3.39846353893772e-21,1.0897984901789146e-21
57,17,5.240403652191162,2.7187553556150355,3.441755655087961,5.598102359015802,5.576833410783093,-9.783385708673296e-05,-1.9922135868636054e-05,0.9971524693530094,0.9970335608831625,0.9971524693530094,0.9970335608831626,0.0,1.6185926008896182e-21
58,17,4.776041507720947,4.314148858352387,3.693430557732622,5.591486161411464,5.606887036238182,1.2944931134261085e-05,-3.38863885588167e-05,0.9970506572093693,0.9970384451955827,0.9970506572093693,0.9970384451955827,0.0,3.3512621781198828e-21
59,17,5.004016876220703,4.321484370272181,3.891772272173343,5.662176205602357,5.55361433126695,-5.134174248526349e-06,-5.448985723026285e-05,0.9969450527858943,0.9970311009591928,0.9969450527858943,0.9970311009591928,0.0,5.8197049500271135e-21
60,17,4.642984390258789,3.4330443894647935,4.010297869955808,5.49320247196364,5.408437566452571,-0.0001322355629335676,-8.228651637219564e-05,0.997013407699045,0.9970355069459997,0.997013407699045,0.9970355069459996,2.718624855275712e-20,6.696183555443735e-21
61,17,4.468438148498535,4.096758200046501,4.177238191948863,5.131424075453413,5.207392981432005,-0.0001246912865202682,-0.0001007715656114706,0.997117417420963,0.9970443936554619,0.997117417420963,0.9970443936554618,0.0,3.1689453446869666e-21
62,17,4.754671573638916,4.807098494712288,4.340579448513758,4.927063864850324,5.019964807286858,-7.92667246978826e-05,-0.0001095373974146391,0.9970446129916342,0.997041621450545,0.997044612991634,0.9970416214505449,-1.3592698841634002e-20,-9.037466958906601e-22
63,17,4.637073993682861,4.650516264279753,4.407871374282347,4.810910385994198,4.88678483789208,-9.763299374241352e-05,-0.0001188809234886183,0.9970574899914834,0.9970364128086625,0.9970574899914834,0.9970364128086624,0.0,-2.1158797758693315e-21
64,17,4.505772590637207,4.184865881398691,4.4697457772664,4.822581256609484,4.800973618481919,-0.00013231634058902318,-0.0001284524367561114,0.9969831347031626,0.9970477710451922,0.9969831347031625,0.997047771045192,0.0,-1.7428211848652544e-21
65,17,4.407896995544434,4.138359100562967,4.7211880239028,4.804041643011238,4.721562734614921,-0.0001389266385003584,-0.00012776975151601138,0.9970113488739171,0.9970966885833616,0.997011348873917,0.9970966885833615,0.0,-1.2713501016673241e-21
66,17,4.862151622772217,4.939565571156733,5.219551002487856,4.664403530863178,4.616350461907028,-0.00018434791592332995,-0.00010688194746163417,0.997263488322215,0.9971742078189634,0.997263488322215,0.9971742078189633,0.0,-1.2318170145254989e-21
67,17,4.6772284507751465,6.290203758336014,5.753171563284499,4.386599498359612,4.49022813957743,-3.0427681001795816e-05,-6.728123814257544e-05,0.9973220162914505,0.9972414974966027,0.9973220162914505,0.9972414974966027,-3.3972295143107294e-21,-1.4085939859256968e-21
68,17,4.188532829284668,6.684545177696574,6.004767077166511,4.356720873380745,4.363533726614182,1.466910854904195e-05,-3.582722517901012e-05,0.9972547805609852,0.9972909770889153,0.997254780560985,0.9972909770889153,-1.69872927914734e-21,-1.2080688445481498e-21
69,17,4.086827278137207,5.6400193710058195,5.892250842841811,4.33674540811801,4.222557848772967,-3.7533236535513494e-05,-2.8075087622143907e-05,0.9972868283377592,0.997348869427215,0.9972868283377592,0.997348869427215,0.0,-6.966950893445334e-22
70,17,4.122607231140137,5.371121428642294,5.617590844557704,4.012492314332664,4.052581712519949,-4.4194799039548324e-05,-3.786076509100215e-05,0.9974628250699571,0.9974289134130324,0.9974628250699571,0.9974289134130324,0.0,-2.418844093656224e-22
71,17,4.474360466003418,5.564434247210837,5.326640064453894,3.828095376191327,3.8784401052685675,-4.2242867919842996e-05,-5.845794287566353e-05,0.9975401720050536,0.9975207146631969,0.9975401720050536,0.997520714663197,0.0,3.4164122460127627e-23
72,17,4.154524803161621,5.133832330214164,5.068232869021171,3.701748369633728,3.7159016923339694,-6.374565317634123e-05,-8.498349184053089e-05,0.9975801958748197,0.997622735157545,0.9975801958748197,0.997622735157545,0.0,1.6626600187597676e-22
73,17,4.097202777862549,4.333586947313078,4.9620241675013945,3.6148726335686083,3.5568485271893744,-0.00013573864706710372,-0.0001051127680098857,0.9977078421397659,0.9977398398951415,0.9977078421397659,0.9977398398951415,0.0,1.838809195850936e-22
74,17,4.216620445251465,4.632401918869535,5.114307098156184,3.4721657630787295,3.3886610550916707,-0.00019668443575547305,-9.983072876098122e-05,0.9979439151176207,0.9978593164294127,0.9979439151176207,0.9978593164294127,0.0,3.187691671411431e-23
75,17,4.1628851890563965,5.990399336259816,5.349580481189568,3.1783132926941025,3.227675565692136,-3.686598735153701e-05,-6.911049418353095e-05,0.9979821725101288,0.9979600975325323,0.9979821725101288,0.9979600975325323,0.0,-4.347087727545747e-22
76,17,4.125026702880859,5.949343648168585,5.3096442702609465,3.0255520073634097,3.122887877226937,2.1427916432232415e-05,-4.966547520549003e-05,0.9979848835814802,0.99805235508597,0.9979848835814802,0.99805235508597,0.0,-1.349088717157261e-21
77,17,4.4532999992370605,4.967912131635437,4.8972119969352015,2.973234081123831,3.1029930636050955,-1.9491823652120127e-05,-6.82533843294594e-05,0.9981616972519063,0.9981562816537016,0.9981616972519062,0.9981562816537016,-3.3943716717895035e-21,-2.551473980794163e-21
78,17,4.395593643188477,3.992850575082924,4.3287438220756895,3.2587663161661546,3.1424939257031834,-0.0001499963377479135,-0.00011669162537420155,0.998254015478588,0.9982687556755948,0.998254015478588,0.9982687556755948,0.0,-3.400342189158786e-21
79,17,4.413681507110596,3.474241640008551,3.8770464386934576,3.2411550340288278,3.1691686004929456,-0.00018886193595348406,-0.00016495175078380138,0.9983877401220522,0.9983808085325571,0.9983877401220521,0.9983808085325571,-2.7148825273860074e-20,-3.1200585418627935e-21
80,17,4.214783191680908,3.588416071351622,3.658311875274107,3.1504798856173752,3.1489291796110077,-0.00022533399327054958,-0.0001931577520046259,0.9985252824698856,0.9984791100302101,0.9985252824698857,0.9984791100302101,2.714508564579592e-20,-1.9840481588545365e-21
81,17,4.203968048095703,3.7747866963083894,3.600330874808749,3.061552900339128,3.085573710559864,-0.00018762067493755295,-0.00019653470626748593,0.9985406191437288,0.9985559349254647,0.9985406191437288,0.9985559349254647,0.0,-6.143510572347683e-21
82,17,4.10391092300415,3.6855325942219106,3.5833174020661516,3.004578201187258,2.9879186873065438,-0.00017021775505161827,-0.00018394209698229048,0.9985839000926644,0.9986203277444171,0.9985839000926643,0.9986203277444171,-2.7143492208939456e-20,-1.2313835365942436e-20
83,17,4.09978723526001,3.5744536199431436,3.557179913811852,2.8726248966200134,2.85737503361526,-0.00019050624505596538,-0.00016258290345627904,0.9987275790915341,0.9986763824287261,0.9987275790915341,0.9986763824287261,-2.713958729045312e-20,-1.3523144203189763e-20
84,17,4.0946431159973145,3.779590380262316,3.529485473095403,2.6128715449535473,2.700949720675328,-7.57109265533187e-05,-0.00013621443703921033,0.9987072678105566,0.9987176348582325,0.9987072678105566,0.9987176348582325,0.0,-9.237307094315599e-21
85,17,4.242884635925293,3.4401908237728405,3.5484037626051643,2.571446731689717,2.524640882521276,-0.00011741145377553108,-0.00011220045809876499,0.9987140193152313,0.998752840912453,0.9987140193152313,0.998752840912453,0.0,-4.70639188953346e-21
86,17,4.1768951416015625,3.299915390760068,3.7499152192781904,2.4018267494111036,2.306403362175069,-0.00012047454369772872,-7.77641362586e-05,0.9987648946935203,0.99878800616002,0.9987648946935203,0.9987880061600198,0.0,-2.4842056205731166e-21
87,17,4.392544746398926,3.735931126473517,4.210008500324836,2.1496442865631065,2.0425957101106094,-9.354947476470264e-05,-2.0357891626031927e-05,0.9988842717797479,0.9988111869830696,0.9988842717797479,0.9988111869830695,0.0,-2.2097557671100838e-21
88,17,4.523537635803223,5.2444187208821615,4.778043944982403,1.6695118850442408,1.7805080461253862,9.844401417247655e-05,4.889981577972224e-05,0.9988329410671928,0.9988047536039817,0.9988329410671928,0.9988047536039816,-1.3568362234418047e-20,-1.9189841657386767e-21
89,17,4.471468448638916,5.899496540171381,5.126099179337136,1.426608977870548,1.60634531255988,0.00018155287000213576,9.200518519822448e-05,0.9987621089980913,0.9987788058506095,0.9987621089980913,0.9987788058506094,0.0,3.408603606393727e-22
90,17,4.093755722045898,5.261513942906712,5.125863969174297,1.5586843777911399,1.5586664228257907,0.00011044983612789751,9.071039716023515e-05,0.998663237190684,0.9987591355972955,0.9986632371906838,0.9987591355972953,1.3570667920242164e-20,2.3965107211728652e-21
91,17,3.962902784347534,4.254137320636371,4.992167812674269,1.6181784837793352,1.5990844586494082,1.4110566430752289e-05,6.647556588974323e-05,0.9987672262134287,0.9987586966190727,0.9987672262134286,0.9987586966190726,0.0,1.9499975672265283e-21
92,17,4.152162551879883,4.656773432534309,4.991785562857374,1.7473277709677362,1.6744093921080132,-3.031762331894172e-05,5.156313333794e-05,0.9988307273284036,0.9987527532272317,0.9988307273284035,0.9987527532272316,-3.392098076597542e-21,7.894124890261731e-22
93,17,4.4375,5.5894051421063455,5.084032938692997,1.723781875169041,1.7459016393024716,9.603787860864314e-05,5.1827850262763385e-05,0.9987526444251449,0.9987181306289817,0.9987526444251449,0.9987181306289816,0.0,6.171674788011311e-22
94,17,4.536416530609131,5.702214195898686,5.074770678791806,1.7825646506857904,1.802573666533912,0.0001568327268355268,4.074331601319021e-05,0.9985835465718452,0.9986655835838701,0.9985835465718453,0.99866558358387,0.0,1.2851523496557515e-21
95,17,3.9978322982788086,4.2890406307171585,4.9837859584204685,1.9515194812674954,1.8303431632227831,-5.3533630884505936e-05,1.1102017717579436e-05,0.9985858677819658,0.9986186269018943,0.9985858677819658,0.9986186269018942,6.785859680836133e-21,1.896336786814155e-21
96,17,4.536286354064941,4.517330632070875,5.041641099572279,1.7738614006859676,1.817487035983576,-8.890229812416224e-05,-3.6736254962087733e-06,0.9986794905171034,0.9985705490691456,0.9986794905171033,0.9985705490691454,0.0,1.4983458660754525e-21
97,17,4.319594383239746,5.957351752409349,5.217872214059018,1.7322497200700326,1.7936018975190668,4.4266418415151355e-05,7.514556512318934e-06,0.9984697213322847,0.9985043625182562,0.9984697213322847,0.9985043625182562,0.0,7.861807594675904e-22
98,17,4.331146240234375,5.393304687856664,5.290702835056535,1.7740089829222379,1.7782150230092213,6.73781494751555e-05,2.150690216338823e-05,0.9983867463490895,0.9984367989040357,0.9983867463490895,0.9984367989040357,0.0,3.0427598264004054e-22
99,17,4.253022193908691,4.954113884637947,5.2783017844080735,1.8194554921505888,1.7633196351172022,2.7360121875826074e-05,2.5450372916030567e-05,0.9983985582123546,0.9983768711043114,0.9983985582123546,0.9983768711043114,0.0,1.340893701063225e-22
100,17,4.340184688568115,5.157452336564314,5.27636497250646,1.7864259512522838,1.7388703340020606,-2.4647324596476698e-05,2.739851511015461e-05,0.9983539158222079,0.9983135483396993,0.998353915822208,0.9983135483396993,0.0,1.5579341562870077e-22
101,17,4.617699146270752,5.782009639409896,5.256090205590807,1.6473760102151502,1.7201902118182957,6.333082107924656e-05,3.55527930728051e-05,0.9982709735247617,0.9982431116741122,0.9982709735247617,0.9982431116741123,0.0,1.5542341606091272e-22
102,17,4.698006629943848,5.371958453566431,5.16131643549525,1.7249739187022444,1.7391480565432806,9.309116663056599e-05,4.1266544876759374e-05,0.9980787037389884,0.9981816252864214,0.9980787037389885,0.9981816252864215,0.0,-1.664945278541311e-22
103,17,4.458156585693359,4.321841107867101,5.136204399674955,1.8302014397715614,1.804160708004925,9.064378547098146e-06,4.58647358684447e-05,0.9981471364280167,0.9981498009747167,0.9981471364280168,0.9981498009747168,1.697210594192564e-21,-1.1658267310576882e-21
104,17,4.892230987548828,4.936180341711263,5.3738110865329025,2.043848518009047,1.914260535652502,-2.5035963313629813e-05,6.860419880962116e-05,0.9981682858753119,0.9981332945815026,0.9981682858753119,0.9981332945815027,0.0,-2.8862440053648146e-21
105,17,4.5079169273376465,6.084396477468573,5.744710630906248,2.0368222860920144,2.0884120221539195,0.00010986691432264003,0.0001114293622168812,0.9981425094713694,0.9981105491036628,0.9981425094713694,0.9981105491036629,-1.3577747693810194e-20,-4.035339059009681e-21
106,17,4.283196926116943,6.631769338819716,5.919317790364298,2.0851645302128783,2.389395522074561,0.0002695503493262945,0.0001393620423044654,0.9980926369354035,0.9980751802266452,0.9980926369354036,0.9980751802266453,0.0,-2.908638568633479e-21
107,17,4.461711406707764,5.952500947610503,5.722035819334627,2.897762834632066,2.843693285212577,0.00014311531965488318,0.00012081483818190078,0.9979766586843393,0.9980373886542736,0.9979766586843392,0.9980373886542737,0.0,-7.981786779678052e-22
108,17,3.956582546234131,4.667908731297633,5.299501856301216,3.5366593250239515,3.3629881398580763,-6.748364652372394e-06,7.536045939747758e-05,0.9980105001213766,0.9980112914017153,0.9980105001213766,0.9980112914017153,0.0,1.2959554822883353e-21
109,17,4.36263370513916,4.632986382747329,4.889571302357902,3.8552986872390136,3.867265037335265,8.16680278899035e-06,3.5136292931221215e-05,0.998047216069544,0.9979900190449162,0.9980472160695442,0.9979900190449161,1.6973805118961003e-21,2.818466574024802e-21
110,17,4.278177738189697,5.001643416508324,4.480435799676372,4.219155201926853,4.348326710915978,6.66508681350435e-05,-2.896063675433179e-07,0.9979728832406575,0.9979661173587212,0.9979728832406575,0.9979661173587212,1.3580055514194432e-20,2.6762174454197742e-21
111,17,4.609264850616455,4.472862430667527,3.951577513206503,4.7827199096574935,4.798247829721867,7.954908068476082e-06,-4.3162835075670944e-05,0.9978759694909364,0.9979541528325335,0.9978759694909364,0.9979541528325335,0.0,2.6018284541591253e-22
112,17,4.823181629180908,2.6953913322516807,3.4033315012197343,5.374529296014271,5.1576856933736135,-0.00017134212929067742,-7.825192963357401e-05,0.9979619598263552,0.9979694604989207,0.997961959826355,0.9979694604989207,-2.716040831541703e-20,-1.0420069983773613e-21
113,17,5.09850549697876,2.350681011125572,3.1127142128905536,5.499881484802624,5.368834650873814,-0.0001727155176912086,-7.362441833165468e-05,0.9980298921321776,0.9979987191621107,0.9980298921321777,0.9979987191621109,2.715855960409235e-20,7.518621086013762e-22
114,17,4.526220798492432,3.715156302313429,3.0840194036858786,5.328513680386163,5.461676244040791,3.1064614436064385e-05,-3.4707389936634026e-05,0.9980642060143221,0.9980214847782891,0.9980642060143221,0.9980214847782893,-6.789406470245826e-21,5.405018834097061e-22
115,17,4.786879539489746,3.6011931421220726,3.050064299318962,5.3929907735776865,5.519131231201902,8.309633600352659e-05,-3.825974814310644e-06,0.9980065235371728,0.9980314746224542,0.9980065235371729,0.9980314746224543,0.0,-5.690485388927081e-22
116,17,4.778491497039795,2.512070053052175,2.959644625702097,5.625985537556493,5.575067336684745,-8.017197745536906e-06,1.3628409649681593e-07,0.9980065755095642,0.9980386529341412,0.9980065755095642,0.9980386529341412,0.0,-1.8175216923144817e-21
117,17,4.624577045440674,2.4644195178009713,2.977826001186552,5.661818233213238,5.610256151859468,-5.951468495033696e-05,-5.0892239295537175e-06,0.9980857356036782,0.9980450591055767,0.9980857356036782,0.9980450591055767,-6.789260016761862e-21,-2.7536115556419123e-21
118,17,4.719329833984375,3.5429587294989013,3.11114177920484,5.634575367764845,5.617171539902326,-8.249603032723447e-06,-1.86162356814499e-06,0.9980530729954832,0.9980426525968719,0.9980530729954832,0.9980426525968719,-1.6973705510711527e-21,-2.589059330020129e-21
119,17,4.743741035461426,3.4650713165789306,3.177246529137267,5.590726740154982,5.613297080327329,1.4766443020102192e-05,6.251438417170727e-06,0.99803791813658,0.9980363181340287,0.9980379181365802,0.9980363181340287,-1.6973963250530227e-21,-1.7665014815529663e-21
120,17,4.178023815155029,3.096541892835243,3.129285159625357,5.5381541115241895,5.625093528054336,5.83250763930047e-05,9.163768323067949e-06,0.9979871614100192,0.998038576833524,0.9979871614100192,0.998038576833524,0.0,-7.681729465044562e-22
121,17,4.0842180252075195,2.810394314872173,3.060383697089433,5.668201409336907,5.66413384783134,-2.2734485407591488e-05,3.98545975021409e-06,0.9980446156459253,0.998058558409376,0.9980446156459253,0.998058558409376,0.0,1.0281334253914671e-22
122,17,5.011272430419922,2.9818516624575806,3.053034915373093,5.753344725690928,5.707113312840406,-3.200900765161295e-05,4.808931576682028e-06,0.9981489589947675,0.9980845391935854,0.9981489589947675,0.9980845391935854,0.0,8.332890295196711e-22
123,17,5.129667282104492,3.225975216916947,3.08385546758681,5.771417675908399,5.728060571830154,3.2298481218382174e-05,1.686996931718625e-05,0.998092748367194,0.9981001745372158,0.9980927483671939,0.9981001745372158,0.0,1.3704287501570964e-21
124,17,5.070079803466797,3.029936188847691,3.0926452410930483,5.780488612509645,5.7214583584971805,3.537411901732934e-05,3.1200607755295986e-05,0.9980996165873349,0.9981098202864083,0.9980996165873349,0.9981098202864083,6.789165595718342e-21,1.2385963418735911e-21
125,17,4.948637962341309,2.994909801278765,3.0569547135610473,5.746563997543983,5.706135326177917,2.9791645789905275e-05,4.1330985087132186e-05,0.9981119520604257,0.9981200246562894,0.9981119520604257,0.9981200246562894,0.0,-1.0253507803976592e-22
126,17,4.881381034851074,3.031667077315463,2.9392475362924193,5.627440352209308,5.7289572940698505,5.25400298470708e-05,4.257481033520593e-05,0.9981426563290126,0.9981323993847415,0.9981426563290126,0.9981323993847415,-6.788872848051871e-21,-1.3590848764138188e-21
127,17,5.0418009757995605,3.016788126183986,2.68274940661451,5.688381653963525,5.847235085064938,5.2484600718981395e-05,2.7410808753004782e-05,0.99814995759335,0.9981457165102516,0.99814995759335,0.9981457165102516,0.0,-1.1988105959949764e-21
128,17,5.312724590301514,2.1060558881981803,2.2874810502548564,6.133966073826817,6.07170875266583,-7.693695733400537e-06,-6.948946700959984e-06,0.9981342392538375,0.9981620631868051,0.9981342392538375,0.9981620631868051,0.0,-1.114821439285241e-22
129,17,4.915846824645996,1.8104358288717965,1.8634977240797117,6.403199108817994,6.3536016928531796,-4.5646265841310557e-05,-5.366052688704655e-05,0.9982032718901227,0.9981835479907198,0.9982032718901228,0.9981835479907198,0.0,1.3596688195445409e-21
130,17,4.914174556732178,1.6830668680213448,1.483326533393536,6.539784709565548,6.655921082159351,-7.415348153306565e-05,-0.00010322114279842869,0.9982283992027613,0.9982048737772601,0.9982283992027613,0.9982048737772601,1.357657943501966e-20,2.694044473926052e-21
131,17,5.783832550048828,0.9622750331741118,1.2028495354617619,7.061831571624898,6.954313168583102,-0.00016269420958408938,-0.00014075964811781082,0.9982069956569999,0.9982274624553218,0.9982069956569999,0.9982274624553217,-2.71537410878368e-20,3.86450506609318e-21
132,17,5.711566925048828,0.8714028513513296,1.1244926864076028,7.293020129541213,7.196370960429181,-0.000211817747945653,-0.000142159669509358,0.998213837280169,0.9982611719005007,0.998213837280169,0.9982611719005006,2.715355497975333e-20,6.045441881474014e-21
133,17,5.066750526428223,0.8597093958497553,1.2685230967867644,7.490575047190498,7.362658120075308,-0.0002040860789711483,-9.367949790529766e-05,0.998300015045408,0.9983073190991795,0.998300015045408,0.9983073190991794,2.715121096227243e-20,2.9364952493133657e-21
134,16,5.400960922241211,2.224927749638446,1.516001430220722,7.228022631186162,7.48571222821315,0.00012423174539692388,-1.607119628294355e-05,0.9984353693270687,0.9983492577727426,0.9984353693270687,0.9983492577727425,-2.714753017053676e-20,-5.211977503720242e-21
135,16,5.3754496574401855,2.283473739933863,1.6404978636163081,7.499733476260833,7.630279034881343,0.00012884851248979006,3.668579992558544e-05,0.9983615745412002,0.9983707561348624,0.9983615745412002,0.9983707561348623,-2.7149536804432616e-20,-9.67390323184941e-21
136,16,5.2664408683776855,1.308672499132008,1.6580160696790278,7.890073795167092,7.779437371346271,4.655489883711047e-05,5.3195647119868875e-05,0.998326357664542,0.9983817460570523,0.998326357664542,0.9983817460570522,0.0,-8.017492171764814e-21
137,16,5.007953643798828,1.0263290527296947,1.8190714666133743,8.012073643949513,7.862771453327285,-7.159502861340142e-06,6.228555182685678e-05,0.9984076344682139,0.9983916178747324,0.9984076344682139,0.9983916178747324,0.0,-4.5176712263887085e-21
138,16,5.032301902770996,1.9816423285714198,2.2468748179884708,7.908234279929621,7.847602622089358,3.099035128875159e-05,9.226070429295341e-05,0.9984374032991261,0.998392421314217,0.9984374032991261,0.998392421314217,0.0,-1.879495013282659e-21
139,16,5.018395900726318,3.35560209259499,2.751513532184081,7.719676498452525,7.764737658053465,0.00015566063442244642,0.00014278953097457447,0.9983718154966671,0.9983807556437952,0.998371815496667,0.9983807556437952,0.0,-5.053504421026988e-22
140,16,4.922486305236816,3.595595678298448,3.0396232977387005,7.589364400970546,7.673691726771532,0.00024003737786567087,0.00018857546457392622,0.9983357984526051,0.9983686913823385,0.9983357984526052,0.9983686913823385,0.0,2.4069043609375776e-22
141,16,5.443111896514893,2.945323427247237,3.0425139233301026,7.582685329704439,7.617017659100656,0.0002401515560580028,0.00020781934927465137,0.9983372557939838,0.9983663086911491,0.9983372557939838,0.998366308691149,0.0,1.2973425079694088e-21
142,16,5.265634059906006,2.6072459200154596,2.9196698265385472,7.597473857457666,7.602608074216811,0.00018308702383202939,0.00019956869484039687,0.9983808323074461,0.9983696360627768,0.998380832307446,0.9983696360627767,0.0,3.461377420865706e-21
143,16,5.320181846618652,2.7011699335862804,2.8207915118806905,7.606550007699165,7.61995368535622,0.0001673154905285705,0.00017613896393062082,0.9984015781504754,0.9983636030085863,0.9984015781504753,0.9983636030085862,0.0,6.815939551223729e-21
144,16,5.281170845031738,2.8037242490273497,2.7770447177348805,7.642673548566454,7.65306874145442,0.00016563714435566403,0.00014637357165866506,0.9983596463021834,0.9983375088878148,0.9983596463021835,0.9983375088878147,2.7149589241243683e-20,9.671113640101198e-21
145,16,5.476840972900391,2.84607443859042,2.7579231651976954,7.771179646209913,7.680393334652804,9.206016742135885e-05,0.00011649621441879858,0.9982741062951671,0.9982955833144102,0.9982741062951671,0.99829558331441,0.0,9.273699231109649e-21
146,16,5.233505725860596,2.666583893949215,2.7389117649415633,7.706692828223379,7.68313588124223,9.178184481700439e-05,9.63079771685807e-05,0.9982261811680483,0.9982505667505251,0.9982261811680482,0.9982505667505251,1.3576609601854634e-20,7.236383439605572e-21
147,16,5.177746772766113,2.6165910919613635,2.7197787125921953,7.6708243899635,7.672412793816939,6.465810320569039e-05,8.903815707214653e-05,0.9982273135322899,0.9982081876971997,0.9982273135322899,0.9982081876971998,0.0,4.153874954347943e-21
148,16,5.538660049438477,3.010443014365214,2.6753829151924946,7.621213171182408,7.674069840547088,0.00010647373222893663,9.251628447245652e-05,0.9981856984849681,0.9981661109073245,0.9981856984849681,0.9981661109073247,0.0,1.6044856888660827e-21
149,16,5.452446937561035,3.008460758933913,2.5674864029962694,7.65005554313769,7.711172957052839,0.00015197807333040025,9.734833439124488e-05,0.9980738129406219,0.9981278112332892,0.9980738129406219,0.9981278112332893,0.0,1.9864371739173075e-22
150,16,6.070231914520264,1.4433085673717505,2.4903560991058247,7.901074364018199,7.7850993002534885,3.4999189919168386e-05,0.00010090680812942643,0.9980903207221659,0.99810021406376,0.9980903207221659,0.9981002140637601,0.0,-3.1480836251678116e-22
151,16,5.819169998168945,2.40255586210416,2.6261698383649215,7.890562673134759,7.882338542912193,7.755980076451207e-05,0.00011408856439663371,0.9981064307391789,0.9980738569778635,0.9981064307391789,0.9980738569778637,0.0,-3.5323148182282087e-22
152,16,5.643346309661865,3.5204989454183173,2.8592970455916826,7.9312103772576545,8.020115684593588,0.00016994249932971326,0.00012945354178267013,0.9980931653440941,0.9980345066688388,0.9980931653440941,0.9980345066688388,0.0,-2.276736749314012e-22
153,16,5.284104347229004,3.6795031841244343,2.978016247133062,8.117310734105121,8.219975918411834,0.0002121795746280071,0.0001265065459991347,0.9979443264531667,0.9979818094560514,0.9979443264531666,0.9979818094560514,0.0,-9.880868992480096e-23
154,16,4.818741321563721,2.436601415280152,3.0169746990347712,8.556411491270309,8.467980924826717,7.892526004191223e-05,0.00010153184680559723,0.9978882675858786,0.9979332474998203,0.9978882675858785,0.9979332474998203,0.0,-2.0872129997780292e-23
155,16,4.887417793273926,2.356666247942391,3.2403025137962036,8.821364334843883,8.717516611650167,-2.053987499605855e-05,7.9765768163379e-05,0.997926124923674,0.9978949789803974,0.997926124923674,0.9978949789803974,0.0,3.4123074703314035e-24
156,16,5.462187767028809,4.203462519121143,3.6987462458636626,8.884086941342588,8.952240601844315,0.00010244816905105207,7.732273973699523e-05,0.9978726260539944,0.9978575572823004,0.9978726260539944,0.9978575572823004,0.0,-1.3932915920125023e-23
157,16,5.741848945617676,5.003422222928122,4.137776434842245,9.040214435548709,9.192691949980654,0.00016697530784634182,7.67592222954293e-05,0.9977863830449022,0.9978193848386431,0.9977863830449022,0.9978193848386431,0.0,-5.916027457296588e-23
158,16,5.629315376281738,4.005254410507726,4.456414184477443,9.58232478633007,9.434617830686687,2.8563476051461354e-05,6.720726936819936e-05,0.997779824712351,0.9977837091817718,0.997779824712351,0.9977837091817718,0.0,-1.0978911738842795e-22
159,16,5.595588207244873,4.064790495089063,4.827004349652224,9.691050564214255,9.632616086015588,-4.442469701919502e-06,6.475571171336566e-05,0.9977733281814776,0.9977444342085876,0.9977733281814776,0.9977444342085875,-8.489232206658463e-22,-1.1527920710268925e-22
160,16,5.349941730499268,5.930261951487274,5.287786829451927,9.767775578702755,9.78032921162043,9.505240666496913e-05,7.494567464831095e-05,0.9977069865009845,0.9976939574173133,0.9977069865009845,0.9976939574173133,0.0,-4.374200851260628e-23
161,16,5.203439712524414,6.424029678458807,5.653737721500457,9.751011667426349,9.900324522498392,0.00014758399016641993,8.016036885339712e-05,0.9976142070483486,0.9976344987481378,0.9976142070483486,0.9976344987481379,0.0,-8.172903628849348e-23
162,16,4.966876983642578,5.380322648013402,5.949087603141131,10.032349869107078,10.003570836488228,7.248621384301575e-05,6.929586153696332e-05,0.9975294462524283,0.9975730824057828,0.9975294462524283,0.9975730824057829,0.0,-4.527221378799099e-22
163,16,5.036144733428955,5.285228380383326,6.453178963330293,10.14478429170736,10.05380032230261,-2.019753396738292e-05,5.508528252747007e-05,0.99756251407868,0.9975075392292837,0.99756251407868,0.9975075392292838,0.0,-1.312393440995877e-21
164,16,6.344194412231445,7.715959652667289,7.222127713150742,10.102252342484444,10.01969419892457,3.591985046646676e-05,5.05878195815355e-05,0.9974693619606559,0.9974240662247775,0.9974693619606559,0.9974240662247776,-6.793455354573271e-21,-2.5505134322241374e-21
165,16,5.786036014556885,9.02785010626792,7.914762514699764,9.739138027080175,9.908503402315851,0.00015909248779122386,4.3147080838855316e-05,0.9973236277188012,0.9973267480474414,0.9973236277188013,0.9973267480474415,0.0,-3.897555687265305e-21
166,16,5.887538909912109,8.31049957964216,8.324796878319296,9.856414320162784,9.74623905344825,-1.1666213139325696e-06,1.8517497932163813e-05,0.9971538168800606,0.9972373176996128,0.9971538168800606,0.9972373176996128,2.1236265983129238e-22,-5.924285789528219e-21
167,16,5.827915191650391,7.61464744482501,8.625171452638657,9.801981569999953,9.521093278481338,-0.00015489620971704274,-4.305902233369877e-06,0.9971485441557625,0.9971734861637286,0.9971485441557625,0.9971734861637286,-2.718256419366901e-20,-7.839685972831024e-21
168,16,5.819397449493408,9.038631370570402,8.992656850586656,9.043537651375072,9.263538753257896,3.994037357216385e-05,-1.4990776020898556e-05,0.9971870058920858,0.9971252288813832,0.9971870058920858,0.9971252288813831,0.0,-8.160912141177871e-21
169,16,5.727086067199707,9.938572374130455,9.295353071133007,8.82474103015138,9.082017419845686,6.79944765105912e-05,-4.684413480927576e-05,0.997101428015731,0.9970732070153385,0.997101428015731,0.9970732070153385,0.0,-1.0261855922619587e-20
170,16,5.68991756439209,9.786952201597808,9.387694119705118,8.858173057202901,9.018828822268365,-1.8486962647966476e-05,-0.0001189215536040294,0.9970247416591527,0.9970173873117315,0.9970247416591527,0.9970173873117314,-3.398242438175605e-21,-1.5693917543983186e-20
171,17,5.727940559387207,8.734218542230185,9.358553978647763,9.345827155529848,9.006896391389008,-0.00035634064053100364,-0.00020255221403385303,0.9969140933540973,0.9969718337986303,0.9969140933540973,0.9969718337986302,-5.437791378982958e-20,-2.1234471059324388e-20
172,17,5.677081108093262,8.775042922505131,9.41966973522974,9.081865608226947,8.937061130159401,-0.00035510158111824643,-0.0002415363494229261,0.9969636374248334,0.9969503302146349,0.9969636374248334,0.9969503302146348,0.0,-2.1766609635581133e-20
173,17,5.53539514541626,10.250659017444175,9.554430213752559,8.658077241254288,8.811495846913962,-0.0001560404761982562,-0.00023201143886048258,0.9969534742196724,0.9969492815679531,0.9969534742196725,0.996949281567953,-2.7187882898299805e-20,-2.0349059412609085e-20
174,17,5.571082592010498,10.049779426388406,9.539460694480624,8.565211866711383,8.695460743291983,-0.0001342489974296626,-0.00021407234346709954,0.9969649358895751,0.9969650923057993,0.9969649358895751,0.9969650923057993,-2.718757033109918e-20,-1.6133461179741197e-20
175,17,5.429661273956299,8.760769714115655,9.374381730442252,8.669827838816374,8.603817162325923,-0.00025574453059921747,-0.00020504395170524632,0.9969946675668384,0.9969966640670954,0.9969946675668385,0.9969966640670955,0.0,-9.688169741144674e-21
176,17,5.417742729187012,8.742188274409665,9.236022591411114,8.59306619673977,8.500558528792798,-0.00022275788057849418,-0.0001934597553607688,0.9970255252756369,0.9970430288577605,0.9970255252756368,0.9970430288577605,0.0,-5.033662954335902e-21
177,17,5.351202487945557,9.71804717627838,9.094054942444176,8.302158703358268,8.369000515919652,-0.0001593590658152371,-0.00018084369265358217,0.9971492800834991,0.9971010442943568,0.9971492800834991,0.9971010442943568,0.0,-3.4047536399948316e-21
178,17,5.601128101348877,9.449665123284468,8.751859463490208,8.140252733934627,8.223733979890044,-8.844260822055545e-05,-0.00018112241692290644,0.9971313687282063,0.9971655763957639,0.9971313687282063,0.9971655763957639,-1.359151620448408e-20,-3.21701501648683e-21
179,17,4.99910831451416,7.5283014332759475,8.242143546211075,8.165771060083697,8.057415388928389,-0.00025662691702098045,-0.00019564149680182817,0.9972518655361263,0.997243617265553,0.9972518655361263,0.997243617265553,0.0,-2.1624649561090394e-21
180,17,4.725708961486816,7.431060140633801,7.8208078135641905,7.970144564492439,7.838690020616443,-0.00025832744698056994,-0.00019835955497416537,0.9972991234455936,0.9973355861692518,0.9972991234455936,0.9973355861692517,0.0,-9.142430806518936e-22
181,17,5.054447174072266,7.787890007199918,7.514956147751405,7.428520311556335,7.579347359926097,-0.00015509138589288231,-0.00018243686557534408,0.9974957123873381,0.9974386574054,0.997495712387338,0.9974386574053999,0.0,-1.657107391540124e-22
182,17,4.979693412780762,7.771240990861957,7.171610565812135,7.278358329483285,7.335086308110948,-0.00012001767379698541,-0.00016571976105825327,0.9975199598274492,0.9975425376312309,0.9975199598274492,0.9975425376312308,0.0,-7.409435633032657e-23
183,17,5.044670581817627,6.341152527883751,6.751240483599009,7.152384492858786,7.115576065451702,-0.000171450084910773,-0.00015785100648304224,0.9976404124731179,0.9976516563426979,0.9976404124731179,0.9976516563426979,0.0,-6.492025173408888e-22
184,17,5.010244846343994,6.079258427909581,6.414108054838937,7.011510286650365,6.90044582988638,-0.00018338028586876548,-0.00015112178724224111,0.997734407544031,0.9977664831990353,0.9977344075440309,0.9977664831990353,0.0,-1.803138433152442e-21
185,17,5.244267463684082,6.148048967267198,6.199943004729743,6.5682924689883135,6.687021497687787,-0.00013487645880343082,-0.00014140305704045525,0.9979393475407483,0.9978787202517637,0.9979393475407484,0.9978787202517637,0.0,-3.0546806588648685e-21
186,17,5.429904460906982,6.3217118511008685,5.9900363703838755,6.425033170096604,6.504756151940752,-0.00011348521914095148,-0.00013656165934540862,0.9979925956214822,0.9979730069861986,0.9979925956214822,0.9979730069861986,-1.3579787280515052e-20,-2.9671419849601416e-21
187,17,5.326855659484863,6.141237634375729,5.646401713069154,6.353350840481156,6.345203949498105,-0.00010377586738476933,-0.00014310063137224115,0.998021757424433,0.9980537158760693,0.998021757424433,0.9980537158760693,0.0,2.087495892806878e-22
188,17,5.480780124664307,5.067612096039876,5.181308788102797,6.225425565185366,6.1633655555048055,-0.0001634247143990936,-0.00015577654739552766,0.9981147134311135,0.9981343494708866,0.9981147134311135,0.9981343494708866,0.0,4.870943464158217e-21
189,17,4.787581443786621,4.123689417449357,4.794823383104259,6.081925194650943,5.915508043838967,-0.00023043138521614676,-0.00015458283279042847,0.9982132223448664,0.9982174809577233,0.9982132223448664,0.9982174809577233,2.715357170732132e-20,8.035991241794024e-21
190,17,4.749546527862549,4.427233556864829,4.630601722710371,5.595846626730346,5.594502101458791,-0.0001569488847972761,-0.00012555304286626567,0.9983300838355563,0.9982959428891703,0.9983300838355563,0.9982959428891703,0.0,6.779153390949604e-21
191,17,4.676141738891602,4.890492281451617,4.562851728972401,5.092253216274488,5.258456553467975,-1.8407542465351408e-05,-8.549341822057052e-05,0.9983843427361838,0.9983624618945524,0.9983843427361838,0.9983624618945524,3.393614707269595e-21,4.031973208421204e-21
192,17,5.110561370849609,4.717686021763731,4.361752754279133,4.8761091289747185,4.965823131067657,-1.893589264878284e-05,-6.327190444294842e-05,0.9983789176471773,0.998423701380631,0.9983789176471773,0.998423701380631,0.0,1.9394112359739725e-21
193,17,4.8286309242248535,3.676781076765312,3.9293505576057735,4.818226900112186,4.706894037948439,-0.00011091261071294205,-6.232158628912353e-05,0.9985099690478114,0.9984934586878775,0.9985099690478113,0.9984934586878776,0.0,1.6329418064414063e-21
194,17,4.602646350860596,3.5553952468193266,3.299072950140603,4.4375220806028794,4.4355140465208205,-6.689804689994085e-05,-6.885602725891239e-05,0.9985832862710817,0.9985733707908132,0.9985832862710816,0.9985733707908132,0.0,3.362819413837619e-21
195,17,4.690036296844482,3.121351275771073,2.4683525244895037,4.008539036304218,4.137788298836486,4.095565216046142e-06,-8.245718066927734e-05,0.9986573237428952,0.9986679930775245,0.9986573237428952,0.9986679930775245,8.481717673482656e-22,6.316815181655322e-21
196,17,4.76224946975708,0.839575295467212,1.565192520946624,3.9825339430799143,3.798796408362187,-0.00015503643333922304,-9.84838226580663e-05,0.9987251195653455,0.9987860239800379,0.9987251195653455,0.9987860239800379,2.7139654126186374e-20,7.807809011910548e-21
197,17,4.874906539916992,-0.023643763054192284,0.9128330334629815,3.6692042162630303,3.373422392703981,-0.00022103692530149136,-8.577570543647497e-05,0.9989593714323605,0.9989277022596728,0.9989593714323605,0.9989277022596728,0.0,4.5975675044383114e-21
198,17,4.3678131103515625,1.0963556171994064,0.5485304311071761,2.625022170952058,2.897476327137389,2.1257096312583248e-05,-3.777861081320058e-05,0.9991283632922231,0.9990731539595561,0.9991283632922232,0.9990731539595562,0.0,-4.856458207548724e-22
199,17,4.519269943237305,1.0436492383755052,0.16128841787038495,2.345093902015143,2.503343725542804,0.00010500586389314866,4.2294429067740036e-06,0.9991745778275938,0.9992134890777855,0.9991745778275938,0.9992134890777855,-1.3563722953735195e-20,-4.46532136210483e-21
200,17,5.289389133453369,-0.8612643816535701,-0.35653861200236264,2.2330095899586677,2.233022763003511,1.2344940698393307e-05,1.8345953736608143e-05,0.9993342630729252,0.9993597513634378,0.9993342630729252,0.9993597513634378,1.6951944480512408e-21,-5.433148160858594e-21
201,17,5.0085601806640625,-1.546899836954765,-0.7786465470448742,2.164708277865399,2.044518714059865,-6.330380351679582e-05,2.4910513451583764e-05,0.9995468490761882,0.9995116002580738,0.9995468490761882,0.9995116002580737,-1.3558671280485217e-20,-4.184149484279955e-21
202,17,4.889398097991943,-0.7228313801123687,-1.038186860577817,1.9150717637767003,1.891806648979274,3.471914052467772e-05,4.373789070451921e-05,0.9996888461829636,0.9996594576002903,0.9996888461829636,0.9996594576002902,0.0,-7.32294963831551e-22
203,17,4.74240779876709,-0.7782482476957642,-1.3542258416884836,1.730787780315416,1.7732818846012284,0.00011418019788950203,6.22421102120932e-05,0.9997821291457903,0.9998065959004679,0.9997821291457902,0.9998065959004678,1.3555480500184605e-20,2.282318682462674e-21
204,17,4.58452844619751,-1.8609670089076336,-1.849087069451339,1.6999685136463092,1.7023779931432244,8.669963663756709e-05,6.154548203755524e-05,0.9999074500859741,0.9999676545815257,0.9999074500859741,0.9999676545815256,0.0,2.6733106948409024e-21
205,17,4.684185028076172,-2.9604844180545378,-2.4099292912853354,1.6994557337354368,1.679022536079611,-8.041152518841028e-07,4.304540318018454e-05,1.0001820349933128,1.0001455250630562,1.000182034993313,1.0001455250630562,0.0,2.1484325884069525e-21
206,17,4.524036407470703,-2.779907725643706,-2.9262554469823296,1.610903334282493,1.7002760088078237,4.4327694488764976e-05,1.807922839424594e-05,1.0003606449647664,1.0003221105501274,1.0003606449647666,1.0003221105501274,0.0,2.2576659350539124e-21
207,17,4.839606761932373,-3.135980617609123,-3.4752488791918212,1.7617840761192667,1.762155392056184,2.2601572436268205e-07,-1.3222142298727326e-05,1.0004637545964916,1.0004906165626455,1.0004637545964916,1.0004906165626455,-2.6457509809910819e-23,3.316498289583267e-21
208,17,5.2952446937561035,-4.1602134689726755,-4.099719253600115,1.9171353716439008,1.8295056657637285,-6.787303281190394e-05,-4.3817668342374225e-05,1.000657620379649,1.0006593880010648,1.0006576203796491,1.0006593880010646,1.3543620595151199e-20,4.312470839464719e-21
209,17,5.190560340881348,-4.921370662109314,-4.712684488477114,1.89921313812952,1.8663062594034387,-0.0001017377325138134,-6.149191046785944e-05,1.0008481889999772,1.000830556997055,1.0008481889999772,1.0008305569970548,0.0,3.619603600337041e-21
210,17,5.182695388793945,-5.164107150551942,-5.2356222546579945,1.824660783945617,1.869418174239462,-2.0020479807443632e-05,-6.456428387663823e-05,1.000988864180523,1.001004771781762,1.000988864180523,1.001004771781762,3.3847846966718804e-21,2.1663370906228736e-21
211,17,5.141372203826904,-5.758710422214912,-5.661292979682521,1.854171712693892,1.850739100975557,-7.577905359465617e-05,-6.349877914614056e-05,1.0011973270686914,1.0011872582993917,1.0011973270686914,1.001187258299392,0.0,5.246071258073911e-22
212,17,4.995388031005859,-6.006005114879899,-5.984213442727079,1.8345812776901753,1.809799306246738,-7.207924420463176e-05,-5.787133036938441e-05,1.0013754951870653,1.0013801308282746,1.0013754951870653,1.0013801308282746,0.0,-6.703664813811458e-22
213,17,4.7407684326171875,-6.211284732819456,-6.228525569754515,1.7045931934231675,1.7456303132310638,-3.2425354033588967e-05,-4.8924019070320865e-05,1.0015504450449413,1.0015872200592024,1.0015504450449413,1.0015872200592024,-6.7657736178534074e-21,-8.012035647457309e-22
214,17,5.049814224243164,-6.5735580673607465,-6.432976428552285,1.7570887608079058,1.6625967081087882,-5.6530921268886064e-05,-4.248876935706787e-05,1.001777949149352,1.0018082740798686,1.0017779491493521,1.0018082740798686,6.764237108421468e-21,4.0134132323592167e-22
215,17,5.324350357055664,-6.487182694507053,-6.644338714987982,1.5100764044179589,1.5607067895059303,-6.330133101399361e-05,-4.091911650514862e-05,1.0021268198243738,1.0020266784622216,1.0021268198243738,1.0020266784622216,0.0,1.667997866806877e-21
216,17,5.41775369644165,-6.31283779944705,-6.943725607758634,1.375166047127876,1.4650948267546995,3.020599656764918e-05,-5.1920971688567774e-05,1.002171622548979,1.0022204184834416,1.002171622548979,1.0022204184834416,0.0,3.2811089940749717e-21
217,17,5.637571334838867,-7.78834226274326,-7.317298466787142,1.3547876762837607,1.3842340688975794,-8.089857966535369e-05,-8.512506940479762e-05,1.0023951149956445,1.0023949457945476,1.0023951149956447,1.0023949457945478,0.0,5.232284008644647e-21
218,17,5.625835418701172,-8.060594905651515,-7.562900101310439,1.36732448769436,1.2893066307459662,-0.00017698584120450273,-0.00012386121105686395,1.002573365153238,1.0025477371268305,1.0025733651532382,1.0025477371268303,2.7035482144485996e-20,5.8220925637529e-21
219,17,5.594658851623535,-7.382126650347206,-7.622988493815955,1.2474482231010948,1.1405664079823041,-0.0001922972025896758,-0.00014750984283076247,1.0026941586344689,1.0026743201483979,1.0026941586344689,1.0026743201483976,0.0,3.098281212829719e-21
220,17,5.180485725402832,-7.129472183270714,-7.624820121967823,0.893771123714074,0.9307210723941147,-8.91774455598376e-05,-0.0001565293593809457,1.0027529364739456,1.0027804268871143,1.0027529364739456,1.002780426887114,-1.3515320337753945e-20,1.4788777231588727e-21
221,17,5.410911560058594,-7.779996146984839,-7.613715443509861,0.6220816275440947,0.6914609633698994,-0.00016921832509796375,-0.00016491809901686457,1.0028741372880863,1.002878164507268,1.0028741372880863,1.0028781645072677,0.0,4.813562834965973e-21
222,17,5.238540172576904,-7.685819816581729,-7.457244081599004,0.39626361347152605,0.4446987055383808,-0.0001601775115000106,-0.00016742481631916832,1.002922096894407,1.0029714225454978,1.002922096894407,1.0029714225454975,0.0,1.108576645860168e-20
223,17,5.37125825881958,-7.747495265014741,-7.056195541425473,0.3384923702423469,0.18141412148351765,-0.0002608116989545757,-0.00015379491814845991,1.0031227406382228,1.0030560874382481,1.0031227406382228,1.003056087438248,5.4041351499802305e-20,1.4389165300348463e-20
224,17,5.0966596603393555,-5.938382117482114,-6.463188410578621,-0.13131565982624432,-0.1166260453395838,-7.436725083181264e-05,-0.0001207549162177687,1.0031253232864508,1.0031163696901984,1.0031253232864508,1.0031163696901981,0.0,7.963141045208072e-21
225,17,4.812479019165039,-5.280509931173803,-5.940238181844028,-0.49779808821482585,-0.41959527437178423,-1.771945265389298e-05,-9.681632097322565e-05,1.0031205352111923,1.0031557189928466,1.0031205352111923,1.0031557189928464,0.0,-3.094260744239033e-21
226,17,4.939512252807617,-5.9358448237359225,-5.565643674704769,-0.6582274674926433,-0.696438778222415,-0.0001307082394594252,-9.629753835501618e-05,1.0031752855641058,1.0031832338250948,1.0031752855641056,1.0031832338250946,-2.7019260444495394e-20,-1.2812493760648136e-20
227,17,5.196866989135742,-5.846060973726413,-5.167852106071852,-0.93900655612772,-0.9420700489366742,-0.0001421872429324543,-0.00010412154034049063,1.0032548960928407,1.003195460033396,1.0032548960928405,1.0031954600333959,-2.70171164055095e-20,-1.6065555559920116e-20
228,17,4.806726932525635,-4.25504376678677,-4.706098896173165,-1.204070261096161,-1.1446038211320584,-7.44129036614453e-05,-0.00011361146846064,1.003176105926682,1.0031881114244101,1.003176105926682,1.0031881114244101,0.0,-1.3436144963786545e-20
229,17,4.601078033447266,-4.131339237324791,-4.366745652736878,-1.3261919893216707,-1.2930459489157589,-0.00010675183938642738,-0.00013080050315436383,1.003136948788359,1.0031756965900223,1.0031369487883592,1.0031756965900223,-1.3510146518317613e-20,-9.351678067441564e-21
230,17,4.548080921173096,-4.470939444802962,-4.211284450668106,-1.2485853702205594,-1.4005321327738476,-0.00021399864004380294,-0.00014873455118924496,1.0031413894031762,1.003170007102425,1.0031413894031762,1.003170007102425,0.0,-4.742472022636981e-21
231,17,4.806354522705078,-4.138913792941619,-4.198360361415642,-1.5729288276175084,-1.4836915524647785,-0.00015084691037680947,-0.00015413764780539677,1.0032381491237994,1.0031649240773857,1.0032381491237994,1.0031649240773857,0.0,-4.1936569492028564e-22
232,17,4.565604209899902,-3.973927792730173,-4.3553517049664645,-1.5761281034125456,-1.5142385376987884,-0.00012341700273217805,-0.00015527319094508336,1.0031183200472853,1.003146814327897,1.0031183200472855,1.003146814327897,0.0,4.210263160776971e-21
233,17,4.561566352844238,-4.557217179860521,-4.677132510961578,-1.5394374003540305,-1.4876380939529357,-0.0001228052491725747,-0.00016230379638972587,1.0030782183896951,1.0031230918435936,1.0030782183896951,1.0031230918435936,0.0,9.939339791864407e-21
234,17,4.542017459869385,-5.628740797525229,-5.001969350967473,-1.3992473284608429,-1.4348873498690076,-0.00020744267972748966,-0.00016975150973561114,1.0031145848080536,1.0030931427570002,1.0031145848080536,1.0030931427570005,2.7020895441694902e-20,1.5136424066501245e-20
235,17,4.462315082550049,-5.648096422430653,-5.146706913116929,-1.3372769966627072,-1.4084418699317056,-0.00022704298231225083,-0.0001581541466873428,1.0031050744945975,1.0030392038710192,1.0031050744945975,1.0030392038710194,2.7021151623417087e-20,1.5222071287909848e-20
236,17,4.478015899658203,-4.716535416513283,-5.194710262845564,-1.3763167854282026,-1.4457773780933223,-0.00011284581098601533,-0.00012470506244466412,1.0029306729930256,1.0029534046234703,1.0029306729930256,1.0029534046234705,0.0,1.0178381329851832e-20
237,17,4.600368499755859,-4.684278295836465,-5.42899686626508,-1.5588003716934302,-1.5482115284254092,-1.588788843808317e-05,-9.455941666190222e-05,1.0028722967916146,1.0028522099856205,1.0028722967916146,1.0028522099856207,3.3784279412807596e-21,4.521461425997602e-21
238,17,4.416316986083984,-5.752875694333902,-5.933581069704667,-1.722823805863662,-1.6856624641664595,-6.284521030785349e-05,-8.766439508753289e-05,1.0026587710834876,1.0027516114129542,1.0026587710834878,1.0027516114129542,0.0,-1.647594789083175e-23
239,17,4.582427501678467,-7.271377186526718,-6.458397116345895,-1.803674985490497,-1.8289548669078899,-0.0001598531489420657,-9.172469397821726e-05,1.0026766553226643,1.0026641922180823,1.0026766553226643,1.0026641922180823,0.0,-3.0642416825642546e-21
240,17,3.9269490242004395,-6.973615838998704,-6.692332771173273,-2.028816154431184,-1.9614304056338843,-9.301221206131902e-05,-8.422881062786341e-05,1.0026143984654319,1.002570875878495,1.0026143984654317,1.002570875878495,-1.3517187840920551e-20,-4.0680077948152695e-21
241,17,3.6304783821105957,-6.44023360084477,-6.633428519664286,-2.129863226654599,-2.0672265819546354,-3.379342307822655e-05,-6.621952907358741e-05,1.0024676779036388,1.0024527682284048,1.0024676779036388,1.0024527682284048,0.0,-2.2743126294200435e-21
242,17,3.741717576980591,-6.260456453921361,-6.445121051244771,-2.0850833042651438,-2.1609357951128763,-5.323884805286308e-05,-4.5155238812548665e-05,1.002322719286378,1.0023107014861348,1.002322719286378,1.002310701486135,6.760560693325287e-21,-1.2512453226299885e-22
243,17,4.234211444854736,-6.150448825204737,-6.221745065944181,-2.216321226506153,-2.2815325973212297,-2.334372831969736e-05,-1.703581776788483e-05,1.0021098048088726,1.0021570147088599,1.0021098048088728,1.0021570147088599,-3.380998542034425e-21,6.203522128133503e-22
244,17,4.1830010414123535,-6.15280758165171,-5.957429896402142,-2.353596636214891,-2.437790167151018,-1.4408054387285448e-05,2.158771124351447e-05,1.0019494903611343,1.0020058783305794,1.0019494903611343,1.0020058783305794,1.6907697551680032e-21,8.076052802015228e-22
245,17,3.8091278076171875,-6.050618240189251,-5.619399900015472,-2.6253997649091563,-2.5980702702045537,3.4714064341376804e-05,6.752056047480581e-05,1.0019548329350476,1.0018493368830355,1.0019548329350476,1.0018493368830355,0.0,5.3441688022290315e-22
246,17,4.280681610107422,-4.689417212946776,-5.285566847158848,-2.8640612819338,-2.695087293612172,0.00016818368691419084,9.995916056401821e-05,1.0016984246463916,1.0016638825739965,1.0016984246463918,1.0016638825739965,0.0,-1.9727547038975063e-22
247,17,4.878397464752197,-4.4129856585639,-5.167405152920829,-2.8064806023524986,-2.6803488458083535,0.00019496113137371427,8.808316979243776e-05,1.0013753532647711,1.0014657911653226,1.0013753532647713,1.0014657911653229,0.0,-1.4947959326594475e-21
248,17,4.55960750579834,-5.671314849678083,-5.226425259496417,-2.50834436754773,-2.583242217870148,4.7585405831630045e-06,3.315313627685194e-05,1.0012526886525235,1.0012868149675453,1.0012526886525235,1.0012868149675456,0.0,-3.310606644088148e-21
249,17,4.438339710235596,-5.64923957877393,-5.139563060246525,-2.323395662327074,-2.487239164825867,-0.00010615832347708374,-2.1604614850152398e-05,1.0011327638953227,1.0011265730240884,1.0011327638953227,1.0011265730240886,-1.3537192712919585e-20,-4.7407983885766844e-21
250,17,4.8936028480529785,-5.167172210747886,-4.727591768336226,-2.348926185345405,-2.444253945849056,-0.00011614380783345283,-4.1749264306637906e-05,1.0010116360118166,1.0009646403904358,1.0010116360118169,1.000964640390436,0.0,-4.348993966235956e-21
251,17,4.792300224304199,-3.8308348357361988,-4.081118922604399,-2.570398429248801,-2.4298183142582266,2.04922157099932e-05,-3.35588453338581e-05,1.0008355677128835,1.0007839434672423,1.0008355677128835,1.0007839434672425,0.0,-3.2822535309308243e-21
252,17,4.594717502593994,-2.8849269129067387,-3.4722701983090873,-2.4861924414200396,-2.3828973366217197,3.228717094153438e-05,-3.282148386712903e-05,1.0006107332234717,1.0005893669175199,1.0006107332234717,1.0005893669175199,-6.772127614706511e-21,-1.6621758676257972e-21
253,17,4.197594165802002,-2.585788476949631,-3.068461490035049,-2.244602917113462,-2.293997568618071,9.565754308547838e-07,-5.654184472517228e-05,1.0002536916567506,1.0004105065937035,1.0002536916567506,1.0004105065937032,0.0,1.4890881199798715e-21
254,17,4.364888668060303,-3.7258600695776485,-2.7532330690289855,-2.0890008095659436,-2.199426927579989,-0.00016969142270653644,-8.750998699331406e-05,1.0002775091463711,1.0002744787876485,1.000277509146371,1.0002744787876485,0.0,5.429035474610647e-21
255,17,4.840249538421631,-2.8317207579782235,-2.263366936389655,-2.0477136419096498,-2.1157639887829665,-0.00019115271610974308,-8.832032399260517e-05,1.0002946917561586,1.0001508219852997,1.0002946917561584,1.0001508219852997,2.709706902927863e-20,7.869675249469219e-21
256,17,4.160458087921143,-1.0620070028023882,-1.7052936233590539,-2.0463777848729863,-2.0073675879211144,-1.0571921369120106e-05,-5.6112136238298516e-05,0.9999638134850429,1.0000081333407567,0.9999638134850429,1.0000081333407567,1.694127199067829e-21,6.06566227586149e-21
257,17,4.2556352615356445,-0.9313770101769058,-1.4185473474506853,-2.031606121194444,-1.8076129268421508,2.358134011143682e-05,-2.818748588206926e-05,0.9998893866705896,0.9998625599865331,0.9998893866705896,0.9998625599865331,0.0,3.2279218743901673e-21
258,17,4.350412368774414,-1.369356348990478,-1.501018525566027,-1.5248959089441676,-1.4799582318137756,1.3869430127907162e-05,-2.8706188303766466e-05,0.9996810313707429,0.9997286985824603,0.9996810313707429,0.9997286985824602,-1.694606420795772e-21,2.30835886774983e-21
259,17,4.782573699951172,-2.0625133573057584,-1.7919033893089713,-0.9693207128967173,-1.0807605126425512,-8.338784975613828e-05,-5.383823802673292e-05,0.9996398076727949,0.9996226002692988,0.9996398076727949,0.9996226002692987,0.0,4.240373511417024e-21
260,17,4.577045440673828,-1.8903107438671818,-2.059111409047221,-0.669853348390057,-0.694462616064714,-4.521642977062128e-05,-8.151281447968992e-05,0.9994849876006007,0.9995465034403347,0.9994849876006008,0.9995465034403346,6.779755236045859e-21,7.766096504284877e-21
261,17,4.520066261291504,-2.6768753545222452,-2.1401113144402717,-0.2513468968239429,-0.3673484789895818,-0.00018127013957325335,-9.296649841641284e-05,0.9995065071963452,0.9994987168902291,0.999506507196345,0.9994987168902291,2.7118437065675894e-20,9.634626860005927e-21
262,17,4.516607761383057,-2.3330084723977604,-1.8842933451789632,-0.056222092159845666,-0.11592321835097222,-0.00010091253765949426,-6.691825102968079e-05,0.9994993832063828,0.9994572246045054,0.9994993832063828,0.9994572246045054,0.0,7.465506953207627e-21
263,17,4.737293243408203,-1.1776007907262491,-1.3652391764276992,0.028147394256633623,0.09392510775843926,1.4902292895521012e-05,-1.4507740269526534e-05,0.9994469587332705,0.9994011335536572,0.9994469587332705,0.9994011335536572,1.695003301281452e-21,4.555516230592144e-21
264,17,4.693368434906006,-0.6990913516635794,-0.8549118870015072,0.3155986838515034,0.32313035303521953,5.2698577335557524e-05,3.5071040956554476e-05,0.9992981180405478,0.999329988296431,0.9992981180405479,0.9993299882964312,0.0,2.7989933145020555e-21
265,17,4.315298080444336,-0.5326650568076837,-0.5847276675738478,0.576454447164144,0.6136728233762184,4.472424983839665e-05,6.17186344195286e-05,0.9992845790827154,0.9992609037535408,0.9992845790827154,0.9992609037535409,6.781114929497477e-21,2.1123189178342436e-21
266,17,4.556686878204346,-0.10180504272322378,-0.7076526257517449,0.8555530810238449,0.995344512403307,0.0001244423168987987,5.2793594812748434e-05,0.9992142845876264,0.999205795499896,0.9992142845876264,0.999205795499896,0.0,1.576889528880173e-21
267,17,5.0096025466918945,-0.8884110229862906,-1.2871438845673273,1.3594299600588555,1.4703633125817421,6.744236857521051e-05,-2.5595570400894975e-06,0.9991124286270086,0.9991833913001659,0.9991124286270086,0.9991833913001659,0.0,1.6348304963429634e-21
268,17,5.331945896148682,-2.5628688727331,-2.123678462476106,2.174123878790342,1.976225162185184,-0.00016391450471994997,-8.426514885323943e-05,0.9991482552159251,0.9992115237245378,0.9991482552159251,0.9992115237245377,0.0,2.443947413843395e-21
269,17,5.098447799682617,-3.370185746751815,-2.859059499401687,2.4940798989239004,2.415398964158683,-0.0002033514234265061,-0.00014780186011455982,0.9993661161407403,0.9992783966016361,0.9993661161407402,0.999278396601636,0.0,3.232073911846148e-21
270,17,4.8059468269348145,-3.213775427073541,-3.294793267743815,2.7021478329525053,2.755124991275524,-0.00015694074407384808,-0.00017457019211383957,0.9993320819314211,0.9993519915407972,0.9993320819314211,0.9993519915407972,2.7123170367703344e-20,1.96504868165888e-21
271,17,4.881187915802002,-3.5765295770724617,-3.4412390012709673,3.0781095651390045,3.0022941545747077,-0.00020937556428638978,-0.0001706050042014941,0.9994477355262539,0.9994237423735322,0.999447735526254,0.9994237423735323,-2.712003174219569e-20,-2.4702721436195e-21
272,17,5.204422950744629,-3.24495797671056,-3.336362323204801,3.1371770318192915,3.158400012486658,-0.00011405150572390374,-0.00014391745241731525,0.9994384842761986,0.9994877326856837,0.9994384842761986,0.9994877326856838,0.0,-4.630217933570263e-21
273,17,5.125028610229492,-3.1364765627629074,-3.0511957261552145,3.224039366544302,3.245380856540911,-8.598214868285939e-05,-0.00011217895635492176,0.9996053087145693,0.9995405551218332,0.9996053087145693,0.9995405551218333,0.0,-5.202172188012075e-21
274,17,5.142500400543213,-2.7645292200448246,-2.6446411793757867,3.3318395126918516,3.282732344195839,-9.825763218802349e-05,-8.390224523374539e-05,0.9995683137700078,0.9995695450700899,0.9995683137700078,0.99956954507009,-1.3558380122068504e-20,-5.0160054642301306e-21
275,17,4.887213230133057,-2.1423614218159166,-2.20784678831117,3.3135097663763857,3.284948242737833,-8.558363206484841e-05,-5.713530756751995e-05,0.9995727084591981,0.9995802396572061,0.9995727084591981,0.9995802396572062,0.0,-3.4311087580248145e-21
276,17,4.878932952880859,-1.5870767851025755,-1.8752728164845782,3.203055393197344,3.284295226823648,1.6979688962453612e-06,-3.51735802545993e-05,0.9995679882200668,0.9995827186142282,0.9995679882200669,0.9995827186142282,0.0,-2.0202930491491487e-21
277,17,4.80281925201416,-1.6290147957964225,-1.7427682465217211,3.193829899839629,3.320247154764462,-3.993815172491138e-06,-2.941282564967563e-05,0.999621058012888,0.9995829566911213,0.9996210580128879,0.9995829566911213,0.0,-1.6963954991862726e-21
278,17,4.595396518707275,-1.8182747430314836,-1.787328619429076,3.4861306903532774,3.3944887270455286,-5.592274061754754e-05,-3.83482165615427e-05,0.999547934454821,0.9995844257348449,0.9995479344548212,0.9995844257348449,0.0,-2.1934977317620728e-21
279,17,4.577030181884766,-2.096949268980255,-1.9222131123321267,3.523563271832276,3.4644364050390766,-7.861832253949991e-05,-4.966435659862475e-05,0.999569966135065,0.9995996296316897,0.999569966135065,0.9995996296316897,-1.3558357709036594e-20,-2.2549525947220815e-21
280,17,4.471236228942871,-2.1994669154938795,-2.0778516411378365,3.4724866085096475,3.515176503181243,-5.713661120734913e-05,-5.7863968133958185e-05,0.9996478266344692,0.9996283931810258,0.9996478266344692,0.9996283931810259,0.0,-7.054234791831471e-22
281,17,4.921853065490723,-2.074722960437584,-2.2629690391155544,3.4912877800783413,3.557949180819161,-7.519787848713906e-05,-6.962691859479238e-05,0.9997440155188188,0.9996581052468269,0.9997440155188188,0.999658105246827,1.3555997280999676e-20,-2.544739551112188e-22
282,17,5.206745147705078,-1.978595849063111,-2.530749360100938,3.6260317279820784,3.58765998044563,8.82995013718021e-06,-9.451637989903667e-05,0.9995073990497282,0.9996882731324438,0.9995073990497282,0.9996882731324439,1.6949008042553933e-21,-3.1611768296325283e-21
283,17,4.87817907333374,-3.4876042556819953,-2.8310388424163744,3.6407802710395196,3.574890410572428,-0.00018609904847183013,-0.0001350703298274856,0.9997795781014435,0.9997350858110505,0.9997795781014434,0.9997350858110505,-2.7111030176881023e-20,-6.293069476308362e-21
284,17,5.209178924560547,-3.563420910481993,-2.964530868336664,3.6317552712074246,3.503450476602394,-0.00027209122052732136,-0.00016312520098753393,0.999934783003374,0.9997637663041876,0.999934783003374,0.9997637663041875,0.0,-5.4680349812775915e-21
285,17,5.077735900878906,-2.0804602957382072,-2.9701639336215844,3.2132579566965402,3.395065664040161,-8.819894767770981e-05,-0.00016920463713261967,0.9997119516385305,0.9997545535439055,0.9997119516385307,0.9997545535439055,0.0,-3.0376426542735797e-21
286,17,5.535463809967041,-2.706249775252148,-3.0746732003816266,3.2941209070508854,3.3057965138885934,-9.473057603443575e-05,-0.00017897622127559031,0.9995394452231735,0.9997470667760597,0.9995394452231734,0.9997470667760597,0.0,-1.053251897483014e-21
287,17,5.010585784912109,-4.071285139532774,-3.2141921361099834,3.242727836377709,3.2381707951738563,-0.00027101060187475405,-0.00019210018928431666,0.9998623839314049,0.9997633721945082,0.999862383931405,0.9997633721945082,0.0,5.829749788050469e-23
288,17,5.597696304321289,-3.6149341972978113,-3.1987948002404045,3.215972866610582,3.1752867619817793,-0.0002694445484333528,-0.00017981584964085043,0.9999152826041253,0.9997608292083288,0.9999152826041253,0.9997608292083289,0.0,4.844543340030326e-22
289,17,5.127976417541504,-2.3729853336274234,-3.144304901981299,3.1132450334417823,3.1042637830289603,-0.00011204639536711508,-0.00014157129644238196,0.9997074951864657,0.9997271432631619,0.9997074951864658,0.999727143263162,0.0,4.40092113535445e-22
290,17,5.585989475250244,-2.4761050156601376,-3.3137648971682014,2.9969067908338554,3.026987395436714,3.239565966072142e-05,-0.0001111137375772566,0.9995115456868565,0.9997085904245797,0.9995115456868566,0.9997085904245797,0.0,-6.511390157820602e-23
291,17,5.3829345703125,-4.541144548225792,-3.6662113174445796,2.9675748912025885,2.949355000618649,-0.0001585147544122247,-0.00010739358408700045,0.9997702394645758,0.9997410289011013,0.9997702394645758,0.9997410289011012,0.0,-1.2098231087700345e-21
292,17,5.4559855461120605,-4.66052813830634,-3.88800612377624,2.950541232009262,2.8695441653677483,-0.00018703775929925802,-0.00010318054846506771,0.9998344058476746,0.9997952415053613,0.9998344058476746,0.999795241505361,0.0,-3.0863280803865977e-21
293,17,5.630949020385742,-3.4728691862367413,-3.9586152404098307,2.7154876375236894,2.79626703522923,-7.396533667543762e-05,-8.374225588438325e-05,0.9999204061847498,0.9998388011294892,0.9999204061847498,0.9998388011294891,-1.355360593927591e-20,-5.108832733342729e-21
294,17,5.61075496673584,-3.4576820037245914,-4.152728485979049,2.691579259913809,2.760450093899627,-5.778400543287374e-05,-6.623551460169491e-05,0.999923766817554,0.9998617985229744,0.9999237668175539,0.9998617985229744,0.0,-6.247790601711001e-21
295,17,6.159660816192627,-4.068528900875185,-4.590714485979075,2.764722413234348,2.767237757255162,7.322406893401946e-05,-7.094658849469446e-05,0.9996295846313458,0.999889962836044,0.9996295846313458,0.9998899628360441,0.0,-7.502781425176664e-21
296,17,5.400610446929932,-5.991273759791928,-5.079259223012544,2.861760417107579,2.79188788396962,-0.00015513908103900972,-0.00010307199017210355,0.9999752506134529,0.999955783210221,0.9999752506134529,0.9999557832102212,-2.710572516220729e-20,-7.896493812169391e-21
297,17,5.7897467613220215,-6.246053531614186,-5.278581820708573,2.853715574725917,2.809053323672275,-0.0002663029188677377,-0.00012569468919005564,1.000193743028494,1.0000157934753022,1.0001937430284942,1.0000157934753022,0.0,-5.177502516314112e-21
298,17,5.396753311157227,-4.490466328029619,-5.196695616565814,2.762310987361725,2.8205950308104897,-8.003283765105984e-05,-0.00011966986899238786,1.0000537240250924,1.0000270503242812,1.0000537240250924,1.000027050324281,0.0,-2.600731734718597e-21
299,17,5.485897064208984,-4.307818102798625,-5.176612762441696,2.7748969902603853,2.8440154767202235,-3.401513099577153e-05,-0.00011305710622542356,0.9999519688606134,1.0000089365968294,0.9999519688606133,1.0000089365968292,6.776589065328366e-21,-3.1326282011381655e-21
300,17,5.596756935119629,-5.629168742104622,-5.327423729383123,2.9159353157641763,2.874842788774113,-0.00010205548323876114,-0.00012531643755314795,0.9998819102320157,0.9999997013075111,0.9998819102320156,0.9999997013075111,-1.35541277598712e-20,-7.595401918235568e-21
301,17,5.481794834136963,-6.133029559681886,-5.430431623277312,2.9641070238238556,2.8837751958797213,-0.00020131214476301382,-0.00014394515198166126,1.0000306511473904,1.0000108192871457,1.0000306511473906,1.000010819287146,0.0,-1.3746227871067157e-20
302,17,5.461159706115723,-5.566171920222761,-5.353692920121288,2.9064801031636214,2.85617802388501,-0.0002502884664475832,-0.0001468491406376504,1.0001830124015225,1.0000113092520366,1.0001830124015227,1.0000113092520369,-5.4200189317465246e-20,-1.9337112870356018e-20
303,17,5.614917755126953,-4.203748807230622,-5.2454038003459305,2.6371599945374906,2.8121941054281905,-1.071463635644374e-05,-0.0001380833609574418,0.9999301087253454,0.9999815549381853,0.9999301087253453,0.9999815549381855,0.0,-2.092600331716466e-20
304,17,5.8594560623168945,-4.989253898404582,-5.2980164443448965,2.817730129246012,2.781154601652988,-8.15601118362987e-05,-0.00015088426664994968,0.9997591591473389,0.9999573527638039,0.9997591591473389,0.9999573527638039,0.0,-2.394985525819114e-20
305,17,5.4187331199646,-6.530474621027497,-5.349545155063776,2.858282483777926,2.7412804325059197,-0.0002780420632546649,-0.0001791188875208015,1.0000367160053882,0.999955694029874,1.0000367160053882,0.9999556940298739,-5.420811831871095e-20,-2.786275995386156e-20
306,17,5.580742835998535,-5.139922948562356,-5.15063536132739,2.6291936739580994,2.678061685059657,-0.000213942668437014,-0.00019181549857280294,1.0000432641568386,0.9999314999201298,1.0000432641568386,0.9999314999201296,-2.710388168554943e-20,-2.4796520456255983e-20
307,17,5.1576995849609375,-4.441733233225664,-4.826487312705354,2.5467504797974443,2.6155797622757655,-0.00016404362922313654,-0.0001877579235539924,0.9998425196893206,0.9998603565644762,0.9998425196893207,0.9998603565644762,-2.7109323496824195e-20,-1.406025630004541e-20
308,17,4.975844383239746,-4.170740416919678,-4.565454717774964,2.564824231583015,2.565521669134932,-0.00013595225810247765,-0.00017945795072013684,0.9997089135354718,0.9997605397604848,0.9997089135354718,0.9997605397604848,0.0,8.97499808205615e-22
309,17,5.2378668785095215,-5.093388170194317,-4.386427995644567,2.6529516640258373,2.5115119145665417,-0.00025205633134653003,-0.00016919268921789353,0.9996623225579475,0.9996489076844906,0.9996623225579476,0.9996489076844906,5.422842033854168e-20,1.1821870829156933e-20
310,17,5.11916971206665,-4.365040767939623,-4.19632615465332,2.4360601130396944,2.443145263783405,-0.00018098653710461483,-0.00014894767941906855,0.999583940872631,0.9995236790930134,0.9995839408726311,0.9995236790930135,0.0,1.2663779638127306e-20
311,17,5.215934753417969,-3.4872112089614675,-4.125733873936491,2.2032688418023856,2.398120424252494,-4.902088136737753e-05,-0.00013823752460786413,0.9994134467456628,0.999388391531237,0.9994134467456629,0.9993883915312372,0.0,1.0817044337222887e-20
312,17,5.379272937774658,-3.4605733242684864,-4.369859414038083,2.362592128401294,2.407025855217145,-5.216003845242386e-05,-0.00016718600870054383,0.9991471019692255,0.9992709184678567,0.9991471019692254,0.9992709184678568,6.782047973395531e-21,1.1981338478231077e-20
313,17,5.470037460327148,-5.613653618091877,-4.840548193750888,2.635368473825025,2.4287089237871746,-0.00028439501780773614,-0.0002280858114251961,0.9991269863711754,0.9992025072338184,0.9991269863711755,0.9992025072338185,0.0,1.6571356570872686e-20
314,17,5.5804595947265625,-6.133032539601089,-5.150159132305572,2.5844405665578383,2.4074996104480553,-0.0004176946367907478,-0.0002711121298039195,0.9992484560130852,0.9991680388430703,0.9992484560130853,0.9991680388430704,5.425088054733539e-20,2.0898040060846375e-20
315,17,5.445193767547607,-4.955250370691365,-5.176874016973359,2.185718634733041,2.36852081413966,-0.00026184063997939733,-0.00026791647570423353,0.9992446756287058,0.9991230753368117,0.9992446756287058,0.9991230753368118,0.0,1.8021835034799155e-20
316,17,5.487541675567627,-4.401438703079723,-5.174012501913282,2.2185753793944203,2.3980350175173064,-0.000172743845223096,-0.0002433997774253957,0.9990487966132344,0.9990539793285564,0.9990487966132346,0.9990539793285566,2.7130861279272317e-20,9.230928545547338e-21
317,17,5.645029544830322,-5.071506164068307,-5.336926052122417,2.5504021274577484,2.5201012005002243,-0.0001673966892888227,-0.00022670374534857352,0.9988212506456039,0.9989945527737717,0.998821250645604,0.9989945527737718,0.0,-5.9891748419716014e-21
318,17,5.5391845703125,-6.210482994143849,-5.559684114363072,2.795606818987357,2.685325231736307,-0.0002808303797895322,-0.0002177055886643981,0.9989984189350116,0.9989727360417905,0.9989984189350115,0.9989727360417906,0.0,-2.314511370517239e-20
319,17,5.141353130340576,-6.226629062290665,-5.637603881017401,2.9797436615270954,2.8485121427714173,-0.000283961910322638,-0.00019590750468816191,0.9990382253237255,0.9989605761007353,0.9990382253237254,0.9989605761007353,-1.0852459345428778e-19,-3.2301995410372027e-20
320,17,5.491975784301758,-5.076977449480352,-5.613588939731434,2.7975872904814887,3.0154114454539647,-0.0001033893396276879,-0.0001647273921598591,0.9990310037543907,0.9989310914265352,0.9990310037543907,0.9989310914265351,0.0,-2.1891332195736017e-20
321,17,5.632356643676758,-4.767101518452129,-5.744912035620795,3.1541432299280743,3.2283410182624506,-3.290503273473347e-05,-0.00015835408048316065,0.9987463157130941,0.9988948950659282,0.998746315713094,0.998894895065928,-6.78476953699321e-21,-3.0838529264600005e-21
322,17,5.747766017913818,-6.522737366447718,-6.077890047970897,3.61229888098306,3.4614527608710337,-0.00022577677501471952,-0.00018752777566358907,0.9988283300012043,0.9988906652935279,0.9988283300012043,0.9988906652935278,2.713684974484547e-20,1.3388109670047982e-20
323,17,5.783876419067383,-7.056066967282078,-6.324842293720425,3.7492136795867324,3.6582757748128865,-0.00031979344904434806,-0.00021922045980097562,0.9989716514330153,0.9989109163336886,0.9989716514330154,0.9989109163336886,5.426591289804004e-20,1.8537251732978718e-20
324,17,5.703875541687012,-6.125649459966756,-6.323307604180053,3.7302019844146588,3.813324148537416,-0.00021909145703101574,-0.00023082339444272591,0.9989855103684256,0.9989202515214027,0.9989855103684255,0.9989202515214027,0.0,1.0530723012107927e-20
325,17,5.462674617767334,-5.747660715026841,-6.1712412609425975,3.8373374576216546,3.956525425323358,-0.00015798853888150799,-0.0002349344309960555,0.9988714737033101,0.9989034801925935,0.9988714737033101,0.9989034801925935,-2.7135677637930513e-20,-4.699729262020206e-22
326,17,5.141861438751221,-6.191730723099505,-5.925480118310902,4.251845446889051,4.087715358342091,-0.0002687283039342807,-0.00024202813592928327,0.9987759175774761,0.9988692753686031,0.9987759175774761,0.9988692753686031,0.0,-7.105334144229295e-21
327,17,5.5467305183410645,-6.393637735713116,-5.50655207632869,4.161803830352673,4.173861889687769,-0.0003389656921650523,-0.000237931515724651,0.9990060250758008,0.9988127685223812,0.9990060250758008,0.9988127685223812,0.0,-1.1278841753201922e-20
328,17,4.995996952056885,-4.2531902359067,-4.966226608650969,4.1379340193607455,4.227967970506815,-0.0001745379386335474,-0.00021973339874278088,0.9987501832154144,0.9987101030416762,0.9987501832154144,0.9987101030416761,-2.713897305617964e-20,-1.3728440396918394e-20
329,17,5.21439266204834,-3.7080076481445423,-4.614045336773813,4.267327317005313,4.265331134681207,-8.309756562692395e-05,-0.00021674240903632474,0.9984131218315028,0.9985976459087968,0.9984131218315027,0.9985976459087967,-1.357406754751767e-20,-1.1974162051986081e-20
330,17,5.674066543579102,-5.050915639762498,-4.504094021932991,4.3112818248481135,4.268649461283241,-0.0002764866695953312,-0.00023924575367241662,0.9985129092078776,0.9985261604139564,0.9985129092078776,0.9985261604139563,0.0,-7.459465062003329e-21
331,17,5.738351345062256,-5.178377161029812,-4.359728791504,4.4246691509874285,4.216904747434422,-0.0003926631493704365,-0.00025043716730929055,0.998534110169025,0.9984850649358358,0.998534110169025,0.9984850649358357,0.0,-2.745169492364202e-21
332,17,5.737549781799316,-3.95359022656159,-4.074803078470451,3.939420934704162,4.1205122005383075,-0.00021766314343242525,-0.00022603294420059855,0.9985435798626553,0.9984474813041259,0.9985435798626553,0.9984474813041259,0.0,2.1693132591794447e-21
333,17,5.539735317230225,-3.3009589560167836,-3.8484154437328977,3.990902785258943,4.046993432979246,-0.0001560843112518461,-0.00019103841738628318,0.9983952080154581,0.9984095245940887,0.9983952080154581,0.9984095245940887,0.0,8.629183620246524e-21
334,17,5.885226249694824,-3.188182444258588,-3.8612472529153807,4.0169562002751595,4.016579438179598,-6.795140291461381e-05,-0.00017648978483844553,0.9982078229015934,0.9984018373097628,0.9982078229015934,0.9984018373097628,1.3576859292360865e-20,1.6766714263377187e-20
335,17,5.623029708862305,-4.6729614346524935,-4.045509032351727,4.012844742450903,4.0157819888881825,-0.00021653111347382518,-0.00019217172660405257,0.998487669713399,0.9984423918204095,0.998487669713399,0.9984423918204095,2.7146108193722324e-20,2.3380092746422346e-20
336,17,5.78778076171875,-4.701148430829599,-4.120656961798881,4.04924678612528,4.026285308465257,-0.00029315338808198613,-0.0002116368966291147,0.9986084785223082,0.998488580193982,0.998608478522308,0.998488580193982,5.428564826977305e-20,2.381891766295512e-20
337,17,5.460662364959717,-3.762856485061767,-4.008011983371105,4.04043521222747,4.030710325546595,-0.0002130357272066842,-0.00021440951137586387,0.9985237856938087,0.9985069281982044,0.9985237856938088,0.9985069281982044,0.0,1.6927953197663578e-20
338,17,5.437190532684326,-3.6167206783538104,-3.8509883136734917,4.030440977669766,4.019792634665546,-0.0001857987479793078,-0.00020868562025903685,0.9984809153163385,0.998508515360324,0.9984809153163385,0.998508515360324,0.0,1.043662878563832e-20
339,17,5.5582075119018555,-3.755257271433227,-3.737949715382793,4.0304862777801365,3.9903405185515783,-0.00018104141911349212,-0.00020694899335756996,0.9984333592568966,0.9985176213298191,0.9984333592568966,0.9985176213298191,0.0,7.969945770272636e-21
340,17,5.452690124511719,-4.026370564167788,-3.658653168637914,3.941601246023957,3.9469527248766334,-0.00023899032648668644,-0.0002116460408628776,0.9985872628927688,0.9985435450885922,0.9985872628927689,0.9985435450885922,2.714340080166657e-20,7.520398140031601e-21
341,17,5.467831611633301,-3.399354617750181,-3.6199096903731904,3.853442894377978,3.9081265941228795,-0.00023569538683064598,-0.00021691789554216978,0.9986452126745347,0.9985687160096541,0.9986452126745345,0.9985687160096541,0.0,5.1859147011888944e-21
342,17,5.422023296356201,-3.166383807168955,-3.735722564282254,3.877203496126037,3.8892945838126205,-0.00017183272208596705,-0.00022556945280327307,0.9985090930908701,0.99858975112744,0.9985090930908701,0.99858975112744,0.0,2.5957220562820226e-21
343,17,5.528254985809326,-4.134157746906039,-4.0284217116387895,3.909460057709702,3.88594219360891,-0.00022650845283400724,-0.00024450349421557653,0.9985744595754508,0.9986259617254458,0.9985744595754508,0.9986259617254458,0.0,1.0666042379925762e-21
344,17,5.59481954574585,-4.778710833739254,-4.317502574107775,3.90940024099598,3.8868119169054833,-0.0002947818614592017,-0.0002624723099022713,0.9986980160067849,0.9986714379770796,0.998698016006785,0.9986714379770796,0.0,5.075513882417644e-22
345,17,5.56794548034668,-5.0278785499798175,-4.448208147602763,3.8558248602665026,3.889406794231532,-0.0003624640822800688,-0.0002603243752078085,0.9988983554427249,0.9986983495945723,0.9988983554427249,0.9986983495945723,0.0,2.0680854956364009e-22
346,17,5.330608367919922,-3.677102790115771,-4.477175894175008,3.9419523237698186,3.89793743497094,-0.00014536553285327263,-0.00023673297369750888,0.9985549426024519,0.9987001528622003,0.9985549426024519,0.9987001528622003,0.0,-8.237400621695654e-22
347,17,5.4752044677734375,-4.422720798439166,-4.62517209574182,3.925158201837024,3.911022525655636,-0.00017789192956096995,-0.0002194457172159711,0.9986304203699806,0.9987270547599614,0.9986304203699806,0.9987270547599614,0.0,-3.613378508639574e-21
348,17,5.172050476074219,-5.249606579766396,-4.870776572335248,3.9325901007932305,3.940715676620084,-0.0002557684419559938,-0.0002100049795725752,0.9988348510229113,0.9987881855293934,0.9988348510229111,0.9987881855293934,0.0,-8.622092344699394e-21
349,17,5.241103172302246,-5.1711410907066995,-5.0886987685868625,3.977301231426728,4.0068997850960875,-0.0002226209228914076,-0.0001920863347343114,0.998928948608775,0.9988516925526402,0.9989289486087749,0.9988516925526402,-2.71341163451988e-20,-1.4271854818808064e-20
350,17,5.482193470001221,-4.880043406002522,-5.275129220624162,3.9863370488644696,4.125279468223427,-0.00010555749696111583,-0.00016437145653587756,0.9988714930822777,0.9989004219911822,0.9988714930822777,0.9989004219911822,-1.3567838555737493e-20,-1.6796526424506703e-20
351,17,5.678337574005127,-5.751159567903904,-5.454232448297436,4.423530662133067,4.288932096919754,-0.0002036177327749432,-0.00013508084640958986,0.9988874536744033,0.9989454668794693,0.9988874536744033,0.9989454668794693,-2.7135243527618436e-20,-1.584464656285634e-20
352,17,5.454780578613281,-5.768869112933286,-5.548617119117197,4.421759283691384,4.452670101914258,-6.508376645043303e-05,-0.00010090769416717132,0.9989830741484963,0.998990014579784,0.9989830741484963,0.998990014579784,0.0,-1.2019989797728829e-20
353,17,5.992138385772705,-5.597830545811252,-5.56461168475413,4.5836008393198435,4.601589105660935,-8.784128824243555e-05,-7.327380934791017e-05,0.9991640174870374,0.9990149976269652,0.9991640174870374,0.9990149976269652,-1.356386631111306e-20,-8.380226902239208e-21
354,17,5.948820114135742,-5.166401602442585,-5.610304427438098,4.743110849501851,4.720035339094621,-5.632365133347671e-05,-5.834092364011399e-05,0.9990072822056059,0.9990062089150934,0.9990072822056059,0.9990062089150934,-6.782997180034348e-21,-5.2720081062289236e-21
355,17,5.868724346160889,-5.228769596708911,-5.787193020012882,4.8208354268455755,4.785808267052837,4.429274813051265e-05,-6.377697105459088e-05,0.9987578622586242,0.9989969990297204,0.9987578622586242,0.9989969990297203,6.784691098911938e-21,-3.819808648840883e-21
356,17,5.628104209899902,-6.77306069249302,-6.010256928134251,4.818729859550768,4.7855809472897795,-0.00015087832917437877,-8.896485066300225e-05,0.9990898121689504,0.9990135933023235,0.9990898121689504,0.9990135933023233,0.0,-5.190976395716887e-21
357,17,5.880805492401123,-6.645527175878574,-6.040021606573137,4.800781322011537,4.72207025203841,-0.00020018892629406374,-0.00010305141200209628,0.9991654318280234,0.9990106996010254,0.9991654318280233,0.9990106996010252,-2.712769422231467e-20,-6.78646457209827e-21
358,17,5.4892497062683105,-5.516300783025096,-5.894759937787106,4.5794945408635925,4.6182911199240335,-6.267326663470368e-05,-9.489737322231027e-05,0.9989632600656134,0.9989615102640805,0.9989632600656134,0.9989615102640804,0.0,-5.070675065535427e-21
359,17,5.473577976226807,-5.181566608691184,-5.821502398937579,4.44947204780628,4.522377482187643,-4.7438338420371095e-05,-8.743041629995579e-05,0.9988304800419822,0.9988960920586009,0.9988304800419822,0.9988960920586009,0.0,-2.272015813433446e-21
360,17,5.746114730834961,-5.932209186006631,-5.934986314816401,4.427466127751647,4.469639719945478,-6.882453273636983e-05,-9.724787231065612e-05,0.9987746007138306,0.9988521601496182,0.9987746007138306,0.9988521601496182,0.0,-3.736942652371069e-22
361,17,5.5811614990234375,-6.426708320362787,-6.101800998562224,4.473532765790045,4.464033988291854,-0.00014307353186076053,-0.00012238998159053876,0.9988718238229801,0.9988390398609897,0.9988718238229801,0.9988390398609897,0.0,-1.3383968419172616e-22
362,17,5.863369941711426,-6.133748300313178,-6.160771017278263,4.482738828684306,4.490262516119513,-0.00015588415786468233,-0.0001498859310848659,0.9988901811351499,0.9988377055935848,0.9988901811351499,0.9988377055935848,0.0,-1.9845291864132124e-21
363,17,5.685244560241699,-5.886216668141619,-6.056915049811694,4.584028384578108,4.532116081126185,-0.00013590288007938266,-0.00017182784486484445,0.9987215049884477,0.9988379820955209,0.9987215049884478,0.9988379820955209,0.0,-6.120519544161054e-21
364,17,5.660802841186523,-6.340383041912552,-5.739459974651413,4.592160339081747,4.576024830214894,-0.00021390975008006065,-0.00018101766808622854,0.998860828892766,0.998839901266727,0.998860828892766,0.998839901266727,0.0,-1.1571353518879806e-20
365,17,6.012340068817139,-5.616475821038817,-5.1487575690046095,4.592738148645159,4.626340566576771,-0.0002838270909994434,-0.00016157601366003691,0.9990166373889561,0.9988109270305365,0.9990166373889562,0.9988109270305366,-5.426346929112163e-20,-1.4217033094175933e-20
366,17,5.604030132293701,-3.6513714520199105,-4.448153844312544,4.730972135983685,4.69436612844683,-3.705636675666902e-05,-0.000115406658363331,0.9986325951232471,0.998732380972947,0.9986325951232471,0.9987323809729471,0.0,-8.812434969571028e-21
367,17,5.4548492431640625,-3.6995520323024587,-3.93497826613836,4.743153117864858,4.784979198961903,-4.737663480906985e-05,-7.996417547378142e-05,0.9986428701560534,0.9986452226417377,0.9986428701560535,0.9986452226417378,6.785472345059157e-21,-1.3092196944436362e-21
368,17,5.50330924987793,-3.722985949918943,-3.658457053747279,4.965711836226672,4.909030742944438,-5.098302337480335e-05,-7.36460295419089e-05,0.9984810295947458,0.9985734755306603,0.9984810295947458,0.9985734755306604,0.0,2.7424485431159713e-21
369,17,5.312046527862549,-3.9869372804969014,-3.5271785780360934,4.9907051703053895,5.0710525699508615,-0.00012597014048234675,-9.538756913960261e-05,0.9986008419797808,0.9985242633830879,0.9986008419797808,0.998524263383088,2.714303170263742e-20,1.0338138137139002e-21
370,17,5.257385730743408,-3.2071937567539206,-3.490928282345112,5.24412334400066,5.284242493679287,-0.00017582740944878974,-0.00013635848165071345,0.9985725000319057,0.9984799455410871,0.9985725000319057,0.9984799455410872,-2.714380208875326e-20,-6.74687253458919e-21
371,17,5.253012657165527,-2.7013023990600367,-3.6379978741608814,5.396986124067053,5.535591855002484,-1.9519896849196288e-05,-0.00019969457704400456,0.9982466874691717,0.9984492997104476,0.9982466874691718,0.9984492997104476,0.0,-1.3953716953879902e-20
372,17,5.197615146636963,-4.548218881207241,-3.917712338066091,6.015486603418842,5.779463743250454,-0.00036946297454777986,-0.0002892252381522709,0.998436639100042,0.9984620808919813,0.9984366391000419,0.9984620808919812,-5.42949912907227e-20,-1.7525680635135587e-20
373,17,5.414477825164795,-4.876491623151265,-3.9869232929713663,5.967127502211185,5.9394560978241016,-0.00046468377585557713,-0.0003570648390888994,0.9986486942857442,0.9984840239213386,0.9986486942857441,0.9984840239213385,0.0,-1.453360126986586e-20
374,17,5.210071563720703,-3.5704861766973206,-3.7155773604571407,5.9753214694548165,6.01128833561274,-0.0004017746487834563,-0.00037672201066308165,0.9985254497027436,0.9984685813645241,0.9985254497027436,0.998468581364524,0.0,-1.2342831611211476e-20
375,17,5.218384742736816,-2.7127777158066206,-3.317550230385963,5.970588822616326,6.017388912694951,-0.0002954519565178962,-0.0003673393815467267,0.9983308502397554,0.9984278061235786,0.9983308502397554,0.9984278061235786,0.0,-1.550155778559512e-20
376,17,5.057513236999512,-2.883968152381499,-2.979781249000349,5.961803758795831,5.966054427966854,-0.00030507126554704195,-0.00035964379242674465,0.9983583250590383,0.9983990119858387,0.9983583250590384,0.9983990119858387,-5.429925034287611e-20,-2.1717778641199015e-20
377,17,4.889995098114014,-2.9639529323653435,-2.6593016869119195,6.053468978139391,5.8459289126516145,-0.0003843090008020675,-0.00035690381247251754,0.9983440262899992,0.9983873606134379,0.9983440262899993,0.9983873606134379,0.0,-2.5133161324745826e-20
378,17,5.305391788482666,-2.71494517817616,-2.254435775699702,5.644644437881839,5.658610912182798,-0.0004357624623408424,-0.00033947916904478355,0.9985011752653367,0.9983715079323483,0.9985011752653367,0.9983715079323484,-5.429148204043896e-20,-2.773883902008923e-20
379,17,5.353482246398926,-1.3703760135840055,-1.803124347236646,5.263187205836825,5.478081500316243,-0.0002508248313281076,-0.00030096049205854736,0.9983938356936078,0.9983222127082545,0.9983938356936078,0.9983222127082546,0.0,-2.770255759028317e-20
380,17,5.638062953948975,-0.9587155158595824,-1.4913759169639915,5.401213598372468,5.373688253821014,-0.00022389689133860642,-0.0002661054949532027,0.9981102142770274,0.9982569304285526,0.9981102142770273,0.9982569304285527,-5.431274808017254e-20,-2.769115554278439e-20
381,17,5.340633869171143,-1.7956985133845484,-1.352681959383703,5.391584059739339,5.342534126464978,-0.00023756991070048348,-0.0002473028921289806,0.9981483684387227,0.9982164700222966,0.9981483684387227,0.9982164700222966,0.0,-2.540666052183748e-20
382,17,5.465037822723389,-1.7079039347912732,-1.2442710211273604,5.355770747063092,5.376733576525605,-0.00030652986080106085,-0.00023779239100324496,0.9983821979187861,0.9981931306121664,0.9983821979187861,0.9981931306121663,-5.429795196396818e-20,-2.2872788123108775e-20
383,17,5.117679595947266,-0.6909496811965307,-1.169598643785414,5.450437715891745,5.485678435124761,-0.0002189396869719127,-0.00022978363396853466,0.9981886301742968,0.9981597105346837,0.9981886301742968,0.9981597105346836,0.0,-1.8300531933000338e-20
384,17,5.599861145019531,-0.31271614573196316,-1.2848579201654873,5.551272597420428,5.672795609148409,-7.769517541209732e-05,-0.00023693118447173017,0.9978660466406496,0.9981495858131859,0.9978660466406495,0.9981495858131858,-1.3581509463814164e-20,-1.675151872580439e-20
385,17,5.215743064880371,-2.4979576255940046,-1.53734416431884,6.1391806427475375,5.917310480777481,-0.00039260150059609823,-0.0002616259274750673,0.9981958729747968,0.9981985276650481,0.9981958729747968,0.9981985276650481,0.0,-1.9294348691830466e-20
386,17,5.683747291564941,-2.4896937801053047,-1.5911444077971153,6.105221394392105,6.1739849079093885,-0.00035748707116850374,-0.0002634813921146428,0.9985060885829059,0.9982499621851453,0.9985060885829059,0.9982499621851454,-5.429121489004738e-20,-2.2676829581841237e-20
387,17,5.182514667510986,-0.8519575988427294,-1.4356452435831315,6.395461162457421,6.458425697922632,-0.0001802913137540201,-0.00024187624511164252,0.9982898605209723,0.9982439519027475,0.9982898605209723,0.9982439519027475,-2.715148714221382e-20,-1.9332356279199286e-20
388,17,4.861072540283203,-0.7673034006606845,-1.3903288177486108,6.6310727872875015,6.777171834702987,-0.00013860509249361344,-0.0002333117532926998,0.998178904087929,0.9982091617829097,0.9981789040879291,0.9982091617829097,0.0,-1.1178554669074397e-20
389,17,5.376383304595947,-1.3062742167116423,-1.591096028683379,7.244055895385531,7.09618829279365,-0.0002352401289370546,-0.00025226529582005026,0.9980092820019126,0.9982086824671447,0.9980092820019125,0.9982086824671447,0.0,-4.463587668159918e-21
390,17,6.062587738037109,-2.3538408353821203,-1.876397469703443,7.57999674460584,7.336369671724989,-0.00038623913316506635,-0.00027258759411926325,0.9981846966494363,0.9982817951649424,0.9981846966494364,0.9982817951649424,0.0,-1.7390457810287214e-21
391,16,5.577937126159668,-2.7691122965826187,-1.9702925483013822,7.400089662205465,7.475440774243953,-0.00029887644716914633,-0.0002629790081044858,0.9985519190215829,0.9983893896827101,0.998551919021583,0.9983893896827101,0.0,-2.8984942260273452e-21
392,16,5.342089653015137,-1.5859339016981255,-1.788491103860572,7.408468468274371,7.575880048713271,-0.00020318654998951097,-0.00022994556281201139,0.9986149567258955,0.99845704365146,0.9986149567258954,0.99845704365146,0.0,-6.669949893550892e-21
393,16,5.363048553466797,-0.9862001924646512,-1.5201126787732204,7.734195826531016,7.682515419185533,-0.00016312540265368163,-0.00019824879081177077,0.9983960989176432,0.998466403608799,0.9983960989176432,0.998466403608799,-2.7148597977818704e-20,-1.0193613749219056e-20
394,16,5.304586410522461,-1.1847071803253986,-1.3091716150773525,7.748878889510815,7.784564219969406,-0.00014668899244449439,-0.0001840532477345095,0.9983667429096486,0.9984570383487796,0.9983667429096484,0.9984570383487797,0.0,-9.597305868768303e-21
395,16,5.331756591796875,-1.3494703418348997,-1.1020208995055718,7.95729137479728,7.8714935706373295,-0.00022640578939078977,-0.00018708720234759902,0.9983752849759894,0.9984513651843869,0.9983752849759895,0.9984513651843872,-2.714916396672367e-20,-5.1397019638176326e-21
396,16,5.67108154296875,-1.3344697962225598,-0.7819314215892066,7.819268494427688,7.932306701453232,-0.00020442169912022337,-0.00019536958248534577,0.9985513786106337,0.9984309074488753,0.9985513786106337,0.9984309074488755,2.7144376236154313e-20,2.885815205857555e-21
397,16,5.56519889831543,-0.4215400925969043,-0.34489160819139,8.056797621191206,7.971919630139256,-0.0002347838216830845,-0.00020726597785256448,0.9984695823187204,0.9983548217988852,0.9984695823187204,0.9983548217988854,0.0,9.76972655548955e-21
398,16,5.513282775878906,0.41823922229691324,0.01468472524318512,7.9321508750128285,7.9735525117226915,-0.00012916442477558287,-0.00022929894061790966,0.9982761659071736,0.9982227899666306,0.9982761659071736,0.9982227899666306,0.0,1.583447981803099e-20
399,17,4.760671615600586,0.6158199239073933,0.06705096560344193,7.997580455719301,7.93507343733054,-0.0003109288520753222,-0.00026944344300707863,0.9980025181860473,0.9980842819877556,0.9980025181860472,0.9980842819877555,5.431860905802784e-20,1.8963848685966325e-20
400,17,5.802260398864746,0.11813691059894653,-0.2463250227732029,7.919560430698217,7.8535676364816265,-0.0002619761528646752,-0.0003098831245964425,0.9977308686165935,0.9980073319169811,0.9977308686165935,0.998007331916981,0.0,1.4447774297652373e-20
401,17,5.794220924377441,-1.5736221931884864,-0.7241848589414307,7.6706176680667655,7.750803135925532,-0.0004155170171322185,-0.0003359164160156844,0.9981383439801497,0.9980120405685036,0.9981383439801497,0.9980120405685036,0.0,7.89365095698513e-21
402,17,5.838801860809326,-1.2994382386722771,-1.0659571202652713,7.627828656101609,7.669244705730678,-0.0004158790707660473,-0.0003274058394320591,0.9981839380285213,0.9980308541775205,0.9981839380285213,0.9980308541775205,0.0,2.713376642011523e-21
403,17,5.827192306518555,-0.6314105712511674,-1.2389616898903704,7.517505151437722,7.6270746603827515,-0.00012238754903560933,-0.0002936315361514229,0.997853406561417,0.998027504633866,0.9978534065614171,0.9980275046338661,2.716336300894245e-20,-1.6768228094422516e-21
404,17,5.683322429656982,-2.011150992427884,-1.30680547923941,7.708219400284268,7.613402137528915,-0.0003762004320039431,-0.00026531120305820974,0.9981453385381629,0.9980118738833367,0.9981453385381629,0.9980118738833368,-5.43108368403231e-20,-5.036229191084306e-21
405,17,5.694594383239746,-0.987084316576588,-1.2117554707702187,7.590234875630064,7.585961305408013,-0.00018705808195509883,-0.00023355478981556497,0.9979581373553607,0.9979604511052148,0.9979581373553608,0.9979604511052149,2.7160512347709663e-20,-1.992275934765067e-21
406,17,5.699070453643799,-0.9878080463945013,-1.0611537092151548,7.569281983087816,7.5252923173052215,-0.00022559530554932912,-0.00020835798904020095,0.9979368910580672,0.9978795130423057,0.9979368910580672,0.9978795130423057,0.0,1.273547272096392e-21
407,17,5.38332462310791,-0.5934102673861132,-0.9402535015293755,7.440243911857048,7.424841590154868,-0.00010715853032747628,-0.00019493749687817967,0.9976517955090035,0.9977903708516332,0.9976517955090035,0.9977903708516332,0.0,4.042035643666969e-21
408,17,5.231780529022217,-1.134628879028766,-0.8619405325937837,7.362407551275057,7.294273419544166,-0.0002706479093536261,-0.000192896823046265,0.9977430100476793,0.9977213366633425,0.9977430100476792,0.9977213366633425,0.0,7.240934055511827e-21
409,17,5.297210693359375,-0.8586142970453254,-0.738514347138006,7.088802342576096,7.158010856312051,-0.0001899212482561762,-0.0001800981714952598,0.997693357684256,0.9976601751087115,0.997693357684256,0.9976601751087115,2.716772052592502e-20,9.692263183367117e-21
410,17,5.509728908538818,-0.5049272824230868,-0.5571668021221935,7.015341215540002,7.059365313309029,-0.00016075223944670827,-0.00015460917558700392,0.997598789637067,0.9975931851237277,0.9975987896370669,0.9975931851237276,0.0,8.873936945632399e-21
411,17,5.600238800048828,-0.30459637206823403,-0.36541926517533313,7.028150485993062,7.020082655878749,-0.00010647715714837148,-0.00012509176020963661,0.9974858935109773,0.9975203895395536,0.9974858935109773,0.9975203895395535,0.0,6.887283689964939e-21
412,17,5.576844692230225,-0.3018975083805152,-0.19844014317091263,7.029286909173367,7.041833751628497,-0.00010934602089804285,-0.00010156403912452067,0.9974827711636396,0.9974436642662518,0.9974827711636396,0.9974436642662516,1.358672805973255e-20,3.7717381895718874e-21
413,17,5.488832473754883,0.08906761368687661,-0.07535377695703843,7.104682671668928,7.124229830300561,-9.138580533911265e-05,-8.899874516363382e-05,0.9973955613990467,0.9973571131582579,0.9973955613990467,0.9973571131582578,0.0,-2.6577576123313667e-21
414,17,5.556059837341309,0.4559369270347901,-0.030954595822601738,7.208253799853419,7.261711529199699,-1.2018815081602143e-05,-9.361932809900527e-05,0.9971711462600192,0.9972682816455444,0.9971711462600192,0.9972682816455444,-1.6988717542242857e-21,-1.1654246990920796e-20
415,17,5.552124977111816,-0.48928384252524587,-0.012472680776987516,7.538399504260316,7.4366027050041295,-0.0001442050936856331,-0.00011626894286612261,0.9971395570537157,0.9971928092745119,0.9971395570537158,0.9971928092745119,-2.718280918693657e-20,-1.9920181038199194e-20
416,17,5.244900226593018,-0.65912030309708,0.1699100475853874,7.530637491568171,7.620197731732323,-0.00025623051519252236,-0.00013299023339959838,0.997356526395604,0.9971125652363956,0.9973565263956039,0.9971125652363955,-5.435379143723842e-20,-2.1206777492099612e-20
417,17,5.5186309814453125,1.3537277607880673,0.5155344444925591,7.816704085331386,7.805717508805264,-4.581206175861873e-05,-0.00013297397363335893,0.996882085191769,0.9970044538461728,0.996882085191769,0.9970044538461725,0.0,-1.3722002633304032e-20
418,17,5.52829647064209,1.1646311577583992,0.7684849998419818,8.0304465817214,7.964967155621583,-9.159331046965141e-05,-0.0001429045039000271,0.9968066219796452,0.9969147204896128,0.9968066219796452,0.9969147204896127,0.0,-6.554230182646321e-21
419,17,5.400117874145508,0.45730851737844896,0.9164825348170699,8.132931649095756,8.071226998839686,-0.00020247488195238736,-0.00016647234357996748,0.9968843009294476,0.996860413615751,0.9968843009294476,0.996860413615751,2.718976945154633e-20,-6.484276849106077e-21
420,17,5.591314792633057,1.0334684789534476,1.1117613354356222,8.120944656074428,8.125938522013524,-0.00020345082669319753,-0.00018586433043029927,0.9968201799977141,0.996814013822483,0.9968201799977141,0.996814013822483,-2.719151844638596e-20,-1.4077122145606796e-20
421,17,5.487283229827881,1.0599205349613317,1.3772471446538495,8.130046614354871,8.156593806481526,-0.0002530300438530648,-0.00019266137202052935,0.9968856650460184,0.9967475561290473,0.9968856650460183,0.9967475561290473,-5.437946449131934e-20,-1.89992101906128e-20
422,17,5.364571571350098,1.9961601565029308,1.6439570814079698,8.046639671556454,8.19202139863719,-0.00016456308185740516,-0.0001924657752714614,0.9967667136833671,0.9966488056570925,0.9967667136833671,0.9966488056570925,0.0,-1.5418888956304076e-20
423,17,5.343948841094971,2.674437506880302,1.7594003480973424,8.35881171250924,8.239291229793997,-4.156983429292056e-05,-0.00021032392448270767,0.9961632199657207,0.9965626561441635,0.9961632199657208,0.9965626561441635,-6.802362747610358e-21,-9.214144647076975e-21
424,17,5.037564277648926,0.7939094651911335,1.7425500331719603,8.42080306495588,8.263877443628203,-0.00034886075885967713,-0.00025244774469977585,0.9965747910721949,0.9965517316662315,0.9965747910721949,0.9965517316662313,0.0,-3.782509029698664e-21
425,17,5.221062660217285,1.0552692897053695,1.8716076998593456,8.152244026675389,8.273472811816148,-0.00045217703901353145,-0.00027349997077029246,0.9969651978325185,0.996554297616977,0.9969651978325184,0.9965542976169769,0.0,-5.1277766580796974e-23
426,17,5.131171226501465,3.4127352555088772,2.0990692323753617,8.26417728717332,8.330648983434399,-0.00011978788515013138,-0.00026304231390544803,0.9962718594584066,0.9965180990970882,0.9962718594584066,0.9965180990970881,0.0,2.5917647532912777e-21
427,17,5.288027286529541,2.2310058389442506,2.126496159173917,8.41626965196398,8.464097400201753,-0.00019345569963005144,-0.00026835335556688283,0.9963601975915259,0.996513405037834,0.9963601975915258,0.996513405037834,0.0,4.883134867777024e-21
428,17,5.7862443923950195,1.2728240250916318,2.051509584698881,8.70801229644433,8.664781118459464,-0.0003733624981313994,-0.00029581405920859976,0.9966498782655487,0.9965470474603729,0.9966498782655486,0.9965470474603729,0.0,6.241872424729391e-21
429,17,5.66703462600708,1.744815188365996,2.058094252752726,8.805958402144586,8.90500291820904,-0.00035690722616479485,-0.0003199818230854082,0.9968004526726483,0.9965602566128047,0.9968004526726483,0.9965602566128047,5.438411316821297e-20,3.6725272640522675e-21
430,17,5.361684322357178,2.814146435732197,2.057565524657141,9.225074049545745,9.158938640274169,-0.000294990059790306,-0.0003375087480467204,0.996479110081107,0.9965347972332572,0.996479110081107,0.9965347972332571,-5.44016508483182e-20,-4.082442391502242e-21
431,17,5.51181173324585,2.4977449579803648,1.8578853812128795,9.336255674449028,9.377089358946618,-0.00022568857035580258,-0.00036003841017493945,0.9962755780493256,0.9965358200121425,0.9962755780493256,0.9965358200121425,0.0,-6.257491110005768e-21
432,17,5.420139312744141,0.8486987614594635,1.5528495661623158,9.773633655120799,9.52085966181544,-0.0004966602723224318,-0.0003764784751709034,0.9965324653674293,0.9966075216626057,0.9965324653674293,0.9966075216626058,0.0,-4.5140334535389796e-21
433,17,6.313518047332764,0.19889142899435355,1.456298672342915,9.683575528687973,9.564991155024378,-0.0006004454350730018,-0.000337106372865017,0.9970102303846886,0.9966954377112437,0.9970102303846887,0.9966954377112438,0.0,-2.315475019733322e-21
434,16,5.559296131134033,2.468404446071269,1.59838995387251,9.207579112283607,9.57583707782099,-4.7837551714954934e-05,-0.0002423259498549223,0.9968145185348077,0.9967224524772937,0.9968145185348076,0.9967224524772937,0.0,-8.86101402444538e-22
435,16,5.51520299911499,2.453855563766299,1.623564523567416,9.615593976185998,9.649372467954448,-2.4837007948671746e-05,-0.00017003954525273416,0.9965159601151848,0.9967111245623277,0.9965159601151847,0.9967111245623276,0.0,-2.709565372450124e-22
436,16,5.246981620788574,1.149263339816556,1.4176184437729749,9.904941973198873,9.772098650713776,-0.00018352230183936864,-0.00014600045741510522,0.99666462026089,0.9967222909269048,0.9966646202608901,0.9967222909269048,0.0,-3.2624270338941227e-23
437,16,5.390509128570557,0.6073478735770003,1.1759719839111233,9.965862384154798,9.90157092219081,-0.0002140873165417952,-0.0001377144041050005,0.996811060045651,0.9967575939649169,0.9968110600456511,0.996757593964917,0.0,4.245642355063304e-22
438,16,5.84906005859375,0.737347523554685,1.0272024343773052,9.983111277602697,10.040903688503871,-0.00018606619399009794,-0.0001194789445925836,0.9969060674473903,0.9967888060273327,0.9969060674473904,0.9967888060273328,0.0,1.6943233717250698e-21
439,16,5.939682960510254,1.563570200671734,0.8738340507177589,10.06658367796313,10.22012363660552,-2.5786519443125005e-05,-9.819787551882726e-05,0.9967759398170379,0.9968091472911692,0.996775939817038,0.9968091472911693,0.0,4.106933755769669e-21
440,16,5.716431617736816,1.0727875100634021,0.5363848546987976,10.363443766541169,10.444938924367275,1.982399659844809e-05,-0.00010183033549651191,0.9966870828627358,0.9968496210176702,0.9966870828627358,0.9968496210176702,3.399393698657793e-21,7.124967878544971e-21
441,16,5.759686470031738,-0.616355156179011,0.06509658209229746,10.933881548263102,10.663469182414579,-0.00022210718839940418,-0.00013191727139750587,0.9969237099040058,0.996927480895674,0.9969237099040057,0.9969274808956741,2.7188694624132843e-20,8.539052602661397e-21
442,16,6.216944694519043,-0.6094076005820658,-0.32320866186529934,10.810782275308883,10.80773144385252,-0.00021181926804512033,-0.00015364050555945525,0.9971521207414077,0.9970066232786163,0.9971521207414076,0.9970066232786164,0.0,6.1125206111578026e-21
443,16,6.063464641571045,-0.4481602236982417,-0.6023820968319885,10.851784057731479,10.88738865734844,-0.00016358142212648128,-0.00015499079345661978,0.9971063545447358,0.9970479736317422,0.997106354544736,0.9970479736317425,0.0,2.6403605249008453e-21
444,16,5.770691394805908,-0.5998033511682638,-0.8726263138154908,10.871117602977725,10.931265272706131,-7.421074345014826e-05,-0.0001489132081877905,0.9969516409223947,0.997059890753479,0.9969516409223947,0.9970598907534792,-1.3593966447088448e-20,3.4246679305224713e-22
445,16,6.092690467834473,-1.4767195826964112,-1.187819925488417,10.944669044443907,10.95301931363164,-0.00018298387306645892,-0.00014949637750876193,0.9971212229997157,0.9970708018614549,0.9971212229997157,0.997070801861455,2.718330899686942e-20,-8.908508547048868e-22
446,16,6.060466766357422,-1.4561507795391724,-1.5275260213868915,10.935048702520204,10.944384282054623,-0.00017428565247294177,-0.000150881251486806,0.9971176794445091,0.9970838350350398,0.9971176794445092,0.9970838350350398,-2.7183405600869236e-20,-3.5687064385226145e-21
447,16,6.017467975616455,-1.4170630280909433,-1.9317528457383584,10.914134456371185,10.889223937066703,-7.982053972253712e-05,-0.0001532724815781687,0.9969809891925764,0.9971114700851326,0.9969809891925763,0.9971114700851325,0.0,-4.611776198077907e-21
448,16,6.241519927978516,-2.7820120398810366,-2.4017353077964634,10.80706297782106,10.76984299912813,-0.00019402236954276655,-0.00016089467040891279,0.9972519197362401,0.9971703129354773,0.99725191973624,0.9971703129354771,0.0,-5.605185256707778e-21
449,16,6.306340217590332,-2.864421418530057,-2.8056936473111813,10.679391787546864,10.578151202224491,-0.0001894104950401137,-0.00015995316966094085,0.9972057516769726,0.9972460672566585,0.9972057516769726,0.9972460672566583,0.0,-8.102361533666713e-21
450,16,6.128102779388428,-3.0591238735553157,-3.090211341154327,10.323563950464251,10.326483477833476,-0.00012749290976227722,-0.00014311168538155096,0.9972971476003272,0.9973358272056364,0.9972971476003272,0.9973358272056362,-2.717851382344485e-20,-1.1043442075059074e-20
451,16,6.140869140625,-3.449023125629609,-3.245144079446149,10.011299017391513,10.05963935707869,-0.00010516125074340957,-0.00011302861003609823,0.9974640361945025,0.9974279338998532,0.9974640361945024,0.9974279338998531,0.0,-1.1767926605803993e-20
452,16,6.155365943908691,-3.5561931735120016,-3.2706345859519628,9.950848943959432,9.825400505245987,-0.000145060041351207,-6.92634915344789e-05,0.9975699547333382,0.9974988505882413,0.9975699547333382,0.9974988505882412,-2.7171081269566805e-20,-1.0975682223043108e-20
453,16,6.048387050628662,-3.0583042341713536,-3.246960346091558,9.50782033956499,9.666229993853182,3.528553684685616e-06,-1.3518445159429858e-05,0.9976080733414995,0.9975382792224153,0.9976080733414995,0.9975382792224153,0.0,-8.261979708008549e-21
454,16,6.0445556640625,-2.69760971585782,-3.3408982768107953,9.491598011569831,9.64655521428408,9.050477927955525e-05,3.1694341194489123e-05,0.9975009609484202,0.9975651792930311,0.9975009609484202,0.9975651792930312,0.0,-6.564008447716834e-21
455,16,5.985004901885986,-3.3381588856502717,-3.6350147094018697,9.712289410324521,9.780636522866375,0.000167463276859394,4.7782635324470805e-05,0.9974134575077195,0.9976200616766906,0.9974134575077196,0.9976200616766907,0.0,-7.039397157240677e-21
456,16,6.142441272735596,-4.937842949256274,-3.9807167043662295,10.335114171402155,10.018761405632972,-0.0001286823419288271,4.42984207507692e-05,0.99771977887529,0.997713616911463,0.99771977887529,0.9977136169114631,-2.716700108189958e-20,-7.70404107401087e-21
457,16,6.902980804443359,-4.777320864931539,-4.162359026057965,10.06433368800555,10.302452527804466,-4.3326974966865804e-05,5.862606423957566e-05,0.9981097638048038,0.9977893988887907,0.9981097638048038,0.9977893988887908,0.0,-5.398051758358866e-21
458,16,6.132810115814209,-3.356742886031195,-4.271819012736059,10.517624934821011,10.646081567167895,0.00023456740664416927,7.823154845355989e-05,0.9977296373331318,0.9977996615533703,0.9977296373331319,0.9977996615533703,0.0,-1.8791549809581135e-21
459,16,6.437113285064697,-4.162016575037287,-4.577139682521569,11.031225930039259,11.01107262306595,0.00010816032222791293,6.065041258875953e-05,0.9977526309155611,0.9977820325763038,0.9977526309155611,0.9977820325763038,0.0,1.2970348588724042e-21
460,16,6.6880927085876465,-5.1691576051193175,-5.084876615688698,11.470032690234978,11.305046428006877,-9.10128455860304e-06,6.599843862890341e-06,0.9976802587258811,0.9977735321816292,0.9976802587258811,0.9977735321816292,1.698004826388026e-21,3.423451210197363e-21
461,16,6.729360103607178,-6.03956057858594,-5.617667772024621,11.496381483162427,11.443695209652079,-9.35374281254249e-05,-5.871840851566582e-05,0.9978211026759881,0.9977906590068853,0.9978211026759881,0.9977906590068855,1.3582121203613763e-20,3.431248159767376e-21
462,16,6.579701900482178,-6.124961961476276,-6.022049831687439,11.524501150448963,11.395187023671932,-0.00013183067653962626,-0.00011361095389987835,0.9978410879621595,0.9978232262239486,0.9978410879621596,0.9978232262239488,0.0,3.869597914549995e-22
463,16,6.017200469970703,-6.054743038722358,-6.278431212678944,11.148152489653164,11.16387683605992,-0.00012150026077883489,-0.00014876143864907656,0.9978510373516661,0.9978643482457413,0.9978510373516661,0.9978643482457416,0.0,-3.897353860026829e-21
464,16,6.657692909240723,-6.476048147144751,-6.410115700841032,10.797485916718173,10.794046459889232,-0.00019280641928458991,-0.0001605372723815479,0.9978917934297883,0.9979134639236713,0.9978917934297883,0.9979134639236715,-2.7162318089596277e-20,-6.702080450280266e-21
465,16,6.62108850479126,-6.748146477636854,-6.384823711398177,10.422598503204705,10.3348017470758,-0.00017324793489586492,-0.00014068105542924927,0.9979246240725326,0.9979657155423743,0.9979246240725327,0.9979657155423745,0.0,-5.6235061846922136e-21
466,16,6.057708740234375,-6.6634448254239045,-6.198417193054687,9.781085266569074,9.841364874164961,-0.00015321935172820904,-9.047860682637928e-05,0.9981464340661577,0.9980060590373441,0.9981464340661577,0.9980060590373442,0.0,-3.431364966659077e-21
467,16,6.682041168212891,-5.479822075939742,-5.991185456723931,9.22345158831955,9.38993487290062,2.478124605274126e-05,-2.7642205115421254e-05,0.9980467701856013,0.9980166559948292,0.9980467701856013,0.9980166559948294,0.0,-2.485696456615346e-21
468,16,6.708164215087891,-5.346821429303338,-6.033297038365585,8.900103377326044,9.032912997837977,7.524511687094744e-05,1.259028794312632e-05,0.9980147665669289,0.998021234520785,0.9980147665669289,0.9980212345207851,0.0,-3.528088470728337e-21
469,16,6.684990406036377,-5.921298915407614,-6.434444012763879,8.85371804880312,8.760964008243162,0.00015322933031851463,9.743876806651229e-06,0.9977477975983502,0.9980622797713351,0.9977477975983502,0.9980622797713352,0.0,-6.0769304706944386e-21
470,16,6.147634506225586,-8.241596885782378,-7.034696175845985,8.688676945582625,8.521502147538772,-0.00019044970454446734,-2.471527527530894e-05,0.9983379399923104,0.9981600659373254,0.9983379399923102,0.9981600659373254,-2.715017953975223e-20,-8.028809638499209e-21
471,16,6.346311092376709,-7.5841228459834715,-7.568452704154755,8.23200689502142,8.291534073725636,-8.86995138440695e-05,-4.6155147312678346e-05,0.9984459976573241,0.9982576486493386,0.9984459976573241,0.9982576486493385,0.0,-6.719335549804606e-21
472,16,6.876674175262451,-7.187765253030093,-8.09599931242968,8.006202147956092,8.10039523584875,1.706512018504757e-05,-5.2440860224522764e-05,0.9982467585479387,0.9983427083273558,0.9982467585479387,0.9983427083273557,0.0,-4.281217375156327e-21
473,16,6.651787281036377,-8.680821628145187,-8.70856947579168,8.011316660249772,7.965764634730884,2.3421731114070813e-05,-6.147732677623623e-05,0.9982157930830368,0.9984649540251445,0.9982157930830369,0.9984649540251443,-3.394187722228673e-21,-1.997992526074347e-21
474,16,6.523619651794434,-10.140020441296814,-9.240410897284736,7.982150163019199,7.877643626351681,-0.00020248785648381348,-6.860379918844229e-05,0.9986752280595728,0.9986430133903773,0.9986752280595728,0.9986430133903773,0.0,4.487451509213589e-22
475,16,6.297356128692627,-9.995880726931762,-9.519038951859955,7.660081420846763,7.840057528406892,-0.00011008791145672161,-4.959032007914372e-05,0.9990923964112804,0.9988195277254125,0.9990923964112806,0.9988195277254126,0.0,3.245712421551957e-21
476,16,6.806472301483154,-9.019584883721778,-9.666327060749218,7.786730243609604,7.877326607063654,1.7073093606043385e-05,-1.7441463437981473e-05,0.9990022248114607,0.9989487731760116,0.9990022248114607,0.9989487731760116,0.0,6.109165156936341e-21
477,16,6.695086479187012,-8.667346414437443,-9.964587750178437,7.961170691161063,7.961703285876608,0.00019703306003931566,-1.0320648214358054e-05,0.9987282357156564,0.9990718525568321,0.9987282357156563,0.999071852556832,2.7139569447253095e-20,7.329726648864246e-21
478,16,6.408430099487305,-11.186305733059088,-10.45514527299158,8.184118034460763,8.026400067446179,-0.00010502030343417494,-4.623960912004793e-05,0.9992307132223647,0.9992406187671949,0.9992307132223647,0.9992406187671948,0.0,4.642688597751345e-21
479,16,6.681983470916748,-11.821527105995639,-10.815770727536098,8.031388744479262,8.009606554241167,-0.0002322766077780674,-8.572647184079706e-05,0.9996354377088393,0.9994116500069122,0.9996354377088392,0.9994116500069121,0.0,6.794233251114929e-22
480,16,6.642175197601318,-10.704081948772311,-10.917695513732149,7.834850833439683,7.8972475536565145,-0.00010399878325751363,-0.00010219364480642615,0.9996581657321916,0.9995300656744471,0.9996581657321916,0.9995300656744471,-1.355716145842951e-20,-1.92038506560283e-21
481,16,6.618823528289795,-9.939265517134178,-10.958503631021749,7.714676761095463,7.688558048169871,2.7426605306681858e-05,-0.00011547472153301716,0.9994488795735826,0.9996135779628181,0.9994488795735826,0.9996135779628181,3.390000087310875e-21,-1.887964394786582e-21
482,16,6.50861930847168,-11.18163913426573,-11.073038974222136,7.544970184930345,7.368279203411187,-0.00015625832915817063,-0.0001461306322587792,0.9995833508995544,0.9997208893260313,0.9995833508995544,0.9997208893260314,0.0,-9.679133611325504e-22
483,16,6.322906017303467,-11.982845092300854,-11.095173183799126,7.053763978134009,6.9370262408623065,-0.0002515194702694638,-0.0001744361393989581,0.9998438953813298,0.9998624865585621,0.9998438953813297,0.9998624865585621,0.0,-1.5077767631281472e-22
484,16,6.287288665771484,-11.148507454732167,-10.882448339626245,6.306352125673674,6.457252043685381,-0.00024530562558151256,-0.00017900813836536604,1.0002117881122847,0.9999956603887421,1.0002117881122847,0.9999956603887421,0.0,2.4526397842573785e-22
485,16,6.672918796539307,-9.892437230056316,-10.58194564545487,5.822175336339609,6.027529863880089,-9.662151526585887e-05,-0.00016685331891768074,1.0001093039766658,1.0000782163873088,1.0001093039766658,1.0000782163873088,0.0,-1.3036032845874993e-24
486,16,6.376809597015381,-10.02960752444118,-10.435567308630873,5.725896463255375,5.695661107176901,-0.00012395248705726887,-0.00016525511642522312,0.9999677943116577,1.0001327892576142,0.9999677943116577,1.0001327892576142,0.0,-1.1733748236550386e-21
487,16,6.240342140197754,-10.931540720337484,-10.477402156259965,5.504289619420283,5.441625400991545,-0.00022958700288448186,-0.00018323358685967401,1.0002200914183437,1.0001948015534892,1.0002200914183437,1.0001948015534892,0.0,-3.485439733435948e-21
488,16,6.103614807128906,-10.504457309439172,-10.60659176512422,5.129269056569785,5.244221446503231,-0.0001902983035273775,-0.00021608444513296536,1.0003780187398439,1.0002553099690978,1.0003780187398439,1.0002553099690978,0.0,-6.5482371883947755e-21
489,16,5.717390060424805,-10.298923046622265,-10.81973991428098,5.066455842160997,5.094450663941561,-0.0002099556645278197,-0.0002679065125582281,1.0002925346369205,1.0003099908511799,1.0002925346369205,1.0003099908511799,-2.7097127463793402e-20,-8.358416727954969e-21
490,16,6.460431098937988,-11.112179588120318,-11.076006130517706,4.916569707862518,4.951235602289547,-0.00022627705498309898,-0.00033398616188785716,1.0001705018455749,1.0003919330366395,1.0001705018455749,1.0003919330366395,0.0,-6.141441905815141e-21
491,17,6.081747055053711,-12.085848197754103,-11.167600603704457,5.163058478480425,4.753627708412215,-0.0006062739805451362,-0.000381799942806344,1.000456680345135,1.00052187054265,1.000456680345135,1.00052187054265,0.0,-2.0081682470237846e-21
492,16,6.753047466278076,-11.717147144197448,-10.930273711456167,4.353379688639358,4.461145441248296,-0.0004671882994552888,-0.0003608554193579995,1.001073414742935,1.0006493626436168,1.001073414742935,1.0006493626436168,0.0,2.426604689157903e-21
493,16,6.489037036895752,-9.361368096082238,-10.552306706810993,3.9194648749075185,4.154130771797263,-0.00011864979127477641,-0.0002922125203323791,1.0007393421824264,1.0007171532999724,1.0007393421824264,1.0007171532999724,0.0,6.465870162997112e-21
494,17,6.286271572113037,-9.270336598369463,-10.432925139395339,4.063471996355178,3.8979099734999068,-0.0001836450126918528,-0.00023254953685466277,1.0003783775464719,1.0007851754824275,1.0003783775464719,1.0007851754824277,2.709480224734112e-20,8.411584483139486e-21
495,16,5.938342094421387,-11.618350626099529,-10.589339827096174,3.641258045863068,3.6948513791452973,-0.0001975640146624987,-0.00019175433119513402,1.000940199159858,1.0009180313860575,1.000940199159858,1.0009180313860577,0.0,5.980007136157801e-21
496,16,6.414224624633789,-11.674013052584241,-10.664890091791918,3.465522746462805,3.5782348825233257,-0.00030158631769809766,-0.00015214688027309457,1.0013989137960106,1.00105568141953,1.0013989137960106,1.0010556814195302,0.0,1.8372859246735235e-21
497,16,5.776230812072754,-9.90869801138596,-10.59916697515223,3.4685689992471933,3.5697635835832693,-4.710810026402466e-05,-0.00010491496339879443,1.001162982887765,1.0011379897896389,1.001162982887765,1.0011379897896386,0.0,-1.839398206698547e-21
498,16,6.018853187561035,-9.63433079695864,-10.652362976949872,3.596330765900944,3.6462207017503445,9.023824178453453e-05,-8.098611251455219e-05,1.000977107185329,1.0012089656901824,1.000977107185329,1.001208965690182,-1.3539297810893471e-20,-3.724608845675107e-21
499,16,6.072201728820801,-11.430299570992752,-10.86794097866366,4.047266187009506,3.7410631244886368,-0.00014918483704524587,-9.138859460907224e-05,1.0011247913177732,1.0013279256136038,1.001124791317773,1.0013279256136036,0.0,-2.8015838607716988e-21
500,16,6.724414348602295,-12.559257572970157,-10.970072935033379,3.7094494850534443,3.787891242945663,-0.00033117613254938296,-9.518585883959169e-05,1.0018860298736592,1.0014705979071872,1.001886029873659,1.001470597907187,0.0,-6.723354901007315e-22
501,16,5.583613872528076,-9.86817206046265,-10.888809169992207,3.724265056476021,3.8032318687207027,8.467714438445657e-06,-7.274511603225239e-05,1.0015298853126957,1.0015635770186524,1.0015298853126957,1.0015635770186524,0.0,1.2105965145851202e-21
502,16,5.564554214477539,-9.99490135188377,-10.970033037839732,3.660563934907204,3.7980810276113965,8.850325756612598e-05,-6.97789804196337e-05,1.001513092306995,1.0016341084781728,1.0015130923069953,1.001634108478173,0.0,1.702546514233776e-21
503,16,5.95466947555542,-11.919462218788224,-11.275149805460023,3.8554521646417483,3.7421594035947376,-0.00011470447415110799,-0.00011082542810855888,1.0017156090410269,1.0017189569495095,1.001715609041027,1.0017189569495095,1.3529316138981854e-20,-8.081387667059668e-22
504,16,5.998884677886963,-12.192636009601912,-11.527048842593027,3.9618255247622707,3.564265817396326,-0.0003073810576893755,-0.00016445097923620708,1.001795462826153,1.0018138466009148,1.001795462826153,1.0018138466009145,0.0,-7.473394995898778e-21
505,16,6.044657230377197,-11.294030233064541,-11.618467393208203,3.0368725218453907,3.247012628957697,-0.00019717119223571498,-0.00019877273178130425,1.0020658723866085,1.0019025540366198,1.0020658723866085,1.0019025540366198,-2.7049174170138956e-20,-1.464672448163669e-20
506,16,5.7166643142700195,-11.02485436341387,-11.668586395355957,2.885057624174333,2.886360648077977,-0.0001387824919903828,-0.00022543916596121192,1.0017619420965544,1.0019753611901843,1.0017619420965544,1.001975361190184,-2.705738077392952e-20,-1.6260024485501367e-20
507,16,6.082351207733154,-12.310094077269188,-11.698998430380646,2.5264455358586844,2.54482419376008,-0.00030755484856338924,-0.00025971873173978333,1.0020648182207634,1.002053915095283,1.0020648182207634,1.0020539150952827,0.0,-1.0265108643142755e-20
508,16,6.280538558959961,-12.29614333170976,-11.55266490809976,2.093636924806803,2.2672550020881244,-0.00028117230367180184,-0.0002934191809892778,1.0023120081547887,1.0021066685983786,1.002312008154789,1.0021066685983784,0.0,1.86536359088862e-21
509,17,6.004397869110107,-10.690549134114859,-11.261610486917487,2.099863388744972,2.0800134800994137,-0.00037593477404466053,-0.00032511339653910735,1.0021373362534856,1.002103973803562,1.0021373362534856,1.0021039738035618,0.0,2.0773041670190925e-20
510,17,5.215071678161621,-10.39940009634835,-11.078070349208788,1.814128592331457,1.9582558084713981,-0.0002761676890898621,-0.0003574420575122723,1.0020456035330594,1.0020805044660133,1.0020456035330594,1.002080504466013,5.4099442613328854e-20,4.56470242523127e-20
511,17,5.142431259155273,-10.987966416683486,-11.066717049307407,2.02487969795756,1.8582243609201587,-0.0003620856553174317,-0.0004014884884639619,1.0018477940904174,1.0020938698091308,1.0018477940904174,1.0020938698091308,5.411012425644242e-20,6.957660209930475e-20
512,17,5.426600456237793,-11.816305085916996,-11.004811245603069,1.9201100928323938,1.7024429199694748,-0.0005294656207729602,-0.000440910425826835,1.002168492624512,1.0021708967329386,1.002168492624512,1.0021708967329386,1.0818561753484784e-19,8.555402225843265e-20
513,17,5.804402828216553,-11.325420017860905,-10.652344776162103,1.3724566942713388,1.4774195446562959,-0.0005599946511201817,-0.00044613733248270596,1.0025456712070102,1.0022495669929257,1.0025456712070102,1.0022495669929257,1.0814491585008633e-19,8.383817579499686e-20
514,17,5.549663066864014,-9.340425712147859,-10.09272002509153,1.127390548090025,1.2493494845921969,-0.00034553162891877805,-0.00042352239825342006,1.0022490965024748,1.0022699061239844,1.0022490965024748,1.0022699061239844,5.408845846152515e-20,6.300671846488627e-20
515,17,5.5737433433532715,-8.912642144083406,-9.635688760865657,0.9664827534149244,1.0582473405047146,-0.0002799316402395785,-0.0004177086527805723,1.0021027331338428,1.0022670525432136,1.0021027331338428,1.0022670525432136,5.409635841900734e-20,3.0775450884216115e-20
516,17,5.2079691886901855,-9.825177384081536,-9.333462703107102,1.0267438313327846,0.8869617660670576,-0.0004725347419006363,-0.0004449980386526779,1.0022040809748431,1.0022796896999344,1.0022040809748431,1.0022796896999344,0.0,-4.187471124556169e-21
517,17,5.719634056091309,-9.882776766617907,-8.975817784452373,0.7287999397620365,0.6895053189834923,-0.0006607648579960366,-0.0004714430124889939,1.0026096856549294,1.002283246185914,1.0026096856549294,1.002283246185914,-1.0813801103240657e-19,-2.579731017425285e-20
518,17,5.452716827392578,-7.62180557934546,-8.536998812178956,0.3283739523830138,0.4638044796389614,-0.0003619746061367881,-0.0004767270833757919,1.0021757722898195,1.0022402086533237,1.0021757722898195,1.0022402086533237,0.0,-2.1368693761329056e-20
519,17,5.337255954742432,-7.530338135879444,-8.255902905147614,0.2624935164146115,0.22139777075265146,-0.00035038589603707504,-0.0004957346108836868,1.001957505327391,1.0022088828752083,1.0019575053273913,1.0022088828752083,0.0,-3.2399705081730014e-21
520,17,5.011633396148682,-9.002880467073432,-8.074785056724652,0.22455824763483434,-0.06522455056740067,-0.0006801566378465582,-0.0005277511071781908,1.002201281509939,1.0022312542371097,1.002201281509939,1.0022312542371097,0.0,1.695629398424954e-20
521,17,5.721187114715576,-8.70627963267824,-7.692268753492805,-0.5950421325972448,-0.3954588575927099,-0.0006620994559412355,-0.0005261041074210698,1.0026087553999699,1.0022553059235397,1.0026087553999699,1.0022553059235397,1.0813811136658034e-19,2.9008441734716764e-20
522,17,4.8099236488342285,-6.108170368377146,-7.155608567379702,-0.9634591597524563,-0.6795903424604952,-0.00034407909606850093,-0.0004966129268149605,1.0021899950672615,1.0022261618496893,1.0021899950672615,1.0022261618496893,0.0,2.3540970317649185e-20
523,17,4.649796485900879,-6.06553772798154,-6.834590316108807,-0.792859702399815,-0.8937693418756752,-0.00037965407969885813,-0.0004897312283605305,1.0019811694398073,1.0021997686687858,1.0019811694398073,1.0021997686687858,0.0,1.3700550690934622e-20
524,17,4.321889877319336,-7.532553520132379,-6.736497522081168,-0.8317816228931731,-1.1233491792304215,-0.0006134303287779061,-0.0005023343792586865,1.0021825755977931,1.0022283351596,1.002182575597793,1.0022283351596,0.0,9.464256516426774e-21
525,17,4.587234973907471,-7.287323592897689,-6.569111175848427,-1.414523797857514,-1.4149083766900767,-0.0006266453166257728,-0.00048792654376772113,1.0025353037819316,1.0022767986340513,1.0025353037819316,1.0022767986340513,0.0,1.280857645710006e-20
526,17,4.839021682739258,-5.4467268237923925,-6.3358525468790665,-1.965610873124168,-1.695957356781022,-0.0003359831810437219,-0.00044455034550424754,1.0022586448150008,1.0022966414096517,1.0022586448150008,1.0022966414096517,5.4087943171876005e-20,1.9720921612530952e-20
527,17,4.649365425109863,-5.58350835326937,-6.299033457122877,-1.9553454646559476,-1.8905454419607755,-0.00029752482955403784,-0.00042188845919778877,1.0021450165288592,1.0023264810100627,1.0021450165288592,1.0023264810100627,0.0,2.367432375688209e-20
528,17,4.599884510040283,-7.078456515500764,-6.403245400418,-1.907888331828995,-2.0251477811178322,-0.0004703396207774751,-0.0004321353244212923,1.0023532005361413,1.0023984970764708,1.0023532005361413,1.0023984970764708,0.0,2.711415323242097e-20
529,17,4.686581611633301,-7.500591495049732,-6.3144080853189815,-1.9957352730383788,-2.1632668005358684,-0.0006057001277087751,-0.000435913850944226,1.002681710840824,1.002471141693996,1.002681710840824,1.002471141693996,1.0813024320313168e-19,2.4444641278229218e-20
530,17,4.751262664794922,-5.2991515375713485,-5.988389621173915,-2.414590799290136,-2.3161246833108904,-0.00036178920409328253,-0.0004119320648263175,1.0025271342217421,1.0024888522821345,1.0025271342217421,1.0024888522821347,-5.407345773873574e-20,5.577788391103935e-21
531,17,4.322422027587891,-5.078422512363548,-5.811710301300786,-2.5799425106599103,-2.4322154364281747,-0.00029322159883362063,-0.0003995654077097753,1.0024838475993036,1.002471885453996,1.0024838475993036,1.002471885453996,0.0,-1.7035083404304753e-20
532,17,4.558660984039307,-5.660290833395918,-5.960709793505467,-2.398135262637547,-2.4942814874552557,-0.0003784069525269429,-0.0004254920929490532,1.0022057068401087,1.002474575994084,1.0022057068401085,1.002474575994084,0.0,-4.327620565511594e-20
533,17,4.17107629776001,-7.006914612881402,-6.24565997976842,-2.484352290767706,-2.540756059312662,-0.0005307856609062418,-0.0004674752268487995,1.0025537934196447,1.0025344890478927,1.0025537934196447,1.0025344890478927,-1.0814403971156126e-19,-6.801532773570458e-20
534,17,4.473893642425537,-6.889290938091215,-6.370041352580364,-2.5954736559452107,-2.5832148511482402,-0.0006119127085757159,-0.00048199355262299815,1.002827789854528,1.002593236681781,1.0028277898545281,1.0025932366817811,-1.0811449218442387e-19,-7.243266602048295e-20
535,17,4.279115676879883,-5.787190598848328,-6.3490479387868275,-2.67258384628709,-2.603952110734595,-0.00040939032291906126,-0.00045746208790276233,1.0026059496306845,1.002596839770126,1.0026059496306845,1.0025968397701261,-5.406920699427708e-20,-5.2386884264757237e-20
536,17,4.351994037628174,-5.786631906287304,-6.4101818608632115,-2.584947049768583,-2.5909080361214767,-0.00030090788984718633,-0.00043200631970555876,1.002362585315993,1.0025810515496791,1.002362585315993,1.0025810515496791,0.0,-2.097191418168193e-20
537,17,3.9491679668426514,-7.251415703254241,-6.557997106565188,-2.4847213427397556,-2.5585655167897086,-0.0004863311350301402,-0.0004253067362298816,1.0026338899515053,1.002586316083266,1.0026338899515053,1.002586316083266,0.0,6.741204625854835e-21
538,17,4.31742525100708,-7.098531639361681,-6.5775723635639185,-2.508381021296245,-2.5184347658470823,-0.0005411301287346335,-0.00040923252946422457,1.0027591466985413,1.0025765464469434,1.0027591466985413,1.0025765464469434,1.0812189308420712e-19,2.2738963045145713e-20
539,17,4.06931734085083,-5.816071740763742,-6.515914478118837,-2.596428704749219,-2.4516179474846203,-0.0002900921613619356,-0.0003796547592022292,1.002494174446126,1.0025309673808704,1.002494174446126,1.0025309673808704,-5.4075235553589213e-20,2.638307436235307e-20
540,17,4.3867506980896,-5.904023941821039,-6.6165844764614326,-2.3622102992894924,-2.3421962154024345,-0.00022571332911347494,-0.00037946894677000874,1.0022621546471584,1.002498719440999,1.0022621546471584,1.002498719440999,0.0,4.0779028885810673e-20
541,17,4.582760810852051,-7.752036695052006,-6.8350505098765,-2.101339526883988,-2.2311489400937012,-0.0005206215299279466,-0.0004149935219709236,1.00261376974498,1.0025097919362305,1.00261376974498,1.0025097919362305,1.0813757053838159e-19,6.21623217211756e-20
542,17,4.165433406829834,-7.269047307960295,-6.876621771310356,-2.1085800395201026,-2.169027061804651,-0.0005225378263383278,-0.0004360414077899666,1.0026295275126613,1.002511624573912,1.002629527512661,1.0025116245739119,1.0813587100064867e-19,6.795081899790281e-20
543,17,4.436967849731445,-6.32902059970049,-6.75407637126017,-2.1654328984573956,-2.1548223096346826,-0.00040473694814153674,-0.00042508769455294314,1.0024489472192337,1.0024789705587849,1.0024489472192337,1.0024789705587847,5.4077675251844594e-20,5.246768182272751e-20
544,17,4.140369415283203,-6.233100542141498,-6.674960201071125,-2.1724803911837984,-2.153467568982477,-0.0003554893467271363,-0.0004055102865412851,1.002360137318883,1.0024384540672686,1.002360137318883,1.0024384540672684,0.0,2.9784745268307853e-20
545,17,4.336242198944092,-7.020231093969917,-6.683695584048425,-2.1339677559965335,-2.1298871581961754,-0.00040443947497300644,-0.0003965864719640528,1.0024166894315854,1.002409287397833,1.0024166894315851,1.0024092873978325,0.0,1.556117745790521e-20
546,17,4.327008247375488,-7.028448846547975,-6.6472355940465775,-2.0965638252070184,-2.057672328323102,-0.0004037458525828793,-0.0003972439659464002,1.0023852631123682,1.0023785330301798,1.0023852631123682,1.0023785330301795,0.0,1.2714004903363655e-20
547,17,4.139252185821533,-6.440749673585757,-6.552618953554194,-1.9951481101178106,-1.917433831481427,-0.00041237532039720126,-0.00040517806658359206,1.0023663409089467,1.0023291585336243,1.0023663409089467,1.0023291585336243,5.408213186320427e-20,1.42529358783366e-20
548,17,4.3044867515563965,-6.297130678548475,-6.551328097299899,-1.78533830608708,-1.7122647756934883,-0.0003894593380921189,-0.00042196104634958665,1.0022698308903282,1.0022509286783636,1.0022698308903282,1.0022509286783636,0.0,1.0758572863420818e-20
549,17,4.373645782470703,-6.8699786851240825,-6.763816520400569,-1.3471989236777517,-1.4856358111689134,-0.0005086361462803733,-0.0004494729302641416,1.0021904427864485,1.0021502937872433,1.0021904427864483,1.0021502937872435,0.0,5.884396096314288e-21
550,17,4.290118217468262,-6.597185491647512,-7.2138272068998335,-1.3180133652138981,-1.3030786807652623,-0.0004415361573733884,-0.0004835621995703259,1.0020396016053212,1.0020481657660316,1.0020396016053212,1.0020481657660318,0.0,2.4938801392309164e-21
551,17,4.9726176261901855,-7.487796830309839,-7.882647739355752,-1.2070257479820623,-1.1865510234274006,-0.00042294943577227655,-0.000535211887298677,1.0017828016526176,1.0019814763683361,1.0017828016526176,1.0019814763683363,0.0,-5.23995198343989e-24
552,17,4.282609939575195,-9.332072394435794,-8.4935786492301,-1.0474790888235446,-1.1524943857429812,-0.000666357176090553,-0.0005951433973591401,1.0019764415300283,1.0019701221584068,1.0019764415300283,1.0019701221584068,0.0,-3.698512462826839e-21
553,17,4.019966125488281,-9.49174888810099,-8.651342514478985,-1.1129921596028791,-1.2160710075874093,-0.0007450826287672545,-0.0006171508691310307,1.0021171450384252,1.001963547431531,1.0021171450384254,1.001963547431531,0.0,-1.0555558119806957e-20
554,17,4.278896808624268,-7.931461559599641,-8.324501251207312,-1.4620251540080293,-1.344525000121327,-0.0005273992564822984,-0.0005844641004268252,1.0019223285074375,1.0019109445950276,1.0019223285074377,1.0019109445950274,0.0,-2.0121559167538578e-20
555,17,4.376801490783691,-7.661187830028271,-7.850221132122785,-1.515159764533155,-1.4662385212862488,-0.0005210238624064418,-0.0005313506298675034,1.001787664000254,1.0018228535696592,1.001787664000254,1.0018228535696592,-1.0822674419408996e-19,-2.5587953466498907e-20
556,17,4.335384845733643,-7.328848298607569,-7.480888274332518,-1.5603911882370727,-1.5486184797441078,-0.0004665248657768832,-0.0004819466255107367,1.0017136094508978,1.001725743787029,1.0017136094508978,1.001725743787029,5.4117372583158963e-20,-1.924796575597328e-20
557,17,4.197345733642578,-7.277750961419555,-7.346597256367621,-1.6083794685292638,-1.5896199248257896,-0.00046094058687088827,-0.000449671754609805,1.0017024856106547,1.0016328371864556,1.0017024856106547,1.0016328371864556,-5.411797355302341e-20,-1.5550726891991916e-20
558,17,4.229542255401611,-6.8457720826011,-7.4959767797294345,-1.581855698546325,-1.5979975898873024,-0.00036035205212229463,-0.00044225173299297204,1.0014328282180691,1.0015561375367432,1.0014328282180691,1.0015561375367432,0.0,-1.2764071173335357e-20
559,17,3.9323904514312744,-8.126136987384017,-7.875285777391603,-1.5502018428182833,-1.589235380729428,-0.00047181430747432343,-0.0004624755065135923,1.0014504321292252,1.0015213553683977,1.001450432129225,1.0015213553683977,0.0,-1.5755367015233117e-20
560,17,3.897808790206909,-8.920673225167148,-8.201575684114344,-1.563098474859342,-1.5706426756172638,-0.0005492604786798657,-0.0004839811304021893,1.0016022931874276,1.00150700564108,1.0016022931874276,1.00150700564108,0.0,-2.667253350135776e-20
561,17,3.8043360710144043,-8.429159321661574,-8.299181290981421,-1.5538114788731094,-1.531948490762686,-0.0005143158482921837,-0.00048270460696795754,1.0015366590891681,1.001461448775537,1.0015366590891683,1.001461448775537,-1.0825386795841452e-19,-3.764912212672246e-20
562,17,4.067840576171875,-7.882569848913995,-8.31289827927671,-1.5164364216333484,-1.45825938019143,-0.0004671758395754831,-0.00046432483833734443,1.0014365639894351,1.0013710606197044,1.0014365639894354,1.0013710606197046,0.0,-3.5793480674656824e-20
563,17,4.41694450378418,-7.820489146509322,-8.468325925659325,-1.3440767362354047,-1.348250626150374,-0.00034151911807179765,-0.00045378025678363145,1.001074664534018,1.0012678098338956,1.001074664534018,1.0012678098338958,-5.415191348340539e-20,-3.018899867503693e-20
564,17,4.50478982925415,-9.225333603543074,-8.777187273831544,-1.1501391808493127,-1.22487049837262,-0.0005052052085491024,-0.00046978001256092023,1.0012096141767597,1.0011984426181786,1.0012096141767597,1.0011984426181786,0.0,-2.5331779319974443e-20
565,17,4.441616535186768,-9.321401574243216,-9.009330045274906,-1.136909077372437,-1.1082218249057705,-0.0005254287172580366,-0.0004926966832126392,1.001227233942552,1.0011450005998943,1.001227233942552,1.001145000599894,0.0,-2.8857416797458825e-20
566,17,4.417581558227539,-8.940920517309348,-9.068974683346445,-1.013646743740682,-0.9930451178509855,-0.0005275006227258148,-0.0005085801355699644,1.0011387449495317,1.0010832927035855,1.0011387449495317,1.0010832927035853,-1.0829689470665328e-19,-3.858154976458519e-20
567,17,4.499068260192871,-8.829018226394043,-9.005995964242253,-0.8429426639175015,-0.8797697393058328,-0.0004495539245421091,-0.0005207042678990241,1.0008686502214297,1.0010259417380867,1.0008686502214295,1.0010259417380865,5.4163059870325565e-20,-4.5738980396245666e-20
568,17,4.575538158416748,-9.199034053423917,-8.835155388960652,-0.732056100613831,-0.775773670175752,-0.000578070469544931,-0.0005358649759028018,1.0010277059788484,1.000999358794259,1.0010277059788484,1.0009993587942587,-1.0830890753671243e-19,-5.564700892876656e-20
569,17,4.759891033172607,-8.849225090568952,-8.527185777213484,-0.7236058659766266,-0.6727122288561206,-0.0006024479915395613,-0.0005401660135144502,1.0010838233663,1.0009795169172973,1.0010838233662998,1.000979516917297,-1.0830283610414424e-19,-4.7987978860803865e-20
570,17,4.957096576690674,-7.6227539496587955,-8.199153507474586,-0.6507857585914838,-0.5473654053640434,-0.0004940582170100205,-0.0005342487430832877,1.0009559903363705,1.000947656638718,1.0009559903363707,1.0009476566387179,0.0,-1.7985033576436372e-20
571,17,4.892314910888672,-7.386907713819523,-8.066709720757716,-0.42678315245681925,-0.40001514580099956,-0.00044024086296303306,-0.0005415438165295796,1.0008264138055132,1.0009259925774192,1.0008264138055132,1.000925992577419,5.416534563486218e-20,1.4133356523912715e-20
572,17,4.765976428985596,-8.602134130145979,-8.109925675191496,-0.10524085710152105,-0.27453548441005615,-0.0005878222251624809,-0.0005678473433673704,1.0008648584260749,1.0009402296572143,1.0008648584260749,1.0009402296572143,0.0,3.2631592046920096e-20
573,17,4.88621711730957,-8.814045223617848,-8.06004436363826,-0.16589621676025876,-0.21822966195049717,-0.0007129119494213693,-0.0005811095938153742,1.0011482138194667,1.000974541315103,1.0011482138194667,1.0009745413151032,1.0829587043352749e-19,3.4685753282536215e-20
574,17,4.592302322387695,-7.38789063081432,-7.832438477838453,-0.24805420163780145,-0.21507639999950795,-0.0005363033689180846,-0.0005592066119040181,1.0009688034451873,1.000992531260586,1.0009688034451876,1.0009925312605865,0.0,1.5830497994344e-20
575,17,4.366912841796875,-7.478589767376558,-7.614862558947828,-0.20638729154377572,-0.21816207931901282,-0.00046972509891307895,-0.0005266969291488376,1.0009029475983422,1.0010107398480723,1.0009029475983424,1.0010107398480725,0.0,-6.553770988892915e-21
576,17,4.279593467712402,-7.743847390990485,-7.486463134700431,-0.28135275676448146,-0.1868991613398069,-0.0005381755846170572,-0.0005061443059489068,1.0011663361368868,1.00104237706438,1.0011663361368865,1.00104237706438,-1.0829391014774039e-19,-1.3717911469957653e-20
577,17,4.5917277336120605,-7.131396557550175,-7.458871092552441,-0.17528235687990024,-0.08824113453562059,-0.0004458741594383894,-0.0004996777328301391,1.0010326944703216,1.0010697791603043,1.0010326944703216,1.0010697791603043,0.0,5.148795269917779e-21
578,17,5.169259071350098,-7.565063140167271,-7.598288168038014,0.13636328486319504,0.06824932967475819,-0.000525705451431674,-0.0005112698493089649,1.001082747974384,1.0011086716529278,1.0010827479743842,1.0011086716529278,1.0830295244616952e-19,2.522041393109463e-20
579,17,5.257691383361816,-7.940578302267638,-7.8722777460628794,0.3104151815292575,0.23806546777859214,-0.0005348236399970636,-0.0005294434572305067,1.0011314392261426,1.0011706538264946,1.0011314392261426,1.0011706538264946,1.0829768499964141e-19,1.804745859539064e-20
580,17,5.029242992401123,-8.328351117699832,-8.212724896114475,0.4157356363980554,0.3985895028142067,-0.0005763750656216925,-0.000543262030374449,1.0012607099257909,1.001251551609748,1.0012607099257909,1.001251551609748,-1.0828370290949106e-19,-8.686003637877132e-21
581,17,5.098262786865234,-8.66434077521059,-8.58231125522659,0.5514642434453547,0.5595299185162134,-0.0005323685575945401,-0.0005478051305625504,1.001381679590359,1.0013322459329264,1.001381679590359,1.0013322459329264,-1.082706219399805e-19,-1.777171667964894e-20
582,17,5.407115936279297,-9.030374461126215,-8.99742399062191,0.8249382366112825,0.7421474253704478,-0.0005668626344747699,-0.0005489117023458425,1.0013695160181098,1.0013977812484118,1.0013695160181098,1.001397781248412,1.0827193709638517e-19,-7.16377901696685e-21
583,17,5.317972660064697,-9.51794965606566,-9.516074326218606,0.8643641462923466,0.9734211308482693,-0.0006072842728915384,-0.0005514624074638636,1.0015233612348615,1.001448879486478,1.0015233612348615,1.001448879486478,0.0,-5.392075068052375e-21
584,17,5.412524223327637,-9.471287987780075,-10.214789528672945,0.9440199651924007,1.2984073996953924,-0.0004243720477215861,-0.0005698638527429294,1.0014612739842483,1.0014873567092688,1.0014612739842483,1.0014873567092686,-5.413100838997383e-20,-9.22707808448608e-21
585,17,6.262951374053955,-11.08157766937352,-11.110442606671885,1.8689046668046525,1.7017795574182262,-0.000617064584345349,-0.0006268123696852166,1.001425469653804,1.0015359166907518,1.001425469653804,1.0015359166907516,0.0,-7.602968001219625e-21
586,17,6.174991607666016,-12.641295707096475,-11.965417402679936,2.253787279825395,2.051749188262107,-0.000761047715723238,-0.0006996283399601882,1.001651107316436,1.0016060833404816,1.001651107316436,1.0016060833404814,0.0,-3.635672573605793e-21
587,17,5.7776079177856445,-12.674859393606276,-12.523553442646069,2.3406269055592333,2.2551580956406636,-0.000766181472612461,-0.0007550887410092728,1.0016919468763994,1.0016759347711726,1.0016919468763994,1.0016759347711723,0.0,-1.5671323763980662e-21
588,17,5.652200698852539,-12.88418580720147,-12.753428625509901,2.38460835544674,2.3031803560719615,-0.0008190946293015676,-0.0007796137323104594,1.0017294658894,1.0017304574564538,1.0017294658894,1.0017304574564538,0.0,-3.757279339328449e-21
589,17,5.75062370300293,-12.824353997595926,-12.73784060764254,2.1579244923530094,2.237871261222512,-0.0007844480896421534,-0.0007714222374029486,1.0018044957996948,1.0017633901710759,1.0018044957996948,1.001763390171076,0.0,-1.1450508809757294e-20
590,17,5.668023586273193,-12.345339242426514,-12.622578913072434,2.0412623600940236,2.128776189791497,-0.0007315833823375174,-0.0007438332278726241,1.0017876216549055,1.0017728419930605,1.0017876216549058,1.0017728419930605,0.0,-2.3571454155276318e-20
591,17,5.680717468261719,-12.393057638877192,-12.56979188185926,1.9777646007326921,2.018615266598653,-0.0006683665169384819,-0.0007167187700785408,1.0017293827968419,1.0017716033440078,1.0017293827968419,1.0017716033440078,-1.0823304088958611e-19,-3.3006543220421114e-20
592,17,5.726694107055664,-12.597196568589904,-12.64213369435962,1.9828507532733113,1.9111086630200111,-0.000716588972277834,-0.0007029537081395509,1.0017773451687082,1.0017772545614183,1.0017773451687082,1.0017772545614183,0.0,-3.0111646491703656e-20
593,17,5.741516590118408,-12.538857244797455,-12.81699026641894,1.7480435016532248,1.795100493601836,-0.0006758614556576065,-0.0006994988611174044,1.0017779253928727,1.0017946181248518,1.0017779253928727,1.0017946181248518,0.0,-2.5731871337957493e-20
594,17,5.890421390533447,-13.280282785193313,-13.019356142078207,1.7394211781513804,1.6758506639708328,-0.0007022004781005089,-0.0007018616753914802,1.0017946571915233,1.0018236731176289,1.0017946571915235,1.0018236731176289,0.0,-2.4886134716012326e-20
595,17,5.690663814544678,-13.468477013580822,-13.100065825571823,1.5549662867593457,1.55419867526829,-0.0007225870523963467,-0.0006989111155620151,1.0018543856853637,1.0018565440136626,1.0018543856853634,1.0018565440136626,-1.0821953648920819e-19,-1.9603289886221064e-20
596,17,6.167339324951172,-13.474659869376566,-13.002419905693396,1.4248467938096696,1.4478521402177487,-0.0007412744757506382,-0.0006796383237249177,1.0019838399392158,1.001874361018461,1.0019838399392158,1.001874361018461,0.0,9.696716197564657e-22
597,17,5.89152717590332,-12.197200279884077,-12.85042622316828,1.3135035159973045,1.3781161887779503,-0.0006392984856562764,-0.0006457962624672197,1.0018926989670347,1.001863874947025,1.0018926989670347,1.0018638749470252,1.0821539807639401e-19,2.0292852705675692e-20
598,17,5.712368488311768,-12.242252292679858,-12.895490098262183,1.288618067846662,1.3537959942734061,-0.0005461102752663936,-0.0006201506885082222,1.0017644440488194,1.001848783106134,1.0017644440488196,1.0018487831061342,0.0,2.133383121645087e-20
599,17,5.845429420471191,-13.130281015422186,-13.160055844862727,1.3327983368458631,1.3554657391906098,-0.0005631638738892207,-0.0006221321618168148,1.0017626682729581,1.0018638872137138,1.0017626682729581,1.001863887213714,0.0,1.3822853366053473e-20
600,17,5.851495265960693,-14.135918201655025,-13.395144602300414,1.4665662857401975,1.3350554458167307,-0.0007022563564313429,-0.0006413606257636982,1.001938679440553,1.0019101977895022,1.001938679440553,1.0019101977895022,0.0,6.462103085381041e-21
601,17,5.849976539611816,-13.975008904159305,-13.348541596058897,1.4389561310460233,1.242439726170529,-0.0007472596062627297,-0.0006470488576482949,1.0020247527718409,1.0019510221243428,1.0020247527718409,1.0019510221243426,0.0,1.1490945042537458e-21
602,17,5.726022720336914,-12.860490328864604,-13.058557635326093,0.9891574012844253,1.0846137114094219,-0.0006222733783990914,-0.0006316532417034666,1.0020242937971566,1.0019567183073792,1.0020242937971566,1.001956718307379,0.0,-3.5506849209254226e-21
603,17,5.792933940887451,-12.123122777852846,-12.812151068636506,0.7174712280311601,0.9355894243732157,-0.0004892436562911026,-0.0006245437813961027,1.0018988542195195,1.0019296171362806,1.0018988542195195,1.0019296171362804,0.0,-9.68131500303423e-21
604,17,5.823140621185303,-12.727608972300114,-12.82551885557002,0.9810001785777895,0.8360205131706026,-0.000655222738601838,-0.000649075273500525,1.0017943957269735,1.0018978478444018,1.0017943957269735,1.0018978478444016,0.0,-1.7414569821506424e-20
605,17,6.016442775726318,-13.346002035334037,-13.064418460602921,0.7901355151267564,0.7589759710324516,-0.0007703108697087736,-0.0006839364786749394,1.0019422130264384,1.001876557797453,1.0019422130264382,1.0018765577974527,-1.0821005027930645e-19,-2.2027828114393224e-20
606,17,5.986084461212158,-13.226837498298936,-13.428698948528863,0.5893172282758001,0.7095847899355845,-0.000706203628207332,-0.0007056783877697685,1.0019225970341519,1.0018497977883907,1.0019225970341519,1.0018497977883902,1.0821216885365327e-19,-1.923901125185752e-20
607,17,6.278036117553711,-13.622671514843864,-13.884534271471697,0.7183739165341573,0.7051636373125798,-0.0006606579196665008,-0.0007191940615864358,1.0017300244095682,1.001820156091813,1.0017300244095682,1.0018201560918127,-1.0823297156582148e-19,-2.079536996233282e-20
608,17,6.239255428314209,-14.782264076458347,-14.335015959424558,0.7881860023414695,0.7277701039104761,-0.0007479974042862167,-0.0007318893314052895,1.0017883593106813,1.0018119006018493,1.0017883593106813,1.0018119006018493,0.0,-1.1134571914947468e-20
609,17,6.1589531898498535,-14.83562358089355,-14.619840847394766,0.7696447040442985,0.7586875529245829,-0.0007518294732630642,-0.0007340604345719443,1.0018092671140546,1.0018249452609997,1.0018092671140546,1.0018249452609997,0.0,8.945563737355427e-21
610,17,5.9451704025268555,-14.697393592766412,-14.71647835181775,0.7131282290328419,0.8001870784307709,-0.0007560996654465933,-0.0007178964214881665,1.0018952300523842,1.001843432346738,1.001895230052384,1.0018434323467378,0.0,3.457217147318878e-20
611,17,5.8848395347595215,-14.57112482597322,-14.70476164512263,0.859461095570423,0.8557452013562961,-0.0006622312734787219,-0.0006855996734851501,1.0018633092868336,1.001848854357237,1.0018633092868336,1.0018488543572366,1.0821857257725936e-19,5.610875423595871e-20
612,17,6.001375198364258,-14.716801372579251,-14.664620036952714,0.9905475122460853,0.9018219388487586,-0.0006592365094459282,-0.0006512535167820445,1.0018055668668728,1.0018394061164504,1.0018055668668728,1.00183940611645,1.0822481011722917e-19,5.625374261683973e-20
613,17,5.8987627029418945,-14.747687872361599,-14.635142786512686,0.8987733648939047,0.916187001191167,-0.0006168736910831741,-0.0006250705258641612,1.0018548312927817,1.0018194545253996,1.0018548312927815,1.0018194545253993,0.0,3.605540496775491e-20
614,17,5.818894863128662,-14.403361328389794,-14.6705063647232,0.8869483317885971,0.904087599811757,-0.0005888748969568193,-0.0006172678562533179,1.0018098266294118,1.0017865138847093,1.0018098266294118,1.0017865138847093,0.0,1.461885712441922e-20
615,17,6.176755905151367,-14.450875767406735,-14.843815715200428,0.8529192971679955,0.870854519360078,-0.0005993383021977537,-0.0006337171154338076,1.0017390153458254,1.0017487816819586,1.0017390153458254,1.0017487816819586,0.0,2.3176185077475866e-21
616,17,6.332139492034912,-15.161684042680122,-15.11868193043038,0.8118906731946711,0.8133688671231483,-0.0006392985871133329,-0.000667600169082531,1.001618291784764,1.0017241877137721,1.0016182917847642,1.0017241877137724,0.0,1.624936824166904e-21
617,17,6.131034851074219,-16.03338511100311,-15.315484544440316,0.8199699492152062,0.7212998263193181,-0.0008038211066870005,-0.00069664499757231,1.0017266109728282,1.001721174909746,1.0017266109728282,1.0017211749097463,0.0,1.2954601664121297e-20
618,17,6.0571441650390625,-15.664253628829245,-15.29408699488949,0.550909004710705,0.5902910799131336,-0.0007568142794371955,-0.0006955226624043495,1.0018388223871848,1.0017146656615656,1.0018388223871848,1.0017146656615659,0.0,3.4995277087513165e-20
619,17,6.10234260559082,-14.391494886349319,-15.176177297312817,0.37672371809822297,0.4441570550874589,-0.000612379652786617,-0.0006757559892333895,1.0016980773252366,1.0016829741751,1.0016980773252369,1.0016829741751003,1.0823642343215557e-19,5.937430915684446e-20
620,17,6.231908321380615,-14.630946681538044,-15.196680442617907,0.2812660703592811,0.29655800943896504,-0.0005442425798574118,-0.0006720008434755554,1.0014913487043506,1.0016458703687916,1.0014913487043506,1.0016458703687918,1.0825876567862103e-19,6.936649997719275e-20
621,17,6.371549606323242,-16.296480274493664,-15.324838329870452,0.29155648205819507,0.1352467669437627,-0.0007940251662043061,-0.0006934892579171557,1.0016487294951628,1.001625697270472,1.001648729495163,1.0016256972704722,0.0,6.41224685695771e-20
622,17,6.517232418060303,-15.633130564535442,-15.364329998610218,0.010898045879735297,-0.050037865426056566,-0.0007992544231200425,-0.0007118736686267467,1.0017347782185422,1.001598978998348,1.0017347782185422,1.0015989789983482,1.0823245793798035e-19,5.397764250959532e-20
623,17,5.748013973236084,-14.542541008477244,-15.398307129483793,-0.45566443632045606,-0.2172519920199458,-0.000582299378849035,-0.0007268503538982717,1.0015215661243146,1.001547701051775,1.0015215661243149,1.001547701051775,0.0,3.650009146204187e-20
624,17,5.801807403564453,-15.474843194155781,-15.598235414422119,-0.25265628574876003,-0.31298221691392164,-0.0007723165507787609,-0.000761019846179146,1.0014428093957775,1.0014953932446147,1.0014428093957775,1.0014953932446147,0.0,1.79852274106726e-20
625,17,6.383519172668457,-16.135945654300414,-15.86429376708024,-0.34790603967127404,-0.35270797327426684,-0.0008388835080744981,-0.0007970306624957902,1.0014372017518893,1.0014631405281358,1.001437201751889,1.0014631405281358,1.0826461914824298e-19,-4.5847291723020785e-21
626,17,6.325778961181641,-16.15144567213625,-16.006915167968774,-0.3518967837181151,-0.35138970506917566,-0.0008304458861268192,-0.0008125948803150081,1.0014416928116106,1.0014506119453281,1.0014416928116103,1.001450611945328,-1.0826413362534756e-19,-3.432885177897877e-20
627,17,5.985324382781982,-16.111128800969162,-15.922492950624328,-0.2893437791705397,-0.31758480400631367,-0.0008130836105599835,-0.0008008063990779164,1.0014404912589134,1.0014443752622184,1.0014404912589134,1.0014443752622182,-1.0826426352329244e-19,-4.642896065695216e-20
628,17,5.775067329406738,-16.106502711630252,-15.589132013763482,-0.22647693087753681,-0.257356898257757,-0.000805377197123326,-0.0007646096734909183,1.0014622636550192,1.0014258659152797,1.001462263655019,1.0014258659152795,0.0,-3.5430918422391835e-20
629,17,5.708422660827637,-14.78299246671922,-15.099640004595138,-0.16635431037068535,-0.16515945476240415,-0.00070313167049348,-0.0007156591870513969,1.0014392767963913,1.0013775574696895,1.0014392767963913,1.0013775574696893,0.0,-1.871695279282969e-20
630,17,5.614684104919434,-14.009061349809501,-14.705900424620605,-0.1541756311889302,-0.023118175535728758,-0.0006009030728410407,-0.0006789622407775216,1.0012810072402718,1.001298672479641,1.0012810072402718,1.0012986724796409,0.0,-5.466812038232931e-21
631,17,5.991732597351074,-14.359300329515445,-14.539559441488093,0.1452881058158553,0.17786195178912773,-0.000642372773199559,-0.0006722294430080804,1.0011509299624601,1.0012103544663484,1.0011509299624601,1.0012103544663484,0.0,4.693589374637927e-21
632,17,6.204679012298584,-15.033342778655324,-14.459283038413243,0.48716435363926025,0.4004654019672426,-0.0007197025067331493,-0.0006837093446478362,1.0011066148336911,1.0011281681081032,1.0011066148336911,1.0011281681081032,0.0,1.5128993961297486e-20
633,17,6.2529683113098145,-15.057432249575925,-14.25298372083231,0.7138138093199122,0.5928143458685156,-0.0007914291041223532,-0.0006883664543196917,1.0010876036864391,1.0010453350199138,1.0010876036864391,1.0010453350199138,0.0,2.694820879355034e-20
634,17,6.278359889984131,-13.207677359478323,-13.939271876560706,0.6653947530212991,0.7374024140910067,-0.0006448476301829622,-0.0006782833776059077,1.0009824482529017,1.0009467928564582,1.000982448252902,1.0009467928564582,1.0831380454051446e-19,3.396550295136401e-20
635,17,6.189648151397705,-12.944964275749419,-13.77836982753177,0.7153178053145093,0.8560853180693044,-0.0005810775295797395,-0.0006782678797316978,1.0008208016998243,1.0008319099590393,1.0008208016998243,1.0008319099590393,0.0,2.6147694771068086e-20
636,17,6.475893020629883,-14.239648599300478,-13.797609560356635,1.0070469733705496,0.9464375508657589,-0.0006723788142236814,-0.0007030264289215,1.0006315657311862,1.0007137288062717,1.000631565731186,1.0007137288062717,0.0,1.2663510490466681e-20
637,17,5.829310417175293,-14.665710757838,-13.736703155844141,1.2100899192925765,0.9604221763071433,-0.0008610258994684901,-0.0007314440821524777,1.000653887045923,1.0005982157870101,1.000653887045923,1.0005982157870101,0.0,-7.398384837930214e-22
638,17,6.087428092956543,-13.10755197047058,-13.482110192905921,0.7913002170662219,0.8780223197243404,-0.0007282008801971145,-0.0007358090155830792,1.0005299631834914,1.0004695722494714,1.0005299631834914,1.0004695722494714,0.0,-1.4247937331268627e-20
639,17,6.084242820739746,-12.561957712156826,-13.228410010726074,0.644022919848439,0.7586384406176863,-0.000672903312990635,-0.0007278125309205204,1.0003491488346214,1.0003286785324816,1.0003491488346214,1.0003286785324816,0.0,-2.764514831177531e-20
640,17,5.921735763549805,-13.221497711759286,-13.07303056082697,0.658741230420232,0.6451790732776653,-0.0007000271852552112,-0.0007229161636677225,1.0000689645057095,1.0002019215247635,1.0000689645057095,1.0002019215247635,-1.0841274061748115e-19,-3.388664207324619e-20
641,17,5.753259658813477,-13.55033403075072,-12.882257923819877,0.6902342313717459,0.5380465397476264,-0.0007811497165827079,-0.0007165481080649321,1.0001258071607921,1.0001162820884315,1.0001258071607921,1.0001162820884315,0.0,-2.1988281219326848e-20
642,17,6.196473121643066,-12.598509632301658,-12.572235455841362,0.3773433801780012,0.4454032795689432,-0.0007098859856464287,-0.0006976357491277237,1.0001220397134187,1.0000580234363006,1.0001220397134187,1.0000580234363006,0.0,-1.125304928544613e-21
643,17,6.037688255310059,-11.759239962384425,-12.293206863074651,0.31463512966172463,0.4212300554848691,-0.0006551354372548512,-0.0006754916165398965,1.0000437944166305,1.000010832181356,1.0000437944166305,1.000010832181356,0.0,2.0811066122912652e-20
644,17,5.810648441314697,-11.664771244569248,-12.215854816809948,0.3631633109890141,0.5019058866932793,-0.0006044992994562385,-0.0006669935330648424,0.9999148270023823,0.9999821136397825,0.9999148270023823,0.9999821136397825,1.0842945251005077e-19,3.642495459981884e-20
645,17,5.703843593597412,-12.816516014117408,-12.296281656457875,0.7198388657760966,0.67281253420377,-0.0006945327380839321,-0.0006783323690023313,0.9999219805905991,0.9999894224681517,0.9999219805905991,0.9999894224681516,0.0,3.762190891687966e-20
646,17,6.016356945037842,-13.096682922672906,-12.310176651483422,0.9335343357581611,0.8692053721152961,-0.0007481823291080738,-0.0006949296580979877,1.000117435842835,1.0000253405706574,1.0001174358428353,1.0000253405706572,0.0,3.511541177702204e-20
647,17,6.224880218505859,-11.505765742396118,-12.223415890617623,1.1238774505977316,1.035703711610491,-0.0006801500589644672,-0.0007067304244535364,1.000083641339205,1.0000620449787412,1.0000836413392047,1.000062044978741,1.0841114959481362e-19,3.0249395072993e-20
648,17,6.116562366485596,-11.486486588912305,-12.241277998086373,1.1203498647582064,1.148486200268604,-0.0006751819740015609,-0.0007200559685910284,1.0000775168901594,1.000097481857848,1.0000775168901592,1.0000974818578479,0.0,1.61342651862982e-20
649,17,6.191377639770508,-12.989286917469087,-12.345225840186291,1.1731499165614088,1.2145389443307317,-0.0007306421224670978,-0.0007335291156783387,1.0001271089867534,1.0001422420467647,1.0001271089867534,1.0001422420467645,-1.0840643781608209e-19,6.479177815194895e-21
650,17,6.253396034240723,-13.226095430519761,-12.270218732333099,1.463212591634932,1.2355590545225146,-0.0008537167150134406,-0.0007291250380817302,1.000154364409755,1.000201053602833,1.000154364409755,1.0002010536028327,1.0840348360878779e-19,6.916977642824745e-21
651,17,5.848696708679199,-11.866493042292397,-11.970575604373828,1.1953650003017589,1.2158269536607882,-0.0007298636071288143,-0.0006941478958264704,1.0003353851499002,1.0002685727639404,1.0003353851499002,1.0002685727639402,0.0,-6.628798568116395e-21
652,17,6.00839376449585,-10.901267338060341,-11.744644246841027,0.998126961125168,1.2264721883107754,-0.000558559274949449,-0.0006578837369469093,1.0003628226877836,1.0003289849033987,1.0003628226877836,1.0003289849033985,0.0,-3.479156716208405e-20
653,17,6.272739410400391,-11.034115923420252,-11.864255402493473,1.126923387710784,1.3315088808629398,-0.0005433233762382497,-0.0006631079153182037,1.0003320990868232,1.0003873343294494,1.000332099086823,1.0003873343294492,-1.083842229470837e-19,-6.523719714548133e-20
654,17,6.177865028381348,-12.859859480435494,-12.255794076794723,1.6312288203321583,1.5036396369119505,-0.0007305366887931742,-0.0007140954772019771,1.0003981355190308,1.0004606683702961,1.0003981355190308,1.000460668370296,-1.0837706848813688e-19,-7.728268265934795e-20
655,17,5.972700119018555,-13.630177985615473,-12.564286287540494,1.8283263110778794,1.6428879902498474,-0.0008998065069878679,-0.0007707119363698342,1.0006020174123404,1.0005464040741032,1.0006020174123404,1.0005464040741032,-1.0835498566046894e-19,-6.349745347403236e-20
656,17,6.154606819152832,-12.089028016537354,-12.647226554965295,1.6238398571074992,1.6886465223950315,-0.0007788068111956827,-0.0007990374640972568,1.0006831844274098,1.0006222529444493,1.0006831844274098,1.0006222529444493,0.0,-3.333978771732962e-20
657,17,6.041336536407471,-12.044897694307279,-12.709978599436836,1.6234613057063365,1.6451821313902701,-0.0007676362306420422,-0.000806550025398116,1.000664569641477,1.0006837738512222,1.000664569641477,1.0006837738512222,0.0,-1.0574971655528831e-20
658,17,6.132366180419922,-13.278895121927292,-12.813062123812553,1.6294484003850058,1.509382485425344,-0.0008232560049534463,-0.0008015947695062039,1.000702547520934,1.0007488537192568,1.000702547520934,1.0007488537192568,1.0834410036942808e-19,-1.1138554546966348e-20
659,17,6.080398082733154,-13.411587877025818,-12.796145723954886,1.3777487898524257,1.2755717742042478,-0.0008313676502703759,-0.0007801374743742783,1.0008075517550106,1.0008303683125637,1.0008075517550103,1.000830368312564,-1.0833273295992359e-19,-3.5401282679931395e-20
660,17,6.136343002319336,-12.222012545859778,-12.643181459522935,0.9200180196184696,0.9827639622699261,-0.0007418684667593546,-0.0007460211332248462,1.0009693672557467,1.0009230709184247,1.0009693672557467,1.000923070918425,-1.0831522002096312e-19,-5.064837308871026e-20
661,17,6.112510681152344,-12.12920312145678,-12.538667376607137,0.522339975088657,0.7072433197462205,-0.0006438204171423321,-0.000720880174725607,1.0010403190696697,1.0010144101875227,1.0010403190696697,1.001014410187523,-1.0830754284633833e-19,-4.258145545888448e-20
662,17,5.971433639526367,-12.453233853025246,-12.549516038616757,0.5285399393572056,0.49872866148624667,-0.000696831038668482,-0.0007229764129168789,1.0010332065903584,1.0011068234545915,1.0010332065903582,1.0011068234545917,1.0830831238640223e-19,-2.6351161489884705e-20
663,17,5.5525360107421875,-13.06830087491145,-12.570631399515102,0.35166280140905415,0.34533230494400513,-0.0007680180309125894,-0.000743533300828356,1.0012074521406007,1.001208758604131,1.0012074521406007,1.001208758604131,0.0,-3.1802813127802036e-20
664,17,6.116575717926025,-13.115224019422293,-12.474841478567143,0.2739325430198482,0.23057369132053526,-0.0008468172679277491,-0.0007612303142460645,1.0014165110149187,1.0013068382497394,1.0014165110149187,1.0013068382497394,-1.0826685605439877e-19,-4.7857327142964376e-20
665,17,5.388898849487305,-11.456212294547852,-12.345091484908453,0.11498444440041918,0.1459605465816904,-0.0007264986220015154,-0.0007676692505407549,1.001351932927762,1.0013900496237487,1.001351932927762,1.0013900496237487,-1.0827383828136269e-19,-4.671846453628551e-20
666,17,5.402202606201172,-11.609700958625963,-12.43476388288934,0.024103582759143448,0.09473129508956088,-0.0007076566054936679,-0.0007803106240984457,1.0013913648128188,1.001479022241761,1.0013913648128188,1.001479022241761,0.0,-2.2434733132289458e-20
667,17,5.747455596923828,-13.6980478754257,-12.675871386006806,0.09626448779347876,0.06704671106866644,-0.0008350839465713592,-0.0008032657372874239,1.0015723359254665,1.0015827221422826,1.0015723359254665,1.0015827221422826,0.0,7.092910645458882e-21
668,17,6.479163646697998,-13.610361555336386,-12.72869611461357,0.08485923553068556,0.02884315770950162,-0.0009379772348419409,-0.0008150802228800884,1.0018095526570785,1.001676235938975,1.0018095526570785,1.001676235938975,1.0822437953500221e-19,2.5766935079485096e-20
669,17,5.918270111083984,-11.632778890763657,-12.588400645615462,-0.1234671515379865,-0.045982436376391156,-0.0007356276677970398,-0.0008081198192490052,1.0017389934048733,1.0017340985474865,1.0017389934048733,1.0017340985474865,0.0,2.3438982458334205e-20
670,17,6.007802486419678,-11.868457749958116,-12.529673597979293,-0.1301169137760123,-0.1700766396413289,-0.0007182079894588217,-0.0008095259447899738,1.0016624741803768,1.0017716487060697,1.0016624741803768,1.0017716487060695,0.0,1.2995619816166756e-20
671,17,5.495906829833984,-13.291020238376705,-12.532032891248711,-0.19924690087827554,-0.37368256866345817,-0.0008680159263899775,-0.0008250691164321882,1.0018308506607239,1.0018073392386238,1.001830850660724,1.0018073392386235,0.0,5.0500365870541164e-21
672,17,5.625351905822754,-12.98268694084076,-12.348434049501243,-0.5745210791364425,-0.6657694986385245,-0.0009471618492181512,-0.000828845513006783,1.001868493049702,1.0018268400055919,1.001868493049702,1.0018268400055916,0.0,3.7029499774033015e-21
673,17,5.382018566131592,-11.411026994326047,-11.987097897817664,-1.2608294151987673,-0.9857262137616104,-0.0007510349465527752,-0.0008119177405759926,1.0018445384080865,1.0018184194165012,1.0018445384080865,1.0018184194165012,0.0,9.999133510555607e-21
674,17,5.18678092956543,-11.152928573788916,-11.682364120150547,-1.4489527550417018,-1.2512729918199492,-0.0007224304967722885,-0.0008031857317778844,1.0017830229071734,1.0017884197879414,1.0017830229071736,1.0017884197879414,0.0,2.2474006901418274e-20
675,17,4.948078155517578,-11.764153830625387,-11.479424086687947,-1.3074154892476197,-1.4832997401253107,-0.0008164087413857618,-0.0008136800346652896,1.0016899535035673,1.0017550741257861,1.0016899535035675,1.0017550741257861,1.0823730124209966e-19,3.400415186717759e-20
676,17,5.399566650390625,-12.081457011060785,-11.216204126772427,-1.4525459698269398,-1.7790277744613698,-0.0009601634353525482,-0.0008215074625133259,1.0017273774140578,1.001731198685807,1.0017273774140578,1.0017311986858073,0.0,3.540366178117917e-20
677,17,4.944009304046631,-10.466503863337751,-10.859174510282793,-2.195856305227969,-2.162738577207327,-0.0007939151373461894,-0.0008105258971035905,1.0017966696748273,1.00170574089375,1.0017966696748275,1.0017057408937502,0.0,3.883751252512973e-20
678,17,5.167883396148682,-9.586611593452831,-10.659278026340576,-2.835136045948221,-2.535114834980465,-0.0006562181923947552,-0.0008104838334106382,1.0016420750942046,1.0016686390459324,1.0016420750942046,1.0016686390459326,1.0824247497625687e-19,4.757349422978077e-20
679,17,4.983067512512207,-10.947631344448572,-10.708674081717264,-2.8021375450442085,-2.8068791983646544,-0.000849009182236007,-0.0008436333671214081,1.0015885293322258,1.0016394360123724,1.0015885293322258,1.0016394360123726,0.0,5.3368651376894964e-20
680,17,4.754177570343018,-11.56151561827797,-10.713451961451206,-2.9288386043600325,-2.995421107017421,-0.0009670823872397929,-0.0008776768310527526,1.0016239970737972,1.001632016787951,1.0016239970737975,1.0016320167879516,1.0824442861322768e-19,6.088643615511514e-20
681,17,4.688875198364258,-10.683711485881233,-10.447544252337119,-3.0809056666118164,-3.136483883838621,-0.0009373631263744087,-0.0008768959271720065,1.001684880393794,1.0016392571212311,1.0016848803937939,1.0016392571212314,0.0,6.547983376696806e-20
682,17,4.491738319396973,-9.517210869256413,-10.033578145178227,-3.2327096696081967,-3.23630863139633,-0.0008066560212340728,-0.000843813582188568,1.0016417490154954,1.0016507861943786,1.0016417490154956,1.0016507861943789,1.0824251021397188e-19,6.893845805750715e-20
683,17,4.410120010375977,-9.466147903524417,-9.708701131595504,-3.3175185783203927,-3.27460367339905,-0.0007728853283262768,-0.0008075475967949562,1.0016408364220264,1.0016712467681144,1.0016408364220264,1.0016712467681148,1.0824260883356118e-19,5.717750642054926e-20
684,17,4.186883926391602,-10.113549016759382,-9.517622077688365,-3.267314319227529,-3.2287026817970244,-0.0008147586186850941,-0.0007857098673779518,1.0017047251099573,1.0017032393649545,1.0017047251099571,1.001703239364955,0.0,2.9488960916361674e-20
685,17,4.970774173736572,-9.118138166070542,-9.423567201800788,-3.1792425973235274,-3.095316151501904,-0.0007531090989342965,-0.0007823028068332223,1.0018141116381605,1.001737314853217,1.0018141116381605,1.0017373148532172,0.0,5.055559641690882e-21
686,17,5.107852935791016,-8.83195319551776,-9.567698129594326,-2.9298834076383664,-2.8973250812941593,-0.0007277008408894598,-0.0008066058329125129,1.0017330802803295,1.0017685417869089,1.0017330802803297,1.001768541786909,0.0,-3.881636487674498e-21
687,17,5.022017002105713,-9.969728866729403,-9.975859068836934,-2.527244788873151,-2.69381524273251,-0.0008749641289486491,-0.0008534624152123602,1.0017434817351876,1.0018161917008468,1.0017434817351876,1.001816191700847,-1.0823151757448769e-19,1.0654137545079163e-20
688,17,4.576022148132324,-11.137300883505427,-10.389515491890236,-2.4712927556316626,-2.5480031467585853,-0.0009702726262339318,-0.0008894821797044899,1.0019128474308405,1.00188754923067,1.0019128474308407,1.00188754923067,1.0821322186512274e-19,4.7088670265898716e-20
689,17,4.405177593231201,-10.861129468892242,-10.552432251532474,-2.49301641104627,-2.4602858887697017,-0.0009267535495518005,-0.0008893738027318967,1.0020006372860222,1.0019635403380538,1.0020006372860222,1.0019635403380538,1.0820374081019848e-19,6.796301180605095e-20
690,17,4.579608917236328,-10.14012238158392,-10.511330152699676,-2.492824603069777,-2.3912870103446244,-0.0008017633905005369,-0.000862903310262292,1.0020539597393465,1.0020314509696187,1.0020539597393465,1.0020314509696187,1.0819798294769738e-19,5.1568651823488724e-20
691,17,4.683316707611084,-10.164726035610505,-10.462841105715997,-2.3689531963674924,-2.316133636521886,-0.0008153259591386953,-0.0008356070140855647,1.002056683462354,1.002096814512205,1.002056683462354,1.002096814512205,0.0,2.040798766308313e-21
692,17,4.848649024963379,-10.757894619478003,-10.469038739789726,-2.123666808087806,-2.2550915073944635,-0.000852910244348118,-0.0008122201594907827,1.0021482988076211,1.002173246898161,1.002148298807621,1.0021732468981608,-1.0818779753211307e-19,-5.2119697854189625e-20
693,17,4.594541549682617,-10.66674678135334,-10.47539717541033,-2.2410018997978582,-2.2451918632321983,-0.0008031379280514974,-0.0007881330592567052,1.002256922492102,1.0022596122690883,1.0022569224921019,1.002259612269088,-1.0817607223800925e-19,-8.296991994856439e-20
694,17,4.778141498565674,-10.30832923484513,-10.521173792383191,-2.3312633654899972,-2.2808663991011744,-0.0007403995765127281,-0.0007728246957683045,1.002403547203147,1.0023419567330705,1.002403547203147,1.0023419567330702,-1.081602489846118e-19,-8.512029282003047e-20
695,17,4.812045097351074,-10.4036991093272,-10.72245099967548,-2.390626012313844,-2.347794575638863,-0.0007246569462870477,-0.0007819949117654562,1.002391584651712,1.0024086546544173,1.002391584651712,1.0024086546544173,0.0,-6.951170110174281e-20
696,17,4.52905797958374,-11.005230262642986,-11.107584553552607,-2.3635353463348556,-2.45326688301006,-0.0008221134349114532,-0.0008158946563701602,1.0024732767770559,1.002468484391549,1.002473276777056,1.0024684843915492,-1.0815272562388955e-19,-5.1455016486530635e-20
697,17,4.897810459136963,-11.726682190677508,-11.561894321712002,-2.5562698640786823,-2.61620979798237,-0.0008959616622024458,-0.0008518452056841293,1.0024950180187426,1.002530084069037,1.0024950180187426,1.0025300840690372,0.0,-2.861203376225184e-20
698,17,4.6897382736206055,-12.410285099325655,-11.918992283889464,-2.796101523172255,-2.8209467874252216,-0.0009098429918369436,-0.0008682436989465907,1.0025926719830185,1.0025992068160328,1.0025926719830185,1.002599206816033,0.0,-1.0780901433922414e-20
699,17,4.618419647216797,-12.09917017269709,-12.106338488558515,-3.1657658356649185,-3.0199248633067763,-0.0008340710533571521,-0.0008635469049729783,1.0027088598422575,1.0026689687375105,1.0027088598422578,1.0026689687375108,0.0,-1.8235151863590745e-21
700,17,4.561465263366699,-11.8472214070346,-12.243869064190756,-3.1731105650981286,-3.164566922660135,-0.0008458914448788779,-0.0008525542070169694,1.0027373996677045,1.0027306386043782,1.0027373996677047,1.0027306386043784,0.0,1.0280755286989116e-21
701,17,4.733241558074951,-12.270477341816047,-12.457039037146522,-3.2643196498502327,-3.258171439543982,-0.0008160545911786799,-0.0008424482746071962,1.0027514686939702,1.0027901049723777,1.0027514686939702,1.002790104972378,0.0,2.093338350105873e-21
702,17,4.856447219848633,-12.896125447659085,-12.707877804035968,-3.281571114892203,-3.321072039104828,-0.0008502407262952077,-0.0008328787554686342,1.0028417025471912,1.0028558972759762,1.0028417025471912,1.0028558972759762,0.0,5.291033224234207e-21
703,17,4.712487697601318,-13.261450599404029,-12.871279184323534,-3.3415688842852678,-3.3730818755579803,-0.000843194768677336,-0.0008148869520438655,1.0029226064245005,1.0029219224507766,1.0029226064245005,1.0029219224507764,0.0,1.3215324693288123e-20
704,17,4.758623123168945,-13.142196584736622,-12.907913134986362,-3.387741709832629,-3.417594280441718,-0.0008081008956058254,-0.0007858987634699915,1.0030634174191873,1.0029735813208263,1.0030634174191873,1.0029735813208263,0.0,2.518221908214853e-20
705,17,4.572662830352783,-12.26084218866546,-12.957825626877625,-3.481923619173035,-3.4403575773940918,-0.0007080484481200318,-0.0007571547378909285,1.0029736642315135,1.003003358177461,1.0029736642315135,1.003003358177461,1.0809876780924541e-19,3.297328055658726e-20
706,17,4.676237106323242,-12.705072387220126,-13.216933380989271,-3.4897719376126464,-3.4173107370519222,-0.0006976279365042408,-0.0007459611452928395,1.0029662928507377,1.0030334881112362,1.0029662928507377,1.0030334881112364,0.0,2.4986626553407654e-20
707,17,4.912961959838867,-14.352982659820839,-13.599653205828707,-3.309710981778251,-3.343561235031366,-0.0008236333126649409,-0.000749189128501595,1.0030802234763974,1.0030772897756781,1.0030802234763974,1.0030772897756783,0.0,1.2679681498636415e-20
708,17,5.176483631134033,-14.163008491905359,-13.83716256803338,-3.21829330495263,-3.2413819853854693,-0.0007587350915112473,-0.0007482360886956232,1.0031633979418737,1.0031211741967139,1.003163397941874,1.003121174196714,0.0,4.19523459310903e-21
709,17,5.502645015716553,-13.373777051103051,-13.910196444686443,-3.183124153284227,-3.125597338411283,-0.0006975095128946076,-0.0007474834097291253,1.003177330916578,1.0031501467756885,1.0031773309165777,1.0031501467756885,0.0,5.319402638890213e-22
710,17,5.2974419593811035,-13.945748250488206,-13.934324581029886,-3.0290977087192092,-3.0048562696439376,-0.0007252030373644292,-0.0007573649448445974,1.0031231120444304,1.0031664078542055,1.0031231120444302,1.0031664078542053,0.0,6.142767937520864e-23
711,17,5.336947917938232,-14.43205553457626,-13.873745463197794,-2.7428813445266385,-2.9072531337502077,-0.0008515985960913906,-0.0007696412036359257,1.0031684786230697,1.0031812590608324,1.0031684786230697,1.0031812590608322,0.0,6.071623192013558e-22
712,17,5.425439357757568,-13.539803608868118,-13.699129764702738,-2.903210315383086,-2.8599948788318525,-0.0007656575904791111,-0.000767836969341781,1.003245948332421,1.0031923467390844,1.0032459483324208,1.0031923467390842,0.0,-1.2511579178825272e-22
713,17,5.1656880378723145,-13.120701361189788,-13.55944478363696,-2.89777557575849,-2.8398505713117363,-0.0007376948815923385,-0.0007605459960075655,1.0031911389828427,1.0031937795626207,1.003191138982843,1.0031937795626207,0.0,-4.631848015892738e-21
714,17,5.046671390533447,-13.108165844233351,-13.559260052659983,-2.8777754049507513,-2.8292244139663913,-0.0007187627022501796,-0.0007606425124016719,1.0031488510753088,1.0031965182966756,1.0031488510753088,1.0031965182966756,0.0,-1.501687477682765e-20
715,17,4.966300010681152,-14.153309095582664,-13.597708839013174,-2.809003730311838,-2.8385574241187506,-0.0007796648051471385,-0.0007692058937819366,1.0031965013453312,1.0032109663217925,1.0031965013453312,1.0032109663217925,0.0,-3.044711922096644e-20
716,17,4.877984046936035,-14.203062939079167,-13.426602054310633,-2.7958365811962906,-2.897750783972177,-0.0008237875531020942,-0.0007715533455392175,1.003256525110791,1.0032292830406682,1.003256525110791,1.0032292830406682,-1.0806829014800322e-19,-4.1722445436588914e-20
717,17,5.231797695159912,-12.910757149524091,-13.023952043962103,-2.9087007817841015,-3.0214232117485196,-0.0007909371193768768,-0.0007576845263360138,1.003269346878874,1.0032367564424114,1.0032693468788738,1.0032367564424114,0.0,-3.3470730001332e-20
718,17,5.006626129150391,-11.928992927831056,-12.684132675344358,-3.292786124663626,-3.1754983296065338,-0.0006884884975542618,-0.0007400266721822156,1.003219591637873,1.003229925155591,1.003219591637873,1.003229925155591,-1.0807226867603512e-19,-8.407319179222145e-21
719,17,4.933988094329834,-12.20260152369953,-12.665171685930256,-3.4122231088380843,-3.2882438793891478,-0.0006887847392814343,-0.0007426001606250386,1.0032072833984216,1.0032180938250734,1.0032072833984216,1.0032180938250732,1.0807359460277323e-19,2.7605322301034637e-20
720,17,4.697867393493652,-13.289765663053643,-12.908174553449934,-3.3761392482722887,-3.3305346066150823,-0.0007739783978611021,-0.0007693574734294013,1.0032090012539394,1.003208778147489,1.0032090012539392,1.0032087781474888,1.0807340954181328e-19,4.3607436709233226e-20
721,17,4.592385768890381,-13.379601962484484,-13.158203700115346,-3.2726455427966346,-3.3317098163860908,-0.00084073068788028,-0.0008010338092690653,1.0031925284180063,1.0032047676666969,1.0031925284180063,1.0032047676666966,0.0,3.4261579828914246e-20
722,17,4.422327518463135,-13.329244084265333,-13.278088793898458,-3.322051222030665,-3.343244976572337,-0.0008255102339903769,-0.0008189070001488153,1.0032000471219042,1.0032068518287953,1.0032000471219042,1.0032068518287953,0.0,2.162650281744892e-20
723,17,4.281605243682861,-13.342868546085631,-13.251245264803261,-3.3709035026717165,-3.3971180050921683,-0.0008299672422916428,-0.0008198473140110668,1.0032183131524153,1.0032107175738556,1.0032183131524153,1.0032107175738556,0.0,1.903011454921132e-20
724,17,4.275276184082031,-13.340964454020042,-13.109127182961828,-3.3594722866314917,-3.5095092876571825,-0.0008370384295421795,-0.0008077838551872985,1.0032144477850868,1.003209110305995,1.0032144477850868,1.0032091103059952,0.0,2.6794637431148534e-20
725,17,4.344844818115234,-12.278044349134841,-12.944548999824793,-3.7776051005042564,-3.670511782864692,-0.0007377885796655955,-0.0007938570795871068,1.0032208873531618,1.0031975189310003,1.0032208873531616,1.0031975189310003,1.0807212909472001e-19,3.3492919396191444e-20
726,17,4.863775253295898,-12.6146102207725,-12.884110162169996,-3.9234497879448242,-3.8210166932439917,-0.000736657123781007,-0.0007959684111513256,1.0031275770735841,1.0031763663235347,1.0031275770735841,1.0031763663235347,0.0,2.2764557907519103e-20
727,17,4.942312240600586,-13.711593267395845,-12.80178557968451,-3.8376163240779477,-3.9371156504010543,-0.0009031245627893505,-0.0008084182539372689,1.0031645710225654,1.0031510058564452,1.0031645710225656,1.0031510058564452,0.0,1.710074853757492e-21
728,17,4.827448844909668,-12.721783232436751,-12.49330211505026,-4.0746100495853295,-4.032733871540789,-0.0008282576557635568,-0.0008074466498155031,1.0031421368277997,1.0031127605507406,1.0031421368277997,1.0031127605507404,0.0,-2.384621283900376e-20
729,17,4.3994975090026855,-11.637979755926,-12.073376644720684,-4.121880748357417,-4.09941849688848,-0.0007595337559775986,-0.0007994410050332275,1.0030397839533518,1.003056038563465,1.0030397839533518,1.0030560385634646,-1.0809164200967798e-19,-4.8582308622471737e-20
730,17,4.454770565032959,-11.210812045598326,-11.778587532775006,-4.267553176075199,-4.137006988324056,-0.0007509723559195027,-0.0008029143173761349,1.003010378118036,1.0029854618109098,1.0030103781180357,1.0029854618109095,0.0,-6.434070600456839e-20
731,17,4.365026473999023,-11.638584312069009,-11.65048143283035,-4.042980268819908,-4.1696174105656985,-0.000834765569325745,-0.0008185009715100484,1.0028483233784875,1.0029045246493238,1.0028483233784875,1.0029045246493238,-1.0811227851814565e-19,-7.709099148314295e-20
732,17,4.316941738128662,-11.995014554090726,-11.477745691776182,-4.225997809282912,-4.260120019257963,-0.0008587206276273816,-0.0008253230293076537,1.0028013573343035,1.002819194748889,1.0028013573343035,1.002819194748889,-1.0811734193974214e-19,-7.73551472413717e-20
733,17,4.540672779083252,-11.662639069377333,-11.04057883104278,-4.315318282427038,-4.4328040266567115,-0.0008586781127403303,-0.0008069226382706891,1.002785317296946,1.002714995167473,1.002785317296946,1.002714995167473,0.0,-6.420949365453639e-20
734,17,4.6451802253723145,-10.287311409564511,-10.370335969688071,-4.6260292199487,-4.676398121693785,-0.0007977786764733597,-0.0007657232130307611,1.0025764367036532,1.0025719363069276,1.0025764367036532,1.0025719363069274,-1.0814159726815709e-19,-4.5316371666378824e-20
735,17,4.737956523895264,-9.085716397510138,-9.768818997015773,-5.092584933965328,-4.928518599362914,-0.0006323009350134641,-0.0007292948635206435,1.0023625630317234,1.0023946779558703,1.0023625630317234,1.0023946779558701,0.0,-1.330013730472304e-20
736,17,4.699962139129639,-8.920933554707076,-9.503114724859193,-5.34190035000449,-5.112409820418372,-0.0006523955597623793,-0.0007329042506085691,1.0022631128610302,1.0021930988105614,1.0022631128610302,1.0021930988105612,0.0,2.3413215343108936e-20
737,17,5.445751667022705,-9.525037157389544,-9.53293794097846,-5.122882153469016,-5.22686196455744,-0.0007711324979038003,-0.0007723686442035773,1.0019145588449083,1.0019722284495416,1.001914558844908,1.0019722284495414,1.0821303702138678e-19,5.3352252029561633e-20
738,17,4.841564178466797,-10.625054246366691,-9.544320727569351,-5.065798975670443,-5.359978073728052,-0.0009584089404040795,-0.0008054175269010857,1.0017119894203035,1.0017547219276512,1.0017119894203037,1.0017547219276512,1.0823492021024309e-19,6.239280431566725e-20
739,17,5.863935947418213,-9.553573257706516,-9.2645236811564,-5.622629703860836,-5.559164815589463,-0.0008145589487581933,-0.0007957499179717364,1.0016213414058552,1.0015462451904262,1.001621341405855,1.0015462451904262,0.0,5.695530131136663e-20
740,17,4.955989837646484,-8.28284974848362,-8.830581105233549,-5.874472442963419,-5.762896054478463,-0.000672011079693564,-0.0007632610551676373,1.001309337819684,1.001338409838086,1.001309337819684,1.001338409838086,0.0,5.986894997677058e-20
741,17,5.276621341705322,-8.326100428866576,-8.522015565024686,-5.8818887051135205,-5.91389110728171,-0.000749723324252763,-0.0007395935719667047,1.0011318478938287,1.00114091787573,1.0011318478938287,1.00114091787573,1.082976407919135e-19,7.419292061885017e-20
742,17,5.3579607009887695,-8.406939368006144,-8.431128149503651,-5.999665848616453,-5.996802957195964,-0.0007300212525786413,-0.0007264820096067933,1.000967938665082,1.0009585196428152,1.0009679386650818,1.0009585196428155,1.0831537460944314e-19,8.007374132739234e-20
743,17,5.5058135986328125,-8.286114343177662,-8.53233723631355,-6.044805968704234,-5.995407593574205,-0.0007203112290104892,-0.0007213661611652456,1.000802982242824,1.0007910779917144,1.000802982242824,1.0007910779917144,1.0833322759048747e-19,6.648755189078977e-20
744,17,5.690864562988281,-8.744983997987301,-8.754257474176198,-5.9104564402466515,-5.8958647999668115,-0.0007068660901479337,-0.0007236747321364211,1.0005909708014407,1.0006418913230213,1.0005909708014407,1.000641891323021,0.0,3.8496066727882705e-20
745,17,5.392336368560791,-9.47207262292143,-8.939795830316982,-5.783815387944964,-5.702413494288603,-0.0007181694273402674,-0.0007313919075379845,1.0005041373994008,1.0005148534646966,1.0005041373994008,1.0005148534646964,0.0,1.4468166687815396e-20
746,17,5.3643879890441895,-9.504329470988642,-8.95332176428321,-5.37951987641843,-5.435200941431292,-0.0008143409084171241,-0.0007357238907538782,1.0004675697594023,1.0003970899191363,1.0004675697594023,1.0003970899191361,0.0,2.318495017097244e-21
747,17,5.591072082519531,-8.35058081317306,-8.88640936798867,-5.147004398702648,-5.138518227387654,-0.0007116396354674581,-0.000728689845604379,1.0003081539274854,1.0002738744579467,1.0003081539274854,1.0002738744579467,0.0,1.65760823533906e-21
748,17,5.773468494415283,-8.05624789601597,-9.018993827446852,-4.819551681072786,-4.845302223532741,-0.0006478803771364423,-0.0007265638885951875,1.0000640456366732,1.0001564611380098,1.0000640456366732,1.0001564611380098,0.0,9.937166562695662e-21
749,17,6.012111663818359,-9.891613071382984,-9.419879885614654,-4.531295345055685,-4.584462683571873,-0.0007676951425402823,-0.0007401600363232193,1.000079052704715,1.000065967819062,1.000079052704715,1.000065967819062,0.0,2.3040977411668495e-20
750,17,5.499825954437256,-10.10048063537887,-9.834654704256062,-4.344746075917856,-4.372875121123059,-0.0007692396465101311,-0.0007552226559707169,0.9999946430541835,0.9999970526766038,0.9999946430541834,0.9999970526766038,1.08420798052891e-19,3.159380784674261e-20
751,17,5.4012532234191895,-10.087278203465194,-10.104045081984877,-4.277777293298943,-4.205814281506108,-0.0007735807441855028,-0.0007610753387885554,0.9999753886452614,0.9999407896605651,0.9999753886452614,0.9999407896605651,0.0,2.4454502661657845e-20
752,17,5.338044166564941,-10.104924081404599,-10.194844301419518,-4.010468200549951,-4.0709156635951,-0.0007389233109535991,-0.0007550406995072029,0.9998760265181825,0.9998914334361069,0.9998760265181825,0.9998914334361068,0.0,1.2423586479336714e-20
753,17,5.100681781768799,-10.30219005260923,-10.082846803321258,-3.902616534236366,-3.972734243613446,-0.0007559254183984864,-0.0007384936697821683,0.9998329610281316,0.9998534758250532,0.9998329610281315,0.9998534758250531,0.0,3.399132120136395e-21
754,17,5.091464042663574,-10.238789558226292,-9.730847752386273,-3.8864038352002708,-3.8951567419290245,-0.0007534827088951045,-0.0007098856784057817,0.9998440064143014,0.9998272908628683,0.9998440064143015,0.9998272908628681,0.0,-1.3407409859979985e-21
755,17,5.538323879241943,-9.059290765862036,-9.214977668860426,-3.8855013341741484,-3.7916467900749837,-0.0006521371269897742,-0.000676191004343115,0.9998260249447611,0.9998062310442144,0.999826024944761,0.9998062310442143,0.0,-2.649552838209832e-21
756,17,5.458051681518555,-8.302646008051862,-8.79504697489048,-3.6521209928051834,-3.614359133097401,-0.0006332555354766941,-0.0006591304941488314,0.9998034771625341,0.9997893621898456,0.999803477162534,0.9997893621898455,0.0,-9.866123033400907e-22
757,17,5.7089314460754395,-7.952964428063813,-8.681398766488151,-3.5115590722481635,-3.349373598651014,-0.0005806217680009685,-0.0006739760762356371,0.9997443415916937,0.9997850471204007,0.9997443415916937,0.9997850471204007,0.0,4.278564580877309e-21
758,17,5.382465839385986,-9.098205415613183,-8.844662019953503,-2.9616339642487457,-3.0168128425751646,-0.0007428915176980591,-0.0007175198271818543,0.9997818824656947,0.9998047170727066,0.9997818824656947,0.9998047170727066,0.0,1.3978711592596982e-20
759,17,5.224699020385742,-9.442208888470773,-8.99463798777575,-2.63640867271656,-2.688907007690738,-0.0008141480444938812,-0.000755667146909141,0.9998597570218025,0.9998455976287801,0.9998597570218026,0.99984559762878,0.0,2.6426152446199896e-20
760,17,5.682470798492432,-9.446033377633013,-8.905868438735341,-2.2630200352813974,-2.427975657064902,-0.0008167276441246898,-0.0007602931808486705,0.999879047506424,0.9998950006859679,0.999879047506424,0.9998950006859678,1.0843333253050677e-19,3.2540309226429913e-20
761,17,5.272340297698975,-8.657655877490576,-8.573769975346284,-2.2320446218210757,-2.2598504032285556,-0.0007469221897322816,-0.0007303014785911745,0.9999891634725796,0.9999418632198711,0.9999891634725796,0.999941863219871,0.0,1.9211966992958238e-20
762,17,5.021949768066406,-7.649459598292744,-8.218581985642489,-2.212069238215248,-2.1487857471430294,-0.0006411936973631766,-0.000689771382324488,0.9999821882015687,0.9999751244259844,0.9999821882015687,0.9999751244259842,0.0,-5.455113950933372e-21
763,17,5.038579940795898,-7.600976453519573,-8.084058793857187,-2.2278425470700487,-2.0413799519853058,-0.0005885966808276944,-0.0006688975675595236,0.9999954709956153,0.9999992859272532,0.9999954709956151,0.9999992859272531,0.0,-3.319614387912236e-20
764,17,5.38029670715332,-8.56047050281185,-8.17845370590835,-1.8063042338072965,-1.92048986783289,-0.0007276274611806692,-0.0006751549565170603,1.000000155403842,1.0000250656390002,1.000000155403842,1.0000250656390002,-1.0842020039963475e-19,-5.256205070132251e-20
765,17,5.438262939453125,-8.6511088094627,-8.32272945291357,-1.7918197903460573,-1.8303364720509654,-0.00068903393129371,-0.0006879963996950875,1.000058544643006,1.000060342430265,1.000058544643006,1.000060342430265,-1.0841387019722286e-19,-4.471419019305686e-20
766,17,5.332828044891357,-8.478039780275887,-8.453269321218482,-1.7583493379980895,-1.7893855406055583,-0.0007187394378663581,-0.0006977725950452666,1.0001305939622394,1.0001040275017465,1.0001305939622394,1.0001040275017465,0.0,-1.2307164358203635e-20
767,17,5.195096015930176,-8.497118331308654,-8.652293223914668,-1.8143196339364855,-1.7906879500470796,-0.0007017993856346853,-0.0007014437046375564,1.0001740643372035,1.0001545739949667,1.0001740643372035,1.0001545739949667,1.0840134843968233e-19,1.6730388059014316e-20
768,17,5.184493064880371,-8.4978021829337,-9.024858868947772,-1.836496012808874,-1.815467696123582,-0.0006856290776212965,-0.0007032573574334592,1.0001728118657507,1.0002210534915668,1.0001728118657507,1.0002210534915668,0.0,2.1220524890702063e-20
769,17,5.131228446960449,-9.68626608236249,-9.578738258609569,-1.855228290216112,-1.852300938907897,-0.0006701609147084482,-0.0007078490207150774,1.0002805359049154,1.0003173770875295,1.0002805359049154,1.0003173770875295,0.0,1.0941346984332983e-20
770,17,5.348239421844482,-10.636256544723071,-10.134951198156788,-1.7717388827262126,-1.89935310427772,-0.0008052452950634656,-0.0007104928721047635,1.000482035445903,1.000439213902522,1.000482035445903,1.000439213902522,0.0,-4.701358630330953e-21
771,17,5.241434574127197,-10.333794346050327,-10.549092149715984,-2.0552569831771903,-1.9467385428979416,-0.000650807918527866,-0.0006998956374351435,1.0006152757412354,1.000568875171743,1.0006152757412357,1.0005688751717432,0.0,-2.155048711034835e-20
772,17,5.544295787811279,-10.68499065848028,-10.838722949955729,-2.0232461260332943,-1.9506089595598424,-0.0006343447185601072,-0.0006896023766885043,1.0006069684184202,1.0007040842207235,1.0006069684184202,1.0007040842207238,-1.0835444951969668e-19,-3.29389248702405e-20
773,17,5.438012599945068,-11.73241920379717,-10.977071315633566,-1.8102393221510593,-1.8997306198188866,-0.0007685462873448503,-0.0006796871912556304,1.0008779206429592,1.000854074085338,1.0008779206429594,1.0008540740853382,0.0,-3.0692059775152565e-20
774,17,5.428532600402832,-10.876778458080574,-10.931191146438534,-1.7894977036688084,-1.8090120284515085,-0.0006955244490908208,-0.0006549808894421541,1.0010441395410774,1.001001520496935,1.0010441395410774,1.001001520496935,0.0,-2.7476034211211046e-20
775,17,5.762901782989502,-10.134826064576487,-10.906439252879789,-1.86636787918282,-1.6674922880569223,-0.0005393145154622411,-0.0006292089623597679,1.0011735329752285,1.0011326424959093,1.0011735329752285,1.0011326424959095,0.0,-2.9558819737710557e-20
776,17,5.844059944152832,-10.863630197575972,-11.09021765570753,-1.5368157119125954,-1.466376312165794,-0.0005670027234159412,-0.0006299688083161865,1.0011499181274752,1.0012534869292204,1.0011499181274752,1.0012534869292207,-1.0829568607600428e-19,-2.886572576557987e-20
777,17,5.594191551208496,-12.13218113794471,-11.39296148841834,-1.0174494352806587,-1.2663956220824433,-0.0007377789397780601,-0.0006535770376731461,1.00140592079968,1.001378706667651,1.00140592079968,1.001378706667651,0.0,-1.1755915424283464e-20
778,17,5.912635326385498,-11.622766044274304,-11.649340019417822,-1.1063467561238294,-1.146865017363573,-0.0006930121891841532,-0.0006754178997342707,1.0015647466167583,1.001494758057761,1.0015647466167583,1.001494758057761,0.0,1.2877553056930213e-20
779,17,5.932591915130615,-11.362190792572505,-11.92021638055989,-1.1574466199989262,-1.1064292986441329,-0.0006489924297496774,-0.0006952802404279277,1.0015843439903482,1.0015944090240125,1.0015843439903482,1.0015944090240123,1.0824871404898402e-19,3.2535395219848505e-20
780,17,5.919299125671387,-12.04613432925577,-12.274317000344139,-1.0990185412028977,-1.1139274442977365,-0.0006690294771762901,-0.0007219445474019321,1.0015852851529654,1.0016946101560082,1.0015852851529654,1.001694610156008,0.0,3.765392673672215e-20
781,17,5.7319560050964355,-13.370543315772924,-12.578811966769447,-1.139882634835604,-1.1502370888172393,-0.0008104177649429565,-0.0007463221145561709,1.0018772121595898,1.0018058612654064,1.0018772121595898,1.0018058612654064,0.0,3.911191740597949e-20
782,17,5.6581645011901855,-13.2157211952679,-12.646893490556447,-1.125809976651344,-1.1946779367263645,-0.0008374396478717616,-0.0007436868049788267,1.0019172858121397,1.0019082519454332,1.0019172858121397,1.0019082519454334,1.0821274249267651e-19,3.847847671068135e-20
783,17,5.654199123382568,-11.79598825616866,-12.581640978096521,-1.3287102453371398,-1.216227497577439,-0.0006844248167271107,-0.0007139461756079991,1.0020377909120584,1.001997289607342,1.0020377909120584,1.0019972896073421,0.0,2.7154045833421947e-20
784,17,5.453271389007568,-11.78619462560623,-12.67506460095165,-1.4165048191738483,-1.1694826808879755,-0.0005489886167616144,-0.0006909725628532034,1.0020239848481953,1.0020807289768057,1.0020239848481953,1.002080728976806,0.0,1.421349523206004e-20
785,17,5.501396656036377,-13.607906912389875,-12.930277379470988,-0.8979708996253694,-1.0615713234503221,-0.0007371878246765437,-0.0006946105068139209,1.0021367886646804,1.0021757300854715,1.0021367886646804,1.0021757300854715,0.0,4.299160130497499e-21
786,17,5.582940578460693,-13.824074235255042,-13.041586629603573,-0.8204778876354878,-0.9787306401982641,-0.0007760783435754866,-0.0006978194571152786,1.0023131705217458,1.0022803476246027,1.002313170521746,1.0022803476246025,0.0,-5.370315930919e-21
787,17,5.764313697814941,-12.496338850174888,-12.92171600573178,-0.9857433109851547,-0.9597692135644617,-0.0006659736923789275,-0.0006824313895785472,1.0024128067160099,1.0023774689866125,1.0024128067160099,1.0023774689866125,0.0,-1.9776868829706442e-20
788,17,5.726451396942139,-12.445235845552055,-12.767018418984978,-1.03165971290196,-0.9789593609989345,-0.0006142027811527237,-0.0006586691538205143,1.0024262692890502,1.0024605813668623,1.0024262692890502,1.0024605813668621,0.0,-4.0842790087276353e-20
789,17,5.582422256469727,-12.83125629991389,-12.672760853406794,-0.9607269906642659,-1.0102408846408775,-0.0006802796220325463,-0.0006342129055676292,1.0025354222407554,1.0025347080625326,1.0025354222407554,1.0025347080625326,-1.0814602142059147e-19,-6.016602369065443e-20
790,17,5.608438491821289,-12.71699738481069,-12.606271461010767,-1.0729860903926853,-1.0429451372583578,-0.000637906918448749,-0.0006045633505372383,1.0025935845014484,1.0025965135612158,1.0025935845014484,1.0025965135612158,-1.0813974767499005e-19,-5.8247952201172e-20
791,17,5.741891860961914,-12.470609922598795,-12.570543526041604,-1.1542087010256026,-1.0567045761763163,-0.0005331009794745521,-0.0005797320712034248,1.0026647763533407,1.0026398257311926,1.0026647763533407,1.0026398257311926,0.0,-3.2419192093145897e-20
792,17,5.880369186401367,-12.47909913424962,-12.610510706301321,-1.0416181155259616,-1.0450670657581969,-0.0005477754677769134,-0.0005808588356795217,1.0026761278729575,1.0026596111508748,1.0026761278729575,1.0026596111508745,0.0,2.0113993782497146e-21
793,17,5.666066646575928,-12.424152179093623,-12.736703275538712,-1.0604586840889048,-1.035941578253077,-0.0005402667060433576,-0.0006138008851891045,1.0026748449078071,1.0026601604027938,1.0026748449078071,1.0026601604027938,0.0,3.6096565195833993e-20
794,17,5.597015380859375,-13.14173040848148,-12.882698838860268,-0.8532026355036211,-1.0661820592465445,-0.0007333120852109921,-0.00066370037318779,1.0025755047178235,1.0026544163939817,1.0025755047178235,1.0026544163939817,1.0814169779568421e-19,5.99110776249584e-20
795,17,5.408078193664551,-13.437197331193822,-12.889288641878611,-1.0401495050288025,-1.1627206443678264,-0.0007885669627290426,-0.0006944167516760355,1.0026637644284497,1.002654952817959,1.0026637644284495,1.002654952817959,1.0813217859763133e-19,5.541419395842057e-20
796,17,5.231290340423584,-12.469309633352502,-12.704330684549937,-1.4617632683774227,-1.2730130860800215,-0.0006712752900488823,-0.0006949427399189552,1.0026836667702026,1.0026499643962752,1.0026836667702026,1.0026499643962752,0.0,2.2148419362351126e-20
797,17,5.152812480926514,-12.285123714604747,-12.463083716636737,-1.47019122664699,-1.3014015261134646,-0.0006401938665182067,-0.0006900105588328516,1.0026273889941857,1.0026269595871762,1.0026273889941857,1.0026269595871762,0.0,-2.0327238797783807e-20
798,17,5.064638614654541,-12.262347906169932,-12.250745965176868,-1.3268873237215257,-1.221631845744538,-0.0006802602985871986,-0.0006998478813444971,1.0025961011778735,1.0025858633856435,1.0025961011778735,1.0025858633856435,-1.0813947622694306e-19,-5.3855437885708897e-20
799,17,5.285785675048828,-11.928564795390812,-12.071390906688771,-0.927555232652139,-1.0916342480107053,-0.0007401373586598223,-0.0007236062877920965,1.0025098577568299,1.0025305549361756,1.0025098577568299,1.0025305549361756,-1.0814877919619319e-19,-5.988005601673081e-20
800,17,5.203925609588623,-11.890633615942576,-11.905431251236244,-0.8990663436480381,-1.0068142755492187,-0.0007403998109592896,-0.0007506616302116122,1.002477064226531,1.002466762249315,1.0024770642265313,1.0024667622493153,0.0,-4.124864647944308e-20
801,17,4.953705787658691,-11.944362094746854,-11.683971525071472,-0.8845416983138188,-1.0061377665706264,-0.0008158357101765898,-0.0007734623683251558,1.0023908329252458,1.0023948943331202,1.0023908329252458,1.0023948943331202,0.0,-1.8572450471845526e-20
802,17,5.341967582702637,-11.252549281205136,-11.34379144574266,-1.1697370222328503,-1.0664387914232663,-0.0007544091604275863,-0.0007860775851327827,1.002302295835225,1.0023167881349175,1.002302295835225,1.0023167881349175,0.0,-6.904594687026611e-22
803,17,5.113079071044922,-10.959534818879332,-10.904822840671125,-1.2230153710710057,-1.1209872371124616,-0.0008182171100294047,-0.0007939917780038114,1.0022621054405818,1.002232495482382,1.0022621054405818,1.002232495482382,0.0,1.376314254216585e-20
804,17,4.970081329345703,-10.355166744466873,-10.383655353873733,-1.1815093939216788,-1.1364756887807796,-0.0007576331322872879,-0.0007977357198693618,1.0021039070389326,1.0021393404682217,1.0021039070389326,1.0021393404682217,0.0,2.6833994846733865e-20
805,17,5.246218681335449,-10.008025929121386,-9.805657233957593,-1.0523524046605184,-1.1279997775476793,-0.0008323681489888393,-0.0008000427304005428,1.00205705742021,1.0020406082684579,1.0020570574202101,1.002040608268458,1.0819764847290995e-19,3.345218361828104e-20
806,17,5.106677055358887,-9.115550258302227,-9.208330831655333,-1.041849252127081,-1.1289624977259067,-0.0008143812618168466,-0.0007943629357263136,1.0019609055223457,1.001931053822354,1.0019609055223457,1.0019310538223543,0.0,2.429798481040172e-20
807,17,4.950652599334717,-8.341605446188144,-8.688306138742869,-1.2652157917531124,-1.1430737326466545,-0.0007475480064319537,-0.0007834889298559837,1.0018472976054706,1.0018105740062047,1.0018472976054709,1.0018105740062047,0.0,1.1318829209800332e-20
808,17,4.84772253036499,-8.264959051599401,-8.296549812434458,-1.0879898113811766,-1.1479303189196555,-0.000749832510522526,-0.0007768040671487683,1.0016112474768009,1.0016941575521126,1.0016112474768009,1.0016941575521126,0.0,3.416658835195844e-21
809,17,4.317623138427734,-8.331371453105028,-7.950275515619668,-1.0321689638003977,-1.1514371673356707,-0.0008291014664119437,-0.0007702933628695524,1.0015986109022101,1.0016049935489562,1.0015986109022101,1.0016049935489562,0.0,3.057018803306925e-21
810,17,4.4130425453186035,-7.3141689727365105,-7.560592484600039,-1.2072344847182135,-1.1396357538713668,-0.0007323523734405924,-0.0007526496387575983,1.001556097509164,1.0015392599183737,1.001556097509164,1.0015392599183737,0.0,1.0192559103622309e-20
811,17,4.335522651672363,-7.081858461792946,-7.156408702585232,-1.1931475772999056,-1.0545670694933567,-0.0006993244954222231,-0.0007304217042563442,1.0014837010936697,1.00148488486328,1.0014837010936697,1.00148488486328,0.0,2.236711024245732e-20
812,17,4.817460060119629,-7.010863638056504,-6.703542343842745,-0.8026204144150717,-0.8653010447696662,-0.0007398717975656576,-0.0007051979675821645,1.0013571440959113,1.0014353689663376,1.0013571440959113,1.0014353689663376,1.0827327481289315e-19,3.092832572385315e-20
813,17,4.955811977386475,-6.847327662273351,-6.144338161331383,-0.5904841920449212,-0.5937249616901439,-0.0007793382994043646,-0.0006680847575435236,1.0015418445103705,1.0013783219040877,1.0015418445103705,1.0013783219040877,0.0,2.4796498644776228e-20
814,17,4.490032196044922,-4.798593516598588,-5.586631531122388,-0.35252095110066106,-0.25198203826904525,-0.0005129154738491027,-0.0006295539044366979,1.0012809247990753,1.0012876507730863,1.0012809247990753,1.0012876507730861,0.0,1.6344929560650457e-20
815,17,4.927865028381348,-4.685379718070548,-5.341780711640123,0.11429779550540096,0.14524393021670812,-0.0005539311998186687,-0.000631781673176839,1.001146171502871,1.0011875276083602,1.001146171502871,1.00118752760836,0.0,1.4590537571374837e-20
816,17,5.286803245544434,-5.5974316436194735,-5.433200641915402,0.6740678038965325,0.5435664945311846,-0.0006762125032145424,-0.0006766766557815196,1.001006942043829,1.0011104382663392,1.0010069420438288,1.001110438266339,0.0,1.9005334411228827e-20
817,17,5.138579368591309,-6.362056794574087,-5.59237226531047,0.9722535403024233,0.8795033204490447,-0.0008370187527863652,-0.0007276654252290635,1.001122870158889,1.0010646783497266,1.001122870158889,1.0010646783497266,1.0829861196892144e-19,2.0735940827562964e-20
818,17,4.740955829620361,-5.568952652745355,-5.615882812041078,1.1144794523520563,1.139705061492607,-0.0007779864413386951,-0.0007506212293735808,1.0010635013509859,1.001024400508252,1.0010635013509859,1.001024400508252,0.0,1.0728201015598607e-20
819,17,4.736964225769043,-5.150402620229225,-5.5780952124891146,1.211912907572069,1.3520303793408668,-0.0006939221409281179,-0.000751915033153545,1.0010025479921798,1.0009786626179091,1.0010025479921798,1.0009786626179091,-1.0831162964172341e-19,7.806756344717944e-21
820,17,5.252590179443359,-5.416112181682086,-5.564726200110742,1.6231365601675873,1.5306249304445676,-0.0007186748463151067,-0.0007520828028245357,1.0008334376091557,1.0009378789442804,1.0008334376091557,1.0009378789442804,1.083299310098496e-19,2.404145543360041e-20
821,17,5.257472038269043,-6.006560784168267,-5.489803406132443,1.7408924878246401,1.644655312989191,-0.0007850224042275587,-0.000750286683392613,1.00093811410444,1.0009156404918436,1.00093811410444,1.0009156404918438,0.0,3.5802973827249756e-20
822,17,5.302170753479004,-5.4735050768444555,-5.22198108079495,1.7265223246304389,1.6907693789529956,-0.0007838255716358327,-0.0007319291180794842,1.00095333918343,1.0008936582757713,1.00095333918343,1.0008936582757715,1.0831695445164189e-19,3.4915572292882415e-20
823,17,5.52720832824707,-4.542193837550389,-4.816587325326695,1.6878562678679672,1.709778589718028,-0.0006864469265551965,-0.000695943200323178,1.000848713279972,1.000857502957953,1.0008487132799722,1.0008575029579532,0.0,1.4427031345231475e-20
824,17,5.581142425537109,-4.274308934433009,-4.436623266061972,1.6733164701928422,1.7611951453298031,-0.0006245630913061779,-0.0006612480906496708,1.0007771246816706,1.0008144042844014,1.0007771246816706,1.0008144042844016,0.0,-1.1740773277292765e-20
825,17,5.456318378448486,-4.457067571561923,-4.160901679070214,1.8792518710179098,1.8928860573114492,-0.0006709915636180833,-0.0006449549509755549,1.0007967600559704,1.0007706389537128,1.0007967600559702,1.000770638953713,-1.0833390112342787e-19,-2.723953444748441e-20
826,17,5.0388994216918945,-3.717922079285728,-4.015956730144637,1.9867551964153922,2.120344279005388,-0.0006103523140508954,-0.0006533132379508511,1.000740514888601,1.0007214896520318,1.000740514888601,1.0007214896520318,0.0,-1.9861824009168572e-20
827,17,4.607152938842773,-3.616693181613749,-4.0887110522715835,2.329333357740195,2.435373938214804,-0.0006465239634635167,-0.0006945356036080756,1.0006832844656937,1.0006696257808785,1.0006832844656939,1.0006696257808783,0.0,-2.0922326890214567e-21
828,17,4.978092193603516,-4.318917399598166,-4.343195613662315,2.887104569385012,2.7719830450496348,-0.0007330652711980188,-0.0007595459725637309,1.0005150442775224,1.0006278594758506,1.0005150442775224,1.0006278594758504,0.0,1.3900080700827167e-20
829,17,5.431186199188232,-5.417213309022816,-4.542271711272067,3.250600359931103,3.023784901180652,-0.0009291043108994804,-0.0008155741879984351,1.0006563783333753,1.0006057094245149,1.000656378333375,1.0006057094245149,1.0834909924736378e-19,1.7228755094931383e-20
830,17,5.18918514251709,-4.720875667955379,-4.471132488118423,3.2141050230246515,3.1345800130919037,-0.0009000690109024724,-0.0008257154263906219,1.0006527291091905,1.0005783725012452,1.0006527291091905,1.0005783725012454,0.0,6.640338350950766e-24
831,17,5.408558368682861,-3.640546023789132,-4.230947835249838,2.999058530288647,3.142087446584855,-0.0007423345682950212,-0.0007956374256289493,1.0005215034042674,1.0005346898650564,1.0005215034042674,1.0005346898650567,-1.0836370520738577e-19,-1.6004127327701883e-20
832,17,5.161315441131592,-3.8111841792307506,-4.033416114262472,3.0840936416935962,3.1186516979420396,-0.00069910904195568,-0.0007618613975123073,1.0003781833621035,1.0004924372977226,1.0003781833621033,1.0004924372977229,0.0,-9.164758191084096e-21
833,17,5.027873992919922,-4.216288638876991,-3.892089570678846,3.0505347656501285,3.091936848964948,-0.0007514343273328992,-0.0007437996014393508,1.0005030478295,1.0004614316427511,1.0005030478295,1.0004614316427514,0.0,1.159682882374227e-20
834,17,5.346823692321777,-3.9982356291993204,-3.7217133158741933,3.088337240210098,3.0618208149050066,-0.0007807596914642649,-0.0007352133231406282,1.0005037282250093,1.0004143428682635,1.0005037282250095,1.0004143428682635,1.0836563042188599e-19,3.167596074254045e-20
835,17,5.0730743408203125,-3.1710721583970374,-3.5553647403544697,3.0073349233635787,3.0128826764435783,-0.0006875800774058573,-0.000730987977307528,1.0003403896376544,1.0003361868646008,1.0003403896376544,1.0003361868646008,0.0,3.973202522701528e-20
836,17,5.182675361633301,-3.058132482551828,-3.515406117582811,2.9847801044671054,2.9346301263614345,-0.0007180717225584745,-0.0007384326836524386,1.0002272713714861,1.0002465297031196,1.0002272713714861,1.0002465297031196,0.0,4.611367849068125e-20
837,17,5.19577693939209,-3.5243927426087187,-3.5735876218761797,2.820901709402891,2.8212379370397533,-0.0007247028662845414,-0.000751777753245606,1.0000757009738135,1.0001723710498276,1.0000757009738135,1.0001723710498278,1.0841201035379358e-19,4.9804909784181095e-20
838,17,4.789631366729736,-4.070534774180616,-3.505231956387959,2.795988784950837,2.6837514225967736,-0.0008110515146698742,-0.0007520507431197416,1.000090334264186,1.0001260343562195,1.0000903342641858,1.0001260343562197,1.0841042407266176e-19,3.5397957054687424e-20
839,17,5.033392429351807,-3.963492050520049,-3.0798415982244185,2.549276779433248,2.547540565654168,-0.0008012900565541878,-0.0007144465593592648,1.0001539548708174,1.0000814913211806,1.0001539548708174,1.0000814913211808,-1.0840352799740146e-19,1.0347913080615765e-20
840,17,4.9405837059021,-2.2124338121509406,-2.343693202468983,2.406327308386033,2.478477788711308,-0.0006760983632110262,-0.0006406747885429433,1.000092145409081,0.999997870330696,1.0000921454090812,0.9999978703306962,0.0,3.0141556105803726e-21
841,17,5.190729141235352,-0.7495031444716806,-1.6928984719336415,2.2871454652647234,2.5467441012362775,-0.0004810558040085333,-0.0005714199976486466,0.9999380089109164,0.9998649197702404,0.9999380089109166,0.9998649197702406,5.421346937628484e-20,6.3111960054663866e-21
842,17,5.177541255950928,-0.45782250147913495,-1.472978763362612,2.6702547113874053,2.774605314673134,-0.0003997797174625386,-0.000559734852515906,0.9995033535956847,0.9997185176867525,0.9995033535956845,0.9997185176867527,0.0,5.79700346335621e-21
843,17,5.145639419555664,-2.2281653624455697,-1.6029952690112403,3.115838608542467,3.07895529109787,-0.0006137138421758937,-0.0006166400578329088,0.999556812136225,0.999609562338833,0.999556812136225,0.9996095623388331,0.0,2.853479756594265e-21
844,17,5.027604103088379,-2.6602677621839947,-1.622587568675689,3.6963785359894143,3.321221399776042,-0.000852931321866742,-0.0006895984088026786,0.9995746086354422,0.9995160682904061,0.9995746086354421,0.9995160682904061,0.0,7.522322959018215e-22
845,17,4.887228488922119,-1.2319316458122898,-1.29208821766981,3.302833542891754,3.399600722797322,-0.0007464701450990122,-0.0007255471966771816,0.9995879929745293,0.9993841913191839,0.9995879929745293,0.9993841913191839,0.0,1.203462797384686e-21
846,17,5.365173816680908,0.05949136933001157,-0.7858096765806477,3.3233397089083843,3.338825437942315,-0.0006378915496816914,-0.0007304809038609192,0.9991113130234658,0.9991942493101137,0.9991113130234658,0.9991942493101136,0.0,5.29741007654481e-21
847,17,4.939399242401123,-0.5170436348553393,-0.27582439146233834,3.341740131627105,3.160805609722415,-0.0007467029703717153,-0.0007243221536588797,0.9988509954719573,0.9989972783316559,0.9988509954719572,0.9989972783316557,0.0,1.3177751004213608e-20
848,17,4.85033655166626,-0.6412594582207726,0.3379358070110489,2.962032783453787,2.88959217652836,-0.000816519708465251,-0.0006992780570299331,0.9988965987872486,0.9988212306491548,0.9988965987872486,0.9988212306491548,0.0,2.1906609102352566e-20
849,17,4.535928726196289,1.6516301263898088,1.0544716497873539,2.3250619085831694,2.6185638761914958,-0.0005966776961146154,-0.0006580858789226267,0.998725209967691,0.9986418490351274,0.9987252099676911,0.9986418490351274,1.0855860667826523e-19,2.146215117327959e-20
850,17,4.1133928298950195,2.4630938928950297,1.5562119768655558,2.30847122761178,2.4559946435073297,-0.0005358494223672825,-0.0006417407650964747,0.9984331982999818,0.9984565485541488,0.9984331982999818,0.9984565485541488,0.0,8.47985083099947e-22
851,17,4.129758834838867,1.6174025975267823,1.7454683356128868,2.528205255572779,2.394214650351707,-0.0006455712997419517,-0.0006688908621516114,0.9981892734463629,0.9982979773383102,0.9981892734463628,0.9982979773383102,-1.0861689274040908e-19,-2.085538854656109e-20
852,17,3.90908145904541,1.2571280196520398,1.9162489076843776,2.5016715167750587,2.3546007503550146,-0.0007712033128679797,-0.0007095396255799955,0.9981089604535403,0.9981870449200442,0.9981089604535403,0.9981870449200441,0.0,-2.5292299601482487e-20
853,17,4.288801670074463,1.5723134011307247,2.335841162255759,2.2939733642547497,2.3102591157388903,-0.0008376751652095509,-0.0007206056962801229,0.9982665099713257,0.998092986301431,0.9982665099713257,0.9980929863014308,0.0,-2.5415038223739885e-20
854,17,4.4100775718688965,3.541653009732881,2.9280363178421847,2.18470297765439,2.303427268142214,-0.0006843010916903892,-0.0006920656470263785,0.9980525291805892,0.9979603042903334,0.9980525291805892,0.9979603042903334,0.0,-3.02617577621524e-20
855,17,4.280167579650879,4.199944436990815,3.320560056911504,2.286860494431825,2.373555634802109,-0.0005547531773057572,-0.0006634774553362167,0.9977066246387375,0.9978000228398535,0.9977066246387376,0.9978000228398535,-1.0866943705802155e-19,-3.3954833842755074e-20
856,17,4.190255165100098,3.3973207573337274,3.3812732847961997,2.5532180588425653,2.5060269753940614,-0.0006162220693898823,-0.0006722794955331366,0.997530937209344,0.9976651646374516,0.997530937209344,0.9976651646374516,0.0,-2.3981793731868036e-20
857,17,4.289059638977051,2.620553082962892,3.369507537299422,2.6900104241216267,2.6468497520251306,-0.0007631694347350797,-0.0007087062310107361,0.9976340867459892,0.9975692192953758,0.9976340867459893,0.9975692192953758,0.0,-1.0980146060655165e-20
858,17,4.556571960449219,3.1847563901270664,3.563119179022341,2.8034549357792566,2.755927130441416,-0.000823858046329436,-0.0007364556374607194,0.9976039571830795,0.9974717305090423,0.9976039571830795,0.9974717305090423,0.0,-2.4606132736604224e-21
859,17,4.662288665771484,4.618477841451994,3.9236202449611004,2.843688232904167,2.81835128776838,-0.0006702357523019982,-0.0007425010601180141,0.9972386711029817,0.9973561130461068,0.9972386711029818,0.9973561130461068,0.0,7.311886758062129e-22
860,17,4.503963470458984,4.2155623052828215,4.265786553458635,2.757580531019945,2.8430901807277964,-0.0007479112803438141,-0.000744546500876372,0.9972936054824743,0.9972498774839423,0.9972936054824744,0.9972498774839424,0.0,-3.739297730591527e-22
861,17,4.429268836975098,4.6466315346985,4.618021435943059,2.8322628084610226,2.844804732679791,-0.000703639172863664,-0.0007423277158671237,0.9971154954489388,0.9971539685504839,0.9971154954489388,0.997153968550484,0.0,-4.750510947058447e-21
862,17,4.256793975830078,4.64316559828916,5.0560853589137835,2.9346929440583485,2.8076626243605483,-0.0007907169410669062,-0.0007266404781676084,0.9970653295546769,0.9970712286802296,0.9970653295546769,0.9970712286802297,0.0,-1.0858755971668367e-20
863,17,4.2209272384643555,5.4296218339714715,5.622613149602593,2.8293838978936736,2.7152915066578633,-0.0007473951345937585,-0.0006802477842357149,0.9970590903002476,0.9969936472256021,0.9970590903002478,0.9969936472256022,0.0,-1.4324538098596416e-20
864,17,4.218327522277832,6.6820805925698865,6.1879714138598905,2.4888328163337285,2.609173224322778,-0.0005461360512432811,-0.0006129933228686583,0.9968956593575644,0.996913618581175,0.9968956593575644,0.996913618581175,-1.0875783862718427e-19,-4.850817830431424e-21
865,17,4.138721466064453,6.796653263891839,6.5569604679114315,2.492203916357261,2.5747988619560505,-0.0005288483460141316,-0.0005599863826487672,0.9968604127200743,0.9968461742223734,0.9968604127200744,0.9968461742223734,1.0876168404833186e-19,2.4451757061931025e-20
866,17,3.992694616317749,6.708166235974734,6.727106984302236,2.6746618243290863,2.6547804032347955,-0.0005030287475696936,-0.000534286928041442,0.9966803212866588,0.9968071015899821,0.9966803212866588,0.9968071015899821,0.0,5.037043924146715e-20
867,17,4.469888210296631,6.183804017512904,6.833103278259175,2.90578393208318,2.8505161566880344,-0.0006021504793253615,-0.0005275977813903462,0.9968701510234136,0.9968035947469749,0.9968701510234135,0.9968035947469749,1.0876062156866002e-19,6.725375793919353e-20
868,17,4.541921138763428,7.081399605489748,6.965008928465781,3.019200015322637,3.1683543741780293,-0.0005242735613078246,-0.0005233738210321155,0.9969082158807935,0.9968009953090861,0.9969082158807936,0.9968009953090861,1.0875646877155931e-19,6.176609070401328e-20
869,17,4.027376651763916,7.515373351792833,6.980761315411385,3.6507696356412285,3.623351301535166,-0.0005076398959270404,-0.0005297800089046498,0.9967464320715966,0.9967868787457285,0.9967464320715966,0.9967868787457285,0.0,3.5401224510314814e-20
870,17,5.03521728515625,7.292432034538199,6.772826840154508,3.9972627841062374,4.183383511747745,-0.0004494753701800693,-0.0005600821143724664,0.9966701828825132,0.9967905859545861,0.9966701828825132,0.9967905859545861,0.0,7.386501462161084e-21
871,17,4.700964450836182,5.63265431950081,6.497590936549206,5.018366472882801,4.796875386749768,-0.0007034046176987043,-0.0006093152142700427,0.9967952576105524,0.9968250554875069,0.9967952576105524,0.9968250554875069,0.0,-1.311327414384419e-20
872,17,4.802561283111572,5.664958077648254,6.467486429618464,5.429310833741781,5.3695892118754704,-0.0007402263523696782,-0.0006400261814930856,0.9970365032809004,0.9968542796008285,0.9970365032809004,0.9968542796008285,-1.0874247521708304e-19,-2.1775593818307414e-20
873,17,5.318563938140869,7.42135818815642,6.654663928966145,5.8580166275245835,5.876667609903783,-0.0005641704919732356,-0.0006481850649396019,0.9968324850987491,0.9968372277889296,0.9968324850987491,0.9968372277889296,1.0876473115521513e-19,-1.7980923534634276e-20
874,17,5.360688209533691,7.486258107605205,6.7300708515415195,6.14419474967371,6.333208252357987,-0.0005701144862220272,-0.0006671100299880415,0.9967809628702142,0.9967952366825612,0.9967809628702143,0.9967952366825612,-1.0877035305365005e-19,-2.032075776356601e-20
875,17,4.961018085479736,6.255914011459972,6.619522229559279,6.9365925570285505,6.7371727019278485,-0.0007759622040451314,-0.0007020870445465476,0.9966685919636772,0.9967631712433824,0.9966685919636772,0.9967631712433824,0.0,-1.9347569384539198e-20
876,17,5.011483192443848,6.204651276521662,6.540174915850091,7.167671274664541,7.038109417292114,-0.0007607123539123668,-0.0007246681638353563,0.9966921988042815,0.9967622537946917,0.9966921988042815,0.9967622537946917,0.0,-2.3219059146198337e-20
877,17,5.52833890914917,6.420565887281113,6.615418747942587,7.046422853807412,7.251442371460023,-0.0007342786773959455,-0.000727456557510396,0.9969665283054463,0.9967728455923146,0.9969665283054463,0.9967728455923146,0.0,-3.874175029102979e-20
878,17,5.4173173904418945,7.135795382746626,6.801917661759411,7.466971255916281,7.4386621959569235,-0.0006822510892883039,-0.0007228617021797391,0.9967152607963126,0.9967585273024594,0.9967152607963125,0.9967585273024594,-1.0877752304296972e-19,-5.95777742919171e-20
879,17,5.330880641937256,7.056864835989034,6.989655233628745,7.550220135350182,7.606201527355693,-0.0006724545769475258,-0.0007253141477783456,0.9966641748620639,0.9967381010172903,0.9966641748620638,0.9967381010172903,-1.0878309864358831e-19,-6.850392562204058e-20
880,17,4.952178955078125,6.935202449370975,7.171280422023869,7.8545079169704906,7.748094839338549,-0.0007605133708166289,-0.0007315192537373037,0.9967502749468161,0.9967256337208965,0.9967502749468162,0.9967256337208965,0.0,-6.518033155731119e-20
881,17,4.997980117797852,7.070096037721377,7.369840359554555,7.863099369307763,7.851057381505935,-0.0007768151797586458,-0.0007192286959281241,0.9967779340046504,0.996708423729831,0.9967779340046504,0.9967084237298311,-1.0877068356937024e-19,-6.144263872866021e-20
882,17,5.280675888061523,7.693137662731992,7.504072276271588,7.937151987176046,7.935774848432336,-0.000718686730757416,-0.0006770232858071205,0.9967328457564819,0.9966823069006852,0.9967328457564819,0.9966823069006852,0.0,-5.36544467659684e-20
883,17,5.444131851196289,8.30209600110916,7.382325144552882,7.876322632332411,8.036722105648707,-0.0005594489701540228,-0.0006199406571531238,0.9965808228885682,0.9966741582508032,0.9965808228885683,0.9966741582508032,-1.087921970385671e-19,-4.449156027621389e-20
884,16,5.752918720245361,7.066249283480528,6.929300352675372,8.210592689907047,8.176336268195948,-0.0004667529503489576,-0.0005772909263801566,0.9965477810658858,0.9967264466437763,0.9965477810658857,0.9967264466437763,0.0,-2.781096802299964e-20
885,16,5.71181058883667,5.623392752059372,6.407864447439315,8.436486819755315,8.325536131253473,-0.0006312711419211348,-0.0005529236928851348,0.9968315838075557,0.9968405477309525,0.9968315838075557,0.9968405477309527,0.0,-1.2470652608753815e-20
886,16,5.409786701202393,5.082595134864382,6.140155533844999,8.453897540040115,8.460911497027574,-0.0006585965949938181,-0.0005174054075094631,0.997239151355916,0.9969538723675192,0.997239151355916,0.9969538723675192,0.0,-3.181039532752525e-21
887,16,5.85414457321167,6.911128951410333,6.130438597673945,8.425154929246125,8.595655246056094,-0.0003925247657696543,-0.0004683865609753317,0.9970629022828454,0.9970099913641992,0.9970629022828454,0.9970099913641992,0.0,1.635070734021829e-21
888,16,5.945670127868652,7.081142900946124,6.04398349074479,8.705609773943538,8.736252982733534,-0.0002609609084004391,-0.00044890234960174343,0.996778959395309,0.9970470037711642,0.996778959395309,0.9970470037711643,-5.438528583825798e-20,5.4155255994451396e-21
889,16,5.705723285675049,5.214817488279879,5.7803962902359585,9.02231695122306,8.833922339666618,-0.0005187566518629987,-0.0004756464733538475,0.9970688714093477,0.9971216309299669,0.9970688714093479,0.997121630929967,1.0873894507939e-19,6.794112725986185e-21
890,16,5.379478454589844,4.834652990190272,5.5712976680377,8.910167380606772,8.83210655296106,-0.0006413407897357163,-0.000505567483811106,0.9974040278484355,0.9972088685935745,0.9974040278484355,0.9972088685935745,0.0,-6.01338340301725e-21
891,16,5.402278900146484,5.767594409597512,5.492304575436264,8.718742106581447,8.73679610586451,-0.0005188217731522914,-0.0005055880982272348,0.9973329397669403,0.9972625066786627,0.9973329397669403,0.9972625066786626,-1.0871015377661787e-19,-1.7140134292066773e-20
892,16,5.706524848937988,6.20662087202342,5.360992644195374,8.556503673875083,8.592208725623669,-0.00034701598703873124,-0.0004905494665808036,0.9970898281411839,0.9973003968924702,0.9970898281411837,0.9973003968924701,0.0,-8.18147652109756e-21
893,16,5.95067024230957,4.42527856156574,5.089741028496254,8.480233147670914,8.440264675750376,-0.0005273550032352015,-0.0004792350016485869,0.9973358681184952,0.9973621663208766,0.9973358681184952,0.9973621663208766,0.0,1.1103939772317637e-20
894,16,5.671443462371826,4.325463700439622,4.8254771141331165,8.324183566603617,8.313373985964878,-0.0005935384417747617,-0.00045048601051908446,0.9976078377510622,0.9974255456002711,0.9976078377510622,0.9974255456002711,1.086801979152103e-19,2.533739314887393e-20
895,16,5.391542434692383,5.083001254820144,4.539492955254602,8.040450511767483,8.25418733151595,-0.00031677548445805835,-0.0003977987641918882,0.9975232724699945,0.9974580990084708,0.9975232724699945,0.9974580990084707,0.0,2.289804453878858e-20
896,16,5.315609931945801,4.742013104784243,4.039895378089938,8.306607101937189,8.294669818931101,-0.0002477216815866334,-0.0003565035940549515,0.997263955614064,0.9974875050687265,0.9972639556140641,0.9974875050687264,0.0,1.5502221678504423e-20
897,16,5.2882795333862305,2.7747698352679557,3.3263145927155144,8.504273528976332,8.400178277962175,-0.0003875577643337412,-0.0003383945840999399,0.9975273027958763,0.9975585157786353,0.9975273027958763,0.9975585157786352,0.0,1.2791609934897831e-20
898,16,5.5470805168151855,2.147452312599646,2.623617449365731,8.546773383476589,8.531222284265734,-0.0004045232067442858,-0.0003176923886181539,0.9977515445674737,0.9976465253867617,0.9977515445674737,0.9976465253867616,0.0,1.6545799600616924e-20
899,16,5.35684871673584,2.2249429319410248,1.997460452783756,8.568559405858702,8.68413512595848,-0.00025460850785516393,-0.00028258919470963885,0.9977944665699872,0.9977071164655472,0.9977944665699873,0.9977071164655472,5.432993511241607e-20,2.1856535193046492e-20
900,16,5.904358386993408,1.6231805201133582,1.336919032875623,8.9093991109225,8.859289351444016,-0.00021115422474473112,-0.000250408250378595,0.9976971493304142,0.9977335086904092,0.9976971493304143,0.9977335086904092,2.7167617277776785e-20,2.0166797559799722e-20
901,16,5.886773586273193,0.7803914712535224,0.5884272168627012,9.018138959245166,9.025005004151016,-0.00014967109133824552,-0.00023333847589309702,0.9976086164509086,0.9977524761462923,0.9976086164509086,0.9977524761462921,0.0,1.257635557539402e-20
902,16,5.751059532165527,-1.0661779954527162,-0.18107185369916728,9.38178234631896,9.155123895751728,-0.0003722534824398355,-0.0002229105994335462,0.9978618877824044,0.9977756688264555,0.9978618877824044,0.9977756688264554,0.0,3.969795950335638e-21
903,16,5.958334445953369,-0.913995843952363,-0.8925356267681264,9.126835199291344,9.242779775753226,-0.00028706099644074535,-0.00019359914392741813,0.9979992336450197,0.99777457339167,0.9979992336450197,0.99777457339167,0.0,-4.392797197250485e-21
904,16,6.215482711791992,-0.23407394434727985,-1.7282015228462788,9.092215515820655,9.342011833637073,8.64495772864389e-05,-0.0001668745515736293,0.9975018424031249,0.9977534817925069,0.9975018424031249,0.997753481792507,0.0,-1.3110552381729378e-20
905,16,6.261814117431641,-3.1662988063321515,-2.834191956183798,9.561686712658739,9.470531817383439,-0.00020291548595320882,-0.00018537090228298484,0.99773630362715,0.9977730213579004,0.99773630362715,0.9977730213579005,-2.716655113540567e-20,-2.0776966440689568e-20
906,16,6.397457122802734,-4.4959395923517995,-3.937953456853162,9.70179105434783,9.569600671655557,-0.00027174395242423303,-0.0002246984070105025,0.9978646007901297,0.9978332577477891,0.9978646007901297,0.9978332577477892,-5.432611657067556e-20,-2.222087057446457e-20
907,16,6.18891716003418,-5.069717357441539,-4.795122195459368,9.670281113315738,9.598613942744665,-0.0002959958526869401,-0.0002502614912870302,0.997932671094363,0.9979069291864722,0.9979326710943629,0.9979069291864723,0.0,-1.5544332525995343e-20
908,16,5.938785552978516,-5.243905427943623,-5.370097218803194,9.604509525416558,9.567843133669475,-0.00028508332291969174,-0.000245975601443321,0.9979639050850303,0.9979751640163771,0.9979639050850304,0.9979751640163772,0.0,-7.579214103399564e-21
909,16,6.535592079162598,-5.931437484490776,-5.740525239714822,9.407685804625427,9.521436868741281,-0.00020985321603673532,-0.0002158366769271493,0.9980940311001797,0.9980282133221167,0.9980940311001797,0.9980282133221166,0.0,-2.294185315174931e-21
910,16,6.660672187805176,-5.736494502362196,-5.979901739531372,9.405972835688674,9.511826253643722,-0.00011546074215826072,-0.0001787442428587926,0.997990060810272,0.9980595867084541,0.9979900608102719,0.998059586708454,0.0,-2.0702507031419598e-23
911,16,6.508829593658447,-6.311033040188545,-6.189992676396453,9.583098359219996,9.553661208543634,-0.00019670108557182399,-0.0001503037137176824,0.9981633110814482,0.9980760307216601,0.9981633110814482,0.9980760307216601,0.0,1.5421921367313994e-22
912,16,6.219338893890381,-6.249270597025349,-6.425340065317294,9.568634341120704,9.625105829112691,-0.00012387506519300677,-0.0001308956118438084,0.9980702391123359,0.9980754501058046,0.9980702391123359,0.9980754501058046,0.0,-6.954003870071467e-22
913,16,6.220928192138672,-6.245085873233293,-6.745090859507577,9.715167059680283,9.701080673888606,-4.408630770644168e-05,-0.00012931990781680434,0.9979635835660038,0.9980757358348054,0.9979635835660037,0.9980757358348054,-6.790091030998258e-21,-1.487115930560181e-21
914,16,6.157422065734863,-7.543807073255835,-7.127563321829204,9.832597780921766,9.742881817160828,-0.00015876381488885973,-0.00014931467443516754,0.9980658746691096,0.9980912225639506,0.9980658746691097,0.9980912225639506,0.0,-1.3372816698224229e-21
915,16,6.294551372528076,-8.121931707970345,-7.420284950620666,9.857820043917263,9.718507481963586,-0.0002794676197561386,-0.0001694323394304972,0.9982269505294579,0.9981005782033877,0.9982269505294579,0.9981005782033877,0.0,-7.888989298137717e-22
916,16,6.916147232055664,-7.397817181917317,-7.610030148024026,9.479083789618647,9.634155081247041,-0.0002006381240028435,-0.00017284803208856208,0.9982655392109723,0.9980758850968539,0.9982655392109723,0.9980758850968539,0.0,-3.2104567544664537e-22
917,16,7.275119304656982,-6.570328876144737,-7.90735573800269,9.547644108336597,9.53304548258979,-1.6478753914211432e-05,-0.00017794696054291082,0.9977265704205067,0.9980380416423609,0.9977265704205067,0.9980380416423609,0.0,-5.681976664505984e-23
918,16,7.301168441772461,-8.916338206600813,-8.423690582684983,9.357406508743116,9.426103013419084,-0.0001981276466144191,-0.000208031990482259,0.9980617715498803,0.9980493291141312,0.9980617715498804,0.9980493291141312,0.0,3.316363518431087e-23
919,16,6.8145527839660645,-9.3848564225074,-8.923719003583416,9.430705537341229,9.312658392977285,-0.000339072483115492,-0.00024355297979553647,0.9981318148744487,0.9981010788827163,0.9981318148744488,0.9981010788827164,0.0,1.4122008211442715e-23
920,16,6.730364799499512,-9.382689741367216,-9.2478194698646,9.145056517504667,9.18266700718328,-0.00025795741880868663,-0.00025799402824542563,0.9981859145275254,0.9981689119928292,0.9981859145275255,0.9981689119928293,0.0,-5.48911637036515e-23
921,16,6.644543647766113,-9.498009260309273,-9.410289547694502,9.058207068866377,9.052175604346976,-0.0002854175269333948,-0.0002512350564813768,0.998297683083399,0.998239222671584,0.998297683083399,0.9982392226715842,0.0,-1.1717044174129675e-22
922,16,6.563925266265869,-8.945170456975342,-9.502892657011703,8.915994225409426,8.935296070774564,-0.0001496953858514445,-0.00023236972801606834,0.9981509037299305,0.9983096350146511,0.9981509037299306,0.9983096350146511,0.0,-9.292898612180158e-23
923,16,6.708183288574219,-10.10814912063414,-9.61188892727132,8.840817978676235,8.843794450046573,-0.00025037211657827395,-0.00021433323713102893,0.99847909862613,0.998384306716124,0.99847909862613,0.9983843067161239,0.0,1.4192757908066867e-22
924,16,6.719052314758301,-10.116607690754009,-9.7039761158573,8.773819099159978,8.784073913299283,-0.0002530344189853416,-0.0001911770069763613,0.9985715314501938,0.9984324539880657,0.9985715314501938,0.9984324539880656,0.0,7.366492952028259e-22
925,16,6.658400058746338,-9.217638861769624,-9.876856943556993,8.724271722289389,8.759558566285895,-0.00013742192881363355,-0.00016569370795127393,0.9984261838541644,0.9984488447217739,0.9984261838541644,0.9984488447217738,0.0,1.7540290893216425e-21
926,16,7.05963659286499,-9.72807040736952,-10.334257095260172,8.649628461221074,8.767998461916319,-8.914942776928624e-05,-0.00015889140244618383,0.9984144333704582,0.9984731205129042,0.9984144333704581,0.998473120512904,0.0,2.9104346964741004e-21
927,16,7.252810001373291,-10.995314290344048,-11.078019656940482,8.863726403555404,8.788057079212551,-0.0001401866592337899,-0.00018323372202533886,0.9983856222054979,0.9985442714263641,0.9983856222054979,0.9985442714263639,0.0,3.1639044991810296e-21
928,16,7.336791038513184,-12.243342902447557,-11.888527176295938,8.819562121850314,8.768143215591468,-0.00022397798137942162,-0.0002268238506161989,0.9986267903740988,0.9986724899892865,0.9986267903740988,0.9986724899892864,2.714232641604147e-20,3.210751910221203e-22
929,16,7.419074058532715,-13.358500469476901,-12.5055236370792,8.767761543640422,8.672653862909552,-0.00038837728637999846,-0.0002609395505191773,0.9989781879658511,0.9988173473612243,0.998978187965851,0.9988173473612243,0.0,-7.055984097298163e-21
930,16,7.31361722946167,-12.899131757948332,-12.817243087417285,8.528578079333707,8.491578340164363,-0.000331961637181998,-0.00026174941244348375,0.999071030524191,0.998925993577123,0.999071030524191,0.998925993577123,-5.42605149864393e-20,-1.2849361244813575e-20
931,16,7.284089088439941,-12.06764291921053,-12.972178529026628,8.125060665088585,8.246629902224798,-8.123415146740604e-05,-0.0002444569413581531,0.9988826930642843,0.9989958253029646,0.9988826930642845,0.9989958253029647,0.0,-1.0031165477570604e-20
932,16,7.073449611663818,-13.373344827763201,-13.137013686353333,8.04690623374337,7.967730036169525,-0.00022881218830005847,-0.00024086467424078956,0.9989623983785438,0.9990669049816913,0.998962398378544,0.9990669049816913,0.0,-1.6961602683410478e-21
933,16,7.311450004577637,-13.918343077558987,-13.253368833042748,7.731099010917536,7.659613727741237,-0.00035994815866790647,-0.00024214230112148017,0.9992483870141473,0.9991510227277404,0.9992483870141474,0.9991510227277404,0.0,9.097243870030893e-21
934,16,7.294223308563232,-12.883191949206733,-13.312029180294864,7.225198520232147,7.345569488370463,-0.00019868984214597445,-0.00023299499853406618,0.9992722313107474,0.9992298612724617,0.9992722313107475,0.9992298612724617,2.71247948885599e-20,1.9826665051179642e-20
935,16,7.2971014976501465,-12.722843059676281,-13.472159724525962,7.027361288576569,7.065651975232963,-0.00013971732337799526,-0.00022705783126456908,0.9991928645863045,0.9993072757598831,0.9991928645863045,0.9993072757598832,2.712694943369107e-20,2.6106004237631844e-20
936,16,7.297148704528809,-14.376327141520337,-13.770090019542607,6.967620574172132,6.829324786034566,-0.0002784384298738902,-0.00023067295777335896,0.9993431820424191,0.9993975141867744,0.9993431820424191,0.9993975141867745,5.424573819924672e-20,2.49906567456613e-20
937,16,7.178217887878418,-14.766676178991887,-14.049796609323584,6.5780968741185575,6.6368249197112075,-0.00036798775356358063,-0.00022726976275431402,0.9997881917819008,0.9994827927910174,0.9997881917819008,0.9994827927910175,0.0,1.6308017285332648e-20
938,16,7.358312129974365,-13.080809402202565,-14.318905790614934,6.3467076544192915,6.5194675070811385,-6.56300224414224e-05,-0.00021704027139740324,0.9993885874394313,0.9995437247193821,0.9993885874394312,0.9995437247193821,0.0,6.814455527272482e-21
939,16,7.450864791870117,-14.278891679806653,-14.739756718540907,6.410130596779054,6.490099876795796,-8.751726553808704e-05,-0.00023190643534503542,0.9993777685607771,0.9996307857228708,0.9993777685607772,0.9996307857228708,1.3560965214971768e-20,3.0832408591279146e-22
940,16,7.243178844451904,-16.48120341019974,-15.156761984659704,6.71742957841743,6.50522144129816,-0.0004347318559640867,-0.00026262835587479935,0.9998215641713151,0.9997562926303672,0.9998215641713152,0.9997562926303674,-5.421978337625307e-20,-1.4919256325439067e-21
941,16,7.197188377380371,-16.144567656852036,-15.296736541772201,6.532423660380429,6.502576330794809,-0.0003994616170507224,-0.0002625434422853998,1.0001414371092958,0.9998582791109645,1.000141437109296,0.9998582791109646,5.420244238750715e-20,2.6311749719296884e-21
942,16,6.977753639221191,-14.416580879457312,-15.276593850568101,6.370838392821401,6.474712530506565,-0.00015882682397884892,-0.00023182267639276782,0.9999368218393019,0.9998950721830102,0.9999368218393019,0.9998950721830102,0.0,3.8867582919860635e-21
943,16,6.996731281280518,-14.285039841723126,-15.476947856139965,6.403514684884599,6.429655818742618,-6.57464902391431e-05,-0.00021496895891647363,0.9997377497259362,0.9999102504190912,0.9997377497259362,0.9999102504190912,0.0,3.781075108094262e-21
944,16,7.317896366119385,-16.111168227236583,-16.012856532076274,6.489655920431913,6.346597937608452,-0.00023329998777315528,-0.00023505469012060357,0.9997991584565156,0.9999664908826792,0.9997991584565155,0.9999664908826792,-2.711049922664693e-20,6.014115035387338e-21
945,16,7.49820613861084,-17.61361104567777,-16.612971634871844,6.1798363007495825,6.199905681268794,-0.00035878030999199453,-0.0002682431103218046,1.0001604295473185,1.0000698081986077,1.0001604295473185,1.0000698081986077,5.420141311610498e-20,1.0701972169665088e-20
946,16,7.39306116104126,-17.36560884628638,-17.016695768104658,5.879667913189483,5.999742129232876,-0.00033240991887049026,-0.000285879337105973,1.000340139004662,1.00017467452737,1.000340139004662,1.0001746745273699,0.0,1.1594988528339943e-20
947,16,7.444829940795898,-16.771595747379106,-17.262582767506764,5.838339825405622,5.752490999653025,-0.0002740083671580241,-0.0002866632124695955,1.0002621570239265,1.0002597160450306,1.0002621570239263,1.0002597160450304,0.0,1.1089162485255862e-20
948,16,7.488691329956055,-16.7852407013984,-17.517779241273615,5.428923670788532,5.436457744795416,-0.00013789628735920247,-0.0002871240337087748,1.0000942034799636,1.0003546231658895,1.0000942034799634,1.0003546231658893,2.710250116221242e-20,1.0613994279937018e-20
949,16,7.238004207611084,-18.639142450725494,-17.791371536393466,5.299394734981216,5.044469866262718,-0.0004225217739032392,-0.00029349767716308574,1.0005378370000693,1.0004834442417188,1.0005378370000693,1.0004834442417185,0.0,8.930774493513072e-21
950,16,7.564507961273193,-18.35896733672862,-17.920480601626448,4.425279700788637,4.590587567490618,-0.0003612601213808877,-0.000279887278415389,1.000850194324449,1.000604104314058,1.0008501943244492,1.0006041043140579,0.0,7.873986753209263e-21
951,16,7.716818332672119,-17.171375000290663,-17.954666773741575,4.1251626216981165,4.147192294154513,-0.00017091538255764797,-0.00025116911659091014,1.0005375473142961,1.000688379125754,1.0005375473142961,1.0006883791257537,0.0,7.412256320365316e-21
952,16,7.254544734954834,-17.918076011112078,-18.067047843354796,3.7273782893268597,3.758490603622848,-0.0001920290716102383,-0.00023751061928628194,1.000723125347,1.0007675891282084,1.0007231253469997,1.0007675891282082,2.708546812360208e-20,4.3077648159255065e-21
953,16,6.855412483215332,-18.527297785139414,-18.242860866187012,3.4473639303847476,3.4496913381443504,-0.0002920562046405227,-0.0002501971069666985,1.000891344464166,1.0008465993165427,1.0008913444641658,1.0008465993165427,0.0,-5.603393320361011e-21
954,16,7.042834281921387,-18.489273901412805,-18.394904209053106,3.100102658489313,3.235866703816717,-0.00021962137254021323,-0.00028571800729938973,1.0009307148416948,1.0009112985928015,1.0009307148416948,1.0009112985928015,-2.707985069318658e-20,-2.034372804563319e-20
955,16,7.37338924407959,-18.52280053821756,-18.51270339019915,3.070348066275141,3.1198555177740457,-0.00030584555458889934,-0.00034467660592217987,1.0010307619339214,1.0009585248095758,1.0010307619339216,1.000958524809576,0.0,-3.526261940113137e-20
956,17,7.390061855316162,-18.607184028743166,-18.632823098976665,3.158263268146701,3.0631884883712246,-0.0004892505706491355,-0.0004096030423257597,1.000966486065991,1.0009985785168842,1.0009664860659913,1.0009985785168842,-1.0831553179633885e-19,-4.479735519560651e-20
957,17,7.259654521942139,-18.735439167016096,-18.79928827767158,3.0125618310054874,3.0113624012999782,-0.0004736283556104764,-0.0004536268890244888,1.0010563595701534,1.0010603957605408,1.0010563595701534,1.0010603957605408,-5.4152903686214697e-20,-3.885976141470412e-20
958,17,7.251422882080078,-18.782076255601602,-19.044788111221703,2.9863111413902077,2.933969006986512,-0.0004734394057152181,-0.0004716229336687137,1.0010759045110715,1.0011682806370443,1.0010759045110715,1.0011682806370443,0.0,-2.4364198696113006e-20
959,17,7.13092565536499,-19.37375968536698,-19.362495899255507,2.885600338773006,2.81159693556253,-0.0005147903627755373,-0.000470144456397067,1.0013001057245239,1.0013363358374643,1.0013001057245239,1.0013363358374643,0.0,-1.5469847833095853e-20
960,16,6.791531562805176,-19.546047252204147,-19.665341174024498,2.511805884072256,2.6455829915452056,-0.0003477585728873747,-0.0004610048761733009,1.0015851860239497,1.0015488360224134,1.00158518602395,1.0015488360224134,0.0,-1.9223495858928726e-20
961,16,6.824831962585449,-20.12112437372394,-19.841985139217478,2.4761391988759174,2.4533070574984652,-0.0004319595537220017,-0.00046122175215962283,1.0017691819601222,1.0017752777503548,1.0017691819601222,1.0017752777503546,0.0,-3.4992050036139295e-20
962,16,6.949718952178955,-20.37601985244132,-19.767804151469715,2.4194252062941706,2.2212110191250254,-0.0005284615069907054,-0.0004568609168733923,1.0019433919139982,1.0019923880758677,1.001943391913998,1.0019923880758674,-1.0820992295925708e-19,-5.307039745368114e-20
963,16,7.059993743896484,-19.99428887632368,-19.431393067249036,1.920306855370168,1.9466001807134008,-0.0005647645327246343,-0.00042268059220372154,1.0024226820535627,1.0021743137363706,1.0024226820535627,1.0021743137363706,-1.0815818435636435e-19,-5.63439892544505e-20
964,16,6.6833415031433105,-18.189392048171822,-19.05076062532817,1.5452590823003984,1.6821462645725291,-0.0003230472731736438,-0.000361316192126393,1.002318757894975,1.0022982903500046,1.002318757894975,1.0022982903500046,0.0,-4.4281710018196804e-20
965,16,6.564747333526611,-17.983198871826318,-18.981318647422817,1.3483136169633663,1.4773037996976777,-0.00018086024314211424,-0.00031717353409123773,1.0023118746227018,1.0024086185058099,1.0023118746227018,1.0024086185058099,-2.7042535360903223e-20,-3.144800283587533e-20
966,16,6.571704864501953,-19.11159366483916,-19.29866723843673,1.3870629038140603,1.3311597157387591,-0.00021860362701852504,-0.00032371168807422094,1.002332896631601,1.002565724559924,1.0023328966316007,1.002565724559924,0.0,-2.3004154079279537e-20
967,16,6.4486212730407715,-20.463846556208384,-19.714492096063516,1.3115137665309182,1.1997273862291264,-0.00041508829850159826,-0.00036462402144143524,1.0027516721260112,1.002786690589255,1.0027516721260112,1.002786690589255,-5.4061349515718267e-20,-1.8003368934949124e-20
968,16,6.56840705871582,-21.049705367128144,-19.868931342091,1.1756091693927202,1.054014764448613,-0.0006370771901976709,-0.00038704580621236155,1.0032781878557888,1.0030117389515967,1.0032781878557888,1.0030117389515967,0.0,-1.1162658695579223e-20
969,16,6.7919487953186035,-19.109371443342965,-19.69280039644053,0.7498903989251955,0.9105057705910955,-0.00026543814052985056,-0.0003633283794801256,1.0031886193558366,1.0031733004231151,1.0031886193558366,1.0031733004231151,0.0,-5.259737900429726e-21
970,16,6.772034168243408,-18.973644472684203,-19.471644853149442,0.6922579318980383,0.8176046106508603,-0.0002527407011562089,-0.0003348584257758968,1.0032664707122319,1.0032793840333376,1.0032664707122319,1.0032793840333376,0.0,-2.1036524498814703e-21
971,16,6.8799028396606445,-19.32999599261234,-19.37529361868628,0.8335421117320133,0.7779858405406574,-0.000330583789644269,-0.0003274625545114277,1.0033263914041288,1.003360692372297,1.0033263914041288,1.003360692372297,0.0,-1.0533902156072159e-21
972,16,6.781808853149414,-19.415977668745672,-19.3873294077728,0.7857346129696017,0.7511883692523978,-0.00034123493901589417,-0.0003368831734648264,1.003394621203156,1.003442924982281,1.003394621203156,1.0034429249822812,0.0,-4.2200551729184365e-22
973,16,6.741782188415527,-19.49096484733434,-19.44518927976662,0.7563705840823738,0.7059573907268639,-0.00034530495731201005,-0.0003542131323240558,1.0034452437495864,1.003537760088882,1.0034452437495864,1.0035377600888822,0.0,1.9540131645217475e-21
974,16,6.468874454498291,-19.776980448013557,-19.494521490265505,0.6451399272112555,0.6283650400668755,-0.0004052601141635322,-0.0003713670590756108,1.0036881727797256,1.003634136562863,1.0036881727797256,1.0036341365628632,0.0,8.293082059470458e-21
975,16,6.669925212860107,-19.627072229465433,-19.51664801550439,0.577927717457849,0.5225336461800987,-0.0004455750901172956,-0.0003804993244232066,1.003840556717649,1.0036951229379738,1.003840556717649,1.0036951229379738,0.0,1.9682043586554506e-20
976,16,6.6674089431762695,-19.36871355752654,-19.586420027627938,0.324796703896732,0.40504087360921504,-0.0003484555991039237,-0.0003876762519812949,1.0037924115212347,1.0037033742007417,1.0037924115212347,1.0037033742007417,5.400529830876136e-20,3.3239573718152925e-20
977,16,6.530022144317627,-19.121755059763593,-19.815331618332987,0.27877388381653145,0.30381847969163983,-0.00029273704293018295,-0.00041728412988735,1.003457329392034,1.003693575249957,1.003457329392034,1.0036935752499567,5.4023332170107896e-20,4.132466285912634e-20
978,16,6.648721218109131,-20.40023117587972,-20.210050326973,0.16743822322699561,0.22593671087438855,-0.0005046947301953088,-0.00047809288586787456,1.0037577988743784,1.0037192440828258,1.0037577988743784,1.0037192440828258,0.0,4.176242460854846e-20
979,16,6.610378265380859,-20.676849314112054,-20.57409936299189,0.2512198586351474,0.1612455358377013,-0.0005992481606562582,-0.0005418421122328576,1.003757230475009,1.0037745225978578,1.0037572304750093,1.0037745225978578,1.0801438231956009e-19,3.4551375984708854e-20
980,16,6.472499370574951,-20.902964289478284,-20.722739812337952,0.08381087297774457,0.08745582914968911,-0.0005784159933591765,-0.0005830169217142284,1.0038282653864816,1.0038462501346572,1.0038282653864818,1.0038462501346572,0.0,1.3906314151536606e-20
981,16,6.426254749298096,-20.795290525816498,-20.52763266002578,0.035818457924671275,0.0037396736404865585,-0.0005577827610652713,-0.0005942204363527043,1.0038120531431933,1.0039177413991873,1.0038120531431933,1.0039177413991875,0.0,-8.800589261000322e-21
982,16,6.841093063354492,-20.81236867377029,-19.939946931512445,-0.08683258904314073,-0.08296481173342418,-0.0007234300395975386,-0.0005681852778711494,1.0042545583332108,1.0039580930055862,1.0042545583332108,1.0039580930055862,-1.0796089133864475e-19,-2.031407926935653e-20
983,16,6.462757110595703,-18.538129715938155,-19.06398193859108,-0.1763704244084056,-0.15687303832278204,-0.0004833785204460439,-0.0004976250717779802,1.0039469405260422,1.0039251316553897,1.0039469405260422,1.0039251316553897,0.0,-1.201468588196224e-20
984,16,6.258133411407471,-17.514293349488103,-18.23201787675169,-0.19808029652274564,-0.20236978463390007,-0.00032975888864813455,-0.0004154577464795499,1.0037071619141256,1.0038543942513807,1.0037071619141256,1.0038543942513807,5.400988523474668e-20,1.447469657438879e-21
985,16,6.200106143951416,-17.54648015195441,-17.631393792292723,-0.19435606329813268,-0.20948238079153103,-0.00033644556718022384,-0.0003550655491907593,1.0037171303284396,1.0037978200617095,1.0037171303284396,1.0037978200617095,0.0,6.62859979724527e-21
986,16,6.301541328430176,-17.63188610817163,-17.19180811791291,-0.2979632011602746,-0.16725960750599522,-0.00034330379621067095,-0.00032197516384045976,1.003924128614476,1.0037592368471353,1.003924128614476,1.0037592368471353,0.0,6.0633075687676016e-21
987,16,6.116214752197266,-16.438386142627042,-16.796925093177805,-0.09757504983136685,-0.06958201395489857,-0.00024420547111046216,-0.00031138044144594576,1.0035934784939153,1.0037196778733568,1.0035934784939151,1.0037196778733568,0.0,3.7606443712743054e-21
988,16,6.015383243560791,-16.609138575771937,-16.427265491895422,0.19626223719978675,0.050054578248613306,-0.0003372865091530561,-0.0003183494727615241,1.0036212409764325,1.003693435271187,1.0036212409764327,1.0036934352711868,0.0,1.1606393037721142e-21
989,16,6.312610626220703,-16.72519163090791,-16.001976201047036,0.13569238298187847,0.1511595372647893,-0.00044041761849180613,-0.00032078746892467817,1.00388544561073,1.0036636221437811,1.0038854456107298,1.003663622143781,0.0,-1.9620723158038093e-21
990,16,5.851980686187744,-15.023790829495132,-15.521781034648978,0.27899709025913877,0.2342868462262903,-0.00027814770525792543,-0.00030612625825178453,1.0035272368618189,1.0035983879172596,1.0035272368618189,1.0035983879172594,0.0,-6.321887491091582e-21
991,16,5.877872943878174,-15.014515855375429,-15.17654025470383,0.24969099469304928,0.3099282104927115,-0.00027935834759633844,-0.00029641740447105245,1.0035380571500445,1.0035204689167065,1.0035380571500445,1.0035204689167063,0.0,-1.1655998375185684e-20
992,16,5.596636772155762,-14.833670283649923,-15.044102710860757,0.3655696101433419,0.3965533270390658,-0.0002717196940015865,-0.000312642938349124,1.0033857235134331,1.003448469289851,1.0033857235134331,1.0034484692898509,-5.402718750517429e-20,-1.4721182361587958e-20
993,16,5.551061153411865,-14.992985898403377,-15.097870060987292,0.35329138315823644,0.4951669577035607,-0.00029430838118987135,-0.00036519185091927185,1.0034369180998644,1.0033959905840242,1.0034369180998644,1.003395990584024,0.0,-1.130339715933168e-20
994,16,5.708148956298828,-15.333254163496107,-15.224430435459103,0.6622407515083867,0.5812308236735139,-0.00043386282401718963,-0.00044469545136188455,1.0033039713950829,1.0033614939874023,1.0033039713950829,1.0033614939874023,0.0,-7.75481865369818e-21
995,16,5.742828845977783,-15.578315497782986,-15.269213595699005,0.8674431249627278,0.5893105969563827,-0.0005972369724685069,-0.0005153631346730416,1.00330621688087,1.0033469503376458,1.0033062168808702,1.0033469503376458,0.0,-9.34584634902384e-21
996,16,5.965331554412842,-15.72560837966724,-15.12720457784986,0.5861340534012714,0.4895540710029641,-0.0006869560729542204,-0.0005387917545306022,1.0034986915553532,1.0033365028188,1.0034986915553532,1.0033365028188,0.0,-1.7317777056570782e-20
997,16,6.017590045928955,-14.317912747298632,-14.843243549255105,0.10043009147522443,0.35202787585092976,-0.0004540953851552153,-0.0005124002510215132,1.0033535217085876,1.0033095208713918,1.0033535217085876,1.0033095208713918,-5.4028921463256616e-20,-2.8092664907863026e-20
998,16,5.914496421813965,-13.851046533460805,-14.628413772388228,0.18208124357936156,0.2786990539228753,-0.00032727236702121846,-0.0004806171084695823,1.003053099054065,1.003294888340589,1.003053099054065,1.0032948883405892,0.0,-3.4063099718869557e-20
999,16,5.819260120391846,-14.908215754336373,-14.520826603124958,0.22131746197578606,0.29530127583802623,-0.0005053213998947763,-0.00046976736136040016,1.003362538224011,1.003328679848715,1.003362538224011,1.0033286798487153,-1.0805687188646515e-19,-3.155740137129827e-20
1000,16,5.961791515350342,-14.842451674485137,-14.31112185736855,0.45005726552536635,0.3732968844604371,-0.0005198943848433831,-0.0004576434022145713,1.0034104660994203,1.003379027205858,1.0034104660994203,1.0033790272058583,0.0,-1.4351708251134768e-20
1001,16,5.601592540740967,-14.102968485256232,-13.890336926044,0.5071482017434816,0.4598121738754845,-0.000465789234633306,-0.00042601398844869316,1.0035014119635453,1.0034084155910348,1.0035014119635455,1.003408415591035,5.402095899217781e-20,3.90157109391375e-21
1002,16,5.566838264465332,-12.992822196222898,-13.3577376155926,0.5078191890340091,0.5233510395831269,-0.0003761141447645075,-0.0003814537674708075,1.0034735487133661,1.0033988078800882,1.0034735487133661,1.0033988078800884,0.0,1.196041851977678e-20
1003,16,5.473968029022217,-12.469585663469985,-12.89105509066411,0.6037897456022296,0.5519015984776035,-0.00025607733345886047,-0.00034734578925526985,1.0031801328240757,1.0033696550384577,1.0031801328240757,1.0033696550384579,0.0,1.4474572111963915e-20
1004,16,5.467198848724365,-13.130931451879787,-12.536268840967628,0.6203426534800218,0.5363966247397702,-0.00037060467211248103,-0.00034126491913253986,1.0033829073973215,1.0033562055847782,1.0033829073973217,1.0033562055847784,0.0,1.511128595645072e-20
1005,16,5.5079803466796875,-12.011923387922089,-12.223973149621214,0.3588675258269895,0.48970217968547824,-0.0003592843809431364,-0.0003537008100898247,1.0034774719930877,1.00334150516969,1.0034774719930877,1.0033415051696901,5.4022247770649146e-20,1.0796134781077847e-20
1006,16,5.391515254974365,-11.493319565225384,-12.023538201829021,0.43607947957097165,0.44513200633313754,-0.00034329508719598765,-0.00037766320566040026,1.00323647279916,1.0033128011902464,1.00323647279916,1.0033128011902466,0.0,-4.076037827416529e-21
1007,16,5.778201103210449,-12.121778222029903,-11.942002932120161,0.44944965409293397,0.40050738998754026,-0.0004056632423953036,-0.0004075119402365413,1.0031826143153324,1.0032964204464558,1.0031826143153326,1.003296420446456,-5.403812611054206e-20,-2.2294049343880548e-20
1008,16,5.766392230987549,-12.408417862799284,-11.813798243695253,0.4034656665958682,0.34417561870834884,-0.00047726867035375236,-0.00042690535568979673,1.0033461975801596,1.0032962266950654,1.0033461975801594,1.0032962266950656,0.0,-3.43732368295925e-20
1009,16,5.8638691902160645,-11.933473521975356,-11.532531381913252,0.3124438808524557,0.28348171813882084,-0.0005348621641134695,-0.0004200773445947088,1.003480678522864,1.0032786516339876,1.0034806785228643,1.0032786516339878,-1.0804415029509718e-19,-3.7658702732545556e-20
1010,16,5.508037567138672,-10.427272333590563,-11.220530049606527,0.13840495938686567,0.25012913594007796,-0.0003044475342662618,-0.0003955156421227437,1.003174635401488,1.0032322983714226,1.003174635401488,1.0032322983714228,0.0,-2.6710137883870432e-20
1011,16,5.588851451873779,-10.405316078846568,-11.106378619761644,0.22582379067109495,0.28045171837493293,-0.000258776611647283,-0.00039362324993141097,1.0029885461849857,1.003207075722903,1.0029885461849857,1.0032070757229032,0.0,-1.2914449693902707e-20
1012,16,5.4266276359558105,-11.690933247714119,-11.143063780566294,0.4267703492342837,0.3733245891359836,-0.000452987438698463,-0.0004241657600140626,1.0032031489667779,1.003232951019823,1.0032031489667779,1.0032329510198232,0.0,-3.583928745938037e-21
1013,16,5.780781269073486,-11.918760361330511,-11.044014799347913,0.5116757030334685,0.5058618581085367,-0.000608464930050285,-0.00044959467266341064,1.0034999482043745,1.0032642325901255,1.0034999482043747,1.0032642325901255,0.0,4.30901773574089e-22
1014,16,5.588451385498047,-10.28125176765181,-10.709963132493675,0.6091955189634543,0.6683853411009048,-0.00042152062964869624,-0.0004432357108949713,1.0032989928456548,1.0032467588500933,1.0032989928456548,1.0032467588500933,0.0,4.0495373089604947e-22
1015,16,5.302738666534424,-9.875082356983093,-10.322067048092293,0.8494715730867073,0.8526242205990945,-0.0003325452922878778,-0.00042812130309992553,1.0030326928820488,1.003200968947691,1.0030326928820488,1.0032009689476913,0.0,-2.2660316826255407e-21
1016,16,5.432388782501221,-10.267677327551318,-9.958221078584394,1.086004753990513,1.0318899828240615,-0.00043940431181553754,-0.000425023810391476,1.0031352471152422,1.0031683701787715,1.003135247115242,1.0031683701787717,0.0,-6.1641525690883435e-21
1017,16,5.624418258666992,-9.980662630691548,-9.543051938920767,1.1966524969869607,1.178137921799448,-0.0005109432252614776,-0.0004233137875528963,1.0033528550142528,1.0031376348844294,1.0033528550142528,1.0031376348844296,0.0,-8.680684955399692e-21
1018,16,5.833581447601318,-8.304908471733075,-9.098105375122088,1.3130683419321465,1.2817770713247452,-0.0003466854099455062,-0.0004161043370372207,1.0029618389689057,1.0030901625814852,1.0029618389689057,1.0030901625814854,-5.405002116531761e-20,-4.378106592269112e-21
1019,16,5.754684925079346,-8.634260933821256,-8.745746736865945,1.360866133150087,1.345741464533063,-0.0003618463954054539,-0.00041978215083194725,1.00296138407346,1.003062301044098,1.00296138407346,1.003062301044098,0.0,1.157219820068023e-20
1020,16,5.5201191902160645,-8.898519934444765,-8.389911325488061,1.4686575670779975,1.3852167179083998,-0.00045262511595368465,-0.0004317509073327894,1.0030489361238033,1.0030599574433872,1.0030489361238033,1.0030599574433872,5.404532787180409e-20,2.8497375849091193e-20
1021,16,5.645893573760986,-8.52167698793308,-7.879197253124539,1.467643448336977,1.4290821660648203,-0.0005357390250142337,-0.00042777291383741425,1.0032011438353092,1.0030470249730112,1.003201143835309,1.0030470249730112,1.0807425601016789e-19,3.03382565187988e-20
1022,16,5.762001037597656,-6.919549623116234,-7.264734406026194,1.484075947999106,1.536804440005986,-0.0004526120963792022,-0.00039417122519356173,1.0030475947378383,1.0029881464478083,1.003047594737838,1.0029881464478083,-5.4045400147182314e-20,1.4302285584876335e-20
1023,16,5.5254926681518555,-6.169877391465265,-6.812161677539336,1.4472091148593451,1.7824321384984165,-0.00025612703385162705,-0.00035722179529599916,1.0028756817897846,1.002899911794294,1.0028756817897848,1.002899911794294,0.0,-1.353479335015677e-21
1024,16,5.467401504516602,-6.273790321693812,-6.6797001096446404,2.074515301152257,2.2001996072884626,-0.0002251828952684835,-0.00036174940006107663,1.002646109798606,1.0028274583164918,1.002646109798606,1.0028274583164918,0.0,-1.334957672089038e-20
1025,16,5.836554050445557,-7.273143990061744,-6.763476463945122,2.8815558660321354,2.704261411626629,-0.0004539068346084093,-0.0004142799484763858,1.0028550241978023,1.0027984508007077,1.0028550241978023,1.0027984508007077,-5.405577806985476e-20,-2.2208744200552878e-20
1026,16,5.518833637237549,-7.092434194081511,-6.8190026775164245,3.3640842865016816,3.1559516037793207,-0.0005696233172183289,-0.00047298117775906076,1.0028557244970775,1.0027853401943618,1.0028557244970775,1.0027853401943618,0.0,-2.6552375143063347e-20
1027,16,5.351032257080078,-6.582734666062586,-6.747958376247055,3.542495738984162,3.4776239678003047,-0.0005002729030217197,-0.0005050034321384308,1.0026800598343282,1.0027691374347463,1.0026800598343282,1.002769137434746,0.0,-3.16380494307624e-20
1028,16,5.44817590713501,-6.852859427792292,-6.564472463044321,3.616266171681697,3.6763367045974364,-0.0005455110378920716,-0.0005107447759300684,1.0028690167568088,1.0027503214746072,1.0028690167568088,1.002750321474607,-1.0811004771009079e-19,-3.422986758024988e-20
1029,16,5.612163066864014,-6.1044605146307385,-6.274181983877072,3.7330757398196734,3.7916713856401825,-0.00045872961223742965,-0.0004994962783732271,1.0026957638223057,1.0027157709488814,1.0026957638223057,1.0027157709488812,0.0,-2.4708935998095376e-20
1030,16,5.808598041534424,-5.767900567134161,-5.947974837351754,3.7792939432577928,3.8446939530219675,-0.00044577484327006225,-0.0004880421361791337,1.0026491176989791,1.0026814384972247,1.0026491176989791,1.0026814384972245,0.0,-1.2503710862872531e-20
1031,16,5.8171000480651855,-5.7183177602716695,-5.612556631977799,3.9164139856675586,3.8282588090907406,-0.0004640692955043932,-0.00047988322648626454,1.0026251569444067,1.002663956219076,1.0026251569444067,1.002663956219076,0.0,-4.206807650528067e-21
1032,16,5.694895267486572,-5.662227609620978,-5.233932167396384,3.9789720496972647,3.717246067749145,-0.0005464409140349322,-0.0004610688733832364,1.0026284425991943,1.0026654298511308,1.002628442599194,1.002665429851131,0.0,-2.922483562441533e-22
1033,16,5.634912490844727,-5.001397708010521,-4.830168165231694,3.546253501121498,3.5290419649087283,-0.00048017801485311103,-0.0004161645746698132,1.0027933622895882,1.0026706361432962,1.0027933622895882,1.0026706361432962,0.0,1.0491372838239139e-21
1034,16,5.265140533447266,-4.044362744803578,-4.574298191268698,3.0993657930634453,3.370699056608662,-0.0003137877820077528,-0.00036012232627470554,1.002713880326808,1.002659449409339,1.002713880326808,1.002659449409339,0.0,1.959518832829657e-21
1035,16,5.446170806884766,-3.931113619786462,-4.683432612379367,3.1682687959211817,3.3530770431640082,-0.00022167610905760726,-0.00033083801611559266,1.0025172877016826,1.0026517026275492,1.0025172877016826,1.0026517026275492,0.0,4.116653358238751e-21
1036,16,5.843128204345703,-5.341684541571061,-5.156588937777078,3.47600270707855,3.4858092252702066,-0.0003050980981332473,-0.0003475237920119334,1.0026015148206973,1.002683758962441,1.002601514820697,1.002683758962441,0.0,8.153872544593963e-21
1037,16,6.008443355560303,-6.483555354805156,-5.7244980461777875,3.8237274477180323,3.6969485446887926,-0.0005157027586704435,-0.0003876114694699945,1.0028993964082078,1.002747254387413,1.0028993964082078,1.0027472543874132,0.0,1.2607953566093301e-20
1038,16,5.929238319396973,-5.97851499079768,-6.172414531305209,3.8226324427318863,3.9064237761817493,-0.00037443712947676604,-0.0004165021753975446,1.0028542319649034,1.0028093629039578,1.0028542319649034,1.0028093629039578,5.4055820772736584e-20,1.2225472975377712e-20
1039,16,5.499516010284424,-6.260408240091928,-6.515093988930534,4.367608645692003,4.065443212413826,-0.00043231413138432377,-0.0004319504442479372,1.0026428400227987,1.0028804733759469,1.002642840022799,1.0028804733759469,0.0,4.96225184193191e-22
1040,16,5.337464809417725,-7.2694685284418314,-6.745453217069501,4.121675019131177,4.133195324206539,-0.00046430479316831355,-0.00042860840270874973,1.0030259917346758,1.0029773650378901,1.0030259917346758,1.0029773650378901,0.0,-1.7319105850109637e-20
1041,16,5.7502241134643555,-7.181284143040654,-6.803026150280748,4.053499903691308,4.157328048266549,-0.0004886198872686196,-0.0004009047227857125,1.0033049684244097,1.0030488270862752,1.0033049684244097,1.0030488270862752,-1.080630722070614e-19,-3.1533001403806587e-20
1042,16,5.847531318664551,-6.154542438311492,-6.805034769267657,4.014275839406035,4.197682103059672,-0.00025856627983076756,-0.0003615766723374871,1.0030304516499076,1.003060309060946,1.0030304516499073,1.0030603090609458,0.0,-3.2857058977629556e-20
1043,16,5.927145481109619,-6.415572818049238,-6.978111131633465,4.335056666842719,4.2668944796076875,-0.0002639024719448629,-0.0003455071139703591,1.002868907307495,1.0030582758276425,1.002868907307495,1.0030582758276423,0.0,-3.180840826916203e-20
1044,16,5.961236476898193,-7.6143519979117045,-7.3353457570533225,4.36904173737017,4.318387310584611,-0.0003804188427805595,-0.0003564891295074349,1.0030824019137503,1.0030854151142738,1.00308240191375,1.0030854151142738,-5.40435247601288e-20,-3.230906753598137e-20
1045,16,6.100551605224609,-8.28077180734537,-7.68937091352435,4.321899339660399,4.31614932171986,-0.000448410805338431,-0.0003673131865887857,1.0032490926602506,1.003124090263192,1.0032490926602504,1.003124090263192,-5.4034545379482775e-20,-2.770113567794664e-20
1046,16,5.925190448760986,-7.63716292138411,-7.939263606057341,4.32101959594146,4.2452185203646975,-0.0003545560537031211,-0.0003579220209837482,1.003092561431228,1.0031506947978512,1.003092561431228,1.0031506947978512,0.0,-1.7493656908302587e-20
1047,16,5.870391845703125,-7.9139412993291876,-8.160113346067904,4.201691478548947,4.102001115114725,-0.0003092805958100886,-0.0003342091490505827,1.0030728851118775,1.0031745459554111,1.0030728851118778,1.0031745459554111,0.0,-9.432944246509966e-21
1048,16,5.580101490020752,-8.96574991167549,-8.360366561083941,3.8943596920865615,3.914120990078195,-0.00037595838601026804,-0.00030522564120324806,1.0033558728478271,1.0031888155289783,1.0033558728478271,1.003188815528978,0.0,-7.181148431614973e-21
1049,16,5.664517402648926,-8.073137260862783,-8.49753019704487,3.510548118829911,3.744011376778204,-0.0002025411050283044,-0.00027768389660420123,1.0032598696716404,1.00316419818447,1.0032598696716404,1.0031641981844697,0.0,-9.60688754261531e-21
1050,16,5.495078086853027,-8.132948237432904,-8.667604717979094,3.6709359310664365,3.6373016780666116,-0.00018612902511386327,-0.00027277626445370266,1.0028683439973454,1.0031236348772263,1.0028683439973456,1.0031236348772261,-2.7027530058531145e-20,-1.1845418333178551e-20
1051,16,5.616426944732666,-9.488168273787755,-8.839279291707564,3.641593502013478,3.567813724389954,-0.00036210461790577833,-0.00028692099531105295,1.003100623865371,1.0031128530069497,1.003100623865371,1.0031128530069497,-5.404254302562463e-20,-6.670011180765607e-21
1052,16,5.708405494689941,-9.534825637237844,-8.829449673877885,3.513147100970401,3.5075906908818446,-0.00040792161171176214,-0.0002890887591160166,1.003289190434485,1.0031031384854072,1.003289190434485,1.0031031384854072,5.403238581769127e-20,5.367061546715883e-21
1053,16,5.664966583251953,-7.94637532302467,-8.671031891579135,3.36418163966153,3.4549171411476194,-0.00019673043773565265,-0.00027420745312737357,1.003008366674844,1.0030561744446524,1.0030083666748442,1.0030561744446524,2.7023756942323238e-20,1.1435672669200058e-20
1054,16,5.637508392333984,-8.288453416160394,-8.610706107753998,3.3518969296243313,3.408507360277733,-0.00021191325123512297,-0.0002740233297527148,1.0030452549535107,1.002986837836376,1.003045254953511,1.002986837836376,0.0,1.1349015453244478e-20
1055,16,6.12510871887207,-8.778219441557837,-8.698466345051484,3.518731261282668,3.334737883649484,-0.0002906068005808004,-0.0003004662047606099,1.0027668139773087,1.0029141178968248,1.0027668139773085,1.0029141178968244,0.0,1.268578884601492e-20
1056,16,5.5473785400390625,-9.230229270193984,-8.832814632898002,3.3193829128343997,3.188979851706624,-0.00043955154164751384,-0.00033923088620068655,1.0029326370309355,1.0028605097558416,1.0029326370309353,1.0028605097558412,0.0,1.9736902420527518e-20
1057,16,5.563165664672852,-8.42829856693533,-8.942319782662665,2.7006949236459166,2.987675992341424,-0.00029323002031916617,-0.0003761077545164083,1.0028585675086519,1.0028145686542196,1.0028585675086519,1.0028145686542194,5.405558707938898e-20,3.054085312681723e-20
1058,16,6.059345245361328,-8.815639358987248,-9.046462838059359,2.8314846061794245,2.7796176162372914,-0.0003585839441146673,-0.0004212801033766255,1.002646634711462,1.002780030199195,1.002646634711462,1.002780030199195,0.0,3.780795850725258e-20
1059,16,5.4147562980651855,-9.656610348346808,-9.01666458329547,2.732849948189222,2.537350749304765,-0.0005523925043824527,-0.0004619963817751006,1.0027515376322758,1.002770124387384,1.0027515376322758,1.002770124387384,1.0812271353335963e-19,3.724998045073953e-20
1060,16,5.582233905792236,-9.224635607319376,-8.66528975469117,2.318283657813124,2.2420727062267556,-0.0005671455267211345,-0.0004672732285210229,1.0028812303764,1.0027598085609994,1.0028812303763999,1.0027598085609994,0.0,2.0681386259446306e-20
1061,16,6.056562423706055,-7.663055899106277,-8.035691200849762,1.7830336880239026,1.947332846246852,-0.00036006220998576296,-0.0004381264713900097,1.002713180215621,1.0027175902703578,1.002713180215621,1.0027175902703578,0.0,-1.9250110024461637e-21
1062,16,5.549062252044678,-7.092929218609892,-7.370191849384416,1.604119586175129,1.7338718326333222,-0.00034305368662854684,-0.0004083225281843937,1.0026432539815497,1.0026483633236793,1.0026432539815497,1.0026483633236793,-5.4067195295040376e-20,-2.1298803757620527e-20
1063,16,5.01755952835083,-7.0558700765344256,-6.820759680225468,1.7210841008990132,1.6285955873175488,-0.00045674076944192046,-0.00039077106043123634,1.002570832555481,1.0025648381001697,1.002570832555481,1.0025648381001697,0.0,-3.180044625787357e-20
1064,16,5.355225086212158,-6.124875576744195,-6.44322358741397,1.6051406909353036,1.6127275641471837,-0.0003707920559904872,-0.0003773588208852466,1.0024774471875117,1.0024782764032285,1.0024774471875117,1.0024782764032285,-5.4076137848650584e-20,-3.535155318810788e-20
1065,16,5.32745885848999,-6.107539716116285,-6.323881952185046,1.608095100143776,1.687291089783609,-0.0003698426375941058,-0.00037615474014699346,1.002472528782605,1.0024014565949946,1.002472528782605,1.0024014565949946,-5.407640316099989e-20,-2.742537467345235e-20
1066,16,5.140836715698242,-5.702322395583781,-6.448860000804828,1.7411297100975816,1.852159909494919,-0.0002591628272759233,-0.0003980754605421478,1.0021455836995603,1.0023531078665397,1.0021455836995603,1.00235310786654,0.0,-9.019358365811507e-21
1067,16,5.2176313400268555,-7.6484637463693375,-6.647939790375238,2.241747830102387,2.07200899632223,-0.0005387085313106826,-0.0004401031437144272,1.0023115578224118,1.0023577817547584,1.0023115578224118,1.0023577817547586,0.0,9.52376780844154e-21
1068,16,6.022292137145996,-7.594950016427598,-6.570313836019545,2.3510045738094427,2.2825722350133497,-0.0005755857437187002,-0.0004612289581992031,1.0025596136725514,1.0023740186362846,1.0025596136725514,1.0023740186362846,1.0814341189287308e-19,1.7896053122223963e-20
1069,16,5.500482082366943,-5.639453096713566,-6.20698477711648,2.3773344161528,2.4708737958836804,-0.0004209584698062336,-0.00044979268778410443,1.002464838041863,1.002342378950434,1.002464838041863,1.002342378950434,-5.4076818026021776e-20,1.0261007437023804e-20
1070,16,5.561478614807129,-5.0230450664448325,-5.89552683853276,2.6512095184276663,2.6510436554691257,-0.000397553947235984,-0.0004344862998792229,1.0022191580601438,1.0022655541189875,1.0022191580601436,1.0022655541189875,0.0,2.230870549475564e-21
1071,16,5.702079772949219,-5.6990083469390544,-5.802429937798824,2.818048730299537,2.81275707806242,-0.000337668868891089,-0.00044060736335572374,1.0019780059740722,1.0021954388533083,1.0019780059740722,1.0021954388533083,0.0,-4.319329942575644e-21
1072,16,5.490238666534424,-6.418396461753595,-5.766144990302255,2.9265233755102478,2.9387416869994767,-0.000496248217124696,-0.00047151582292776764,1.0021746039842074,1.002162084558286,1.0021746039842077,1.002162084558286,0.0,-1.2979535749647574e-20
1073,16,5.809055328369141,-6.125924369606643,-5.57590239476615,3.086041115479442,3.012416438931168,-0.0006045400754366828,-0.0004975779188171569,1.0022907237165564,1.0021251923933867,1.0022907237165564,1.0021251923933867,0.0,-2.514147755452281e-20
1074,16,5.81491756439209,-4.813592012251726,-5.262208009027501,3.055680882628588,3.019412181735672,-0.0005217265573743729,-0.0004972411599707743,1.002157663711955,1.0020442752866634,1.002157663711955,1.0020442752866636,-1.0818678654510905e-19,-3.580480360265492e-20
1075,16,5.829308032989502,-4.3227716687121625,-5.042347379507865,2.950188928641922,2.9698902507786116,-0.0003733257268660033,-0.00048578689952911947,1.00179252510093,1.001939623855487,1.00179252510093,1.001939623855487,0.0,-3.676401899981408e-20
1076,16,5.4567742347717285,-5.1275801947497,-4.982356633856124,2.890062377101146,2.8893509602146383,-0.0004749088385046364,-0.00048563494500323477,1.0017503072831315,1.00186791926121,1.0017503072831315,1.00186791926121,0.0,-3.735605026622031e-20
1077,16,5.425508499145508,-5.441596386865688,-4.903741582902308,2.8753717857777836,2.8000811203164457,-0.0005109269991421214,-0.0004856186166088006,1.0018047766927407,1.0018399412279788,1.0018047766927407,1.0018399412279786,-1.0822489547961454e-19,-3.820627390044289e-20
1078,16,5.485315322875977,-5.374046931793768,-4.661746627777267,2.6974783826792357,2.7290839950113535,-0.0005795330986618767,-0.00046452218102333584,1.0020374965098675,1.0018149196553132,1.0020374965098675,1.001814919655313,0.0,-3.080981451601486e-20
1079,16,5.231542587280273,-3.819719296667646,-4.351314962059246,2.6764413662614888,2.7249368718655878,-0.00039631421704953355,-0.00041747806020177135,1.0017769812811756,1.0017491678476376,1.0017769812811754,1.0017491678476376,0.0,-2.3588412404590585e-20
1080,16,5.253310680389404,-3.2426284037278057,-4.293200341914054,2.64282296415719,2.8282544508336325,-0.0002568144170632145,-0.00037642124005375557,1.001592474395094,1.001669093726621,1.001592474395094,1.001669093726621,-5.412391767122163e-20,-1.8855704951640347e-20
1081,16,5.490797519683838,-4.549578471715809,-4.606871667856812,2.9765664527525737,3.0463649415081964,-0.0003211202207200251,-0.0003658453171841285,1.0014895651020739,1.0016215903797059,1.0014895651020739,1.0016215903797057,0.0,-1.1677171461284689e-20
1082,16,5.940797805786133,-6.195745891699702,-5.023539715761423,3.6199270985117624,3.317014687585749,-0.0005277814335304312,-0.00036620724875820697,1.001617402706615,1.00162050248148,1.001617402706615,1.0016205024814797,0.0,-5.709179656456654e-21
1083,16,5.755692958831787,-5.616164205270251,-5.26044596543146,3.540267301098638,3.5638683949719487,-0.00038718483999788814,-0.0003463981330034286,1.001860189720573,1.0016313478605905,1.0018601897205728,1.0016313478605903,0.0,-3.3267831036346937e-21
1084,16,5.696346282958984,-4.242500548205175,-5.415211325334635,3.619304824347743,3.795575985570844,-0.00016358227564310785,-0.0003241804037163262,1.0015317015528309,1.00162595462312,1.0015317015528309,1.0016259546231199,0.0,-3.9807276981820276e-21
1085,16,5.744592666625977,-5.896771756827026,-5.693699660674765,4.118731892057954,4.02283689956825,-0.0002983858098475567,-0.00032976340106470977,1.0014820438688021,1.0016394783151732,1.001482043868802,1.001639478315173,0.0,-5.345917233063905e-21
1086,16,5.605347633361816,-6.825803486476959,-5.97982262813324,4.367026675745923,4.20705648008515,-0.0004668607787440374,-0.0003440632909287325,1.0017541257274176,1.001683237756201,1.0017541257274176,1.001683237756201,-5.41151837881485e-20,-3.185249025615919e-21
1087,16,5.4651713371276855,-5.960942718109212,-6.195565293830022,4.322595296628973,4.338212256310323,-0.0003921756313427087,-0.0003353991561513598,1.0018424779384554,1.0017179512272971,1.0018424779384554,1.0017179512272971,5.411041138505751e-20,4.708495184956323e-21
1088,16,5.236385822296143,-5.580108478454329,-6.525632446430525,4.187119879684499,4.462703617371636,-0.00022958796989588017,-0.00031272685403170293,1.0017446493397253,1.0017242867478455,1.0017446493397253,1.0017242867478453,0.0,8.892740241547167e-21
1089,16,5.937882900238037,-7.3942731475755865,-7.069791641444443,4.706908471166508,4.612153673496647,-0.0002635820836888809,-0.000305945843767679,1.0015363312608967,1.0017297235996394,1.0015363312608967,1.0017297235996392,0.0,1.0913000450896425e-20
1090,16,5.990588665008545,-8.074486431207676,-7.626923471186816,4.806236781111172,4.734696758720815,-0.0003256128923984729,-0.0003192471117662094,1.0017727188287042,1.0017635069488482,1.0017727188287042,1.001763506948848,0.0,1.252261541537219e-20
1091,16,5.883784294128418,-8.30108667492225,-8.052080100085403,4.7911319891178445,4.79042374018993,-0.0004511184343671192,-0.0003376380916815041,1.0020433677272467,1.0017982594982773,1.0020433677272467,1.001798259498277,5.4099563322523837e-20,1.047491870328461e-20
1092,16,6.998848915100098,-7.324460195334991,-8.379986630891175,4.8521651584924275,4.768420307035534,-0.00018839753638923411,-0.0003535210119016398,1.0014958111671666,1.0018134308816582,1.0014958111671666,1.001813430881658,0.0,2.3133259962094266e-22
1093,16,5.794907569885254,-9.290465150690428,-8.681923668950127,4.601381812793266,4.669265743754002,-0.0003975413887380984,-0.0003830198461259668,1.001962773362989,1.001842088862355,1.001962773362989,1.0018420888623547,-5.4103914901273576e-20,-1.0347452582259239e-20
1094,16,5.418553352355957,-9.203738009078995,-8.800414571407513,4.6338300700428805,4.5117431060850235,-0.00046789805269241853,-0.00040595322152950234,1.001815309227557,1.0018566812427838,1.001815309227557,1.0018566812427838,0.0,-1.3501560937579727e-20
1095,16,6.020723819732666,-9.06807196889227,-8.724374848554255,4.286230479630817,4.3092680837142305,-0.0005363140503890564,-0.0004000387096567868,1.0020302578764912,1.0018414392893376,1.002030257876491,1.0018414392893376,0.0,-1.3920089292787323e-20
1096,16,5.51060676574707,-7.720604852460496,-8.644491476215938,3.893082064626544,4.107254856729961,-0.00024813152051749387,-0.0003742090203353845,1.0017742357915462,1.0017909924437598,1.0017742357915462,1.0017909924437598,0.0,-1.430506527122161e-20
1097,16,6.113256931304932,-8.111454931990474,-8.81457064536623,3.9651790122905983,3.9369330956950175,-0.000267561484592894,-0.0003736215389623637,1.001537710729104,1.0017525106791894,1.0015377107291037,1.0017525106791894,-5.412687714455716e-20,-1.0933642066154966e-20
1098,16,5.756071090698242,-9.901648487655551,-9.169076466864658,3.791754392224113,3.7620902764362443,-0.0003974263184719422,-0.00040586063339005603,1.0017866910992357,1.0017660194940625,1.0017866910992357,1.0017660194940623,0.0,2.256843224168212e-21
1099,16,5.766010284423828,-10.175454293048666,-9.41486945052718,3.8422331351370533,3.540341321797068,-0.0005981291183261754,-0.00043601753183828855,1.001844514641992,1.0018072960224245,1.0018445146419919,1.0018072960224242,0.0,1.9312046138470266e-20
1100,16,5.6052727699279785,-9.15404234058884,-9.491835764485591,3.175974058282814,3.2639757139051997,-0.00043276335321161145,-0.00043115105703704626,1.001938308918329,1.0018452714539818,1.0019383089183291,1.0018452714539818,1.0821047192576013e-19,2.8840218496927284e-20
1101,16,5.672499656677246,-9.012678275281282,-9.605528079398415,2.8325992224936467,3.0141238867745215,-0.0003822664237647461,-0.0004079752280030412,1.0019058792898794,1.001869302322195,1.0019058792898794,1.001869302322195,0.0,1.9527024986335212e-20
1102,16,5.7312774658203125,-9.553933901919137,-9.868037091690223,2.816078756500652,2.853483533091016,-0.00028077710975352296,-0.00039424974907172625,1.0017135411378715,1.0019036919983102,1.0017135411378717,1.0019036919983102,0.0,1.961116026897484e-21
1103,16,5.798888206481934,-10.922333732513184,-10.155517578873686,2.8371479975462197,2.778284172380048,-0.0004447526365468312,-0.0004010284529609373,1.0019642704725562,1.0019767028158677,1.0019642704725562,1.0019767028158677,-5.410383406057795e-20,-1.3285496477303302e-20
1104,16,5.8810906410217285,-10.877582359802018,-10.259507337828671,2.7341735166586267,2.763519192250896,-0.0005219470687028268,-0.0004054999348266208,1.0022429176266194,1.0020594501153635,1.0022429176266194,1.0020594501153635,0.0,-2.0923148726598426e-20
1105,16,5.573339939117432,-9.513867072139417,-10.231200167701145,2.7172382155722588,2.7971990836192484,-0.0003493223919450344,-0.0003984617923240367,1.0021285335951153,1.0021185074774304,1.0021285335951153,1.0021185074774304,0.0,-2.6810407488210825e-20
1106,16,5.594390869140625,-9.539536368635682,-10.313903188150785,2.901151544124201,2.856588926551601,-0.0002976073070419311,-0.0004059028746474098,1.0020169157976089,1.0021765025513922,1.0020169157976089,1.0021765025513922,-5.410099147989312e-20,-3.143309486716533e-20
1107,16,5.463340759277344,-11.299179140384336,-10.511556357909198,2.958859006397529,2.895028658985506,-0.0004544850758041119,-0.00043875119248091833,1.0022348982930651,1.0022607368942282,1.0022348982930651,1.0022607368942282,-5.4089224708301426e-20,-2.7012992829600148e-20
1108,16,5.483031272888184,-11.135810327503533,-10.590871839973936,2.915605880539127,2.878643947454517,-0.0005664767070302335,-0.00047128100400160356,1.0024870858381942,1.0023470903798006,1.0024870858381942,1.0023470903798006,0.0,-1.2938294773057876e-20
1109,16,5.490925312042236,-9.964932829509426,-10.551435943035356,2.7877333578728627,2.8002938538480553,-0.00046500037424537235,-0.00048181585075470846,1.0024206492649905,1.0024017970032237,1.0024206492649905,1.0024017970032237,0.0,2.0380329642773365e-21
1110,16,5.511440277099609,-10.639298981855116,-10.581928268118101,2.685198734428896,2.6686493727135003,-0.00045623844751323717,-0.0004788160052772798,1.0023989914642681,1.0024349724644046,1.0023989914642681,1.0024349724644046,5.4080370277594813e-20,1.095597212814793e-20
1111,16,5.413830757141113,-10.758665890575571,-10.732766665050052,2.589324694678134,2.492640435874331,-0.0005028940476136248,-0.00047117518739471574,1.0024338810674656,1.0024709747739464,1.0024338810674656,1.0024709747739464,0.0,1.0649467605429294e-20
1112,16,5.4158124923706055,-10.882394777828312,-11.028090285312011,2.2338725666065637,2.293162094399264,-0.000436759080241092,-0.0004618377794068728,1.0025346566927877,1.0025213019197672,1.0025346566927877,1.0025213019197674,-5.407305200112112e-20,1.0595049833265819e-20
1113,16,5.5896830558776855,-11.181639795820129,-11.493219794914785,2.0024939289553845,2.11856997696697,-0.00044937949023260133,-0.00046009072372667876,1.0026311682758708,1.0025838208961424,1.002631168275871,1.0025838208961426,5.4067847020450363e-20,1.5117667618498847e-20
1114,16,5.897366523742676,-12.203625109975247,-12.08451999307476,1.9871164434290203,1.9968807294544824,-0.00042746388171573807,-0.0004689024187574923,1.0025894490441292,1.0026614234431817,1.0025894490441292,1.0026614234431817,5.407009686363571e-20,1.0099857146298895e-20
1115,16,5.997748374938965,-12.800390594939296,-12.657866757314261,1.9431061822419275,1.914133004450687,-0.0004998920858157326,-0.0004827007448259273,1.002747932987143,1.0027674483355193,1.0027479329871427,1.0027674483355193,0.0,-8.128479272918211e-21
1116,16,5.861300468444824,-13.348212087332307,-13.091901980996205,1.9011303383744238,1.8464505673867804,-0.0005477030593044053,-0.0004836944643849924,1.0028922659367676,1.0028954504360572,1.0028922659367676,1.0028954504360572,-1.0810754148879471e-19,-2.610347979747582e-20
1117,16,5.606698036193848,-13.309120388009527,-13.337288352822066,1.8190067483348573,1.782196301884078,-0.00046336464451498816,-0.000461049860328781,1.0030519951358563,1.0030273133634182,1.0030519951358563,1.0030273133634182,0.0,-3.0824801901530113e-20
1118,16,5.412057876586914,-13.430413548587984,-13.431969694216768,1.7012227220981477,1.7316053191500551,-0.0004027581793175431,-0.00042506819338835824,1.0031946307347848,1.0031444002298882,1.0031946307347848,1.0031444002298882,0.0,-3.142999389936111e-20
1119,16,5.415621280670166,-13.436276800553776,-13.424592905753107,1.6932250181550672,1.7182389391859914,-0.00037099039704511925,-0.00038990785738209175,1.003214855786257,1.0032395905228517,1.003214855786257,1.003239590522852,-5.403638942506362e-20,-3.116231594206909e-20
1120,16,5.569674968719482,-13.570754489715998,-13.362029824368156,1.7431769283312735,1.7568434595562663,-0.00038170163977320156,-0.00036127065024846376,1.0033042568391473,1.003321773998294,1.0033042568391473,1.0033217739982943,-5.403157442495168e-20,-2.263058905614851e-20
1121,16,5.738379955291748,-12.948390072620331,-13.311195980623156,1.77567656188778,1.85067319467698,-0.0003251546107537897,-0.000338643337365619,1.0034352670465183,1.0033945731076173,1.0034352670465183,1.0033945731076175,0.0,-5.711608394433742e-21
1122,16,5.798245429992676,-12.939355335472257,-13.377539990316436,1.9434640996519177,1.9908624687305159,-0.00030104721707554247,-0.0003253912616475711,1.0034269759818113,1.0034572745543073,1.0034269759818113,1.0034572745543076,5.402496636213402e-20,8.443643327490305e-21
1123,16,5.800690174102783,-13.956877605590234,-13.536551846136948,2.2431687323368243,2.140539876348508,-0.00033951622404170494,-0.0003204243990163949,1.0034485086013183,1.0035180750432962,1.0034485086013185,1.0035180750432964,0.0,1.1501289822923836e-20
1124,16,5.981908321380615,-14.214914932644033,-13.632748026410322,2.2887777699848133,2.2503033532761307,-0.00035783499354165153,-0.00031556485189290285,1.0036269073422017,1.003573608431306,1.0036269073422017,1.0035736084313063,0.0,8.753107762280915e-21
1125,16,5.819275379180908,-13.317275558852943,-13.650761787054515,2.2650025106561853,2.3016875813128936,-0.00030891449037379705,-0.0003098583587867981,1.0036781580780985,1.0036007493647057,1.0036781580780985,1.0036007493647057,0.0,4.794153278701849e-21
1126,16,5.731536865234375,-13.295147195828923,-13.758823817577404,2.284423110493494,2.2930076831858637,-0.0002525202378892077,-0.00031659213182372916,1.003545695694123,1.003593159439586,1.003545695694123,1.0035931594395857,0.0,3.03749497350999e-22
1127,16,5.809680938720703,-14.272729215618435,-14.030636401294009,2.2341206224726466,2.2135314185956054,-0.0003524056592743548,-0.0003469994088310045,1.0035731353786261,1.003568714244793,1.0035731353786264,1.003568714244793,0.0,-6.2042570895501265e-21
1128,16,5.762551784515381,-14.345055515139435,-14.388909687215905,2.083039169581504,2.048622612837386,-0.0003971596488521105,-0.00039276367674537303,1.0035883679798456,1.003536855671921,1.0035883679798454,1.003536855671921,0.0,-1.620131384737842e-20
1129,16,6.030831336975098,-14.16796691572502,-14.791620790373992,1.8435858720766232,1.7919920265864389,-0.00039521819918537514,-0.0004426023814586452,1.0034544189388532,1.0035086923121597,1.0034544189388532,1.0035086923121597,-5.402348886121013e-20,-2.8015081808113785e-20
1130,16,6.1186323165893555,-15.521751647502198,-15.15466524950328,1.5103727494744745,1.453496573431435,-0.0005067425078433561,-0.00048342736663803355,1.0034276705328016,1.003507519569955,1.0034276705328016,1.003507519569955,0.0,-3.644522008438471e-20
1131,16,6.333066940307617,-15.989220589552138,-15.229435049561857,1.1763310268944753,1.0655344308789367,-0.0005991652862972536,-0.0004899065562017163,1.0035320405940182,1.0035382084810989,1.0035320405940182,1.0035382084810986,-1.0803862045538031e-19,-4.0169429198327296e-20
1132,16,6.057118892669678,-15.312640205881035,-14.886381191616698,0.5419257868073099,0.6896500859261928,-0.0004582408775353029,-0.0004481786426313052,1.0036486507501214,1.0035770962549886,1.0036486507501214,1.0035770962549881,0.0,-3.3892722102291034e-20
1133,16,6.085735321044922,-13.976197350082433,-14.279703804890561,0.311328192733135,0.41317979914812636,-0.0003613134643598675,-0.0003791076930666461,1.0036547629047172,1.0035981071392042,1.0036547629047172,1.0035981071392037,0.0,-2.7038886503479546e-20
1134,16,5.6363606452941895,-13.285215197790341,-13.725422899415003,0.2634571751074588,0.27937271511313294,-0.0002701953536353593,-0.00031330944499155473,1.003545516726382,1.0036005727484205,1.003545516726382,1.0036005727484203,-5.4018584828231244e-20,-2.1769504366087118e-20
1135,16,5.637228488922119,-13.174242232712556,-13.44588008077621,0.1889296243572658,0.28841837542791704,-0.0002445154307893419,-0.0002734262358996555,1.0036085101687688,1.003601972918082,1.0036085101687688,1.0036019729180818,0.0,-1.2071920870743162e-20
1136,16,5.56178092956543,-13.297455719216881,-13.4814716398392,0.36605596464059414,0.4200688189465619,-0.0002342916961049377,-0.00026499818622552183,1.0035813902786,1.0036073247633222,1.0035813902785997,1.0036073247633222,-2.700832695254851e-20,9.489422807822281e-22
1137,16,6.034445762634277,-13.884492133119572,-13.738585341591028,0.6943908985910318,0.6174244986480736,-0.00030855369414638364,-0.00027871890426033535,1.0036242304416911,1.0036173387175336,1.0036242304416911,1.0036173387175336,5.4014348179315643e-20,1.5240278451762797e-20
1138,16,5.884861946105957,-14.41005916453276,-14.055374753512629,0.9250520665846232,0.804592237407179,-0.0003167235590890772,-0.0002955957529021827,1.0036369379143264,1.0036255831913525,1.0036369379143262,1.0036255831913525,0.0,2.3813332019484833e-20
1139,16,5.823914051055908,-14.417367901962576,-14.326782133241316,0.992067085795659,0.9339243899868568,-0.00032973165768733183,-0.0003048570927127538,1.0036337485414295,1.0036265367263624,1.0036337485414295,1.0036265367263624,5.4013835926759345e-20,2.7378437202533976e-20
1140,16,5.545383930206299,-14.432758449132821,-14.574414140948232,1.0000494189940097,1.0049722490645723,-0.0002930161801698854,-0.00030637473299169327,1.0036063593897162,1.0036192327391,1.0036063593897162,1.0036192327391,0.0,2.4332980714694518e-20
1141,16,5.783935546875,-14.827025051344224,-14.863761911083705,0.9869847418487753,1.044031458987222,-0.0003188568233319563,-0.0003082453792154552,1.0036564529644256,1.0036047794745682,1.0036564529644256,1.003604779474568,5.401261404154663e-20,1.7533520954965894e-20
1142,16,5.9828267097473145,-14.801686473151232,-15.219736169921461,1.0015764769645696,1.0759126481655397,-0.0002744213979164043,-0.00031708397684772653,1.0035507253891454,1.0035847693278552,1.0035507253891454,1.003584769327855,0.0,7.024816746302941e-21
1143,16,5.99281120300293,-15.86646592208895,-15.612967233311,1.1092558494536076,1.1017616323103372,-0.00031764044498294004,-0.0003384910231474401,1.0034975419204846,1.0035731638846184,1.0034975419204846,1.0035731638846181,-5.402116732695568e-20,1.672256082045449e-21
1144,16,5.742910861968994,-16.385676034627874,-15.903492625649672,1.1122595665390371,1.0963043756205868,-0.0003952587951939309,-0.000364345486074328,1.0036216138621314,1.003571838124406,1.0036216138621314,1.003571838124406,5.401448900214909e-20,6.800154024250411e-21
1145,16,5.863008499145508,-15.886387244109887,-16.03393145526558,1.0769245907680824,1.0321334382524352,-0.0004019702235193506,-0.0003793554518156612,1.0036587527140732,1.0035609900513822,1.0036587527140732,1.0035609900513824,0.0,1.395746637780798e-20
1146,16,6.199667453765869,-15.604163485113071,-16.104379885922718,0.9784391050376123,0.8907960129086782,-0.00035828846126788284,-0.00037797100240053886,1.0034723756210113,1.0035380210064537,1.0034723756210113,1.003538021006454,0.0,2.4041357483781702e-20
1147,16,6.211050987243652,-16.371706755202133,-16.169748779798688,0.7820521569332355,0.6753581026299696,-0.00036710141802452054,-0.00036251340224338776,1.0034215483556899,1.0035293053684675,1.0034215483556899,1.0035293053684675,5.4025258589582315e-20,3.553397966857123e-20
1148,16,6.161045074462891,-16.913671501088995,-16.13950913027958,0.44715008362461434,0.42640303806459795,-0.0004070796032067778,-0.0003315118086035304,1.0035888865995184,1.0035411192169834,1.0035888865995184,1.0035411192169834,5.401625042696167e-20,4.005474794225994e-20
1149,16,6.422506809234619,-15.744749621725354,-16.003906880373943,-0.027919341529868,0.2243838109787912,-0.0002768143867712848,-0.0002890467309294535,1.0036812325839388,1.0035463165012934,1.003681232583939,1.0035463165012937,5.4011280538456785e-20,3.398365775083809e-20
1150,16,6.069080352783203,-14.925909637408624,-15.98087112606672,-0.0017559457562530485,0.14544602308152726,-0.0001716645723154243,-0.00026125277759533194,1.0034682865525366,1.003533887782608,1.0034682865525368,1.0035338877826083,0.0,2.0720043262623608e-20
1151,16,6.44783878326416,-16.279182811910037,-16.19086114189535,0.16129989134388614,0.1823495214907062,-0.00021274713031965755,-0.0002695831766954553,1.0034334250354173,1.003530936927199,1.003433425035417,1.0035309369271992,0.0,9.007020834449929e-21
1152,16,5.918097972869873,-17.177422043370623,-16.42372888225974,0.4249087646554963,0.26347227510440513,-0.0003682090156255556,-0.00030343352410868444,1.0035469479608319,1.0035475393269273,1.0035469479608319,1.0035475393269278,0.0,2.1478873571432846e-21
1153,16,6.0439133644104,-16.782591062653452,-16.47315505324048,0.3665329407342055,0.31227693728172423,-0.00039297074813354033,-0.0003337937305273656,1.003652448909073,1.003560301386438,1.003652448909073,1.0035603013864385,0.0,-9.105159642556705e-22
1154,16,6.159597396850586,-15.96603239682312,-16.392875120164785,0.3391104499632044,0.30410185163874387,-0.00033385270171702405,-0.0003517612643126593,1.0035671582403667,1.0035454902958119,1.003567158240367,1.003545490295812,0.0,-2.4663135732528996e-21
1155,16,6.198581218719482,-15.797783961028308,-16.355757046736485,0.1280370877975768,0.24562721917540267,-0.000300720098730292,-0.00036992244454847926,1.0035180197606475,1.003508793358583,1.0035180197606475,1.003508793358583,0.0,-4.522042371271309e-21
1156,16,6.316579818725586,-16.73897190160194,-16.38873230375063,0.2254949447755502,0.1493397953855839,-0.0004171859439877204,-0.0003948163762287732,1.003366444755609,1.003470030004435,1.0033664447556088,1.003470030004435,0.0,-7.936387807237732e-21
1157,16,6.4860992431640625,-16.91685692923532,-16.34626079466858,0.16637529865518677,0.0008992086327702931,-0.0005033635881997236,-0.0004126565430761704,1.0034556656237488,1.003445745579234,1.0034556656237488,1.003445745579234,0.0,-1.144916513993933e-20
1158,16,6.3067731857299805,-15.887848695839489,-16.18614705789278,-0.3109653226842109,-0.18827181825620515,-0.00036947982959200856,-0.000417704014243963,1.003495298836929,1.0034233099636876,1.003495298836929,1.0034233099636876,-5.402128807888369e-20,-1.0286395012834813e-20
1159,16,6.127303123474121,-15.5499094822393,-16.03612982955372,-0.48408510549822353,-0.3620181214787579,-0.0003523504026496438,-0.0004287160495407878,1.0033721569991738,1.003390653097097,1.0033721569991738,1.003390653097097,0.0,1.013919882091212e-21
1160,16,6.086467742919922,-16.280950128171202,-15.940857370829097,-0.4433024674900011,-0.4975537670603711,-0.00048728607410333856,-0.0004510731372630829,1.003329033237286,1.0033563130423269,1.003329033237286,1.0033563130423269,0.0,1.5746919671560674e-20
1161,16,5.9556355476379395,-16.142585663388157,-15.802659447077522,-0.5193795833164073,-0.6136970898289819,-0.000526296500838937,-0.0004664070211057711,1.0033688454024319,1.0033265435858154,1.003368845402432,1.0033265435858154,1.0805619264076827e-19,2.2487267090252973e-20
1162,16,6.135051727294922,-15.182121101918574,-15.6156641686131,-0.8188121350559575,-0.7149092017492175,-0.0004274597196779402,-0.00046608304533190853,1.0033101023944802,1.0033012179392689,1.0033101023944802,1.0033012179392689,0.0,1.1506059323793023e-20
1163,16,6.112407684326172,-15.15939789289801,-15.47060092481964,-0.7786860768997514,-0.7806384317535534,-0.0004298608041050334,-0.0004595322054625685,1.0032320344098733,1.0032917019509884,1.003232034409873,1.0032917019509884,-5.4035464144805745e-20,-2.9194212926308792e-21
1164,16,5.953946590423584,-15.908935894116054,-15.330713353299844,-0.7357038811503562,-0.8141601942791861,-0.0004771222220381096,-0.0004469354820036964,1.0032482195784085,1.0033107641330907,1.0032482195784085,1.0033107641330907,0.0,-7.287187894296843e-21
1165,16,6.34543514251709,-15.630893467243085,-15.077280490026256,-0.7720089419060957,-0.8199787452086718,-0.0005271120396165566,-0.0004189633666900841,1.0034326814712897,1.0033491527796494,1.0034326814712897,1.0033491527796494,0.0,-3.758608625265934e-21
1166,16,5.76223611831665,-14.097591015119704,-14.785058773225158,-0.8997205096535759,-0.7750275334240905,-0.0003031069675559384,-0.0003812144552714077,1.003412520651066,1.0033802397294165,1.003412520651066,1.0033802397294165,0.0,4.16192552374705e-21
1167,16,5.6457600593566895,-14.053071692526112,-14.682675233397521,-0.8519252937599178,-0.6457902609184012,-0.00025775222000938705,-0.0003673946273278596,1.0034145476575413,1.0033997380310067,1.0034145476575416,1.0033997380310067,0.0,1.4309729630042808e-20
1168,16,5.629273414611816,-15.031870839073827,-14.777402795607141,-0.35448543146749384,-0.44995264479290253,-0.00039162330981125246,-0.00038641175480887287,1.0033323786069759,1.003420665935963,1.003332378606976,1.003420665935963,5.403006000817036e-20,2.2388912971315314e-20
1169,16,5.794165134429932,-15.608997845813883,-14.846251109122294,-0.09029327156962189,-0.271866359740487,-0.0005059601470274192,-0.0004072328997290714,1.0034747291790518,1.003456258518015,1.0034747291790518,1.003456258518015,0.0,2.1782910526197486e-20
1170,16,6.176759719848633,-14.773661925386344,-14.755596463140655,-0.10595184145055249,-0.16807748863832844,-0.0004478460685995345,-0.00039950382015861285,1.0035566693810305,1.0034946732059515,1.0035566693810307,1.0034946732059515,5.401798451273379e-20,1.2988040108429947e-20
1171,16,5.8140034675598145,-14.166124589340187,-14.628623624998013,-0.23658285683642483,-0.12694640559295411,-0.00033422183491800116,-0.0003673750463421855,1.003534864781881,1.0035274861081784,1.0035348647818811,1.0035274861081784,0.0,-4.682642357407057e-21
1172,16,5.890750885009766,-14.3400053923301,-14.617154937278984,-0.12432264775756763,-0.1127043138431264,-0.00028934508788596304,-0.0003345068108398636,1.003492984051422,1.0035667903422612,1.003492984051422,1.0035667903422612,-5.402141269130919e-20,-2.0978339509701898e-20
1173,16,5.867285251617432,-15.029445003472963,-14.710580440745783,-0.10658951657446947,-0.1196271227321869,-0.00032491294992577103,-0.0003144935152834577,1.0036238017885661,1.0036259343522487,1.0036238017885664,1.0036259343522487,-5.4014371249134324e-20,-2.366961741376921e-20
1174,16,5.866593360900879,-14.956417805680243,-14.802245285591603,-0.16787540628893727,-0.15299707834371584,-0.00029537081064377095,-0.00030534558347427866,1.0037025369932497,1.0036960724656812,1.00370253699325,1.0036960724656812,0.0,-1.261143137990585e-20
1175,16,5.761088848114014,-14.89123089914703,-14.873940154924211,-0.20040392306818092,-0.21612689737782037,-0.0003327356624015529,-0.0003040480998475036,1.0038076878328681,1.003762550797719,1.0038076878328681,1.003762550797719,0.0,1.4688565683241761e-21
1176,16,5.791569709777832,-14.62451561002204,-14.980559291426246,-0.38039508487196766,-0.31467721148027533,-0.0002699916444458571,-0.00030754574895794015,1.0038215562825563,1.003816030032089,1.0038215562825563,1.003816030032089,5.4003730329353606e-20,9.272248470586322e-21
1177,16,5.845877170562744,-15.42690714739327,-15.166686460036708,-0.34127799977302864,-0.4556551626602488,-0.00032694276541445696,-0.00031800245521205485,1.0038306573626476,1.0038620717448035,1.0038306573626474,1.0038620717448035,0.0,5.46620474916418e-21
1178,16,5.620651721954346,-15.551908378381254,-15.388274737175577,-0.5338227764851133,-0.6563583660600834,-0.00036674044618926723,-0.0003288913369341222,1.0039047392411455,1.00390902475988,1.0039047392411455,1.0039090247598799,0.0,-1.999926332112817e-21
1179,16,5.813272476196289,-15.16226906688014,-15.666602966984895,-0.9983133388416853,-0.894394439589948,-0.0003189062141574834,-0.0003365009521807391,1.004008228588963,1.003955672061875,1.004008228588963,1.0039556720618747,-5.3993689574100714e-20,-3.2463854309865423e-21
1180,16,5.925929546356201,-15.557841586320523,-16.055388062425454,-1.2531194915139716,-1.1081682377835809,-0.00029770034620489464,-0.00034831875908559117,1.0039381909682548,1.004001089150621,1.0039381909682545,1.004001089150621,0.0,7.902619553411308e-21
1181,16,5.962890625,-17.033511676000657,-16.42773172995769,-1.2760380246716845,-1.269576425369344,-0.00036885672409951253,-0.000365512246768518,1.0040669193524543,1.0040554171583889,1.0040669193524545,1.0040554171583889,5.399053347882086e-20,2.1532612196129588e-20
1182,16,5.833225250244141,-17.113697242932208,-16.512068436088192,-1.2287684730552733,-1.403264162578269,-0.0004215688365739012,-0.000372695447394893,1.0040671678544169,1.0041145221932306,1.0040671678544169,1.0041145221932308,5.3990520116414497e-20,2.3874894140129013e-20
1183,16,5.935123920440674,-16.579286278680026,-16.229478919736014,-1.5487984647761768,-1.5334802559883847,-0.0004041972487167557,-0.0003553971077177003,1.0042637114855562,1.0041693270917935,1.0042637114855564,1.0041693270917937,0.0,1.2751121417340146e-20
1184,16,5.851896286010742,-15.200987377061379,-15.75894302160898,-1.6277056535266268,-1.6324348507874233,-0.0003133864171983928,-0.00031816165449888035,1.0041807788636037,1.0042042543973295,1.0041807788636037,1.0042042543973297,0.0,-3.2526392908035373e-21
1185,16,5.780699253082275,-14.907644634824447,-15.389568371307378,-1.801906671809031,-1.663222624804895,-0.00021173944635367701,-0.00028381172029715246,1.004242625949665,1.0042270694524353,1.004242625949665,1.0042270694524353,-2.6990543531754227e-20,-1.6872926379482834e-20
1186,16,5.990699768066406,-15.423585025245254,-15.228467622896202,-1.6259093505512647,-1.5993720136824796,-0.00026447478831876086,-0.00027185373702447976,1.0042178800241262,1.0042467247343623,1.0042178800241262,1.0042467247343623,-5.398241726483981e-20,-2.1601266076343768e-20
1187,16,5.782248497009277,-15.524239334042957,-15.205717177814021,-1.3828788837211947,-1.45893666795383,-0.00029991458934847625,-0.00027858603495504195,1.0042469936067835,1.0042729899237182,1.0042469936067837,1.0042729899237182,0.0,-1.626463719068298e-20
1188,16,5.57155179977417,-15.081660590624862,-15.297990630038937,-1.2958940722160226,-1.2728669413974092,-0.00031831732234628756,-0.00029414488807102165,1.0043423264952807,1.0043060720422001,1.0043423264952807,1.0043060720422001,0.0,-9.04467163372322e-21
1189,16,5.488727569580078,-15.085654119288622,-15.578195196832553,-1.150657226992551,-1.0524298237380583,-0.00027871651364896167,-0.0003166026424170613,1.0043443590746697,1.0043388077882938,1.0043443590746697,1.0043388077882938,0.0,-4.840705633390447e-21
1190,16,6.437530517578125,-15.85560682278083,-16.036654671236537,-0.7875877188267615,-0.818058188257289,-0.0002998842251914792,-0.0003502874124881292,1.0043091634269234,1.004373882977721,1.0043091634269232,1.004373882977721,0.0,-4.062749900595844e-21
1191,16,6.192396640777588,-17.313436604779795,-16.47715573807576,-0.39911468118181886,-0.6209370481426997,-0.00046394651840222427,-0.00038572662965068215,1.0044011408498636,1.0044138697323521,1.0044011408498636,1.0044138697323524,0.0,-4.575939833465376e-21
1192,16,6.2059855461120605,-17.15672262648566,-16.67387630807056,-0.48288064025178923,-0.4945897778276298,-0.0004452659581856717,-0.00040154419046793585,1.0045194160001705,1.0044419132242643,1.0045194160001705,1.0044419132242646,-5.39662128584143e-20,-2.3325507799906064e-21
1193,16,6.028095722198486,-16.22651338211939,-16.673263220258427,-0.48663346383772116,-0.40325489404104764,-0.0003618907983268493,-0.0003992770181283596,1.0044533998514449,1.004438405759678,1.0044533998514449,1.0044384057596782,5.396975970442502e-20,4.530274490641964e-21
1194,16,5.98903226852417,-16.167503704673944,-16.694252040591245,-0.4268468690194858,-0.29744204091697557,-0.0003684013351936371,-0.0003964989887303447,1.004420776691681,1.004407022540003,1.004420776691681,1.004407022540003,0.0,6.5682466893703416e-21
1195,16,6.03375768661499,-16.705562030734892,-16.816594383484503,-0.2523775341708062,-0.1618393191585349,-0.00036186764325806697,-0.0004005964965667015,1.004312257495941,1.0043627942144038,1.0043122574959409,1.0043627942144036,0.0,4.951021944163668e-21
1196,16,5.74252462387085,-17.400222449565263,-16.917930103499337,0.14193157298526501,-0.033575170131439666,-0.0004632168615359395,-0.0004046690610469024,1.0042884001739276,1.0043222404270549,1.0042884001739276,1.0043222404270546,0.0,2.2196733752123014e-21
1197,16,5.669978618621826,-17.147337339206686,-16.83973913711348,0.07304327858606921,0.02662820624013837,-0.0004151642356481881,-0.0003925108216854213,1.0043438387864123,1.0042850163827752,1.0043438387864123,1.0042850163827752,0.0,-1.2527598240914112e-21
1198,16,5.724430561065674,-16.4347188154586,-16.588716484603484,0.06972831253797719,0.009266392722249855,-0.00035095021128529513,-0.00036491673456902075,1.004228067879112,1.0042410501623236,1.004228067879112,1.0042410501623236,0.0,-6.0583318736111235e-21
1199,16,5.675053119659424,-16.280961041281355,-16.29302452764098,0.021774883054058832,-0.06236852067369733,-0.0003444582632263189,-0.0003332092935831838,1.0041914530070597,1.0041950007789056,1.0041914530070597,1.0041950007789053,0.0,-1.2099573064435054e-20
1200,16,5.6621527671813965,-15.827193367685975,-16.056046473021368,-0.2853333063562505,-0.13601304078154672,-0.0002864876584746788,-0.00030701734548722567,1.0041748777920765,1.0041518079373155,1.0041748777920765,1.0041518079373153,-5.398472897815306e-20,-1.635509130841687e-20
1201,16,5.709499359130859,-15.510985798359998,-15.947566326917093,-0.27762060028450036,-0.14011291971707415,-0.00024852554457833705,-0.0002967917435406763,1.004080980970012,1.0041160976903118,1.004080980970012,1.0041160976903116,0.0,-1.4496213670001008e-20
1202,16,5.908696174621582,-16.15281995426012,-15.930978020195488,-0.18570319601818205,-0.053892350016518625,-0.0002799917742894912,-0.0003036934990829751,1.004065186693085,1.0040966952357795,1.004065186693085,1.0040966952357795,0.0,-1.1878530847326283e-20
1203,16,5.963156700134277,-16.518928710509073,-15.83293854404583,0.343667817450978,0.07891004598823835,-0.00043877536864841537,-0.0003104532809309233,1.0040858938249986,1.0040908946662626,1.0040858938249986,1.0040908946662626,0.0,-1.1378939717488693e-20
1204,16,5.94185209274292,-15.303777950499587,-15.566154845302407,0.13981998217309088,0.18370422941606585,-0.0002679331375591871,-0.00029856331797915506,1.0041303993686048,1.0040832457354847,1.0041303993686048,1.004083245735485,-5.398712025685352e-20,-1.0249819560808231e-20
1205,16,5.982652187347412,-15.00540032119296,-15.249026877966319,0.23194186234471054,0.2530421358792902,-0.00022358888048913686,-0.00028441591616184923,1.0040583223608357,1.0040579619473289,1.0040583223608357,1.004057961947329,2.699549787945154e-20,-4.706523278952428e-21
1206,16,5.820970058441162,-15.063969158631796,-14.953653026857774,0.3395317712798914,0.2846357209459882,-0.0002865211094903676,-0.0002802081659363409,1.0040118518315158,1.0040132781513267,1.004011851831516,1.004013278151327,0.0,-1.0242313779763618e-21
1207,16,5.621227264404297,-15.059587115508608,-14.666625700115173,0.35592575858683917,0.27067076587876326,-0.00035261403847695714,-0.0002778116393875931,1.003976447679602,1.0039510224275325,1.0039764476796023,1.0039510224275328,0.0,8.97616828393745e-22
1208,16,5.5752644538879395,-14.052549138771056,-14.420822512115738,0.08932535526876656,0.2253248706137908,-0.00022767142769465542,-0.0002722867513498859,1.0038647847298146,1.0038746037907484,1.0038647847298143,1.0038746037907487,0.0,3.81227512376976e-21
1209,16,5.580803871154785,-14.006195181344465,-14.351840792872864,0.15615982684326168,0.18303027856873952,-0.0002559594804420186,-0.0002791221570024181,1.003804000209277,1.0037945204241019,1.0038040002092772,1.003794520424102,0.0,9.97038706452404e-21
1210,16,5.932783126831055,-14.103387289211708,-14.482945971394136,0.057985404324047495,0.1399715937814393,-0.00023859705041223678,-0.0003038015701469469,1.0036799154921854,1.003720917910349,1.0036799154921854,1.003720917910349,0.0,1.956767171594964e-20
1211,16,5.70662260055542,-15.459937423925178,-14.670703481254915,0.23849661745511866,0.0669207872474984,-0.0004043350522694601,-0.00033603533483424734,1.0036473983188803,1.0036630247665577,1.0036473983188803,1.0036630247665577,5.4013101329289264e-20,2.786995539196827e-20
1212,16,5.851483345031738,-15.251855773512654,-14.690088869706681,0.07770429184534922,-0.07912890013762065,-0.0004216943175787589,-0.0003491322680040655,1.0036509009627554,1.0036170905649804,1.0036509009627554,1.0036170905649804,5.401291282882723e-20,2.542276374421949e-20
1213,16,5.963442325592041,-13.970970791549952,-14.575868847574403,-0.2965366375506112,-0.28200061197256526,-0.00031902860865273965,-0.0003382547895389717,1.0035751657610077,1.003573972056703,1.0035751657610075,1.003573972056703,0.0,1.161033790705868e-20
1214,16,5.849147796630859,-13.871175083855483,-14.550793759163577,-0.642781293544683,-0.4650895842200066,-0.0002631946074374498,-0.0003247103854939605,1.0035640935971117,1.0035337892022584,1.0035640935971117,1.0035337892022584,0.0,-4.248325309233542e-21
1215,16,5.85459041595459,-14.742179754081624,-14.644496750118487,-0.6245259808749054,-0.5578189206191329,-0.00028139187853480353,-0.0003248040440856355,1.0034368716421624,1.0035019503730702,1.0034368716421624,1.0035019503730704,-5.402443358051845e-20,-1.3844519194758537e-20
1216,16,5.854729652404785,-15.688592225955396,-14.639247071582158,-0.5033516980192801,-0.5504457757943788,-0.00040937437373664645,-0.00033114040380068804,1.0034871245330323,1.0034882700785712,1.0034871245330321,1.0034882700785712,0.0,-1.1532601663819975e-20
1217,16,5.934449195861816,-14.454387227416012,-14.375684009858686,-0.45295835079132246,-0.4637522547503284,-0.0003473458378643932,-0.00032427105894603756,1.0035241617736423,1.003484813403579,1.0035241617736421,1.003484813403579,0.0,-2.7966664552431407e-21
1218,16,5.739444732666016,-13.314909630724088,-14.030263754931951,-0.35767148635059126,-0.3083544920072829,-0.00027472615914125664,-0.00030720376835170597,1.0034740373217546,1.0034812968363234,1.0034740373217546,1.0034812968363231,0.0,7.549361120953934e-21
1219,16,5.847477912902832,-13.287923809658201,-13.828539076799986,-0.1430079500501167,-0.09178523001607601,-0.00025949036071915206,-0.00029347322945567504,1.003470040585214,1.0034787884956946,1.003470040585214,1.0034787884956944,5.4022647843736735e-20,1.584462667601033e-20
1220,16,5.865263938903809,-14.27055074126218,-13.738567643824647,0.240175028783245,0.1600081985343992,-0.00029991015504189937,-0.0002856856106445327,1.0034504777287032,1.0034784325538764,1.0034504777287032,1.0034784325538764,0.0,1.9232680591583778e-20
1221,16,5.687199115753174,-14.278839726229537,-13.547572002166303,0.5198270461258849,0.40765991456869816,-0.00032898860721009574,-0.0002745744274674382,1.003503012515813,1.0034759767239527,1.003503012515813,1.0034759767239525,0.0,2.4530042296617712e-20
1222,16,5.8849616050720215,-12.852775827420833,-13.22147339995309,0.6119258926575996,0.6412103327921236,-0.000262513629559179,-0.0002568675514126044,1.0034805839091248,1.0034600247344527,1.0034805839091248,1.0034600247344527,5.4022080241050773e-20,3.367314685910477e-20
1223,16,5.9164719581604,-12.231733800910828,-12.966712317214451,0.6851707262133995,0.8895710080210618,-0.000151704251068935,-0.0002477780251400576,1.003440610981421,1.0034270375620393,1.0034406109814211,1.0034270375620393,2.70121161287536e-20,4.103512528501887e-20
1224,16,5.996633052825928,-13.127813867755789,-12.877628463304573,1.2276179581116116,1.16581141380329,-0.0002897797444042255,-0.000261150994612462,1.0033237805306316,1.0033829180274247,1.0033237805306316,1.0033829180274247,5.4030523023788906e-20,4.4240380436867515e-20
1225,16,5.931660175323486,-13.175558299436096,-12.814755539040956,1.481538557917627,1.4229994247717337,-0.00032160893759870443,-0.0002840837926822538,1.0033506204129496,1.0033348047467259,1.0033506204129494,1.0033348047467259,5.402907769366201e-20,3.893017262923054e-20
1226,16,5.751866817474365,-12.380458107589606,-12.68591924725615,1.6326680358147097,1.621808745739509,-0.00028630933330228307,-0.00030788420634236433,1.0032707709570503,1.0032741369134097,1.00327077095705,1.0032741369134095,5.403337782138572e-20,2.3796782664071e-20
1227,16,5.714918613433838,-12.344770961317892,-12.504338430228453,1.6544165940666034,1.7463035001943144,-0.0002855680892150744,-0.00033580914859710636,1.0032537883143855,1.0031924328120871,1.0032537883143853,1.003192432812087,-5.4034292474844497e-20,5.224778699045378e-21
1228,16,5.415958881378174,-12.627852332107416,-12.203675162469457,1.935470284360843,1.7812357303059756,-0.0003958702246531224,-0.0003633854286928516,1.0030525024020644,1.0030861434633236,1.0030525024020647,1.0030861434633236,0.0,-4.484742697960464e-21
1229,16,5.832234859466553,-12.262931657901598,-11.6781738864838,1.8431604745580608,1.695941556392943,-0.00047115750477240003,-0.0003714395125893904,1.0029666980571201,1.0029678513997256,1.0029666980571201,1.0029678513997256,0.0,-8.756217584428632e-21
1230,16,6.045561790466309,-10.759189463478142,-10.990137837235485,1.4454308022293791,1.5131998476286808,-0.00033024881937180657,-0.0003549394442155745,1.0028849020333095,1.0028440758808976,1.0028849020333097,1.0028440758808976,0.0,-1.3514678657574673e-20
1231,16,5.643561840057373,-9.6603104843756,-10.398259594782608,1.133038868496185,1.308293596837751,-0.00023921118996934158,-0.0003402713247015273,1.0026960658460036,1.0027213788860494,1.0026960658460036,1.0027213788860492,0.0,-2.0611460444783438e-20
1232,16,5.054052352905273,-9.991207464690824,-10.078717146974514,1.204425255003744,1.1336476596569272,-0.00035603489430878087,-0.0003461278965388176,1.0025906873376034,1.0026165882416607,1.0025906873376034,1.0026165882416604,-5.407003008199796e-20,-2.5528572018071535e-20
1233,16,5.847187042236328,-10.179349905863766,-9.952102277150235,0.9590537243471091,0.9875705226994409,-0.00038759185444610985,-0.0003585312120842579,1.0025075226760696,1.0025395563792574,1.0025075226760694,1.0025395563792572,-5.407451555033529e-20,-1.863367931050027e-20
1234,16,5.694100856781006,-10.185015043731427,-9.869842446532099,0.9268879809378181,0.8758407481990921,-0.00040535745230799636,-0.000361101823533662,1.0025123473382946,1.0024871413183107,1.0025123473382946,1.0024871413183107,0.0,-8.299422960598367e-22
1235,16,5.212726593017578,-9.636504924718194,-9.770533325538745,0.7459881073011633,0.8052904068939313,-0.00033084209888419605,-0.0003506568184972197,1.0024391382599567,1.0024461800857465,1.0024391382599567,1.0024461800857465,5.407820440687665e-20,1.379487894502175e-20
1236,16,5.19840145111084,-9.636767727561352,-9.697512646883554,0.7581628364713886,0.7916387843333044,-0.0003339303531578082,-0.00033842103834627916,1.0024359576200816,1.0024083276257723,1.0024359576200816,1.0024083276257725,5.407837599219539e-20,1.1965046442367754e-20
1237,16,5.1778035163879395,-9.536989700084805,-9.67010727885738,0.7890441443459234,0.832558910326218,-0.00031559838501199933,-0.0003322530705926353,1.0023740563382455,1.0023671611994611,1.0023740563382455,1.0023671611994616,-5.408171558460839e-20,-2.9934133999742387e-21
1238,16,5.225724220275879,-9.51132995310982,-9.666087967943582,0.8699707283179464,0.9064424634665265,-0.0003082224574988355,-0.0003355775361348313,1.0023048782059574,1.0023252498327124,1.0023048782059576,1.0023252498327129,0.0,-1.4926257319568608e-20
1239,16,5.302809715270996,-10.024895568018026,-9.602251835656283,1.1210695018577106,0.9717871368038242,-0.00038443645392185414,-0.0003437943551819278,1.0022624120894235,1.0022880086606543,1.0022624120894235,1.0022880086606545,-5.4087739867708924e-20,-1.971280757869389e-20
1240,16,5.339191436767578,-10.071972492792852,-9.36833483187772,1.1161896984324766,0.9837297944108325,-0.00040172788495975657,-0.0003453331314226435,1.0022913020560007,1.002252730222719,1.0022913020560007,1.0022527302227193,0.0,-1.532382178275976e-20
1241,16,5.283381462097168,-8.269327778489556,-9.034455357171392,0.8310310627425757,0.9532656022607935,-0.0002704141494093237,-0.0003440499420768574,1.0022349301211155,1.0022098936349204,1.0022349301211155,1.0022098936349206,0.0,-8.37757194973828e-21
1242,16,4.979228973388672,-8.204504942547521,-8.869292539830887,0.8430727417898995,0.9361550278112482,-0.00033305625645624326,-0.00035926594505318967,1.0021421045759267,1.0021623416544556,1.0021421045759267,1.0021623416544558,0.0,-2.6600183246361817e-21
1243,16,5.275018215179443,-9.188239216920266,-8.895497431944237,0.9220957137683982,0.9515567281284325,-0.0003649506299127633,-0.0003888541281677482,1.0020869852614336,1.0021224292357183,1.0020869852614336,1.0021224292357185,0.0,2.2042460635857265e-21
1244,16,5.406745910644531,-9.613533492362722,-8.876493887548428,1.0727368504080144,0.97541451450193,-0.00048745158711679644,-0.0004140875360520733,1.0020982510663254,1.0020949383828173,1.0020982510663254,1.0020949383828175,0.0,7.973955960803145e-21
1245,16,5.335566997528076,-8.956825268631112,-8.674040192050226,1.0715523023738487,0.9741799522655886,-0.00047175518109881864,-0.0004121898309312287,1.0021027563432834,1.0020717669631485,1.0021027563432836,1.0020717669631487,0.0,1.527869142856843e-20
1246,16,5.141452789306641,-7.63278524812206,-8.431904147663968,0.9002992317378012,0.9508618676723126,-0.00034945965996456736,-0.0003866925160847984,1.0020806538013471,1.0020454975837754,1.0020806538013471,1.0020454975837754,5.4097550350494896e-20,2.0792081191101812e-20
1247,16,5.309435844421387,-7.8384723484013765,-8.37829534592501,0.9127250082892159,0.9434326542575642,-0.00028213344328474474,-0.0003631043375217064,1.0019565207032164,1.0020218261171279,1.0019565207032162,1.0020218261171279,0.0,1.8362192616343257e-20
1248,16,5.385650634765625,-9.016969272305,-8.458913704712597,0.9885332717076372,0.9786600589925278,-0.0003823790064348513,-0.00035300208481466207,1.0019906820235052,1.0020151904098378,1.0019906820235052,1.0020151904098378,5.410240793337391e-20,1.0036232879916545e-20
1249,16,5.3126912117004395,-9.08923534350413,-8.42461884774403,1.1229208725602913,1.0700592755077531,-0.0004194883214859117,-0.0003411536250605455,1.0020313553398033,1.0020198844041537,1.0020313553398033,1.0020198844041537,-5.4100211870008595e-20,-1.8049985844790968e-21
1250,16,5.4127397537231445,-8.081592291140758,-8.215035784985526,1.1048183784994297,1.2360922800049885,-0.00031430440685230706,-0.00032152051932328224,1.0020755071314447,1.0020180125642877,1.0020755071314447,1.0020180125642877,0.0,-6.363593355969955e-21
1251,16,5.570382595062256,-7.433254836971072,-8.018079856728301,1.3231021106142489,1.5025693015599035,-0.00022078602718608213,-0.00031509462230774,1.0020052119446814,1.001998007200351,1.0020052119446814,1.001998007200351,0.0,-5.6649317256687534e-21
1252,16,5.432807445526123,-7.637912086645606,-7.986552442711859,1.8692830269001837,1.8434917446851338,-0.0002955791398410056,-0.00033945012050431907,1.0019336721640846,1.001968160175451,1.0019336721640846,1.001968160175451,0.0,-3.4702704747217904e-21
1253,16,5.468780517578125,-8.547832132588908,-8.05060294597453,2.3755228503889554,2.1679066431026746,-0.00047475009797516056,-0.00037838339952752514,1.0019287112489814,1.0019408750719618,1.0019287112489816,1.0019408750719616,0.0,-9.717074347601637e-22
1254,16,5.39025354385376,-8.530401758369187,-8.022664975483654,2.49027095110676,2.3954519231065285,-0.00044088450835299387,-0.0004019325266292382,1.0019425520272127,1.0019171583882471,1.0019425520272127,1.0019171583882471,0.0,2.268567827632645e-21
1255,16,5.593109130859375,-7.484479927119932,-7.8860580207663,2.490238428247756,2.5214015085599693,-0.0003818070618648132,-0.00041038588375120355,1.0018957095392678,1.0018934331193086,1.0018957095392678,1.0018934331193088,0.0,7.092328877555078e-21
1256,16,5.5462260246276855,-7.424690332589754,-7.794593646593787,2.5103307468043323,2.5854319254688294,-0.00036959834261314804,-0.00042191304983572837,1.0018541771756766,1.001873463611438,1.0018541771756766,1.0018734636114381,0.0,1.3135019653223949e-20
1257,16,5.347919464111328,-7.946244100329446,-7.787301074823876,2.6240791796446676,2.6190863174310057,-0.0004513832680944537,-0.0004446895903890904,1.001845173493958,1.0018622400833508,1.001845173493958,1.0018622400833508,5.411026579607728e-20,1.6584708982023604e-20
1258,16,5.464367866516113,-8.065984000826619,-7.767663103532949,2.6289258846085795,2.6281545967767372,-0.0005035916174287547,-0.0004686700519008385,1.0019229905477918,1.0018574728035154,1.0019229905477918,1.0018574728035152,0.0,1.1940880324842762e-20
1259,16,5.290274620056152,-7.224644877309631,-7.684765290870685,2.5882737627771575,2.614166106893794,-0.00045129376579251053,-0.0004846078794674543,1.0018271186113556,1.0018550739644432,1.0018271186113554,1.001855073964443,5.411124096881756e-20,3.776386278249909e-21
1260,16,5.568085670471191,-7.6895761710038215,-7.558161394005425,2.587923231509313,2.577205397822177,-0.0004927105384905929,-0.0004922080520950198,1.0018269414382075,1.0018681601684492,1.0018269414382075,1.001868160168449,-1.082225010767868e-19,-5.28524292218652e-23
1261,16,5.486830234527588,-7.700482709864532,-7.292825330771539,2.5725392939620755,2.509897761699046,-0.000510657089647446,-0.0004832288797786255,1.0018720384635047,1.0019027789067392,1.001872038463505,1.001902778906739,0.0,1.5101647132077724e-20
1262,16,5.446587562561035,-7.3229609996807135,-6.83031062555056,2.440516868038167,2.411123373990463,-0.0004989649384767083,-0.00044907238033185776,1.0020341960658004,1.0019472959588593,1.0020341960658004,1.0019472959588591,1.0820011699623755e-19,3.267879631952724e-20
1263,16,5.420516014099121,-5.743000783315582,-6.291111395015819,2.3260953609056805,2.3028253475761518,-0.00039868228366513227,-0.0003938566959750616,1.0019666143743673,1.0019839949772962,1.0019666143743673,1.001983994977296,5.410370749540819e-20,2.8819232162675255e-20
1264,16,5.345485210418701,-5.6817039802762555,-5.941222373110368,2.1444831642769526,2.223135163856103,-0.00029504188249076727,-0.00034015142065805897,1.0020241903650136,1.0020190105815945,1.0020241903650136,1.0020190105815943,0.0,4.536344348670161e-21
1265,16,5.457118034362793,-5.797329474168907,-5.890029611166417,2.1551143050465145,2.213633236214566,-0.0002879305914338827,-0.00031241438985608194,1.002011526236309,1.0020602642053553,1.002011526236309,1.0020602642053553,-5.410128247515848e-20,-2.5435891345617464e-20
1266,16,5.64060115814209,-6.277189684653834,-6.112383278631104,2.2770986422185437,2.2878211511823126,-0.0003264136749746118,-0.00031904145408954314,1.0021387888458395,1.0021120780945643,1.0021387888458395,1.0021120780945643,-5.4094412099055513e-20,-4.8083881512934965e-20
1267,16,5.661069869995117,-6.240333307651019,-6.545679438509052,2.27816516721099,2.4334211813507887,-0.0003080571787624622,-0.00035759001490257567,1.002203409117832,1.0021657730145752,1.0022034091178318,1.0021657730145752,-5.409092418872584e-20,-6.034986869703722e-20
1268,16,5.462586879730225,-6.737508278128985,-7.147674655859298,2.623528411961262,2.618017677498139,-0.0003946988370488219,-0.0004221084537594004,1.0021855368916777,1.0022200929466807,1.0021855368916774,1.0022200929466807,-5.409188880574974e-20,-6.284876762372311e-20
1269,16,5.288954734802246,-8.377731182675067,-7.761010134376388,2.8599651384963223,2.7602870482127964,-0.00054483785368976,-0.000489567078066676,1.0022874962712727,1.0022848832688382,1.0022874962712727,1.0022848832688382,-1.0817277243495226e-19,-5.4014080158398815e-20
1270,16,5.210165023803711,-8.433514187349468,-8.12384639786433,2.921371571704198,2.776582904528895,-0.0005646840068201814,-0.0005288146039321311,1.002305142897581,1.0023621502155404,1.002305142897581,1.0023621502155404,0.0,-3.3380080587534376e-20
1271,16,5.703376770019531,-8.458002084932277,-8.166187374576891,2.7800425561553896,2.627682787695204,-0.0006075979752079493,-0.0005272965977192394,1.0025025067123834,1.002447358581585,1.0025025067123834,1.002447358581585,0.0,-1.4567361751759932e-20
1272,16,5.912315845489502,-7.5793241430287726,-7.991340282206859,2.197199282781998,2.3413927172215216,-0.00042961166637037776,-0.00049484539579134,1.0025538099386502,1.002521922780119,1.0025538099386502,1.002521922780119,0.0,-3.5740971778209384e-21
1273,16,6.015331268310547,-7.5924342518361065,-7.787158719378773,1.9173193439096397,1.9937060042258656,-0.000396742513531539,-0.00046422249485039577,1.0025762364223794,1.0025822210398097,1.0025762364223791,1.0025822210398097,0.0,1.1247894937519014e-21
1274,16,5.511730194091797,-7.732129072168244,-7.623536425648403,1.775602655118775,1.622618547561973,-0.00047491120355249323,-0.0004493910436438746,1.0025863344558448,1.0026382152391613,1.0025863344558448,1.0026382152391613,0.0,3.1950975704166088e-21
1275,16,5.507113933563232,-7.6212808834741255,-7.48849750623421,1.1403272495309964,1.2440800309898343,-0.00047029562887773805,-0.0004409093121188221,1.0027331415908625,1.0026963840792127,1.0027331415908625,1.0026963840792127,0.0,5.9820785274405205e-21
1276,16,5.805352210998535,-7.118861186386971,-7.400218108781446,0.7710207555475946,0.9084781146329959,-0.00040152210895072607,-0.00043463282132976257,1.0027685700866205,1.0027492370432332,1.0027685700866205,1.0027492370432332,0.0,1.1260435982343564e-20
1277,16,5.508374214172363,-7.222027285680012,-7.405831725316309,0.6345126129443532,0.6348447751481392,-0.0003976796467821028,-0.00043519197738009887,1.002748759398523,1.0027983111223329,1.002748759398523,1.0027983111223329,0.0,1.77886719849339e-20
1278,16,5.420070171356201,-8.09456214819617,-7.4616386909182895,0.5732576871305878,0.39156599104447765,-0.0005069948759946088,-0.0004363598602514132,1.0028811078962383,1.0028500945461796,1.0028811078962383,1.0028500945461796,1.0810874429171916e-19,1.896937753261843e-20
1279,16,5.230541229248047,-7.284229263377725,-7.494542056493367,0.15575778911242952,0.15082319643221445,-0.0004463018899753677,-0.00042311270565507556,1.0029206637637584,1.0028993477287969,1.0029206637637584,1.002899347728797,-5.4052240204958634e-20,8.817240230747906e-21
1280,16,5.24768590927124,-7.16166429091925,-7.601876664657835,-0.16075861079308465,-0.05682153154470085,-0.00033965574864911754,-0.0004018903455446069,1.0029301411728695,1.0029485398150235,1.0029301411728695,1.0029485398150237,0.0,3.291172994557067e-21
1281,16,5.0514020919799805,-8.126278721947276,-7.827483745980679,-0.1477552878692759,-0.19312892418759312,-0.0003945667968554485,-0.0003872569257583927,1.0029751443444115,1.0030080476822951,1.0029751443444115,1.0030080476822953,0.0,4.7755706068748265e-21
1282,16,5.075832366943359,-8.552470791325515,-8.080026676224364,-0.15142304891217703,-0.2494215203307213,-0.00044974684543201866,-0.0003760792550792259,1.0030624607140424,1.0030812952381893,1.0030624607140424,1.0030812952381896,0.0,9.087532264065937e-21
1283,16,5.312413692474365,-8.047644888303202,-8.370087365915433,-0.4328325571770806,-0.20238911697137268,-0.0003032464965306531,-0.00036866154317882104,1.0032174425050282,1.0031577952640607,1.0032174425050282,1.0031577952640607,5.403625009640272e-20,9.451308843532786e-21
1284,16,5.309395790100098,-8.34391103829688,-8.86261864193646,-0.1796428994819214,-0.011254648240431875,-0.00032512229280536406,-0.00038491527478591716,1.0032428504044022,1.003222944549637,1.0032428504044022,1.003222944549637,0.0,-7.042896015887898e-22
1285,16,5.774886131286621,-9.49998887016374,-9.615719629982316,0.44793889398077547,0.2849612060019801,-0.00044645414585383996,-0.0004249103830246959,1.0032270487820178,1.0032814234526743,1.003227048782018,1.0032814234526746,-5.403573267894817e-20,-1.4268080006227553e-20
1286,16,5.791037559509277,-10.663512230792056,-10.485272873375687,0.5709478096978096,0.586962953543533,-0.0004997339209088469,-0.0004658275658196114,1.0033249769009323,1.0033449347133254,1.0033249769009323,1.0033449347133256,0.0,-2.3383325561305465e-20
1287,16,5.810514450073242,-11.554427482922655,-11.263307885532452,0.9486685252368245,0.8310532385825128,-0.0004939117059002203,-0.0004893087471775992,1.0034096589345876,1.003408426174384,1.0034096589345873,1.0034084261743845,0.0,-3.06314434749645e-20
1288,16,5.723820686340332,-12.16042120936545,-11.810399613333153,1.0270899644380596,0.9702572940646561,-0.0005209629069085438,-0.0004894893449190152,1.0034954197538757,1.003456571624785,1.0034954197538757,1.0034565716247854,-1.0804256313909469e-19,-3.2085253025772067e-20
1289,16,5.663101673126221,-12.141184597409039,-12.11784009292502,1.0054101817229015,0.9970444167723997,-0.00047736363940520296,-0.00046698700229183527,1.0034972744510073,1.0034759014281962,1.0034972744510073,1.0034759014281964,0.0,-1.846692755251248e-20
1290,16,5.435059547424316,-11.871689221872279,-12.309938766078828,0.9143214581949574,0.9312618814262588,-0.0004082359597240548,-0.0004333634898972839,1.0034504505448434,1.0034667803358235,1.0034504505448434,1.0034667803358237,0.0,-2.9541797817724847e-22
1291,16,5.580436706542969,-12.289389143686655,-12.510554556690673,0.8325597421414848,0.7984345082711977,-0.00038125694534702983,-0.00040386392172060296,1.0034051417924623,1.0034379655101475,1.0034051417924623,1.0034379655101477,5.4026141950434295e-20,1.1802451685607699e-20
1292,16,5.322200298309326,-12.993756857893324,-12.688246098808348,0.5641127518860882,0.6220240924876376,-0.00036893043281615694,-0.0003847540192527204,1.0033948406332172,1.003392094638386,1.003394840633217,1.0033920946383863,0.0,1.2057970663933037e-20
1293,16,5.566275596618652,-13.19824560165093,-12.731646267858515,0.5643186132396839,0.4302173082315203,-0.00046133037539106397,-0.0003719084171189336,1.0033241863442668,1.0033203958937635,1.003324186344267,1.0033203958937635,0.0,7.042043622186606e-21
1294,16,5.9432902336120605,-12.42764759101486,-12.64715194213339,0.20636568525082763,0.24579469279910332,-0.00036687543843871287,-0.00036137005868291407,1.0032671208913553,1.0032126982795384,1.0032671208913553,1.0032126982795384,0.0,2.2086086728679913e-21
1295,16,5.765088081359863,-11.814383772319145,-12.596052663901315,-0.1565362377791705,0.12612160123623317,-0.0002378348790069057,-0.0003765023643897857,1.0030968208180224,1.0030643932834313,1.0030968208180224,1.0030643932834313,0.0,-3.465198623383967e-22
1296,16,5.99675989151001,-12.80900211956455,-12.648989808494983,0.04889262331303874,0.10523241508463471,-0.00032580068390327955,-0.0004386585573849807,1.002820598597657,1.0028902688843677,1.0028205985976568,1.0028902688843677,0.0,2.713944080344134e-22
1297,17,5.84367561340332,-13.435899742717183,-12.630028691869427,0.43375480453803295,0.12237930239279447,-0.000732213511920758,-0.0005181228658460511,1.0027255658671037,1.002714014434494,1.0027255658671037,1.002714014434494,0.0,4.875479100781807e-21
1298,17,5.814849376678467,-12.276960933289677,-12.417099091260233,0.1545676191083354,0.10327406769921278,-0.000569538306978748,-0.0005576905859014897,1.0025583981181563,1.002541634393173,1.0025583981181563,1.002541634393173,0.0,1.382517191611184e-20
1299,17,5.421271324157715,-11.73197276975987,-12.152047557419477,-0.014217180546124815,0.07527156329969105,-0.0005216581747514507,-0.0005625036169099356,1.0023664119189482,1.0023789947284965,1.0023664119189482,1.0023789947284965,0.0,2.473474267555517e-20
1300,17,5.554956436157227,-11.79241851158273,-11.961020196254134,0.06456547075279935,0.10036610957934851,-0.0005230492565133889,-0.0005556047068827909,1.00220143598855,1.002237327854101,1.00220143598855,1.002237327854101,1.0818206136534525e-19,2.8195304336124863e-20
1301,17,5.45867919921875,-11.74882544576603,-11.80208640143189,0.022486577572472816,0.21140012936194064,-0.0005061949647052864,-0.0005444255090478095,1.0021927290443413,1.002121963976832,1.0021927290443415,1.0021219639768322,0.0,1.1977862262221606e-20
1302,17,5.543253421783447,-11.622447859252654,-11.536694481251809,0.4541233716756981,0.40566626064827305,-0.0005320380202647252,-0.0005187937531942247,1.0019077758492398,1.0020311186485937,1.0019077758492398,1.002031118648594,0.0,-1.2451493078945104e-20
1303,17,5.790976047515869,-12.001441175526823,-11.001355740844396,0.8433063624052156,0.6176638458302659,-0.0006390570002567514,-0.00045399751545545586,1.00195592097831,1.0019735766731344,1.0019559209783102,1.0019735766731346,-1.0820856983677376e-19,-2.9930094633697264e-20
1304,16,6.051003932952881,-10.418404275996949,-10.138899525398651,0.8183418053396533,0.8006961847701474,-0.00033693223453735006,-0.0003417202678022139,1.0020565572367313,1.001921277247258,1.0020565572367313,1.001921277247258,0.0,-2.855278066573588e-20
1305,16,6.053272247314453,-8.146808483590101,-9.248655669611695,0.9036948085360968,0.9875137748057963,-8.146559206946945e-05,-0.00023512734086813825,1.0018330683084846,1.0018402343263275,1.0018330683084846,1.0018402343263275,-1.3527729903097697e-20,-1.890380560935502e-20
1306,16,5.995547294616699,-8.064974242069615,-8.713242813266268,1.158851528627554,1.2283817957539245,-0.000142857770284006,-0.00018952248370650851,1.0017670776886076,1.0017353255090486,1.0017670776886076,1.0017353255090486,0.0,-8.96132279980203e-21
1307,16,5.85269021987915,-8.546765958955943,-8.554523763600335,1.3925306678309595,1.5443156914294354,-0.00014476030005393302,-0.00020991288970059275,1.0015768575903228,1.0016218866865054,1.0015768575903228,1.0016218866865054,0.0,-2.2448377691645595e-21
1308,16,5.432797908782959,-9.093639346749676,-8.513889880692151,1.957479647826554,1.9172487960950855,-0.00031720832708929193,-0.00027054348778234424,1.0014784663758267,1.0015208890918004,1.0014784663758267,1.0015208890918004,0.0,1.0235046360346247e-21
1309,16,5.773087501525879,-8.827933465411778,-8.327391765668104,2.415634786058687,2.280417149996709,-0.00040828409873253194,-0.0003258238889541928,1.001445259398732,1.0014384971122339,1.001445259398732,1.0014384971122339,0.0,1.909391920154986e-21
1310,16,6.1288371086120605,-7.771380928050371,-7.954071414359873,2.6781562002859043,2.57868611699603,-0.00038225643588213055,-0.00034641812918645247,1.0014009266624573,1.0013644116473366,1.0014009266624573,1.0013644116473366,0.0,1.1768659267809224e-21
1311,16,5.957706928253174,-7.302004731278117,-7.540335697776111,2.823961720735082,2.809419140952728,-0.0003398410114533468,-0.00033490806388991845,1.0013132198842583,1.0012897820592557,1.0013132198842583,1.0012897820592557,0.0,-1.1705770319612231e-21
1312,16,5.67437744140625,-6.840708358904752,-7.198359972804322,2.859821032537612,3.0113839620949716,-0.00023858044723276393,-0.0003113794883899834,1.001181324722992,1.0012190185213616,1.001181324722992,1.0012190185213616,0.0,-5.541070169142087e-21
1313,16,5.205543518066406,-7.166268293719742,-6.926162129597713,3.208161952124922,3.2234110355265146,-0.00028549301168832647,-0.0002944281723826823,1.0011311747844411,1.001163464034424,1.0011311747844411,1.001163464034424,0.0,-1.1642363713006744e-20
1314,16,5.885866641998291,-6.976844935088901,-6.6115551240434325,3.5496856398697574,3.436898982891414,-0.00032158903771707144,-0.00027958003528977054,1.001172338950088,1.001121854234896,1.001172338950088,1.001121854234896,-5.414663042041735e-20,-1.6416301722104582e-20
1315,16,5.851768970489502,-6.2431777992199295,-6.220598948982195,3.6647834634568994,3.635094550849805,-0.0002658249160737819,-0.0002569894449530434,1.0010816404767346,1.0010833372984123,1.0010816404767346,1.0010833372984123,0.0,-1.5471286310341498e-20
1316,16,5.8269853591918945,-5.707618004979131,-5.852529289239327,3.8689602696052465,3.8368330861425606,-0.00023426692087418022,-0.00022963055691235703,1.0010741684073776,1.0010497675987013,1.0010741684073776,1.0010497675987011,0.0,-1.3837502021277044e-20
1317,16,5.643778324127197,-5.288085007562965,-5.630338664087248,3.9733602366857332,4.081181821366782,-0.0001709546868689593,-0.0002067661012059103,1.0009692088974815,1.0010282226390033,1.0009692088974815,1.0010282226390033,-2.7078809289241273e-20,-1.3616081658957008e-20
1318,16,5.488987445831299,-5.677693579011603,-5.607361510194779,4.3199498879522045,4.410945713440246,-0.00020842616288957273,-0.0001969635387492734,1.0010528797650453,1.001028546115447,1.0010528797650453,1.001028546115447,0.0,-1.2512390710663865e-20
1319,16,5.827439785003662,-5.571030649081098,-5.724260836577531,4.678450330150814,4.83044633330973,-0.00017170973946230276,-0.00019885057723842693,1.0010455403395413,1.0010459239632448,1.0010455403395413,1.0010459239632448,-2.7076744483516643e-20,-1.0386835601336986e-20
1320,16,5.838523864746094,-6.066277621406146,-5.905445871981305,5.4484064102671566,5.295000391158188,-0.00019971514620146786,-0.0002098011682683191,1.0010317787522847,1.0010786165061891,1.0010317787522847,1.001078616506189,0.0,-5.467784851600467e-21
1321,16,5.928761959075928,-6.55819927802986,-6.046094111092847,5.988313695145619,5.717705517050378,-0.0003245702493463061,-0.0002189664814679156,1.0011437897778859,1.0011230943393206,1.0011437897778859,1.0011230943393206,0.0,2.9066780775685173e-22
1322,16,5.89115571975708,-5.790309712001238,-6.118131079564861,5.892597422477503,6.067792822107965,-0.0001434096018457841,-0.0002183634437908959,1.0012282893477231,1.001162970614165,1.0012282893477231,1.001162970614165,0.0,5.309434416288196e-21
1323,16,5.948850631713867,-5.762822643417046,-6.237044453944924,6.203168435954594,6.395465666893754,-0.00014740217179597738,-0.00022572488543983323,1.0012183911886101,1.001189572640501,1.0012183911886101,1.001189572640501,2.7072069940664467e-20,7.934763367770961e-21
1324,16,6.201584339141846,-6.815593451916747,-6.420901226241632,6.978654834177623,6.7032856081146726,-0.00032081697682830615,-0.00023792574854213046,1.0010844696418282,1.001218001271995,1.0010844696418282,1.001218001271995,0.0,6.3226370644680846e-21
1325,16,5.941425323486328,-7.109800658130917,-6.54761832904128,6.984808383929994,6.942343645487209,-0.00031060773095333694,-0.00022842028694497674,1.001314526936004,1.0012671842296712,1.001314526936004,1.0012671842296712,0.0,3.581678432902985e-21
1326,16,6.1156840324401855,-6.103531205504357,-6.619513544548117,6.978391800544375,7.1344197962517795,-0.00016017936823360362,-0.00019567439479339026,1.001410955585588,1.0013220410809198,1.001410955585588,1.0013220410809198,0.0,2.120081756605566e-21
1327,16,6.131828784942627,-6.057924063757591,-6.800965537729595,7.289801177349598,7.323049537334707,-6.416536997174658e-05,-0.00016672235747822737,1.0012281617416348,1.0013786469371984,1.0012281617416345,1.0013786469371981,0.0,2.6237192634784295e-21
1328,16,6.282548904418945,-7.726602457135666,-7.088525094054702,7.607829961602764,7.505652854560721,-0.00020884792550189904,-0.00015651271466101516,1.0014497879426407,1.0014521051676613,1.0014497879426407,1.001452105167661,0.0,4.672059374682516e-21
1329,17,6.609358787536621,-7.928204723387857,-7.264391499239137,7.673372332027703,7.6655273934890795,-0.00018899206786219516,-0.00015044526559226094,1.00160794316219,1.0015188911736315,1.0016079431621898,1.0015188911736315,2.7061540892501193e-20,6.5526462096162036e-21
1330,17,6.311765193939209,-6.883625470098779,-7.29481085495038,7.75441109002897,7.8143343134482155,-0.00011920799104499379,-0.00014467821771577407,1.0015841006030648,1.0015503282402285,1.0015841006030648,1.0015503282402285,0.0,6.542845052280626e-21
1331,17,6.13187837600708,-6.8301221889875,-7.364266995558436,7.84690603704011,7.968999219030705,-0.00012088845790073347,-0.00014904892303891308,1.0015599580240786,1.0015474863503708,1.0015599580240784,1.001547486350371,0.0,8.3407708403584e-21
1332,17,6.0633416175842285,-7.664847549284096,-7.536458208741787,8.20753507635101,8.118515079565407,-0.00016076520617761653,-0.0001661084146721295,1.0014379422532902,1.001529845517625,1.0014379422532902,1.0015298455176251,0.0,1.4496616892657437e-20
1333,17,5.855634689331055,-8.063956329930143,-7.682900682184494,8.263844972438758,8.215400900835412,-0.0002044048910270324,-0.00018700766350963295,1.0014775771805482,1.001516145443849,1.0014775771805484,1.0015161454438493,2.70650635917843e-20,2.3227756717569754e-20
1334,17,6.1378254890441895,-7.74607234220074,-7.704797999836636,8.216280776969814,8.234934580116182,-0.00025917586126131476,-0.00020036094994005212,1.0016124541979996,1.0014935156248916,1.0016124541979994,1.0014935156248916,5.412283802689112e-20,2.7753640820541327e-20
1335,17,5.990318775177002,-7.247959402889367,-7.641277567987685,8.13111740778401,8.17385070897441,-0.00015659353515719418,-0.00020471465129381146,1.0014726972216539,1.0014386055887967,1.0014726972216539,1.0014386055887965,2.706519547395959e-20,2.34839155126978e-20
1336,17,6.377285480499268,-7.3799489002051395,-7.543984391982708,8.066429491540239,8.023449126956159,-0.00012247540876600174,-0.00021488633625261797,1.0012170924400758,1.0013655485028208,1.0012170924400756,1.0013655485028206,0.0,1.482847193802939e-20
1337,16,6.146146297454834,-7.955115791110766,-7.328188202180765,7.981896472812224,7.763115034425276,-0.0003401419921324675,-0.00022764441943168767,1.0013235367634388,1.0012973592596524,1.0013235367634388,1.0012973592596521,0.0,8.294800077790286e-21
1338,16,6.181434154510498,-7.071407084660582,-6.873190866853874,7.369607768155634,7.398587214018683,-0.000256571667243663,-0.00021545707015788182,1.0012828472129855,1.001215423990217,1.0012828472129858,1.001215423990217,0.0,5.429537205952306e-21
1339,16,5.911632537841797,-6.259747916002532,-6.24808715718022,6.9349640636252925,7.002329833137237,-0.00015758149626978214,-0.00018034927098609815,1.0011336643377737,1.0011024196638432,1.0011336643377737,1.0011024196638432,2.707436107451942e-20,3.732145822758624e-21
1340,16,5.898963451385498,-5.294599940488528,-5.62900860613914,6.618493227001554,6.64938870043745,-0.00011083023921641376,-0.00014330975212383627,1.0008924861852622,1.0009655069622627,1.0008924861852622,1.0009655069622627,-1.3540442498196829e-20,2.4297079167685403e-22
1341,16,5.830824851989746,-5.066695533456159,-5.1848697234444545,6.314938156580777,6.389692886746201,-0.00012060727604839552,-0.00011895370463998502,1.0008707267586205,1.0008208445325828,1.0008707267586205,1.0008208445325826,0.0,-2.3230439084289257e-21
1342,16,5.837948322296143,-4.856142676438285,-4.974061135578042,6.1091866038168385,6.252818367258465,-0.00011883007257014644,-0.00011034588144362043,1.000710856813023,1.0006684741652367,1.000710856813023,1.0006684741652365,-1.3542900093269416e-20,-3.506022927117391e-21
1343,16,6.159343719482422,-4.318823637903639,-4.983951100936367,6.250838018594196,6.231922831697337,-2.66312774295525e-05,-0.0001192279551071852,1.000365282053804,1.0005214649682412,1.000365282053804,1.000521464968241,0.0,-3.957267521922341e-21
1344,16,6.167545318603516,-5.807346217152621,-5.106788550793746,6.357467993438961,6.271644342127753,-0.0002082370511041143,-0.0001431521646427387,1.0004073756191787,1.0003980787916067,1.0004073756191787,1.0003980787916067,2.709401687023906e-20,-6.940724205039912e-21
1345,16,6.070744037628174,-5.859800792815496,-5.079108224841465,6.376534762920219,6.317650403670561,-0.00025935849603029887,-0.00015748243199725722,1.000444666716431,1.0002738001634919,1.0004446667164313,1.000273800163492,-5.4186013907394523e-20,-1.2764021914355968e-20
1346,16,5.664465427398682,-4.227196520287681,-4.856000511700221,6.318013535844385,6.347122990839776,-4.498616517425043e-05,-0.00015779510727159798,1.0000315329467626,1.0001280886678936,1.0000315329467626,1.0001280886678938,-6.776049909213355e-21,-1.4384279231334028e-20
1347,16,5.634612083435059,-4.569076037416807,-4.631185465188399,6.383608922284813,6.359138848580625,-0.00017031637008652298,-0.00016643653419088126,0.9999798165059643,0.9999850720150639,0.9999798165059645,0.999985072015064,0.0,-1.4108279938452725e-20
1348,16,5.807530403137207,-4.471444574396074,-4.45596134849628,6.4593143250073055,6.350036624873937,-0.00022365629391365288,-0.0001785006060396615,0.999833249861024,0.9998511865483424,0.999833249861024,0.9998511865483424,-2.710957483750935e-20,-1.3883867168835694e-20
1349,16,5.989749431610107,-4.297921054513244,-4.314269690359788,6.237813470891422,6.329971231957208,-0.00016900227184659194,-0.00018496941028450618,0.9997325416531595,0.9997223001993515,0.9997325416531594,0.9997223001993515,0.0,-1.1666333124916402e-20
1350,16,5.489823818206787,-4.18447820682823,-4.1887239995420575,6.294810676331376,6.337723136042214,-0.00017563139159126672,-0.00018984416472645542,0.9996295840071969,0.9995891145703913,0.9996295840071968,0.9995891145703912,-2.7115098178149226e-20,-7.500138701384712e-21
1351,16,5.273223400115967,-4.0460223828030335,-4.057831724694606,6.376850101964647,6.389117770239404,-0.0002247337416141314,-0.00019463327845756112,0.9995204286178015,0.9994472671019742,0.9995204286178015,0.9994472671019741,0.0,-4.635451158644158e-22
1352,16,5.526272773742676,-3.643188129881982,-3.896557275756811,6.573300705626518,6.4783798255051614,-0.0001360048458360792,-0.00019755914985666726,0.9991345033766933,0.9993119295544703,0.9991345033766933,0.9993119295544702,2.7128533966681037e-20,5.065247129566102e-21
1353,16,5.28728723526001,-4.037295617922547,-3.6556776142469256,6.627566837193757,6.599864937859766,-0.0002279629331789763,-0.0002005902282358898,0.9992221924428217,0.999211129614795,0.9992221924428217,0.999211129614795,0.0,5.046481605589162e-21
1354,16,5.491123199462891,-3.7252599976867766,-3.2357253115812292,6.733081053717655,6.779189541135751,-0.00025610274626665006,-0.00019087687785577603,0.9992055844530013,0.9991236023242609,0.9992055844530012,0.999123602324261,0.0,2.046907880390981e-21
1355,16,5.748172760009766,-2.4025500865254883,-2.679342918641989,6.937667308793142,7.054769032551342,-0.00016059266467347217,-0.00016472137723999559,0.9990504342613917,0.9990241329715024,0.9990504342613917,0.9990241329715025,0.0,-1.4156213620252764e-21
1356,16,5.932893753051758,-1.712089991875251,-2.1938355054594547,7.363154682351977,7.4435540100403,-8.239526388865808e-05,-0.00014100786606264525,0.9988820251660688,0.9989164450206004,0.9988820251660687,0.9989164450206004,0.0,-3.770522661923842e-21
1357,16,5.557368278503418,-1.7392417553921014,-1.9027712127637844,7.864244964907786,7.916400546780537,-0.00010773897394761626,-0.00013804270684127556,0.9988611448942679,0.9988162926036606,0.9988611448942678,0.9988162926036604,-1.356797911836222e-20,-2.8830674395890004e-21
1358,16,5.708734512329102,-1.6336393899908337,-1.7484025713406894,8.516525819319774,8.406448563970258,-0.00012686314643468483,-0.00015354188624465496,0.9986086983917485,0.9987345035553487,0.9986086983917484,0.9987345035553487,-2.7142818158694284e-20,3.79917513990289e-21
1359,16,5.922727108001709,-2.1782549899948425,-1.575747206678541,9.058718079071983,8.83282134098529,-0.00024736616583148456,-0.00016912022021738562,0.9986431991401796,0.9986836388735683,0.9986431991401796,0.9986836388735683,5.428376087770838e-20,1.3340260360034001e-20
1360,16,5.841309547424316,-1.8635597609268022,-1.2272198389557714,9.16632448726377,9.162021746611657,-0.00023943263071820906,-0.00016167640202556304,0.9987767147269643,0.9986375681799189,0.9987767147269644,0.9986375681799188,2.7138252136311886e-20,1.5460815389571554e-20
1361,16,5.95270299911499,-0.20117831992277888,-0.7692042340418279,9.393250701511583,9.4384220597174,-6.960359110013671e-05,-0.00013590407110092043,0.9985803444153126,0.9985587253840524,0.9985803444153127,0.9985587253840523,0.0,1.0874543940128169e-20
1362,16,5.920117378234863,-0.09273329336364348,-0.466514136925773,9.558064266515569,9.721522646728209,-0.00010220890475793999,-0.00012133322675262555,0.9985202007173963,0.9984508933441509,0.9985202007173963,0.9984508933441508,0.0,6.183677878683656e-21
1363,16,6.415194511413574,0.03054232111190952,-0.43134946650164896,9.981025604611002,10.044916770630882,-3.491088191724132e-05,-0.0001318193050183793,0.9981502339130244,0.9983404284963731,0.9981502339130243,0.998340428496373,0.0,5.1041493501591096e-21
1364,16,6.037241458892822,-1.2822469693303358,-0.584686714315939,10.519635497451958,10.384158005150145,-0.00025087243797077636,-0.0001632339889384572,0.998299525772956,0.9982625764371896,0.998299525772956,0.9982625764371895,0.0,8.261636662556408e-21
1365,16,5.574231147766113,-0.6678046447891229,-0.7364252816871891,10.692121928347918,10.69384916326177,-0.0002070906692621119,-0.00018823369849031577,0.9982731116160681,0.9982049696421118,0.9982731116160681,0.9982049696421118,2.715194268656422e-20,1.3690467218763212e-20
1366,16,5.407501220703125,-0.3540322468654946,-0.8681517965361661,10.89821534409464,10.964740594713415,-0.0001318624377973861,-0.00020036147027288373,0.9980969160632578,0.9981578513514532,0.9980969160632579,0.9981578513514531,0.0,1.7613023812810604e-20
1367,16,5.479014873504639,-1.5583552693851908,-0.9514925372430649,11.367609871443257,11.191963380144568,-0.0002656940768317839,-0.0002002484625863377,0.9980524059113263,0.9981308436496718,0.9980524059113262,0.9981308436496716,5.431589393823036e-20,1.8458297640443254e-20
1368,16,6.295375823974609,-1.4630299252186136,-0.8365281181457621,11.356551694792472,11.363194391843079,-0.0002535196889805004,-0.00017331219195620447,0.9982207629830059,0.9981132290474801,0.9982207629830058,0.9981132290474801,0.0,1.2932145179956047e-20
1369,16,6.221622943878174,-0.22425813638675876,-0.571302387886467,11.438563136488117,11.516081867505141,-0.00010836216557404776,-0.00012621086289325406,0.9981633022396449,0.9980724642808055,0.9981633022396449,0.9980724642808055,0.0,6.763678911253789e-21
1370,16,6.097162246704102,0.2945107950904223,-0.4115296445143392,11.41647987377818,11.694485659366306,2.384777563194341e-05,-9.319511868975471e-05,0.9980361788773104,0.99800834586611,0.9980361788773104,0.9980083458661099,0.0,4.200228261673877e-21
1371,16,6.212809085845947,-0.025507161422727635,-0.5028659091573313,12.050997095993944,11.897796055962736,-2.0948212289685905e-05,-0.00010033279027459061,0.997712318461673,0.9979577519612203,0.9977123184616729,0.9979577519612202,0.0,6.203841680395083e-21
1372,16,6.067876815795898,-1.5177036270778423,-0.7172213727506951,12.197359394959044,12.047419397252225,-0.00019735708411835776,-0.0001312458751082633,0.9979591028289123,0.9979544159548515,0.9979591028289124,0.9979544159548513,0.0,1.1507898057379585e-20
1373,16,5.936077117919922,-1.5157239263369993,-0.7915740393325118,12.190346485473688,12.100791914476213,-0.0002801465053576454,-0.0001420934558196729,0.9981268420988292,0.9979614132930996,0.9981268420988292,0.9979614132930995,5.431184328264726e-20,1.58144959146912e-20
1374,16,5.859490871429443,-0.33675748483915896,-0.7239589268919175,12.080096488166507,12.078801154687234,-0.00011217165052794573,-0.00011358566522062537,0.9979572925446162,0.9979375703846344,0.9979572925446161,0.9979375703846343,0.0,1.3828890388838683e-20
1375,16,5.794865131378174,-0.07031832700331446,-0.7638988372377565,11.930979167743306,12.041051420252185,-2.057466548315599e-05,-7.341346658329378e-05,0.9978975084549825,0.9978940355942545,0.9978975084549825,0.9978940355942545,3.3952703161499555e-21,1.0068766752255304e-20
1376,16,6.091182708740234,-0.7263445202112752,-1.0437105321065807,12.003066817927426,12.045876400867987,6.323399688520914e-05,-5.5281273445609276e-05,0.9976808814156262,0.9978608943544766,0.9976808814156262,0.9978608943544766,1.3584030132800478e-20,7.226152459508353e-21
1377,16,5.857889652252197,-2.0650958393548766,-1.427956072255876,12.124160677802344,12.11450141322725,-0.00010226914509036909,-6.75531124423637e-05,0.9978729097591422,0.9978572743840964,0.9978729097591422,0.9978572743840964,-1.3581416053613474e-20,5.3493919970468056e-21
1378,16,5.901338577270508,-2.2752883634758496,-1.6810583719859604,12.147193853430204,12.24751291495258,-0.00020628497122899024,-8.15118545981613e-05,0.998065142154725,0.9978495963884001,0.9980651421547251,0.9978495963884001,2.715760040834654e-20,4.431825445581823e-21
1379,17,6.568027973175049,-0.9442816199469255,-1.784656312423412,12.348955207716262,12.437570290999934,1.4213126294147625e-05,-7.972630276731815e-05,0.9977469395575332,0.9978120230411128,0.9977469395575332,0.9978120230411128,-1.6978913463366385e-21,8.700486367412906e-22
1380,17,6.791581153869629,-1.6809949427800666,-1.8865336151646228,12.839053316725034,12.640578773105494,-3.554964217777332e-05,-7.838455980398487e-05,0.9976127493744062,0.9977808566301734,0.9976127493744061,0.9977808566301734,0.0,-3.637739244616288e-21
1381,17,6.445095539093018,-2.6714479022839663,-1.9062144991039087,12.832739312218857,12.792515113750953,-0.00014819243032983669,-7.112371359606993e-05,0.9978299471031505,0.9977762074930058,0.9978299471031505,0.9977762074930059,-2.7164001632570394e-20,-6.169910169319142e-21
1382,17,5.897529125213623,-2.132632721526228,-1.6960375723131684,12.918305142796545,12.885552321704328,-0.00011185091361036426,-3.742160963272488e-05,0.9979197368618926,0.9977666370742807,0.9979197368618926,0.9977666370742808,0.0,-4.5335693169850395e-21
1383,17,5.980364799499512,-0.667331797837764,-1.3658388120986544,12.883222498887834,12.941980883802803,7.787415240821473e-05,1.6504368324508984e-05,0.9976705541084041,0.9977371512854536,0.9976705541084041,0.9977371512854537,1.3584170746805688e-20,-2.409034676640892e-21
1384,17,5.689161777496338,-0.8289939708908798,-1.170414522764182,12.962414433422895,12.99311968781628,0.00011858095222547694,5.9209508890812575e-05,0.9976234275140821,0.997721330297923,0.997623427514082,0.9977213302979231,-1.358481244755803e-20,-2.3408763166400742e-21
1385,17,5.958288669586182,-1.398188256444013,-1.1462948115699971,13.050888230793024,13.05143976274018,6.814176400035194e-05,7.792537387749053e-05,0.9977270603173124,0.9977355954998647,0.9977270603173125,0.9977355954998647,0.0,-2.273065060015736e-21
1386,17,6.235049247741699,-1.5432754800360173,-1.1809485953696732,13.120100598090742,13.114457893611457,3.733953391706036e-05,8.370520688069455e-05,0.99784860588411,0.9977578844272844,0.9978486058841101,0.9977578844272844,0.0,-2.398307375697262e-21
1387,17,6.443923473358154,-0.9921435961270569,-1.2436646577881578,13.147331017177777,13.177416191680823,8.665446363061521e-05,8.569138596903603e-05,0.9978244915938917,0.9977624335685458,0.9978244915938916,0.9977624335685458,0.0,-2.915542781100127e-21
1388,17,6.302522659301758,-0.9656349072737774,-1.4190327958088464,13.210910955247453,13.23495991661293,0.00011810309868834476,7.766394540500487e-05,0.9977247495663999,0.9977562622044391,0.9977247495664,0.9977562622044391,-1.358343286759057e-20,-2.8560842278388683e-21
1389,17,6.421220302581787,-1.8764360164185148,-1.7065793769632975,13.331376838470211,13.270952844725532,0.00010396408759201733,5.321576844550822e-05,0.9976058199756893,0.9977703427652436,0.9976058199756892,0.9977703427652436,0.0,-9.991835652364536e-22
1390,17,6.781894683837891,-2.5676350962378707,-1.9571098335589847,13.307878577940597,13.264068377379129,-4.143923159981869e-05,2.2661679305681668e-05,0.9978957757615922,0.9978177742602321,0.9978957757615922,0.9978177742602322,6.790552423035133e-21,8.104746391570267e-22
1391,17,6.317187309265137,-2.287642379729768,-2.0847382474183647,13.253431210476617,13.213190097525237,-8.699095607218288e-05,1.0435576890061726e-05,0.9980220807150689,0.9978639036862444,0.9980220807150689,0.9978639036862446,0.0,6.480180895665057e-22
1392,17,6.577561855316162,-1.3516480923758687,-2.2170433097210274,13.05870932002421,13.138283729677513,7.785973161502281e-05,1.7921160916642045e-05,0.9978572181491354,0.9978972441099597,0.9978572181491353,0.9978972441099598,1.358162962553557e-20,-1.5789034978133481e-21
1393,17,6.862549304962158,-1.9857504006718614,-2.5249218313943635,13.03226692881142,13.069138477351963,0.0001875975362789381,1.570051388649796e-05,0.9976576082293208,0.997958745612925,0.9976576082293208,0.9979587456129251,-2.716869403747108e-20,-4.550918561142611e-21
1394,17,6.725668430328369,-4.144398959431512,-2.8890650194264604,13.13817841228081,13.011504370380337,-0.0001578371943168578,-1.9915734017620274e-06,0.9982263135597582,0.9980668904747333,0.9982263135597582,0.9980668904747334,0.0,-4.041399477781876e-21
1395,17,6.702347755432129,-3.301280706426093,-3.0571879886891815,12.934319727160096,12.96356848173876,-8.101443256392838e-05,3.430287254165061e-06,0.9983440998043255,0.9981588386668511,0.9983440998043255,0.9981588386668512,0.0,-1.1388574671320703e-21
1396,17,6.27191686630249,-2.5628112940905527,-3.135883221460637,12.849114724348738,12.956953385942418,6.011022124025187e-05,2.975657898795362e-05,0.9982580706694589,0.9982115967791347,0.9982580706694589,0.9982115967791348,-6.788087947528495e-21,2.684264469736182e-21
1397,17,6.803133010864258,-2.427225949970971,-3.3559992335936033,12.984791277097527,13.015509216224794,0.00020717171628017024,3.968715622856997e-05,0.9979162552145995,0.9982742192455597,0.9979162552145996,0.9982742192455597,2.716165226340434e-20,5.862366344168964e-21
1398,17,6.152554035186768,-4.318266971252482,-3.7164788255991907,13.101679649688426,13.124590711271196,-2.9518044930570702e-05,1.1685834335580578e-05,0.9984500181370216,0.9983974949530604,0.9984500181370215,0.9983974949530604,0.0,5.5385817827267716e-21
1399,17,6.531932830810547,-4.682626966993246,-3.9390466043524963,13.307269424545975,13.249981745271315,-0.0001194650489610044,-2.6185913407497812e-05,0.9986727338135991,0.9985321474500779,0.9986727338135991,0.998532147450078,0.0,4.0901125470086716e-21
1400,17,6.458451271057129,-3.616105166482004,-3.9241481863918253,13.308178028019968,13.3522769202017,-2.905138148275593e-05,-5.353836822804474e-05,0.9986605850065713,0.9986294631690544,0.9986605850065714,0.9986294631690545,0.0,3.42232286576522e-21
1401,17,6.551749229431152,-3.552482240305678,-3.8253508177923012,13.39647142370642,13.404484553234466,-4.970848978479118e-05,-8.010537973376974e-05,0.9986400370054886,0.9986906405995847,0.9986400370054888,0.9986906405995847,0.0,3.474462226501517e-21
1402,17,6.616092205047607,-3.7061077857557825,-3.737015439739939,13.369162016390549,13.36973787206296,-9.138697783859792e-05,-0.0001128772281212747,0.9987496169727965,0.9987334656977938,0.9987496169727965,0.9987334656977938,1.3569494221330893e-20,2.542402649960153e-21
1403,17,6.406460285186768,-3.615602602416108,-3.643312176383129,13.359000168926038,13.205242697055876,-0.0001440232129731467,-0.00014595019471316207,0.9987672329782046,0.998763803790852,0.9987672329782046,0.998763803790852,0.0,-1.568508147914712e-21
1404,17,6.202720642089844,-3.650971773471532,-3.495807669597743,13.034074592786133,12.8793813811379,-0.00020624333610775938,-0.00016435574597012056,0.9987490323517301,0.9987888379232917,0.9987490323517301,0.9987888379232917,0.0,-7.823340167259339e-21
1405,17,6.152810573577881,-3.414770974455904,-3.247362565611985,12.468900261661906,12.42061813036328,-0.00019154283573122032,-0.0001541980324385954,0.9988114413193462,0.9988149025893898,0.9988114413193462,0.9988149025893897,-2.7137308595838775e-20,-1.3235588506534267e-20
1406,17,6.212240695953369,-2.990487557776859,-2.9111404584184872,11.74733214407361,11.922223911276967,-0.00012917901743045106,-0.00011766858327309155,0.9989122062735872,0.9988357157932457,0.9989122062735872,0.9988357157932456,-2.7134571128379965e-20,-1.3324142944633017e-20
1407,17,6.005053520202637,-2.262774794815794,-2.5721204502138955,11.331531612352952,11.49123934428084,-3.1015195043631054e-05,-7.306549387902019e-05,0.9988328572709038,0.9988467946093443,0.9988328572709038,0.9988467946093441,0.0,-8.50307243082138e-21
1408,16,5.893991470336914,-2.2447850342652433,-2.3287942127598766,11.148642442751626,11.170331408445875,-4.1992842060540356e-05,-4.191307672520536e-05,0.9988543867780916,0.9988664668634918,0.9988543867780916,0.9988664668634917,6.784035458753847e-21,-3.978010515299193e-21
1409,17,5.85941219329834,-1.9505738737215272,-2.1798522555675843,10.92465230111514,10.935222391435325,2.5149140652344795e-05,-3.310671279586246e-05,0.9988107767155165,0.9989136983589024,0.9988107767155165,0.9989136983589023,0.0,-2.48459706587104e-21
1410,16,5.877176761627197,-2.3607689072069387,-2.054657642774277,10.784323373335056,10.741271575416183,-6.549309855431496e-05,-4.7428681868210414e-05,0.9990356795522894,0.9989942408441801,0.9990356795522893,0.99899424084418,-1.3565608749972046e-20,-2.5766977912248192e-21
1411,16,5.59759521484375,-1.82627255561094,-1.8248090880834824,10.596479043586447,10.542029714581883,-5.091998762011587e-05,-6.804750787519744e-05,0.9990721894385597,0.999082522205337,0.9990721894385597,0.9990825222053369,0.0,-2.0162415805656083e-21
1412,16,5.693999290466309,-1.9477808694048897,-1.437162013308075,10.425380884759793,10.307660370802106,-0.00014578258171266963,-7.757304387986317e-05,0.9991835423897797,0.999156468212601,0.9991835423897797,0.999156468212601,0.0,-1.5728790659194479e-21
1413,16,5.829535484313965,-1.230353886182347,-0.9022591866630502,10.038717100834566,10.037902780757914,-0.00013595559638139947,-5.993030456027785e-05,0.9992884726071016,0.9991960424569778,0.9992884726071016,0.9991960424569778,0.0,-2.102440576069435e-21
1414,16,5.921797752380371,0.23911518298851636,-0.41507742389760444,9.702805630191069,9.773508498598497,1.3891074402131806e-05,-2.479854593451004e-05,0.9992614909460025,0.9991959443856187,0.9992614909460025,0.9991959443856187,-1.6953179021287267e-21,-3.650591744098993e-21
1415,16,6.199269771575928,0.6798629364518317,-0.2614164738886503,9.424202873294814,9.559250251138609,0.00011135304988192905,-7.618681697550291e-06,0.9991272178505795,0.9991864391064331,0.9991272178505796,0.9991864391064332,-1.3564365892487976e-20,-5.344028490971509e-21
1416,16,5.761371612548828,-0.3771443455761689,-0.48238169736867886,9.467059433368227,9.408305031951214,4.840572931986406e-05,-2.89983767564887e-05,0.9989558005137789,0.9992205061200538,0.998955800513779,0.9992205061200539,0.0,-6.163386070542997e-21
1417,16,5.855960845947266,-1.969467106670645,-0.7802992292677093,9.39268591276631,9.292729876917946,-0.0001856443633545334,-6.512174657375734e-05,0.9993690816320259,0.999317975831904,0.9993690816320259,0.999317975831904,0.0,-6.91416108778941e-21
1418,16,6.42270040512085,-1.4236157638553455,-0.846038881366412,9.119593779014217,9.200383737280134,-0.00023098380702105521,-6.858709536378146e-05,0.9997649246751068,0.9994162141821301,0.9997649246751068,0.9994162141821301,-2.7111427539774844e-20,-6.575133434959985e-21
1419,16,6.344909191131592,0.3224754215069647,-0.769804380209324,9.030930879203014,9.148462140481772,9.526848441773849e-05,-3.4897489457384435e-05,0.999377820970992,0.9994733033444525,0.9993778209709921,0.9994733033444525,0.0,-3.026970011076255e-21
1420,16,6.49301815032959,-0.5170021098218023,-0.8217034962504377,9.268061198682835,9.129535777169043,7.545369762538324e-05,-6.751883919489839e-06,0.9992570712867598,0.999546273037949,0.9992570712867598,0.999546273037949,1.3562603203414907e-20,5.932116866442809e-22
1421,16,5.950808048248291,-1.7936576953369434,-0.9701881261631603,9.131833709426388,9.105719813474476,-7.790579875516006e-05,5.591283902558629e-06,0.9997496071292621,0.9996685038491887,0.9997496071292621,0.9996685038491888,0.0,1.4807908360461493e-21
1422,16,5.302342891693115,-1.0769115711218076,-1.0773235737181235,8.98310843369476,9.072768776938803,1.3850021790144358e-06,1.9019747191848177e-05,1.0000004991457057,0.9997883735251774,1.0000004991457057,0.9997883735251775,0.0,7.149275074888594e-22
1423,16,5.385250568389893,-0.48483169523909553,-1.233810986434829,9.045195590982363,9.037234801830573,9.551825760924358e-05,2.954461213401857e-05,0.9997950382528945,0.99987504064465,0.9997950382528945,0.9998750406446502,0.0,-1.905436809756324e-22
1424,16,5.364070415496826,-1.464038699253766,-1.532958600996417,9.096354871134883,8.979362715282326,7.272390895552207e-05,2.6410142887361827e-05,0.9998080108746171,0.9999658871291358,0.9998080108746171,0.999965887129136,0.0,-5.00026378242418e-23
1425,16,5.546609878540039,-2.4650150147623426,-1.8226393411419262,8.919008624923178,8.884098842170195,-3.666219642634367e-05,2.2282441145125286e-05,1.0000937217870498,1.000077120952916,1.00009372178705,1.0000771209529162,0.0,2.3295302103558203e-21
1426,16,5.642025470733643,-2.5531140096750624,-1.9193318134076143,8.806132987691523,8.777322598093058,-0.0001171624943673637,4.53200082210003e-05,1.0003351779333134,1.0001691944433615,1.0003351779333134,1.0001691944433617,-1.3547986170063764e-20,7.988514414683537e-21
1427,16,5.726245880126953,-1.2840841960306242,-1.886330446683369,8.43226812867544,8.707571589914393,0.00017052886859973056,9.60789174567808e-05,1.000314665166016,1.0002081213412624,1.000314665166016,1.0002081213412626,2.709652797866275e-20,1.5551113041023844e-20
1428,16,5.786353588104248,-0.9987019353191248,-1.9891982629583045,8.596024391625681,8.713774794528934,0.00028620823893837444,0.000125394972278915,1.0000536614286875,1.0002214458617076,1.0000536614286875,1.0002214458617078,5.4207199788489423e-20,1.7614186360248395e-20
1429,16,6.303320407867432,-2.60784315313459,-2.279489881555397,8.94386218136498,8.742499652023508,0.00010638546883981871,0.00010694101162209134,1.0001422078288922,1.0002698339638079,1.0001422078288922,1.000269833963808,-1.3550600154640627e-20,1.1502810991575933e-20
1430,16,6.16641092300415,-3.1916278754893717,-2.4801921309528225,8.929806044830782,8.697429414942237,3.228443809060343e-06,6.982174881619127e-05,1.0003446382241556,1.0003609489994743,1.0003446382241559,1.0003609489994745,0.0,4.894469469808541e-21
1431,16,5.733455657958984,-2.7114530122019547,-2.3880213485313315,8.612814156993734,8.550045014545944,-3.585002631101454e-05,5.0422115030106736e-05,1.0005516581482181,1.0004505478888681,1.000551658148218,1.0004505478888681,0.0,5.218654573323217e-22
1432,16,5.996517181396484,-2.0889964789356736,-2.0618016961416687,8.200821674634437,8.361067190580451,3.537869879854675e-05,5.847694872878e-05,1.0006732487636372,1.000487925847019,1.0006732487636372,1.000487925847019,0.0,-2.2378184537716532e-21
1433,16,6.100887298583984,-1.006557298775677,-1.7160114850407628,8.098191359513871,8.215919794284419,0.00016976762601855942,7.02083813680938e-05,1.0003167687919943,1.0004666044164763,1.0003167687919943,1.0004666044164763,0.0,-4.365564864087864e-21
1434,16,5.886725425720215,-1.4106719600084008,-1.5451477770629463,8.064357275952132,8.147428329806546,0.0001183322014811559,5.5619263843798884e-05,1.0004214587415354,1.0004329164417796,1.0004214587415354,1.0004329164417796,-1.3546817731315955e-20,-5.875704703440099e-21
1435,16,6.024477005004883,-1.5502456073097397,-1.5221374946165738,8.209635806748034,8.134500850670038,-3.4316682344093054e-05,1.7700503397251045e-05,1.0004303873022953,1.0004013183362734,1.0004303873022953,1.0004013183362734,-6.7733484148826156e-21,-5.887507057803269e-21
1436,16,5.996696472167969,-1.3471201492705436,-1.5275103395837581,8.14389687253844,8.127435598077874,-3.951312806987319e-06,-1.779950424459629e-05,1.0003215808972443,1.0003736925965494,1.0003215808972445,1.0003736925965494,0.0,-5.6087699585899336e-21
1437,16,5.886066913604736,-1.905582484425185,-1.426323456690032,8.158655403385595,8.094159851201569,-5.444324402406982e-05,-3.502412125917419e-05,1.0002839111502229,1.0003558901669258,1.0002839111502229,1.0003558901669258,0.0,-6.6774088514703716e-21
1438,16,5.97024393081665,-1.8229915233405147,-1.06773190701556,8.113397541381065,8.018219759046438,-0.00013120997950068794,-1.933837110322245e-05,1.000463342147523,1.0003346386842058,1.0004633421475229,1.0003346386842058,-2.7092501214443144e-20,-8.585303242937017e-21
1439,16,6.044630527496338,-0.05678953917170241,-0.491432416612934,7.868329865674736,7.911402121865059,6.85962395798237e-05,3.048975711569517e-05,1.0002727533522722,1.0002804489617658,1.0002727533522722,1.0002804489617658,1.3548831666812312e-20,-9.760463594779927e-21
1440,16,5.660521507263184,0.27570176004133956,0.029338599058312792,7.745348022184545,7.816122238297863,0.00013012964480675786,8.306412345794646e-05,1.0002029012244944,1.0001968763572788,1.0002029012244946,1.0001968763572788,-2.7099555779086775e-20,-1.198673001204464e-20
1441,16,5.5170183181762695,0.3617421274330208,0.31450030631339265,7.754413046606174,7.763488383632828,9.947847304865141e-05,0.00011367412308493214,1.0001459697972417,1.0000954060850205,1.000145969797242,1.0000954060850205,-1.3550549185151732e-20,-1.2592413810518258e-20
1442,16,5.328340530395508,0.6517545428247408,0.29751754804330643,7.7048356072254505,7.758523932324166,0.00016578934394633006,0.00011407003768123516,0.9999386326767005,0.9999928250480609,0.9999386326767005,0.9999928250480609,0.0,-1.194285154725954e-20
1443,16,5.736958026885986,0.3542900133707054,-0.0254399360467652,7.780046427077854,7.793530818197923,0.00013510596552524401,7.934848046356364e-05,0.9998018804230995,0.9999180313830933,0.9998018804230995,0.9999180313830933,-2.711042541815105e-20,-1.0925901091743543e-20
1444,16,5.506199359893799,-1.0421137037853685,-0.5109625801719686,7.867056773590343,7.841762730894529,-4.586419158293316e-05,2.445904180871136e-05,0.9999558793682319,0.999877465804797,0.9999558793682318,0.999877465804797,0.0,-7.916128055419373e-21
1445,16,5.942263126373291,-1.1009561339132736,-0.911348824452812,7.92001808322778,7.869970742168691,-3.444647552383411e-05,-1.9751471086873508e-05,0.9998323340555607,0.9998433707416022,0.9998323340555606,0.9998433707416022,-6.777399917192362e-21,-4.722744697823141e-21
1446,16,6.015667915344238,-1.321803191761216,-1.1321449168240432,7.937456594532752,7.855686455787474,-9.970837660529249e-05,-4.150737487693031e-05,0.9998471892178604,0.9998029759897097,0.9998471892178604,0.9998029759897097,0.0,-2.059536169854563e-21
1447,16,5.979480743408203,-1.0137681441596305,-1.1931224444551174,7.644196247034959,7.7998928135743375,1.6728929125454705e-05,-4.348915885178694e-05,0.9998158406196763,0.9997497051798148,0.9998158406196763,0.9997497051798148,0.0,-4.8372287314123055e-22
1448,16,5.569451332092285,-0.9445794989454788,-1.1723270148743963,7.846173597948546,7.7203282950553795,-4.7465856985875054e-06,-4.255231512775642e-05,0.9995586579641944,0.9996945572015654,0.9995586579641944,0.9996945572015654,-8.47406943559927e-22,-4.8513104695660427e-23
1449,16,5.253445148468018,-1.3788212480190003,-1.0897345582452516,7.666998782359439,7.603524878649312,-7.602116143757828e-05,-3.868517798867589e-05,0.9996869145169806,0.9996612726736149,0.9996869145169806,0.9996612726736149,0.0,-5.67084290469745e-22
1450,16,5.4248785972595215,-0.9171167440438109,-0.903384973718269,7.4060835187214025,7.468971409571989,-5.298383863281647e-05,-1.8418850065806156e-05,0.999657267606194,0.9996378868397819,0.999657267606194,0.9996378868397819,0.0,-2.0215587800485423e-21
1451,16,5.326993942260742,-0.5227290855074365,-0.6481867397100919,7.305646228720566,7.361624777454361,1.8797325044900443e-05,1.983262606187118e-05,0.9996043689823328,0.9996115911608706,0.999604368982333,0.9996115911608707,-3.3894727695783845e-21,-4.111870756499948e-21
1452,16,5.129114627838135,-0.4813101574068921,-0.3767588474910573,7.2421898435856855,7.3070111641624775,6.49577950316345e-05,6.35159670156789e-05,0.9996191846543883,0.9995772584558571,0.9996191846543883,0.9995772584558572,0.0,-5.7887370005927136e-21
1453,16,5.254139423370361,0.062479721853072746,-0.11099259118506798,7.28573638048567,7.302302308104824,0.00013333143853272634,9.71051754599978e-05,0.9995092999847994,0.9995324193110249,0.9995092999847994,0.999532419311025,-2.7118361292436023e-20,-5.134468909659344e-21
1454,16,5.152072429656982,0.2164323105363524,0.11709350420428011,7.303389941306348,7.3175666334478295,0.00012782566160112488,0.00010839920525649086,0.9994985108097496,0.9994858972513454,0.9994985108097495,0.9994858972513454,0.0,-5.65016600698159e-23
1455,16,5.291380882263184,0.440259702049486,0.3312638801143746,7.373276770860344,7.311029618546821,0.00014783254205693618,9.86463321584203e-05,0.9993570021883755,0.9994434908497692,0.9993570021883755,0.9994434908497692,2.712249401643598e-20,4.8912412627747846e-21
1456,16,5.612534046173096,0.06992154954768762,0.6106458915219488,7.473529133263129,7.2399625283130495,-6.713215505445596e-07,8.235880849263353e-05,0.9993463566245137,0.9994062679886686,0.9993463566245137,0.9994062679886686,-1.0594837085754216e-22,5.1872165711050205e-21
1457,16,6.235118389129639,0.2995624701652718,1.035283516401216,6.995856803369941,7.098906579944237,-3.3494091679984915e-05,8.50129164105546e-05,0.9997158389445184,0.9993436906869109,0.9997158389445184,0.9993436906869109,0.0,3.0804919239759564e-21
1458,16,5.975410461425781,2.5274841164151036,1.469670554553254,6.774243543554384,6.953060019098924,0.0002001002233586956,0.00010119559276568953,0.9992209345822051,0.9992270969643999,0.999220934582205,0.9992270969644,0.0,7.2557662606309585e-22
1459,16,5.785046577453613,2.70328115405965,1.5975384370889512,6.849798871732267,6.841718795014109,0.00027167518442872514,9.126434730197922e-05,0.9987107296740487,0.999133295385502,0.9987107296740487,0.9991332953855021,0.0,-1.1092046233625494e-21
1460,16,5.965855121612549,0.6302354351509319,1.4548968110832916,6.791392014785645,6.742791141168844,-3.4136710061162245e-05,5.076999653726085e-05,0.999155868333534,0.999132234180098,0.999155868333534,0.9991322341800982,-6.781988469262915e-21,-2.019332309067256e-21
1461,16,5.652472019195557,0.31335996523524995,1.437133774579941,6.710625907783654,6.626790313446989,-0.00012485241317466574,3.2074959576717976e-05,0.9993970867887086,0.9991646032234522,0.9993970867887088,0.9991646032234524,0.0,-1.6748520935618114e-21
1462,16,5.452466011047363,1.907744954653182,1.6863527341462634,6.568872652505834,6.4861919258287175,9.14260292449327e-06,6.338385030626332e-05,0.9992457306989316,0.9991638079748263,0.9992457306989317,0.9991638079748264,0.0,-9.780410052233173e-22
1463,16,5.711691379547119,2.9482870501711065,1.9481865068275566,6.186319406392646,6.349960540736953,0.0002874261834533506,0.00011306072790574343,0.9990028409556696,0.9991442616607429,0.9990028409556696,0.9991442616607431,0.0,-5.91876973240472e-22
1464,16,5.8377685546875,1.9142079844179767,2.0286658591836835,6.295887660229512,6.267208450832307,0.00016763669708887667,0.0001334953173304739,0.9990211520517134,0.9991536312694518,0.9990211520517134,0.9991536312694521,0.0,-6.910629752002999e-22
1465,16,5.990939617156982,1.159433018185417,2.053705440999294,6.261587997873657,6.2449349050973035,2.364128482728718e-05,0.00012962036009752254,0.9993283266699098,0.9991919282110188,0.99932832666991,0.9991919282110191,-3.39040903634501e-21,-1.1352290128731488e-21
1466,16,5.973845958709717,2.427734191729107,2.1239135592311427,6.1445299720679,6.287500413857615,0.00010799051491798622,0.00012238684967598923,0.999382971119733,0.9992177659523539,0.999382971119733,0.9992177659523541,0.0,-1.6965431651168503e-21
1467,16,5.902745246887207,3.0039287215712847,2.0827283322331644,6.3244770882765655,6.395660335737207,0.00023644767746604735,0.0001021070478901575,0.9990444995968212,0.9992335295572764,0.9990444995968212,0.9992335295572765,0.0,-2.6496563429231516e-21
1468,16,5.715138912200928,1.5781095918471315,1.8685281846736714,6.649015373273062,6.522527461805347,4.278496282345857e-05,5.694710145128002e-05,0.9992195303677417,0.9992877225097897,0.9992195303677416,0.9992877225097898,-6.781556376845979e-21,-3.721994538925682e-21
1469,16,5.633525371551514,1.113960150657352,1.7019798366276786,6.7329785262900845,6.598408122215118,-5.9895388242077927e-05,1.3969804482004851e-05,0.99940775746862,0.9993782830820153,0.9994077574686201,0.9993782830820154,-6.78027914772031e-21,-3.939414616291704e-21
1470,16,5.522158622741699,1.4619944490924142,1.7378485996797697,6.58524439932418,6.598032467748389,-6.067424429024828e-05,3.2366669263880245e-07,0.9995923524698755,0.999469798632678,0.9995923524698755,0.9994697986326782,0.0,-3.2989396563103536e-21
1471,16,5.329076766967773,2.435571054676778,1.902342321036148,6.511154818845087,6.547099074663489,7.251862872210378e-05,1.4098023448615943e-05,0.9994706489508478,0.9995404787426152,0.9994706489508478,0.9995404787426152,0.0,-2.6642932543396477e-21
1472,16,5.274369716644287,2.0327932542513096,2.0312793958584114,6.426522619311108,6.4749053493935635,4.3111279888958785e-05,3.300471183044154e-05,0.9996150084312084,0.999603988498498,0.9996150084312084,0.999603988498498,-6.778873387134354e-21,-1.8636683276424566e-21
1473,16,5.193360328674316,2.0792047267930998,2.110437524220534,6.417361384910717,6.394253250605836,6.982146193190617e-05,4.955536829865186e-05,0.9996112317319124,0.9996620971935167,0.9996112317319124,0.9996620971935166,0.0,-4.256649073463043e-24
1474,16,5.4126482009887695,1.7341823274682384,2.1664520946613632,6.3813623240566235,6.301281895891598,-1.977310651499656e-05,6.588439219614578e-05,0.9998010558292142,0.9997103747000123,0.9998010558292142,0.9997103747000122,0.0,2.4313061871932472e-21
1475,16,5.202203750610352,2.5451456089779274,2.181376086152721,6.019182007327887,6.202145122733162,9.541086158837063e-05,8.470814265724766e-05,0.9998499367310493,0.9997359449539549,0.9998499367310492,0.9997359449539548,1.3554561197831346e-20,4.370037300894236e-21
1476,16,5.508993625640869,3.0036492178715535,2.026238368056945,6.069759852607072,6.115566039176282,0.00024266422722619822,8.390076201140168e-05,0.9995158671574597,0.9997600383538474,0.9995158671574597,0.9997600383538473,0.0,4.710387502213989e-21
1477,16,5.474266529083252,1.0853510620637714,1.7334057234441247,6.092189991118015,6.003448222439566,3.560862718167914e-05,5.055110898893292e-05,0.9998321833327093,0.9998289208837788,0.9998321833327092,0.9998289208837787,6.777400938872858e-21,4.774950714592035e-21
1478,16,5.601701736450195,0.8993769115842312,1.6229425737864345,6.108071783992443,5.805339311220429,-8.347299120472334e-05,2.171372152191499e-05,0.999864846001328,0.9999210690268218,0.999864846001328,0.9999210690268218,0.0,5.30138344034414e-21
1479,16,6.272512435913086,1.28949561530924,1.8296010000613805,5.4124246957663,5.5091241254196035,-8.295612252490081e-05,3.400680337267074e-05,1.0003037194798063,0.9999922485074879,1.0003037194798063,0.9999922485074879,0.0,6.874289610474825e-21
1480,16,5.981546878814697,2.894970704819315,2.1693832218968074,5.06395211920555,5.197655345947508,0.00012517844367226677,8.115821427237194e-05,1.000057014798673,1.0000039023155372,1.000057014798673,1.0000039023155372,2.7103509011028018e-20,8.062903985146916e-21
1481,16,5.669677734375,3.5495204489932886,2.296517282960545,4.858488325463225,4.93874396298286,0.0002918733399215831,0.00011731634277384446,0.9996581114088476,1.0000094007261366,0.9996581114088476,1.0000094007261366,0.0,6.429035487138394e-21
1482,16,5.605892658233643,1.4225304933212468,2.143441789299971,4.729318450287903,4.746153832201229,0.00011157789542367192,0.00011496092673680683,1.0000373560785525,1.0000739088881314,1.0000373560785525,1.0000739088881316,0.0,4.30789641918641e-21
1483,16,5.393038272857666,1.1109899856121292,2.03229789881469,4.671038510956142,4.597117309903117,-5.5022443339132186e-05,0.00010414518280729099,1.0003951507811852,1.0001540861723341,1.0003951507811855,1.0001540861723344,6.773586989843938e-21,3.1355790872165882e-21
1484,16,5.318076133728027,2.4519485406614994,2.0829641411107653,4.350365023990997,4.463231564852214,0.00013492030546987646,0.0001147490742610202,1.0002795670162148,1.0001869854604948,1.0002795670162148,1.0001869854604948,0.0,2.7849297581251303e-21
1485,16,5.6146039962768555,2.752696929826859,2.093602347217068,4.390508823394612,4.329337700879405,0.00024383549698731372,0.0001270719404529569,0.999974806521537,1.0001913991507874,0.9999748065215371,1.0001913991507874,0.0,3.730616932583516e-21
1486,16,5.468839645385742,1.6588737872193686,1.959253706306126,4.233013670040216,4.154619482465242,8.699276891746548e-05,0.0001243359047243781,1.000246188190159,1.0002182525685166,1.000246188190159,1.0002182525685166,1.3549191505134039e-20,5.548387986167792e-21
1487,16,5.632538318634033,1.6013527434435073,1.787590022674956,4.079706405308207,3.9145886626269375,4.690823156953066e-05,0.0001250523694426212,1.0002452889821445,1.0002601985019575,1.0002452889821447,1.0002601985019575,0.0,7.055017201725094e-21
1488,16,5.423888206481934,1.5835300010044475,1.627917042649646,3.5252925465977096,3.6274021976262136,0.00011951748091662265,0.00013890191364427276,1.0003807674709981,1.000300613950953,1.0003807674709984,1.0003006139509532,1.3547368758727862e-20,8.765296210103551e-21
1489,16,5.3209452629089355,1.8001569869443041,1.4437957631469047,3.199412059313612,3.3610185467171583,0.00025123746465542413,0.00014657439268108254,1.000295110012743,1.0003268208875398,1.0002951100127428,1.00032682088754,0.0,1.0001518636933571e-20
1490,16,5.370983123779297,1.2364114661658123,1.1987381428959392,3.22670621812871,3.1507226721274946,0.00015035921077510218,0.00012488332798071876,1.000276451552208,1.000348000520439,1.000276451552208,1.000348000520439,2.7097563148744086e-20,1.0254206608177498e-20
1491,16,5.670879364013672,0.5886428450410953,0.9705367724478107,3.0735702129101243,2.97768266927719,3.4863100736183495e-05,8.485526890547025e-05,1.0003458062617223,1.0003637774301404,1.0003458062617223,1.0003637774301404,0.0,7.523779862272821e-21
1492,16,5.386720180511475,0.5032447811888683,0.8479627778370011,2.7292614225758163,2.8419009511681166,3.0778461332611864e-05,5.0214345655167985e-05,1.000565848087442,1.000346875283414,1.000565848087442,1.000346875283414,6.772431410673341e-21,3.81937728980475e-21
1493,17,5.316966533660889,1.1721537716691002,0.7759984074540281,2.6828050522543743,2.770386472858496,2.880737637546373e-05,2.9565538581639592e-05,1.000298043625452,1.0002762018072637,1.000298043625452,1.0002762018072637,-3.3871222788133743e-21,3.8825987580699684e-22
1494,17,5.051520347595215,1.0044344102946858,0.5933476057130687,2.8461106002222554,2.754064222296825,5.988667268130262e-05,2.1323687258841768e-05,1.000007025871641,1.0002012523253025,1.000007025871641,1.0002012523253023,-6.776215969210792e-21,-1.4870115311642628e-21
1495,17,5.326961517333984,0.09449319702743371,0.2828305066579708,2.765309927416767,2.752928511646679,3.3847646286670105e-05,2.5471302955281115e-05,1.0000989131159004,1.0001794910880908,1.0000989131159006,1.0001794910880908,0.0,-2.044227484635824e-21
1496,17,5.04449987411499,-0.5856996897043301,-0.010665393845778415,2.9070727771368023,2.7528372831174086,-0.00011869461970972277,5.6175306898239945e-05,1.000283555552394,1.0001952006941859,1.000283555552394,1.0001952006941859,0.0,-3.525672817124723e-21
1497,16,5.315516948699951,-0.02071250582044577,-0.22109887633752145,2.5974112970340264,2.7654999888433207,0.00020227181524557457,0.00011849946300748393,1.000276651131473,1.000195815024206,1.0002766511314731,1.000195815024206,0.0,-7.628825226870602e-21
1498,16,4.994091033935547,-0.21470255449061426,-0.48431949382770695,2.6901212195735567,2.844302420384955,0.00018813134966631055,0.000163566458298577,1.0002336212574883,1.0001594170206367,1.0002336212574883,1.0001594170206365,0.0,-1.402353845118337e-20
1499,16,5.276813983917236,-0.46795273011405397,-0.8996894481254603,2.9583685359096155,2.989194126863335,0.0002775947832860331,0.00015618710201709753,0.9999319334070189,1.0001040609881033,0.9999319334070189,1.0001040609881033,-5.421379877285025e-20,-1.844707944048568e-20
1500,16,5.777127742767334,-1.5941029530001287,-1.4259791927530245,3.194547908419388,3.132887993536328,0.00010236112407587076,8.589726889086803e-05,1.0000800409795734,1.0000650373198698,1.0000800409795734,1.00006503731987,-1.3551442485337647e-20,-1.4257363556360973e-20
1501,16,5.199337005615234,-2.0835720161730684,-1.8729263264765135,3.2379472784211214,3.1900933221419296,1.676791991212983e-05,-1.518497653696732e-05,1.00006933242775,1.0000292811237872,1.00006933242775,1.0000292811237874,3.387896897900303e-21,-5.162452173095283e-21
1502,17,4.52431058883667,-2.339600536449122,-2.0845044203446723,3.3536371479672846,3.095992423878491,-0.0002511489019217005,-9.74302870081466e-05,0.9999794099330002,0.9999777103889445,0.9999794099330002,0.9999777103889445,0.0,3.1520318355554e-21
1503,17,5.177510738372803,-2.1953808050709127,-2.009851753128422,2.873740760428935,2.829903431382958,-0.00017784223425148894,-0.00011371446978782267,0.9999517279472121,0.9999056075611814,0.9999517279472121,0.9999056075611814,2.710636279191319e-20,7.549598355796092e-21
1504,17,4.74367618560791,-1.4029311403552116,-1.725525203005636,2.364627067171752,2.473959817794687,8.17006861330072e-06,-7.662101160989784e-05,0.9997313700472428,0.999816143455001,0.9997313700472428,0.999816143455001,0.0,6.122199202447151e-21
1505,17,4.663755893707275,-1.5346888630337487,-1.366830223651019,2.039505934243754,2.139401419946789,-3.118021989275529e-05,-2.750244396442636e-05,0.9997734083388209,0.9997209834167561,0.9997734083388209,0.999720983416756,0.0,2.9007363528871994e-21
1506,17,5.140910625457764,-0.9499494643650813,-0.9838688398244002,1.8268534268944996,1.8926659128490957,3.1910137019806476e-05,1.7033564620260195e-05,0.9996356988581744,0.9996099309853144,0.9996356988581744,0.9996099309853143,-6.778733078234935e-21,1.1354393033671456e-21
1507,17,4.9699225425720215,-0.5614560376947533,-0.6557778797038616,1.699279846169211,1.7482090021243724,6.247824927027899e-05,4.799435271396383e-05,0.9995028144611142,0.9994864647411673,0.9995028144611142,0.9994864647411673,0.0,1.7785363826629077e-21
1508,17,4.5753254890441895,-0.1487649582010173,-0.4568331220541488,1.745971955120056,1.6841622191959997,6.103992666272627e-05,6.251018677402987e-05,0.9993540497816366,0.9993692492014921,0.9993540497816364,0.9993692492014921,1.3561287072414522e-20,2.6066845482145303e-21
1509,17,4.4842400550842285,-0.09529250207710618,-0.396712956433081,1.6824938399975389,1.6613042161656373,0.00010718562193306524,6.399265609352507e-05,0.9991489166648041,0.9992835768258292,0.9991489166648042,0.9992835768258292,0.0,1.0850148968365492e-21
1510,17,4.48206901550293,-0.9179224806789366,-0.3356642468122054,1.6647730900777467,1.6607559016510718,1.2377422574320849e-05,6.059608198824682e-05,0.999325061080534,0.9992381246062205,0.999325061080534,0.9992381246062206,0.0,-1.5551616041048214e-21
1511,17,4.652767181396484,-0.34936409136505525,-0.04788781905948347,1.6973104650817024,1.6775404398023501,7.47562155743324e-05,7.188001130049019e-05,0.9991692304135728,0.999198320179185,0.9991692304135729,0.999198320179185,-1.356379554488401e-20,-3.3345647597949923e-21
1512,17,4.643533229827881,0.3370003313048132,0.47701230694820057,1.7706252346374391,1.7119355457586767,3.539128649217482e-05,0.0001037926561198889,0.9992177816554493,0.9991466915735873,0.9992177816554492,0.9991466915735872,0.0,-2.730209743145336e-21
1513,17,4.344903469085693,1.33269186632271,1.0727897223872083,1.718978071220169,1.7771523925636399,0.0001705984241505753,0.00015262212789708178,0.9990960709068414,0.999069704178074,0.9990960709068415,0.9990697041780738,0.0,-1.5550879791974158e-21
1514,17,4.625764846801758,1.8807620338130273,1.5190525071767556,1.875372342271437,1.9041532485678507,0.000240834014443381,0.00019164885071471112,0.9989096192929875,0.998979589391279,0.9989096192929876,0.9989795893912788,0.0,-1.4121501356025167e-21
1515,17,5.017770290374756,1.6876167363643562,1.713368377613377,2.098754755492815,2.10476058124353,0.00022634333900104292,0.0001991641030264931,0.9988414333269101,0.9988985790788681,0.9988414333269101,0.998898579078868,0.0,-2.9418024099982348e-21
1516,17,4.990414142608643,1.4194726760530356,1.7076707030742209,2.3200778059448464,2.374282358606013,0.00011812688532889194,0.00017551844867299835,0.9990150262753541,0.9988207774510484,0.999015026275354,0.9988207774510482,0.0,-5.863257476695126e-21
1517,17,5.045024394989014,1.9572458060608693,1.5524501656464613,2.606599892993036,2.6984993142338616,0.0002063224222287914,0.00013006117889066953,0.998669114064485,0.9987309171434781,0.998669114064485,0.9987309171434781,-2.714117612171133e-20,-8.213676838613024e-21
1518,17,5.002972602844238,1.477383303105016,1.2297461922754735,3.121661085054331,3.035464468377379,6.899007335139957e-05,6.097183360884941e-05,0.9985634275910081,0.9986718365159691,0.9985634275910082,0.9986718365159691,0.0,-7.363429896229409e-21
1519,17,5.083518028259277,0.7538004329968021,0.8601350855760812,3.375827044502064,3.3137747945407137,-2.136214864623829e-05,-1.1148783307067537e-05,0.9986495293711987,0.998672257789819,0.9986495293711986,0.998672257789819,0.0,-6.162842237860165e-21
1520,17,5.008975028991699,0.29696088692395195,0.6777282604207442,3.614586972389978,3.489774838925822,-0.00010412658653310689,-5.707184385221425e-05,0.9986573320431924,0.9987152717135843,0.9986573320431923,0.9987152717135843,-1.3570748164779563e-20,-5.9888775964678896e-21
1521,17,5.114697456359863,0.08803438543360777,0.8677183455136992,3.5977315783723007,3.5601108362505656,-0.0001463669501132508,-5.4580074249971605e-05,0.9988409161520364,0.998761358746604,0.9988409161520364,0.9987613587466039,0.0,-6.081112928720495e-21
1522,17,5.232292652130127,1.4513286167394284,1.4038378404366716,3.412740054920383,3.574113687041701,-2.1562497966804108e-05,-6.9339351559588645e-06,0.9989722554384342,0.9987555357392087,0.998972255438434,0.9987555357392086,0.0,-7.281055153619871e-21
1523,17,5.2132697105407715,2.7830443767086073,1.9583729522731368,3.50462801802132,3.591310988496523,0.00014840676411991235,4.517817280252747e-05,0.9986391010763361,0.9986841672351444,0.9986391010763361,0.9986841672351444,-2.714199181959098e-20,-8.348429626689907e-21
1524,17,5.057684898376465,2.9555514620190975,2.223266961489717,3.599872483142255,3.611333004369543,0.00017927850911148843,5.6935734695579395e-05,0.9984576743416842,0.9986114478281495,0.9984576743416842,0.9986114478281496,0.0,-6.6242082674540275e-21
1525,17,5.0121026039123535,1.8370107009881829,2.243847619636592,3.7135802023682603,3.5889180420540563,-9.307347915707323e-06,2.866839464266712e-05,0.9985145935248486,0.9985912066248477,0.9985145935248486,0.9985912066248478,0.0,-4.737113692834116e-21
1526,17,5.12428092956543,1.5990812099446685,2.357719814690829,3.6098662739631746,3.4782710721553056,-8.884186343141503e-05,9.191977933756503e-06,0.998622914442964,0.9986126989687261,0.998622914442964,0.9986126989687262,0.0,-4.1996115116733426e-21
1527,17,5.292903423309326,2.42828179905233,2.7572890602399425,3.3300076801358958,3.2879691957489996,-6.81686318207244e-05,3.613078773274147e-05,0.9987864179047337,0.9986256015904446,0.9987864179047337,0.9986256015904447,-1.3568994244534744e-20,-3.908832551025197e-21
1528,17,4.926947116851807,3.7234540723341314,3.306484015703837,2.9027011819355564,3.0870414400612787,0.00016983780678530072,0.0001006471135384893,0.9986149876862381,0.9985902020640658,0.9986149876862381,0.9985902020640658,0.0,-1.7097359504493265e-21
1529,17,4.817140579223633,4.0041176387049475,3.727237497728817,2.9056493549429545,2.9540461426333238,0.000183582660506881,0.00015571090950854103,0.998513268997525,0.9985250647772101,0.998513268997525,0.9985250647772101,0.0,1.7554135310982004e-21
1530,17,4.913138389587402,4.21022220590102,3.8861503792298446,2.86514917596288,2.9013516851588674,0.00023846165534419184,0.00017241243742171808,0.9983274030126803,0.9984702934243229,0.9983274030126803,0.9984702934243229,0.0,5.4652167416433564e-21
1531,17,4.8675456047058105,3.634159673655455,3.8149919460442856,2.86408794656773,2.9043792746843953,0.00013063047308624958,0.00014385562744479138,0.9984989080153532,0.9984512584633527,0.9984989080153533,0.9984512584633528,2.7145802658925724e-20,7.434397159459888e-21
1532,17,4.7411394119262695,3.628659123724303,3.669446946884617,2.860985274851487,2.9177402721318066,0.00011748128672093356,8.794733370099945e-05,0.9985092675778613,0.9984457222758122,0.9985092675778613,0.9984457222758123,0.0,5.3367749739556385e-21
1533,17,4.602738380432129,3.5938538474392887,3.565746483753688,3.0572264159001628,2.8733120188155863,2.377993376584433e-05,2.6411434448871797e-05,0.9983328181088048,0.9984415035700196,0.9983328181088049,0.9984415035700197,-3.393789854004319e-21,2.9168904547053464e-21
1534,17,4.913352012634277,3.0632466370430684,3.59180985890458,2.9668560974270406,2.695704950133558,-0.00014698324382133194,-9.774836231627731e-06,0.9984458598431675,0.9984436891240673,0.9984458598431676,0.9984436891240674,0.0,3.172028504901235e-21
1535,17,4.894579887390137,3.5868309437934744,3.7951868447711203,2.209586159420296,2.3958780750985125,-3.872430042195448e-05,-1.2516735359458127e-07,0.9986520594912347,0.9984234844052527,0.9986520594912347,0.9984234844052529,0.0,6.0234044409358616e-21
1536,17,5.043562889099121,4.863559677902482,4.019525511286206,1.887857947466097,2.081450507346451,0.00018144390910160166,2.338621346414653e-05,0.998327633085419,0.9983632655335707,0.9983276330854189,0.9983632655335707,2.715045984289453e-20,9.15015067725831e-21
1537,17,5.108628273010254,4.6899165618792535,4.061387343438585,1.916003619532182,1.8007934756597515,8.933711429515072e-05,1.6718711242076788e-05,0.9980526263274379,0.9983238849861016,0.9980526263274379,0.9983238849861017,0.0,9.384487152448205e-21
1538,17,4.318347930908203,3.1449292281256973,4.050048646913812,1.6770683601397067,1.5277558388736736,-9.727503615952071e-05,-5.759476364903358e-06,0.9983143048481896,0.9983503628574033,0.9983143048481896,0.9983503628574034,1.3575411160846476e-20,8.524927088355891e-21
1539,17,4.671700477600098,3.460827026028535,4.3230159860628685,1.162837556885792,1.2734713232119184,-0.0001091255389771577,9.237895127614331e-07,0.9986094605928991,0.9983865078127233,0.9986094605928991,0.9983865078127234,0.0,7.150410752786125e-21
1540,17,4.8872971534729,5.4801754284243405,4.853130252674068,0.9811850451260231,1.1053288878214704,8.19438223338495e-05,4.358016648580587e-05,0.9984198005394741,0.9983591516464565,0.998419800539474,0.9983591516464566,1.3573976746801294e-20,6.273640660466165e-21
1541,17,4.784046649932861,5.957784554570086,5.270094322973537,0.9664314325259985,1.0534638292370202,0.00018071660739550936,8.37724558598494e-05,0.9982376494772962,0.9982782632631539,0.9982376494772962,0.9982782632631539,0.0,5.431657297093086e-21
1542,17,4.720818042755127,5.23403093867648,5.410550996968234,1.1987836489066417,1.0858677341828757,9.196538671435187e-05,9.544947802288676e-05,0.9980914465895994,0.998192055629863,0.9980914465895994,0.998192055629863,0.0,5.6241948638069485e-21
1543,17,4.6790337562561035,5.085033257192475,5.398572627400706,1.168575884378001,1.1383658546047613,6.844126483130801e-05,9.055872804050288e-05,0.9981393077212438,0.9981304174563984,0.9981393077212438,0.9981304174563983,1.3577791247405415e-20,6.037102961398363e-21
1544,17,4.512507915496826,5.424215617990092,5.327684916075326,1.173400070254369,1.182591321362579,5.011201281136047e-05,8.649920160360424e-05,0.9981641282936955,0.9980839543359116,0.9981641282936955,0.9980839543359116,6.788726809505805e-21,4.016089582599389e-21
1545,17,4.620654106140137,5.483563514626135,5.170338984074539,1.189309223069432,1.2105366160937,0.00010321009059448041,8.894962949305819e-05,0.9980501416761111,0.9980448037474333,0.998050141676111,0.9980448037474333,1.3579004290614987e-20,-6.041371939812757e-22
1546,17,4.515903472900391,5.033186891996251,4.934798336556816,1.2791124248706798,1.2116026344350015,0.00016288224791357678,8.943285358897383e-05,0.9978674080026486,0.9980360323827218,0.9978674080026486,0.9980360323827218,-2.7162981869897557e-20,-4.981868287223486e-21
1547,17,4.665651321411133,4.3381256362986615,4.761881693428049,1.2274308575438522,1.1728140108389384,6.327688810554949e-05,8.810916994836032e-05,0.998092419106278,0.9980744912422397,0.998092419106278,0.9980744912422397,0.0,-2.8812694250916457e-21
1548,17,4.331268787384033,4.251234098069888,4.818824994553187,1.1757874657046579,1.1091700299079006,-7.754117926579973e-07,0.00011132071465163047,0.9982506153694948,0.9981168470886471,0.9982506153694948,0.9981168470886471,0.0,5.296883111977038e-21
1549,17,4.656941890716553,5.4195905617964195,5.074259346853175,1.0534424363401491,1.068059850251849,0.00015029858294932368,0.0001726060560390807,0.9981405921496981,0.9981233039514353,0.9981405921496982,0.9981233039514353,0.0,1.765363215717784e-20
1550,17,4.668941497802734,5.605093612614378,5.2760944193199215,0.8461742398764367,1.1255835490531183,0.00032223108425497656,0.00023902440981403845,0.9981233276893199,0.9981076156477914,0.9981233276893199,0.9981076156477914,5.431203451558732e-20,2.895054342273874e-20
1551,17,4.567450523376465,5.677074157234045,5.274617986192618,1.2790060840365962,1.3333569298073153,0.00037518176591739194,0.00026653073834551473,0.997911771732062,0.9981038514765542,0.997911771732062,0.9981038514765542,5.432354859406405e-20,2.932544233841459e-20
1552,17,4.419073581695557,4.606375845968363,5.1083168410368645,1.8093641527338395,1.6349679186552375,0.00016829282165073316,0.00024931923507075655,0.9981958947811294,0.9981357218909185,0.9981958947811294,0.9981357218909186,0.0,1.8836507827066644e-20
1553,17,4.848826885223389,4.89018020521791,4.946751891280934,1.992338579700269,1.94486365766275,0.0002110079556815239,0.00022154055394259437,0.99827769924624,0.9981633676989573,0.99827769924624,0.9981633676989574,0.0,7.282647366967393e-21
1554,17,4.701231956481934,4.993957902176471,4.8041624974989485,2.1836137041780206,2.2418006543870885,0.00017926997448448746,0.000196161863693176,0.9982089626502507,0.9981619493417966,0.9982089626502507,0.9981619493417966,0.0,-9.180892329043925e-22
1555,17,5.073296070098877,5.018609313760112,4.644955029271861,2.5821167894311348,2.532504973148247,0.00025116204556955,0.00017329349024883,0.997916516268478,0.9981574034758133,0.9979165162684779,0.9981574034758133,0.0,-5.6263251246111974e-21
1556,17,5.177316188812256,4.059743298871406,4.5300580958878784,2.8643930914471936,2.8111792157497515,8.810144065677533e-05,0.00015279233209490053,0.9981847969734458,0.9981818596956524,0.9981847969734458,0.9981818596956524,-1.3577172480647727e-20,-6.528253860093877e-21
1557,17,4.954748153686523,3.8634022294952834,4.627695542436015,3.0008937400057802,3.0887367518633257,7.98260128303153e-05,0.00015464443121235695,0.9984005949946748,0.9981876044880994,0.9984005949946748,0.9981876044880993,0.0,-1.8675723906658427e-21
1558,17,5.283097743988037,5.278079232146031,4.908014718426237,3.3261136884413927,3.3911140964880384,0.000205314966463195,0.00017659202046845808,0.9981516431722297,0.9981257098016344,0.9981516431722298,0.9981257098016343,-2.7155246898151596e-20,8.325129521195982e-21
1559,17,5.357962131500244,5.769479377323677,5.061489146860308,3.707804447204416,3.7121714156370844,0.00024932921179163367,0.00018673790654878677,0.9979891035956252,0.9980251583741492,0.9979891035956251,0.9980251583741491,5.431933918813666e-20,2.102279910184884e-20
1560,17,5.158118724822998,5.515140429727351,4.8984113513792895,3.9699018653177314,4.015293284371732,0.00025819610536497676,0.0001617642828319147,0.9977950323687188,0.9979396228342235,0.9977950323687188,0.9979396228342235,5.432990430467764e-20,2.40167802009974e-20
1561,17,4.950336933135986,3.9479372419870504,4.55593911410292,4.3967040357459215,4.252850195280241,4.457059239410011e-05,0.00011054799695697361,0.997881918298132,0.9979001435252195,0.9978819182981321,0.9979001435252196,-6.790646722601394e-21,1.6043353384924492e-20
1562,17,4.843875885009766,3.9306304607739,4.392044366105193,4.454384664366065,4.373810150943997,3.203665228278132e-05,7.496604112128468e-05,0.9978828214131985,0.997882832567062,0.9978828214131985,0.997882832567062,0.0,7.188475701922939e-21
1563,17,4.568718910217285,4.067923125104455,4.561576201269368,4.433668990774446,4.381373815796039,7.083138798487031e-06,7.805558795710929e-05,0.9979566947019176,0.9978447842570392,0.9979566947019177,0.9978447842570392,0.0,1.4381603352012189e-21
1564,17,4.974025249481201,5.347981548835612,4.955029266993391,4.1836259347579885,4.325126379450388,0.00018367224964479327,0.00011512384695563418,0.9977877344376207,0.9977517583297435,0.9977877344376207,0.9977517583297435,0.0,-1.948949785575495e-21
1565,17,5.033807277679443,5.5329922625776256,5.2748891336937875,4.312536943789211,4.268579393838289,0.00014400359000314025,0.00015760764791340144,0.9976208509223717,0.9976138276618914,0.9976208509223718,0.9976138276618914,0.0,-4.7137816477118344e-21
1566,17,4.768564224243164,5.619345880805134,5.339868491878089,4.2033960181209045,4.233892595018103,0.0002092273507271936,0.00019345829346570633,0.9973792607690316,0.9974646835310537,0.9973792607690316,0.9974646835310537,0.0,-7.62622569541503e-21
1567,17,4.708089351654053,5.222893972165847,5.119321516620986,4.187295782085522,4.243423905933663,0.00021937880659670097,0.00021332417426903505,0.9973467687925831,0.9973359667734812,0.9973467687925831,0.9973359667734812,-2.717716160543817e-20,-8.939670513634614e-21
1568,17,4.7810187339782715,4.483875830912255,4.715423024610777,4.28863890090426,4.307312248436499,0.00022544443023884278,0.00021289168667146553,0.9972398297176418,0.9972301202495981,0.9972398297176418,0.9972301202495981,0.0,-5.397311377505631e-21
1569,17,4.732908725738525,4.309463981309713,4.2722484513226755,4.516043961174447,4.410914807633256,0.0002312171943201456,0.00019259377643228746,0.9970070760944835,0.9971466791010255,0.9970070760944835,0.9971466791010255,0.0,8.177787059273503e-22
1570,17,4.737736701965332,3.3776956850132605,3.8632564187435574,4.55984782771214,4.537284361291079,6.30722525280343e-05,0.00016142488888218795,0.9972396067965603,0.9970770288361148,0.9972396067965603,0.9970770288361147,0.0,7.73868336406715e-21
1571,17,4.641304969787598,3.8684460132285405,3.510634173289135,4.619036167539078,4.707861364297327,0.00013633628059948243,0.00013459061945204936,0.9970558538992785,0.996977625237254,0.9970558538992784,0.9969776252372539,2.7185091192369386e-20,1.2888993888456678e-20
1572,17,4.522458553314209,3.547629305388497,3.0970189473523355,4.772897694946881,4.953647171379475,0.00019534487391295225,9.538760132843522e-05,0.9968043371712356,0.9968582198425858,0.9968043371712356,0.9968582198425858,2.719195061796905e-20,1.22246918899524e-20
1573,17,4.593059539794922,2.4142505740858837,2.6333432970550636,5.309122070758045,5.258579163478012,6.753500159268974e-05,2.8086503445278564e-05,0.9966343186863793,0.9967668368126721,0.9966343186863793,0.9967668368126721,-1.3598294682378394e-20,7.601500070155018e-21
1574,17,4.4390106201171875,1.9344370052989608,2.3094883258769294,5.785917514202938,5.536382561013867,-0.00015066877460694693,-4.235754665704697e-05,0.9967068118591789,0.9967265937349253,0.9967068118591788,0.9967265937349253,0.0,5.762692957163849e-21
1575,17,4.835262298583984,2.071678844074683,2.2416831702090083,5.658672188795181,5.725857154485065,-0.00010451142930630005,-7.737812521196684e-05,0.9968365964844722,0.9967051996088392,0.9968365964844723,0.9967051996088392,1.3595535320296513e-20,6.5230200557110656e-21
1576,17,4.605345249176025,2.573613044974923,2.371212825340725,5.838385274995452,5.857324417387462,-7.231789230321112e-05,-7.754762593018485e-05,0.9966485929709235,0.9966626164526019,0.9966485929709235,0.996662616452602,1.3598099923735298e-20,6.241600270169731e-21
1577,17,4.703093528747559,2.6956115408995753,2.562091340389185,5.891200045121928,5.958532654891112,-2.2334868924381913e-05,-6.275991401104445e-05,0.9965946461214648,0.9966027464491863,0.9965946461214648,0.9966027464491864,0.0,3.948081831724995e-21
1578,17,4.710628509521484,2.8412335817256404,2.7493481725574593,6.073366606835199,6.038170635065383,-4.728552771969951e-05,-4.975683406306178e-05,0.9965223068224373,0.9965353873629429,0.9965223068224373,0.996535387362943,0.0,1.6416989790758362e-21
1579,17,4.709993362426758,2.8699929725540025,2.943311264966166,6.068462032525934,6.081955764541376,-4.059664987271624e-05,-3.991195237744147e-05,0.9965144131851764,0.996464928801432,0.9965144131851764,0.9964649288014321,0.0,4.1419107126688007e-22
1580,17,4.571929931640625,3.1175794731356734,3.193083034937085,6.142813471182838,6.0810348212634455,9.679668984528438e-07,-3.009863860639149e-05,0.996327346830677,0.9963947688004214,0.9963273468306769,0.9963947688004215,0.0,3.6654132817649796e-22
1581,17,4.199930191040039,3.1019063850000155,3.522576660755514,6.129261727143366,6.0305275437111225,-6.259412571994215e-05,-1.43606425247795e-05,0.9962988981639096,0.9963388663405667,0.9962988981639097,0.9963388663405668,0.0,1.2671150694125723e-21
1582,17,4.948531150817871,3.901582342171451,3.881207316304036,5.876674981861257,5.956445217079668,-4.829947869817512e-05,2.001291232063102e-05,0.9964658021192634,0.996287080254904,0.9964658021192634,0.9962870802549041,0.0,2.5912377507300306e-21
1583,17,4.825340747833252,4.8527764999955565,4.05282383446333,5.828878037765288,5.9210628872510265,0.0001130793702976599,6.41398221709028e-05,0.9962008294924827,0.9962236653257336,0.9962008294924826,0.9962236653257336,1.3604211876608436e-20,3.0677578909217294e-21
1584,17,4.689774513244629,4.133803389466524,3.8600885956195943,5.916251144410314,5.959539826756926,0.00018677586187247985,8.47190346097452e-05,0.9960114793469358,0.9961903491862412,0.9960114793469358,0.9961903491862412,0.0,1.3309180393660689e-21
1585,17,4.81833028793335,3.0615731854704844,3.4391354969666064,6.003930817012337,6.062986111191404,5.4563656414348725e-05,6.921234688328456e-05,0.996244223245733,0.9962202610436365,0.996244223245733,0.9962202610436365,-6.801809656629722e-21,-5.577848985983949e-22
1586,17,5.362648963928223,2.730586208297666,3.063362963040534,6.29279782532882,6.193227466942553,-1.1897408170259977e-06,4.522645927741753e-05,0.9963426800222093,0.9962816579728443,0.9963426800222093,0.9962816579728444,-2.125355473167674e-22,-6.359417088012838e-22
1587,17,5.319937229156494,2.682086765963793,2.867198591356055,6.373718367258606,6.295458916113453,-1.6265699883489865e-05,4.042374544485378e-05,0.9963542336269882,0.9963403523265931,0.9963542336269882,0.9963403523265932,0.0,7.338904100492454e-22
1588,17,5.123913288116455,2.758369191762707,2.821891770669106,6.325087615430748,6.350227881234129,6.313076078748874e-05,6.0474069373097575e-05,0.9963896460001321,0.9963863012136192,0.9963896460001321,0.9963863012136193,0.0,2.7106744307397382e-21
1589,17,4.850423812866211,2.829838534199402,2.801421800360822,6.345396348552379,6.371168479271456,0.00012048134405175258,8.791629622003809e-05,0.9964446772160754,0.9964197068917686,0.9964446772160754,0.9964197068917687,1.3600882684157274e-20,4.002033097582148e-21
1590,17,4.60031270980835,2.9486627211923144,2.6443255371974463,6.363701485683379,6.367544676338238,0.00010362161413367526,0.00010427581156230969,0.9964911486755818,0.9964453582514152,0.9964911486755819,0.9964453582514153,0.0,3.1662527456146626e-21
1591,17,5.005151271820068,2.8839873481433878,2.2216480316023723,6.368533431891401,6.336859595291233,0.00016779652331539246,0.00010289725254809657,0.9963652808776655,0.9964814616555451,0.9963652808776655,0.9964814616555451,0.0,1.6686142484331077e-21
1592,17,5.114840984344482,1.0804962989943263,1.5768566119002432,6.304645135523001,6.2756945489888105,6.266775402433712e-05,8.551610180740013e-05,0.9965173626562867,0.9965549979874487,0.9965173626562868,0.9965549979874487,0.0,5.254669089100004e-22
1593,17,4.96376371383667,0.4223731693346713,0.9714583068110418,6.241139396047863,6.193967556786659,-6.486981568048302e-06,7.468977891764616e-05,0.9966977500913505,0.9966529111256095,0.9966977500913505,0.9966529111256095,8.498393291011915e-22,-1.708469070484909e-22
1594,17,5.143426418304443,0.5808185304460102,0.5035902862252162,6.006698524139243,6.118660132221499,7.947194379630089e-05,8.354255081057436e-05,0.9968501180377134,0.996742744627303,0.9968501180377134,0.996742744627303,0.0,-5.680397406635611e-22
1595,17,5.243161201477051,0.5943118423611919,0.04052795940248849,6.004291274854931,6.086231309492233,0.00016570286951813032,9.412815803030102e-05,0.9967962415911447,0.9968139652688495,0.9967962415911447,0.9968139652688494,0.0,-4.490812677944602e-22
1596,17,5.5596232414245605,-0.28139020769969025,-0.5244279719410798,6.139856835310553,6.09129594119383,0.0001402369611168485,8.607171639416739e-05,0.9967787864794466,0.9968958375103851,0.9967787864794467,0.9968958375103851,0.0,7.296924408659786e-22
1597,17,5.327741622924805,-1.5793495081814408,-1.0799968645913234,6.23609464525284,6.0945490284165,-9.355406502276155e-06,6.78546715812795e-05,0.9970085257932894,0.9970110532416621,0.9970085257932894,0.9970110532416621,0.0,3.6550630624762436e-21
1598,17,5.453803062438965,-1.808794409878746,-1.42846311397103,6.007846775698128,6.077994944958342,4.846831730947058e-05,6.566814352809145e-05,0.9971982543280523,0.997141351723508,0.9971982543280524,0.9971413517235082,6.795302286806037e-21,8.49551475480228e-21
1599,17,5.272261619567871,-1.468293302321382,-1.554727567768939,6.073484271504918,6.070192893628884,5.3183544711960524e-05,8.237368900511007e-05,0.9973062540474245,0.997262616174411,0.9973062540474245,0.997262616174411,0.0,1.3964387535769217e-20
1600,17,4.849379539489746,-1.0977982692514259,-1.6075842585740057,5.875795899912251,6.088367253943318,0.00025852921977138454,0.00010590444316322032,0.9973444461726108,0.9973735076047121,0.9973444461726108,0.9973735076047121,5.435444979145455e-20,1.6687184796365123e-20
1601,17,5.7162251472473145,-1.9070556751385823,-1.6926756760878456,6.366045862235279,6.12593371114731,3.142733699038292e-05,0.0001263522294478788,0.9974267084233533,0.9974899022703362,0.9974267084233533,0.9974899022703362,0.0,1.1712986528327624e-20
1602,17,5.689846992492676,-2.1164759507518256,-1.7435642961288187,6.307229738201647,6.1203818939468935,2.1513630596741307e-05,0.00017805578152766348,0.9976290010191539,0.9976158127848243,0.9976290010191539,0.9976158127848243,-3.396184138147515e-21,5.3972019329150034e-21
1603,16,5.7095723152160645,-1.5007488737561507,-1.7499119698124141,5.854307271921362,6.084978296309782,0.0003465661891799778,0.00026468647616113134,0.9977857386616729,0.9977328688799136,0.9977857386616727,0.9977328688799136,0.0,2.866510157108017e-21
1604,16,5.395627975463867,-1.7085268030356882,-1.8231835207409814,5.936800350314064,6.096747240958372,0.00042911907457459796,0.0003366109095828214,0.997844974041682,0.9978259600551675,0.997844974041682,0.9978259600551674,0.0,5.145704358504124e-21
1605,16,5.610030174255371,-2.0467716925305277,-2.0190281018610197,6.269857073259206,6.163625230637035,0.0003883876667277861,0.00036410949875822915,0.9978765940713372,0.9978990359645135,0.9978765940713372,0.9978990359645135,0.0,1.1228306146797783e-20
1606,16,5.583137512207031,-2.42919477665265,-2.3392072687646874,6.322025951901728,6.232766546053176,0.00032026868341353807,0.00035533506261378,0.9979929610739466,0.9979644810805709,0.9979929610739466,0.9979644810805709,5.431912923107131e-20,1.7357442693575234e-20
1607,16,5.59044075012207,-2.841635340301429,-2.7920961381738922,6.306077608702444,6.278892744106748,0.00030582793182364483,0.00033070201462674366,0.9980366926819345,0.998031397367528,0.9980366926819345,0.9980313973675281,0.0,1.8747690700901746e-20
1608,16,5.5545830726623535,-2.9086620252897872,-3.4204511950477694,6.278488687838188,6.31527907137565,0.0003035106214201105,0.00029954246746931074,0.998062043407629,0.9981165021458724,0.998062043407629,0.9981165021458726,0.0,1.9887446921414537e-20
1609,16,5.9583516120910645,-3.7875143678862235,-4.249325793798096,6.176114608939735,6.367867134807507,0.0003290297299478278,0.0002609229391824719,0.9981844375690518,0.9982361233690417,0.9981844375690518,0.9982361233690417,5.430870947687471e-20,2.0709716432304222e-20
1610,16,6.099547863006592,-5.945674006219154,-5.111098304948053,6.572163806243785,6.438538476458148,0.0001540720026694643,0.00021838947932197473,0.9983696491587044,0.9983858949187951,0.9983696491587045,0.998385894918795,2.714931722431487e-20,1.5958141338489328e-20
1611,16,5.730741500854492,-6.318426907983614,-5.719959556388724,6.579556697153885,6.477949347788364,0.00015200442683346516,0.0001916975472062475,0.9986133579942116,0.9985402015019417,0.9986133579942116,0.9985402015019417,-2.714269150833322e-20,9.877353391415775e-21
1612,16,5.92225456237793,-5.821879077859447,-6.052402340154815,6.410026831380987,6.470237117299091,0.00017457538705935367,0.000183361631394857,0.9987773947100104,0.9986702877595273,0.9987773947100104,0.9986702877595273,0.0,9.760725993300602e-21
1613,16,6.157106876373291,-5.711496630581666,-6.315900958759709,6.416394655032308,6.43653976297269,0.00027068741815518884,0.0001780645347611932,0.9986126375231604,0.9987770695498879,0.9986126375231605,0.9987770695498879,5.428542218204999e-20,1.1502659816676016e-20
1614,16,6.1966986656188965,-6.721081122982348,-6.648775761987783,6.3665802204718585,6.3859899162165386,0.00014704407455097697,0.0001616545312406733,0.9989235534960041,0.9988875455954193,0.9989235534960043,0.9988875455954193,0.0,8.344085958378266e-21
1615,16,6.16828727722168,-7.187165689733882,-6.996262025781959,6.304379973440406,6.315647685952281,0.00011447699561628227,0.00014593871539733764,0.999055002411036,0.9989903669775392,0.9990550024110361,0.9989903669775392,-1.356534637568729e-20,4.962101650178615e-21
1616,16,6.247852325439453,-6.9725559827502765,-7.294210761941882,6.235734906314097,6.214434555640387,0.00015719692777882844,0.0001429445239960674,0.9990518888906345,0.9990774535912716,0.9990518888906345,0.9990774535912715,0.0,5.361083201904306e-21
1617,16,6.070633411407471,-7.764539850118138,-7.517060432389876,6.190021493174798,6.068037279479156,0.00014451358091831346,0.00015526158075613737,0.9991105196176286,0.9991608371810993,0.9991105196176286,0.9991608371810992,2.712918519015397e-20,6.985791190154154e-21
1618,16,5.989186763763428,-7.971462829770826,-7.576647003660138,5.889867228847881,5.876820144175664,0.0001772264035143886,0.00018655044499934473,0.9992585924805953,0.9992459961076499,0.9992585924805953,0.9992459961076497,0.0,5.822230208101972e-21
1619,16,6.444886684417725,-7.597338549410036,-7.46550226638536,5.719797448322695,5.68049518305358,0.00017268454542005161,0.00023758181987595326,0.9993934241849342,0.9993222969118879,0.9993934241849342,0.9993222969118878,0.0,3.0893401554166265e-21
1620,16,6.021056652069092,-6.81749297877239,-7.324304188030622,5.452143418144179,5.53479981254344,0.0003208830644964766,0.0003007460225437723,0.9993514301526929,0.9993843324381672,0.9993514301526929,0.999384332438167,0.0,-4.689583985190344e-22
1621,16,5.853357791900635,-6.953271029076636,-7.323848483778717,5.27452270450048,5.501686525888828,0.00042746829968766723,0.00035029171503202705,0.9994191989591814,0.9994459392757374,0.9994191989591814,0.9994459392757374,0.0,-5.417629229144529e-21
1622,16,6.0948686599731445,-7.667587698624666,-7.4626537952207865,5.618180612615101,5.6035066876841,0.0003865423032449131,0.0003677518848652704,0.9994547978409711,0.9995141332149886,0.9994547978409711,0.9995141332149886,0.0,-1.1989204449117657e-20
1623,16,6.000350475311279,-8.02019312473071,-7.602452234502971,5.8136854188961635,5.787675599202212,0.00032568888610518313,0.00036130521917445893,0.9996734950729889,0.9995807622734929,0.9996734950729889,0.9995807622734928,-5.422781427281634e-20,-1.7814694793166498e-20
1624,16,6.261635780334473,-7.498203304726087,-7.669847992327453,6.076979917017213,5.990549725849826,0.00035026116763404357,0.0003480100341905881,0.9996074249744911,0.9996248009399265,0.999607424974491,0.9996248009399265,0.0,-1.926307896354082e-20
1625,16,6.212952136993408,-7.733302631812178,-7.720833817741489,6.249305847263267,6.163887686302141,0.0002835689732865746,0.000335702240536751,0.9996343539557072,0.9996475986910838,0.9996343539557072,0.9996475986910838,0.0,-2.1417383950800723e-20
1626,16,6.0717926025390625,-7.733024934681696,-7.793091253969901,6.244058985303762,6.293418954050283,0.00035265377391569973,0.000326302815783191,0.9996777391571082,0.9996513960729059,0.9996777391571082,0.9996513960729059,-5.422758405121956e-20,-2.4812832059007068e-20
1627,16,5.944462299346924,-7.743292998741501,-7.910760070323163,6.320766279641982,6.393004774233677,0.00033513958804797206,0.0003083574464461678,0.9996684960703643,0.99963518535138,0.9996684960703643,0.99963518535138,0.0,-2.4393651864262028e-20
1628,16,6.050837516784668,-7.840752241611604,-8.068041539363923,6.407452197140712,6.462483186320154,0.0003334067863683795,0.0002765139578030104,0.9996133977024613,0.9996074517701935,0.9996133977024612,0.9996074517701934,-5.423107448226807e-20,-2.051776526135067e-20
1629,16,6.112240791320801,-8.348566581660519,-8.1864107701702,6.675322112812278,6.471801234575099,0.0002012561133480331,0.00023986384847581683,0.9994663198279368,0.9995892669763922,0.9994663198279368,0.999589266976392,0.0,-1.0870658685428627e-20
1630,16,6.133265495300293,-8.712359726731423,-8.118121506575475,6.545936013964141,6.384067919891667,0.00015452265456729512,0.00022382094472294875,0.9995857834761537,0.9995968025908065,0.9995857834761537,0.9995968025908064,0.0,-6.439722322592468e-22
1631,16,5.880497455596924,-7.960765562387754,-7.791530370241115,6.078666469017918,6.231512709261844,0.0002129356253956232,0.0002413009498306439,0.999717384092216,0.9996089182147381,0.999717384092216,0.999608918214738,2.7112716797207743e-20,5.739310685704554e-21
1632,16,5.949081897735596,-6.929321896706722,-7.33833571155477,6.01861312864534,6.098479613335182,0.0003186254885367934,0.00027936593250515676,0.9995619459228828,0.9996002457350437,0.9995619459228828,0.9996002457350436,0.0,6.503307601593257e-21
1633,16,5.8623833656311035,-6.768102749484177,-6.955498801599798,5.997955112796847,6.028522239123685,0.000328002494818001,0.0003141797924942261,0.9995658436762414,0.9995749153272062,0.9995658436762412,0.9995749153272061,0.0,5.975383913752126e-21
1634,16,5.841920852661133,-6.735984137005101,-6.713960338174502,6.023314188466543,6.0268064768058585,0.000328255457847967,0.0003327543504929739,0.9995533054939951,0.9995330032974298,0.9995533054939951,0.9995330032974297,0.0,7.680696066440517e-21
1635,16,5.827038764953613,-6.627578802196971,-6.597680815082399,6.0454997464960405,6.082764241988362,0.00035237413048460736,0.00032898860172670525,0.9994930057286238,0.9994704451022687,0.9994930057286238,0.9994704451022686,0.0,1.2224477504280612e-20
1636,16,5.770320415496826,-6.497380380431393,-6.585314043740354,6.161374398944105,6.179539465965095,0.00034385707047300486,0.0002982589615738424,0.9993735698027567,0.9993904596032194,0.9993735698027568,0.9993904596032193,5.424408875949611e-20,1.645062205297867e-20
1637,16,5.440767288208008,-6.673205119839611,-6.659610099077589,6.34815692673985,6.287128624154783,0.00022887535333857915,0.00024632381827505064,0.9993351201780045,0.9993034662551392,0.9993351201780044,0.9993034662551391,0.0,1.5772295653898143e-20
1638,16,5.589562892913818,-6.820705785891769,-6.779493788453989,6.435127286414467,6.371900650580455,0.0001559590339601461,0.00019346126858686767,0.99916726135903,0.9992189165314322,0.9991672613590299,0.9992189165314321,0.0,1.5099792708601742e-20
1639,16,5.795873641967773,-6.900257229657975,-6.904659198725847,6.4221897611704035,6.423236481006739,0.00014438631924648044,0.0001549687882104293,0.9991320869321835,0.9991509816865065,0.9991320869321835,0.9991509816865065,2.7128599578223114e-20,1.6054137062852918e-20
1640,16,6.005352020263672,-7.073316952139278,-7.008501842241288,6.431956272864708,6.455178197574675,0.00013648516763803281,0.00013214531270606652,0.9991226869822314,0.9990986545108014,0.9991226869822314,0.9990986545108014,2.712885480961924e-20,1.510686761151156e-20
1641,16,6.03986120223999,-7.110033794595054,-7.071210290443735,6.457584192674121,6.484654670433493,0.00013809757846417178,0.00012040353863255949,0.9990893045968696,0.999052855273382,0.9990893045968697,0.999052855273382,0.0,1.1872919565949549e-20
1642,16,5.959478855133057,-7.03032886791644,-7.095217589163588,6.572442347771503,6.519427951333517,0.000106407056979303,0.000116992219141251,0.9989939306740422,0.9990130863640575,0.9989939306740421,0.9990130863640574,0.0,9.569559073321146e-21
1643,16,5.95059871673584,-6.996794208231366,-7.0946672044243355,6.547687604870798,6.56135129577939,0.00012624759409249928,0.0001240320906445544,0.9989915065495153,0.9989902318783385,0.9989915065495153,0.9989902318783384,2.713241717715659e-20,8.008133981910083e-21
1644,16,5.7257819175720215,-7.0608359847324405,-7.059432518131295,6.579593516624363,6.625328110751031,0.0001398024331980945,0.0001419278524369454,0.9989546307971816,0.9989921968805439,0.9989546307971816,0.9989921968805437,0.0,4.646371424259105e-21
1645,16,5.678905963897705,-7.07881851116455,-6.944745046261877,6.745794848182862,6.722581926419489,0.0001527645389841943,0.00017078853448895175,0.9989697919824662,0.9990228996001476,0.9989697919824663,0.9990228996001476,0.0,1.6784290279522592e-21
1646,16,6.205501556396484,-7.039275978637466,-6.709274685185953,6.832709018357006,6.85089855711285,0.0002076433149019956,0.00020882602458551815,0.9991089624479871,0.9990705438522081,0.9991089624479871,0.999070543852208,0.0,1.180545130382313e-21
1647,16,6.312987327575684,-6.465146670209299,-6.378211668656668,7.03437109478807,7.01039766529725,0.00021355369254744063,0.0002483766296770042,0.9991584605005717,0.9991067122177947,0.9991584605005716,0.9991067122177946,-2.712788349763676e-20,4.256578577694605e-21
1648,16,6.00033712387085,-5.851144126394203,-6.091975393146377,7.137083613348495,7.199358096423031,0.0003047711559817667,0.0002774472685221343,0.9991610355530613,0.9991141170934861,0.9991610355530612,0.9991141170934861,5.425562716651429e-20,9.21024478505458e-21
1649,16,5.529531955718994,-5.399531184741771,-6.022989189049617,7.316596080202963,7.417062020405402,0.00034122222617385603,0.00027574344217653904,0.9990878859844409,0.9990971753148,0.9990878859844409,0.9990971753148,0.0,8.403339660594706e-21
1650,16,5.740550518035889,-5.8295660632439095,-6.227777913968792,7.603875666091135,7.637733685022102,0.0002950288880704219,0.00023386167004870755,0.9990030355379543,0.9990776213057659,0.9990030355379543,0.9990776213057659,0.0,4.878706623875304e-21
1651,16,5.831272602081299,-7.22880932312441,-6.516631310682117,7.981089530159493,7.796489861278441,0.00012937633190494437,0.0001699137483007793,0.9990264735448434,0.9990720256336783,0.9990264735448434,0.9990720256336783,0.0,2.0599633230818657e-21
1652,16,5.941339015960693,-7.406793066427463,-6.5818233590153294,8.03219037449504,7.824207510710312,1.817803184821682e-05,0.00012304391979888805,0.9991276533812176,0.9990695797273438,0.9991276533812176,0.9990695797273438,-3.3910899949082464e-21,1.0345051353450606e-21
1653,16,5.957712650299072,-6.131023748726971,-6.366815151269982,7.710640708888403,7.721806006002254,6.406210045679422e-05,0.00011667154033635673,0.9991386985937695,0.9990440957209098,0.9991386985937695,0.9990440957209098,0.0,1.5400071815772944e-21
1654,16,6.061254501342773,-5.451165459788517,-6.103418650166247,7.360743656870466,7.566963953658515,0.00022653333453898393,0.0001351239481485465,0.9989786642916729,0.9989907845610946,0.9989786642916729,0.9989907845610946,2.7132765974893453e-20,1.689268046890483e-21
1655,16,6.039659023284912,-5.933590967706145,-5.9653392277584345,7.418420789442393,7.434256727540755,0.00019581503081249254,0.00014561579392361314,0.9988364355076154,0.9989371683306781,0.9988364355076154,0.9989371683306781,-2.713662953070253e-20,7.08209694814671e-22
1656,16,5.66983699798584,-6.19529277331433,-5.909137328224568,7.385461583284708,7.333991572032933,0.00010370975484550249,0.00014273185594331904,0.9988769295814238,0.9989066995141153,0.9988769295814238,0.9989066995141153,0.0,3.2782115244071336e-21
1657,16,5.9059672355651855,-6.1402887377004225,-5.854910000374717,7.228929332122688,7.26015048476286,8.414305008562495e-05,0.00014008083091530702,0.9989954651652873,0.9988891430354648,0.9989954651652871,0.9988891430354648,1.3566154831169825e-20,7.326997226523598e-21
1658,16,5.806227684020996,-5.399460179062594,-5.83150647124401,7.1675049606008265,7.219200359401313,0.0001846758181830527,0.00013860638652037996,0.9988494730618336,0.9988654855755732,0.9988494730618336,0.9988654855755732,2.713627532790386e-20,8.131578394364891e-21
1659,16,5.77756404876709,-5.517925354698592,-5.944058543333059,7.156874998671673,7.20809152980064,0.00019736155118344698,0.00012265399856256268,0.9988242968361155,0.9988456679022271,0.9988242968361156,0.9988456679022272,0.0,4.086544804439313e-21
1660,16,5.978618621826172,-6.335250591509399,-6.153300752356606,7.242364981275238,7.201481971199073,7.232691943298225e-05,9.227907637234875e-05,0.9987929256044831,0.9988411674429724,0.9987929256044831,0.9988411674429724,-1.3568905834877267e-20,-3.9025197447567754e-22
1661,16,5.976089954376221,-6.637797736675914,-6.268696216895994,7.244588917323994,7.157310889739694,2.2194088971700668e-05,7.267635092906343e-05,0.9988820074462241,0.9988519532022359,0.9988820074462241,0.9988519532022357,-3.391923934719192e-21,-1.680284666347705e-21
1662,16,5.848668098449707,-6.483353396351232,-6.150100199594687,7.121506286637052,7.048613134380845,4.72709993686406e-05,8.491728487589836e-05,0.9988461522698051,0.9988639661980714,0.9988461522698051,0.9988639661980713,0.0,-6.15675370782693e-22
1663,16,5.812645435333252,-6.077143471352484,-5.808979410435653,6.999501430060007,6.883657141824337,5.718990307552506e-05,0.00013032160388442413,0.998907737321346,0.998867248656929,0.998907737321346,0.998867248656929,6.783673131019603e-21,4.973531341076259e-22
1664,16,5.719951629638672,-4.929702893293182,-5.407930069480841,6.484967584197016,6.708673056220677,0.00027021325028515555,0.00018916726687746686,0.998864338716832,0.9988517724620563,0.9988643387168321,0.9988517724620563,0.0,-1.0377225900721908e-22
1665,16,5.745730876922607,-4.816762817303638,-5.180664687867089,6.498132918222802,6.593822397480825,0.0002816896800192039,0.00022259168231363862,0.9988278380833994,0.998819599469094,0.9988278380833995,0.998819599469094,0.0,-2.1882592986149957e-21
1666,16,5.821836471557617,-4.912805141846138,-5.204714260816344,6.534067923037989,6.541246809112481,0.0002525736612570394,0.00021586735054071837,0.9987653380005188,0.9987804565005338,0.9987653380005188,0.9987804565005338,0.0,-4.8389152293604655e-21
1667,16,5.924768447875977,-5.788245472602023,-5.385122875535047,6.629033780444338,6.5054789152008725,0.0001542564513747386,0.0001817175422805433,0.9987257065413611,0.9987464373586137,0.9987257065413611,0.9987464373586137,-2.713963817553452e-20,-6.079249634888051e-21
1668,16,5.679409027099609,-5.760560635621724,-5.539570473608761,6.456166179835726,6.44085162761903,0.00011422182228429589,0.00014665828151196335,0.9987021049959636,0.9987240351971802,0.9987021049959636,0.9987240351971801,1.3570139772683847e-20,-3.8799391636928676e-21
1669,16,5.600955486297607,-5.793354971458629,-5.603560611358038,6.399139442539229,6.34005968660546,7.706518143495841e-05,0.0001291192362011551,0.9987025220520286,0.9987105397736626,0.9987025220520287,0.9987105397736626,-1.3570134105822123e-20,-9.078220165561726e-22
1670,16,5.630350112915039,-5.470546440569354,-5.627200841623334,6.1161996395238045,6.214644281033762,0.0001551566919327272,0.00013122876246878713,0.9987465250324181,0.9986941884110234,0.9987465250324181,0.9986941884110234,0.0,3.011657316821139e-21
1671,16,5.559353351593018,-5.424478198673826,-5.72517819832042,6.149565947478963,6.088187893328218,0.00014576041740553035,0.00013810929344212772,0.9987025569873936,0.9986630889463521,0.9987025569873935,0.9986630889463521,2.7140267262257297e-20,5.2006328171390016e-21
1672,16,5.992641448974609,-5.746582914149176,-5.954305074222586,5.985077279246195,5.962908773008401,0.0001845287196150163,0.00013889496807610978,0.9985559289831806,0.9986242267898395,0.9985559289831806,0.9986242267898395,0.0,2.7726608326471446e-21
1673,16,5.965320110321045,-6.570062822907863,-6.248559412637631,5.8300444445594275,5.854347983786833,0.00011172281236781135,0.00013046876829157637,0.9985977276046597,0.9985959475637279,0.9985977276046597,0.9985959475637279,-1.3571558177462816e-20,-6.879046491278471e-22
1674,16,5.7545084953308105,-6.557000998636198,-6.4796251950963235,5.793034669270885,5.787764241721028,0.00010881163326195068,0.0001227411863583257,0.9985905619962286,0.998579114199097,0.9985905619962288,0.998579114199097,0.0,-1.6888481594035433e-21
1675,16,5.5667195320129395,-6.490370937886527,-6.607228090309303,5.729734082780941,5.783112905646124,0.00012825584303062385,0.0001223032274615006,0.9985781853378257,0.9985708357473188,0.9985781853378257,0.9985708357473188,0.0,-7.370208764239391e-22
1676,16,5.738626480102539,-6.664138553316743,-6.6303175434465,5.757596422082458,5.855929522427145,0.00013858694233156684,0.0001304727469717911,0.9985468006775949,0.9985724828199614,0.9985468006775949,0.9985724828199615,0.0,1.2622153000771126e-21
1677,16,5.873936176300049,-6.715169873144035,-6.519642591923419,6.077425472570713,5.9977117550737855,0.00011816889277865314,0.00014999347060490974,0.998556144710992,0.9985866361929022,0.998556144710992,0.9985866361929023,0.0,3.6686237775471784e-21
1678,16,6.000453472137451,-6.542781125399767,-6.262231663114276,6.275443744395697,6.171351091309475,0.00014367077521131562,0.0001841561149922252,0.9986174919836851,0.9986061489170698,0.9986174919836851,0.9986061489170699,0.0,5.2271176235943356e-21
1679,16,6.3326287269592285,-5.800147704667445,-5.928966965402958,6.31368706769382,6.3644474996044105,0.0002517201706193223,0.00022405220761042056,0.9986941434243135,0.9986133918383103,0.9986941434243136,0.9986133918383103,5.42809918143708e-20,3.0633826993522073e-21
1680,16,6.217328071594238,-5.413069144435289,-5.6813154174213905,6.5279484906463665,6.598541612127477,0.00030769894549937543,0.0002480938425590204,0.9985796576333059,0.998597791509043,0.9985796576333059,0.9985977915090429,-5.428721505578879e-20,-3.787895899046568e-21
1681,16,6.048855781555176,-5.4813192204153225,-5.644064638012615,6.915823924054719,6.882844543970395,0.00021843755651595326,0.0002442185159436298,0.9985514575237752,0.9985720960420468,0.998551457523775,0.9985720960420468,0.0,-5.344781583742544e-21
1682,16,6.004483222961426,-5.471658513369746,-5.840348119530312,7.047608607453602,7.204297092562694,0.00025297795125370367,0.00021820366160845545,0.9985668037395807,0.9985480486734479,0.9985668037395807,0.9985480486734479,0.0,-2.481981594259966e-21
1683,16,6.111438274383545,-6.08740589723221,-6.196229210993067,7.592402425832305,7.542669712070241,0.00019256411052454472,0.00017511235085815554,0.9984469020356446,0.998531230692382,0.9984469020356446,0.998531230692382,0.0,1.9693247222355814e-21
1684,16,6.0211710929870605,-7.095015246543985,-6.505522526293867,7.953348583071577,7.836450806255616,0.0001065219443534532,0.00012991518305473975,0.9985550292632027,0.9985250176787916,0.9985550292632026,0.9985250176787915,1.3572138499035673e-20,6.186169446341974e-21
1685,16,5.9070916175842285,-7.073897569363681,-6.546021280671841,8.108681620300478,8.03604129393898,5.036778751232116e-05,0.00010369106241136394,0.9985587490310339,0.9985111433406171,0.998558749031034,0.9985111433406171,6.786043970482306e-21,8.501118543286178e-21
1686,16,6.078456878662109,-6.445178713799505,-6.306173119775505,8.169509682057814,8.136522468081843,7.294316898506721e-05,0.0001076709947381398,0.9985085995268577,0.9984777330192418,0.9985085995268576,0.9984777330192418,0.0,9.203926978245299e-21
1687,16,6.184804916381836,-5.305065710124228,-5.9909189778153324,8.11068781053502,8.166518919587833,0.00015112725825417752,0.00013239543381718822,0.9984214972698783,0.9984320645056646,0.9984214972698783,0.9984320645056646,2.714790735801934e-20,7.925756399036198e-21
1688,16,5.937614917755127,-5.280205282100168,-5.836237551696322,8.140051099882413,8.165978985470344,0.00020931799217605558,0.0001552641414439592,0.9983126210811175,0.9983935653045856,0.9983126210811174,0.9983935653045855,0.0,2.828470459034551e-21
1689,16,6.221424102783203,-6.116222989844855,-5.841414783074237,8.11547484104734,8.158689695845206,0.00018278576484882477,0.00016077481825030595,0.9983749612857854,0.9983746617284622,0.9983749612857854,0.998374661728462,0.0,-3.0958869129132517e-21
1690,16,6.107831954956055,-6.165336254190736,-5.805428302170611,8.149617657863178,8.153148351916574,0.00016396306523370187,0.00015294507891194507,0.9983781731440989,0.9983623294100108,0.9983781731440989,0.9983623294100107,-2.714908542799789e-20,-6.052693069391924e-21
1691,16,5.822444915771484,-6.026180046870746,-5.593699340404132,8.207033110981405,8.142747771510047,5.896474577555321e-05,0.00014729267388561445,0.998420118384869,0.9983386524486838,0.9984201183848689,0.9983386524486837,0.0,-3.1265000260370355e-21
1692,16,6.091681957244873,-5.002604476391957,-5.2335627767515716,8.127489484750859,8.12155444133106,0.00015732503509312954,0.00015748259155357554,0.9982786797186707,0.9982967720489214,0.9982786797186707,0.9982967720489212,0.0,2.7292654983814678e-21
1693,16,5.753698825836182,-4.5190596323836685,-4.895232269022127,8.04927266732292,8.103617550773967,0.0002151572570077996,0.00017078861583980797,0.9982227606705767,0.9982547520863749,0.9982227606705767,0.9982547520863748,2.7153312246586355e-20,7.733878473812333e-21
1694,16,5.728273868560791,-4.528402630986922,-4.683577793380363,8.059665280745493,8.105512549467212,0.00021022102349138504,0.00017107264478806835,0.9982214599800536,0.9982290066732378,0.9982214599800536,0.9982290066732378,0.0,9.030485721321244e-21
1695,16,5.7064337730407715,-4.718657836424594,-4.557473552333621,8.172150447740457,8.123860810143489,0.00014325605591200267,0.00015897367714066984,0.9981792192567713,0.998224089057108,0.9981792192567714,0.998224089057108,0.0,8.8735514869898e-21
1696,16,5.485653400421143,-4.770794826566234,-4.410995815488053,8.161797860207212,8.140590897466195,0.00010353411693894896,0.00014950403705256285,0.9982620094179689,0.9982362395368645,0.9982620094179689,0.9982362395368645,1.357612232881679e-20,7.526975371635354e-21
1697,16,5.753903388977051,-4.118757590225655,-4.204877012930437,8.118612309899062,8.150780965057148,0.00015374841989650626,0.00015217735057115422,0.9982717666533888,0.9982491944751182,0.9982717666533888,0.9982491944751183,2.71519792681353e-20,2.2721576118642667e-21
1698,16,5.947622776031494,-3.8741262665616936,-4.0199066491924125,8.192947138044616,8.157504204802084,0.00016848551830313848,0.0001608167258919802,0.9982685922278222,0.9982531268420204,0.9982685922278222,0.9982531268420205,-2.715206560956469e-20,-6.452554908964954e-21
1699,16,5.924198150634766,-3.8251723946812124,-3.927630339856021,8.172335178355535,8.1582477269107,0.0001913103701513973,0.00016666889794213539,0.9982339167009487,0.9982484269874321,0.9982339167009487,0.9982484269874322,-2.7153008787476165e-20,-1.1595798080125351e-20
1700,16,5.483500003814697,-4.187302672703575,-3.940683943132636,8.19324165755975,8.159880866374131,0.00015063549507312901,0.00016531972299427624,0.9982190580859481,0.9982408385492232,0.9982190580859481,0.9982408385492233,0.0,-1.1673117698305026e-20
1701,16,5.7032060623168945,-3.8916096601796983,-4.048888792122659,8.141765183937405,8.178921184422776,0.00015118225146656483,0.00015929713692593644,0.9982532229963936,0.9982311246417944,0.9982532229963936,0.9982311246417944,0.0,-1.0600177363054606e-20
1702,16,5.693553924560547,-3.869954559433836,-4.300291438876855,8.072960343953365,8.240659882007034,0.00017926693167672058,0.00014771716853112564,0.9982514341797862,0.9982137466816009,0.9982514341797862,0.9982137466816009,-2.7152532302053234e-20,-8.949781753441207e-21
1703,16,6.131786346435547,-4.814691710306253,-4.680037119465582,8.390665255602954,8.348408998003416,0.000145110276447198,0.0001284618361515883,0.998108841138455,0.9981912514217335,0.998108841138455,0.9981912514217334,0.0,-4.486569043514138e-21
1704,16,5.896633625030518,-5.642503408769112,-5.0370631006694815,8.577919784478244,8.45351318126523,5.4175460425716015e-05,0.00010985880824946756,0.9981835414706387,0.9981734672642221,0.9981835414706387,0.998173467264222,0.0,5.152981893483219e-22
1705,16,5.813755035400391,-5.3718073655073475,-5.2734970727774515,8.510561885498172,8.516447504245228,8.842555656993868e-05,0.00010342572264627915,0.9982113349036468,0.9981492127610528,0.9982113349036468,0.9981492127610527,1.3576811524963274e-20,3.670110763221104e-21
1706,16,5.948276519775391,-4.966307558714857,-5.494427525118634,8.557558637690297,8.538475045576607,0.00012280978847854822,0.00010373122209617754,0.9981166086687528,0.998108998017218,0.9981166086687528,0.9981089980172179,0.0,3.5343087613079455e-21
1707,16,6.5115437507629395,-5.330026826862226,-5.841344157488966,8.55085226231819,8.530016473289969,0.00016004286622800976,9.791287772830294e-05,0.9979891929445114,0.998063833279875,0.9979891929445114,0.9980638332798749,0.0,1.4095301615348964e-21
1708,16,6.197873592376709,-6.696606695149244,-6.265272437605517,8.43757111516291,8.508366426800537,7.000025646274086e-05,8.227748968571147e-05,0.9980091889416666,0.9980264138419849,0.9980091889416666,0.9980264138419849,0.0,-1.8183108609883205e-21
1709,16,5.727776050567627,-7.257753596304281,-6.560623726991373,8.501795395752918,8.493047918010395,2.4674335212087032e-05,7.17196677853084e-05,0.9980339563371056,0.9979870459077258,0.9980339563371057,0.9979870459077259,-3.3948061260881515e-21,-5.806427546206325e-21
1710,16,5.750013828277588,-6.497266320536189,-6.667442475923537,8.505585920616547,8.48466288649577,5.172851265026639e-05,7.83320147766632e-05,0.9979879643970717,0.9979291200315608,0.9979879643970717,0.9979291200315608,-6.789925149175762e-21,-9.584864713695755e-21
1711,16,5.751392364501953,-5.96913283043939,-6.761269900282168,8.481982461816838,8.482873264119403,0.0001401431682091105,9.661801738097673e-05,0.9978406207403536,0.9978538729105868,0.9978406207403537,0.9978538729105868,-2.716371106642948e-20,-1.1082459335040675e-20
1712,16,6.208599090576172,-7.179294918912801,-6.957645352766908,8.516131662133738,8.494437065659465,0.00013287646804521536,0.00011255405061788626,0.9976907422902083,0.9977833979176176,0.9976907422902083,0.9977833979176176,0.0,-8.420488074231093e-21
1713,16,6.285745143890381,-7.495491576072501,-7.129908205689221,8.531871272466141,8.529073723444089,0.00010346183386149058,0.00012505925242760267,0.9977307507328312,0.9977333391607995,0.9977307507328312,0.9977333391607995,-1.3583351165747372e-20,-3.8607594383516536e-21
1714,16,6.187767505645752,-7.517156313894478,-7.183116860354975,8.548841961747087,8.60310489362915,9.589029858380156e-05,0.00014088237892030529,0.9977359381889632,0.9976905142660674,0.9977359381889632,0.9976905142660674,1.358328054281439e-20,8.782744273967021e-22
1715,16,5.793501853942871,-6.741742935811492,-7.1719919852538565,8.689824684556672,8.731247215244451,0.00017814842184224103,0.0001585350674722837,0.9976703324725671,0.9976374622363403,0.9976703324725672,0.9976374622363404,0.0,2.7752889095751318e-21
1716,16,6.084107398986816,-6.666654248019511,-7.2448019381549615,8.786970517841084,8.90902955205724,0.0002553677343689202,0.00016301506888732106,0.9975527406984395,0.997572626722029,0.9975527406984395,0.997572626722029,0.0,1.6674686870009675e-21
1717,16,6.513035774230957,-7.898683363491463,-7.398353450983192,9.297287256062981,9.105950962591123,0.00010227044889319216,0.0001489720799704108,0.9974680975643295,0.9975064944441276,0.9974680975643295,0.9975064944441278,1.3586927931993097e-20,-2.6424809330725003e-21
1718,16,6.504439353942871,-8.055867788024937,-7.4584715314717265,9.310379178799975,9.265451453652782,8.445970986337746e-05,0.0001369890530413279,0.9974900999662825,0.9974433129574662,0.9974900999662826,0.9974433129574664,-1.3586628234733268e-20,-9.889646682182654e-21
1719,16,6.189369201660156,-7.243724944623297,-7.396208401352741,9.371829183564227,9.38062717772227,0.00012900436525946186,0.00013721805705080165,0.9973942231913895,0.9973780791661877,0.9973942231913894,0.9973780791661877,-2.717586856018559e-20,-1.5488929444691948e-20
1720,16,6.30064582824707,-6.862925286632405,-7.381230945973046,9.399648432432008,9.470872950422265,0.00018204303764376514,0.00014053702318627157,0.9972935724402746,0.9973178066268691,0.9972935724402746,0.9973178066268691,-2.7178611254672316e-20,-1.5623299859302804e-20
1721,16,6.65894889831543,-7.305986393966717,-7.542800937541599,9.587858810310484,9.550958245998576,0.00014879833622311088,0.0001346230078182622,0.9972361100404861,0.997275935920505,0.9972361100404861,0.997275935920505,0.0,-1.1086474947131126e-20
1722,16,6.446197509765625,-8.103149416544879,-7.8285663437956625,9.621323320037504,9.616585603577148,0.00011519057779262833,0.00011982917260397363,0.9972724070581145,0.9972570892248185,0.9972724070581145,0.9972570892248185,0.0,-6.165090150814184e-21
1723,16,6.6920084953308105,-8.375808149581053,-8.09994222090949,9.684987014197096,9.669130529622793,9.124411628831009e-05,0.0001033066494865022,0.9972684273554554,0.997253784738832,0.9972684273554554,0.997253784738832,-1.358964826752536e-20,-2.367540725867309e-21
1724,16,6.650092601776123,-8.44022893159901,-8.30129677769403,9.745986904880445,9.715135058627235,7.519664804838767e-05,9.100559890344691e-05,0.9972546307720093,0.9972612049938787,0.9972546307720092,0.9972612049938787,1.358983627438995e-20,5.909949807978304e-22
1725,16,6.491931915283203,-8.280124195842156,-8.485995233049577,9.750273519093142,9.768241721201017,6.0679832950347544e-05,8.394920262372225e-05,0.9972976301663252,0.9972793705845078,0.9972976301663251,0.9972793705845078,0.0,1.1665374198615981e-21
1726,16,6.629937171936035,-8.144810824535586,-8.752075117490087,9.632579093793762,9.850782499175747,0.00017460326818458382,7.60636616553674e-05,0.9973174470663746,0.9973087899780665,0.9973174470663745,0.9973087899780664,0.0,6.608976732655476e-22
1727,16,6.703451156616211,-9.403379905316287,-9.103964918626623,10.045350969078614,9.966381374152611,4.479648789806845e-05,6.0456505865148624e-05,0.9973067830184746,0.9973554356025042,0.9973067830184748,0.9973554356025042,-6.79456280997627e-21,9.223392479267015e-22
1728,16,6.777095794677734,-9.997246025078523,-9.377807605994947,10.29550164049054,10.060221876059785,-2.0645653909342957e-05,5.5773730905473565e-05,0.9974170301629097,0.997425620381217,0.9974170301629096,0.9974256203812171,3.396905894482083e-21,2.9723685186225695e-21
1729,16,6.58546781539917,-9.563606056026634,-9.495723555735745,10.148451849565214,10.101099650028608,6.168414077514079e-06,7.783899641261206e-05,0.99755113851675,0.997511755042194,0.9975511385167501,0.997511755042194,8.491123056746204e-22,5.608141356168691e-21
1730,16,7.051914215087891,-9.014552525312936,-9.582244062008206,9.937444119691992,10.13376357855357,0.0002277135961965356,0.00011445681068127072,0.9976065553386573,0.9976031726680303,0.9976065553386573,0.9976031726680303,2.717008440560644e-20,6.852206485133657e-21
1731,16,7.2081427574157715,-9.597853447862944,-9.786055387893756,10.148796027380282,10.219707730623194,0.00016041517178695322,0.00013517962612187925,0.9976518035038567,0.9977002033655014,0.9976518035038567,0.9977002033655015,0.0,4.795803150412022e-21
1732,16,6.959985256195068,-10.507329323335158,-10.089927888837769,10.432621825645585,10.364372444233474,9.322886991836366e-05,0.00013761895232727064,0.9978159718386704,0.9978036368263906,0.9978159718386705,0.9978036368263907,-1.3582191043801023e-20,2.5081512885442277e-21
1733,16,6.7747063636779785,-10.422275743294906,-10.414688075194743,10.492989497653767,10.544845742961382,0.00011890591120491663,0.00013108529007553246,0.9979323773314406,0.9979020646322474,0.9979323773314407,0.9979020646322475,1.3580606726389077e-20,2.0266519464472742e-21
1734,16,7.423304557800293,-10.420193091604311,-10.785714229088875,10.717342123902606,10.748779509022294,0.00016616236251647279,0.000113320332046384,0.9980108567862099,0.9979863646668939,0.99801085678621,0.997986364666894,0.0,1.3727886485643258e-21
1735,16,7.147441864013672,-10.95710865423746,-11.235085633374622,10.963535087677634,10.951736902505612,0.00010560320744991366,7.906302743039597e-05,0.9979999224930084,0.998058552608216,0.9979999224930084,0.9980585526082161,0.0,6.33703072526074e-22
1736,16,7.234440803527832,-11.937069694447919,-11.677472376131274,11.223801543773364,11.117914477863478,1.0900705342537484e-05,3.829619501767944e-05,0.9981546817401946,0.9981253707119824,0.9981546817401947,0.9981253707119825,0.0,3.032111078413704e-22
1737,16,7.117892265319824,-12.028520501999544,-11.943913120617196,11.242639839865255,11.21989988768479,-4.448904167149494e-06,1.0020651483642399e-05,0.9981694522719675,0.998181040283618,0.9981694522719675,0.998181040283618,0.0,5.866822652909e-22
1738,16,6.950130462646484,-12.302341872151837,-11.923290575378623,11.256369684029266,11.261699541917627,-3.22117135205049e-05,6.556740033030138e-06,0.9982151484007779,0.9982229713014282,0.9982151484007777,0.9982229713014282,0.0,1.5220390665735445e-21
1739,16,6.668595314025879,-11.988391894597768,-11.572260326933337,11.256813271164459,11.260495956069647,-3.2491724043201344e-06,3.1626040547654595e-05,0.998280624717851,0.998246828260937,0.9982806247178511,0.998246828260937,4.242459115610409e-22,2.857407721590772e-21
1740,16,7.12744665145874,-10.610164895366456,-10.989445616326833,11.190702920134735,11.23328616145961,0.00010261991314978666,7.457879209701824e-05,0.9982746464537845,0.9982477039753129,0.9982746464537844,0.9982477039753128,1.357595047035608e-20,3.699123961719823e-21
1741,16,6.9182915687561035,-9.824605459493739,-10.393172374648758,11.155729710709574,11.19269405429786,0.0001492966973324237,0.00011398354983478969,0.9982155447291757,0.9982316981685493,0.9982155447291757,0.9982316981685492,0.0,3.0316721941405036e-21
1742,16,6.681912422180176,-10.045311621715614,-9.88678638234029,11.149006437102598,11.136708584750282,0.0001569038765375965,0.00013614255937134342,0.9981887608131143,0.9982136476546037,0.998188760813114,0.9982136476546036,0.0,2.1827506913556732e-21
1743,16,6.599244117736816,-10.11577187305856,-9.398952698461926,11.220286722054949,11.050865837137547,9.091515495196705e-05,0.00014070947391978927,0.998181614294059,0.9982039284134407,0.998181614294059,0.9982039284134407,0.0,2.1542239006790137e-21
1744,16,6.737490177154541,-8.408525598286879,-8.915486986775058,10.771909670952635,10.933844262700427,0.00020304507587890202,0.00013217691929468098,0.9982602973686245,0.998203042287143,0.9982602973686246,0.998203042287143,0.0,2.954227345840511e-21
1745,16,7.407196998596191,-8.043603021440934,-8.604167001932336,10.751813115244632,10.822523699322584,0.00010370826403666733,0.00010721515270506087,0.9981971479612088,0.9982073548497373,0.9981971479612088,0.9982073548497372,1.3577004486287587e-20,3.6025677829939185e-21
1746,16,7.141404628753662,-8.535161165878295,-8.501957496399568,10.747497252889525,10.715033515907805,7.45758204820383e-05,7.887866017119112e-05,0.9981639672665594,0.9982272617813016,0.9981639672665594,0.9982272617813015,0.0,2.7957668049020223e-21
1747,16,7.20562219619751,-9.225494926705212,-8.460314926634185,10.776913921070477,10.581068444945597,-1.3443117075734969e-05,6.402910005896622e-05,0.9982732382349443,0.9982701096951223,0.9982732382349442,0.9982701096951222,0.0,1.5251368917990607e-21
1748,16,6.81190299987793,-8.459297557039818,-8.354518571608283,10.508158784757153,10.407960582515077,2.9168400374633355e-05,7.27804320995583e-05,0.998338249958918,0.998325289438144,0.9983382499589178,0.9983252894381439,0.0,5.797118148942014e-22
1749,16,6.440445899963379,-7.922472021397408,-8.279831306710681,10.086907535240265,10.246201602887739,0.00013486531510552134,9.056984770071184e-05,0.9984158250252252,0.9983796000352109,0.9984158250252252,0.9983796000352108,0.0,9.531384672413104e-23
1750,16,6.3031229972839355,-7.913634226946249,-8.387678780939044,10.041050845602774,10.176505564307462,0.00014134283066180933,8.838459655395348e-05,0.9984288493041613,0.9984263762541759,0.9984288493041613,0.9984263762541759,0.0,-6.831895408748735e-23
1751,16,6.543894290924072,-8.524779997482417,-8.697448484607612,10.086988087312253,10.23012683746413,0.00011111787085196759,5.097918863496197e-05,0.9984530094817466,0.9984706403455713,0.9984530094817465,0.9984706403455713,0.0,-1.1534041193835243e-22
1752,16,6.293510913848877,-9.296901244561797,-9.049784363188765,10.42957996085802,10.376273008923018,-3.663703748858816e-05,-1.3644968057021636e-05,0.998486387481916,0.9985195150111175,0.998486387481916,0.9985195150111175,0.0,-2.2831780662714294e-22
1753,16,6.630860805511475,-9.545696103786584,-9.21854492513881,10.690729214054606,10.536610082248894,-0.00010221881212552529,-7.784832737076239e-05,0.9985502026078152,0.9985727471143856,0.9985502026078152,0.9985727471143856,0.0,-5.344637459132536e-22
1754,16,6.884122848510742,-9.52923324856182,-9.06171749772469,10.686398538889888,10.649290452161909,-0.00015732400640203073,-0.00011818983222004127,0.9986571242632682,0.9986173845170263,0.9986571242632682,0.9986173845170263,0.0,-1.0466506935465326e-21
1755,16,6.892180919647217,-8.817859453874396,-8.582627489361764,10.777424051593844,10.703362326171302,-0.00019897395367103686,-0.00012269762975077183,0.99870415946263,0.9986343394209348,0.99870415946263,0.9986343394209348,0.0,-1.5333530918996685e-21
1756,16,6.7590861320495605,-7.000105409616194,-7.956468609763652,10.626663244269505,10.714633188621418,-3.8317754125800624e-05,-9.755434434208145e-05,0.9985806100008885,0.9986190203083052,0.9985806100008886,0.9986190203083051,-6.785895410114536e-21,-1.3216187079125895e-21
1757,16,6.696761608123779,-7.200593401359523,-7.389566694874973,10.68578100442036,10.71612548053654,-3.4809273409403216e-05,-6.896928342042002e-05,0.9985466077139996,0.9985865687743881,0.9985466077139996,0.998586568774388,0.0,3.782381902142396e-22
1758,16,6.451241970062256,-7.3770475595984335,-6.819009595394344,10.743943096431131,10.718860525329918,-5.040680447886043e-05,-4.921425102204957e-05,0.9985271855052653,0.9985432486805804,0.9985271855052652,0.9985432486805804,0.0,2.88109983779503e-21
1759,16,7.22736120223999,-6.811387028180088,-6.100472377250049,10.796305365030287,10.720746010286838,-0.00010770534172349995,-3.665695287035166e-05,0.9985809702793185,0.9984799826285508,0.9985809702793185,0.9984799826285508,1.3571785923657202e-20,4.7943849295199235e-21
1760,16,6.659597396850586,-4.481196859129862,-5.2877985503485485,10.609361436267603,10.73002424711879,5.352813885706604e-05,-3.244218142490826e-05,0.9983833661506659,0.9983870704077152,0.998383366150666,0.9983870704077152,6.787236053582044e-21,4.459221605446502e-21
1761,16,6.525318145751953,-4.15931213628087,-4.612710228278787,10.688132151304373,10.768838286608684,3.954657902487965e-06,-5.1123510340641835e-05,0.9982715133867446,0.9982810770817229,0.9982715133867447,0.9982810770817229,-8.484995673979006e-22,2.5813540239673565e-21
1762,16,5.606533527374268,-4.330508363299,-4.091284860933441,10.979424393046552,10.824025998933951,-0.000139723253807987,-8.345650123361766e-05,0.9980825927974158,0.9981837366032222,0.998082592797416,0.9981837366032222,0.0,8.878434337729229e-22
1763,16,5.912852764129639,-4.334064399512515,-3.568927407801894,10.926721667772641,10.86254395343343,-0.00017725156699297244,-0.00010246110461866225,0.9981749791167448,0.9981058032844712,0.9981749791167449,0.9981058032844712,0.0,2.0779984595374238e-22
1764,16,5.655001163482666,-2.490993163081266,-2.9917124663961894,10.841067738118907,10.89918449803988,-7.615517831366505e-05,-0.00010054064289517371,0.9980275775496588,0.9980308685833122,0.9980275775496588,0.9980308685833122,0.0,8.268898335207645e-22
1765,16,5.583845138549805,-2.179433320929851,-2.519191798560582,10.880408240543595,10.976008273098449,-4.3261755872722315e-05,-9.546556259616865e-05,0.9979348528310156,0.9979554689319986,0.9979348528310156,0.9979554689319986,0.0,2.8329680803998767e-21
1766,16,5.430896759033203,-2.2170960546287146,-2.186129033384028,10.96950101518852,11.11429324423218,-7.665899792919011e-05,-9.899187983602304e-05,0.9979306209013864,0.9978787757729034,0.9979306209013864,0.9978787757729034,0.0,5.816722534016303e-21
1767,16,5.653933525085449,-2.138791481544913,-1.883741985309337,11.48214778284905,11.289155863453342,-0.00016912584699106434,-0.00010276650072215291,0.9977589837268944,0.9977973517063149,0.9977589837268944,0.997797351706315,2.7165933611434944e-20,7.949202799362674e-21
1768,16,5.682258605957031,-1.8108351776784528,-1.5063383407713924,11.47750986806393,11.437097221713847,-0.0001184809677638349,-9.239423457099466e-05,0.9977304770091581,0.997719674849643,0.9977304770091582,0.9977196748496431,0.0,6.825383909041079e-21
1769,16,5.938314437866211,-0.501370735894243,-1.0541703046910453,11.50731963856475,11.546559082949807,-2.3231262752450465e-05,-7.447888202691926e-05,0.9976397339546466,0.9976472043876017,0.9976397339546466,0.9976472043876017,0.0,5.052058013071372e-21
1770,16,5.568789482116699,-0.6817095018406873,-0.600238486200502,11.650786351938212,11.630678181101743,-5.000466439675925e-05,-6.503899568188762e-05,0.9975481899918404,0.9975811998727611,0.9975481899918403,0.997581199872761,0.0,4.224341008571752e-21
1771,16,5.4256768226623535,-0.6961185336034135,-0.07913071760942558,11.717548175113782,11.695359980934882,-8.669436544254677e-05,-6.53157083594109e-05,0.9975337598867302,0.9975188853992445,0.9975337598867302,0.9975188853992444,1.3586033577056772e-20,3.532003206132885e-21
1772,16,5.6967620849609375,0.5070266556070562,0.541823607870541,11.736710314015617,11.75162289746446,-9.481593492564064e-05,-6.961283066038628e-05,0.9975089379094623,0.9974477036863155,0.9975089379094623,0.9974477036863155,0.0,1.2510104624475017e-21
1773,16,5.681038856506348,1.8733802668971513,1.0892924972113343,11.739473008887062,11.817987921400295,-4.321996298670418e-05,-7.983433981466211e-05,0.99737982932002,0.9973620119990306,0.99737982932002,0.9973620119990306,0.0,-1.5645732830076812e-21
1774,16,5.552628040313721,1.5493308865670001,1.391022648036893,11.89485587248695,11.90397978351998,-6.733955616684889e-05,-0.00010458426428843302,0.9972075299624907,0.9972778146137405,0.9972075299624907,0.9972778146137405,-1.3590478159123582e-20,-3.3262718769580695e-21
1775,16,5.690533638000488,1.3577929330598872,1.5290781984645907,12.054588745775279,11.99275526662876,-0.00017584109098248978,-0.0001400723198842262,0.9971885359764432,0.9972158973643299,0.9971885359764432,0.9972158973643298,0.0,-2.864558919518245e-21
1776,16,5.668779373168945,1.3348062552443158,1.6832557270182595,12.075141115088462,12.06328816244726,-0.00018623852054599262,-0.0001706904865240659,0.9971924395369143,0.9971741312644073,0.9971924395369143,0.9971741312644073,0.0,-1.9027701078667558e-21
1777,16,5.5851216316223145,2.085270493353135,1.9652632616333492,12.088392927627192,12.114026319381784,-0.00017732272582849883,-0.00019025318419824074,0.9971570700719992,0.9971377469493591,0.9971570700719993,0.9971377469493591,0.0,-1.932575146352805e-21
1778,16,5.760788440704346,2.3786962934466125,2.3741094189157605,12.146575644421779,12.149919662896457,-0.000184714013577698,-0.00019919895587524488,0.9970937522133181,0.9970970791991857,0.9970937522133181,0.9970970791991858,0.0,-3.476426565062457e-21
1779,16,5.838789939880371,2.3603278257085076,2.9197082308394156,12.20695059752884,12.168521374892952,-0.00024355214074615167,-0.00019399117576919327,0.9970733873978318,0.997049712369888,0.9970733873978318,0.9970497123698882,0.0,-6.0312054854624575e-21
1780,16,6.006272315979004,3.6834292831960505,3.579817151120903,12.191173559708405,12.167288321194365,-0.00019827404682024171,-0.00016940154633469841,0.9970036306057917,0.9969955405181702,0.9970036306057916,0.9969955405181702,-2.718651515408048e-20,-7.401415025349402e-21
1781,16,5.744975566864014,4.846121630795965,4.168344458211179,12.099199802265794,12.157048916078152,-8.49461915189654e-05,-0.0001365126776034956,0.9969304011567037,0.9969420953214703,0.9969304011567037,0.9969420953214703,0.0,-4.766766633432954e-21
1782,16,5.607248783111572,4.634138889744668,4.540143312831915,12.139359827843174,12.154342372465653,-7.579871438859693e-05,-0.00011497296364040198,0.9968679150291363,0.996900274837418,0.9968679150291363,0.996900274837418,0.0,-4.715092049161848e-22
1783,16,5.743312835693359,4.364500871842247,4.775492055294882,12.199034036881647,12.158401792195507,-0.00011518926033641326,-0.00010755242895247233,0.9968629780869066,0.9968754239149749,0.9968629780869065,0.9968754239149749,0.0,3.155935028577762e-21
1784,16,5.773317813873291,4.7909670146617,5.00485674395587,12.19386521099795,12.162422406241934,-0.00014233173825756594,-0.0001013172486460178,0.9969107370691254,0.9968608569076891,0.9969107370691254,0.996860856907689,2.7189048431583053e-20,4.0600191852301685e-21
1785,16,5.743605136871338,5.478435760391457,5.222061339282502,12.197510129020452,12.173458222662264,-9.743049318654341e-05,-8.579980211527094e-05,0.99682520554285,0.9968473458003466,0.99682520554285,0.9968473458003465,-1.359569067947914e-20,1.0320834922584765e-21
1786,16,5.6237473487854,5.481464811011948,5.342772458855437,12.126112569461249,12.21330590635276,-5.730596441510916e-05,-6.471445801193893e-05,0.9968479820154005,0.9968384113095341,0.9968479820154004,0.9968384113095341,-6.797690019228746e-21,-1.3604607302297149e-21
1787,16,5.556690216064453,5.557793973538298,5.356501531382906,12.192739839949136,12.306820720849617,1.0350042320282072e-05,-4.797439158336722e-05,0.9968231026259596,0.996835314756032,0.9968231026259596,0.9968353147560319,0.0,-1.7245301507587266e-21
1788,16,5.393405437469482,5.004555474044945,5.331984822707619,12.504748488041143,12.444396506227955,-6.935304236915896e-05,-3.947410619057798e-05,0.9968121635648595,0.9968396380440285,0.9968121635648595,0.9968396380440285,0.0,-1.3697387745843209e-21
1789,16,5.729284286499023,4.887249682849739,5.386108762626359,12.696739111604934,12.578446956578917,-9.121625566720072e-05,-2.6525334895300206e-05,0.9968980920259232,0.9968476638306568,0.9968980920259232,0.9968476638306568,0.0,-1.3783799261409938e-21
1790,16,6.0036516189575195,5.768986363431209,5.5081115292598755,12.66008956234536,12.680890303350791,2.9723181029397832e-05,-6.426278871356636e-06,0.9968466728689189,0.996849834515286,0.9968466728689189,0.996849834515286,0.0,-2.1514162082952077e-21
1791,16,5.945101737976074,5.782991123050233,5.525887520279657,12.72108906908353,12.763632672727196,1.3329564089629732e-05,3.784617649933096e-06,0.9968718457008038,0.9968498153398593,0.9968718457008038,0.9968498153398593,-1.6993818230643955e-21,-3.389071555651811e-21
1792,16,6.004528045654297,5.893770245791402,5.327291432911822,12.791474533467435,12.838215656670734,6.125728986917868e-05,-6.265130987215298e-06,0.9967746384424161,0.9968559065105089,0.9967746384424162,0.9968559065105089,-1.3596380398729153e-20,-3.903466181994099e-21
1793,16,5.787923336029053,4.722198971046747,4.9412461374906655,12.963615432002472,12.898095686314715,-5.571694887042008e-05,-3.6180667719197204e-05,0.9968767174984917,0.9968767223841283,0.9968767174984916,0.9968767223841283,0.0,-2.563405394610648e-21
1794,16,6.0331339836120605,3.8962208469271453,4.571098749166261,12.999106373547978,12.9243767527398,-0.00011557462813403363,-6.58762709183385e-05,0.9969510018391505,0.9968979151569324,0.9969510018391504,0.9968979151569324,0.0,-8.498282081117907e-22
1795,16,5.929431915283203,4.151363420950128,4.344429320485294,12.968791193024092,12.920513217796337,-0.0001171185206150755,-7.994178315601317e-05,0.996947179145979,0.9969029895036029,0.996947179145979,0.9969029895036029,0.0,-1.2215003597606354e-22
1796,16,5.759340763092041,4.782136075060109,4.1530508286976575,12.819338316807187,12.921305548291949,-4.071689621698558e-05,-8.234371438569679e-05,0.9968725620796399,0.9968948772610217,0.99687256207964,0.9968948772610217,6.797522407375725e-21,-1.2754390047337227e-21
1797,16,5.936819076538086,4.070865922222733,3.8275409153834037,12.827138760119185,12.97404206323026,-3.7372190467744984e-05,-8.892833169484478e-05,0.9968529985613729,0.9968922817144731,0.9968529985613729,0.996892281714473,0.0,-4.47811244601e-21
1798,16,5.951932430267334,3.2302629288658724,3.3971483510948186,13.13316869272476,13.086911244858303,-0.00013451229816700168,-0.00010155416900310553,0.9968971348840523,0.9969073706402011,0.9968971348840522,0.9969073706402009,-2.718941941315757e-20,-7.047376604267723e-21
1799,16,5.942094802856445,2.7871956511473845,3.0013346458847856,13.298487635127346,13.218926389032452,-0.00014359882393869368,-0.00010564271594697852,0.9969402335849031,0.9969378241271859,0.9969402335849031,0.9969378241271857,0.0,-5.843307200748052e-21
1800,16,5.527604103088379,2.726646529307525,2.7309647245461677,13.346974428340085,13.338052526859862,-8.710058932363548e-05,-9.561547883150565e-05,0.9969903090333634,0.9969753932317758,0.9969903090333634,0.9969753932317755,0.0,-3.074022800980918e-21
1801,16,5.646471977233887,2.7062365470897025,2.59857775719386,13.303874841657404,13.440735206410448,-3.6026457475592676e-05,-7.930083669825906e-05,0.9970239282124477,0.9970129631078765,0.9970239282124477,0.9970129631078762,0.0,-4.571092250997918e-22
1802,16,5.65657377243042,2.4150817745223763,2.6074482626864315,13.62069738487089,13.521600356841589,-9.507923040349572e-05,-6.13430981267539e-05,0.9970282113285364,0.9970491761108179,0.9970282113285363,0.9970491761108178,0.0,1.7428388799012487e-21
1803,16,5.777632713317871,2.3821790843830435,2.7791577714651585,13.62490791787237,13.540907424945361,-5.761556367157322e-05,-3.481178518771114e-05,0.9970859923211922,0.9970856457210946,0.9970859923211922,0.9970856457210946,6.796067370537844e-21,3.5110259711848214e-21
1804,16,5.553576946258545,3.1283481898887313,3.0528921797288175,13.56566356221847,13.485679579024822,-1.7134934368402832e-05,-1.6993668845038177e-06,0.9971400060152587,0.997118317093403,0.9971400060152587,0.9971183170934032,3.39784961848713e-21,4.577632953062704e-21
1805,16,5.977742671966553,3.840013231628815,3.235996384912301,13.283463464255037,13.382966864555595,7.500818525554305e-05,2.5096573786072503e-05,0.9971547104246576,0.9971433147770562,0.9971547104246576,0.9971433147770562,0.0,5.45947161944379e-21
1806,16,6.015897750854492,3.683374718631458,3.174816945559594,13.175724282857344,13.283983734813319,6.305983203690481e-05,2.9838532007535703e-05,0.9971538556266829,0.9971644974439684,0.9971538556266829,0.9971644974439684,1.3591209701086125e-20,6.140385972432673e-21
1807,16,6.080874919891357,2.757819776511452,2.943720919774037,13.164766795524868,13.207815340626752,3.09490197277596e-05,1.3255474314396612e-05,0.9971573876899473,0.9971900914118667,0.9971573876899473,0.9971900914118667,6.795580779612487e-21,5.416276078791093e-21
1808,16,6.011301040649414,2.268863577779467,2.8030086005280124,13.197575729738306,13.129953488003691,-4.7307031823023417e-05,-8.736462009352854e-06,0.9972356239185778,0.9972235026237068,0.9972356239185778,0.9972235026237068,-6.795047645216965e-21,4.028990274851044e-21
1809,16,5.8049845695495605,2.25862692925802,2.9550299174893073,13.19032842083252,13.00984774958645,-0.00010084009656136032,-1.529775470454842e-05,0.9972264779640844,0.9972583984693675,0.9972264779640844,0.9972583984693675,1.3590219930519038e-20,2.8800868680891543e-21
1810,16,5.617353916168213,3.6635196724310948,3.372569406707361,12.718531149235213,12.83811623872933,1.739856536174455e-05,-2.5415067763872035e-06,0.9973504503467133,0.9972871947723682,0.9973504503467133,0.997287194772368,3.397132660680476e-21,5.210917772054837e-22
1811,16,5.9258222579956055,4.582510829410502,3.795924397875486,12.552503271352261,12.656800304601965,9.789009930605558e-05,5.671397963686792e-06,0.9972995064918098,0.9972983382894923,0.9972995064918098,0.9972983382894922,-1.3589224769339744e-20,-1.7869039702615748e-21
1812,16,5.595184803009033,4.082827210849742,4.062968471275635,12.523380498498327,12.47639338833759,7.019806302226404e-06,-7.825311831272677e-06,0.9972453099103072,0.9972977431267749,0.9972453099103071,0.9972977431267748,8.493727058295045e-22,-1.955445642911144e-21
1813,16,5.530284404754639,3.652785061204676,4.276066840669653,12.49158479833092,12.269865413426716,-0.00012201464854955633,-2.9316876826171574e-05,0.9972900818231775,0.9972925204752137,0.9972900818231774,0.9972925204752137,0.0,-1.053031091812578e-21
1814,16,5.816593170166016,4.5030337527858055,4.554600345144339,11.923014234279377,12.034514656812132,-3.661084701357266e-05,-4.071081080781372e-05,0.9973652013282103,0.9972731998317905,0.9973652013282104,0.9972731998317905,0.0,-8.418426685771583e-23
1815,16,5.825444221496582,5.5655587004976335,4.8185183102239355,11.550020040106276,11.83282572819108,1.529685811802362e-05,-5.173408263955925e-05,0.9972284337876692,0.9972325086050688,0.9972284337876692,0.9972325086050688,1.6987741595716502e-21,5.062858853126925e-22
1816,16,5.800044059753418,4.979542839244231,4.980135034039032,11.74273097973441,11.688670095461166,-6.102291718807849e-05,-7.301510993658688e-05,0.9970700857079651,0.9971910209880633,0.9970700857079651,0.9971910209880633,0.0,4.745347869467602e-22
1817,16,6.023456573486328,4.249005350034795,5.177792400834982,11.808724234870068,11.534411627117604,-0.00019390382306456392,-9.329939844146933e-05,0.9971474448540977,0.997165813633926,0.9971474448540977,0.997165813633926,0.0,-8.619084985835297e-23
1818,16,6.953891754150391,5.342422225337497,5.53687417470531,11.284237587228548,11.318085779209607,-0.00011250188964173724,-0.00010008422538760319,0.9973055266827583,0.9971349353094366,0.9973055266827583,0.9971349353094366,0.0,-1.1307720582891228e-21
1819,16,6.0700459480285645,6.637872217233217,5.887944782782963,10.944394720486708,11.0725628767186,-1.1377505050207676e-05,-0.00011126510989687998,0.9970559998148792,0.9970734974344686,0.9970559998148792,0.9970734974344686,1.699067950870496e-21,-2.5453758292648622e-21
1820,16,5.9723591804504395,6.605134947356826,5.993303041349575,10.860449361602138,10.832324064290981,-0.000122326667013122,-0.0001483025684564754,0.9969601227886421,0.9970017184216863,0.9969601227886421,0.9970017184216863,-1.3593850793309988e-20,-3.572774677463923e-21
1821,16,5.671590805053711,5.57424453162374,5.874227964213719,10.529481253061507,10.592974076973988,-0.00020885955596281814,-0.00020143701933825648,0.9969280352657305,0.9969433335123186,0.9969280352657306,0.9969433335123187,0.0,-2.8585153881774198e-21
1822,16,6.033870697021484,5.481780473042693,5.771135265540766,10.468347487274572,10.344053568562254,-0.000295010633654548,-0.0002460614564770865,0.9969115395580552,0.9969069185778847,0.9969115395580551,0.9969069185778848,0.0,-1.5519555868316336e-21
1823,16,5.496826171875,5.733738427423483,5.855430954100395,10.058193418927567,10.066819910718769,-0.0002629762142435551,-0.0002616123005942282,0.9968516438870505,0.9968934619846492,0.9968516438870505,0.9968934619846492,0.0,-5.545505441109303e-22
1824,16,5.274899482727051,5.477858464550174,6.177955466796105,9.961522037646947,9.774482673811125,-0.0003336100538011537,-0.00024301717036686872,0.996914834204828,0.9969008412177086,0.996914834204828,0.9969008412177086,0.0,-3.137175309190773e-23
1825,16,5.661921501159668,7.047923980172254,6.6724663672686475,9.26661165181948,9.502041437748733,-0.00014750666005865877,-0.00019666406103897218,0.9969955158150309,0.9969151564080491,0.9969955158150309,0.9969151564080491,0.0,1.4820815566534953e-22
1826,16,5.775722026824951,7.874437406329709,7.06590960733432,9.242286657734054,9.32593396621333,-0.00011406036250637208,-0.00015451768690771402,0.996946442557294,0.9969299962262672,0.996946442557294,0.9969299962262671,0.0,1.5734549349230206e-22
1827,16,5.944956302642822,7.501435811672427,7.208421939467385,9.227650916976037,9.2577072365587,-3.8560139026570804e-05,-0.00013738428447263818,0.996813903894313,0.996966457738487,0.9968139038943129,0.9969664577384869,0.0,1.132660277282801e-22
1828,16,5.655327796936035,6.409195792246013,7.251856693108928,9.406840648647691,9.262359545860114,-0.00022811893801096865,-0.0001421884236709234,0.9970331103424744,0.9970453778439266,0.9970331103424744,0.9970453778439264,0.0,6.432536092145452e-23
1829,16,6.250855445861816,6.904575307002052,7.434030746805864,9.291666995715188,9.300552365378712,-0.00022002358225188277,-0.00013932410732777945,0.9972801285533566,0.9971414141515158,0.9972801285533565,0.9971414141515157,0.0,7.16701270575026e-24
1830,16,6.1194658279418945,8.352390165365406,7.712377553837032,9.257857058355734,9.37516126892779,-5.408069308976167e-05,-0.00012450708686003372,0.997207875168237,0.9972240626566378,0.9972078751682371,0.9972240626566378,0.0,-9.083478898453382e-23
1831,16,5.981751918792725,8.336403906017846,7.869318828147062,9.475136762982531,9.48891015904886,-6.821952764454854e-05,-0.0001188423301628077,0.997265354676312,0.9973018303946392,0.997265354676312,0.997301830394639,0.0,-2.6264284639648395e-22
1832,16,5.604840278625488,7.421551028387277,7.8756006356077695,9.811243802813028,9.607599417706503,-0.00018171473150218638,-0.00012443614109611096,0.997341827737057,0.9973858903848303,0.9973418277370569,0.9973858903848302,0.0,-4.945336019551025e-22
1833,16,5.816539764404297,7.422622456337748,7.856260698381233,9.663342401751018,9.700026694134836,-0.00019490208157112014,-0.00012722634891301006,0.9976010210451316,0.9974716607048134,0.9976010210451316,0.9974716607048134,0.0,-6.4735603143685715e-22
1834,16,6.2811431884765625,8.87906063289225,7.795830075719843,9.583783423929665,9.79506123404575,4.1926184391105294e-07,-0.00013250559926829367,0.9974943705156912,0.9975479202392842,0.9974943705156912,0.9975479202392842,5.307253932272794e-23,-3.5685295270197285e-22
1835,16,6.268656253814697,7.43554213740853,7.589755838688169,9.91309185145639,9.910610483748698,-0.00012266380115012022,-0.00016107810165040326,0.9975505907483071,0.9976358910350672,0.9975505907483072,0.9976358910350673,0.0,1.009907446546506e-21
1836,16,6.152661323547363,6.669602842773366,7.409440939151153,10.219805038362226,9.999370151609336,-0.0003062486234627734,-0.0001967498552781264,0.9977552562445375,0.9977445812409463,0.9977552562445375,0.9977445812409464,0.0,4.182282431679641e-21
1837,16,6.213904857635498,7.149805327992023,7.405396014393198,10.012462896263521,10.01562772185393,-0.0002640262527204196,-0.00021029275367519346,0.9979501427431944,0.9978545453700176,0.9979501427431944,0.9978545453700176,0.0,9.307560201889657e-21
1838,16,5.983665943145752,8.191333926251112,7.476178524510191,9.850580040721397,9.979612826846797,-0.0001402330717025631,-0.00020641428597618534,0.997950201800678,0.9979503297815812,0.9979502018006782,0.9979503297815812,2.716072832414872e-20,1.4513068243708712e-20
1839,16,5.673863410949707,7.981581644817145,7.443155802106199,9.865933547095304,9.9173128010763,-0.00013691388026439494,-0.00020899534045762562,0.9979410274465269,0.9980457418862799,0.9979410274465269,0.9980457418862799,2.716097802040712e-20,1.5801445206310758e-20
1840,16,5.926380157470703,6.758892329785262,7.367895474897189,9.87339061913353,9.811277987489555,-0.0002567791299279845,-0.00022019184739857487,0.998161499608737,0.998153498387787,0.998161499608737,0.9981534983877871,0.0,1.3210211265987903e-20
1841,16,5.920186996459961,6.570659415798463,7.487827533523868,9.863851593981162,9.622966150778238,-0.0003218186618387148,-0.0002174312139331953,0.9982697488789846,0.9982542377324517,0.9982697488789847,0.9982542377324518,0.0,1.0274256481218262e-20
1842,16,6.352390289306641,8.029320504634763,7.826462334601413,9.206748494069622,9.347178821318224,-0.00019395557472366983,-0.0001916557079017956,0.998442607262591,0.9983240552895036,0.998442607262591,0.9983240552895036,2.714733337197114e-20,6.597840842412551e-21
1843,16,6.482729434967041,8.76173934302488,8.095649022975602,8.931192344604653,9.046692233406839,-0.00010317005240068572,-0.00016865033492902186,0.9983711189310831,0.9983531192900158,0.9983711189310831,0.9983531192900159,0.0,-8.484253111532905e-22
1844,16,6.413660526275635,8.875361357544127,8.045419231551085,8.696652326141889,8.752925932585276,-4.718756019183865e-05,-0.00017808033472729414,0.998263979448017,0.9983689924996941,0.9982639794480171,0.9983689924996942,0.0,-9.767202754103079e-21
1845,16,6.252890586853027,7.411799152533966,7.695476868317171,8.646467583526197,8.449208994948965,-0.00029028829080262393,-0.00022112745639196607,0.9983230994661282,0.9984055151735803,0.9983230994661282,0.9984055151735804,-5.430116627899834e-20,-1.5386556526339465e-20
1846,16,6.223597526550293,6.443741139160813,7.336043592436946,8.223540438947397,8.108619255640836,-0.00036644805447483606,-0.0002610024926133718,0.9985192060961315,0.9984609650140399,0.9985192060961315,0.9984609650140399,0.0,-1.2900093614477644e-20
1847,16,5.553926467895508,7.063095429407743,7.167515731784737,7.689882366033441,7.7672204794048705,-0.00031143346714829364,-0.00027970745064022487,0.9986108380356974,0.9985057982343406,0.9986108380356974,0.9985057982343406,0.0,-7.378410128423193e-21
1848,16,5.828399181365967,8.084213393584761,7.095465571238625,7.116952865815339,7.503815881722769,-6.328500045914137e-05,-0.0002982579776028911,0.9984975707499807,0.9985299696653137,0.9984975707499807,0.9985299696653136,0.0,-2.35933515660953e-21
1849,17,6.116092205047607,6.590889507850584,7.002243785325567,7.481923555081998,7.351588370822663,-0.0004459797694400889,-0.0003374369189052028,0.9984752804130267,0.9985584061597512,0.9984752804130267,0.9985584061597512,0.0,2.0879855744262428e-21
1850,17,6.180238723754883,6.449103499784004,7.033552519731373,7.469956258997207,7.228917914109402,-0.0004824157479987976,-0.0003568477849497169,0.9985526508140704,0.9986077122753955,0.9985526508140704,0.9986077122753956,0.0,7.036043219827324e-21
1851,16,6.175831317901611,7.187062706463577,7.233569176431556,6.885725066073555,7.08512021825108,-0.0002517276257013769,-0.00034260555173265864,0.9988422790751389,0.9986611065062446,0.998842279075139,0.9986611065062446,0.0,1.251445768727233e-20
1852,17,5.989395618438721,8.067169559234069,7.42470943838756,7.07879876565054,6.94150654001876,-0.00035727413678625445,-0.00032254408435566034,0.998648897521794,0.9986912359266052,0.998648897521794,0.9986912359266052,5.428345112962203e-20,1.5218609319145813e-20
1853,17,5.994592666625977,7.943034246224455,7.420933932529269,6.645620600600422,6.790005190645402,-0.00020257906254051298,-0.0003101065207455528,0.9986619648751278,0.9987170978853359,0.9986619648751278,0.9987170978853358,0.0,1.0696697900067854e-20
1854,17,5.650860786437988,6.704619965567237,7.282050145490547,6.802098170370681,6.64029780295309,-0.0003509090714847455,-0.0003144830470907689,0.9986865747867161,0.9987531219498914,0.9986865747867162,0.9987531219498913,0.0,5.3009387606990545e-21
1855,17,5.684040069580078,6.628828467368564,7.240047413767655,6.5041644477229745,6.480024590761782,-0.0004315739755339304,-0.0003160209750480838,0.9989319910122236,0.9987870195560823,0.9989319910122235,0.9987870195560822,0.0,4.644623973619912e-21
1856,17,5.988418102264404,8.205325164236607,7.326520181240515,6.103395807334809,6.340946716435048,-0.0001901251250815884,-0.0003080734602590773,0.998776670733915,0.9987919538202729,0.998776670733915,0.9987919538202729,-2.713825333166867e-20,1.1332864774923359e-20
1857,17,5.77710485458374,7.504648718597332,7.393485394586159,6.293543233636933,6.257104334647152,-0.0002785096202294645,-0.0003157879800443589,0.9986680597666101,0.9987823543941344,0.9986680597666101,0.9987823543941344,5.428240954951958e-20,2.288911447131249e-20
1858,17,5.887402534484863,6.732932486271558,7.534967095570446,6.334341386183769,6.190897570542963,-0.0004219994306962494,-0.0003327705686834395,0.9988173629999547,0.9987703387168626,0.9988173629999547,0.9987703387168626,5.427429541418343e-20,2.6620377377105648e-20
1859,17,6.415836811065674,7.806572731721286,7.887138540353718,6.0552534771052,6.109211579782556,-0.0003580611455163715,-0.0003381254121215333,0.9988106023074081,0.9987330626726905,0.998810602307408,0.9987330626726905,0.0,1.9296011211114107e-20
1860,17,6.261876583099365,8.76445796233744,8.32803365259249,5.954621022024488,6.024408301224441,-0.00028188321799515147,-0.0003384826737776221,0.9986516793571031,0.9986596277433547,0.9986516793571032,0.9986596277433548,0.0,7.76260157695121e-21
1861,17,5.982470512390137,8.909944307345025,8.67975521359913,5.993259122739262,5.938233004542296,-0.0003375747295555929,-0.00034947500310101036,0.9985624114198683,0.9985664600463551,0.9985624114198683,0.9985664600463552,0.0,-5.498686955851815e-21
1862,17,5.629091262817383,9.020864161608554,8.914259617593247,5.825287062488346,5.830679359394407,-0.00035147157993561517,-0.0003694872293026512,0.9984425591839627,0.998473185238636,0.9984425591839629,0.9984731852386362,0.0,-2.1510420705289074e-20
1863,17,5.920785427093506,8.910729826019017,9.121057893122941,5.777777311697982,5.693553820808489,-0.0004101917215493761,-0.00038710431838144755,0.9983581282712707,0.9983949470941494,0.9983581282712707,0.9983949470941494,-5.429926104587734e-20,-3.8341813604711374e-20
1864,17,6.084847927093506,8.972749058772852,9.426661962282683,5.606118129183428,5.528140112415262,-0.00044554163042406894,-0.0003858264082833134,0.9983335168220059,0.9983333803764604,0.9983335168220059,0.9983333803764604,-5.430059966016388e-20,-4.7751980186951865e-20
1865,17,6.043701171875,10.069485105268194,9.861901848520938,5.225171042787743,5.368839483048269,-0.00033912334387632107,-0.00035992205426543393,0.9983218938278055,0.9982756346969185,0.9983218938278053,0.9982756346969185,-5.430123185661157e-20,-4.5411557520869436e-20
1866,17,5.76979398727417,10.310314443442333,10.3119845450102,5.25445131227031,5.270301729893368,-0.0003236354851651782,-0.0003229682783572257,0.9982248764671252,0.9982096295675082,0.9982248764671252,0.9982096295675081,-5.430650938707651e-20,-3.109434914732624e-20
1867,17,5.8362555503845215,10.79537897782258,10.69232170023077,5.2614383440939205,5.245983917326591,-0.00026932096076455806,-0.00028669546915776456,0.9981042483478136,0.9981394008387122,0.9981042483478136,0.9981394008387121,0.0,-9.860080430331512e-21
1868,17,5.790211200714111,10.990273740783909,10.94285962943581,5.291061318980495,5.293862887088661,-0.00024556515356397886,-0.00025996410375634364,0.9980381913804945,0.9980748377514597,0.9980381913804945,0.9980748377514597,5.431666753081999e-20,5.69183958606462e-21
1869,17,5.751643180847168,10.67129739501639,11.040985181292262,5.379937654092972,5.415434509104747,-0.000305977483921233,-0.00024482866711279604,0.9980957427652405,0.9980125852752766,0.9980957427652404,0.9980125852752767,0.0,8.26677426890078e-21
1870,17,6.321098327636719,11.278937633611257,10.957632540063718,5.538774230511701,5.609615709628714,-0.00021145549245613353,-0.00024223234497705576,0.9979796697353441,0.9979412345814007,0.9979796697353441,0.9979412345814007,-2.715992633329459e-20,6.653970216318299e-21
1871,17,6.273654460906982,11.52013578701709,10.57107324261802,5.771911772643557,5.857849897696191,-0.00014950658039967563,-0.0002696611482388385,0.9977898519177084,0.997876768304109,0.9977898519177084,0.997876768304109,0.0,8.258949670407397e-21
1872,17,6.120204448699951,9.593193019154489,9.904609218586714,6.3240359740298935,6.1096774942833365,-0.00035944809913028775,-0.0003305258829537896,0.9977631007162232,0.9978472271894931,0.9977631007162232,0.9978472271894933,5.433164303767261e-20,8.552419695970064e-21
1873,17,5.647762775421143,8.55303107729732,9.28071614329659,6.353116204835437,6.299120471749497,-0.0004569349081695815,-0.00039029958649144394,0.9979053733656384,0.9978495908414561,0.9979053733656384,0.9978495908414562,0.0,1.4042553619328621e-21
1874,17,5.5590667724609375,8.614210316900621,8.936779025515344,6.40016615943732,6.426296945477593,-0.0004780344737358292,-0.00041975945736055873,0.9979153366129423,0.9978517982752221,0.9979153366129422,0.9978517982752222,-5.432335453253136e-20,-5.480169401055511e-21
1875,17,5.747531890869141,9.226415698312408,8.816487783000964,6.390292783726852,6.524175789050139,-0.0003550162828610148,-0.00041901580112790356,0.9978132142091006,0.9978389406278251,0.9978132142091006,0.9978389406278251,0.0,-5.302117008497959e-21
1876,17,5.643962383270264,8.695059975988785,8.72877412578005,6.691923715319024,6.61043232726419,-0.0004332658062473554,-0.00040796617470117383,0.9978586130110563,0.9978199098224934,0.9978586130110563,0.9978199098224934,5.432644256153209e-20,-7.304837280806964e-21
1877,17,5.6199445724487305,8.826369888686829,8.587797273836305,6.690754952932326,6.663221176264427,-0.00038310533754982133,-0.00039240773689859526,0.9977748324059581,0.9978036606699405,0.9977748324059581,0.9978036606699406,-5.433100421420443e-20,-1.7952833417439807e-20
1878,17,5.583621501922607,8.700549493296908,8.350140309717885,6.646192297845407,6.679056915124103,-0.00032828323486747477,-0.0003805031368366262,0.9977418809180048,0.9978074954022872,0.9977418809180049,0.9978074954022872,0.0,-2.5813818845684904e-20
1879,17,5.259183883666992,7.639170649012984,8.078352087192478,6.687352764332899,6.667654630743622,-0.00040380476676502784,-0.00037505480442160684,0.9978572663983768,0.9978368452518827,0.9978572663983768,0.9978368452518827,-1.086530317506007e-19,-2.4296149061721174e-20
1880,17,5.064271450042725,7.723286749661742,7.93418457594229,6.675063080124396,6.6317327845417156,-0.00038440925992302933,-0.00036310968481747906,0.9978570907604855,0.9978745656163424,0.9978570907604855,0.9978745656163424,5.432652543758614e-20,-8.46935375406801e-21
1881,17,5.470966815948486,8.001794973503843,7.939011936011316,6.523777846309092,6.581841146893955,-0.00034639978542757275,-0.0003391140224079511,0.997979820678992,0.9979035271503901,0.997979820678992,0.9979035271503901,0.0,5.218755157551507e-21
1882,17,5.384810924530029,8.215575146112096,8.007791202548134,6.524320514573073,6.5405111204635755,-0.0002885424616808451,-0.00030806896293989323,0.9979009913874097,0.9979086729284382,0.9979009913874097,0.9979086729284382,0.0,1.4631002313052495e-20
1883,17,5.05058479309082,7.8358855548766675,8.075874790729157,6.581227535715976,6.513088434710556,-0.0002737608961527862,-0.0002776409411182458,0.9978508488446035,0.9978985219297992,0.9978508488446036,0.9978985219297992,5.432686526953832e-20,2.0126035697832743e-20
1884,17,5.256153106689453,7.881411473582997,8.133566367777313,6.536097314050856,6.500486447674401,-0.0003204672322463636,-0.000249126156627047,0.9979763412458357,0.9978812364473393,0.9979763412458357,0.9978812364473393,0.0,1.9643876478413624e-20
1885,17,5.392161846160889,8.65683832915038,8.082913933773481,6.439001451106145,6.5292207303789835,-0.0001844409185764384,-0.00022693898237100576,0.9978249900164392,0.9978557805917116,0.9978249900164392,0.9978557805917116,0.0,2.0192026412027332e-20
1886,17,5.328213691711426,8.336021748108061,7.766879209403582,6.4416307691790085,6.6363768856718535,-0.00012525867915391326,-0.00023610476601329902,0.9977517083720499,0.9978470648078128,0.9977517083720497,0.9978470648078128,2.7166131698599363e-20,2.3298234557419485e-20
1887,17,5.424559593200684,6.748266333093356,7.250562342690245,6.853876813795714,6.814771506427225,-0.00029202544320865636,-0.0002838587418915583,0.9978730704499053,0.9978695609865171,0.9978730704499053,0.9978695609865171,5.432565546621458e-20,2.2263343264614183e-20
1888,17,5.311455726623535,6.37175011556904,6.799957763327222,7.177632574147284,6.986251541131263,-0.0004312428585390647,-0.00033659964166081143,0.997950124510382,0.9979028034188088,0.997950124510382,0.9979028034188088,0.0,1.2712418626040359e-20
1889,17,5.121798038482666,6.492440297677256,6.522741261639516,7.153065603037026,7.0856607846681285,-0.00038703957590540013,-0.0003621221315549409,0.9979359906194718,0.9979234148538241,0.9979359906194719,0.9979234148538242,0.0,3.8395305125351626e-22
1890,17,4.91870641708374,6.557561637513644,6.334672887604428,7.095663820419214,7.122596464148219,-0.0003478253579447873,-0.0003635079609666608,0.9979269855598728,0.9979256229592778,0.9979269855598728,0.9979256229592779,0.0,-1.0654212505308954e-20
1891,17,5.313243865966797,6.082823456214578,6.124075905794716,7.088914899203353,7.144153633638276,-0.00035822379216667786,-0.0003592384714493978,0.997946640338216,0.997912213624181,0.997946640338216,0.997912213624181,-5.432165051019439e-20,-1.6610348694857988e-20
1892,17,5.078998565673828,5.964238491214914,5.8523048249523875,7.132311096598412,7.189001407300873,-0.00032792851343771293,-0.00036430698146073934,0.9978549224954385,0.9978905010374216,0.9978549224954385,0.9978905010374215,0.0,-1.316943136696345e-20
1893,17,5.1601176261901855,5.7099461769589555,5.496180313706014,7.263641483905206,7.269534733681368,-0.0003591349590287409,-0.0003887826527652582,0.9978240068817847,0.9978765990969966,0.9978240068817846,0.9978765990969964,0.0,-6.834600125598205e-21
1894,17,5.065577983856201,4.775777334513683,5.086735768952672,7.372303985876624,7.373063325859049,-0.0004567735890851931,-0.00042733939084922527,0.9979295500237877,0.9978725486443275,0.9979295500237877,0.9978725486443274,0.0,-2.13501269091168e-21
1895,17,5.018383979797363,4.767526516524149,4.711815184877766,7.503553769705309,7.479822277473101,-0.0004909595234440978,-0.000463747245064571,0.9978986145099444,0.9978640012425238,0.9978986145099444,0.9978640012425237,0.0,1.1395353586951203e-22
1896,17,4.9488701820373535,4.648452696860129,4.373749519892365,7.56565580341168,7.57135725299308,-0.0004655352542822808,-0.0004919120200302874,0.9978263559256974,0.9978550642805838,0.9978263559256975,0.9978550642805837,0.0,4.287217271247221e-22
1897,17,4.95477819442749,3.9698365290840365,4.091570804498061,7.659032863241796,7.636996381806698,-0.0004801335591768633,-0.0005155612519856337,0.997763244356788,0.9978644810207199,0.9977632443567879,0.9978644810207199,0.0,-5.6531397154506465e-22
1898,17,4.9885711669921875,3.3774070486517345,3.975774707058901,7.691458030220215,7.668087067073202,-0.0005821774646812832,-0.000528334345063932,0.9979297096704127,0.9978949053065118,0.9979297096704127,0.9978949053065118,0.0,-2.3546511416317134e-21
1899,17,5.316387176513672,3.858549310895624,4.0652721847673785,7.702431113563796,7.665338275887112,-0.0005909360955969496,-0.0005137394984399293,0.9980452242837606,0.9979136672300915,0.9980452242837606,0.9979136672300915,0.0,-4.0557577466356e-21
1900,17,5.072589874267578,4.7252455480770434,4.159267318873779,7.590994906062801,7.642835666964273,-0.00044725211945522005,-0.00047776422684233364,0.9979345434058795,0.997902682435905,0.9979345434058795,0.9979026824359051,0.0,-3.5566259679926466e-21
1901,17,5.051797866821289,4.85535271623348,3.9829254785969286,7.625700748006547,7.624889906318271,-0.0003652540861513706,-0.00045491047737065087,0.9977546842801174,0.9978947766329976,0.9977546842801175,0.9978947766329977,0.0,3.1627772741787886e-21
1902,17,5.289737701416016,3.1931572943858764,3.5184810094856065,7.603766652066908,7.620901552216226,-0.00042309388637963596,-0.0004677366418394219,0.997861849315623,0.9979329063034144,0.9978618493156229,0.9979329063034144,-5.432626636788937e-20,2.1437882157571773e-20
1903,17,5.075750350952148,2.4207635815487327,3.075960583834534,7.637345616604817,7.63454609482733,-0.0005490476798378095,-0.0005008360655796655,0.9980515734777607,0.9980075584237665,0.9980515734777607,0.9980075584237665,1.0863187848174494e-19,4.930387091547377e-20
1904,17,5.086764812469482,2.669533994922049,2.8729053903211916,7.59856735467773,7.663933415998467,-0.0005715712628907,-0.0005198323952613755,0.9982237678634258,0.9980763911073991,0.9982237678634258,0.9980763911073991,1.0861313939720197e-19,6.370454580128496e-20
1905,17,5.090191841125488,3.2689193708283275,2.8517475473299227,7.706666260546327,7.700967308996549,-0.0004778621452990946,-0.0005079230347756324,0.9980284081111481,0.9981192630280822,0.9980284081111481,0.9981192630280821,0.0,5.978172793770378e-20
1906,17,5.80891752243042,2.7250304695560836,2.8629004687148623,7.901288235170881,7.7154313955397145,-0.0004920133092888407,-0.0004679946928019056,0.9980553384303925,0.9981634921954533,0.9980553384303924,0.9981634921954532,1.0863146869096379e-19,4.835247731052582e-20
1907,17,5.859052658081055,2.3531140284928185,2.8735697688939528,7.749778610243582,7.688610777062816,-0.0005723063396077012,-0.0003989146453271227,0.9984292626768005,0.9982086556939922,0.9984292626768005,0.9982086556939922,0.0,2.8195182896062975e-20
1908,16,5.78265380859375,3.864007460429262,2.7998062109760675,7.365388951620457,7.6681759275909585,-0.0001035003559090296,-0.00031893385699634724,0.9981830900864395,0.998228942678147,0.9981830900864394,0.998228942678147,1.357719569753e-20,1.031404782838961e-20
1909,16,5.5330729484558105,2.6827812101978443,2.4588137817709335,7.674322168973748,7.713578980095262,-0.00018558895633249387,-0.0002881890400731499,0.9981084613778088,0.9982581085089812,0.9981084613778088,0.9982581085089811,-5.431284346537099e-20,1.7050792622501035e-21
1910,16,5.29079008102417,1.3540342303919246,1.971988007106924,7.948174708529073,7.792567944737492,-0.0003828842666249978,-0.0003062620226857012,0.9983426711933704,0.9983219048967205,0.9983426711933703,0.9983219048967203,5.430010174710362e-20,3.647686564830638e-21
1911,16,5.0006866455078125,1.2669992471096858,1.563832572584526,7.934339567818616,7.849653893820213,-0.0004072358948514581,-0.0003298513790047863,0.9984265796137108,0.998396925901962,0.9984265796137108,0.9983969259019622,0.0,4.061356074058649e-21
1912,16,4.734612941741943,1.2875271582987537,1.252293874593787,7.804315662600989,7.883539914265304,-0.00031865264150060394,-0.0003387222714332959,0.9985279213303181,0.9984571113669735,0.9985279213303181,0.9984571113669735,0.0,2.4657223751918736e-21
1913,16,4.745323181152344,1.299040391083267,0.9099007226229155,7.82045869769107,7.926858491758179,-0.0003212219306510689,-0.0003428015028822579,0.9985220345112883,0.9984939453348907,0.9985220345112883,0.9984939453348908,0.0,9.134478668645339e-22
1914,16,5.209606647491455,0.676234337673177,0.42962961743940964,8.087706245725263,7.9832549015132805,-0.0003187817919209468,-0.0003497699991711181,0.9984133381766286,0.9985278638823314,0.9984133381766285,0.9985278638823314,0.0,2.0324518725591297e-22
1915,16,5.395008087158203,-0.4785476172906914,-0.14015257010507595,8.098020237533706,8.021949984334746,-0.00040921943223607316,-0.00035574124395753,0.9986010279180023,0.9985855622593967,0.9986010279180023,0.9985855622593965,0.0,5.968382945507818e-22
1916,16,5.5091471672058105,-0.7316896062970696,-0.664806530546921,7.920148382592349,8.04319970898941,-0.00035390791187571837,-0.0003491866778684958,0.9987818973306659,0.9986600868593148,0.9987818973306659,0.9986600868593147,0.0,2.1644032782752386e-21
1917,16,5.635096073150635,-0.5968379066869832,-1.103203854284823,8.08496226271442,8.070357435713573,-0.000277252731037638,-0.00033354227143596733,0.9985464783761894,0.9987497586655542,0.9985464783761893,0.998749758665554,0.0,4.5972344043164075e-21
1918,16,5.354128837585449,-1.901370266714267,-1.4228255158876768,8.118072377011341,8.09503489235539,-0.00035987361905571416,-0.00031361041257287064,0.998893744504808,0.9988767986798149,0.9988937445048078,0.9988767986798148,0.0,6.493504910291573e-21
1919,16,4.940229415893555,-2.0359717645367112,-1.476301639545285,8.162744926517632,8.105524556330696,-0.0002830629533172447,-0.0002806546494628039,0.9990107449928203,0.9990107748457622,0.9990107449928203,0.9990107748457622,5.426378934959785e-20,4.318990383306722e-21
1920,16,5.734399318695068,-1.307587955517161,-1.277016890746137,8.128541681215594,8.103435985383783,-0.00030191506248263006,-0.0002365912720668167,0.9992911774437878,0.9991107806908217,0.9992911774437878,0.9991107806908217,-5.424856122811577e-20,-3.7384779021151216e-21
1921,16,5.8162126541137695,-0.618435449788982,-1.0659537797824579,8.054315029013724,8.113275249897463,-0.00014714512097740992,-0.00019292439678007377,0.9991652677603191,0.9991512598410626,0.9991652677603191,0.9991512598410626,0.0,-7.26213068048101e-21
1922,16,5.676421165466309,-0.4849518931375008,-1.105804385722148,8.071187622267871,8.167573421225677,-0.00010687425755060772,-0.00017810930568649722,0.9990844039497726,0.9991637303805169,0.9990844039497725,0.9991637303805168,-1.356494716811748e-20,-6.787178088878914e-21
1923,16,5.630753517150879,-1.2883345762466225,-1.475283823345059,8.21301028573414,8.275120496591965,-0.0001783377272216885,-0.00020600534383358312,0.9991368851317557,0.999191839323686,0.9991368851317557,0.9991918393236859,0.0,-5.059135844109788e-21
1924,16,5.420598030090332,-2.1215696948576777,-2.0102742937013014,8.431251395346568,8.40522618115023,-0.0002393305426805379,-0.0002625518632134794,0.9991692392830459,0.9992512585539235,0.9991692392830459,0.9992512585539235,2.712759084896053e-20,-5.982478823265841e-21
1925,16,5.50233793258667,-3.1269918990094707,-2.4485462787962784,8.64758703181144,8.502301403675522,-0.0004071819585271202,-0.00031761087134099216,0.9993829009140994,0.999327710586965,0.9993829009140994,0.999327710586965,-5.424358228932193e-20,-9.762937895518662e-21
1926,16,5.504640579223633,-3.0401014880376556,-2.6025074699383675,8.546163154262903,8.525711039549954,-0.00039561530311126107,-0.00033856041382004384,0.9994824848730521,0.9993808024493409,0.999482484873052,0.9993808024493409,0.0,-9.163836409410507e-21
1927,16,5.465649127960205,-2.3233589757619506,-2.5431037268049237,8.483938537648628,8.484557093154603,-0.0003367906765792846,-0.00032382889712981864,0.999421612407668,0.999389138617401,0.9994216124076679,0.999389138617401,0.0,-7.675770406145799e-21
1928,16,5.499566078186035,-1.978424287640812,-2.516205185473742,8.320564667408746,8.405882231334457,-0.00022981311928285938,-0.00029804772299455996,0.9993445430984581,0.999370492983522,0.9993445430984581,0.999370492983522,0.0,-8.799769910033858e-21
1929,16,5.440401554107666,-2.150721966056226,-2.6898607269899477,8.329957995044367,8.311391571352631,-0.00022693211066829278,-0.0002890814205342481,0.9992773957453094,0.9993589618640054,0.9992773957453094,0.9993589618640054,0.0,-1.2173245658983786e-20
1930,16,5.7205424308776855,-3.347063837858368,-3.001239062412592,8.240158928645771,8.19717685976853,-0.00029862822354337836,-0.00029924502094579904,0.9993021182869763,0.9993764992222098,0.9993021182869763,0.9993764992222098,-5.424796728861465e-20,-1.3064397652525685e-20
1931,16,5.665525436401367,-3.882296606899747,-3.19995657940026,8.027662468615079,8.061825189574435,-0.00040077798906779967,-0.000305593438927146,0.9995121341258135,0.9994112307914965,0.9995121341258134,0.9994112307914965,0.0,-5.364762248788494e-21
1932,16,5.522624969482422,-3.0026688743385677,-3.153433284501671,7.967105150804091,7.916094000383895,-0.0002850900442324371,-0.0002874703801979202,0.9993415179957417,0.999429545311506,0.9993415179957417,0.999429545311506,0.0,5.623217816576974e-21
1933,16,5.289052486419678,-3.1539287116058543,-2.957137986820183,7.8050242421466764,7.76744495046649,-0.0003083312337445415,-0.000253710407106335,0.9995059477001541,0.9994166041685248,0.9995059477001541,0.9994166041685248,5.423690449167585e-20,1.2627990125643216e-20
1934,16,5.439784049987793,-2.5559161883271315,-2.7280209055596556,7.525691914535239,7.639843426983153,-0.0001685962026703482,-0.00022423879026735815,0.9994227687605718,0.9993448190761115,0.9994227687605718,0.9993448190761115,0.0,1.0379033387713755e-20
1935,16,5.228323459625244,-2.287678950484872,-2.6209796557149856,7.509543124474587,7.56433566979722,-0.00015389595652430017,-0.000232006999516975,0.9991813118776988,0.999214717229786,0.9991813118776988,0.999214717229786,0.0,5.7777566297571916e-21
1936,16,5.631318092346191,-2.936150244509087,-2.72488721333967,7.701891791155529,7.534174170099717,-0.00032147046785540006,-0.00029030122564756587,0.9989869293693164,0.9990561705573501,0.9989869293693164,0.9990561705573501,0.0,5.30948685042071e-21
1937,16,5.224752902984619,-2.9382918816720056,-3.02315963270743,7.204007675862599,7.528849336254151,-0.0003144616685013661,-0.0003850370976380652,0.9990962219953565,0.9988889852969098,0.9990962219953565,0.9988889852969098,0.0,1.2339619431493183e-20
1938,17,5.668235778808594,-2.796622284519975,-3.531424848105723,7.672676290112472,7.549545998371189,-0.0005133503923077744,-0.000499815275713884,0.9985192312544636,0.998725402328771,0.9985192312544635,0.998725402328771,0.0,2.7098380968438113e-20
1939,17,5.951798439025879,-4.345259700768994,-4.193330552374017,7.615956511480747,7.515219372830011,-0.0006123993511576496,-0.0005988623469471896,0.9984953113121785,0.9986224944645681,0.9984953113121785,0.9986224944645682,1.0858360176581038e-19,4.314223468153066e-20
1940,17,5.433236598968506,-5.498724326478188,-4.714150487107146,7.546924304819458,7.367428923146745,-0.0007811207694054847,-0.0006462559419792915,0.9986447248603273,0.9985754863284558,0.9986447248603274,0.9985754863284558,0.0,4.9329627978960645e-20
1941,17,5.519649028778076,-5.302583615206456,-4.853837056715728,7.090400056317504,7.105749821788777,-0.0006706616130729546,-0.0006230002801991489,0.9987238882380239,0.9985272094246435,0.9987238882380239,0.9985272094246435,1.0855875034673334e-19,4.927110976087078e-20
1942,17,6.002526760101318,-3.8308164668768954,-4.688166736739312,6.581603921301739,6.797431240381794,-0.0004133940222691491,-0.0005608933749546948,0.9983724175029165,0.998450193715089,0.9983724175029166,0.998450193715089,0.0,4.0141313583480966e-20
1943,17,5.776175022125244,-4.399323066235746,-4.4411682254230005,6.551971948630319,6.50238060422286,-0.0004456237996415653,-0.0005072979081718164,0.9982939549680414,0.9983826875459944,0.9982939549680414,0.9983826875459944,0.0,3.1634262453091164e-20
1944,17,5.317504405975342,-4.523106131594806,-4.094906593042541,6.457211991427513,6.2137491603482,-0.0005682121986936537,-0.00046099093340862463,0.9982719100426877,0.9983471197488494,0.9982719100426877,0.9983471197488494,1.0860790147236962e-19,2.2894320679577186e-20
1945,17,5.263471603393555,-3.876062855948327,-3.58528931068911,5.799814837331267,5.944439048368589,-0.0004393237504374285,-0.0003977798362909834,0.998478301649702,0.9983240584385971,0.9984783016497021,0.998324058438597,-5.429272577552101e-20,6.7741772804530924e-21
1946,17,5.611374855041504,-2.544991973313536,-3.016411707116948,5.648094649600656,5.78234514748533,-0.0002733518491221667,-0.0003286908679135333,0.9982643623607791,0.9982742995129812,0.9982643623607791,0.9982742995129811,0.0,-2.377780721460371e-21
1947,17,5.5029096603393555,-2.3752214907294484,-2.5897790177158146,5.657122798124795,5.775247350544091,-0.0002288619865764076,-0.0002836102696260059,0.9981772875391483,0.9982044467346343,0.9981772875391481,0.9982044467346342,0.0,-3.690736182434618e-21
1948,17,5.164951324462891,-2.4691239442501525,-2.356665221730105,5.8677372126782235,5.903778859000017,-0.00028735532113873614,-0.00027293818574327907,0.9981626066083713,0.9981287730257847,0.9981626066083713,0.9981287730257847,0.0,-4.435720671973398e-22
1949,17,5.169037342071533,-2.2171783643803296,-2.266572793374903,6.227590582558463,6.094482920859101,-0.00032203581542179864,-0.00028528061861417996,0.9980542633415621,0.9980545160307387,0.998054263341562,0.9980545160307387,0.0,5.564145601932618e-21
1950,17,4.915140628814697,-2.1144768863264565,-2.285708423296759,6.342938549545482,6.262995777152553,-0.0002622237424484822,-0.0003128310414047462,0.9978756024616806,0.9979983537612421,0.9978756024616806,0.9979983537612421,0.0,1.2514689695639273e-20
1951,17,5.036609649658203,-2.6006789810441697,-2.357679000887719,6.39033891124996,6.375131844931148,-0.0003291742059211036,-0.00035729501213315455,0.9979488112728484,0.9979689048150264,0.9979488112728484,0.9979689048150264,5.432153233905069e-20,1.5585322293223574e-20
1952,17,5.242461681365967,-2.8618370598664287,-2.3822853465634535,6.441693035121863,6.43800991102761,-0.000534546239632984,-0.0004031073421739275,0.9981557772749357,0.9979293654191478,0.9981557772749358,0.9979293654191478,0.0,8.424986550553304e-21
1953,17,5.218990802764893,-1.9956413534175905,-2.370839042256274,6.3600053342254395,6.471514735351774,-0.0003892590226834591,-0.00043165183971999923,0.9978911651065848,0.9978444760837335,0.9978911651065848,0.9978444760837335,0.0,-3.542937772738104e-21
1954,17,5.495095252990723,-1.533101852056512,-2.488921996979362,6.541972374099091,6.488505106374095,-0.00032517337429871366,-0.0004634947272624911,0.9974452301056767,0.99775930231089,0.9974452301056767,0.9977593023108899,0.0,-1.4090445367521356e-20
1955,17,5.037292957305908,-3.46193667758115,-2.733307078231539,6.563460158631874,6.468133655610885,-0.0005943560041494566,-0.0005042331706983274,0.9977665538301483,0.9977281010733714,0.9977665538301482,0.9977281010733714,-1.0866291000871436e-19,-1.5304737809740876e-20
1956,17,4.751143932342529,-3.6215720210685425,-2.8103348832364867,6.388674058063789,6.406309787839741,-0.000626890546226789,-0.0005171167719313442,0.9979006128271015,0.9977067233341492,0.9979006128271015,0.9977067233341492,1.0864831212137513e-19,-2.4211503677645554e-21
1957,17,4.903931617736816,-2.108247797808225,-2.6751118385017447,6.2207420343072295,6.335352046772258,-0.0004556975001890086,-0.0004953232819045227,0.9977031181737412,0.9976555814648439,0.9977031181737411,0.9976555814648439,-5.433490949041518e-20,7.732608176062997e-21
1958,17,4.7909770011901855,-1.665553712481134,-2.5892616166643463,6.31637969277491,6.279389009804951,-0.00034019786746606473,-0.00047606175902069103,0.9973306306024219,0.9976127083982913,0.9973306306024219,0.9976127083982913,0.0,2.4712735367453923e-20
1959,17,4.946400165557861,-3.308691030136287,-2.6028526310857694,6.245842244126639,6.223499237900089,-0.0005359404178105696,-0.00048013191229737487,0.9976879210047832,0.9976251895093656,0.9976879210047832,0.9976251895093656,1.086714742816162e-19,4.379280581187554e-20
1960,17,4.830671787261963,-3.055591980283112,-2.44579057487649,6.196155800391176,6.157851084252538,-0.0005183500203619809,-0.0004808805435472459,0.9976855039888191,0.9976484292803355,0.9976855039888191,0.9976484292803355,0.0,5.158367148181125e-20
1961,17,5.314759254455566,-1.9910461586457524,-2.069709125892371,6.072602277102963,6.087289968109463,-0.000542536722779068,-0.00046257295414708894,0.9978266303435599,0.997638020073679,0.9978266303435599,0.997638020073679,1.08656367701091e-19,5.0847058186737177e-20
1962,17,5.052365303039551,-0.8770182294765259,-1.700570934308478,5.9035853117822805,6.031109989748205,-0.00031378267091641484,-0.00043469307581558335,0.9975019209736119,0.9975845471008222,0.9975019209736118,0.9975845471008222,0.0,3.655790068845637e-20
1963,17,5.353706359863281,-1.6145595219771307,-1.519782210492347,6.058811993512288,5.995819471220523,-0.0004211541205015677,-0.0004268605440681183,0.9974137242907576,0.9975392634905607,0.9974137242907576,0.9975392634905607,5.435067445339498e-20,1.5661240187799728e-20
1964,17,5.2565436363220215,-1.7971627856748766,-1.4211131081737498,6.014148417305783,5.947294656170906,-0.00045603919216755123,-0.00043262681202367766,0.9975137854161495,0.9975298669173891,0.9975137854161495,0.9975298669173891,-5.434522250903979e-20,-9.475733629143255e-21
1965,17,5.21454381942749,-1.3982873408694283,-1.2908005831360216,5.911391892474958,5.86747620356061,-0.0005046165925487994,-0.00043500428895445293,0.9976801130065802,0.9975325805775648,0.9976801130065802,0.9975325805775647,0.0,-3.0351937074955436e-20
1966,17,5.078661918640137,-0.8263006475132805,-1.1619342162742285,5.683034696052096,5.770492421077147,-0.00036105697583584486,-0.0004305950388930322,0.9975134823380979,0.9975201287234597,0.9975134823380979,0.9975201287234596,-5.434523902094109e-20,-4.7991822422261837e-20
1967,17,4.653594970703125,-1.0613892433133116,-1.1077544779140647,5.70453948166234,5.683752190182212,-0.0004033650866459069,-0.0004359924728022759,0.9973355911935723,0.9975142639531814,0.9973355911935722,0.9975142639531813,-5.435493238479405e-20,-5.734703264420751e-20
1968,17,4.762226581573486,-1.641862638983699,-1.0890794631421317,5.6009377537215155,5.6097399400312815,-0.0005348638548347217,-0.0004464908221725584,0.9976759900789535,0.9975308780165322,0.9976759900789535,0.9975308780165322,-1.0867277385313276e-19,-5.269771319221011e-20
1969,17,4.633331775665283,-0.8000336013928342,-1.0703036280200289,5.487549870044565,5.550070505995496,-0.00044736391046770074,-0.00044737472535603164,0.9975994371158975,0.9975332354017913,0.9975994371158975,0.9975332354017913,0.0,-3.283703438883729e-20
1970,17,4.862329483032227,-0.4423506273573667,-1.186313640735396,5.448968659039843,5.499369117750153,-0.0003498560877013578,-0.00045283181659103633,0.997444097501539,0.9975267067215945,0.997444097501539,0.9975267067215944,0.0,-1.3478043292975675e-20
1971,17,4.80663537979126,-1.7958385242495198,-1.4566804540692064,5.5276245184160215,5.424129895358673,-0.00048579490763595576,-0.00047581765619867457,0.9974543500765669,0.9975465504265716,0.9974543500765668,0.9975465504265715,0.0,-2.183957102565484e-21
1972,17,4.780854225158691,-2.2009753174758506,-1.6409564487090367,5.403751598462905,5.276424795410311,-0.000531335925822153,-0.0004933928207754493,0.9975929295678587,0.9975962773665348,0.9975929295678587,0.9975962773665347,0.0,1.49182287338531e-21
1973,17,5.188276290893555,-1.997622852508464,-1.6044744846582333,5.0573506628204035,5.052458616930369,-0.0005981207941279048,-0.0004804195341984374,0.9978510197504916,0.9976386023887078,0.9978510197504916,0.9976386023887078,0.0,-1.501496872623798e-22
1974,17,4.965156078338623,-0.8867090883570026,-1.4787219099544042,4.775689377578804,4.8039994159583514,-0.0004072382750228704,-0.00043651352998133505,0.9976197152061607,0.9976451558664012,0.9976197152061607,0.9976451558664013,0.0,-5.137365372472836e-21
1975,17,4.860210418701172,-0.6324066699781031,-1.5294556456866966,4.452275348137926,4.593467863682089,-0.0002474275819627608,-0.0004028987864232864,0.9974241517921724,0.9976586167033198,0.9974241517921723,0.9976586167033199,0.0,-1.1125185097706692e-20
1976,17,4.9313883781433105,-2.521180149208063,-1.7668987169118004,4.461101456675591,4.461079001324852,-0.0004376650787537281,-0.0004067483385998439,0.9977495824364847,0.9977101171205802,0.9977495824364847,0.9977101171205803,-5.433237916461484e-20,-1.2944519629594402e-20
1977,17,4.482520580291748,-2.5608383913524717,-1.8952888272065112,4.4083395790237505,4.3940921510057205,-0.0005205815331871224,-0.00041983309734293015,0.9979337939540476,0.9977482573082214,0.9979337939540477,0.9977482573082215,0.0,-4.668841949510803e-21
1978,17,4.711492538452148,-1.4387274524214217,-1.8681224059795354,4.381906819739417,4.368481577783287,-0.0004477627055827521,-0.0004203452013595419,0.9978045332527982,0.9977318937973061,0.9978045332527982,0.9977318937973062,0.0,6.3652201102716436e-21
1979,17,4.52386999130249,-0.9793217668426552,-1.9136358758757304,4.29612813982284,4.36672176969485,-0.0002724244518103568,-0.0004290528087164373,0.9974514457961683,0.9976987472934506,0.9974514457961683,0.9976987472934506,5.434861902576579e-20,1.030255332747666e-20
1980,17,4.5887556076049805,-2.4993591451975066,-2.0798608001983183,4.400529956258446,4.370958389681438,-0.0004795475448142211,-0.0004715429894406928,0.9976644447054257,0.9977072386326009,0.9976644447054258,0.9977072386326009,0.0,-5.211767923067676e-22
1981,17,4.561958312988281,-2.8406108992401253,-2.069445512151854,4.368018403367995,4.341202992463617,-0.0005735065732113022,-0.0005187952072093103,0.9978644184173905,0.9977271442859335,0.9978644184173905,0.9977271442859335,0.0,-1.803776577610789e-20
1982,17,4.654610633850098,-1.964520210229049,-1.7236051460164177,4.428306620936176,4.244265432561987,-0.0006329167989651782,-0.0005352996713899857,0.9978087091492518,0.9977023391140664,0.9978087091492517,0.9977023391140664,-1.0865831922933537e-19,-2.826379525558586e-20
1983,17,4.721735954284668,-0.7597774199119406,-1.2276252331508097,4.038224941489904,4.076301159861466,-0.0004647277485988998,-0.0005152994600056479,0.9975929539041334,0.9976329572652441,0.9975929539041334,0.997632957265244,0.0,-1.785936342931827e-20
1984,17,4.704958438873291,-0.42696720000198274,-0.8831594681388635,3.8837809428866676,3.899566227205036,-0.0004891049064362109,-0.0004890710664325419,0.9975665970004587,0.9975669053682786,0.9975665970004586,0.9975669053682785,0.0,4.875626902664101e-22
1985,17,4.552732467651367,-0.35382790836007516,-0.8030271402258166,3.662245125779843,3.7778673487439285,-0.00038310790132876893,-0.00047747588247009265,0.9973983635909685,0.9975472686019756,0.9973983635909685,0.9975472686019755,5.435151149546772e-20,1.3186330053633218e-20
1986,17,4.2743730545043945,-1.2085462744367494,-0.85088147146441,3.695140831660273,3.7551970778066384,-0.000498701208928915,-0.00048812391630336736,0.9975910520801448,0.9975996940047899,0.9975910520801446,0.9975996940047898,0.0,1.1874983334743878e-20
1987,17,4.617037296295166,-1.3980761701010471,-0.7174823717013743,3.9627413901281354,3.82586769641827,-0.0005887457595659499,-0.0004948879035335241,0.9976502410473005,0.9976941640319852,0.9976502410473005,0.9976941640319851,0.0,2.1784752109084057e-21
1988,17,4.479791164398193,-0.45392810180588855,-0.24987228038421405,3.853809742303926,3.9633363819530225,-0.0005148463693829241,-0.0004755429414955737,0.9979690665823623,0.9977796682593016,0.9979690665823622,0.9977796682593015,0.0,-1.1183567751486522e-20
1989,17,4.630334854125977,0.8487507041330519,0.4031616956596896,4.079583267372488,4.175296925567078,-0.0003181601382238964,-0.0004468447981812021,0.9977528012482139,0.9978058675763548,0.9977528012482139,0.9978058675763547,-5.433220388502744e-20,-2.437543885015448e-20
1990,17,4.546545028686523,0.8883573317470667,0.9956211774505451,4.592228378374756,4.432605691113281,-0.0004863094662761402,-0.00043695329570483515,0.9978546782657056,0.9977837888724611,0.9978546782657057,0.9977837888724611,0.0,-3.2349964128871793e-20
1991,17,4.463438034057617,1.6986799372769728,1.4155127197175474,4.721672640132941,4.675696077812343,-0.0004561058415626734,-0.00043520113426497503,0.9977284027586865,0.9977291567698777,0.9977284027586865,0.9977291567698778,-5.433353252687409e-20,-3.698898036674631e-20
1992,17,4.561606407165527,1.888741615885256,1.5783225576980318,4.860358489728846,4.899328386980902,-0.00039671476970508043,-0.00043928943662033796,0.9976025889965626,0.9976788924024879,0.9976025889965625,0.997678892402488,-5.43403848608717e-20,-3.260425941660533e-20
1993,17,4.3787431716918945,1.4133230086996416,1.5233744008933476,5.1905663869336784,5.126455549906152,-0.00046522279073511166,-0.00045531383894340357,0.9975507292300626,0.9976691486675595,0.9975507292300627,0.9976691486675596,0.0,-1.8969065847195482e-20
1994,17,4.435351848602295,1.0246688319133692,1.420159557727285,5.248633761790431,5.3759686740533095,-0.0005048557243687043,-0.00047657884125405244,0.9978151822969115,0.9976968534337874,0.9978151822969115,0.9976968534337876,0.0,-3.6859978047919024e-21
1995,17,4.595703125,1.5312093028857805,1.3886691540160936,5.535120096451873,5.6753320873440725,-0.000481998805697497,-0.0004988182958745283,0.9977955736657667,0.9977185810491587,0.9977955736657665,0.9977185810491587,0.0,1.1091760236403409e-20
1996,17,4.729016304016113,1.6148518052199565,1.404353836836173,6.140103892475939,5.997737642980381,-0.0004860380615230375,-0.000527684047324057,0.9975288844665262,0.9977309446512704,0.9975288844665263,0.9977309446512703,0.0,2.534355325761528e-20
1997,17,4.847428321838379,0.7489433786671456,1.477137638720669,6.29332580297836,6.265999123787418,-0.0006241375472443906,-0.0005615272368424146,0.9978968375082374,0.997751520444203,0.9978968375082373,0.9977515204442029,1.0864872316789508e-19,3.303294555594459e-20
1998,17,4.997371673583984,1.9908650075427443,1.6410489729651054,6.487401845603994,6.444042592507638,-0.0006113796873969788,-0.0005876871086027382,0.9978428171987244,0.9977448187307144,0.9978428171987245,0.9977448187307143,0.0,2.4699207578744006e-20
1999,17,4.572277545928955,2.479232575188606,1.7194756889954261,6.498470924202823,6.522273987459974,-0.0005026810688987117,-0.0006142249918292741,0.9975689204149087,0.9977177023857282,0.9975689204149087,0.9977177023857282,0.0,1.3464392098727801e-20
2000,17,4.876805782318115,1.2947794694792174,1.6638517835956785,6.535927224902082,6.506650637560795,-0.0006784427690746697,-0.0006529127871618983,0.9976647704141691,0.9977109310665059,0.9976647704141691,0.9977109310665059,0.0,9.265164030377544e-21
2001,17,4.8840250968933105,1.1264146617729625,1.702704414880703,6.455008333743826,6.400818389219002,-0.0007301953777285301,-0.0006789030106947749,0.9977626291163244,0.9977151202575137,0.9977626291163244,0.9977151202575137,0.0,1.4086452148040168e-20
2002,17,5.108136177062988,1.7393777016533893,1.9513103306796717,6.254878710612971,6.221511759840163,-0.0007501720488558664,-0.0006707820089629063,0.9978864848270671,0.9976949839493615,0.997886484827067,0.9976949839493615,0.0,2.4115211364041622e-20
2003,17,4.575878143310547,2.908961372507171,2.268067920037067,5.951419744865234,6.010308772878616,-0.0005867079980690261,-0.0006346287980336609,0.9976069583314073,0.9976447693677477,0.9976069583314073,0.9976447693677477,1.0868029371997723e-19,2.758524854112834e-20
2004,17,4.129428386688232,2.9567724923177505,2.444880264419403,5.7871876830135935,5.819857549052627,-0.0004977989403673064,-0.000604407042716868,0.9973366281408341,0.9976263349012149,0.9973366281408341,0.9976263349012149,0.0,1.0503491870166519e-20
2005,17,3.9517221450805664,1.849981451308522,2.5397215183831867,5.697282128793462,5.680950127568796,-0.0006535279196265549,-0.0005931688257899306,0.9976954074531013,0.99767654076056,0.9976954074531011,0.9976765407605601,0.0,-1.4449305370283537e-20
2006,17,4.245395660400391,2.075400542779932,2.7985860385932027,5.4862737022043655,5.60801869732069,-0.0006716434593702292,-0.0005745176372800926,0.9980312496572439,0.9977193327215708,0.9980312496572439,0.9977193327215708,-1.086340906517561e-19,-2.976702094225531e-20
2007,17,4.336703300476074,3.9229173263580135,3.178115080930203,5.582668135533161,5.607194052833529,-0.00048782143758969033,-0.0005446536696680536,0.9976524600891571,0.9976878192761053,0.9976524600891571,0.9976878192761052,0.0,-2.0783486720212575e-20
2008,17,4.345559597015381,3.9969152071999505,3.3629806191552962,5.609285786733947,5.637681245761528,-0.00044693623939639154,-0.0005372082423451468,0.9975639501300101,0.9976320398688788,0.99756395013001,0.9976320398688787,0.0,5.956003873560546e-22
2009,17,4.023056983947754,3.2245737277494566,3.3089279623751175,5.843113332572578,5.635238146431245,-0.0005415483989303051,-0.0005651725080675102,0.9974158705402693,0.9976119395010407,0.9974158705402693,0.9976119395010407,0.0,2.274114299264134e-20
2010,17,4.132699012756348,2.2913498215623753,3.2717844029689136,5.63365103139345,5.542828824765291,-0.0006886199002707907,-0.0005999750631799237,0.9977199317572861,0.9976395125018864,0.9977199317572861,0.9976395125018864,1.0866798767625068e-19,3.354653376487029e-20
2011,17,4.237796306610107,3.479139930050458,3.4400502123985452,5.276099512849686,5.390203192725092,-0.0006821625794028156,-0.000603898383910138,0.9978293817202046,0.9976519274143704,0.9978293817202046,0.9976519274143704,0.0,1.9228877677413248e-20
2012,17,4.221850872039795,4.079819860847097,3.621250548592856,5.118894423731053,5.251334070155899,-0.0005383355508425239,-0.0005784051639384008,0.9976744401369708,0.997615051717687,0.9976744401369707,0.997615051717687,0.0,-9.181653192502253e-21
2013,17,4.444011688232422,4.391362930171463,3.587261840779165,5.237281884860956,5.1529644901587615,-0.0004546578633960656,-0.0005593900137808754,0.9973315924385938,0.9975755405862419,0.9973315924385937,0.9975755405862418,-5.435515031838618e-20,-3.9874879233656506e-20
2014,17,4.519501686096191,2.7633453422769385,3.362979401893976,5.108443405872864,5.068446942411184,-0.0005718891331531485,-0.0005651898850747415,0.9975502333337656,0.9975968078094916,0.9975502333337655,0.9975968078094914,-1.0868647374901135e-19,-6.07201757885291e-20
2015,17,4.487048625946045,2.4167862682805024,3.260780838669144,5.035574448754956,4.993604470560771,-0.0006526635734435499,-0.0005719748777408614,0.9977495470355389,0.9976528369633667,0.9977495470355389,0.9976528369633667,0.0,-6.853105704032985e-20
2016,17,4.284951210021973,3.602280394291265,3.36818987484734,4.91353230770417,4.950765018876577,-0.0005958963542056857,-0.0005561207059464934,0.9977737060389766,0.9976866730705891,0.9977737060389766,0.9976866730705891,-1.0866213109479872e-19,-7.283630705555578e-20
2017,17,4.226133823394775,3.883724391108371,3.426754662059176,4.872641667867715,4.9779818433320875,-0.0004971252759742201,-0.0005282799357481654,0.9976918658475985,0.9976811224145765,0.9976918658475986,0.9976811224145765,-1.0867104459796414e-19,-6.558680317504741e-20
2018,17,4.207791328430176,3.449234157862902,3.231804390665916,5.038904089519222,5.093101303967768,-0.00045090842903923657,-0.0005186565667071843,0.9976061866782404,0.9976618792120839,0.9976061866782404,0.9976618792120839,0.0,-5.0027890419693836e-20
2019,17,4.280588626861572,2.8659562023516076,2.7953253564185707,5.2937859498400295,5.265219308517426,-0.0005078177550454569,-0.0005429100258567756,0.9976079176670976,0.9976616452402153,0.9976079176670977,0.9976616452402153,0.0,-4.441302293225182e-20
2020,17,4.090404510498047,2.0677372713784323,2.2622941022616265,5.568003099761721,5.435463126412065,-0.0006315844225727864,-0.0005846014837467628,0.9976823180683612,0.9976878399468506,0.9976823180683613,0.9976878399468507,-1.0867208457544446e-19,-4.782816236161195e-20
2021,17,3.9312968254089355,1.5508337780848993,1.8063596909371407,5.569155535783708,5.563382318787064,-0.0006908163392449055,-0.0006120935700210548,0.9977973353214952,0.9977217209867543,0.9977973353214952,0.9977217209867543,0.0,-4.3659631298172614e-20
2022,17,4.373414516448975,1.5316507433656474,1.5077643391666469,5.556774810005692,5.662912457042915,-0.000534344034180677,-0.0006162679445396217,0.9976647399380171,0.997744747746515,0.997664739938017,0.9977447477465149,-1.0867399929888911e-19,-3.028037777950739e-20
2023,17,4.657745838165283,1.2024397897727819,1.3300338123591215,5.811112743057231,5.753088582358067,-0.0006196848301855903,-0.0006157292451660482,0.9977622405562576,0.997760000680785,0.9977622405562577,0.9977600006807849,0.0,-2.1551073855909497e-21
2024,17,4.5297441482543945,1.1005729262718522,1.2089734342579885,5.830056982270709,5.819021713510506,-0.0006741166649893645,-0.0006064580243455997,0.9978971989637138,0.9977481932213389,0.9978971989637138,0.9977481932213389,1.0864868381346452e-19,2.134919399913382e-20
2025,17,4.7037153244018555,1.5612481667429263,1.026133907264605,5.8628127439987585,5.8580399071089895,-0.0005622063999025811,-0.0005844419984288264,0.997653511651182,0.9976971041851016,0.9976535116511819,0.9976971041851017,0.0,2.2359164077853796e-20
2026,17,4.6566877365112305,0.8645613138427454,0.6599744172301227,5.83487541999235,5.877261623743728,-0.0004762694062559778,-0.0005689774134768672,0.9974859979877005,0.9976457432823347,0.9974859979877005,0.9976457432823348,0.0,1.3381843807937122e-20
2027,17,4.542163372039795,-0.26969787947293417,0.19171147123442997,5.878305348762164,5.882693066398908,-0.0006126732115620155,-0.0005690893483556599,0.9977104926465615,0.9976164980612752,0.9977104926465616,0.9976164980612753,0.0,5.64707640021159e-21
2028,17,4.585354328155518,-0.20552027410564297,-0.21686405522546515,5.909456796722727,5.8649226333839035,-0.0005948914948269312,-0.0005620171246764408,0.9976556704674961,0.9975782481531025,0.9976556704674961,0.9975782481531026,0.0,2.9600577602662323e-21
2029,17,4.621004104614258,-0.4600640599189079,-0.5543246669393224,5.930791139462911,5.813145784010554,-0.000538015017389359,-0.0005356318019849131,0.9973997547788842,0.997527062258743,0.9973997547788843,0.9975270622587431,0.0,5.554152041647963e-21
2030,17,4.622557163238525,-1.1081068147419686,-0.8389732387520473,5.635049039780467,5.743251848312939,-0.0005226171445405052,-0.0004941016831338117,0.9975919165473782,0.997484441822644,0.9975919165473782,0.9974844418226441,0.0,1.1548419237199847e-20
2031,17,4.49837589263916,-0.651772964263997,-1.0782028856407821,5.668493950356854,5.708346967850206,-0.00038369303966199244,-0.00044808912675198476,0.9973218487126678,0.9974422601370153,0.9973218487126678,0.9974422601370154,5.435568136228946e-20,1.5703625788566476e-20
2032,17,4.942027568817139,-1.5490729574012156,-1.329735822224805,5.68079908433682,5.7290423069273135,-0.000415939655900966,-0.0004129419813073897,0.997419497393985,0.9974089064405381,0.997419497393985,0.9974089064405381,0.0,1.1626776084073582e-20
2033,17,5.190359592437744,-1.8689569318475292,-1.5375055880417243,5.830401883208208,5.797031319883625,-0.0004289363830466862,-0.00038304576445144295,0.9974687292336716,0.9973589656147538,0.9974687292336716,0.9973589656147538,0.0,5.144721025107018e-21
2034,17,5.1709465980529785,-1.6186344589572144,-1.712463511880805,5.886894391196282,5.886104257355335,-0.0003999915678469257,-0.00035186459765953435,0.9973850479968909,0.99726914206594,0.997385047996891,0.99726914206594,0.0,1.092765922704762e-21
2035,17,5.702903747558594,-1.1147411059936785,-1.991684615607413,6.002648651236099,5.977403791272556,-0.00017099314114963666,-0.0003332013647676289,0.9968693309639823,0.997165159601475,0.9968693309639824,0.997165159601475,0.0,1.3985378216454367e-21
2036,17,5.717502593994141,-3.030421076265359,-2.4358780224905554,6.070481260544951,6.057324198599374,-0.00039243570308705234,-0.0003481236475204334,0.9971709345135453,0.9970980126462943,0.9971709345135454,0.9970980126462944,0.0,7.049229284791123e-21
2037,17,5.6514105796813965,-3.1436648087616375,-2.856673653427443,6.072874636463034,6.121764074726064,-0.00043068823361981184,-0.0003718861665804613,0.997230951539663,0.99703693321697,0.997230951539663,0.9970369332169701,0.0,1.7892579371992597e-20
2038,17,5.094366073608398,-2.7122013500952575,-3.2134122423284275,6.288866946437933,6.168994394470031,-0.00035891014065925935,-0.00038585248021959684,0.9968164144007833,0.9969668952263938,0.9968164144007832,0.9969668952263938,5.438324233140019e-20,2.984610786332836e-20
2039,17,5.110225200653076,-3.840474269063427,-3.566084445850697,6.219735943009001,6.192604020383708,-0.00039485977434487886,-0.0003922276744924083,0.9969194932726285,0.9969302064550266,0.9969194932726285,0.9969302064550266,5.437761924618152e-20,3.44446199788425e-20
2040,17,4.984999179840088,-3.7445546662664357,-3.8472733802163144,6.234444383992034,6.22638697066413,-0.00039616283615722737,-0.0003889135927940162,0.9968906569436384,0.9969317582601661,0.9968906569436383,0.9969317582601661,0.0,3.205232634777598e-20
2041,17,5.520901203155518,-4.290935602607468,-4.032461900027597,6.2589133047274546,6.324792561823483,-0.00039411218392048703,-0.0003730164278548606,0.9969849571009152,0.9969559251763048,0.9969849571009152,0.9969559251763049,5.437404871374409e-20,2.93046592138801e-20
2042,17,5.676678657531738,-4.525628438275538,-4.106521397538103,6.50226840442582,6.5419466399491055,-0.0004355800875552177,-0.00034620474900002945,0.9971295707631969,0.9969740724420613,0.9971295707631969,0.9969740724420613,0.0,2.536421539791272e-20
2043,17,5.719488143920898,-3.186305529810794,-4.166871405041722,6.553498580552674,6.907253505121726,-0.00013558230760253644,-0.00032528520223055937,0.996885296776649,0.9969765824339757,0.996885296776649,0.9969765824339757,2.7189742290090635e-20,2.2888624897793474e-20
2044,17,6.432847499847412,-4.331208497862351,-4.390628848537551,7.567774627268359,7.402221178508812,-0.0003770235990525354,-0.00034280291908285503,0.9968603409314541,0.9970002882902583,0.9968603409314541,0.9970002882902583,5.438084594038715e-20,1.858906464970132e-20
2045,17,5.8944993019104,-5.129151190628301,-4.661198232737446,8.058625462175014,7.901101341707391,-0.0004313820791500976,-0.00037871893260406673,0.997088502019637,0.997053892936532,0.997088502019637,0.997053892936532,0.0,1.1275157352151315e-20
2046,17,6.372142314910889,-5.03837359698543,-4.800612585087783,8.264654179503722,8.31318310907821,-0.00046104969975469434,-0.00041224601441042507,0.9972874455063099,0.9970978957199098,0.9972874455063099,0.9970978957199098,-5.435755645831223e-20,1.0315176416033957e-20
2047,17,6.102468967437744,-4.117503970253725,-4.79704166092714,8.615145719887304,8.60805727792172,-0.00031507589129179764,-0.00044619239308127075,0.9969538334977905,0.9971079791453925,0.9969538334977905,0.9971079791453924,5.4375746200885e-20,1.91416876924213e-20
2048,17,6.059378623962402,-5.170227341901806,-4.696677619868062,8.814802113680274,8.753534522421491,-0.00048697985169699707,-0.0004924165286561475,0.997086956771395,0.9971095192529689,0.997086956771395,0.9971095192529686,5.436848637536047e-20,2.2889246970942566e-20
2049,17,6.478641510009766,-5.23908199937408,-4.385151604613167,8.92967570124108,8.720812559939136,-0.0006978598305745852,-0.0005242653050662737,0.9972455188997912,0.9970916385729148,0.9972455188997912,0.9970916385729147,0.0,1.54226103032029e-20
2050,17,6.210281848907471,-3.6688779155850004,-3.9117368988899224,8.457435584045774,8.517461346982177,-0.0005358141823251909,-0.0005163036226861542,0.997136153892749,0.9970358218845699,0.997136153892749,0.9970358218845699,0.0,2.320357386431144e-21
2051,17,5.572423934936523,-2.569632680210099,-3.608753283566948,8.159456441596335,8.215858552283995,-0.00035239757675195577,-0.0004979350810685694,0.9968092076752776,0.9969773138428747,0.9968092076752776,0.9969773138428747,0.0,-1.3272795762659257e-20
2052,17,6.393399238586426,-3.2938599523610748,-3.710802236498004,7.847475633487862,7.880824982214976,-0.0004637512586983428,-0.0005059979609621605,0.9968707173671831,0.9969809638570116,0.9968707173671831,0.9969809638570117,-5.438027988970179e-20,-2.9029777674713957e-20
2053,17,6.296112537384033,-4.650388269092095,-4.053095226737193,7.667247476434616,7.550960819183069,-0.0005656531822508401,-0.0005268868764274822,0.9969731881294727,0.9970547231257296,0.9969731881294727,0.9970547231257297,0.0,-4.0341722743967526e-20
2054,17,5.721865653991699,-4.952335815203634,-4.300883290090042,7.109964553438286,7.258888950369558,-0.0006237793860009516,-0.0005246993569030827,0.9973927398897537,0.9971517099359707,0.9973927398897537,0.9971517099359708,-1.0870363590227718e-19,-4.622219525065856e-20
2055,17,5.692019939422607,-4.279950729651978,-4.328405467815459,7.0886037544970195,7.058884768372182,-0.0005045543115507582,-0.00048060197514353947,0.9971877486303524,0.9972107237607749,0.9971877486303524,0.997210723760775,0.0,-4.0139996154219463e-20
2056,17,5.890361785888672,-4.139926375816293,-4.267913213603415,6.867585651209123,6.967647594887604,-0.0003497222391195593,-0.00041350353584999373,0.9972001685039187,0.9972418399161502,0.9972001685039187,0.9972418399161502,-5.436231394305284e-20,-2.9702463756644994e-20
2057,17,6.165866374969482,-4.384691320901942,-4.278981119082166,7.056987951068133,6.991283674867592,-0.0003693906915942608,-0.0003532331239970031,0.9973290958855633,0.9972640341783984,0.9973290958855632,0.9972640341783984,0.0,-1.6391804203980754e-20
2058,17,5.988224506378174,-3.899002715605991,-4.483930764946017,7.008641527588619,7.111023484263614,-0.00030661321452210463,-0.00031213479291031726,0.9973033862127059,0.9972859914005503,0.9973033862127059,0.9972859914005504,0.0,-5.0889934610645815e-21
2059,17,6.2577314376831055,-4.5562024873608,-4.981087238301146,7.264699478226845,7.312578324809643,-0.0002088035202888012,-0.00030205339547340846,0.997171761098206,0.9973350823323567,0.9971717610982062,0.9973350823323568,0.0,2.9379392235907233e-21
2060,17,6.135964393615723,-6.082030026421772,-5.6549859043425625,7.608350120712371,7.5500764762357315,-0.0003380095411902955,-0.0003269861061332485,0.9974208910301756,0.9974365845427151,0.9974208910301756,0.9974365845427151,0.0,9.13316968035935e-21
2061,17,6.296883583068848,-6.700261066641172,-6.24303956071071,7.891245047138394,7.758934716651702,-0.00045417887817986863,-0.0003619631439315271,0.9976464221742506,0.9975644373632192,0.9976464221742506,0.9975644373632192,0.0,1.3697708905525962e-20
2062,17,6.255577564239502,-6.5725624231084225,-6.621123514341518,7.820297432184318,7.899753064936075,-0.000389662740280157,-0.0003854207728474441,0.9977530101585278,0.9976811489488121,0.9977530101585278,0.997681148948812,5.433219250890765e-20,1.2615595519480607e-20
2063,17,6.1605753898620605,-6.402169191105768,-6.838970305179283,8.012815088820007,7.97308569070373,-0.0003078027632197382,-0.00040598542640383383,0.9976142218737964,0.9977794056849384,0.9976142218737964,0.9977794056849384,0.0,1.2783087560599227e-22
2064,17,5.980439186096191,-7.421916147871512,-6.932206519555897,7.999813172720173,7.9679833014638755,-0.00046981947884566094,-0.00043306312382298114,0.9979379171924209,0.997867867886464,0.9979379171924208,0.997867867886464,0.0,-1.745618273028136e-20
2065,17,6.116543292999268,-7.217031257016431,-6.8333026501060665,7.939202514362577,7.88243074163535,-0.0005414898931130368,-0.00044815058209908256,0.9981143477760203,0.9979140059166779,0.9981143477760203,0.9979140059166779,-1.0862504630870235e-19,-2.917022923357419e-20
2066,17,6.1263346672058105,-6.04800933725101,-6.628712271927839,7.659343571641771,7.732373889523666,-0.0004078420805327258,-0.0004442530129195177,0.9979067600960686,0.9979107569493383,0.9979067600960686,0.9979107569493384,0.0,-2.476104303038151e-20
2067,17,6.391654968261719,-5.9881864448439,-6.520564469271084,7.57843021382664,7.548621045759475,-0.0003509995364452587,-0.00044422189033206026,0.9976250333757878,0.9979203161539112,0.9976250333757879,0.9979203161539113,0.0,-1.5944818416058478e-20
2068,17,6.439477443695068,-6.659843835936739,-6.514973007611926,7.4059352201755,7.345549966773881,-0.00042629913493730806,-0.0004594804242457721,0.9978519373626997,0.9979965709768183,0.9978519373626998,0.9979965709768183,0.0,-1.1639000893945732e-20
2069,17,6.5142083168029785,-7.555241756434005,-6.417041254941791,7.118349348273188,7.145698855959864,-0.0006672436544420474,-0.0004669109541859658,0.9984769037247232,0.9980898049843768,0.9984769037247233,0.9980898049843768,0.0,-1.2913051911037353e-20
2070,17,6.333868503570557,-5.771101518000664,-6.123179713181623,6.814703695386996,6.990570170137603,-0.0004109776470528915,-0.00044128267474286264,0.9981817773810252,0.9981122409620338,0.9981817773810252,0.9981122409620338,-5.430885421141302e-20,-1.498324381438587e-20
2071,17,6.44624137878418,-4.9744760023710235,-5.864731375954724,6.8993121301006894,6.904140477352324,-0.000306011866619689,-0.0004142401142898871,0.9979224648846988,0.9980897819892817,0.9979224648846988,0.9980897819892817,0.0,-1.125707125884184e-20
2072,17,6.1194167137146,-5.878468315184378,-5.781487048541378,6.870985283526259,6.852808377836204,-0.0003805144354112344,-0.0004149932446142531,0.9980330436489667,0.9980869985938163,0.9980330436489665,0.9980869985938164,0.0,-5.59179051225862e-21
2073,17,5.935248374938965,-6.193322292963743,-5.7171082276467855,6.974712700228444,6.7891502586301025,-0.0005012981039142581,-0.00043404050704445873,0.9980957591402028,0.9981176777002636,0.9980957591402028,0.9981176777002636,0.0,-9.849634204784275e-22
2074,17,6.0659050941467285,-5.745294139053444,-5.515703109107392,6.591928574081808,6.68620043430625,-0.00044425839063071576,-0.00044793392033896066,0.9982472847704165,0.9981636374830674,0.9982472847704165,0.9981636374830674,0.0,2.3027959927735474e-21
2075,17,5.541125774383545,-4.958089279005488,-5.201838503616231,6.690144011915337,6.571027306154751,-0.0004654294154959591,-0.0004519782218215373,0.9981220313073894,0.9982019912347259,0.9981220313073893,0.9982019912347257,0.0,4.591530221421258e-21
2076,17,5.627320289611816,-5.029974225267549,-4.891791222146848,6.305199616219105,6.465515467584686,-0.00047090335682967345,-0.00044687782602015173,0.9983627900929992,0.9982281743260315,0.9983627900929992,0.9982281743260314,0.0,5.1579947496036405e-21
2077,17,5.653805255889893,-4.477102257511424,-4.649948758196225,6.392211190259041,6.4106196067122,-0.0004223135573223731,-0.0004395558142290779,0.9981818337015713,0.9982286998387757,0.9981818337015712,0.9982286998387756,0.0,1.1245222360913738e-21
2078,17,5.631974697113037,-4.410069464984965,-4.5519075134252684,6.401745466359716,6.402379316793491,-0.00040471396437384506,-0.00044463117900429583,0.9981422348871399,0.9982243028796609,0.9981422348871399,0.9982243028796607,5.431100571593864e-20,-1.2582473333791494e-20
2079,17,5.5096540451049805,-4.843136243701587,-4.615549469273735,6.4027219084539215,6.41732211725117,-0.0004776261125069865,-0.0004696740545139681,0.998275310058196,0.998224527711669,0.9982753100581959,0.9982245277116688,-5.430376578292311e-20,-3.6273614729664595e-20
2080,17,5.39085578918457,-4.847692015713476,-4.816341008207906,6.369791867667932,6.429007709688247,-0.000507217914511385,-0.0005082064550958271,0.9983446458305298,0.9982119847148014,0.9983446458305297,0.9982119847148012,-1.0859998869263724e-19,-4.960621004878361e-20
2081,17,5.619292259216309,-4.480805445759292,-5.197190598873094,6.600183428565095,6.400995427506092,-0.0005198437981987497,-0.0005530207385823513,0.9980267739572994,0.998190822831024,0.9980267739572994,0.9981908228310238,-1.0863457782665577e-19,-3.775456862777726e-20
2082,17,5.708655834197998,-5.984231484199061,-5.771140151338418,6.340268850689436,6.292068601273238,-0.0006342743468474163,-0.0005944783821988149,0.9981704919954775,0.9982009171561095,0.9981704919954775,0.9982009171561094,1.0861893646225085e-19,-1.3378276926529242e-20
2083,17,5.7378973960876465,-6.818219067996463,-6.332811995937211,6.06765739132333,6.1263271990567345,-0.0006442603790171008,-0.0006150912298189333,0.9982831948746134,0.9982362481285372,0.9982831948746134,0.9982362481285372,0.0,-7.68783642268005e-21
2084,17,5.679804801940918,-6.833174808249709,-6.727606351866626,5.980760010499477,5.9555605076956715,-0.0006239642790246418,-0.0006101670361367455,0.9983028805790639,0.9982709434104449,0.9983028805790639,0.9982709434104449,0.0,-1.683629058049525e-20
2085,17,5.497840404510498,-6.832206655972601,-6.987325248074205,5.6999234294611005,5.818284765562435,-0.0005687481765557344,-0.0005890629262794477,0.998332456869954,0.9982947413210181,0.9983324568699539,0.9982947413210181,-1.0860131462466678e-19,-2.2964985800933362e-20
2086,17,5.630948543548584,-6.825951040335052,-7.205705958446663,5.7049699949462385,5.746564417741126,-0.0005372371747902363,-0.0005664022359654842,0.9982704203306015,0.9983150101734725,0.9982704203306014,0.9983150101734725,0.0,-9.213219887113733e-21
2087,17,5.7511210441589355,-7.509568515953031,-7.401382596336015,5.72442336086247,5.73122224331801,-0.0005299020194053026,-0.0005486818089838193,0.998271654756045,0.9983507578760338,0.9982716547560448,0.9983507578760338,0.0,1.4595903459206855e-20
2088,17,5.999573230743408,-7.92430647295523,-7.4624331149197625,5.850024279258271,5.73870951250561,-0.0005554111867905743,-0.0005294340629374983,0.9983650358664482,0.9984028138964717,0.9983650358664482,0.9984028138964717,1.0859777070864275e-19,3.329282883533879e-20
2089,17,6.180736064910889,-7.830834301736173,-7.31817769825169,5.769130841140436,5.738746014504683,-0.0005833092505962994,-0.0004956727921949306,0.9986075237899679,0.9984392024681432,0.9986075237899679,0.9984392024681432,0.0,3.373519460650974e-20
2090,17,5.951756000518799,-6.634275617474434,-7.096369278936025,5.673195771200405,5.738777333577876,-0.00041998908316661786,-0.0004481901503297145,0.9984827528884707,0.9984226133458405,0.9984827528884707,0.9984226133458405,5.429248373840507e-20,2.3172203239960538e-20
2091,17,5.766396999359131,-6.425058801936984,-7.0872727887286375,5.709261924081232,5.7595541412224565,-0.00036748921913822073,-0.000415399790754239,0.9983555531168942,0.9983709721853695,0.9983555531168941,0.9983709721853695,0.0,6.7328792088261504e-21
2092,17,6.360908031463623,-7.217646759626902,-7.41783428707719,5.848350158270927,5.7988792266398965,-0.0003260069197872885,-0.00041960224787347927,0.9981218667000679,0.9983337525729811,0.9981218667000679,0.9983337525729811,0.0,-3.612630938024267e-21
2093,17,6.151317119598389,-8.466228350599952,-7.944177915178497,5.8475266463547255,5.83657473270056,-0.0005185408596979027,-0.00045774573572019783,0.9984443568831294,0.9983436657216588,0.9984443568831294,0.9983436657216587,-1.085891432017391e-19,4.6915125678474544e-21
2094,17,6.061659812927246,-8.542030432025657,-8.446928384077367,5.850887574913859,5.864661357152872,-0.0005301605058986332,-0.0004984201477261958,0.998456961226739,0.9983739361231244,0.9984569612267389,0.9983739361231243,1.085877723916528e-19,3.576728638146101e-20
2095,17,6.21182918548584,-8.614892796692121,-8.864768350481716,5.978407079690286,5.881405702354177,-0.000481327516494364,-0.0005247862231824754,0.9982202260807165,0.9984199180296354,0.9982202260807165,0.9984199180296353,5.43067623836063e-20,6.381723680671487e-20
2096,17,6.163974285125732,-9.811431934208285,-9.18861571069076,5.88751528795065,5.889205166439461,-0.0006315797994055875,-0.0005315762188216591,0.9985884419413432,0.9984957886492264,0.9985884419413433,0.9984957886492264,1.0857347501216022e-19,7.662607726976066e-20
2097,17,5.881479263305664,-9.288967521741727,-9.387405011351989,5.885992879460557,5.919919986823928,-0.0005414637040061401,-0.0005102563957382583,0.9986860898763196,0.9985665374735354,0.9986860898763196,0.9985665374735354,1.0856285908816208e-19,6.734259429363056e-20
2098,17,6.100099086761475,-8.702171084354212,-9.600209070742547,5.801798607340241,6.0097869958243715,-0.0003557699553149489,-0.00048317433449808364,0.9985985905516326,0.9986205287119642,0.9985985905516326,0.9986205287119642,0.0,4.187077868550306e-20
2099,17,6.698795318603516,-10.26355531692342,-9.91179549803859,6.315477650443212,6.167248211471478,-0.0004697383017436777,-0.0004806064761760531,0.9985065323295569,0.9986906608298227,0.9985065323295568,0.9986906608298227,0.0,1.8729224688916028e-20
2100,17,6.527637481689453,-11.010248678593838,-10.138711366514228,6.456410019339858,6.342792623133599,-0.000566354937425429,-0.0004938354527013033,0.9988169489087447,0.9987985610534708,0.9988169489087447,0.9987985610534708,0.0,4.9899568026394115e-21
2101,17,6.386970520019531,-10.087141580537352,-10.199864724818056,6.325033614049082,6.524110619763576,-0.0005288445505087975,-0.000506251989877596,0.9991419780254946,0.998909549280931,0.9991419780254946,0.998909549280931,0.0,-1.697562437141547e-21
2102,17,6.801002025604248,-9.235953736945948,-10.300774255194405,6.599314052728212,6.729659956387624,-0.000387392194931464,-0.0005245378932260149,0.9988957495198072,0.9989987433594284,0.9988957495198072,0.9989987433594285,0.0,-6.513100375758916e-21
2103,17,7.059665203094482,-10.622661866399147,-10.598713437911075,7.249018176333789,6.914741908224574,-0.0006475659995655065,-0.0005576733312204795,0.9989291219193098,0.9991074057940966,0.9989291219193098,0.9991074057940967,0.0,-1.400065349379536e-20
2104,16,6.707808494567871,-11.498907004042369,-10.92291169274602,7.046565821259619,7.004519130687336,-0.0005514735064720389,-0.0005816901608623929,0.9992816225611114,0.9992507078971419,0.9992816225611115,0.9992507078971419,0.0,-2.5574585651607043e-20
2105,16,6.598922252655029,-11.828088442792506,-11.070583522675154,7.022026220951912,7.016056501567581,-0.0007072436521789376,-0.0005866716942215226,0.9996016089100775,0.9993856156201665,0.9996016089100774,0.9993856156201664,-1.0846342811189269e-19,-3.6195681306517685e-20
2106,16,6.310652256011963,-10.261381301479416,-11.06000847264713,6.827048553417837,7.003550526405292,-0.0004991443160032042,-0.0005693939718223822,0.999498154953053,0.9994803454906429,0.999498154953053,0.9994803454906428,0.0,-3.7690694205951604e-20
2107,16,6.239762783050537,-10.703521229410539,-11.110148796686756,7.032458917718956,7.012889544699695,-0.0004802354547478923,-0.0005540631345208279,0.9993256305831666,0.9995689403427631,0.9993256305831666,0.999568940342763,0.0,-3.8119913077312985e-20
2108,16,6.393148899078369,-11.822958223700576,-11.228454540222765,7.132933430732803,7.039705114066195,-0.0006130531267284295,-0.0005473420361083349,0.9996997485729118,0.9996882027983126,0.9996997485729117,0.9996882027983125,-1.0845278035062243e-19,-3.678839463775831e-20
2109,16,6.566707611083984,-11.597397116133427,-11.286157004929267,6.950898309250427,7.079247075216201,-0.000597577677976555,-0.0005335848398084278,1.000016948885035,0.9998047906486619,1.0000169488850348,0.9998047906486617,0.0,-2.4145408625196852e-20
2110,16,6.810153007507324,-10.893220211191686,-11.321198205761089,7.097000755114152,7.146291166789728,-0.00045245829209352204,-0.0005155660378170606,0.9998937723965675,0.9998860115700104,0.9998937723965675,0.9998860115700103,0.0,-7.087580997212934e-21
2111,16,6.5755510330200195,-10.801889634289248,-11.474799718703037,7.220103018888582,7.221838112897119,-0.0004157122850572855,-0.0005149134276445817,0.9997903273620692,0.9999619272915878,0.9997903273620692,0.9999619272915877,0.0,9.717514499554903e-21
2112,16,6.448676109313965,-12.289120228427185,-11.740721322010018,7.422308986832084,7.263507825907073,-0.0006091535795591538,-0.000532820976978249,1.0000787295055598,1.0000677414413572,1.0000787295055595,1.0000677414413572,0.0,2.465556380881478e-20
2113,16,6.245290279388428,-12.431527116513651,-11.927956225887371,7.30420494557131,7.236518698505096,-0.0006287206332342018,-0.0005429136322078362,1.000247953969066,1.0001904185413055,1.000247953969066,1.0001904185413055,1.0839334068950614e-19,3.200627700825329e-20
2114,16,6.451766014099121,-11.620474128380403,-11.994427410536193,7.041961152118066,7.157365531969896,-0.0004840575081976092,-0.0005403129866033508,1.000349917416449,1.0003120067521014,1.000349917416449,1.0003120067521014,0.0,2.3819567142821186e-20
2115,16,6.586180686950684,-11.673516422558894,-12.060382656128535,7.061633389474157,7.06581928979055,-0.00045558711781866165,-0.0005470957843936379,1.0002794704655924,1.0004352139978814,1.0002794704655924,1.0004352139978814,0.0,1.1296874621625818e-20
2116,16,6.630721092224121,-12.843236788085823,-12.146359847072201,6.986787161127779,6.9726818103731665,-0.0006234911600215814,-0.0005686809177448464,1.0006509415289275,1.000566846729386,1.0006509415289275,1.0005668467293862,0.0,3.542368075701852e-21
2117,16,6.791499137878418,-12.337110007148073,-12.18401881906766,6.844292810656906,6.880137439496876,-0.0006386673765081072,-0.0005839008570651525,1.0008350090025757,1.0006775570275446,1.000835009002576,1.0006775570275448,0.0,4.4049606961367846e-21
2118,16,6.5447492599487305,-11.792955471499884,-12.288447603758948,6.801924191092413,6.791581717527059,-0.0005641057548175629,-0.0005846388861137304,1.0007329559936287,1.0007621256442845,1.0007329559936287,1.0007621256442845,0.0,1.5586267208126037e-20
2119,16,6.799549579620361,-11.933652809730626,-12.632438900891163,6.737249005503594,6.701995218195239,-0.0005315474575981185,-0.0005807848935943582,1.0007209041873508,1.0008639796064243,1.0007209041873508,1.000863979606424,0.0,3.6153333825781467e-20
2120,16,6.692111968994141,-13.34029021430896,-13.206520850529722,6.657738891005275,6.60931143810274,-0.0005708896012256115,-0.0005766745548397986,1.0008975470788979,1.0010191219088287,1.0008975470788977,1.0010191219088285,1.083229922632671e-19,5.777983842959767e-20
2121,16,6.77044677734375,-14.6246285431689,-13.776603858408517,6.525645942307342,6.525682996437686,-0.0006575748138178759,-0.000560769699129283,1.001274843246228,1.001212140370014,1.0012748432462277,1.0012121403700138,1.082821744497663e-19,6.436801395850636e-20
2122,16,6.294244289398193,-14.618105923143272,-14.157619909592555,6.382547645267575,6.4796236753546,-0.0005704610120915207,-0.0005232669973455137,1.0015847011893024,1.0013871295337535,1.0015847011893024,1.0013871295337533,0.0,5.484635902854634e-20
2123,16,6.865967750549316,-13.652485070940834,-14.449347436307303,6.360838909296791,6.495923111656052,-0.00035915750763112337,-0.00048497528115406976,1.0014671726269206,1.0015119306224998,1.0014671726269209,1.0015119306224995,5.4130689558278967e-20,4.019552769264788e-20
2124,16,6.697607040405273,-14.316214724105842,-14.89185829646224,6.6150645637937275,6.561118619184098,-0.0004160928767090543,-0.0004786697058083156,1.0015447944532052,1.00161413117737,1.001544794453205,1.0016141311773699,5.41264943160843e-20,1.9277643069558336e-20
2125,16,6.715404510498047,-15.886072919935135,-15.493172345193335,6.710501803575666,6.620296916693984,-0.0005177380624871101,-0.0005006248406348182,1.0017118202088537,1.0017183365514897,1.0017118202088537,1.0017183365514897,0.0,-6.675051311828591e-21
2126,16,6.699468612670898,-16.389264340213586,-16.06843274652825,6.699015420218059,6.63089096898174,-0.0005891078180413238,-0.0005215539109490593,1.001870900527124,1.0018256888897539,1.0018709005271242,1.0018256888897539,-1.0821775259817032e-19,-2.499885964243293e-20
2127,16,6.574619293212891,-16.430325115209957,-16.526810116555694,6.609716877075475,6.584838032942863,-0.0005615903627663436,-0.0005174149664562828,1.0019239740063375,1.001933742294794,1.0019239740063375,1.0019337422947943,0.0,-2.4582038785824886e-20
2128,16,6.657248497009277,-16.636629100598718,-16.89035374499399,6.435848418723714,6.501805704751736,-0.0004556104378208509,-0.0004879065510488869,1.0019562610755752,1.0020518140476438,1.0019562610755752,1.002051814047644,0.0,-1.5867691536430866e-20
2129,16,7.031707286834717,-17.530351776030262,-17.157964311530506,6.427413525768162,6.408790750855572,-0.00044979141846210514,-0.0004480083817691773,1.0022074159231926,1.0021827742261407,1.0022074159231928,1.0021827742261407,0.0,-7.007462924978488e-21
2130,16,6.895063400268555,-17.698163606709624,-17.274668188469665,6.336995881666821,6.316950075091341,-0.0004307387619278497,-0.00040674494102746895,1.0023490650573654,1.002303072766136,1.0023490650573654,1.002303072766136,0.0,6.663235075747044e-22
2131,16,6.981125831604004,-17.04616731018046,-17.300834157207444,6.173706317006358,6.239306027385215,-0.00034602544542722155,-0.00037300884076530387,1.0024381149800417,1.0023924044490455,1.0024381149800417,1.0023924044490455,0.0,8.865292183024294e-21
2132,16,6.956756591796875,-17.078045860759975,-17.424220093100004,6.1732329427521515,6.191236180697328,-0.0003505155453603673,-0.00036068710684457843,1.0024468208187423,1.0024483283943881,1.0024468208187423,1.0024483283943881,0.0,1.8981558528851503e-20
2133,16,6.958919525146484,-17.27488848137558,-17.766919593203596,6.138008771747477,6.169920605470543,-0.0003479942001513802,-0.0003770964499362603,1.0024782935392074,1.0024843208533785,1.0024782935392076,1.0024843208533785,5.4076092194364336e-20,2.8550993948534176e-20
2134,16,7.087437629699707,-18.01860260211175,-18.30174580976589,6.113114820774105,6.1606721306049215,-0.0003470564274569789,-0.0004227779605056918,1.0024622006499133,1.0025162096041706,1.0024622006499133,1.0025162096041706,0.0,3.0958286734063555e-20
2135,16,7.276515960693359,-19.523976928024034,-18.81976856224911,6.246631989650288,6.135303676880925,-0.000544915095285431,-0.00048415586468542385,1.0025499775828426,1.0025542832338967,1.0025499775828426,1.0025542832338967,1.081444513219706e-19,2.3263463051031845e-20
2136,16,7.049035549163818,-19.56359411534879,-19.047175265422098,6.180925497250852,6.057808898113509,-0.0005778059832926818,-0.0005287657404765479,1.0025366704288343,1.002593134691472,1.0025366704288345,1.002593134691472,0.0,1.5273231811618561e-21
2137,16,7.032327175140381,-19.245633016654317,-18.918882818749587,5.94368519314781,5.927870225443358,-0.0005974994340128015,-0.0005389077741652982,1.0027488464855714,1.0026185085161692,1.0027488464855714,1.0026185085161692,-1.0812300370979336e-19,-1.724581069265939e-20
2138,16,6.691507816314697,-18.2402095849441,-18.584336497038823,5.701996314191995,5.788127107888161,-0.0004969196167964556,-0.0005187559731594138,1.0025965961943413,1.0026092239644413,1.0025965961943413,1.0026092239644413,0.0,-1.7006041620946167e-20
2139,16,6.479067802429199,-18.0025136709085,-18.29528718481703,5.644748422941528,5.688022593604787,-0.0004874306104368852,-0.0004906532866161203,1.0025822433978073,1.0025755761407502,1.0025822433978073,1.0025755761407502,0.0,-5.9070685704217e-21
2140,16,6.468151092529297,-17.84278625380401,-18.206405426510994,5.513997537100826,5.650292839676929,-0.00044886121675143944,-0.00047453712264611877,1.0025789792177104,1.00253380735467,1.0025789792177104,1.00253380735467,0.0,6.867321440433478e-21
2141,16,6.760463714599609,-17.748056232503522,-18.3359438515286,5.651192794538201,5.668969352700115,-0.00037917832955113994,-0.0004859718033119162,1.0023227204323422,1.0025044909615122,1.0023227204323422,1.0025044909615122,5.408448548476704e-20,1.4570592847495035e-20
2142,16,6.859716415405273,-19.337569896930667,-18.53297639226358,5.831534442596126,5.693928336909416,-0.0005590130483715642,-0.0005252004121307265,1.0024609424395379,1.002508919878961,1.0024609424395379,1.002508919878961,0.0,1.169630066960777e-20
2143,16,6.916233062744141,-19.571846351508512,-18.509521357351264,5.8201842162720085,5.669766130985347,-0.000707522132798883,-0.0005625801881618234,1.002730192381416,1.0025165465313233,1.002730192381416,1.0025165465313233,0.0,2.6603129673650592e-21
2144,16,7.013871669769287,-17.444067869438793,-18.23764877515007,5.550343026583388,5.589247491458723,-0.000524307906024237,-0.0005806042025973604,1.0024702412568391,1.0024853534988831,1.0024702412568391,1.0024853534988831,0.0,-8.79948047198864e-21
2145,16,7.139105319976807,-17.353284547324282,-17.989549580835217,5.33518562525459,5.49442749005439,-0.0005203780980671329,-0.0006009752581781494,1.0024082498934246,1.0024289459469804,1.0024082498934244,1.0024289459469804,0.0,-1.9905211188334296e-20
2146,16,7.01521110534668,-18.06322001343665,-17.846761128052865,5.421908509863117,5.416083668472752,-0.0006387224626468775,-0.0006343129486291832,1.0022837163325413,1.0023703000485433,1.0022837163325413,1.0023703000485433,-1.0817318038975143e-19,-2.4236674368687362e-20
2147,16,6.837675094604492,-18.184977953943175,-17.67481803681864,5.481048928617095,5.338699993164891,-0.0007344601602566685,-0.0006653552786490313,1.0023515823789608,1.0023195834817393,1.0023515823789608,1.0023195834817396,0.0,-1.511486392060475e-20
2148,16,6.961775779724121,-17.355560200954027,-17.391777201276824,5.186602939364441,5.247456572741159,-0.0006968204400903067,-0.0006793921229191457,1.0023612734214418,1.0022636467768369,1.0023612734214418,1.0022636467768369,1.0816481055624869e-19,-6.829926890427825e-21
2149,16,6.65349006652832,-16.529885462888043,-17.072583632829712,5.078684884745539,5.163950234167559,-0.0006080423548498901,-0.0006827918925842027,1.0021309905240976,1.002199192297962,1.0021309905240974,1.0021991922979618,-1.0818966609529611e-19,-7.195973349266276e-21
2150,16,6.438253879547119,-16.92416557496476,-16.77915962779083,5.18382429722889,5.096678373224661,-0.000683657544127651,-0.0006863264020662251,1.00206171883298,1.0021476365625124,1.0020617188329797,1.0021476365625122,0.0,2.0038899828142748e-21
2151,16,6.393311500549316,-17.113761357446368,-16.425646584751252,5.071775329102208,5.031760031383685,-0.0007581037578984548,-0.0006803279776488317,1.002187230596335,1.0021113699923514,1.002187230596335,1.0021113699923514,0.0,1.789198697596759e-20
2152,16,6.428683757781982,-15.706619003864446,-15.980078955978403,4.920014134386356,4.977599593212853,-0.0006683506855521033,-0.000654687106147018,1.0021399035166205,1.0020683382335231,1.0021399035166205,1.0020683382335231,1.0818870386070031e-19,2.844233911145414e-20
2153,16,6.37626838684082,-15.111309592370553,-15.602968455559656,4.950990988405165,4.9564978412704495,-0.0005795982960230823,-0.0006229163709174405,1.0019737330051637,1.002017698355927,1.001973733005164,1.002017698355927,0.0,2.2065208341000425e-20
2154,16,6.318649768829346,-15.20548701516574,-15.38919243538513,4.989406632417979,4.976441177953513,-0.0005351306636162813,-0.0006050479992085126,1.0018694544041502,1.0019818764027264,1.0018694544041502,1.0019818764027264,0.0,7.565205986131013e-21
2155,16,6.074265956878662,-15.872560827054537,-15.255623835676689,5.085142713758425,5.0405438004455005,-0.0006398556375985391,-0.0006042265071866066,1.0019934782547433,1.0019673178576693,1.0019934782547433,1.0019673178576693,0.0,-7.46227429846689e-21
2156,16,6.227476596832275,-15.343879928199838,-15.075275155432585,5.035868692885062,5.15870343983456,-0.0006780512057897824,-0.0006024585519599081,1.0021079048139572,1.0019460213006863,1.0021079048139572,1.0019460213006863,0.0,-1.8713624964396025e-20
2157,16,6.459884166717529,-14.182393503282075,-14.9135150336987,5.220896166006755,5.346080824479236,-0.0005261696033103139,-0.0005929508089646374,1.001895859196899,1.0019016121946376,1.0018958591968987,1.0019016121946374,-1.0821505673799081e-19,-1.8802764463450245e-20
2158,16,6.917509078979492,-14.403676769837434,-14.908774924768,5.623358381785383,5.5755240311892615,-0.0005568910026028499,-0.0005892114168601065,1.0017073557259721,1.0018674260493226,1.0017073557259721,1.0018674260493223,0.0,-7.3605245701519e-22
2159,16,6.395864963531494,-15.460933205625128,-14.970651920758591,5.899285772292651,5.777583055361495,-0.0006127030830297166,-0.0005886148366606729,1.0018332387863198,1.0018759102051045,1.00183323878632,1.0018759102051042,1.0822182080911699e-19,1.783645570869404e-20
2160,16,6.418534278869629,-15.655180408606554,-14.84937906777956,6.007118907647496,5.89604789703815,-0.0006494610693910466,-0.0005763452816194047,1.0019870784804028,1.0019109661029124,1.0019870784804028,1.0019109661029124,0.0,1.9577733623910473e-20
2161,16,6.4230217933654785,-14.024922220300375,-14.462478647642717,5.904269183303693,5.921897282592876,-0.0005337437145097096,-0.0005477325427709991,1.0020021727071908,1.0019383003534261,1.0020021727071906,1.0019383003534263,0.0,1.2281230873599459e-20
2162,16,6.455444812774658,-13.548603129584498,-13.96732251929617,5.847422696673145,5.8862623682899144,-0.0004467375189667599,-0.0005202550975240544,1.0018666920261994,1.0019474467405376,1.0018666920261994,1.0019474467405378,0.0,3.738082517666212e-21
2163,16,6.267680644989014,-13.977332306918031,-13.421653619615157,5.869317333163313,5.820410739226964,-0.0005103971723785706,-0.0005072845496922885,1.0019638233059198,1.0019463099996961,1.0019638233059198,1.0019463099996961,0.0,-3.560438247832656e-21
2164,16,6.188548564910889,-13.102525423888364,-12.770176947532018,5.8409578019053985,5.746609076239198,-0.0005762440180926456,-0.0004999421345908008,1.0020018669324404,1.0019251962245153,1.0020018669324404,1.0019251962245153,0.0,-8.848736984845974e-21
2165,16,6.334679126739502,-11.606491932430123,-12.116592563636964,5.549364585113314,5.705830039670123,-0.0004675828796227724,-0.0004906009848247425,1.0018840802101918,1.0018794324002596,1.001884080210192,1.0018794324002596,-5.410816450232657e-20,-9.918099665746476e-21
2166,16,5.8804402351379395,-11.089596451266866,-11.667386894614257,5.584569113630544,5.759299265281998,-0.0004315468950238444,-0.0004929422275515112,1.0018019571239531,1.0018288700942195,1.0018019571239531,1.0018288700942195,0.0,-4.911856275189099e-21
2167,16,6.034412384033203,-11.366212925399948,-11.459188584429135,5.948078763284817,5.915765901225566,-0.0004782300208583184,-0.0005148502884034452,1.0016900900049874,1.0017983901149743,1.0016900900049877,1.0017983901149743,5.4118643246241254e-20,-3.96485049942055e-21
2168,16,5.89831018447876,-11.892305128128395,-11.306924320025017,6.224678305888121,6.121340226128328,-0.0005999740622319421,-0.0005409285316801333,1.0018246161156714,1.001796779799891,1.0018246161156716,1.001796779799891,0.0,-1.4572223977573327e-20
2169,16,5.98943567276001,-11.4423374793654,-10.997915083304008,6.33551862774057,6.3264223802768385,-0.0005925776995373981,-0.0005445185836300528,1.0018871652210684,1.0018001418639368,1.0018871652210684,1.0018001418639368,-1.0821599578494182e-19,-2.517245219763457e-20
2170,16,6.3497314453125,-10.454674839062786,-10.525306495913421,6.632130161481103,6.516166786569829,-0.0005323385275897801,-0.0005179085957245917,1.0017445554181161,1.0017915136580706,1.0017445554181161,1.0017915136580706,0.0,-2.1656425899937492e-20
2171,16,6.164854049682617,-9.730598174900114,-10.056748551778988,6.661020713491997,6.694930964126504,-0.0004764812003434778,-0.0004735561853267241,1.0018067437943132,1.0017790248283438,1.0018067437943132,1.0017790248283438,0.0,-1.2417422317122539e-20
2172,16,6.328256130218506,-9.326885457010276,-9.7484390443677,6.714938159499485,6.899372749805628,-0.000335922992354432,-0.0004320341336599355,1.0017635746355418,1.0017656555766512,1.0017635746355418,1.0017656555766512,0.0,-4.846410751238273e-21
2173,16,5.821237564086914,-9.705937863110094,-9.622747114841712,7.2091974152077185,7.150943687279678,-0.00041844949585319427,-0.00040876454442387414,1.0017035709306719,1.0017590658686464,1.0017035709306719,1.0017590658686464,0.0,-6.690992583641179e-22
2174,16,5.976678848266602,-10.000549393634168,-9.559713972683483,7.55021439142916,7.418642028485923,-0.00048517392598518007,-0.000391783361645288,1.001753714082324,1.001764100419969,1.001753714082324,1.001764100419969,0.0,7.983432348576188e-22
2175,16,6.1984663009643555,-9.513570335358171,-9.467416279776987,7.518036870081192,7.6858074715067985,-0.0003263478369258172,-0.0003721183090101325,1.0018490178479527,1.0017675657260825,1.0018490178479527,1.0017675657260825,0.0,7.426060503048185e-22
2176,16,6.168341159820557,-9.128103695922503,-9.397759792701338,7.941284412155021,7.96774618226996,-0.0003239153395369643,-0.00036651436921470077,1.0017442661376934,1.0017549103634553,1.0017442661376932,1.0017549103634553,0.0,1.0390671094007887e-22
2177,16,6.2578887939453125,-9.178620143193335,-9.429754033203796,8.309863056738273,8.237751006869308,-0.00037509871713398314,-0.00038197873650499013,1.001732956940001,1.0017342887487972,1.001732956940001,1.0017342887487972,0.0,-4.674227364606594e-22
2178,16,5.926007270812988,-9.696909039854958,-9.546597658926506,8.554225290964999,8.454044476012696,-0.0004227061977283562,-0.000408859476562883,1.00166025657554,1.001716646725023,1.00166025657554,1.001716646725023,0.0,-3.728071658479234e-22
2179,16,5.857128143310547,-9.950389959348758,-9.648286567398912,8.64585739447349,8.601914114665037,-0.00048688025917238773,-0.0004333357948275929,1.001727085223014,1.0017074359269829,1.001727085223014,1.0017074359269829,0.0,1.1457097135851598e-21
2180,16,6.098029136657715,-9.426811130477327,-9.68526464234794,8.562876775501323,8.705951724889488,-0.0004214177498487235,-0.00044941415987991316,1.001747114979072,1.001696304068247,1.001747114979072,1.001696304068247,0.0,4.906601736726212e-21
2181,16,5.917059898376465,-9.430263111385832,-9.692786419450497,8.700129168583247,8.801130677907821,-0.000401179354673365,-0.0004664957162897623,1.0016091552381077,1.0016784502937575,1.0016091552381075,1.0016784502937575,0.0,1.1036006042834182e-20
2182,16,6.067901611328125,-10.293974668803349,-9.631513042883428,9.043944696653135,8.87505046767097,-0.0005450150234079832,-0.00048468323138847367,1.001644316114706,1.0016605726760426,1.001644316114706,1.0016605726760426,0.0,1.7253441045306362e-20
2183,16,6.217921733856201,-9.61202920030021,-9.412413104826964,8.937259953487589,8.88642914102345,-0.0005596700859938239,-0.0004865686524129208,1.0017537927908284,1.001630794990287,1.0017537927908284,1.001630794990287,1.0823040354706116e-19,1.6237305749117528e-20
2184,16,5.794368743896484,-8.443587546098884,-9.141030023027065,8.696644110027345,8.84098476196316,-0.0003791478875335556,-0.00047338974954726627,1.0015775423575934,1.00157620145709,1.0015775423575934,1.0015762014570897,-5.412472457865931e-20,1.4675727234717389e-21
2185,16,6.508190155029297,-8.759165495684888,-8.978441029663186,8.854868697485818,8.76115937303009,-0.0004473996440263517,-0.0004654219726453981,1.001411257569798,1.0015193742974797,1.001411257569798,1.0015193742974795,0.0,-1.1778935085071207e-20
2186,16,6.1026082038879395,-9.177193946192398,-8.869292965878358,8.66327207512502,8.635416625421962,-0.00048036561877138007,-0.00045797233759266846,1.0014711186467522,1.0014846100979788,1.0014711186467522,1.0014846100979788,-5.413047627127497e-20,-1.7688312497157987e-20
2187,16,6.101556301116943,-9.213070359136687,-8.663814966749493,8.643040512604097,8.47040342769444,-0.0005341466111847249,-0.00043551869688168406,1.001511493939348,1.0014638761102428,1.001511493939348,1.001463876110243,0.0,-1.4054339248318867e-20
2188,16,5.856036186218262,-8.015333430066223,-8.330167462027317,8.13163844029682,8.300927081207819,-0.0003457401547858184,-0.0003953763426521636,1.001488259912079,1.0014408080718162,1.001488259912079,1.0014408080718165,0.0,-7.715242828772931e-21
2189,16,5.773066997528076,-7.599217490811321,-8.000634637374956,8.161708435583256,8.202800165092007,-0.00031230402955982443,-0.0003623887214273575,1.001368201601992,1.0014159890450396,1.001368201601992,1.0014159890450398,0.0,-3.430091747772118e-21
2190,16,5.296034336090088,-8.01489939726428,-7.72105094265002,8.212204534718417,8.209642318589795,-0.00035283749785443855,-0.0003496953687913096,1.0013361820699045,1.0014044592354663,1.0013361820699047,1.0014044592354665,0.0,-2.2666618079778836e-21
2191,16,5.933804035186768,-7.772728623486952,-7.412615188685794,8.288953683057894,8.329569796321792,-0.00037988774745799375,-0.0003513841676927432,1.0014783862913417,1.0014046072792906,1.001478386291342,1.0014046072792908,0.0,-3.4562471327691874e-21
2192,16,5.999619483947754,-6.592054155639915,-7.087823566104957,8.481578831641487,8.565250594844382,-0.00033528594681143416,-0.00036085778388955913,1.001402220960705,1.0013947068614286,1.0014022209607052,1.0013947068614288,0.0,-4.9694004573508405e-21
2193,16,5.999032020568848,-6.517164385294037,-6.855151334018254,8.795636094959605,8.900824483690046,-0.0003557253709373736,-0.00037852850623090625,1.0013619364152924,1.001370596628781,1.0013619364152924,1.0013705966287811,-5.413637831925019e-20,-3.162527810209289e-21
2194,16,5.686763763427734,-7.317084110945377,-6.67452652028495,9.437603692136815,9.283976954653532,-0.000448885968816763,-0.0003974965395914025,1.0012889421225966,1.001335364343258,1.0012889421225968,1.0013353643432583,5.414032487900759e-20,3.51328442613661e-21
2195,16,6.322307109832764,-6.5710748893369715,-6.4158319734115885,9.671352546074994,9.636112856365258,-0.00043498857188422013,-0.00040601063066908103,1.0013916796265545,1.0012864228647904,1.0013916796265545,1.0012864228647906,0.0,5.466736222122997e-21
2196,16,6.141547679901123,-5.3168726548139995,-6.135072836897034,9.963585721281227,9.921148976892288,-0.0003475828509019429,-0.0004087475128065719,1.001174777946718,1.0012138234541321,1.0011747779467177,1.0012138234541321,0.0,4.6191522293488305e-21
2197,16,6.149109363555908,-6.1622808179487265,-5.922849142007764,10.162311971908832,10.12855364761676,-0.0003965285236871231,-0.00041835865850801756,1.0010860207084822,1.001132138504942,1.001086020708482,1.0011321385049419,0.0,4.877830058503998e-21
2198,16,6.142446994781494,-6.211493712967746,-5.653955985324414,10.326213879059775,10.265639382844629,-0.0004933473385721102,-0.000429670389118973,1.00104936576075,1.0010485531594173,1.00104936576075,1.001048553159417,0.0,7.997340834332614e-21
2199,16,6.1459150314331055,-5.210133875642219,-5.255360315157127,10.28188317330997,10.357545158049545,-0.00046558997637831476,-0.00043115938308438536,1.0010130141041622,1.0009535773702,1.0010130141041622,1.0009535773702,0.0,1.3326358376144768e-20
2200,16,6.070286750793457,-4.3553511900534625,-4.835628750397345,10.352003766198148,10.444421752387775,-0.0003823513480761064,-0.00043132658013861005,1.000806032335821,1.0008389629451242,1.0008060323358212,1.0008389629451242,5.4166448715094255e-20,1.6454052435205307e-20
2201,16,5.973664283752441,-4.468729763125724,-4.495345621065558,10.442190178392003,10.54132708138437,-0.00038099124283335625,-0.00045006532948875684,1.0007312057184405,1.000711844895504,1.0007312057184403,1.000711844895504,0.0,1.1221058129267969e-20
2202,16,5.860583305358887,-4.355574152939908,-4.184886164236697,10.763512454604069,10.622255174019724,-0.000515032937491741,-0.0004898321179226351,1.0005615758884319,1.0005753524980543,1.000561575888432,1.0005753524980545,0.0,9.871580427160556e-22
2203,16,5.450201511383057,-3.8758950889579604,-3.8234347616417512,10.706072462431893,10.634937687375405,-0.0005665560797667441,-0.0005303273497756826,1.0004496606961626,1.0004349613851058,1.0004496606961626,1.0004349613851058,0.0,-1.1532398380054694e-20
2204,16,5.889311790466309,-3.175235487337895,-3.384729933893302,10.577685935596051,10.5685999128249,-0.000546378727020887,-0.0005566220698812428,1.0002990637182558,1.0002945592248103,1.0002990637182558,1.0002945592248103,0.0,-2.386029248745405e-20
2205,16,5.5552978515625,-3.0192416054428364,-2.8562746330829096,10.489495617555725,10.446652647671097,-0.0005690117727135064,-0.0005664720266739871,1.0001274956513235,1.0001620012533987,1.0001274956513235,1.0001620012533987,-1.0840639590449696e-19,-2.8096498435075205e-20
2206,16,5.813894271850586,-2.357180457145945,-2.1784427710190015,10.269926311987616,10.304329305768144,-0.0005575597897099786,-0.0005575800513139483,1.0000450724951842,1.0000449714616815,1.0000450724951842,1.0000449714616813,0.0,-1.4448478142197955e-20
2207,16,5.796987056732178,-1.4692444510627065,-1.3407422194344016,10.12437466041695,10.188419987300428,-0.000552733875621817,-0.000527664212425679,0.9999474404023209,0.9999406237202586,0.9999474404023208,0.9999406237202584,0.0,4.487431757616396e-21
2208,16,6.122949600219727,-0.6345741414739295,-0.41054470416571964,10.180671816358267,10.133545099064984,-0.0005251218507938551,-0.00047657140928591073,0.9998589144737033,0.9998439484498938,0.9998589144737033,0.9998439484498937,1.0843551593038473e-19,1.3890117345995394e-20
2209,16,5.844692707061768,0.8838391414135814,0.474523803558361,10.148738370320272,10.155438433456736,-0.00041345767584344246,-0.00041552923285308993,0.9997412948798007,0.9997531712141902,0.9997412948798007,0.9997531712141902,-5.42241366860743e-20,5.760768721777628e-21
2210,16,5.630484104156494,1.3869734626168524,1.1311385734046568,10.219338505534159,10.278520488049427,-0.00029309677527161423,-0.0003721127288205459,0.9996662922767706,0.9996706227755943,0.9996662922767706,0.9996706227755944,0.0,-4.47929788797665e-21
2211,16,5.544142246246338,1.410546855526616,1.5050363551172112,10.411843005721385,10.524052948472486,-0.00034897607271255036,-0.0003707144750367868,0.9996270898036181,0.9995957666011537,0.9996270898036183,0.9995957666011537,0.0,-1.2404707718355362e-20
2212,16,5.489462375640869,1.7148185991214957,1.6461033139750383,10.786177874449743,10.885385527636384,-0.0003877703373341247,-0.0004090977860937126,0.999520135950511,0.9995282689490401,0.999520135950511,0.9995282689490401,-5.423613459545082e-20,-1.581797269662129e-20
2213,16,5.991954803466797,1.704039601322505,1.5998819834010476,11.417047166944286,11.307938677033102,-0.0004981948070741781,-0.0004702828509253364,0.9994703415732786,0.999476700777793,0.9994703415732786,0.9994767007777932,0.0,-1.1301683949977401e-20
2214,16,6.212360858917236,1.7009306868756866,1.4341614774956166,11.757571275384732,11.705081069997714,-0.0004967482628262882,-0.0005309257478954375,0.9994051219155057,0.9994490424507593,0.9994051219155057,0.9994490424507594,0.0,-5.79037294837115e-21
2215,16,5.905161380767822,0.7564453786727453,1.2736611798002564,12.221221910976755,12.019338730455427,-0.00067079317743072,-0.0005719178532669708,0.9994123394405025,0.999447428434357,0.9994123394405025,0.999447428434357,0.0,-5.404173745371344e-21
2216,16,5.787633419036865,0.8155677986082547,1.2909236678232188,12.151666194409698,12.232586808630325,-0.0006090778711084059,-0.0005736474501315191,0.9995223638096964,0.9994577454103533,0.9995223638096964,0.9994577454103531,0.0,-1.3267692636220965e-20
2217,16,6.274111747741699,1.7632392749575954,1.4834689769160074,12.327437014349744,12.38609726516563,-0.0004900851305693356,-0.0005469317183159026,0.9994782970743347,0.9994568699630557,0.9994782970743347,0.9994568699630556,0.0,-2.9396866170487116e-20
2218,16,6.277996063232422,1.8229212526069212,1.6831317199742721,12.522073447965578,12.507229468704274,-0.000521284106810668,-0.0005168826909006331,0.9994340584177092,0.9994405481485044,0.9994340584177092,0.9994405481485041,-1.0848161150341414e-19,-4.7117481271031874e-20
2219,16,6.141134738922119,1.7605609213211804,1.7782838752448944,12.562299132072727,12.600809348614751,-0.00047506036056187373,-0.0004948301427288666,0.9994083484095032,0.9994153859439674,0.9994083484095031,0.9994153859439672,0.0,-5.45639743341927e-20
2220,16,5.825040817260742,1.7322742295000346,1.7181043654790669,12.675907528910237,12.668829287260413,-0.0004975919600423645,-0.0004877153125284481,0.9994147925449787,0.9993871269943929,0.9994147925449787,0.9993871269943928,-1.0848370272013058e-19,-5.178280283486994e-20
2221,16,5.986032962799072,1.8741182348713656,1.4579042219388623,12.706542270449594,12.703385392270395,-0.00045876460294692314,-0.0004976412920048163,0.9993200363645938,0.9993610553052291,0.9993200363645937,0.9993610553052291,-5.42469946079387e-20,-3.137874632477499e-20
2222,16,6.152007102966309,1.1312067692204937,0.9876294044917953,12.736002124303216,12.69610809024369,-0.000510122259155563,-0.0005253200831532237,0.9993373895690151,0.9993473332036118,0.9993373895690151,0.9993473332036118,0.0,-1.066185567817014e-21
2223,16,5.947051048278809,-0.0618224173664373,0.4354595863805568,12.696461666311784,12.643117473571746,-0.0006098495455844254,-0.0005592804336697246,0.9993399875111935,0.9993450520169531,0.9993399875111935,0.9993450520169531,1.0849182320680033e-19,2.021033506254694e-20
2224,16,5.525700092315674,-0.09586992554320621,-0.03372090537092634,12.50807098704261,12.55678101631858,-0.0005907698584319834,-0.000584401542514949,0.99936106131027,0.9993468260187451,0.99936106131027,0.9993468260187451,0.0,1.8814265545741038e-20
2225,16,5.426956653594971,-0.09024618634464485,-0.4007185004954038,12.410038069794487,12.464855566730511,-0.0005669121234877327,-0.0006003371624415986,0.9993710448551693,0.9993441074343375,0.9993710448551693,0.9993441074343375,0.0,6.601224551725661e-21
2226,16,5.465257167816162,-0.923350877157574,-0.6791093786935092,12.401829088501776,12.379385518336434,-0.0006285280852373227,-0.0006099409284164905,0.9993077681498198,0.999334612952728,0.9993077681498199,0.999334612952728,0.0,-4.324387664556154e-21
2227,16,5.425580978393555,-0.9549218157621346,-0.8077390480079708,12.329600462992953,12.292858475149275,-0.0006130919192787935,-0.0006073829060866134,0.999317139296323,0.9993236453882183,0.999317139296323,0.9993236453882184,-1.084943037451508e-19,-5.108004096831649e-21
2228,16,5.406502723693848,-1.0200618944426336,-0.7900874242004897,12.27265872551652,12.203456654484595,-0.0006232586842260641,-0.0005905323340820042,0.9993360109949384,0.9993096017620221,0.9993360109949384,0.9993096017620221,1.08492254912947e-19,5.705795787532969e-21
2229,16,5.706374168395996,-0.36727653588250786,-0.7143921856399059,12.069886729319066,12.128400633037034,-0.0005402685522610736,-0.0005631728842738791,0.9993109980806266,0.9992887795899592,0.9993109980806266,0.9992887795899592,0.0,5.139828624909254e-21
2230,16,5.777698040008545,-0.26104753706967965,-0.7271395073642986,12.022816116883664,12.10541031921912,-0.0005105678778111708,-0.0005382227586965722,0.9992461187604456,0.9992671275622206,0.9992461187604457,0.9992671275622206,0.0,-5.5748896160301895e-21
2231,16,5.859724044799805,-1.0125119774703903,-0.8491442001026603,12.070347726950157,12.153141987464284,-0.0004996137148619038,-0.0005219500153019771,0.9991820434241022,0.9992579946348444,0.9991820434241022,0.9992579946348443,0.0,-1.8161876140844445e-20
2232,16,5.444655895233154,-1.4053767786882931,-0.9426248933932624,12.326686375005753,12.25380389419986,-0.0005583283485747372,-0.0005085745800351505,0.9992901824345324,0.999264131923295,0.9992901824345323,0.9992641319232949,-1.0849723048855582e-19,-2.1626527075582337e-20
2233,16,5.771066188812256,-0.8348920775701656,-0.9207770826266564,12.47159149857241,12.36360338744641,-0.00048762155432695173,-0.00048728287299897917,0.9992942133848415,0.9992654221488865,0.9992942133848415,0.9992654221488865,0.0,-5.8852186594412725e-21
2234,16,5.753255367279053,-0.7110639394713265,-0.8501001939060476,12.428498888657485,12.463962594904343,-0.0004535659714626538,-0.00046142195997308805,0.9992676271010149,0.9992464437351432,0.9992676271010149,0.9992464437351432,5.424983973667265e-20,1.3322585886631544e-20
2235,16,6.021326541900635,-1.1372101999386275,-0.7965998078431991,12.60150049668919,12.572773279421334,-0.0004485529262439751,-0.0004377972812236889,0.9991637962481765,0.9992043992758929,0.9991637962481765,0.9992043992758929,5.425547725791526e-20,1.8331133068675806e-20
2236,16,5.998672962188721,-0.6227155768432485,-0.8023315508460619,12.612900756465404,12.707464660262914,-0.0004189357501294743,-0.00042162000536325345,0.999216004428535,0.9991422099363139,0.999216004428535,0.999142209936314,0.0,7.332338336707113e-21
2237,17,6.233719825744629,-0.3791470915560768,-0.9880806574291083,12.842759215133176,12.8842443605758,-0.0003837426757156643,-0.00042054546684822255,0.9990318394292241,0.9990577414962312,0.9990318394292241,0.9990577414962313,-5.426264357625181e-20,-7.990682699871119e-21
2238,17,6.443123817443848,-0.9803046957619612,-1.3978337071697444,12.947759998021263,13.089531942751696,-0.00035931215195933057,-0.0004393221813326615,0.9989048258793444,0.9989661263478748,0.9989048258793444,0.9989661263478748,5.426954322355346e-20,-1.911447830094974e-20
2239,17,6.2707600593566895,-2.843317417694219,-1.8371808004409131,13.517387219346105,13.278467141999887,-0.0005851867772265428,-0.00046465916453411666,0.998903742664359,0.9988751530483683,0.998903742664359,0.9988751530483683,-1.0853920414730156e-19,-2.6994559972561358e-20
2240,17,6.351007461547852,-2.420212526671869,-2.0132218984019037,13.509820722953618,13.377713942555218,-0.0005163981822190763,-0.00046501081906276924,0.9987780213833392,0.9987737859296114,0.9987780213833392,0.9987737859296114,0.0,-1.9880646300012835e-20
2241,17,6.361783981323242,-1.7546751257875377,-1.9493458544484463,13.378365791815908,13.388508503052375,-0.0004241063258318531,-0.0004445988011210704,0.9986846809935115,0.9986555669497422,0.9986846809935116,0.9986555669497422,0.0,-4.45349646278219e-21
2242,16,6.377530574798584,-1.2282318438935678,-1.8602613055896098,13.16102506363689,13.37143081818417,-0.0003318108758567463,-0.00043160800841087805,0.9985537364170137,0.9985198887427699,0.9985537364170138,0.99851988874277,0.0,1.2752909551910497e-20
2243,16,6.272147178649902,-1.602731204532763,-1.8852463031933986,13.382524174145647,13.378769733518041,-0.00041526301934279725,-0.00044450814144966034,0.9982946141410421,0.9983780602323239,0.9982946141410421,0.9983780602323239,5.430271570774622e-20,2.721464169988157e-20
2244,16,6.371872425079346,-2.6231192716849723,-1.9417669481473832,13.490115789189828,13.400489590963813,-0.0005424001484153385,-0.00046868381680737186,0.9982303148225589,0.9982474257145503,0.9982303148225588,0.9982474257145502,0.0,3.3016392082564386e-20
2245,16,6.08989953994751,-2.185572798528112,-1.8672060218218092,13.458123802064849,13.418800296670733,-0.0005324713759717796,-0.0004789393822867142,0.9981923505189767,0.9981218270646899,0.9981923505189767,0.9981218270646899,1.0861655791309257e-19,2.8908455599454995e-20
2246,16,6.399790287017822,-1.054518531778369,-1.7022229977561398,13.399538059279202,13.445490500785622,-0.0004323130327081537,-0.00047360604525158634,0.9979991738317462,0.9979892010639139,0.9979991738317461,0.9979892010639139,-5.431879108290181e-20,1.1942215890799114e-20
2247,16,6.010091781616211,-1.2225264501856425,-1.5858841206714969,13.47121677157563,13.507401501016641,-0.0004517012045934365,-0.0004695167768289265,0.9978125552473681,0.9978581848623906,0.9978125552473681,0.9978581848623906,0.0,-4.123165286547134e-21
2248,16,6.107556343078613,-1.7951404852651305,-1.463761104472411,13.53555049205645,13.618117801623665,-0.00043607389814464284,-0.00047407484452132267,0.9977180538704415,0.9977421894493226,0.9977180538704415,0.9977421894493226,0.0,-1.8647599310166262e-20
2249,16,6.124414920806885,-2.077775847819144,-1.1487265524110621,13.847323590809832,13.770685939478104,-0.0005380685000648317,-0.00048340233160495597,0.9976554982239747,0.9976397153408364,0.9976554982239747,0.9976397153408363,0.0,-3.319771352909807e-20
2250,16,6.714756011962891,-0.5067932382950104,-0.5954163295569431,14.023119971815893,13.936346591146789,-0.0005273467199939639,-0.00048495238462009253,0.9976064024414157,0.9975397366059481,0.9976064024414156,0.9975397366059479,-1.0868035427921926e-19,-4.093287936368273e-20
2251,17,6.264625549316406,0.9932555557749482,-0.05584167556529074,14.02212342964418,14.109334390898145,-0.0004174023155499496,-0.00048275673258120884,0.9974138685331474,0.9974389125238572,0.9974138685331475,0.9974389125238571,-5.435066659339681e-20,-2.848815650901643e-20
2252,16,6.416347503662109,0.42577828737324075,0.2562474480651169,14.282432433506871,14.307557727720857,-0.00044608426253979055,-0.0004919136594822333,0.9972876850765623,0.9973521622286493,0.9972876850765623,0.9973521622286493,0.0,-1.4028176256975465e-21
2253,16,6.312046527862549,-0.15870892194037708,0.4764059750386458,14.518453353105512,14.525804560312602,-0.0005513727264389961,-0.0005066021140128763,0.9973066127687041,0.9972865557577085,0.9973066127687042,0.9972865557577085,1.087130235179693e-19,2.189804577963892e-20
2254,17,6.074820518493652,0.14726376406576736,0.8255716250046836,14.886216016871664,14.74409293560877,-0.0006012818706991884,-0.0005057392269776254,0.9972635754979723,0.9972297913335149,0.9972635754979723,0.997229791333515,0.0,2.7773678130674224e-20
2255,17,5.979844570159912,1.8471784831349716,1.2951923918400892,14.839093876548446,14.949807518603174,-0.00044490607789307655,-0.0004857599505632137,0.997166372549208,0.9971734760849426,0.9971663725492081,0.9971734760849427,0.0,2.6106035006622218e-20
2256,17,6.337271213531494,2.297379282487978,1.6571652107845327,15.142690197984326,15.166363840097901,-0.00040191845302586966,-0.0004737017738461479,0.9971162497572793,0.9971209429584593,0.9971162497572794,0.9971209429584593,5.436688915406923e-20,2.2187536384317183e-20
2257,17,6.006664276123047,1.6952014306385557,1.8574113675450117,15.276108090651338,15.390959211545995,-0.0004316373287100584,-0.0004854413903380069,0.9970610883955279,0.9970755686991316,0.9970610883955279,0.9970755686991316,0.0,1.3178833600884625e-20
2258,17,6.26377010345459,1.4248702250810894,2.073841729550623,15.793200226267476,15.595193331756807,-0.0006049427026169367,-0.0005067448548384496,0.9970458169807719,0.9970375209465094,0.9970458169807719,0.9970375209465095,0.0,3.150299452658517e-21
2259,17,6.336620330810547,2.4511154960618753,2.431121245852895,15.769912448585565,15.727419030463773,-0.0005519619182465476,-0.0005081642765603634,0.9970205232826358,0.9970025895118491,0.9970205232826357,0.9970025895118491,0.0,-5.8011434729997155e-21
2260,17,6.388743877410889,3.2585758283503203,2.837917428933088,15.781215050144324,15.792463486782504,-0.00044956933942726205,-0.000490292404563366,0.9969597315026161,0.9969694166335293,0.9969597315026162,0.9969694166335293,0.0,-1.3178245890325632e-20
2261,17,6.158022880554199,3.287271742846764,3.1908285744247196,15.801412222479138,15.82318451075438,-0.000435125590116512,-0.00047200042281796985,0.9969126777592174,0.9969421598378496,0.9969126777592173,0.9969421598378496,-5.437799100531501e-20,-1.5887683286415716e-20
2262,17,6.030238151550293,2.8790876502930716,3.5268606542681527,15.874429923368849,15.850528830216257,-0.0004997206322379488,-0.00045995886690064085,0.9969558363899081,0.9969210172446231,0.9969558363899081,0.9969210172446231,0.0,-9.331931783353208e-21
2263,17,6.281223297119141,4.216621463474596,3.894423128453358,15.868813170318472,15.899564494615625,-0.00046775501045761365,-0.00044913452650402886,0.9969036300814315,0.9968988562286941,0.9969036300814315,0.9968988562286941,0.0,6.259267044959749e-22
2264,17,6.221974849700928,4.671120708702356,4.166719209645572,15.874395614713404,15.998892606688662,-0.0003830630752340746,-0.0004458087401125038,0.9968903277987667,0.9968777683798774,0.9968903277987667,0.9968777683798774,0.0,8.013722005670067e-21
2265,17,5.906538963317871,4.060582801220269,4.306155329787104,16.112177902106048,16.15951652022285,-0.00044722866032205017,-0.0004603565698473128,0.9968311813473141,0.9968651383428881,0.996831181347314,0.996865138342888,5.438243670408164e-20,6.778695102455821e-21
2266,17,5.749820709228516,3.924600652875186,4.440043713011094,16.467483375478185,16.346806099663926,-0.0005445269220358815,-0.0004837095604241432,0.996865087402815,0.9968699398962533,0.9968650874028149,0.9968699398962532,0.0,-7.848862841496087e-21
2267,17,5.911116600036621,4.978737495598045,4.61334734419225,16.503271727539257,16.510845905095735,-0.000483199762898801,-0.0005025814820009866,0.9969209141089882,0.9968907079827601,0.9969209141089881,0.99689070798276,-5.437754174585279e-20,-2.516007806401499e-20
2268,17,6.005223751068115,4.955889982202929,4.710979153539771,16.657129424796928,16.637007770524995,-0.0005133998502582294,-0.0005210774884476153,0.9969072511952406,0.9969240736662087,0.9969072511952406,0.9969240736662087,-1.0875657401283837e-19,-3.036661033387159e-20
2269,17,6.243046760559082,4.672243221210694,4.713796055265231,16.658295010049805,16.719760977250733,-0.0005192514583280757,-0.0005413978830467864,0.9969411020017239,0.9969747233804492,0.996941102001724,0.9969747233804493,1.0875288121921865e-19,-2.3835329545557896e-20
2270,17,6.359724044799805,4.201792115823047,4.707934169199337,16.82984410155436,16.754590912091974,-0.0006139648996926716,-0.0005599484727128372,0.9970473280068702,0.9970417237038052,0.9970473280068703,0.9970417237038054,-1.0874129462368244e-19,-2.309341003998236e-20
2271,17,6.621620178222656,4.641534754101955,4.746582015733573,16.69858454308312,16.725081489680857,-0.0005707726020490447,-0.0005697471378896829,0.9972010550699617,0.9971126112716354,0.9972010550699617,0.9971126112716356,0.0,-1.6820389784617476e-20
2272,17,6.3307695388793945,5.582045940492218,4.713399851444905,16.670781429559135,16.631463054679507,-0.0005258929816691527,-0.0005790275162148141,0.9971580392173154,0.9971807850394383,0.9971580392173155,0.9971807850394384,0.0,-8.718806374987923e-21
2273,17,6.8558197021484375,4.774679918196962,4.488407336614654,16.50343533411683,16.47482148062386,-0.0005425053605873411,-0.0005963957885483387,0.997186644848955,0.997265355100516,0.9971866448489551,0.997265355100516,0.0,-3.3560149725709964e-21
2274,17,6.087418556213379,3.188371367827794,4.237261487122149,16.269307621718124,16.26868380411695,-0.000706712857040482,-0.0006098430313907283,0.9973787393403861,0.9973791615914528,0.9973787393403862,0.9973791615914527,0.0,-1.0291686148581066e-21
2275,17,6.220902442932129,3.6279297602237888,4.195717145599384,16.08908428822704,16.038295650800613,-0.0006825561800062734,-0.0005947687085983903,0.9975603078143097,0.997509603704257,0.9975603078143097,0.9975096037042569,0.0,-2.627873273653107e-22
2276,17,6.270775318145752,5.262172261094383,4.2406155629925495,15.625466393559046,15.815264910620458,-0.0004666006475665713,-0.0005604545506543192,0.997683830089818,0.9976420481245001,0.997683830089818,0.9976420481245,0.0,1.0204129689813175e-21
2277,17,6.821256637573242,4.813192552331763,4.065784899456039,15.630885105853165,15.63236831351129,-0.00045533026319514677,-0.0005443027012504074,0.9976795175000791,0.9977811529386522,0.997679517500079,0.9977811529386521,0.0,4.9827838388584344e-21
2278,17,6.3586835861206055,2.946155344792034,3.698121529927876,15.537356100587076,15.466513199453,-0.0005838203858943956,-0.0005544037522340013,0.9979656879947051,0.9979410957301249,0.9979656879947051,0.9979410957301248,0.0,1.3111152738992915e-20
2279,17,6.154383182525635,2.7927283821405293,3.4111442906435943,15.448579031134322,15.28475383641061,-0.0006498841702072466,-0.0005669781628310108,0.9981570696603985,0.9981106744374596,0.9981570696603985,0.9981106744374595,0.0,2.4287542639623865e-20
2280,17,6.331171035766602,4.001653993401284,3.250363100948002,14.931685370151486,15.08920562739016,-0.0004976226327655655,-0.000567339582124895,0.9982651540444306,0.998282416124237,0.9982651540444306,0.998282416124237,1.086086365023264e-19,3.098911386317058e-20
2281,17,6.127930164337158,3.234045990175533,3.0646861524443305,14.90809503694443,14.927285198144391,-0.0005635240152759415,-0.0005640073095308501,0.9984174796571287,0.998464173410221,0.9984174796571288,0.998464173410221,0.0,2.3024087911973365e-20
2282,17,6.30598258972168,2.0381111878755402,2.9027551875171627,14.864470736029798,14.808548718864575,-0.0006489629918475609,-0.0005502091007478845,0.9986497123251458,0.9986583579434598,0.9986497123251457,0.9986583579434598,0.0,1.0755925991612114e-20
2283,17,5.943487167358398,2.9584543244827652,2.85817477974706,14.618780813460573,14.72848587303277,-0.0004956260435810424,-0.0005213095985997775,0.9989192004626269,0.9988504662953154,0.998919200462627,0.9988504662953154,0.0,2.4448452758618608e-21
2284,17,6.424503803253174,3.5426815741341144,2.774666110791981,14.662751939108656,14.68973465787652,-0.00043419597243851834,-0.0005015643018571374,0.9990262746938223,0.9990251241275837,0.9990262746938223,0.9990251241275837,0.0,9.409587797604703e-22
2285,17,6.575775146484375,2.9578476473674855,2.5202468528272446,14.684983466851799,14.661697853128745,-0.00045353545547861313,-0.0005094269639025471,0.9991322517678345,0.9991886273006108,0.9991322517678344,0.9991886273006108,-5.425719020515802e-20,7.385140752312053e-21
2286,17,6.279338836669922,1.5960337852077797,2.243428042466741,14.628003969692326,14.598294579438173,-0.0005751531330901105,-0.000536036123114226,0.9993758894494107,0.9993488667165505,0.9993758894494107,0.9993488667165507,1.084879257075961e-19,1.769593650735806e-20
2287,17,6.1731743812561035,1.4445216882817813,2.2358479268625713,14.611033903619258,14.460833951625638,-0.0006166589590284728,-0.0005532099785981671,0.9994643603567099,0.9994986385779474,0.9994643603567099,0.9994986385779475,0.0,1.593455423913633e-20
2288,17,6.513193130493164,2.6569816976513327,2.5561796866841586,14.222198213285477,14.23368576535943,-0.0005742538315291867,-0.0005458234828761533,0.9996807777402249,0.9996321945417218,0.9996807777402249,0.9996321945417219,0.0,8.737995025886284e-21
2289,17,6.644614219665527,3.4550146554737733,2.9686636416333507,13.958094197177282,13.950365079067602,-0.0005135536486850092,-0.0005241702825534754,0.9997690813313672,0.9997387762867649,0.9997690813313672,0.999738776286765,0.0,4.152363729822464e-21
2290,17,6.380825042724609,3.505394501948627,3.2429561423186204,13.527267525516372,13.653355014884031,-0.00044449079975771347,-0.0005115451224443871,0.9998097878859831,0.9998222120698805,0.9998097878859831,0.9998222120698805,0.0,5.944994993842032e-21
2291,17,6.359094619750977,3.3721602010936897,3.3254602691825235,13.357419072225225,13.37677610984607,-0.0004928441861101535,-0.0005249639277316381,0.9998467192368976,0.999898362504684,0.9998467192368975,0.999898362504684,0.0,1.547741006206872e-20
2292,17,6.408055782318115,3.117625863234211,3.2852444136256906,13.156488778669333,13.114481583895135,-0.0006012535325726397,-0.0005571983002820452,0.999997283538548,0.9999774885630565,0.999997283538548,0.9999774885630565,0.0,3.0729500026346454e-20
2293,17,6.266299247741699,3.1799931652664197,3.213402261951249,12.909534381036858,12.847706946220171,-0.0006093671727537878,-0.0005891770155896671,1.0000519970149173,1.000054278638551,1.0000519970149175,1.000054278638551,1.0841458001401617e-19,4.198724004045526e-20
2294,17,6.1794657707214355,3.256659796508763,3.149860366136901,12.416191907909173,12.574122878942044,-0.0005818603600848225,-0.0006146247693177543,1.0001516182414079,1.0001253682588476,1.0001516182414079,1.0001253682588478,1.0840378125787416e-19,3.399183170512503e-20
2295,17,6.233119487762451,3.205892982675648,3.1194471076467614,12.304241182982619,12.301617732968781,-0.0006043480664178655,-0.0006344565293855483,1.000182129515467,1.0001902975739272,1.0001821295154671,1.0001902975739274,-1.0840047432268565e-19,1.592457679490616e-20
2296,17,6.4499945640563965,2.824953234518303,3.185082037803995,12.194741598838101,11.993034381271306,-0.0007052814944512007,-0.0006384010338731227,1.0002145049980555,1.0002561128155347,1.0002145049980555,1.0002561128155347,0.0,1.5995225207481916e-20
2297,17,6.412384510040283,2.8774656525314937,3.417536689231472,11.861663697106867,11.61515896969602,-0.0007145132451697313,-0.0006092626622891053,1.0003315908199382,1.0003261351692199,1.0003315908199382,1.0003261351692199,1.083842780169344e-19,2.7798692303224406e-20
2298,17,6.683104038238525,4.1192188700919266,3.7406589894496625,10.962910451647517,11.216744431761164,-0.0005055505005628564,-0.000556406644213503,1.0004646947740374,1.0003905562433921,1.0004646947740374,1.0003905562433921,0.0,3.641779918466763e-20
2299,17,6.668972015380859,4.720505164505715,3.911087606099031,10.649226671729346,10.919591603649595,-0.00037689411360758543,-0.0005232722243143135,1.0004096005205896,1.0004436797476701,1.0004096005205896,1.0004436797476701,0.0,4.800364174402206e-20
2300,17,6.482189178466797,3.5330263534813735,3.8203251317602205,10.804477836127605,10.766824498114577,-0.0005530666609848061,-0.000534857445833096,1.000442156570088,1.0005002033445876,1.000442156570088,1.0005002033445876,1.0837229972421183e-19,6.023585977600723e-20
2301,17,6.443005084991455,2.9889055178439405,3.6131022875546623,10.779037359008873,10.702778920118085,-0.0006344429622160371,-0.000569094615236878,1.0006074593355128,1.0005655911309734,1.0006074593355125,1.0005655911309734,1.0835439635893838e-19,5.711889313252833e-20
2302,17,6.460111141204834,3.977215349392062,3.3584709593812074,10.617987739354476,10.668763385870168,-0.0005908677188905891,-0.0006034708726221462,1.0006520568395085,1.0006279991297848,1.0006520568395085,1.0006279991297848,0.0,3.787122721607599e-20
2303,17,6.018921375274658,3.6637512284373397,2.957439334665038,10.589953811353991,10.628737201971425,-0.0005830394000336236,-0.0006361914684380949,1.0006648302206103,1.0006859547228881,1.0006648302206103,1.0006859547228881,0.0,1.8405219886626413e-20
2304,17,6.510053634643555,1.7985262007304785,2.511192642860893,10.680019318001806,10.53371825606115,-0.0007075988102207769,-0.0006623509290375544,1.0007148494881821,1.0007469931129473,1.0007148494881821,1.0007469931129471,0.0,5.389261944994778e-21
2305,17,6.288435935974121,1.3093546941085377,2.3411196241657732,10.555669939161092,10.32960227266815,-0.0007666060808289349,-0.0006624576423919267,1.0008093690577295,1.000811236343691,1.0008093690577295,1.0008112363436907,0.0,-3.780992504659616e-21
2306,17,7.115110397338867,2.692766239472028,2.52429851028758,9.914520458447459,10.022103249057126,-0.0006154595606093071,-0.0006349010332970469,1.0009454887842204,1.0008670372322896,1.0009454887842204,1.0008670372322894,0.0,-1.4556854987031396e-20
2307,17,7.084194660186768,3.987332890328672,2.770736672655694,9.452892329751466,9.691408057338167,-0.000459831429164559,-0.000612884417506294,1.000872708014437,1.0009054476051964,1.000872708014437,1.0009054476051964,0.0,-3.0546509435530816e-20
2308,16,6.3210062980651855,2.9982366261599296,2.848515290444766,9.40388993132226,9.386266128895395,-0.0005894464375703827,-0.0006208038303268537,1.0009300368657523,1.000938027971521,1.0009300368657523,1.0009380279715212,-1.0831947614245897e-19,-4.852961361256592e-20
2309,16,6.380585193634033,1.9718293172660646,2.907748706235383,9.416629684788347,9.078514524614153,-0.0007800303052053648,-0.0006341987556232611,1.0009129076823984,1.0009718659436155,1.0009129076823984,1.0009718659436155,0.0,-5.962378501329494e-20
2310,16,7.538300514221191,2.6329982144904314,3.1636750137153,8.647784935145742,8.752441431776726,-0.000690224568212131,-0.0006187822915523688,1.0011003511688001,1.0010049490448327,1.0011003511688001,1.0010049490448325,-1.0830104806373123e-19,-6.596537756590644e-20
2311,16,6.798289775848389,4.193939224918204,3.532174038332817,8.252120224840427,8.485929312126784,-0.0004988339036982848,-0.0005855670175385009,1.0010101629156651,1.0010237477340576,1.0010101629156651,1.0010237477340573,-1.0831080568927732e-19,-5.942639796028432e-20
2312,16,6.715304851531982,4.185326438046612,3.7652242687605515,8.265523332035551,8.337065455813253,-0.0005223031092951968,-0.0005692541700353917,1.001030569837394,1.0010349923202921,1.001030569837394,1.001034992320292,0.0,-4.2308788916094473e-20
2313,16,6.4782185554504395,3.610125606481963,3.797092513957463,8.325620064608724,8.28546200700836,-0.0005653749822011653,-0.0005813594553527941,1.0010352270163867,1.0010476298775268,1.0010352270163867,1.0010476298775266,0.0,-3.0601022018496025e-20
2314,16,6.303586006164551,3.5612647796655597,3.7154136095921526,8.429716566153333,8.27662561561856,-0.0006364685738023629,-0.0006126657138796143,1.001015374978551,1.0010674767173322,1.0010153749785509,1.001067476717332,0.0,-2.944292476558266e-20
2315,16,6.173635482788086,3.728355747621454,3.571971677632136,8.20073354774816,8.273964576757395,-0.0006657792001161963,-0.0006477044443251449,1.0011500503217832,1.001092569866644,1.0011500503217832,1.0010925698666437,-1.082956717763763e-19,-2.986175658571897e-20
2316,16,6.152581691741943,3.839389193787949,3.3710530307768307,8.21069069259698,8.28359270977002,-0.0006496922284509523,-0.0006782292630589808,1.001112098298301,1.001108936812519,1.0011120982983008,1.001108936812519,0.0,-1.7813037361227704e-20
2317,16,6.027994632720947,2.5838051239039608,3.1873407302880907,8.341612223481249,8.295595519778876,-0.0007034865995694459,-0.000701018482027691,1.0010800944178828,1.0011161693913253,1.0010800944178828,1.0011161693913253,0.0,8.168949914067407e-22
2318,16,6.1518235206604,2.3817111208134545,3.2017578432394336,8.368675737343553,8.276242700033688,-0.0007911600512299802,-0.0007058440306108621,1.0011894442383855,1.0011163714622695,1.0011894442383855,1.0011163714622697,0.0,1.955286823581889e-20
2319,16,6.134178161621094,4.1983337747237375,3.38627799106511,8.292723704079913,8.207190216656118,-0.0006734253109603388,-0.0006874747256250038,1.0010375204029003,1.0011064372504754,1.0010375204029003,1.0011064372504754,1.0830784564889554e-19,3.154221604604731e-20
2320,16,5.951450347900391,4.038272605081774,3.4825700270295936,7.922111663910369,8.107661485254134,-0.0005709108836429241,-0.0006653566686227032,1.0010937514634435,1.0010972439469221,1.0010937514634435,1.0010972439469221,0.0,2.977088458507906e-20
2321,16,6.092892646789551,2.7244539026546533,3.4567331893079603,8.081754837571461,8.015316818278224,-0.0007054865764128421,-0.0006539173872484972,1.0011096296624142,1.0010842075155764,1.001109629662414,1.0010842075155764,0.0,2.6512592570126434e-20
2322,16,5.996392250061035,3.178720327158577,3.449914104863398,8.045249163899667,7.922709940314876,-0.0007055832678202654,-0.0006416435173473671,1.0011225650601572,1.0010584263832265,1.001122565060157,1.0010584263832263,0.0,2.8733287691447265e-20
2323,16,6.618540287017822,4.695568252809971,3.404654586508502,7.609100711552438,7.837552165680107,-0.0004965505072909972,-0.0006301975243072541,1.0009506886460708,1.0010232478557306,1.0009506886460708,1.0010232478557306,1.083172412770946e-19,3.097458737821391e-20
2324,16,6.476810455322266,2.930849899117568,3.2190653161430687,7.8094180294270865,7.793285036921378,-0.0006579300414468697,-0.0006348993352503066,1.000956346131877,1.0009981680896798,1.000956346131877,1.0009981680896798,0.0,2.2633948238084696e-20
2325,16,6.510178089141846,2.33203066048831,3.1214490912008888,7.849261510907087,7.768030875184507,-0.0006783198378241495,-0.0006391088519434078,1.0009636089545118,1.0009836065317537,1.0009636089545118,1.0009836065317537,0.0,1.155377228173694e-20
2326,16,6.440877914428711,2.39984668194386,3.2917329179437678,7.8501953942148175,7.7340655628542745,-0.0007321387962713928,-0.0006261224085383443,1.0010760484309187,1.0009611211402516,1.0010760484309187,1.0009611211402516,0.0,3.710977556294582e-21
2327,16,6.662700176239014,4.789023210108193,3.5943254749540205,7.535270131063163,7.696925823371097,-0.0005346558424464992,-0.0006000518303583269,1.0009480474143846,1.000911809366518,1.0009480474143846,1.0009118093665181,0.0,-1.94232457942882e-22
2328,16,6.57277774810791,4.7346740125612,3.6613664618005366,7.592385025669892,7.690388131201448,-0.0004473649199144117,-0.0005941463485468837,1.0007430234095294,1.0008515000340865,1.0007430234095296,1.0008515000340867,0.0,-1.3713988385124298e-21
2329,16,6.453156471252441,2.7411439024748896,3.480211203995619,7.794536275233006,7.703244709616414,-0.0006734197123923714,-0.0006200281944929689,1.0007549921072236,1.0008069772534505,1.0007549921072236,1.0008069772534507,0.0,-1.1463329517767522e-21
2330,16,6.2258830070495605,2.339779244587723,3.3802300976513635,7.804477160440001,7.691025057773692,-0.0007419269224892441,-0.0006460962641182548,1.000853000673536,1.0007724744603606,1.0008530006735363,1.0007724744603608,0.0,-3.508347242460069e-22
2331,16,6.274484157562256,3.9809505610699407,3.475212414678453,7.563762951342149,7.637265645214188,-0.0006233017608614872,-0.000652856735169672,1.0007965623955657,1.0007251999422797,1.0007965623955657,1.0007251999422795,0.0,6.431400418951531e-22
2332,16,6.364614963531494,4.150276685244217,3.5529090732148503,7.5829110493732355,7.560475877579781,-0.0006313711358363655,-0.0006510353987846639,1.0006278965599709,1.000667813326317,1.0006278965599709,1.0006678133263167,0.0,1.604037408131656e-21
2333,16,6.720768451690674,3.394309118568437,3.517455547743988,7.413830639240931,7.467473649343496,-0.000620546334000014,-0.0006482828974454343,1.0005121433208783,1.0006271748543907,1.0005121433208783,1.0006271748543907,0.0,2.0178985295631743e-21
2334,16,6.269185543060303,2.754587560270816,3.477334926069094,7.427068631436532,7.362399709251445,-0.0007041313687072348,-0.0006422972242263955,1.000646154543138,1.000615479280705,1.000646154543138,1.0006154792807052,0.0,7.073270935335956e-22
2335,16,6.163325786590576,3.4611751721154316,3.496215884171537,7.167294581130693,7.240516914963517,-0.0006445243677041672,-0.0006259918912329853,1.0006939857488564,1.0006114078934614,1.0006939857488564,1.0006114078934614,0.0,-4.2517207715196556e-21
2336,16,6.4633307456970215,4.249328530993282,3.4120996561149584,7.1156656764543476,7.106953516078361,-0.0005765978453698817,-0.0006100162984199039,1.0006034661730545,1.0006006974245285,1.0006034661730545,1.0006006974245285,0.0,-1.4819114226559908e-20
2337,16,6.543715476989746,3.7263598000811746,3.059993453118234,6.828907256863013,6.95036426155268,-0.00048416218118651713,-0.0006127088153160769,1.0005262065408898,1.0005962596916704,1.0005262065408898,1.0005962596916704,0.0,-3.0654805102899143e-20
2338,16,5.9929375648498535,1.7981211350598094,2.564757057728372,6.9186313440891665,6.747671608979958,-0.0006892326138918019,-0.0006347344968289026,1.0005923157776577,1.0006129145546556,1.000592315777658,1.0006129145546554,-1.0835603625866995e-19,-4.455781025233019e-20
2339,16,5.8207478523254395,1.3540322978070078,2.247212937232057,6.690784032891399,6.454212551613274,-0.0007892080938675797,-0.0006412100176466186,1.000693349751671,1.0006438228470569,1.000693349751671,1.0006438228470569,0.0,-4.420495859150112e-20
2340,16,5.885379314422607,2.42327017966199,2.174989150658766,5.991584003229002,6.086632423827435,-0.000581822731296277,-0.0006158790338919053,1.0007200438718278,1.000674633614337,1.0007200438718278,1.000674633614337,-1.083422061069828e-19,-3.101071749317453e-20
2341,16,5.784959316253662,2.8448782690280012,2.101397618663066,5.531432558361268,5.740149454545452,-0.00048482833953993287,-0.0005896058227559788,1.000658990991389,1.0007081684516983,1.000658990991389,1.0007081684516983,0.0,-3.5344282424436804e-21
2342,16,5.6668524742126465,1.7614152834590213,1.8444585749132156,5.474064655479703,5.482959696656522,-0.0005964651575193575,-0.0005861253088064104,1.0007158452664937,1.0007611748915501,1.0007158452664937,1.0007611748915501,1.083426606677521e-19,1.965257071604541e-20
2343,16,5.384850978851318,1.012657059124569,1.4644868903333979,5.347648222418973,5.310784254944324,-0.0006484125037947267,-0.000594991302375136,1.0009050147337561,1.0008351417328223,1.0009050147337564,1.0008351417328223,0.0,2.207267501353224e-20
2344,16,5.583476543426514,1.648191636019523,1.0171282438492406,5.1399062895135526,5.203392921516587,-0.0005601821272437589,-0.00060516884551072,1.000895753764872,1.000919197867379,1.0008957537648722,1.000919197867379,0.0,1.344947439886832e-20
2345,16,5.392056941986084,0.7213514717200707,0.4564666563082649,5.128274179877659,5.146674620104555,-0.0005829573017877139,-0.0006200016764758966,1.0009542597191812,1.0010194683426639,1.0009542597191812,1.0010194683426639,0.0,2.3032321020179003e-21
2346,16,5.382404327392578,-0.8843052833681142,-0.07986535200532902,5.2723618738647104,5.108024867304865,-0.0007133738946557474,-0.0006299940500781178,1.0010978823083092,1.0011350796419718,1.001097882308309,1.0011350796419716,0.0,-9.02860935439613e-21
2347,16,5.954181671142578,-0.9317978791366638,-0.38424667600812656,5.032344708051963,5.057117917441369,-0.0006815119880593184,-0.0006169329725045141,1.0013995203543682,1.0012394640991817,1.0013995203543682,1.0012394640991817,0.0,-1.9280514965421138e-20
2348,16,6.096095085144043,0.24503497256909335,-0.5272476193901978,4.925615723576798,5.012915026640838,-0.0005301280353596097,-0.0005912683221672408,1.0013588883092712,1.0013011050322826,1.0013588883092712,1.0013011050322826,-1.0827308621748079e-19,-2.3011125388493566e-20
2349,16,6.171539306640625,0.16442473911755712,-0.7525217489258518,4.94911241441211,4.993429437481951,-0.0004395023394722016,-0.0005851948912187512,1.0011624368837406,1.0013385922131044,1.0011624368837406,1.0013385922131042,0.0,-1.459702835512353e-20
2350,16,5.81060266494751,-1.9271133911350882,-1.044565145337892,5.043800141874949,4.985214883875115,-0.0006731529385081279,-0.0006065442915927917,1.0013738029568162,1.0013869198607268,1.0013738029568162,1.0013869198607266,1.0827147357801012e-19,-1.150529400520063e-20
2351,16,5.891396522521973,-2.0500607381466502,-1.1237490081663952,5.014205778381045,4.959529312222189,-0.0007384928655644256,-0.0006201369329316041,1.0015290914944581,1.0014317637658854,1.001529091494458,1.0014317637658852,-1.082546859290611e-19,-2.4019093820299335e-20
2352,16,5.665791034698486,-0.4493575691966443,-0.9849577245825543,4.885898037590158,4.90656864406944,-0.000578899009089682,-0.0006095041704040673,1.001474833933983,1.0014490418721478,1.001474833933983,1.0014490418721476,0.0,-3.084621895625876e-20
2353,16,5.98366117477417,-0.03337886091176505,-0.932907099850049,4.79408207358671,4.836171782863824,-0.0005249872558074156,-0.0005971604629496833,1.0014367791756715,1.001445474370183,1.0014367791756715,1.001445474370183,-1.0826466483265782e-19,-2.484414742254243e-20
2354,16,5.315981388092041,-1.1557592998652213,-1.1076418620143893,4.743502693845854,4.752711239733603,-0.0005751580525870249,-0.0005996412051008398,1.0013831377065525,1.0014426259969471,1.0013831377065525,1.0014426259969473,0.0,-2.019398134214444e-21
2355,16,5.445094108581543,-1.818925383857994,-1.3380413552100612,4.735711998718792,4.645419244597543,-0.0006481794333893223,-0.0006071974833386437,1.0014230757059457,1.0014566408986145,1.001423075705946,1.0014566408986147,1.0826614632593762e-19,1.885417828766491e-20
2356,16,5.205427169799805,-1.8975646406524893,-1.4384811771740598,4.61599100739949,4.504554360747252,-0.0006620155800558845,-0.0005999725644676575,1.0015154481267425,1.0014811571685227,1.0015154481267425,1.0014811571685227,0.0,2.0439167777674767e-20
2357,16,5.867863178253174,-1.1907816433572,-1.4177600024532515,4.1959178534853905,4.357465135437511,-0.0005515113817138124,-0.0005742412864354627,1.001550482146985,1.0014971192263373,1.001550482146985,1.001497119226337,0.0,1.2377915742945651e-20
2358,16,5.728296756744385,-1.0613880786659613,-1.4550341622614387,4.2126052689859295,4.262582131130706,-0.0005177356333006909,-0.0005479991608524972,1.00147575806806,1.0014980563703493,1.00147575806806,1.001498056370349,0.0,3.828770033121595e-21
2359,16,5.678038597106934,-1.7941510356948658,-1.6666251346902952,4.244578479699184,4.233962435494283,-0.0005307515438195656,-0.0005349683504888098,1.001480757947225,1.0014949297954967,1.001480757947225,1.0014949297954965,0.0,-1.8085196659863462e-21
2360,16,5.584202766418457,-1.8446449366760296,-2.0391316982080783,4.233963106886744,4.258578313919611,-0.0005413754685607067,-0.0005373994538845214,1.0015105389436874,1.0014947630101312,1.0015105389436871,1.001494763010131,0.0,-3.131703199459795e-21
2361,16,5.266385078430176,-2.110064525032388,-2.553076002104499,4.284880253832704,4.320897536124063,-0.0005077420297773798,-0.0005541904532646816,1.0014542547690397,1.001499667757795,1.0014542547690395,1.0014996677577948,0.0,1.774665970020257e-21
2362,16,5.150209426879883,-3.6697754723588707,-3.101886992773682,4.42127765739949,4.395557155468394,-0.000597156727660953,-0.0005814016229588754,1.0015127143178375,1.0015119374669375,1.0015127143178375,1.0015119374669375,0.0,1.5808600655559466e-20
2363,16,5.023468971252441,-3.823554379247018,-3.4667282570792324,4.483955720048754,4.445701547173618,-0.0006388474053304085,-0.0006016565338626407,1.0015477763302698,1.0015204666524178,1.0015477763302698,1.0015204666524178,0.0,4.024644946808945e-20
2364,16,5.408045768737793,-3.3983504584887188,-3.608293899386056,4.411457458141339,4.443144129016655,-0.0006240694389227678,-0.0006020541860596669,1.0015929893460707,1.0015129892296706,1.0015929893460707,1.0015129892296706,1.0824777968877043e-19,6.77154115002866e-20
2365,16,5.068429946899414,-3.237765816666898,-3.635131067870027,4.440344629277636,4.371939034628169,-0.0005215174555403548,-0.0005850577006093536,1.0013821046856066,1.0014927386052115,1.0013821046856068,1.0014927386052115,1.0827057597817765e-19,7.945993306881153e-20
2366,16,5.72007942199707,-4.0467365024198525,-3.585470270949506,4.370193955061116,4.2148196828814,-0.000622685615421291,-0.0005580070574254344,1.001461178749478,1.0014816567496643,1.001461178749478,1.0014816567496643,1.0826202707521273e-19,6.872198412108537e-20
2367,16,5.650859355926514,-3.6711012504766183,-3.385571307224418,3.936280022017056,3.986618268499305,-0.00053978095912302,-0.0005140735651113797,1.0015415127556508,1.0014700033869066,1.001541512755651,1.0014700033869066,0.0,4.4555174896547556e-20
2368,16,5.923423767089844,-2.824926466188862,-3.094621498541891,3.626922337554635,3.7521623062315355,-0.0004174047405926998,-0.0004633024657341325,1.0014339416611622,1.0014381432876853,1.0014339416611622,1.0014381432876853,0.0,2.7194309244742047e-20
2369,16,5.691097259521484,-2.8283926450659553,-2.8763525960792307,3.5714874963284498,3.563050728902594,-0.000449461612963358,-0.00042530026222790593,1.0014191608552558,1.0013868914437798,1.0014191608552558,1.0013868914437798,0.0,2.3937604491084293e-20
2370,16,5.209019184112549,-2.547628751684091,-2.8307370889058325,3.3736185830373406,3.429364975279281,-0.0003517526785456508,-0.0004095515374300517,1.0013354971296693,1.0013238843087953,1.0013354971296693,1.0013238843087953,5.4137807737435286e-20,2.843204648475644e-20
2371,16,5.105557918548584,-2.8303808639597623,-2.999179983680045,3.33526164755061,3.349719467377837,-0.00038349734139003625,-0.00042486303468166497,1.0011944061277454,1.001267437797477,1.0011944061277454,1.001267437797477,5.414543698255381e-20,2.688148297212989e-20
2372,16,5.310908794403076,-3.688735837855053,-3.313335848392245,3.419922264197601,3.304053647705252,-0.0005342579570308462,-0.00045971279956455544,1.0012206180744656,1.001236161426246,1.0012206180744656,1.001236161426246,0.0,1.4231642875734998e-20
2373,16,5.582370758056641,-3.605342492371237,-3.6566129593590904,3.181872146426877,3.2723600315741743,-0.0004971022771023889,-0.0004902912550422772,1.0012936532809915,1.0012243568117523,1.0012936532809917,1.0012243568117523,0.0,-4.667737247510821e-21
2374,16,5.581010818481445,-3.450956895336814,-4.015565252638712,3.2325546674621872,3.26368720382862,-0.00048043443793165547,-0.0005139629269136052,1.0012106844676243,1.0012207643744908,1.0012106844676243,1.0012207643744908,0.0,-2.6948818682259334e-20
2375,16,5.524044036865234,-4.664359883317181,-4.346461189063224,3.2979323264351894,3.2655049214216407,-0.0005181000470062678,-0.0005336069060059585,1.0011589613715846,1.0012338812615225,1.0011589613715846,1.001233881261522,-1.0829470786538742e-19,-4.730241839212379e-20
2376,16,5.484532833099365,-5.14913704439043,-4.449008854584736,3.325714869005152,3.2509330483447463,-0.0005740159776126656,-0.0005408616025183778,1.001254155905899,1.001268559626952,1.001254155905899,1.0012685596269517,0.0,-5.639490438685859e-20
2377,16,5.56505012512207,-4.631276159968988,-4.234599760323923,3.232906451633535,3.206832345145984,-0.0006298134494299338,-0.0005224542175952667,1.0014462526029353,1.001304020354324,1.0014462526029353,1.0013040203543238,-1.0826364067641893e-19,-5.758811203584371e-20
2378,16,5.374917984008789,-2.935966452152202,-3.893233262340174,3.073291257452312,3.1484175718573377,-0.00040708005763011063,-0.00048286676163329553,1.0012904049283033,1.0013201936300524,1.0012904049283031,1.0013201936300522,-5.4140245784295626e-20,-4.5158788647699745e-20
2379,16,5.505853652954102,-3.1307208214364732,-3.7187460892665305,3.071608657134832,3.0990330619537594,-0.000369117813083055,-0.00045696898445447663,1.0012165729335367,1.0013382990406017,1.0012165729335367,1.0013382990406015,0.0,-2.5597182779108703e-20
2380,16,5.451198101043701,-4.50433227208198,-3.6827850203149164,3.0972358161270814,3.057822182812923,-0.00048707727355927396,-0.00045683583071508174,1.0014110683286417,1.0013715712757647,1.001411068328642,1.0013715712757645,0.0,-1.0237623649218783e-20
2381,16,5.809927463531494,-3.878527196777596,-3.5593835525578195,3.0777644301190756,3.0123565691361778,-0.0005337030146928197,-0.00046304476964041105,1.0014960338689207,1.0013954392116224,1.0014960338689207,1.001395439211622,0.0,-2.210403195698393e-21
2382,16,5.62532901763916,-2.954169207131182,-3.362153761551897,2.912725478194216,2.965625861442184,-0.00043352448287353366,-0.0004642902868775285,1.0013754639822126,1.0013960203113517,1.0013754639822126,1.0013960203113514,0.0,8.110743204225231e-22
2383,16,5.495803356170654,-2.9105469252588465,-3.236537742346484,2.9445849811178495,2.9397808068642113,-0.0004331064244776294,-0.00047105137084614324,1.0012930267865756,1.001391984414967,1.0012930267865756,1.0013919844149668,0.0,2.586263361550657e-21
2384,16,5.680683135986328,-3.6623131890132377,-3.198866194185138,2.9322713446813413,2.945814937764507,-0.0004984873411765214,-0.00048660338171307744,1.0014108373775625,1.0013954689853606,1.0014108373775625,1.0013954689853601,0.0,6.585794317257042e-21
2385,16,5.720136642456055,-3.1300686644847064,-3.1662725063321995,2.948560661837587,2.9910439754279428,-0.0005411089619165348,-0.0005007060139508752,1.0014837808747494,1.001386821583144,1.0014837808747494,1.0013868215831438,0.0,1.4883180934984722e-20
2386,16,5.668107986450195,-2.6853931004505776,-3.171780242516008,2.9769102127521534,3.0756393532406983,-0.00046805917333785964,-0.0005069569101710737,1.0013458764738161,1.0013508724928928,1.001345876473816,1.0013508724928928,0.0,2.613643942075721e-20
2387,16,5.513147354125977,-3.5952018272876956,-3.2353296776479277,3.3044424166090134,3.1778057282278565,-0.0005016866791487795,-0.0005094014192594886,1.0012041547320252,1.0013033957126998,1.001204154732025,1.0013033957126998,1.0828981954990929e-19,3.1824118910449694e-20
2388,16,5.608518600463867,-4.081152392580346,-3.250662181420194,3.3261756397554927,3.2516426359127415,-0.0005919498354711563,-0.0005024683080929517,1.0013778875100385,1.0012582845687674,1.0013778875100385,1.0012582845687676,0.0,2.0159535046234422e-20
2389,16,5.514803409576416,-2.2080228500404853,-3.252654255946629,3.2273760249358605,3.2894831511953253,-0.00046385532686805183,-0.0004821295946620628,1.0012285242755965,1.001207009818371,1.0012285242755967,1.0012070098183712,0.0,-5.822977249360636e-23
2390,16,5.900053977966309,-2.4399273317815626,-3.48268565237367,3.2041552949689014,3.312163949049041,-0.00032994434844695606,-0.0004703884316120581,1.000986672799865,1.0011724330225615,1.000986672799865,1.0011724330225615,0.0,-2.0301484478927297e-20
2391,16,5.595969200134277,-4.857506245228175,-3.8368840953388057,3.4340623726233033,3.3184500242878046,-0.0005111058743256331,-0.0004797432686648045,1.0011430820485712,1.0011794033600883,1.0011430820485714,1.0011794033600883,-1.0829642554858141e-19,-3.205330274018765e-20
2392,16,5.485265254974365,-5.0259021793558,-3.8898625629289123,3.3893390623695288,3.2782291990763337,-0.000586539607430744,-0.0004807417148338651,1.0012934894437326,1.0011947860797867,1.0012934894437329,1.001194786079787,0.0,-2.657074055972706e-20
2393,16,5.920215606689453,-3.53331204781107,-3.5473433345584713,3.2235452148432144,3.198274906748569,-0.000533933187506019,-0.00045143939301538503,1.0013079253161201,1.0011676559626688,1.0013079253161201,1.0011676559626688,0.0,-1.5408961732593233e-20
2394,16,5.587466239929199,-2.0962556111114328,-3.154716721352172,2.889347622247724,3.1316369326722553,-0.000310877078850284,-0.0004122327574500528,1.0011326297810386,1.0010862709429413,1.0011326297810383,1.0010862709429413,0.0,-6.50334586059082e-21
2395,16,6.209491729736328,-2.1603106363579405,-3.060009397843563,3.132211139989024,3.128849877039726,-0.0002753872803953795,-0.0004091388147967267,1.0007165234379305,1.0009932055401543,1.0007165234379305,1.000993205540154,0.0,-4.636039698053718e-22
2396,16,5.426067352294922,-3.938704744221239,-3.210291620634459,3.207478619802488,3.166431700225542,-0.0005121596462730875,-0.00045263582435556813,1.0009497643121683,1.0009357147227842,1.0009497643121683,1.000935714722784,0.0,5.3568186264347946e-21
2397,16,5.457347393035889,-3.9735703246490295,-3.259464411879467,3.2632765911452384,3.2061270448508257,-0.0006022407418468107,-0.0005101314474893154,1.0010158789786092,1.000883383921,1.0010158789786092,1.0008833839209998,0.0,1.382658826040202e-20
2398,16,4.843436241149902,-2.6387438022346346,-3.083642325127148,3.1492877131102612,3.227574266574652,-0.0004980655485494732,-0.0005653907082939776,1.0008084111934714,1.000800212143029,1.0008084111934714,1.0008002121430288,0.0,2.5039793336187287e-20
2399,16,5.377423286437988,-2.721236086118445,-2.806794093254688,3.116890657157712,3.2252770948927334,-0.0005394810672702621,-0.0006305645732695021,1.0006480098526838,1.0006941670849436,1.0006480098526835,1.0006941670849434,1.083500053775275e-19,3.2155119871342764e-20
2400,17,5.264812469482422,-2.7379998745547978,-2.4529687906401207,3.4374143242365207,3.163229355715207,-0.0007937306150251552,-0.000695153814057565,1.0005260049398592,1.0005828194453446,1.0005260049398592,1.0005828194453443,0.0,2.490154251265156e-20
2401,17,5.356619358062744,-2.3701568654759315,-2.005843803636606,3.086494001141164,2.98767805683036,-0.0008465217764344073,-0.0007222764756252971,1.0006164720045885,1.0004647504810036,1.0006164720045885,1.0004647504810034,0.0,1.3177539165981078e-20
2402,17,5.063446998596191,-0.7929637780610626,-1.5713797097526216,2.572547921162078,2.7389476700536273,-0.0006019886669154791,-0.0007122652971772811,1.000287013543427,1.0003282368637867,1.0002870135434272,1.0003282368637865,0.0,3.2952659223599225e-21
2403,17,5.142682075500488,-0.766016115371788,-1.3361304033989105,2.3369597030464706,2.5000768447224107,-0.0005924459473544135,-0.0007066567766577142,1.0000431595243706,1.0002048189765385,1.0000431595243704,1.0002048189765382,0.0,-5.35954956586763e-21
2404,17,5.169106483459473,-2.250103753400236,-1.1952644749093626,2.459111016835074,2.290013564115986,-0.0008356387916749257,-0.000708993329430757,1.0001652571404767,1.0001104649822725,1.0001652571404767,1.0001104649822723,0.0,-1.521402527770401e-20
2405,17,5.075606822967529,-1.1911962337165873,-0.8688939785686413,2.0983259565105037,2.0710393325489713,-0.0007675376336023234,-0.0006844026850197494,1.0001362489855348,1.0000060346141448,1.0001362489855345,1.0000060346141446,0.0,-2.579895536498389e-20
2406,17,5.202029705047607,0.1506727834830238,-0.4218888837030756,1.710383388206613,1.8523291710817937,-0.0005186319460438647,-0.0006393138338089449,0.9998529740817308,0.9998687418750012,0.9998529740817307,0.999868741875001,-1.0843616017457372e-19,-2.8639750897491187e-20
2407,17,4.7930192947387695,0.33276951441549885,-0.07397139174290607,1.6779039570429526,1.6550058414636355,-0.0005473087082100627,-0.0006098139989493198,0.9996623916444681,0.9997247845576933,0.9996623916444681,0.9997247845576932,0.0,-1.1811704474799324e-20
2408,17,5.0231146812438965,-0.16062109012134715,0.16162789983518236,1.6504901476076976,1.4555194614043825,-0.0006791337345430143,-0.0005918859921923724,0.999540716280209,0.9996006925066445,0.999540716280209,0.9996006925066445,0.0,1.2316862888711942e-20
2409,17,4.1969075202941895,-0.11431932568412502,0.4391476312265128,1.2157418190410085,1.2434263583639042,-0.0006189794725676012,-0.0005562672898497452,0.9995711023489069,0.9994939161238948,0.9995711023489069,0.9994939161238949,1.0846673837786243e-19,2.763885896158671e-20
2410,17,4.200606822967529,1.0741785572487703,0.7832216189333886,0.9379883635914721,1.0763051535231372,-0.00045501831613892516,-0.0005047562088680344,0.9994073101223797,0.9993825538542283,0.9994073101223796,0.9993825538542284,0.0,2.2484209349210804e-20
2411,17,4.135799884796143,1.4648072389058404,1.0067294371756885,0.9604768205163471,1.0051369364989027,-0.00045116493106479334,-0.00046600860097743477,0.9992735402073943,0.9992712348130219,0.9992735402073943,0.999271234813022,0.0,1.2791404904674451e-20
2412,17,4.196559429168701,1.1169767371392794,1.0246843556273744,1.0583960591133619,1.0212286188645565,-0.0003994514438236108,-0.00045426913617314924,0.9990569451659884,0.999181611862094,0.9990569451659884,0.9991816118620941,-5.426127998666631e-20,1.2405788900872497e-20
2413,17,3.9881954193115234,0.483570848752613,0.964492549945906,1.1495045954489755,1.089100636798171,-0.000506693106966981,-0.00046811384103411034,0.999151972384937,0.9991266926659802,0.9991519723849371,0.9991266926659803,1.0851223862347544e-19,2.17600596737098e-20
2414,17,4.296755790710449,0.9693025404230903,0.9858689510710095,1.214024399779647,1.1890533011855706,-0.0005219952313498842,-0.00048754004325834337,0.9991330541687193,0.9990746078360111,0.9991330541687193,0.9990746078360113,0.0,2.3078829000891565e-20
2415,17,4.303549766540527,1.1024344881058668,1.0683088641193563,1.264047411443128,1.3308343061415617,-0.0005064352063458054,-0.0005056075063152962,0.9990490451020707,0.9989969694423559,0.9990490451020707,0.998996969442356,0.0,2.3864272499125625e-20
2416,17,3.9841482639312744,1.3679210604726784,1.1414063875561813,1.3762520918488077,1.5332067253717283,-0.00047208571712941517,-0.0005322256892471483,0.9988988481801033,0.9988948387990655,0.9988988481801033,0.9988948387990655,0.0,2.9104943673854973e-20
2417,17,3.728656530380249,1.274579607512285,1.1681529523126264,1.890806382677763,1.776784890876545,-0.0005690055988319928,-0.000575006508799883,0.9987023674664393,0.9987948393521623,0.9987023674664394,0.9987948393521623,1.0856108965035954e-19,2.9766769267036136e-20
2418,17,4.047901153564453,0.9579670588862235,1.2137490322536262,2.092474700604428,1.9860965535194268,-0.0006500539308845316,-0.0006175871506781222,0.998711818812983,0.9987208098511172,0.998711818812983,0.9987208098511172,0.0,1.1106112267587344e-20
2419,17,3.7655320167541504,1.1644828059553027,1.3833427344860885,2.1779067779172965,2.126349368527777,-0.0006864288040085016,-0.0006384820342046158,0.9987293447150635,0.9986590633620172,0.9987293447150634,0.9986590633620172,0.0,-1.396728648096896e-20
2420,17,4.055594444274902,1.8296660228796984,1.6718226316927443,2.1703075402461462,2.220522979214438,-0.0006228328901291458,-0.0006329647656286031,0.9986111474179986,0.9985901798468722,0.9986111474179986,0.9985901798468722,-1.085710063710794e-19,-2.75610105532821e-20
2421,17,4.046376705169678,2.297476299141048,1.9772459235605968,2.2261021795494744,2.317613564834278,-0.0005615336930834579,-0.000617605540866957,0.9984577308726627,0.9985239427419459,0.9984577308726627,0.9985239427419459,0.0,-1.5123870154269384e-20
2422,17,4.098265647888184,2.145338108987192,2.267950758469832,2.509818526808002,2.4434598383863655,-0.0006175696550645078,-0.0006044048323740039,0.9983986495038933,0.9984788494476262,0.9983986495038935,0.9984788494476262,0.0,9.396860175363525e-21
2423,17,4.738567352294922,1.8898629694644102,2.639807310466897,2.661673938000288,2.5899791037236164,-0.0006554686348130526,-0.0005839264217985437,0.998571556900451,0.9984420463950678,0.9985715569004509,0.998442046395068,1.0857531090219008e-19,2.9169017391291503e-20
2424,17,5.150475025177002,3.337481341577163,3.1046685010034527,2.657135084833903,2.772277726051712,-0.0005583903348971769,-0.0005528426148150195,0.9985002587466434,0.9983750656338111,0.9985002587466434,0.9983750656338112,0.0,3.238116255218699e-20
2425,17,5.039750576019287,4.377368848449089,3.4116782098590783,2.900586297614119,3.027766794492381,-0.0004375706890977902,-0.0005354415577302338,0.9982006267396757,0.9982894180931016,0.9982006267396757,0.9982894180931016,0.0,3.221019033398766e-20
2426,17,4.913879871368408,3.648334301069722,3.407963216121399,3.3539592484110945,3.349131654224387,-0.000477552586034691,-0.0005558107245930584,0.9980158280726547,0.9982440521950129,0.9980158280726547,0.9982440521950129,5.431788464614288e-20,3.4922010398526787e-20
2427,17,4.8861918449401855,2.3246638909567365,3.3215166730480576,3.788738601990455,3.6747969824838465,-0.0007250292359457293,-0.0005971804568738198,0.9983832562456301,0.9982573204317996,0.9983832562456301,0.9982573204317996,0.0,3.43756305035599e-20
2428,17,5.058318614959717,3.3077942791706403,3.4617707742860344,3.960384325317602,3.943887334202369,-0.000626507905604033,-0.0006177560439417267,0.9983385000014129,0.9982698615608085,0.9983385000014129,0.9982698615608085,1.0860065724040193e-19,2.5433292800306275e-20
2429,17,5.183450222015381,3.8737303854817497,3.7906877038945175,4.215466475497794,4.138017890136625,-0.000615384369515249,-0.0006151269945610832,0.9982428159627476,0.9982529384176076,0.9982428159627474,0.9982529384176076,0.0,-2.8040974511869346e-22
2430,17,5.1120285987854,4.352325306636509,4.134592058661068,4.274731662878397,4.261454980889364,-0.0005957965443324021,-0.0006013675704309102,0.9982165522931962,0.9982122312412739,0.9982165522931962,0.9982122312412739,-1.086139245031325e-19,-2.501254963292846e-20
2431,17,5.0684356689453125,4.4705363487035354,4.354088993623595,4.3063271131373,4.347916573633614,-0.0005850811889247629,-0.0005889225815823398,0.9981722884005164,0.9981563063486288,0.9981722884005164,0.9981563063486288,0.0,-3.0914347948576636e-20
2432,17,5.028929710388184,4.508161410500394,4.403158500275106,4.308351329083069,4.4388223225243095,-0.0005571779663072603,-0.0005879786452122366,0.9981183919550151,0.9980957606001521,0.9981183919550151,0.9980957606001521,0.0,-2.657760671026821e-20
2433,17,4.530666351318359,4.391944012915712,4.304807100070146,4.582340444429082,4.550707344303836,-0.0005736500613966147,-0.0006041824864837108,0.9979446048377014,0.9980491572484661,0.9979446048377015,0.9980491572484661,-1.0864352261935734e-19,-1.471903858729274e-20
2434,17,4.70780611038208,3.8787699289651365,4.137205547593848,4.7171057176294084,4.6534980725127575,-0.0006715013136154702,-0.000629196293156101,0.9980495694297996,0.9980347747848981,0.9980495694297996,0.9980347747848981,1.0863209661068488e-19,5.335943868313027e-21
2435,17,4.664071559906006,3.8742632402155444,3.996477043796219,4.726006461159274,4.723087309163266,-0.0006532198457252854,-0.0006445445565347483,0.9980587513152352,0.9980356482950666,0.9980587513152352,0.9980356482950666,0.0,1.1309628396618566e-20
2436,17,4.5732421875,3.8736167538490585,3.8819428676708845,4.7915423375625705,4.761616490218506,-0.0006654641930524137,-0.0006450658203072113,0.9980552101065817,0.998032637348197,0.9980552101065817,0.998032637348197,0.0,8.688203766650432e-21
2437,17,4.530663013458252,3.8870836783032203,3.7242260995162035,4.7520210193788115,4.780805100293203,-0.0006401418836889522,-0.0006344665458047633,0.9980613405287115,0.9980184292110051,0.9980613405287116,0.9980184292110051,0.0,7.405540881363901e-21
2438,17,4.746520519256592,3.614239217866231,3.4547859230341618,4.768380815357732,4.8009783469286305,-0.0005887923596286282,-0.0006252609366762128,0.9979634683336324,0.9980000657984579,0.9979634683336324,0.9980000657984579,0.0,1.2490729368371821e-20
2439,17,4.9517011642456055,3.098620049365754,3.0788036894014565,4.81300881781597,4.831646303103144,-0.0005820084778296566,-0.0006306370474199053,0.9979172166289416,0.9979991890719861,0.9979172166289416,0.9979991890719861,0.0,2.4314477957638348e-20
2440,17,5.026127338409424,2.352126956224123,2.6758414265756545,4.935158104949542,4.866237312358295,-0.000707426197637195,-0.0006468251194468857,0.9980671087054513,0.9980209181649278,0.9980671087054513,0.9980209181649278,1.0863018759247313e-19,3.589869390107235e-20
2441,17,4.876237392425537,2.324830894648,2.3184139836896667,4.865552393245701,4.894694446869509,-0.0006699269562082567,-0.000654864640057836,0.9981293754742103,0.9980420905968282,0.9981293754742103,0.9980420905968281,0.0,3.692003338691471e-20
2442,17,4.847751617431641,2.5002522559438223,1.9674911457710893,4.877434014518544,4.926954921463241,-0.0006135884548524848,-0.0006541495390393929,0.9980427507948663,0.9980563183253389,0.9980427507948663,0.9980563183253389,0.0,3.7193231298884856e-20
2443,17,4.8016581535339355,1.391978733670703,1.6055149902357784,5.068987631070241,4.96419005677844,-0.0006211917796099777,-0.0006511494325060625,0.9979338089554378,0.9980912046199363,0.9979338089554378,0.9980912046199362,1.0864469795049492e-19,3.642971659262111e-20
2444,17,4.819658279418945,0.6728106282173826,1.3869200007060591,5.081233122992889,4.996669592214015,-0.0007206265866044456,-0.0006364748079593823,0.9981687583498688,0.9981631444584343,0.9981687583498687,0.9981631444584342,0.0,2.422884185391521e-20
2445,17,5.730470180511475,1.3684246746719293,1.3730147013218787,4.831362749751905,5.055476753879134,-0.0005968235668693546,-0.0005938899878716909,0.9984791022129105,0.9982312628728878,0.9984791022129104,0.9982312628728878,0.0,1.064080440096241e-20
2446,17,5.163431167602539,2.1535309400816893,1.349374005049794,5.100475135019498,5.1929594198800455,-0.0004852991877752636,-0.0005348976107698573,0.9982659254029591,0.9982630011293162,0.9982659254029591,0.9982630011293161,0.0,2.6341313677140523e-21
2447,17,5.5919575691223145,1.5178683399416117,1.105833832234917,5.636793657122381,5.387077950613623,-0.000499684995911695,-0.00047520888318624904,0.9980676671354971,0.9983083272434681,0.9980676671354971,0.9983083272434681,0.0,1.2650446099192806e-21
2448,16,5.880103588104248,0.23360956349212253,0.7455301915174573,5.518784341350523,5.586040400893649,-0.00038844396057246297,-0.00041559590019274494,0.9983971180468066,0.9984185716045239,0.9983971180468065,0.9984185716045239,0.0,5.691655941352927e-21
2449,16,5.083093643188477,-0.04993419925596589,0.5398164922892935,5.818626776954756,5.808278815780663,-0.0003944654932605879,-0.0003586193527936451,0.9985719382807459,0.9985632925786398,0.998571938280746,0.9985632925786398,0.0,1.3984750194970048e-20
2450,16,5.625455379486084,0.2304777118016255,0.5890056025874382,6.0059888659849525,6.07331628076833,-0.00037762244121033496,-0.0003035133733789967,0.99890053904478,0.9986860897113333,0.99890053904478,0.9986860897113333,5.426977612417228e-20,2.1213765308463293e-20
2451,16,5.392462253570557,1.497762315373564,0.7318819946438726,6.214214774649511,6.393654968039133,-0.00016716752955901783,-0.00026504317553294253,0.9987823139851797,0.9987485692388282,0.9987823139851797,0.9987485692388283,2.713809999697272e-20,1.999681373410708e-20
2452,16,6.214664459228516,1.3992130636843279,0.7075876216783685,6.848952810412264,6.7471892712888755,-0.00013069258786052018,-0.00027632113197510603,0.998479066539418,0.9987829625136448,0.998479066539418,0.998782962513645,0.0,1.2732574592888989e-20
2453,16,6.202724456787109,-0.31023530007163885,0.5237905729841815,7.218315466581821,7.056683588484699,-0.0004717437908238589,-0.0003340982393045863,0.9989467672465681,0.9988264785416167,0.998946767246568,0.9988264785416167,0.0,5.7474952332460044e-21
2454,16,5.534183979034424,0.0006714949772674867,0.3932557876374574,7.259989045627344,7.272896972617437,-0.000466822449521291,-0.0003941826856420455,0.9990170650387881,0.9988374876407817,0.999017065038788,0.9988374876407816,0.0,1.7191747283013886e-21
2455,16,5.734513759613037,0.8804535198916265,0.30059540998334733,7.312335953690671,7.4013297893819185,-0.00038269475153827675,-0.00044831234480267364,0.998802600039026,0.9988017798404442,0.998802600039026,0.9988017798404442,0.0,5.280284592930426e-22
2456,16,5.979413986206055,0.9197794746008905,0.08920971425672808,7.485642510329789,7.448543591211554,-0.0003778935377276114,-0.0005163447697246584,0.9984907984207758,0.9987709180921233,0.9984907984207758,0.9987709180921233,0.0,1.0419064396492982e-21
2457,16,5.341043472290039,-0.9179397017600187,-0.18542684607209484,7.470873814771276,7.395273756990476,-0.0006762517079101659,-0.0005929901955857643,0.998780190395538,0.9987896271730607,0.998780190395538,0.9987896271730609,0.0,1.749796222094606e-21
2458,16,5.5594587326049805,-1.2645566914745523,-0.22935586922006368,7.392049517335977,7.2326996313995435,-0.0007827958393599412,-0.0006324911693822627,0.9990217357077985,0.9988168214059255,0.9990217357077985,0.9988168214059256,0.0,6.4245573118331765e-22
2459,16,5.466940402984619,0.6044454644518068,-0.0026650983791926264,6.831158183904857,6.9916883233324345,-0.0005883301000229741,-0.0006171932793223962,0.998869333197576,0.9988032527858954,0.998869333197576,0.9988032527858954,0.0,-4.981804328928569e-21
2460,16,5.3757100105285645,1.0047130239978197,0.19755052568499643,6.749050676021994,6.746664881087279,-0.0004975166447657339,-0.000581228663645621,0.9986369708736459,0.9987687706290618,0.9986369708736459,0.9987687706290619,0.0,-1.7771952142698816e-20
2461,16,5.8407697677612305,-0.07264055108750316,0.25029015151168804,6.483317680266851,6.53377176623105,-0.0005235788533170716,-0.0005546920995453175,0.9987058314719117,0.9987598206986371,0.9987058314719118,0.9987598206986372,0.0,-3.741967104271111e-20
2462,16,5.8353657722473145,-0.17906373655100702,0.3167078953420522,6.5251617589586814,6.373278767724149,-0.0005743039304324996,-0.0005361588857505752,0.9987459214400606,0.9987817020135481,0.9987459214400607,0.9987817020135482,-1.08556355446461e-19,-5.464706765937312e-20
2463,16,5.855008602142334,0.2879321206703478,0.4851951019690127,6.155153949731927,6.281813354091973,-0.000552705067692336,-0.0005108617370258642,0.998952013979312,0.998809796056479,0.998952013979312,0.9988097960564792,-1.0853395932068844e-19,-5.139100016789188e-20
2464,16,5.698139190673828,1.0296213452137584,0.6516305783564249,6.2149300410601604,6.309128942424988,-0.00048381026226127,-0.0004765906752699278,0.9988087479713719,0.9988152451644791,0.9988087479713719,0.9988152451644793,0.0,-2.768588716632747e-20
2465,16,5.535341739654541,1.1105680659391022,0.6425969313221574,6.31436678069901,6.470424664035347,-0.00035033704438808337,-0.000447484037594188,0.9987299305748027,0.9988096158427661,0.9987299305748029,0.9988096158427662,5.427904678202191e-20,-3.1088435180278635e-21
2466,16,5.547560691833496,-0.026108700963810523,0.4242036683380008,7.0029010620099905,6.729512579579954,-0.0005165163669156696,-0.00043546791065470056,0.9987856979714405,0.9988070776097421,0.9987856979714403,0.9988070776097421,0.0,1.1529793284168762e-20
2467,16,5.689197063446045,0.0042173830017753515,0.10431510868539007,6.8921097229543165,7.015134802335745,-0.0004490310311131289,-0.00042873121903127306,0.9990031965737759,0.998794430243235,0.9990031965737759,0.998794430243235,0.0,2.4797394985057475e-20
2468,16,5.914849758148193,0.811332363775815,-0.32216189349705054,7.197063006349981,7.320405338648784,-0.0002773410948980835,-0.0004349506753508105,0.9986179894563344,0.9987616974238431,0.9986179894563345,0.9987616974238431,0.0,4.4223365456845807e-20
2469,16,5.450679779052734,-1.4207968415987902,-0.8404608455513778,7.807286594263479,7.612245823086142,-0.0004952250023077555,-0.0004624848359287085,0.9986100060763283,0.9987513013537621,0.9986100060763283,0.9987513013537621,1.0857113046017626e-19,6.532096772171422e-20
2470,16,5.463177680969238,-2.087453612199278,-1.1434596127378858,8.047484674021497,7.8258285354841854,-0.000624447414963654,-0.0004757213051249545,0.9987916877430353,0.9987667730914931,0.9987916877430353,0.9987667730914931,1.0855138121298054e-19,7.160113196794936e-20
2471,16,5.750903129577637,-1.356734492484378,-1.0972638728367634,7.7108660562041775,7.966621942441748,-0.0004831540087820712,-0.00044925589794281035,0.9990704658911325,0.9987576621880888,0.9990704658911324,0.9987576621880887,5.426054565222473e-20,5.99039766273803e-20
2472,16,5.893451690673828,0.11213389110471143,-0.9344799649018833,8.015566706874866,8.106289455059505,-0.0003055444744581302,-0.0004102140913896563,0.9985917255386333,0.9986944346544563,0.9985917255386333,0.9986944346544562,0.0,4.182542197982304e-20
2473,16,6.220523357391357,-0.5900821077531864,-0.9630930447628103,8.311412711737878,8.247898913668376,-0.00029007295441590964,-0.00040004230912938526,0.9983896928610961,0.9986386345108523,0.9983896928610961,0.9986386345108522,5.429754434756305e-20,2.6948867465134947e-20
2474,16,5.989002704620361,-1.7403627071108572,-1.1630435676080055,8.42137150807929,8.351653485824098,-0.0005233842071952187,-0.0004225884406912982,0.9987448095139857,0.9986260782608953,0.9987448095139857,0.9986260782608952,0.0,1.3651822578913743e-20
2475,16,5.982165336608887,-1.4163968367749122,-1.3669607539434503,8.331963975057073,8.395010648917394,-0.0004666883490024733,-0.00044860649045383655,0.9987640237346674,0.9986196328594156,0.9987640237346673,0.9986196328594156,0.0,4.215385759982304e-21
2476,16,6.140048503875732,-0.9720021725729765,-1.5587460813882532,8.510498699430446,8.376532804446244,-0.00041171190245546104,-0.0004726421128676461,0.9984366671367008,0.9986106530212016,0.9984366671367008,0.9986106530212017,0.0,-1.5090394718960993e-21
2477,16,5.696866989135742,-2.0740797843374894,-1.7371757285615221,8.31563586174272,8.290959013339483,-0.0004996714550150053,-0.000497819154840734,0.9985649937378598,0.9986303326217214,0.9985649937378597,0.9986303326217215,0.0,-5.873725416472607e-21
2478,16,5.580474376678467,-2.3542065152177227,-1.7551638811432688,8.138232649000178,8.17031139041406,-0.00057241252038529,-0.00051051803581791,0.9987334789704995,0.9986636001639911,0.9987334789704995,0.9986636001639912,0.0,-1.064148823159148e-20
2479,16,5.453496932983398,-1.7312943916171308,-1.573716384247444,8.009761267433987,8.061811304740377,-0.000578858044100516,-0.0004980001105116855,0.998848724652275,0.9986674961883867,0.9988487246522751,0.9986674961883868,0.0,-1.4795571650079922e-20
2480,16,5.597477912902832,-0.7471658536716361,-1.3811176075641314,7.885214772667918,8.000365110371325,-0.00041426476523044755,-0.0004735821407321414,0.9986365416573141,0.9986303843788681,0.9986365416573141,0.9986303843788682,-5.428412276433364e-20,-1.233587313511569e-20
2481,16,5.683081150054932,-0.5477139476953832,-1.4131370687658262,7.996634044515485,7.99274320291521,-0.00029385206825373913,-0.0004765271469095059,0.9983270194679312,0.9986042930634831,0.9983270194679312,0.9986042930634832,0.0,4.989109755592158e-21
2482,16,5.664714813232422,-2.1696771655287246,-1.6514277118461016,8.067046694789726,8.005696737020795,-0.0005880426803346739,-0.0005196538453355008,0.9986548045866789,0.9986359909751257,0.9986548045866789,0.9986359909751257,0.0,3.303893977828948e-20
2483,16,5.797386646270752,-2.405950632001735,-1.7984516051046366,8.021252421930907,8.002935314827429,-0.0006452181235927743,-0.0005594990388695537,0.998795887203476,0.998687738982784,0.9987958872034761,0.998687738982784,1.0855092480618408e-19,6.024259450902904e-20
2484,16,5.247406482696533,-1.7395923158978794,-1.6979554687174225,7.979112656210162,7.96904701493703,-0.0005882797050923993,-0.0005663342992206852,0.9987281530513673,0.9987144052620335,0.9987281530513674,0.9987144052620335,1.0855828677433316e-19,6.80492155136008e-20
2485,16,5.139776706695557,-1.335183640264994,-1.4250638243728837,8.001405271953441,7.8998809530391645,-0.0005405087607921156,-0.0005440121292846083,0.9986304760335227,0.9987068271441045,0.9986304760335227,0.9987068271441044,0.0,5.3525568489046633e-20
2486,16,5.579275131225586,-1.415128384708535,-1.1079284837225176,7.774424331761656,7.804278732241039,-0.000575472988647127,-0.000509831089753379,0.9988581957170831,0.9986623944345184,0.9988581957170832,0.9986623944345183,1.085441534278199e-19,2.6221539947679318e-20
2487,16,5.602100849151611,-0.1716781453896223,-0.8728047539229951,7.451250792591115,7.722806235744681,-0.00038453174730006435,-0.0004868861459270175,0.9986178284572795,0.9985700062043235,0.9986178284572794,0.9985700062043233,-5.428513999997579e-20,-1.2085091575186428e-20
2488,16,5.888935089111328,0.09068206940833796,-0.8802162623821972,7.708536915776308,7.673625753168863,-0.00033338901921286027,-0.0005106071447332558,0.9981344068564904,0.9984776854767626,0.9981344068564904,0.9984776854767625,-5.431143165879206e-20,-4.1405268613229696e-20
2489,16,5.589489936828613,-2.0569533016480137,-1.02031738672057,7.810406625387352,7.589934665945463,-0.0006482078089749443,-0.0005758735952856813,0.9983813132471628,0.9984375987431762,0.9983813132471627,0.9984375987431761,-1.0859600015541313e-19,-4.951497727044178e-20
2490,16,6.027629375457764,-2.218545320564543,-0.9123662072410035,7.628462901419853,7.411630157463934,-0.000896433529012788,-0.0006209422789774329,0.9987826932100774,0.9983961160101197,0.9987826932100774,0.9983961160101198,0.0,-3.6100327033859313e-20
2491,16,5.659314155578613,0.4602880709938518,-0.5260469891266718,6.855736652565832,7.167008116700795,-0.0004947959331055642,-0.0006140865488235046,0.9983282882816795,0.9982848719031856,0.9983282882816795,0.9982848719031857,0.0,-1.768135537716373e-20
2492,16,5.573339939117432,0.7342368898811675,-0.23072227483406238,6.912044433469338,6.942991119579009,-0.00043436428936070685,-0.0006033091686221011,0.9978127354207725,0.99815144487186,0.9978127354207726,0.99815144487186,0.0,-3.117218193138001e-21
2493,16,5.733492374420166,-0.9097147074006079,-0.11039213684592795,7.002894351420321,6.743202241494204,-0.000729111636123835,-0.0006068779743555357,0.9980520026592651,0.9980595608867923,0.9980520026592652,0.9980595608867923,0.0,7.234361437873018e-21
2494,16,5.983788967132568,-0.9713856221582913,0.06980984079251507,6.492274028429957,6.557357979014157,-0.0007855989306303163,-0.0005900304945205729,0.9983999155566617,0.9979690973189453,0.9983999155566616,0.9979690973189453,0.0,1.4817034959698933e-20
2495,16,5.904205322265625,1.843842494747818,0.2935085717632697,6.063449502299105,6.448415038083198,-0.0002514606108114468,-0.0005575013309504368,0.9976508763433476,0.9978436358621569,0.9976508763433476,0.9978436358621569,5.433775472935933e-20,1.7948887891570042e-20
2496,17,5.586512088775635,0.5641503651891697,0.28457945212282654,6.547217129993178,6.450281922899269,-0.0005415052076764071,-0.0005595137237274226,0.9975232783709946,0.9977622897935408,0.9975232783709946,0.9977622897935408,0.0,1.2668306015194988e-20
2497,17,5.536465644836426,-0.7805937607455695,0.18534178079470104,6.703855572064804,6.482286128797722,-0.0007377345506006884,-0.0005660380389058489,0.9977768393065457,0.9977579657641764,0.9977768393065458,0.9977579657641765,0.0,3.959301690362123e-21
2498,16,5.738683223724365,-0.184600786654023,0.2690179325937372,6.465159202710823,6.485307160726487,-0.0005589572257188815,-0.0005320353367170365,0.9979495756889792,0.997770545664082,0.9979495756889792,0.9977705456640821,0.0,-4.977451791833119e-21
2499,16,5.4225969314575195,0.7284232377167091,0.47276247923335835,6.4312375376131605,6.48113376694505,-0.0004921019944853192,-0.00047068385885470855,0.9978930482941457,0.9977401671881985,0.9978930482941457,0.9977401671881986,0.0,-1.2942514258833146e-20
2500,16,5.602863311767578,1.6394383621723176,0.5323155301486148,6.479406275496994,6.49991484250394,-0.00030198587754958953,-0.0004196330030354564,0.99750003399048,0.9976763035618759,0.9975000339904799,0.9976763035618759,-5.43459717062953e-20,-1.6491453746102978e-20
2501,16,5.580065727233887,0.1582544914749611,0.31675474266273174,6.533964986858988,6.552700085429736,-0.00034595503536175194,-0.0004162200363196836,0.9974988469232348,0.997637273663498,0.9974988469232348,0.997637273663498,0.0,-1.0634772972400608e-20
2502,16,5.575956344604492,-0.5125308206492467,0.05078486736939791,6.6416935442036245,6.638642937170401,-0.0004865101460483356,-0.00045701578713392435,0.997680148050804,0.9976273470074232,0.9976801480508041,0.9976273470074233,0.0,-4.0190029366138206e-22
2503,16,5.272271156311035,-0.6610171518852399,-0.048178490919024264,6.678335786812096,6.749630918143761,-0.0006221749341842106,-0.0005095635402443013,0.9979153939851764,0.9975975471513627,0.9979153939851764,0.9975975471513627,0.0,9.583970088083697e-21
2504,16,5.424655437469482,0.8226817935187408,-0.0021034892666307037,6.744629289909785,6.8712703483866715,-0.00039651754284157295,-0.0005542736787970645,0.9974448544021084,0.9975303424490842,0.9974448544021083,0.9975303424490842,5.43489781766131e-20,1.4887518741805863e-20
2505,17,5.295470237731934,0.49414164841400576,-0.009799105302842448,7.372280396931639,6.95623367497296,-0.0006986837912933737,-0.0005977319007355559,0.9971609608042364,0.9975083886990536,0.9971609608042363,0.9975083886990536,0.0,1.1152046797905224e-20
2506,16,4.979619026184082,-0.4073699728123704,-0.013219536593885202,6.900261028148213,6.94669630093144,-0.0005769986721826171,-0.0006139489212531882,0.9974925091008217,0.9975829742742129,0.9974925091008217,0.9975829742742129,0.0,4.882098586808208e-21
2507,16,5.906439304351807,-1.2892206153212915,0.25161039774120075,6.671582478675943,6.913608693974879,-0.000741012716770814,-0.0005959127221387598,0.998118322062087,0.9976718497847591,0.9981183220620868,0.9976718497847591,0.0,1.4985433924885864e-21
2508,16,5.921766757965088,1.5381952685757612,0.8430345144628678,6.893925193721237,6.9296633444648545,-0.0005089515825841565,-0.0005440751053200245,0.9977568971068387,0.9976670147291454,0.9977568971068387,0.9976670147291454,0.0,3.727732852441298e-21
2509,16,5.887670516967773,2.383730494477657,1.3685475267926615,6.994312386515271,6.986957667162661,-0.0003848309984631282,-0.0004975031519085402,0.9974492899232791,0.9975963316049778,0.9974492899232791,0.997596331604978,0.0,1.3147349303329749e-20
2510,16,5.896211624145508,1.5021935460892089,1.6078706771384326,7.133173521300892,7.0487371688942035,-0.0004686305503115149,-0.0004870030705763213,0.9973913643865445,0.9975379820310649,0.9973913643865444,0.997537982031065,0.0,2.907548828611738e-20
2511,16,5.715096473693848,1.2806633392250417,1.6966380791446345,7.126718182080586,7.0842320243723265,-0.0005319652348131894,-0.0005047849485119032,0.9975072885746697,0.9975207558603431,0.9975072885746697,0.9975207558603432,1.086911529272846e-19,4.429427978074561e-20
2512,16,5.803746223449707,1.3292427148333898,1.7835371845435612,7.081241047744683,7.092380018436805,-0.0006335058638936498,-0.0005309215972377792,0.9977091232892489,0.9975162647875825,0.9977091232892489,0.9975162647875826,0.0,4.668654275656976e-20
2513,16,5.501934051513672,2.3538305418323127,1.8447847441315943,6.966361805929302,7.0909309708314145,-0.0005010761233595923,-0.0005604441613556552,0.9975453517369659,0.997495590453697,0.9975453517369659,0.9974955904536971,1.0868700561810531e-19,3.833316497255352e-20
2514,16,5.376036643981934,2.7950991384937636,1.724428353568468,7.027713411855195,7.087631546103538,-0.00038314809002873386,-0.000617443344692336,0.9971622276632288,0.9974922123965146,0.9971622276632288,0.9974922123965146,0.0,1.7490706308102004e-20
2515,17,5.293683052062988,0.2957219932994702,1.478591108318162,7.3092316893748,7.045091148917509,-0.0008746948713045669,-0.0006963333808999606,0.9975746302532966,0.9975438124169096,0.9975746302532966,0.9975438124169095,0.0,-2.914069924880043e-22
2516,17,5.36497688293457,0.5751584363494137,1.445441329188434,6.957597139124693,6.919503444449144,-0.000930467259710862,-0.0007270258226989156,0.9979117507747218,0.9975888866559667,0.9979117507747218,0.9975888866559666,-1.0864709946984707e-19,5.287346867952264e-22
2517,17,5.148080825805664,2.4961589457967492,1.5688821773556019,6.555811336726807,6.7561444541077265,-0.0005888069874569353,-0.0006991991020418904,0.9975536169314873,0.9975775801955618,0.9975536169314873,0.9975775801955618,1.0868610509583951e-19,2.4886602805820988e-20
2518,17,5.2707200050354,2.3289074087822756,1.475277205479053,6.645284042356083,6.618518017101725,-0.0005341965601452963,-0.0006775898878253398,0.9973222485616506,0.9975706665337805,0.9973222485616506,0.9975706665337806,0.0,4.780932268003741e-20
2519,17,5.489381790161133,0.6029653955862315,1.1126909459884522,6.527125791388072,6.50600331175355,-0.0007229744380330315,-0.0006935543999344001,0.9976195527761228,0.9976267467361352,0.9976195527761228,0.9976267467361353,1.086789216859718e-19,6.00531795887983e-20
2520,17,5.372004985809326,0.16231159260860228,0.7603869087928988,6.391191619061842,6.411545372547466,-0.0007521541184235325,-0.0007220222947092771,0.9977826768092313,0.9977163101538322,0.9977826768092313,0.9977163101538323,1.0866115414557313e-19,4.7318395701777256e-20
2521,17,5.400260925292969,0.5945207070791823,0.5482469949253975,6.313825571633095,6.335776829307979,-0.0008180010665967357,-0.0007380799861224846,0.9979562500287564,0.9977917182958416,0.9979562500287564,0.9977917182958417,0.0,1.2811361489907416e-20
2522,17,5.292723178863525,1.0926080168402752,0.363367593362485,6.281917952095137,6.272311103496141,-0.0006560709812989995,-0.0007363486225629668,0.9977003414382712,0.9978413149060759,0.9977003414382712,0.9978413149060759,-1.0867012142368654e-19,-1.635298285938283e-20
2523,17,5.539337635040283,-0.12854701536123084,0.12019307257720827,6.226913669625324,6.20639274097977,-0.0007110367928536938,-0.0007342873272453059,0.9978503502841333,0.9979029130754531,0.9978503502841333,0.9979029130754531,0.0,-2.010859962679981e-20
2524,17,5.547295093536377,-0.7116675720635482,-0.03351567182582155,6.175737240678839,6.1264198203588744,-0.000791713402864709,-0.0007266454041448143,0.9980430361850133,0.9979755160012517,0.9980430361850133,0.9979755160012518,0.0,-9.47130362327471e-21
2525,17,5.209556579589844,0.15328799456068817,-0.027760655935184536,6.032549393691191,6.0326356518993824,-0.0007159995222284347,-0.0006989374894227845,0.9980651507026931,0.9980340538597047,0.998065150702693,0.9980340538597047,0.0,4.165100328143226e-21
2526,17,5.244728088378906,0.053087711863300295,-0.025173915179954716,5.885200446374283,5.943535977646669,-0.0006885507461687601,-0.0006580227671063106,0.9981797513078876,0.9980743778612932,0.9981797513078877,0.9980743778612932,0.0,1.390989088833991e-20
2527,17,4.927367687225342,0.513254235810031,-0.17588911782879946,5.847614669246144,5.876694405854869,-0.0005095321805032597,-0.0006247462694380882,0.9979282923356183,0.9981178335425668,0.9979282923356184,0.9981178335425668,1.0864529854624774e-19,1.1027421902503257e-20
2528,17,5.437255382537842,-0.722551750492686,-0.5262397957744633,5.837977422622268,5.826988306903427,-0.0005860256990862113,-0.0006217235854232532,0.9981325006595703,0.9982079508696844,0.9981325006595703,0.9982079508696844,-1.0862307076155309e-19,-9.70745365940478e-21
2529,17,5.678260803222656,-1.6556312303903524,-0.8877477396323639,5.817404056681428,5.7748734798753425,-0.0007232763196887234,-0.0006302700745301833,0.9984770382128165,0.9983236524432868,0.9984770382128166,0.9983236524432868,0.0,-2.843321998514952e-20
2530,17,5.623488903045654,-1.0555040762319847,-1.1408792989500491,5.61556983645238,5.705470491105842,-0.0006357604516082088,-0.0006170906055567314,0.9985664561889228,0.9984141925168751,0.9985664561889229,0.9984141925168751,0.0,-4.776811667571726e-20
2531,17,5.601596832275391,-0.654358885688857,-1.4301320279294132,5.670484373538598,5.6114415088294365,-0.0005336622582735698,-0.000578249402988329,0.9983400734728672,0.9984859559214342,0.9983400734728672,0.9984859559214342,-1.0860048607624792e-19,-6.530378178830182e-20
2532,17,5.595496654510498,-1.8803077767079588,-1.8704744239528248,5.674605848378771,5.463955689344042,-0.0005869500495154405,-0.0005200159803631802,0.9984480831959573,0.9985965810453892,0.9984480831959575,0.9985965810453892,-1.085887379356826e-19,-6.397790056393785e-20
2533,16,5.4757280349731445,-2.7739839259793357,-2.311695920761093,5.168344106552368,5.263984269762883,-0.00041256588428477354,-0.0004409221709421265,0.9988087376340955,0.9987553050964131,0.9988087376340955,0.9987553050964131,-5.427476410817564e-20,-4.0923506776031916e-20
2534,16,5.214799880981445,-2.9531105887768687,-2.578858504108274,5.032981780569058,5.080165713098404,-0.00037234528023402674,-0.0003558774169915088,0.9990491278711955,0.998913853925339,0.9990491278711956,0.998913853925339,5.426170456680922e-20,-1.2841772431124514e-20
2535,16,5.318454742431641,-2.403171421355556,-2.6751294292948504,4.957722873895283,4.964504774173055,-0.00025218754899289847,-0.00027771029892704183,0.9989914890184411,0.999039531946165,0.9989914890184411,0.999039531946165,0.0,1.0584632649579784e-21
2536,16,5.290555953979492,-2.7187533200547276,-2.7402271432382013,4.896760806594282,4.945515466834374,-0.00020927069886519226,-0.00022029864045345666,0.999095254443605,0.9991440223579473,0.9990952544436051,0.9991440223579473,0.0,2.2521051675702473e-21
2537,16,5.739322662353516,-3.091757699954446,-2.854941329166431,4.9341589695657,5.041751670211949,-0.0002361359461071751,-0.00018974487720815425,0.9993515325535938,0.9992305906201914,0.9993515325535939,0.9992305906201914,0.0,-2.8515681582333367e-21
2538,16,5.597019195556641,-2.42288823286095,-3.0895865862995717,5.072721804237892,5.247124904106649,-0.00012604129210632008,-0.00019013143152313622,0.9993812557662287,0.9992922591262972,0.9993812557662287,0.9992922591262972,-2.7121835791642983e-20,-8.43488571947278e-21
2539,16,6.152755260467529,-2.68197693016749,-3.533850390031543,5.616940905227245,5.504525245888317,-6.786969373235411e-05,-0.00023400971566624504,0.9989636475189695,0.9993626285357545,0.9989636475189695,0.9993626285357544,-1.3566586922084624e-20,-9.445220229941951e-21
2540,16,5.830291271209717,-5.138055898908928,-4.022543649573965,5.953404228019096,5.702110004705818,-0.0004198295030009748,-0.0003049567747834021,0.999491814440302,0.9994827837226096,0.999491814440302,0.9994827837226095,0.0,-6.788978081017079e-21
2541,16,6.336073398590088,-5.723898816428763,-4.168915321685857,5.786342166500433,5.767329053100136,-0.0005497048196830373,-0.000340616253469151,1.0000233864610903,0.9995820494316826,1.0000233864610903,0.9995820494316825,0.0,-3.551920098882297e-21
2542,16,6.070350170135498,-2.8084161216446524,-3.980422330768041,5.775060415619617,5.714798812513489,-0.00029235094846721886,-0.00031696553962286055,0.9995695080385352,0.999595193604909,0.9995695080385352,0.9995951936049089,0.0,-7.767685110254045e-22
2543,16,6.104543685913086,-2.901554371285416,-3.920413983677125,5.551949842105645,5.588620469574025,-0.00011875897118693987,-0.00027860291400426206,0.9993656839226129,0.9995858429910639,0.9993656839226129,0.9995858429910638,0.0,2.121790663642797e-21
2544,16,5.880723476409912,-4.54721601276714,-4.136919210830006,5.401687303993229,5.449708752553217,-0.0002684226442036497,-0.0002661020434141031,0.9995403178031921,0.9996258598916673,0.9995403178031921,0.9996258598916672,0.0,6.0655649386414975e-21
2545,16,5.784587860107422,-4.851834026011466,-4.414786247405565,5.372074001540344,5.348817707481658,-0.0003133474584250068,-0.00027030849966947434,0.9996486668048374,0.9997124348244241,0.9996486668048375,0.9997124348244241,0.0,1.0932360636958189e-20
2546,16,6.217118263244629,-4.864368045073173,-4.621801329915791,5.033825721589206,5.321025536241197,-0.0003449158380422673,-0.00027409164238003313,1.000184997063345,0.9997950705326966,1.000184997063345,0.9997950705326967,5.420008176831503e-20,1.373700318505893e-20
2547,16,6.354283332824707,-3.911125749513873,-4.810310294714915,5.398138421720684,5.383540142203023,-0.00015504027009094834,-0.0002790716632614485,0.9996314779697199,0.9998260336675235,0.99963147796972,0.9998260336675237,-2.711504680423705e-20,1.0662949653470787e-20
2548,16,6.145415306091309,-5.297826487111433,-5.0724843210505,5.62744912717491,5.470926869754016,-0.00030198427301599446,-0.00030215512387012636,0.9997491096649712,0.9998544482121122,0.9997491096649712,0.9998544482121122,5.422371282975359e-20,6.3169950673297776e-21
2549,16,6.122852325439453,-5.90869694398888,-5.270763303173714,5.580472189404783,5.512391626216042,-0.0004068031385348805,-0.00032900070387540217,0.9999807051163804,0.9998933093404241,0.9999807051163804,0.9998933093404242,-5.421115462219454e-20,7.862221448151683e-22
2550,16,5.930820465087891,-5.089487443034635,-5.31679333734027,5.470145251815245,5.4902115320909415,-0.00035384077113794637,-0.00034192705879512264,0.9999854800381991,0.9999162980103937,0.9999854800381992,0.9999162980103938,0.0,1.6022780947417907e-21
2551,16,6.047095775604248,-4.815338538437668,-5.313226915879578,5.384380675864061,5.417288880549367,-0.00029494345653819693,-0.0003475005453226522,0.9999057298870379,0.9999207147082593,0.999905729887038,0.9999207147082594,5.421521949914167e-20,3.255422582981851e-21
2552,16,6.129037857055664,-5.452068662460463,-5.3036236559111805,5.323977435901764,5.303026206123622,-0.0003242634868289962,-0.00035779145630313557,0.9997744610191981,0.9999303956977198,0.999774461019198,0.9999303956977198,-5.422233787509627e-20,-5.3111305991665405e-22
2553,16,5.86453104019165,-5.874357791935081,-5.174928927978288,5.284182971982912,5.146925317951433,-0.00046344403405754577,-0.000367387451163412,0.9999855670331733,0.9999582334738966,0.9999855670331733,0.9999582334738965,5.421089104826736e-20,-4.788462567741887e-21
2554,16,5.468208312988281,-4.980509542015165,-4.874679990601103,4.812436494073633,4.9628186373556105,-0.00041892844077608013,-0.0003642189513653332,1.0001665141121923,0.9999713082740026,1.0001665141121923,0.9999713082740024,-5.420108337899651e-20,-1.2278926583220592e-20
2555,16,5.660400867462158,-3.6902503071945176,-4.584608031322669,4.640054049354659,4.796283043577476,-0.00021554039436831536,-0.00036752882852589405,0.9999033753388751,0.9999489069415636,0.999903375338875,0.9999489069415635,-2.710767358191135e-20,-1.5016254434240988e-20
2556,16,5.509699821472168,-4.209498998301948,-4.503886245736129,4.766489284595379,4.643420945372711,-0.0003937068651106782,-0.00040944801451958305,0.9998006752691313,0.9999309068479318,0.9998006752691313,0.9999309068479317,0.0,-1.475781681220011e-20
2557,16,5.678519248962402,-4.88300106864686,-4.537347754052767,4.54704243778046,4.449313781014806,-0.00047623956568261115,-0.0004777198508319154,0.9998686000295937,0.9999481608959903,0.9998686000295934,0.9999481608959901,0.0,-1.9202016267362645e-20
2558,16,5.8277106285095215,-5.392421410649893,-4.453693796402561,4.365731325708935,4.193434887278718,-0.0006698756086593019,-0.00054311502333391,1.0000877137834516,0.9999805183819844,1.0000877137834514,0.9999805183819842,0.0,-3.0820669007895314e-20
2559,16,5.601919651031494,-4.085336767910236,-4.17839966058747,3.702727262431572,3.908749255309018,-0.0005657350028533547,-0.0005844530430717767,1.000212625217519,0.9999809499312993,1.0002126252175187,0.9999809499312992,-1.0839716927685454e-19,-4.2554846566954547e-20
2560,17,5.56749963760376,-2.9876660032333175,-3.9456077932869817,3.565540121406756,3.672713690330699,-0.0005534513540990228,-0.0006179956053896246,0.9998028239716875,0.9999474161686537,0.9998028239716876,0.9999474161686537,0.0,-4.152890173033146e-20
2561,17,5.427851676940918,-3.9846676488258885,-3.952321122825706,3.584407294950142,3.5023705672345535,-0.0006360830269124998,-0.0006584809357335408,0.9997537038037039,0.9999467931458587,0.9997537038037039,0.9999467931458588,-1.0844692731424794e-19,-2.969935531738784e-20
2562,17,5.458258152008057,-4.632832160143499,-4.070317371578968,3.367485439036765,3.369662400871852,-0.0007530148499413482,-0.0006956740780219574,1.0000774084523558,0.9999993847353004,1.000077408452356,0.9999993847353005,0.0,-6.964671967009538e-21
2563,17,5.43845796585083,-4.218641588755332,-4.149712141687025,3.142322133351631,3.2651870281724085,-0.0007572592442497825,-0.0007111923626725277,1.0002506724120228,1.0000545368480882,1.0002506724120228,1.0000545368480882,1.083930461022375e-19,4.147465592817494e-21
2564,17,5.380895137786865,-3.5266135856196597,-4.239350276787022,3.1808063422320028,3.1753564886586076,-0.0006503639346822971,-0.0007080386157646185,1.0000217885816982,1.0000882127214643,1.0000217885816982,1.0000882127214643,0.0,-1.438399556732185e-20
2565,17,5.44158411026001,-4.3314930555896405,-4.398300220967499,3.1868795158697036,3.045255014656559,-0.0006487998233899311,-0.0007047534918667471,0.9999590485405355,1.0001437367964232,0.9999590485405355,1.0001437367964232,-1.0842465739651278e-19,-4.346508690086734e-20
2566,17,5.5354509353637695,-5.272475131050194,-4.443183066561812,2.9798524691504236,2.823406892186368,-0.0007873498174851691,-0.0006994084380978398,1.0002509238156971,1.0002427950857857,1.0002509238156971,1.0002427950857857,-1.083930188586635e-19,-5.577770196161847e-20
2567,17,5.45236873626709,-4.330285666925642,-4.176943462650986,2.3836827241136973,2.5198768299046668,-0.000684315511968422,-0.0006736038957346639,1.0004670061766436,1.0003395766504095,1.0004670061766434,1.0003395766504093,0.0,-4.918737009874254e-20
2568,17,5.773315906524658,-3.4767615983801994,-3.6882305545389924,2.094705155051011,2.19771910673483,-0.0005955249436739088,-0.0006346321402575823,1.0004753870103382,1.0003861426209906,1.0004753870103382,1.0003861426209903,0.0,-4.056153852057189e-20
2569,17,5.2970099449157715,-2.88531214766317,-3.1697783058564637,1.9469789008950213,1.8785892836716773,-0.0005387236676573544,-0.0005975752862989564,1.000270646827867,1.0003856689038457,1.000270646827867,1.0003856689038457,-1.0839088160027562e-19,-3.1214227643506e-20
2570,17,4.978002071380615,-3.029635965661544,-2.7333837883074277,1.7739071027745836,1.5446326299011792,-0.0007154504671865217,-0.0005605200672940922,1.0004710567444028,1.0003715755770992,1.0004710567444028,1.0003715755770992,0.0,-1.1586923132393585e-20
2571,17,5.19173526763916,-2.030103544286258,-2.4020566921991295,0.9872293913361981,1.213244080380811,-0.00041503858261421767,-0.0005118383102613863,1.0002574989286028,1.0003539477854575,1.0002574989286028,1.0003539477854575,5.419615317289881e-20,5.761195347517563e-21
2572,17,5.045431613922119,-2.2201242513899304,-2.246887716634934,0.931191210872364,0.9691298588565149,-0.00046229075172168834,-0.00048121966377913237,1.0003144020488917,1.000359807878856,1.0003144020488917,1.000359807878856,0.0,9.940986411104242e-21
2573,17,4.951014041900635,-2.3024497593053597,-2.2339534862444315,0.82171359097038,0.8356339633888392,-0.0004566637785177519,-0.0004768497205705196,1.000349655940747,1.0003875729964713,1.000349655940747,1.0003875729964713,0.0,6.991032468494183e-21
2574,17,4.801387310028076,-2.4536599114989537,-2.2937906456484627,0.7703326054272448,0.8019744840364964,-0.0005742919210749324,-0.0004900974280814476,1.0005804938808758,1.000408006752734,1.0005804938808758,1.000408006752734,0.0,3.0343418713150793e-21
2575,17,4.896345138549805,-2.057211416586398,-2.3932151375061723,0.7964626495223404,0.8462649071848132,-0.00046097654656169807,-0.0005110828414003777,1.000343446055766,1.0003899502368025,1.000343446055766,1.0003899502368025,0.0,5.719670193675245e-22
2576,17,4.523384094238281,-2.553691341726515,-2.532646027780464,0.9137231213595235,0.9295812813264627,-0.0005300485658401504,-0.0005539333074786818,1.0003183708325243,1.0003567307836618,1.000318370832524,1.0003567307836618,0.0,3.4444816809398162e-22
2577,17,4.493999481201172,-2.547054004018603,-2.6091527303594675,0.9151072341976355,0.9909580538930888,-0.0005346718014729799,-0.0006202921034222276,1.000322941750503,1.0003270704714666,1.000322941750503,1.0003270704714666,0.0,2.5842442262692862e-21
2578,17,4.500155448913574,-2.644694523239646,-2.4919125891577085,1.2495348586852195,0.9521192422055742,-0.0007405884376794243,-0.0006905971218022369,1.0001993544279542,1.000301006045529,1.0001993544279544,1.000301006045529,0.0,7.106491576758238e-21
2579,17,4.537347793579102,-2.7621294063569257,-2.0431858629291773,0.9531462824909769,0.7327540643196202,-0.0008444226658245505,-0.0007160026121665068,1.0003486334680396,1.000264100401686,1.0003486334680396,1.000264100401686,0.0,1.2080167483895177e-20
2580,17,4.916238784790039,-1.4619159827057653,-1.2422921629472659,0.27278910311081506,0.3759066845866227,-0.0007391907133646535,-0.0006700738882539069,1.0003399817609981,1.000171708950668,1.0003399817609981,1.000171708950668,1.0838336887993573e-19,1.1691690138752191e-20
2581,17,4.387335300445557,0.17519575678428093,-0.36727907969286466,-0.15147143736042784,0.02423326974369583,-0.0005161983932720163,-0.0005844919505406491,1.0000083820569368,1.0000159031822737,1.0000083820569368,1.0000159031822737,-1.0841930847173378e-19,3.60800121270298e-21
2582,17,4.286062717437744,1.023166763790425,0.2102267537968795,-0.40242427091393695,-0.21238578437384992,-0.0004073316821275769,-0.000520952406633184,0.9997909480879484,0.9998556535220332,0.9997909480879485,0.9998556535220333,5.422144372075923e-20,8.26938957006851e-21
2583,17,4.208493232727051,0.7729637854681249,0.3789312267956836,-0.2695166945332162,-0.3169494148422085,-0.00044817223728196794,-0.0005109958380800564,0.9995975761170007,0.9997559527281252,0.9995975761170008,0.9997559527281253,0.0,1.712685291549661e-20
2584,17,3.915865659713745,-0.19972077282340064,0.42317172758111404,-0.29562795983069956,-0.35622310712338434,-0.0005839035050053148,-0.0005308329610403174,0.9997009525740365,0.9997415399405651,0.9997009525740366,0.9997415399405651,0.0,2.6891476192008542e-20
2585,17,3.806004285812378,-0.11862952338663008,0.7931064888303007,-0.28733813124757057,-0.3909101633747863,-0.0006116207631383464,-0.0005272076014341101,0.9997719307251776,0.9997667044241842,0.9997719307251776,0.9997667044241842,1.0844495020970292e-19,2.945098971152282e-20
2586,17,4.685924053192139,1.2835152041966131,1.641225989458795,-0.4326673714020763,-0.4431087411151431,-0.0005709518609936928,-0.0004701071404597488,0.9999960999588147,0.9997552267268313,0.9999960999588147,0.9997552267268314,0.0,1.2346646708145506e-20
2587,17,4.703731060028076,3.436665617995082,2.6641059921261863,-0.5633781279219425,-0.4868667403793942,-0.0003303025597905471,-0.0003774308795333746,0.999706954587425,0.999650861302629,0.999706954587425,0.9996508613026291,-5.422599930461373e-20,-9.25584598465293e-21
2588,17,4.436166763305664,4.157982846961928,3.4078338478555965,-0.6498088674897191,-0.48908860007703653,-0.00016176589844730106,-0.00030783456321303024,0.9994144046167639,0.9994904988296425,0.9994144046167639,0.9994904988296426,0.0,-2.0909090843219716e-20
2589,17,4.278491497039795,3.725905125679022,3.7360950098096426,-0.3650954613417815,-0.45844910011351814,-0.00025059261564293307,-0.00029843952353713276,0.9991467657161948,0.9993461761534195,0.9991467657161947,0.9993461761534196,-5.425640204661732e-20,-2.3653949407530202e-20
2590,17,4.552608489990234,2.95033752024977,3.8610419391787585,-0.3295337995007194,-0.46158651610317436,-0.00046111232839424855,-0.00032316896750877056,0.9994111120957837,0.9992478166737725,0.9994111120957837,0.9992478166737726,0.0,-1.7717354937063885e-20
2591,17,5.01453971862793,4.145103027174578,3.9769944544126363,-0.4326084275918268,-0.5326284884805164,-0.0003645651426732142,-0.00033693955780729164,0.9991570664539586,0.9991578411803204,0.9991570664539587,0.9991578411803205,0.0,-1.1327343951916363e-20
2592,17,4.760644912719727,4.493930598625559,3.9568317247945934,-0.825635158475753,-0.639451638262198,-0.00027883603201725736,-0.00034335830036592006,0.999134967056722,0.9990798578098686,0.999134967056722,0.9990798578098686,0.0,-8.086678192322311e-21
2593,17,4.281638145446777,4.073907325311754,3.6972556002200365,-0.6721875439087598,-0.7193488492059293,-0.000339005236250393,-0.00036263717920321424,0.998880111133908,0.9990372016494218,0.9988801111339078,0.9990372016494217,-5.427088598524305e-20,-5.249156416536892e-21
2594,17,4.050630569458008,2.954279838710774,3.339151912853493,-0.7780006546852154,-0.7635172422122368,-0.0003721295357779391,-0.00039190804937076643,0.9989918200824665,0.9990581671540871,0.9989918200824665,0.999058167154087,5.426481732332922e-20,-7.893073882609432e-22
2595,17,4.371897220611572,2.3400500431034423,3.1770476770282965,-0.8093788341125991,-0.7635106213568712,-0.0005284597789288036,-0.0004116300997745744,0.9993270304882905,0.9991101790633364,0.9993270304882906,0.9991101790633363,0.0,-5.163637842713482e-21
2596,17,4.335396766662598,3.7595027876491725,3.313605944866336,-0.7047403249623836,-0.7163303306343979,-0.0003597566859603673,-0.0004033155975007739,0.99911274914771,0.99914043332691,0.9991127491477101,0.9991404333269099,-5.425824930221237e-20,-1.1659303847869439e-20
2597,17,4.363987922668457,3.8216489706462085,3.542445022786716,-0.6175444310390706,-0.6364819593868495,-0.0003406322983412781,-0.00038625458209845445,0.9990610316777918,0.9991683774082797,0.9990610316777918,0.9991683774082797,0.0,-1.030414226177808e-20
2598,17,4.799069404602051,3.4699104108388914,3.7726778607577542,-0.46428266506379195,-0.5366331630717619,-0.00042720274463650313,-0.00037001973399385926,0.9992615845200266,0.9992132973828085,0.9992615845200266,0.9992132973828086,0.0,-5.7010492470853166e-21
2599,17,4.951859474182129,4.118740471648061,4.032878309395439,-0.4513418901358986,-0.41475655809746875,-0.0003663190154409601,-0.00034811221270796477,0.9992880372906713,0.9992559483163291,0.9992880372906712,0.9992559483163292,0.0,-2.0817424617987423e-21
2600,17,4.786401271820068,4.484125126211657,4.276581120465221,-0.4183577668347455,-0.24428333447116266,-0.00025840000224794385,-0.00033192097474572,0.999359038192642,0.999287216694001,0.999359038192642,0.999287216694001,0.0,-4.781101561241033e-22
2601,17,4.437280178070068,4.630773263731932,4.479202886489193,0.029897234283533365,-0.02076460081260327,-0.000302990648840816,-0.000337808396118672,0.9991694897413915,0.9993201569761929,0.9991694897413916,0.9993201569761929,0.0,-6.292946726817852e-22
2602,17,4.998196125030518,4.298473121235339,4.712564464688921,0.35753185349172856,0.19907966867994636,-0.00040414221871758877,-0.00035404952239613405,0.9993075529290578,0.9993824860669042,0.9993075529290578,0.9993824860669042,0.0,-1.8594353554211937e-21
2603,17,5.409939765930176,4.511474414055052,5.087088360822454,0.3660721186854102,0.3757046824643236,-0.00046892717786905727,-0.0003537563872237435,0.9996614648244544,0.9994456707634299,0.9996614648244544,0.99944567076343,0.0,-3.0513700961062088e-21
2604,17,5.4508819580078125,6.011658363168807,5.532401537787516,0.4086393727416722,0.5293494434005942,-0.0003095383963649788,-0.00033424283550003396,0.9995773576721011,0.9994590399115432,0.9995773576721011,0.9994590399115434,0.0,-2.114540570993182e-21
2605,17,5.354857444763184,6.669671349707344,5.786714778213615,0.5613979427784888,0.6807457644318976,-0.00013260605888949488,-0.0003342533517264282,0.9991762741845878,0.9994485876567487,0.9991762741845879,0.9994485876567488,-2.7127399851700464e-20,4.420388961858504e-21
2606,17,5.004418849945068,5.329047872133331,5.776818481966025,0.9899310511533097,0.7987946656603595,-0.0004683184843302131,-0.0003767496636981501,0.9994934056428534,0.9994754174769954,0.9994934056428534,0.9994754174769955,0.0,1.8305797011153026e-20
2607,17,4.991222381591797,5.33702185448939,5.731861733440868,0.8535297744481756,0.8183078207131934,-0.0005025298293139822,-0.0004218661740701524,0.9996580605414687,0.9995193031630543,0.9996580605414688,0.9995193031630544,1.084573030800394e-19,2.909480437923256e-20
2608,17,5.139858722686768,6.026653805762498,5.763644942943144,0.6301315169798206,0.7343965553719247,-0.0003651931901296437,-0.00045192934794057105,0.9995024004507165,0.9995553717334007,0.9995024004507165,0.9995553717334008,0.0,2.419900654933196e-20
2609,17,5.206394672393799,5.860662772180922,5.828045935306419,0.6486172581946622,0.5623739014472471,-0.0004618818384875012,-0.0004782560541186599,0.9995062778216749,0.9996046972717617,0.9995062778216749,0.9996046972717617,0.0,1.532032548340595e-20
2610,17,5.661567211151123,5.457495624533714,5.940465560908046,0.4631139643424376,0.29182940089613596,-0.0006043309777075224,-0.0004876758920894585,0.9997763711109476,0.99967364905847,0.9997763711109476,0.99967364905847,0.0,1.1415679095756179e-20
2611,17,5.7119951248168945,6.3117426070485285,6.11039214946206,-0.12810682404418616,-0.05267318622480982,-0.0004921262979401718,-0.0004634881732912936,0.999815502329078,0.9997384676869839,0.999815502329078,0.9997384676869839,0.0,1.3089614530565298e-20
2612,17,5.700836181640625,7.018083624651013,6.206450081478791,-0.5901162630527935,-0.3884870551995529,-0.00029351195803916096,-0.00042866528591238627,0.9996686737199364,0.9998073451667531,0.9996686737199364,0.9998073451667531,5.422807581090866e-20,1.4751023081157053e-20
2613,17,5.174464225769043,5.966266767776657,6.190844275606075,-0.671294419382853,-0.6603538638728802,-0.0003718868688591384,-0.0004141474019753237,0.9998108570599803,0.999910987559229,0.9998108570599803,0.999910987559229,0.0,8.800447383831355e-21
2614,17,5.823994159698486,5.262789889633446,6.291419079669386,-0.7742487251277805,-0.8868938089459267,-0.000545806467860116,-0.0004048675185280376,1.0002198407654785,1.0000319091158747,1.0002198407654785,1.0000319091158747,0.0,-1.147544451721058e-21
2615,17,5.831829071044922,6.900565426245158,6.641076523140745,-1.0947500457288561,-1.0979818447666088,-0.0003593932542565329,-0.0003714500843308531,1.0001095736650167,1.00012179204683,1.0001095736650167,1.00012179204683,0.0,-1.1172975970421535e-20
2616,17,5.5422043800354,7.307046502810556,7.0378542316105115,-1.3238131053748265,-1.287316609549436,-0.0003230467703860136,-0.0003259881605893044,1.0002122742406625,1.0001841322272536,1.0002122742406627,1.0001841322272533,-5.4198603656838985e-20,-1.683023480343885e-20
2617,17,5.5054192543029785,7.585722086540981,7.303072944971477,-1.4769756045928446,-1.4413857758011415,-0.00024545234262496145,-0.00028791534333206864,1.0001820272474222,1.0002361647038402,1.0001820272474222,1.00023616470384,0.0,-1.3060422148809581e-20
2618,17,5.39098596572876,7.4435617818898,7.393365518465719,-1.519596885544757,-1.561652194008295,-0.00024323855794391425,-0.00027111940639487907,1.0002189838966025,1.0002990114410517,1.0002189838966025,1.0002990114410517,0.0,-5.3291267494649914e-21
2619,17,5.354224681854248,7.056889547837495,7.387352551310033,-1.645152779587946,-1.6610437667142834,-0.00034013834909016316,-0.0002725774933646912,1.0004914273399759,1.0003711273174438,1.0004914273399759,1.0003711273174438,0.0,2.6131610912976264e-21
2620,17,5.378542900085449,7.510858686000539,7.376319772151252,-1.7680950803123139,-1.7398243811059741,-0.00023125098151517007,-0.0002819746892620408,1.000371947875552,1.0004294565728655,1.000371947875552,1.0004294565728655,2.709497639323002e-20,9.70454230897122e-21
2621,17,5.010855197906494,7.332022900295575,7.3545040616297515,-1.8005539650886806,-1.7916658510150363,-0.0003068174813140724,-0.0003053625976305271,1.0004569581866931,1.0004802955865877,1.0004569581866931,1.0004802955865877,0.0,1.5924826490782035e-20
2622,17,4.981225967407227,7.152158090393003,7.331779433239757,-1.8297572864215736,-1.8192929914244695,-0.0003568049746277209,-0.00033741369584641153,1.0005725152085114,1.0005185672236054,1.0005725152085114,1.0005185672236054,0.0,2.5549705366119078e-20
2623,17,5.360271453857422,7.514941809716968,7.30568950590468,-1.870047442067958,-1.8318922973864238,-0.00036765214841481364,-0.0003707077695436536,1.000605754236969,1.0005308422960584,1.0006057542369688,1.0005308422960584,5.417729050100675e-20,3.646888206556995e-20
2624,17,5.338407516479492,7.683249555016467,7.22618700696206,-1.757834464707315,-1.846382909074379,-0.0003839328055700514,-0.0004045423359510766,1.000461336497792,1.0005270812540328,1.000461336497792,1.0005270812540328,5.4185111054908685e-20,3.765382799694762e-20
2625,17,5.847319602966309,6.848951055222508,7.1377776445372145,-1.907712626687788,-1.8860561253369312,-0.00041298337119777685,-0.00043712453357896297,1.000427729120009,1.00054194138115,1.0004277291200092,1.00054194138115,5.4186931295836057e-20,2.3271540627160383e-20
2626,17,5.812924385070801,6.530309655278319,7.235424737956424,-1.889575467909893,-1.948964149665617,-0.0004878831250443727,-0.0004573869701631484,1.0005529088014553,1.0005846753072962,1.0005529088014553,1.0005846753072964,0.0,-2.827727209181522e-21
2627,17,6.2926106452941895,7.287909134688125,7.601079958914548,-2.0937042193835946,-2.0278031744755025,-0.0005843193386924215,-0.00044711505453192313,1.0009342209233034,1.0006190197214808,1.0009342209233034,1.0006190197214808,-1.0831902335054458e-19,-2.5053921510131314e-20
2628,17,5.736726760864258,9.123103841733021,8.037543864433552,-2.113138887274322,-2.10276383642479,-0.0003168226131121605,-0.000406894892701858,1.0005197270354673,1.0006137529106807,1.0005197270354673,1.0006137529106807,0.0,-3.0910455066202825e-20
2629,17,5.81166410446167,8.839214376597258,8.2809210512691,-2.1276919556565765,-2.1707450852660877,-0.0002286072990111361,-0.0003755151489946467,1.0003542029144736,1.000626385164081,1.0003542029144736,1.0006263851640809,0.0,-3.1295666742501335e-20
2630,17,5.740636825561523,7.291234936540284,8.446386980514553,-2.1472644417025766,-2.233720177843501,-0.00047318923623558936,-0.00036081486702074295,1.0007740927790898,1.000685902441316,1.0007740927790896,1.0006859024413157,-5.416817742927078e-20,-3.089592526068777e-20
2631,17,6.008739471435547,8.442754750294894,8.826301245885634,-2.2911641665550047,-2.273289435524073,-0.00045962980703254146,-0.0003243436657515892,1.0008999722345122,1.0007316444254448,1.0008999722345122,1.0007316444254448,-5.4161364899682226e-20,-2.3515291654491922e-20
2632,17,5.723390579223633,9.872900088820662,9.347090141049883,-2.521854987237478,-2.240467626955949,-0.0001592338252765156,-0.00026355391005991347,1.0007488399481366,1.0007232822894687,1.0007488399481366,1.0007232822894687,2.7084772152763446e-20,-1.0533390956210246e-20
2633,17,6.3543877601623535,10.107424879222643,9.759869178669915,-2.0408852673919,-2.108125004038456,-0.000142248829814123,-0.0002201148719293776,1.0005430853880761,1.0006840708643019,1.0005430853880761,1.0006840708643017,0.0,-2.0118746053977923e-21
2634,17,6.501664638519287,9.492056877486315,9.985636579588164,-1.82329096012866,-1.9382097186331553,-0.00028775095880733873,-0.00020605989591176765,1.0007339583514974,1.0006482315090548,1.0007339583514971,1.0006482315090546,0.0,2.0967321289333262e-21
2635,17,6.540508270263672,10.53103201503809,10.059358624043858,-1.7443326795129759,-1.7859905197235584,-0.00016520979989806338,-0.00020677049667505116,1.0005321778551624,1.000614625369007,1.0005321778551626,1.0006146253690067,0.0,5.41191164839463e-21
2636,17,6.36168909072876,10.08164289183566,9.927005233903866,-1.7412207748734139,-1.6627703653570138,-0.00023592720146223042,-0.00022357760135805345,1.0006570135746093,1.0005912272364836,1.0006570135746093,1.0005912272364834,0.0,1.0646059513383411e-20
2637,17,6.424234390258789,9.58743147407773,9.653756680658216,-1.5410886150024137,-1.564278296011077,-0.00024621982068408975,-0.00025228797847307683,1.0005270543052163,1.000572383948418,1.0005270543052163,1.0005723839484177,0.0,1.7851251478532398e-20
2638,17,6.364731311798096,9.251656079596335,9.384280287365248,-1.5054722403073435,-1.5057526735194475,-0.0002545244852824325,-0.0002888968963196443,1.0005029678943556,1.0005631325044284,1.0005029678943553,1.0005631325044282,5.418285638708805e-20,2.1948045712521613e-20
2639,17,6.261180877685547,8.909004008702201,9.24434445089755,-1.4539981090960452,-1.501329627806529,-0.00035450395599941157,-0.0003257928652307626,1.0005921445488255,1.0005548566332052,1.0005921445488255,1.000554856633205,5.417802740068379e-20,1.3992954779910337e-20
2640,17,6.477912425994873,9.250691118295885,9.286698774906204,-1.5885342701861278,-1.5595256066244043,-0.0003867449038862782,-0.0003464150283983775,1.0006471133362123,1.0005195557165296,1.000647113336212,1.0005195557165294,-5.417505122613682e-20,-3.1065305933416237e-21
2641,17,5.937488079071045,9.822650459849413,9.445252209799435,-1.638970829493644,-1.676161773143673,-0.000323283335325765,-0.00034368771621558615,1.0003813390144614,1.000446152881063,1.0003813390144611,1.0004461528810629,0.0,-1.52110474683628e-20
2642,17,5.912545204162598,9.384667084521888,9.64691529192087,-1.763093441560922,-1.849296349801368,-0.0003370641738944753,-0.00032362829489346735,1.0002595414866382,1.0003607428867856,1.0002595414866382,1.0003607428867853,-5.419604250283413e-20,-1.9590188242269245e-20
2643,17,6.020176410675049,9.472704754624807,9.91680627169932,-2.063322930199215,-2.060183980859549,-0.0003581996865610086,-0.00028985437713521984,1.0004236954213186,1.0002700751743898,1.0004236954213186,1.0002700751743898,0.0,-1.5346083674097092e-20
2644,17,6.566509246826172,10.758154331935936,10.189739192286975,-2.410271500184707,-2.259327541077851,-0.00016159059696102285,-0.0002541905110818165,1.000179459573775,1.0001551425453357,1.000179459573775,1.0001551425453357,0.0,-1.0351578212161663e-20
2645,17,5.829287052154541,10.812512317492805,10.280031669313516,-2.3921513191789483,-2.4028375371389483,-0.00020752293485734526,-0.000244425957044573,0.9999415743771074,1.0000400121444715,0.9999415743771074,1.0000400121444715,0.0,-9.556532523882564e-21
2646,17,5.736240863800049,10.057387559607694,10.18448913912004,-2.5369446407280454,-2.492585888436341,-0.00021414519430329655,-0.0002623747874100981,0.999876231647075,0.9999605295453585,0.999876231647075,0.9999605295453585,0.0,-1.2714226347105804e-20
2647,17,5.933314800262451,9.624112151732872,10.10726889461554,-2.407262410519835,-2.542201905838808,-0.00037215557046165295,-0.00028669113264641213,0.9999140835921937,0.9999152618005769,0.9999140835921937,0.9999152618005769,-5.421476656226831e-20,-1.460880229150149e-20
2648,17,6.173190116882324,9.73313127980121,10.215004163956099,-2.581863327586032,-2.568134279003902,-0.0003836174018593351,-0.00028403278424755907,1.0000643729094103,0.9998668330447725,1.00006437290941,0.9998668330447725,0.0,-8.259711885190543e-21
2649,17,6.110937118530273,11.149161805505894,10.468989305400537,-2.7271960423080235,-2.5478400860285917,-0.00018563852018540093,-0.00025268884075886497,0.9998035446427382,0.9997862175593257,0.9998035446427382,0.9997862175593257,0.0,2.1798241612730654e-21
2650,17,6.358418941497803,10.849255409192686,10.692635792065484,-2.3674512835759978,-2.466514950388168,-0.00014659554482710893,-0.00022414473820981572,0.9994771929891785,0.9997084033141174,0.9994771929891785,0.9997084033141174,2.7119232436983764e-20,1.1795985774207811e-20
2651,17,6.1180620193481445,10.28797435538597,10.900469811452231,-2.2835006373508833,-2.3599565695646936,-0.0002570392227019726,-0.00021032637775756502,0.9996522082639707,0.9996715205360178,0.9996522082639707,0.9996715205360178,0.0,1.6832402584697807e-20
2652,17,5.986103057861328,11.04934658829245,11.16141150964598,-2.308848682561631,-2.2412085712087024,-0.00025550085923758145,-0.00019729050994214312,0.9998853449062368,0.9996412597716338,0.9998853449062368,0.9996412597716338,5.42163248020789e-20,1.6806666038207846e-20
2653,17,6.130239009857178,12.166449932133045,11.352177900377411,-2.225298005387848,-2.0966365841793033,-0.00012010537407757618,-0.00018463123204393887,0.9995735189396716,0.9995787688814207,0.9995735189396715,0.9995787688814208,-1.355830951828843e-20,1.0081577297302401e-20
2654,17,6.2295637130737305,11.414245955667592,11.329353120915211,-1.8350853702131453,-1.9385840458810704,-0.00013013773264337658,-0.0001893093339195556,0.9993042950425837,0.9995219933388084,0.9993042950425838,0.9995219933388085,0.0,3.864479162104478e-21
2655,17,6.247722148895264,10.85874325126484,11.20669637622448,-1.6765838691493096,-1.8176777460202524,-0.00024056034317184322,-0.00020774185381657566,0.9994394410102284,0.9995096949151141,0.9994394410102283,0.9995096949151143,0.0,5.410257857353954e-22
2656,17,6.445113182067871,10.408372325626875,11.162223650363929,-1.8168856920097862,-1.7509569465179757,-0.0003374892814116007,-0.0002150938704682633,0.9998091620280428,0.9995058766664153,0.9998091620280429,0.9995058766664154,0.0,-6.505870493328049e-22
2657,17,6.248029708862305,11.655643223664992,11.212369292292985,-1.7571692282799776,-1.7078784075839453,-0.00018074176808575984,-0.00020170835447939147,0.9994894149511926,0.9994587072139474,0.9994894149511926,0.9994587072139473,0.0,-8.977176232402777e-22
2658,17,6.232508659362793,12.090820954279044,11.147107419826803,-1.7033637819781837,-1.671119668269883,-3.0500004465965347e-05,-0.00019685209138220494,0.9991655116146341,0.9994073685554788,0.9991655116146341,0.9994073685554787,0.0,-1.1576603613493265e-21
2659,17,6.049192428588867,10.430360085185912,10.912326701454283,-1.6008351747290974,-1.6465737887023244,-0.00028361048613451074,-0.000219533749116269,0.9994020878836434,0.9994051617603348,0.9994020878836433,0.9994051617603346,0.0,-1.962526852549852e-21
2660,17,6.110517978668213,10.049008203711178,10.748379684997293,-1.6074403671297997,-1.6505399896483435,-0.00033313081741579326,-0.00023969026958613285,0.9995017730900836,0.9994311494513415,0.9995017730900836,0.9994311494513414,0.0,-3.2504028992925425e-21
2661,17,5.967317581176758,10.892274319692438,10.759674434016656,-1.7740503217943362,-1.6837464920446779,-0.0002105396574560829,-0.00024213941128238886,0.9995296972534132,0.9994499406443933,0.9995296972534131,0.9994499406443933,0.0,-3.9787223523270195e-21
2662,17,6.065405368804932,11.392510739371742,10.799401238148311,-1.780925410240081,-1.736789219032258,-0.00018000587730583465,-0.00024411607963161034,0.999470640110813,0.9994548872570971,0.999470640110813,0.9994548872570971,-2.711941024013715e-20,-1.5883634382612866e-21
2663,17,6.433711051940918,10.965737797183552,10.755306482973108,-1.7660185332569096,-1.829545004222322,-0.00022412277722108254,-0.0002549637625209818,0.9992974622787905,0.9994720155684205,0.9992974622787905,0.9994720155684205,0.0,5.9795869896847e-21
2664,17,6.3488898277282715,10.051586166626885,10.732266408841934,-1.81092851226123,-1.9983970954145591,-0.00034764925135458884,-0.00025853220602803086,0.9995313116752655,0.9995252869318674,0.9995313116752655,0.9995252869318674,5.423552818312045e-20,1.245919933490672e-20
2665,17,6.18112850189209,10.452643104335314,10.894808612007544,-2.23433278338699,-2.2488654054848483,-0.00030432808645415555,-0.0002309240282356739,0.9997163114230005,0.9995861672691096,0.9997163114230005,0.9995861672691095,0.0,1.0949069749325205e-20
2666,17,6.414586067199707,11.602995982164321,11.17575968210482,-2.6967563857028223,-2.52172889707788,-0.0001295101777464933,-0.0001795521404932792,0.9996322288769607,0.9996247747682029,0.9996322288769606,0.9996247747682028,0.0,6.285509856098496e-21
2667,17,6.413945198059082,11.82886899338607,11.347629939679347,-2.811486023027314,-2.7521070893344657,-5.9831035988690235e-05,-0.0001382000994687395,0.9995834269752034,0.9996535765963539,0.9995834269752034,0.9996535765963538,0.0,2.609154415016395e-21
2668,17,6.380610466003418,11.12405616996099,11.318231727423424,-2.87024731522118,-2.9330485510340876,-0.00013439643109757076,-0.00012480658302041183,0.9996457548753064,0.9996922265224232,0.9996457548753063,0.9996922265224231,0.0,1.033222895284684e-21
2669,17,6.312083721160889,10.810781502993828,11.163217705825435,-3.0696959244570095,-3.084795910785373,-0.00018649937322811754,-0.00012977850545541506,0.9998800075179924,0.9997355035402988,0.9998800075179924,0.9997355035402987,0.0,1.2894505848860724e-21
2670,17,5.950266361236572,11.450484205592351,10.907434776137821,-3.287293606422925,-3.211429538363797,-0.00010318360214102764,-0.0001448688171667617,0.999770941970146,0.9997695657592508,0.999770941970146,0.9997695657592507,0.0,2.4830080094877407e-21
2671,17,6.2849931716918945,11.032057194365937,10.493914010978443,-3.3008271753703022,-3.3135301080970057,-7.589206848299717e-05,-0.00017700691090329177,0.9996480222371157,0.9998224084109391,0.9996480222371156,0.9998224084109391,1.3557299023849976e-20,3.0328695778022743e-21
2672,17,6.064291954040527,9.109314107566426,10.056115765897912,-3.2709428239716543,-3.4140486649493114,-0.0002854031795066766,-0.000216129192234024,0.9998555763812362,0.9999200964447151,0.9998555763812361,0.9999200964447151,0.0,1.2808187689493178e-21
2673,17,6.582690238952637,8.848889510536882,9.864854150739868,-3.510643204565353,-3.5266127017570232,-0.00042731089631939135,-0.00022254356840296433,1.0003131519670931,1.0000287825996996,1.0003131519670931,1.0000287825996996,0.0,-1.4243933565912141e-21
2674,17,5.942028045654297,10.86484167589146,9.851869468364825,-3.7296967576160256,-3.6167603870061207,-0.00011153000808162441,-0.000186518229897811,1.0000516021609578,1.0001020441540012,1.0000516021609578,1.0001020441540012,-1.3551827852466691e-20,-3.2076118047873552e-21
2675,17,6.479390621185303,10.789161684836717,9.643286388372633,-3.834218117547232,-3.6428076336463007,3.235151448704391e-05,-0.00016063833782910465,1.0000647426038225,1.0001714707581728,1.0000647426038225,1.0001714707581728,0.0,-2.6967883271939706e-21
2676,17,6.534920692443848,8.56067909569977,9.204037957152957,-3.437542733627534,-3.6132343665634625,-0.00020522867382810985,-0.0001739782663892199,1.0002109387428082,1.000265873005276,1.0002109387428082,1.000265873005276,0.0,-1.5523142845538616e-21
2677,17,6.598212718963623,7.950330818071511,8.886174173673634,-3.467003239214346,-3.5913744995697283,-0.00029507130481998,-0.00019221734565813247,1.0004053212127528,1.0003727138270968,1.0004053212127528,1.0003727138270968,0.0,-1.3179645068579313e-21
2678,17,6.881821155548096,8.709803867475163,8.8604923499239,-3.6641937897271406,-3.5917149914127084,-0.000245629308776534,-0.0001836109916357103,1.0006154231694493,1.0004567722023567,1.0006154231694493,1.0004567722023565,0.0,-2.749623736447542e-21
2679,17,6.5528669357299805,9.607552800782917,8.950129937924318,-3.6556941128991864,-3.582520116392244,-8.564703592412782e-05,-0.00015498905970380477,1.0004222206384124,1.0005004699916038,1.0004222206384121,1.0005004699916036,0.0,-5.873777577667819e-21
2680,17,6.236042022705078,9.241188351056136,8.911943152185957,-3.5278209516114747,-3.5498618823093397,-9.392472321513176e-05,-0.00013430576881481334,1.0004722720711605,1.0005302304596835,1.0004722720711605,1.0005302304596835,-1.3546129697340434e-20,-9.340592400337428e-21
2681,17,5.969336986541748,8.33221198457888,8.719745021002174,-3.469607677296091,-3.506009743498213,-0.00016476765579890164,-0.00012963918733331176,1.0005663852377562,1.0005557087230512,1.000566385237756,1.0005557087230512,-2.708971109967568e-20,-1.0119473089997512e-20
2682,17,5.906850337982178,8.411313959102866,8.470597001191758,-3.5218473819890037,-3.458958450219212,-0.00014386732820635564,-0.00013381770473971764,1.0006593536442283,1.000563098049579,1.0006593536442283,1.0005630980495792,0.0,-7.427302415224692e-21
2683,17,5.91094970703125,8.761244478920274,8.15752203533881,-3.5000121868428815,-3.4083076925251214,-9.597287685415754e-05,-0.0001486482234948739,1.0005489049720542,1.0005452828081804,1.0005489049720542,1.0005452828081804,1.3545092187620089e-20,-5.693324986151703e-21
2684,17,5.871281147003174,7.773884281328364,7.771994449473309,-3.369415193969501,-3.3785933409173237,-0.0001413826672646331,-0.00017776353133765896,1.0004331826381854,1.0005275752620004,1.0004331826381856,1.0005275752620004,-2.7093317957187714e-20,-6.742717076356896e-21
2685,17,6.165538311004639,7.021248120343974,7.496894093217413,-3.241137320518237,-3.4284935175145685,-0.00026491395624835126,-0.0002055416690208813,1.000472736770656,1.0005365915858644,1.0004727367706558,1.0005365915858644,0.0,-7.207478706412076e-21
2686,17,6.355402946472168,6.675448379973201,7.52694989599149,-3.4232301235657907,-3.606258053227447,-0.00029861026743346626,-0.0002049442763471672,1.0005948899273038,1.0005634085980577,1.0005948899273038,1.0005634085980577,0.0,-8.21703760338327e-21
2687,17,6.535563945770264,8.10614262634569,7.8393441206534025,-3.9326594702817483,-3.88554932884885,-0.0001937323050936299,-0.00017215662531945767,1.0007205380708064,1.0005735844502581,1.0007205380708064,1.0005735844502581,-2.7085538150731728e-20,-9.626298520530652e-21
2688,17,6.191312313079834,8.925699883444274,8.12775564191156,-4.387125910828778,-4.171541602545787,-2.9543000294988848e-05,-0.00013903170726677766,1.000564861422926,1.0005487671626099,1.000564861422926,1.0005487671626099,-3.3862190445093804e-21,-9.492787411912924e-21
2689,17,6.367597579956055,8.546382441543797,8.164735355733045,-4.441529271705282,-4.386701601177898,-6.527139603899909e-05,-0.00014271335091673896,1.0003597588082411,1.000519613116243,1.0003597588082411,1.000519613116243,0.0,-1.012625338301168e-20
2690,17,6.667068958282471,7.628361153968779,8.026175874318895,-4.5257391128067805,-4.5297572411652025,-0.00021717017815987982,-0.00018124570641300092,1.0005472611046,1.00052071523036,1.0005472611046002,1.0005207152303601,0.0,-1.2454186982226834e-20
2691,17,6.681656360626221,7.555109185645937,7.940127678992188,-4.53762832322817,-4.633345440888869,-0.00028911128282305327,-0.00022253996538294633,1.0005393113519583,1.0005400284725239,1.0005393113519583,1.0005400284725239,-5.418088825617948e-20,-1.280784735486623e-20
2692,17,6.672019958496094,7.723332719710018,8.013904467913326,-4.717330941373241,-4.725876121840946,-0.0002607525749491727,-0.000244474228159132,1.0006109170819084,1.0005610595343697,1.0006109170819084,1.0005610595343697,0.0,-6.0805852278253906e-21
2693,17,6.78303861618042,8.630091860554217,8.185176825796345,-4.826720757700616,-4.80566526896111,-0.00022999849529439542,-0.0002491683251135632,1.000622264421303,1.0005729166227986,1.000622264421303,1.0005729166227986,2.7088198290104478e-20,1.6520178670653675e-21
2694,17,6.301486015319824,8.688815564448449,8.307375203824229,-4.842506498949853,-4.862730626766159,-0.00020872443889140898,-0.00024732048543667413,1.0004844632839318,1.0005835670118943,1.0004844632839318,1.0005835670118943,0.0,4.938152539837993e-21
2695,17,6.083401203155518,8.043521408646482,8.37608187147437,-4.870247033310295,-4.891207958403751,-0.00028377127901888275,-0.00024205007062432144,1.0006088353700948,1.0006118915909505,1.000608835370095,1.0006118915909505,0.0,6.0809602679233955e-21
2696,17,6.5130510330200195,8.151331027153223,8.51367591843254,-4.939874645034915,-4.878792759626688,-0.00025706981754611345,-0.00022624320136814706,1.0007056379054031,1.000649121159676,1.000705637905403,1.0006491211596757,0.0,7.265885640069831e-21
2697,17,6.539339065551758,8.997155411861707,8.738121349287535,-4.843268534758714,-4.809598424210224,-0.00017761429495418308,-0.00020548338059101575,1.000649857807818,1.000682086834782,1.0006498578078178,1.0006820868347819,2.7087451320403162e-20,7.784191915257775e-21
2698,17,6.384328842163086,9.147867539494863,8.94888936818787,-4.77901548406419,-4.687506224514701,-0.00014662256131262144,-0.00019606012658927662,1.0007467300391077,1.0007123371293833,1.0007467300391075,1.0007123371293831,0.0,5.684380576096823e-21
2699,17,6.10301399230957,9.124255803027431,9.112785677989386,-4.512543229031256,-4.538616519003935,-0.0002095385115641361,-0.0002042031315270863,1.0007181782079781,1.0007385379704477,1.0007181782079784,1.0007385379704474,0.0,3.955863737959553e-21
2700,17,5.908024787902832,9.196973750230573,9.27954704557528,-4.282511488440304,-4.418086146876127,-0.00022297101946190312,-0.00021900039083987417,1.0007337026056018,1.0007659768254709,1.0007337026056016,1.0007659768254706,0.0,4.9851091504638094e-21
2701,17,5.8440656661987305,9.409628722930663,9.511386185245456,-4.3030355815496995,-4.368869502436879,-0.0002789472193864166,-0.00022771117615266918,1.0008639073438765,1.000793498639042,1.0008639073438765,1.0007934986390419,0.0,9.046767718657427e-21
2702,17,6.072825908660889,10.143039115366077,9.836298305281561,-4.419893537353742,-4.382421710356019,-0.00017954648028293497,-0.00022349485043566254,1.0007553190055567,1.000813588202877,1.0007553190055567,1.000813588202877,2.7084596801415662e-20,1.3741387018207256e-20
2703,17,6.007745265960693,9.959607019530008,10.266892364888044,-4.486567171424108,-4.420682733854295,-0.0002041576319368924,-0.0002130511381422494,1.0008089314498203,1.0008344434753524,1.0008089314498203,1.0008344434753524,2.7083145903656073e-20,1.4377805210862614e-20
2704,17,6.029748439788818,10.325164239494208,10.880964629646705,-4.458116644412017,-4.457521785445884,-0.00025728140796006383,-0.00019247277276977597,1.000898139873851,1.0008492966666347,1.000898139873851,1.0008492966666347,0.0,1.082238078671635e-20
2705,17,6.682220935821533,11.798975745870203,11.637241828482118,-4.474133544935061,-4.4910747094701415,-0.00015575912359154897,-0.00015667766097389002,1.0008884475038222,1.000842423402389,1.0008884475038222,1.000842423402389,0.0,7.231954960719171e-21
2706,17,6.6291069984436035,13.013653347130237,12.303355781769582,-4.494633566467905,-4.523684024465436,-0.00010149839337840899,-0.00012063044691263978,1.000823250781519,1.0008152481927408,1.000823250781519,1.0008152481927408,1.35413792050554e-20,4.757146277421528e-21
2707,17,6.409666538238525,13.249031399136346,12.70579050267049,-4.619858449676245,-4.550362998470329,-4.6621635764464196e-07,-0.00010276211901851686,1.0007062307257881,1.000787741748452,1.0007062307257881,1.000787741748452,0.0,2.1488688582075336e-21
2708,17,6.171818256378174,11.979224359276412,12.942762076113963,-4.437277988026448,-4.561362944035566,-0.00016865083736137263,-0.00010762384153740661,1.0007133052514754,1.000779480186656,1.0007133052514754,1.000779480186656,0.0,1.259252896987121e-22
2709,17,7.173939228057861,12.798061442493795,13.259381703917617,-4.595911026339234,-4.556496769691148,-0.00021747622729586757,-0.00011130572144777226,1.0009473537257105,1.0007800235807696,1.0009473537257105,1.0007800235807696,0.0,-6.004420700717895e-22
2710,17,6.741939544677734,14.342473241282763,13.603286279491035,-4.661829826864453,-4.504463534748016,-3.4848040116404436e-05,-0.0001090862410173473,1.0007791650540174,1.0007638170049151,1.0007791650540172,1.0007638170049151,0.0,5.177223172084224e-22
2711,17,6.513645648956299,14.303504486151176,13.766569415729402,-4.480179100193174,-4.387564297587641,-2.2908787452873573e-05,-0.00012654191044809206,1.0006241238968032,1.000750189715067,1.000624123896803,1.000750189715067,-3.386018493960104e-21,4.1549118930078746e-21
2712,17,6.8820929527282715,13.188708039886448,13.772912639878987,-4.03301911379646,-4.245799655207483,-0.0002379613707385374,-0.00016653367669380365,1.0007157716978943,1.0007656374284717,1.0007157716978943,1.0007656374284717,0.0,1.029089824834527e-20
2713,17,6.974758148193359,13.39761842678409,13.823941625521421,-4.115918011815541,-4.143737531364099,-0.0002527089159648267,-0.00019966530703599908,1.0009169234581456,1.0007951772321373,1.0009169234581456,1.0007951772321373,5.416044763933105e-20,1.5768338705720646e-20
2714,17,7.351774215698242,14.236451048954535,13.956037504107853,-4.0913827127356726,-4.087290786743338,-0.0002117350834889967,-0.00021388174048716905,1.00082325864999,1.000808212857438,1.0008232586499903,1.000808212857438,0.0,1.6619369941510114e-20
2715,17,7.27734375,14.325919467736524,14.055318157129022,-4.099447058292536,-4.058463034631059,-0.00019720299492714436,-0.00021809251061458154,1.0007996947234905,1.0008076974570357,1.0007996947234905,1.0008076974570357,0.0,1.8320877280035533e-20
2716,17,7.1949028968811035,14.33754416304958,14.076802950939022,-4.103285221582382,-4.041346142318502,-0.00019358836537376338,-0.00022301392230628689,1.0007957565710122,1.000809396043577,1.0007957565710124,1.0008093960435773,2.7083502437107254e-20,2.3076006474234666e-20
2717,17,6.869169235229492,13.899873364667673,14.093362991737195,-4.018528678492132,-4.036751463789815,-0.00020980954391997973,-0.00023099265011556093,1.000767959567451,1.0008268395404945,1.000767959567451,1.0008268395404947,2.7084254699613764e-20,2.68619482798026e-20
2718,17,6.90055513381958,13.665836350132427,14.259198620756164,-3.9714576916978683,-4.065198473488333,-0.00026306285665342435,-0.00023267278691300352,1.0008330669240844,1.0008645788298371,1.0008330669240844,1.0008645788298374,5.4164985566356383e-20,2.5513760268572608e-20
2719,17,7.388040065765381,14.211380626350644,14.645176956630547,-4.084940219288724,-4.139258564939332,-0.00031322994103470035,-0.00021246966838393925,1.0010144146441902,1.0009061579641994,1.0010144146441902,1.0009061579641994,0.0,1.7368185521603748e-20
2720,17,7.2555341720581055,15.834415894272189,15.098977693224487,-4.304265402096983,-4.238191762634711,-0.00011882800772051335,-0.00016955138200747894,1.0009365763065459,1.0009290737189005,1.0009365763065459,1.0009290737189005,1.3539846057057488e-20,8.097776454628567e-21
2721,17,7.139728546142578,15.887481617974226,15.352510062259618,-4.394209113056,-4.323416521209078,-8.12541051649875e-05,-0.00013067613188359403,1.000931977841386,1.0009401760383028,1.000931977841386,1.0009401760383025,-1.3539908261594598e-20,9.132650459488387e-22
2722,17,7.179113864898682,15.090476666624744,15.359604359777268,-4.3508401108921175,-4.376852532054583,-7.829379100556677e-05,-0.00011147549497715975,1.0008707281709923,1.0009556863404903,1.0008707281709923,1.00095568634049,0.0,-1.702232891329063e-21
2723,17,7.211307048797607,14.780127932116594,15.264879119720602,-4.38068096841284,-4.404096786035421,-0.00016676557134310906,-0.00010696193535718483,1.0010485414239274,1.0009837515126954,1.0010485414239272,1.0009837515126951,0.0,-9.870468543562862e-22
2724,17,7.13608455657959,15.576467457400286,15.138097029609465,-4.48080349875033,-4.406621351567523,-9.212431616095854e-05,-0.00010317711384140957,1.001069303680651,1.001011787681041,1.0010693036806508,1.0010117876810405,0.0,1.3301226450954162e-21
2725,17,7.242767333984375,15.4481235166565,14.920039752077907,-4.382516345958479,-4.382606281544144,-2.967144109059044e-05,-0.00010037741666992105,1.000896412780676,1.0010441260361418,1.000896412780676,1.0010441260361416,0.0,3.835520259634541e-21
2726,17,6.979337692260742,14.001665891119218,14.683243421633929,-4.252077028588336,-4.350293464047451,-0.000184209136677974,-9.479178785512334e-05,1.0011019206442127,1.0010959584173873,1.0011019206442127,1.0010959584173873,2.7075219568748218e-20,4.5177847925993426e-21
2727,17,6.793567180633545,14.025956652983576,14.635509779179454,-4.336940414978152,-4.326045026175793,-0.00011622613779299058,-6.789789032140688e-05,1.0012135423421484,1.0011441381053023,1.0012135423421484,1.0011441381053023,-1.3536100524934221e-20,1.827416428444896e-21
2728,17,7.023935317993164,15.138386622585642,14.77453217210312,-4.329419901551824,-4.297847136345327,2.2487590529398896e-05,-2.6247957686551814e-05,1.0011874982055196,1.001161773913351,1.0011874982055196,1.001161773913351,0.0,-5.185440666528856e-22
2729,17,6.924248218536377,15.112984819000149,14.890421978791794,-4.29411950197005,-4.2520125827700745,2.288500806846878e-05,5.991440862773402e-06,1.0011789193178982,1.0011452589091643,1.0011789193178982,1.001145258909164,-3.3841421584520887e-21,-1.7231618093565694e-21
2730,17,6.683402061462402,15.145256738482944,14.851690886769191,-4.1651884405305655,-4.188168937956083,4.1962152121692124e-05,1.6703471072055434e-05,1.0010714738663393,1.0011063509532183,1.0010714738663393,1.0011063509532179,0.0,-2.1185322424752214e-21
2731,17,6.624096870422363,14.705026089897014,14.642567312211042,-4.125825298479347,-4.1191024987606815,3.0565120688791754e-05,4.344703413881651e-06,1.0010339444266292,1.0010661069487916,1.0010339444266292,1.0010661069487912,0.0,-2.332988240755309e-21
2732,17,6.483551502227783,14.353251961839456,14.358015840584391,-4.03676739477903,-4.054261566151747,-4.692866376370559e-05,-2.1674898151140554e-05,1.0010492045453632,1.0010350213926102,1.001049204545363,1.0010350213926098,-6.769161343184838e-21,-2.2956363409136998e-21
2733,17,6.694209575653076,13.944109884358618,14.134072610838306,-3.971204603091739,-4.002048787373378,-5.021792158726272e-05,-4.3957518055942857e-05,1.0009677372687928,1.0010121954407314,1.0009677372687928,1.0010121954407312,0.0,-1.4068815264705367e-21
2734,17,6.513313293457031,13.672627331595889,14.095633677715481,-3.9580825201429692,-3.963623377332015,-7.894859142921081e-05,-5.138978399410143e-05,1.0010137291307317,1.000995279367224,1.0010137291307317,1.000995279367224,0.0,-1.6586387826509458e-22
2735,17,6.68118953704834,13.913496217196974,14.276821209856859,-3.9109124679674974,-3.92898427677129,-7.628222735694521e-05,-3.8841804029603655e-05,1.000975563668102,1.0009709244503937,1.000975563668102,1.0009709244503937,0.0,1.0228843519497436e-21
2736,17,6.9428558349609375,15.06547019273421,14.539111385396863,-3.9334510895876975,-3.882700085292358,1.1893727145526855e-05,-1.3014562745721781e-05,1.0009562918378825,1.0009284493355564,1.0009562918378825,1.0009284493355566,1.6924474208539927e-21,1.835132616456406e-21
2737,17,6.829985618591309,15.129939690726985,14.63996273681198,-3.9046809039204025,-3.8071923899765734,3.3127467938528315e-05,7.723141743064193e-06,1.0009390410979824,1.0008620832726756,1.0009390410979826,1.0008620832726758,6.769906357734996e-21,1.6374302658081626e-21
2738,17,6.791525363922119,14.79439855063038,14.502921332964247,-3.6413128667146353,-3.7059656733204402,7.51531926779294e-05,1.1487938601373795e-05,1.000668806278151,1.0007804945632115,1.000668806278151,1.0007804945632115,0.0,6.188449371586202e-23
2739,17,6.569311618804932,13.640054752175025,14.260117086086472,-3.4994800394145695,-3.610752186231022,-4.3599555109918787e-05,6.95809354866436e-07,1.0006757713278152,1.000709149181417,1.0006757713278152,1.0007091491814168,-6.771687465804087e-21,-1.730957806380013e-21
2740,17,6.507944583892822,13.808842021968964,14.120842596690315,-3.5259937528610528,-3.532562228416446,-6.47627929472958e-05,-4.5205062616811135e-06,1.0007344228744461,1.000643038770257,1.000734422874446,1.000643038770257,0.0,-2.6004315976955763e-21
2741,17,6.4588165283203125,14.394112720413816,14.101800093572644,-3.493266874219692,-3.4428380832079273,1.482530240589214e-05,2.515467059873567e-06,1.0005664868454782,1.0005655305735124,1.0005664868454784,1.0005655305735124,-1.6931067717943887e-21,-2.758389047660766e-21
2742,17,6.423852443695068,14.17256500566901,14.098388788069027,-3.434892355905276,-3.306356355033555,7.84352954258178e-05,7.431295510678099e-06,1.0004239681881708,1.0004857190107757,1.0004239681881708,1.0004857190107757,-1.3546783750706477e-20,-1.9183286792837533e-21
2743,17,6.755608558654785,13.636723012187826,14.0783140752952,-2.985388022191524,-3.1130121251031055,-6.697187268745508e-05,5.399167087282575e-07,1.0003979508741065,1.0004152491346938,1.0003979508741065,1.0004152491346938,1.3547136061431518e-20,-1.6664827798121655e-22
2744,17,6.946310520172119,14.41559010889146,14.021595802202796,-2.9694017719228127,-2.8869198570862435,1.2300259718092834e-05,-9.921702407468463e-06,1.0004250752848693,1.000345331619159,1.0004250752848693,1.000345331619159,0.0,-8.536439993781513e-23
2745,17,6.731908321380615,14.677476115341014,13.809751716658017,-2.7790564184744966,-2.6297126435935265,4.8951147922930855e-05,-2.8970058459393063e-05,1.0002723902047048,1.000263083690638,1.0002723902047048,1.000263083690638,-6.7744182928488574e-21,-1.0044143022081263e-21
2746,17,6.458439350128174,12.795340961034974,13.474068898233572,-2.130249692885147,-2.3692673521679746,-9.6308289383465e-05,-5.4200896162825733e-05,1.0000797101978391,1.0001787824609507,1.0000797101978391,1.000178782460951,0.0,-1.628213303189662e-21
2747,17,6.16736364364624,12.54802442978123,13.285645352030267,-2.036908778742373,-2.1663559162585933,-0.00015189656095246755,-6.119492698259817e-05,1.0001306146548303,1.000103788277529,1.0001306146548303,1.0001037882775292,0.0,-2.277897775168415e-21
2748,17,6.283506870269775,13.53899416046808,13.312331505588467,-2.1119590770979735,-2.0086842631508284,-3.911749793658847e-05,-3.988569099391421e-05,1.0000764533392024,1.0000215816008395,1.0000764533392026,1.0000215816008398,-6.775745549661544e-21,-3.0262018472688665e-21
2749,17,6.085465431213379,13.800250599868024,13.352858741033815,-2.0637646601045017,-1.8324300653266845,5.120972048815412e-05,-1.2225438891488273e-05,0.9999846435849348,0.9999208020908101,0.9999846435849348,0.9999208020908102,0.0,-3.39087817821277e-21
2750,17,6.489498138427734,13.65427528657505,13.254462722102675,-1.5859380986828215,-1.6144814773146452,5.2990963918512486e-05,-2.055089958027694e-06,0.99968372861072,0.9998145883736775,0.9996837286107201,0.9998145883736775,-6.778407394358122e-21,-3.6171415575751865e-21
2751,17,6.460494041442871,12.630028579897717,13.05624420756743,-1.2622595889543184,-1.411650595187527,-4.879259460123711e-05,-8.605454883378953e-06,0.9997058282696041,0.99973070196898,0.9997058282696041,0.9997307019689798,0.0,-3.4046947695447334e-21
2752,17,6.386242866516113,12.58297901101828,12.923694278324264,-1.2660463295055913,-1.2788476754564042,-5.548456641498557e-05,-1.2125723821378621e-05,0.9997590824533804,0.9996596157745579,0.9997590824533804,0.9996596157745579,-6.777896492228552e-21,-2.895779425898242e-21
2753,17,6.344631671905518,13.075310734106697,12.894526793498184,-1.2290879079345227,-1.2214695008598608,1.245884467435441e-05,-4.447701478898419e-06,0.9996086312425692,0.9995817314416671,0.9996086312425693,0.9995817314416672,0.0,-1.724347020881007e-21
2754,17,6.405643463134766,13.133074443691855,12.881302219647422,-1.1127325332139542,-1.2299390716625755,4.0020336988725546e-05,7.281714591989619e-06,0.9993859949693051,0.9995086515317534,0.9993859949693052,0.9995086515317535,0.0,-3.364101003061199e-22
2755,17,5.8439836502075195,12.440784973916903,12.846196775961905,-1.2809184746201383,-1.286941212074352,-1.3372737581929219e-05,2.037490041676375e-05,0.9994747898335298,0.9994586050611434,0.9994747898335298,0.9994586050611435,1.6949561026854517e-21,1.085195467405097e-21
2756,17,5.999514579772949,12.813084956112297,12.81082548180612,-1.39928654002579,-1.3387672438694858,2.3051278247381963e-05,4.0905812297263865e-05,0.9994827597093707,0.9994150527021488,0.9994827597093708,0.9994150527021489,-3.389885174209909e-21,2.6471110906217112e-21
2757,17,5.872593402862549,12.960178912767448,12.684153616283588,-1.3790976747579196,-1.3254927881930003,6.633431403504292e-05,6.503449247878474e-05,0.9993901345842464,0.9993626485899363,0.9993901345842464,0.9993626485899363,1.3560797417423733e-20,4.19494219947714e-21
2758,17,6.126828193664551,12.696451787488243,12.365252145018086,-1.313491089707463,-1.2105728966378453,0.00013717730609817946,8.051659419716243e-05,0.9992384384641237,0.999311428678464,0.9992384384641237,0.999311428678464,0.0,4.44140931902906e-21
2759,17,6.33076810836792,11.604805760995616,11.86971202181881,-1.0215442337829412,-0.9880081096314337,5.89364257540229e-05,7.860848553002481e-05,0.9992588917037666,0.9992800232432234,0.9992588917037665,0.9992800232432234,0.0,4.3106882458649905e-21
2760,17,6.432999134063721,11.257805381321742,11.320441331652324,-0.7750298596854021,-0.6916022930428757,8.019710496877521e-05,6.71943216832291e-05,0.9993162755478204,0.9992643775676577,0.9993162755478204,0.9992643775676577,1.356179969013251e-20,3.736342725447172e-21
2761,17,5.599584579467773,10.993829302897305,10.77887089271646,-0.25360212067022986,-0.3803502100214627,5.417532576390733e-05,5.3519736923261684e-05,0.9992771533861772,0.9992520292698558,0.9992771533861773,0.9992520292698558,0.0,1.7103838093545108e-21
2762,17,5.6618852615356445,10.146667220028444,10.284156332694863,-0.06906609822893445,-0.13121737086213198,3.426095232786252e-05,4.7383850682398225e-05,0.9992012587336788,0.9992470812435259,0.9992012587336788,0.999247081243526,-6.781680386013713e-21,-2.0291686879094758e-22
2763,17,6.078169822692871,9.70559265442499,9.930927572532578,0.0691121106296987,0.019814192473960504,4.7065179570321385e-05,5.872557363612123e-05,0.999260745824259,0.9992622508178962,0.999260745824259,0.9992622508178963,0.0,-7.929431047837372e-22
2764,17,6.148598670959473,9.67757847601201,9.768080730739108,0.13139230750678785,0.0719144510513004,6.561211763325497e-05,9.224938761449679e-05,0.9992818272468966,0.9992970212319279,0.9992818272468967,0.999297021231928,0.0,-1.1120691605303389e-21
2765,17,5.863448619842529,9.663955570825141,9.753769249110736,0.09470541567572549,0.049923578224082416,0.00013477210223433627,0.00014571907570350143,0.9993406095013091,0.9993453827296807,0.9993406095013091,0.9993453827296808,0.0,-2.4162998859917112e-21
2766,17,5.3469367027282715,9.72389065550848,9.791992951833858,-0.009356792412719481,0.005203897109296432,0.00020190808477972563,0.00020659675415385308,0.9994508855728156,0.9993959812162798,0.9994508855728156,0.9993959812162798,0.0,-5.3473262585553916e-21
2767,17,5.469326019287109,10.236025059706801,9.744449563020183,-0.08527429733166074,0.007209852229592438,0.00029386499838027517,0.0002562553897665044,0.9994542894097584,0.9994393844156813,0.9994542894097584,0.9994393844156813,0.0,-9.213910471767715e-21
2768,17,5.299727916717529,9.676229779422036,9.483761058555745,-0.07615681870132024,0.11626669179579079,0.0003374964275820644,0.0002767496388921154,0.9994191445446535,0.9994857776204314,0.9994191445446535,0.9994857776204314,-5.424161516234908e-20,-1.0523964900404142e-20
2769,17,5.921421051025391,8.415695932303391,9.059243630886252,0.5113839337487764,0.3437266208808015,0.00019642269000240084,0.00026764302476875825,0.9995281341750653,0.9995493537104088,0.9995281341750651,0.9995493537104087,2.711785029893938e-20,-5.965592061760435e-21
2770,17,5.924205780029297,8.61946660239483,8.575519521872657,0.5852350069379809,0.6407420390769638,0.00022147937357928669,0.000246730213416713,0.9997110694833574,0.9996209908556563,0.9997110694833574,0.9996209908556563,0.0,-3.7583411879022954e-21
2771,17,5.754770278930664,8.714540813006685,7.948466207289499,0.8389332123027375,0.9918653725464399,0.00030974137159455687,0.0002118576609542872,0.9996848500887079,0.999686274358347,0.9996848500887078,0.999686274358347,0.0,-4.830697435827963e-21
2772,17,7.276232719421387,7.561317924019942,7.1190670113923415,1.3514990261945339,1.3646557692666275,0.00020881692390258797,0.00015495995088742553,0.9996490739594179,0.9997581715961361,0.9996490739594179,0.9997581715961361,-2.7114569520661587e-20,-5.810755714810174e-21
2773,17,5.339216232299805,5.236440027938192,6.31618302495742,1.9089199573402504,1.670866915238191,-2.324698892954617e-05,0.0001020591104948579,0.9998770242118952,0.9998485666051696,0.9998770242118951,0.9998485666051696,0.0,-2.9779177732276088e-21
2774,17,5.04420804977417,5.231855954754086,5.8679020577250025,1.9705928844359466,1.8261814780344006,2.5965951261683332e-05,9.21671507833495e-05,0.999915359595521,0.9999399789660234,0.999915359595521,0.9999399789660234,3.388418586136876e-21,1.8544911353262256e-21
2775,17,5.505195140838623,6.080295260552511,5.7096124944241575,1.800536655777534,1.8393513038869043,0.00015234121035970273,0.00011957486102825473,1.0000997106324372,1.0000145716267652,1.0000997106324372,1.0000145716267652,0.0,6.4789292284222156e-21
2776,17,5.366474151611328,6.259468953068054,5.492295002542122,1.629280796136039,1.7869114977353218,0.00022647567860608966,0.0001473777619444556,1.0000911130241206,1.0000554577306493,1.0000911130241206,1.0000554577306493,2.710258491366464e-20,8.935701827944355e-21
2777,17,5.330873012542725,5.243679947937901,5.001242368694334,1.6882802893949092,1.7315772227930206,0.0001737300402670246,0.00015062939878063243,1.0000295995802153,1.0000752863293962,1.0000295995802153,1.0000752863293965,0.0,6.767005426118395e-21
2778,17,5.4414591789245605,4.198856848256208,4.3351714207306316,1.6928798706195232,1.6753648076472825,0.0001328452708560945,0.00013607740805750003,1.000051828718468,1.0001021189336037,1.000051828718468,1.0001021189336037,0.0,2.5837398424736075e-21
2779,17,5.528962135314941,3.1685395899566147,3.7295446664103378,1.6973542259301806,1.5935338868663536,6.204075891935196e-05,0.00012483611910807873,1.0001588204627514,1.0001471753014204,1.0001588204627512,1.0001471753014204,0.0,-1.9879037067664617e-21
2780,17,5.457749366760254,3.081304196613495,3.347291958892319,1.5563953744502323,1.4722904604136176,9.464154021575278e-05,0.0001336274013277205,1.000211729561656,1.000201721227887,1.000211729561656,1.000201721227887,0.0,-6.60807159325913e-21
2781,17,5.364446640014648,3.4674446355169346,3.1288871934591374,1.1901643143828637,1.3413037497435922,0.0002090828554477066,0.0001545120614020504,1.0002680415003662,1.0002575234210815,1.0002680415003664,1.0002575234210813,-2.7097790979586828e-20,-9.929392985467696e-21
2782,17,5.532672882080078,3.215958007348383,2.9066318946995593,1.1942377350884532,1.2545113577259754,0.00020200236812738554,0.00016574954222159594,1.000278937904003,1.000311606326757,1.000278937904003,1.000311606326757,0.0,-9.666968982239761e-21
2783,17,5.190321445465088,2.259009333408782,2.631738390826704,1.2619928520224166,1.2163714850105773,0.0001198447855305186,0.0001639524436875057,1.000396492017832,1.0003626837671002,1.000396492017832,1.0003626837671002,-1.3547155816923068e-20,-8.01911852221436e-21
2784,17,5.244594573974609,2.515611430041133,2.355861072507719,1.20113112298539,1.2021725952559856,0.00016544825916630707,0.00015873766992767808,1.0004187546513124,1.0004023245162554,1.0004187546513124,1.0004023245162554,0.0,-5.880211290855559e-21
2785,17,5.133556365966797,2.4514270649987457,2.0412653644790595,1.1824261057289325,1.197857954910024,0.00018483375688367279,0.00014806378311125706,1.0003999244228075,1.0004324827400364,1.0003999244228077,1.0004324827400364,0.0,-4.741437673769354e-21
2786,17,5.223361968994141,1.2071280911959603,1.708710705520461,1.2209527280143273,1.1916193677890383,0.00010640039621261339,0.0001315837596582391,1.0004729576159097,1.0004608692851313,1.0004729576159097,1.0004608692851313,-1.3546120415252382e-20,-4.133086667222066e-21
2787,17,5.207242012023926,1.1937323425399986,1.4922548911920241,1.2275149600096904,1.168717406671578,9.626305525736585e-05,0.00012015969449151847,1.0004757152469392,1.000486316052394,1.0004757152469392,1.000486316052394,0.0,-2.2402539266577557e-21
2788,17,5.13508415222168,1.7166548923166072,1.3626225423823062,1.122516223345155,1.1282840950112978,0.00010301016823031338,0.00011709115244237339,1.0005420574092014,1.0005080785665779,1.0005420574092014,1.0005080785665776,0.0,1.0753840914338807e-22
2789,17,5.4396443367004395,1.6657112345192577,1.1747963461165742,0.9643649501883248,1.0918189964903713,0.00018439521833289933,0.00011401217763782519,1.0004952992934226,1.0005257473429443,1.0004952992934226,1.0005257473429443,0.0,2.0335314488588385e-21
2790,17,5.325251579284668,0.5083259803443805,0.9227777295906892,1.1223673165048889,1.073108248172945,8.76953978949004e-05,0.00010154551635799582,1.0005259813300216,1.000547250267259,1.0005259813300214,1.0005472502672592,1.3545402527231857e-20,2.645093307714152e-21
2791,17,5.158964157104492,0.5122528122254675,0.762163980500886,1.0903167849175714,1.046492282354959,6.165861034668993e-05,9.173579193968604e-05,1.0005896812347135,1.000571343827637,1.0005896812347135,1.0005713438276371,-1.354454019488306e-20,1.2840431509255462e-21
2792,17,5.28851842880249,0.7753978109958352,0.7265981619951318,1.057343952844538,0.9961827311330769,6.311796977901175e-05,9.523446269256006e-05,1.0006124158059342,1.0005885225978366,1.0006124158059342,1.0005885225978368,1.3544232454034708e-20,-4.383809968765853e-22
2793,17,5.311850070953369,1.033281871310144,0.7316336171346018,0.8097907147258796,0.9310799036016411,0.00015616522217537176,0.00010830212588408733,1.0006103932532766,1.00059588349048,1.0006103932532768,1.00059588349048,0.0,-3.9303963643502915e-21
2794,17,5.029029369354248,0.8969288035489952,0.713703891192908,0.8805295335083072,0.8744999128075692,0.0001484420831287593,0.00011766037989179376,1.000529746318483,1.0006015614119073,1.000529746318483,1.0006015614119073,-2.7090703111898967e-20,-6.751322031757192e-21
2795,17,5.117597579956055,0.07845618062725555,0.7328750399966397,0.8671493156226916,0.8139882140837527,8.17468674235646e-05,0.00012637710622222668,1.0006503979177155,1.0006143986775675,1.0006503979177155,1.0006143986775675,0.0,-5.702175205560972e-21
2796,17,5.21673583984375,0.7191275451088248,0.8824216784149184,0.7745387785348722,0.7334584683699262,0.00010350316901898055,0.00014855294100704337,1.0006649398430492,1.0006223637488554,1.0006649398430492,1.0006223637488554,0.0,-3.902971520599361e-21
2797,17,5.112371444702148,1.5402333695342556,1.0293778652952796,0.5916539239222633,0.6394445529675752,0.00021443411433816527,0.00018153705244498383,1.0006002224305912,1.000623345035188,1.0006002224305914,1.000623345035188,0.0,-3.9359827479471854e-21
2798,17,5.137949466705322,1.494989990287798,0.9718509063907693,0.5328004104256517,0.5531430183178907,0.00024949332605808574,0.00020608876548366752,1.0005738049029493,1.0006310660576108,1.0005738049029493,1.0006310660576108,0.0,-6.194158651746236e-21
2799,17,5.041210174560547,-0.04527693906289997,0.7176257162048114,0.5228842440844768,0.480853103624058,0.00017616224284065297,0.000214331840670151,1.000689061603711,1.0006498769833099,1.000689061603711,1.0006498769833099,-2.7086390120722285e-20,-8.820770908348683e-21
2800,17,4.770819187164307,0.3737018381393497,0.43416528751349237,0.4269148321443939,0.42131464401025953,0.00020003386532878976,0.0002130174059091803,1.0007050389475094,1.0006656188070198,1.0007050389475094,1.0006656188070198,0.0,-9.063530142809742e-21
2801,17,4.57741117477417,0.5955358110089605,0.06102715875384351,0.33765309801086846,0.3867659927405035,0.00023389056586793172,0.00019809626957665707,1.0006709405582648,1.00067646552731,1.000670940558265,1.0006764655273102,0.0,-9.230592155473129e-21
2802,17,4.731342315673828,-0.21062540236446584,-0.5019440829956556,0.3513383206607326,0.39064572982086865,0.00020162644318163443,0.00016077421775961067,1.0006301177994106,1.0006977326079203,1.0006301177994106,1.0006977326079205,-2.7087985690204033e-20,-9.120020582180824e-21
2803,17,4.694812774658203,-1.5743206526484241,-1.1377017147661423,0.4287795038027044,0.42530480831819034,8.750498699688073e-05,0.00010792779669711701,1.0007370279663375,1.0007401427430342,1.0007370279663375,1.0007401427430345,0.0,-5.9483992356254256e-21
2804,17,4.5287885665893555,-1.9503910319824005,-1.6143584293253526,0.4627181025042467,0.4646792698656316,1.746832027788199e-05,6.264618378100506e-05,1.0008313123733548,1.0007891662127852,1.000831312373355,1.0007891662127852,-3.385317532664562e-21,-2.045537348308629e-21
2805,17,4.918930530548096,-1.6345453075889431,-1.8632026008523508,0.4893325359617292,0.480230532556155,4.837120957311614e-05,4.013074637462424e-05,1.0008490703967012,1.00082691494757,1.0008490703967012,1.00082691494757,6.770514934233322e-21,6.696965781200076e-22
2806,17,4.882798671722412,-1.6096779202389355,-1.9588417493340766,0.4434750588212727,0.44382029961749764,7.396045260856246e-05,3.778983470852211e-05,1.0008269964010976,1.000852738965697,1.0008269964010976,1.0008527389656967,0.0,8.659381618005904e-22
2807,17,4.457634449005127,-2.2664840647390117,-1.8945053948850976,0.41928452467823374,0.33033295102208765,1.7960280793531406e-05,5.501654533681453e-05,1.0008870100935876,1.0008754545616196,1.0008870100935876,1.0008754545616196,0.0,-8.210560429727099e-22
2808,17,4.438414573669434,-2.272902908013342,-1.553167041733289,0.30427152451529016,0.1236024574429388,2.6977908063349845e-05,0.00010139069149575321,1.0008654980580065,1.0008977407745403,1.0008654980580067,1.0008977407745403,0.0,-3.446038971232974e-21
2809,17,5.128626346588135,-0.6951706919209831,-0.9919057045948169,-0.2113227955818298,-0.14269433129634396,0.0001824895602835122,0.00016901891567476258,1.0009566727522654,1.0009212749192422,1.0009566727522656,1.0009212749192424,0.0,-5.515064455245158e-21
2810,17,5.313533306121826,0.4008945159025164,-0.5444941222923009,-0.6260004871862742,-0.3653251761137105,0.0003328602374476204,0.0002200321334155404,1.0009719624331872,1.0009398861172834,1.0009719624331874,1.0009398861172836,-5.4157469598349137e-20,-3.6944534930300056e-21
2811,17,5.167598724365234,-0.010352572079956638,-0.42736150970455034,-0.5086991057685496,-0.4704729640546006,0.00028346115187717136,0.0002239893887051763,1.0008852259771954,1.0009594819290664,1.0008852259771954,1.0009594819290666,5.416216287072097e-20,3.2706492102200146e-21
2812,17,5.331048488616943,-1.5488433362576306,-0.4710877687709316,-0.36759732814675555,-0.4829015440901858,0.0001147156672925083,0.0001954300103946623,1.0009720972352125,1.0009935953088471,1.0009720972352125,1.0009935953088474,0.0,4.247832502654435e-21
2813,17,5.945775032043457,-0.8314863939534979,-0.37267387172048394,-0.4048565780363042,-0.45310887401190914,8.159884339387526e-05,0.00017230003693256704,1.0011214084071471,1.001030889818571,1.0011214084071471,1.0010308898185714,0.0,1.0875422044618394e-21
2814,17,4.974651336669922,0.5207442632273787,-0.1986269842542634,-0.4819571150359905,-0.3915742333432567,0.00021956180271100173,0.00016276327475247277,1.0010593662109846,1.001053559942901,1.0010593662109846,1.0010535599429013,-2.7076370520092526e-20,-1.4836535483479618e-21
2815,17,5.37499475479126,0.5389868550352126,-0.1925797183999307,-0.4042785915519743,-0.2912830515244431,0.0002267733272880001,0.00014373472278244692,1.001013228128465,1.0010717838457264,1.001013228128465,1.0010717838457266,2.7077618507414057e-20,-1.716087967329818e-21
2816,17,4.9349517822265625,-0.9415940806263252,-0.31872872049907236,-0.08360275525367732,-0.18288488981109827,8.238056443240853e-05,0.00011193526690868873,1.0010790247164985,1.0011001331686094,1.0010790247164987,1.0011001331686094,-1.3537919406419312e-20,-4.542798276652298e-21
2817,17,4.836657524108887,-1.3660304532285217,-0.28377721758065744,0.031033697901614084,-0.1346962750597771,-1.6946969216603446e-05,9.476652759144458e-05,1.0011877515789611,1.00113187614578,1.001187751578961,1.00113187614578,0.0,-8.149155545430841e-21
2818,17,5.063978672027588,0.7419359294786814,-0.0500340613624088,-0.18209716213704674,-0.1745903663469683,0.00013123683074323537,0.0001062122194666658,1.001175337317404,1.0011528084031898,1.0011753373174037,1.0011528084031898,-2.7073234129762093e-20,-1.0730636714368483e-20
2819,17,5.068953990936279,1.1115411242254722,0.04673919784912539,-0.3565522331480596,-0.2629362183558782,0.00021580557127669623,0.00011981775357816426,1.0011466152432373,1.0011688389381355,1.0011466152432373,1.0011688389381355,0.0,-9.794130022290803e-21
2820,17,5.094861030578613,-0.6456398559944317,-0.05525224317140036,-0.3952886176259568,-0.35609510577720377,0.00012181104829780818,0.0001163053068677568,1.0011613555110366,1.0011968299271898,1.0011613555110364,1.0011968299271898,-1.3536806111689164e-20,-6.987442068988699e-21
2821,17,5.004885673522949,-0.9459187811738826,-0.02692747087384806,-0.381906047033378,-0.4473098747211009,4.246229053065992e-05,0.00011270114251019783,1.001230282394175,1.001244731845119,1.001230282394175,1.0012447318451192,0.0,-2.5313025769571453e-21
2822,17,6.073429584503174,0.16474233823548973,0.2667336710637124,-0.5084022076057595,-0.5459584402678129,6.359803336359753e-05,0.000130174059482537,1.0013726125836075,1.0013048766720332,1.0013726125836075,1.0013048766720334,0.0,2.14540384249608e-21
2823,17,5.204501152038574,1.5311796931193709,0.5770806491720236,-0.7379448748485369,-0.6387835285517506,0.00024099367120775837,0.00016028651955145653,1.0013608299940862,1.0013668267690394,1.0013608299940862,1.0013668267690397,0.0,5.7619720214460686e-21
2824,17,5.086879253387451,1.259119246861633,0.6243428562956408,-0.7660865292869162,-0.7033139832464635,0.0002425676163804939,0.00017407137664078633,1.0013722545271047,1.0014400448578569,1.0013722545271047,1.001440044857857,2.7067910249758117e-20,6.075323455554487e-21
2825,17,4.972084045410156,-0.2976893403711179,0.5061788540645218,-0.7343821058965369,-0.7538675261965486,0.0001250716006243492,0.0001711429061845889,1.0015527208384563,1.0015314142633271,1.0015527208384563,1.0015314142633274,0.0,5.128035627884172e-22
2826,17,4.779195785522461,-0.23269314304052216,0.5537410074840026,-0.7056066723747279,-0.8335722406634247,9.761795526445393e-05,0.000177981633692261,1.0016621912133061,1.001625471847715,1.0016621912133061,1.001625471847715,-1.3530037646377296e-20,-6.699334889788339e-21
2827,17,4.944783687591553,1.3017566030097407,0.7986659271508978,-0.9637439080730085,-0.972634969733823,0.00023937759883321046,0.00020353319446547721,1.001710899257969,1.0017116658243528,1.001710899257969,1.001711665824353,-2.7058759500586494e-20,-1.029547503468234e-20
2828,17,5.110770225524902,1.4364517179697585,0.9629044213453769,-1.1687705153968384,-1.1526686734874614,0.0002757840791207879,0.00022690646319718989,1.0017961110184155,1.0017944833513734,1.0017961110184153,1.0017944833513734,0.0,-9.000788833853804e-21
2829,17,4.972150802612305,0.7569842240515676,0.9172541716023525,-1.306156790760569,-1.342018573872426,0.00021391605070032927,0.00023694559000466664,1.0018780600638204,1.001881587759074,1.0018780600638204,1.001881587759074,0.0,-7.31233808313044e-21
2830,17,5.0536651611328125,0.6750304023955926,0.7281943632206646,-1.5497001237558876,-1.5106915481612,0.00024409763325000948,0.00024069354205001164,1.001961812390074,1.0019808306734095,1.001961812390074,1.0019808306734095,0.0,-7.425194670135221e-21
2831,17,5.3612470626831055,0.5423872355685827,0.4421916640303013,-1.63289734642489,-1.6208416172732316,0.00020067088807288396,0.00024161399070368308,1.0021079775757145,1.0020972902847363,1.0021079775757145,1.0020972902847363,-2.7048037655293173e-20,-7.51246721986079e-21
2832,17,5.316174507141113,0.5585907122937835,0.0814356766599239,-1.8389854444802731,-1.6461673500808656,0.0003460121753977021,0.00023883869394765081,1.0021903996261436,1.0022299713790264,1.0021903996261436,1.0022299713790264,0.0,-4.1612625912516836e-21
2833,17,5.290019989013672,-0.9296794939331584,-0.2615292901572091,-1.505375111647996,-1.5844071547021539,0.0001545707897085309,0.00022701022604579735,1.0023971816591803,1.0023764675380777,1.0023971816591803,1.0023764675380777,0.0,3.866819324722917e-22
2834,17,5.244277000427246,-1.2456594582867204,-0.3795590066351944,-1.3109081074196307,-1.4935726888396796,0.00011711564741299807,0.00022776400947816823,1.0024997631735841,1.002523510356472,1.0024997631735841,1.002523510356472,1.3518733523852381e-20,3.61586117620886e-21
2835,17,5.400954723358154,0.3051636784543892,-0.3286432513795126,-1.5937679302406147,-1.405313136016741,0.0003591971519006224,0.00023751005355970614,1.002744483947292,1.0026595075611806,1.0027444839472923,1.0026595075611806,0.0,4.0876617305143106e-21
2836,17,5.440746307373047,0.39219015569252086,-0.46681253778212184,-1.3673503051638398,-1.2975400980786849,0.0002884393134209333,0.00021863871078439467,1.002780152285196,1.0027736774645561,1.0027801522851962,1.0027736774645564,0.0,3.396574298266651e-21
2837,17,5.575673580169678,-0.73944448211452,-0.9386579703834007,-1.113468750091543,-1.2023696451854122,0.00018256471388650942,0.00017126245148797487,1.0028017556730233,1.0028826148528647,1.0028017556730235,1.002882614852865,0.0,2.3139925276611715e-21
2838,17,5.447800636291504,-2.300946776596819,-1.5274329728905887,-1.0722019198185417,-1.184128842686647,4.4843490917557084e-05,0.00013040891342474604,1.0030097851974222,1.0030055637303066,1.0030097851974225,1.0030055637303066,6.755929680886045e-21,-7.943514097555483e-23
2839,17,5.598574638366699,-2.44528687024919,-1.9424775955886997,-1.1066693710043345,-1.2738491510195418,-8.32652549626047e-06,0.00013355648537128077,1.00313374928559,1.003135626419826,1.00313374928559,1.003135626419826,-1.6887737011291639e-21,-5.186371033359931e-21
2840,16,5.560208320617676,-1.7009788215385035,-2.180159398807434,-1.6413345566053548,-1.4433047515165651,0.0002771317060933574,0.00017833633107008296,1.0033303869218002,1.003260415259186,1.0033303869218002,1.003260415259186,0.0,-1.1998287547083535e-20
2841,16,5.7041015625,-1.7564984155615728,-2.4323543220915447,-1.6580795400686148,-1.614603040303818,0.0002975030704553045,0.0002155660768975259,1.0033130934391157,1.0033727877609855,1.0033130934391157,1.0033727877609855,-5.403109854617368e-20,-1.6815299210791582e-20
2842,16,5.516685485839844,-3.169148714235298,-2.7292468793201614,-1.7610585599986177,-1.7617122223631259,0.00023612880796757617,0.00022174397993592098,1.003488547966976,1.0034828586483049,1.003488547966976,1.0034828586483049,0.0,-1.4758952398570952e-20
2843,16,5.623016357421875,-3.3387926779531094,-2.8877047927849344,-1.9311788033542543,-1.887687973955778,0.0002046628741155656,0.00020779528576456686,1.0036340128163033,1.003588127927844,1.003634012816303,1.003588127927844,0.0,-1.0420648753068253e-20
2844,16,5.4940972328186035,-2.6605127546371845,-2.846582011175716,-2.0541314099296266,-2.0021705479583933,0.00022650459198743866,0.00019532794698988925,1.0036928665647642,1.003686847424892,1.0036928665647642,1.003686847424892,-2.7005327242094763e-20,-5.7999118654054056e-21
2845,17,5.4857707023620605,-2.5905267288658096,-2.7061979427436316,-1.857899084867825,-2.1325020176026337,2.6946380731949757e-05,0.00020857783370239696,1.003705642301987,1.0037925808046786,1.003705642301987,1.0037925808046786,0.0,-1.4295369484871583e-22
2846,16,5.410871982574463,-2.621443415200847,-2.533465894963094,-2.360129169721993,-2.30276206308708,0.00031031414217992594,0.00026611070621176665,1.0038630656028726,1.0039170677348417,1.0038630656028726,1.0039170677348417,5.400149729756139e-20,1.4079114842887822e-21
2847,16,5.495954513549805,-2.694045149867506,-2.3485703253407655,-2.539343476653193,-2.4531357800378366,0.0003213323725942837,0.0003312485748433398,1.0041471913768145,1.0040388955250772,1.0041471913768145,1.0040388955250772,-5.398621744880471e-20,-3.721428298486461e-21
2848,16,5.532286643981934,-1.5933144133000523,-2.2174407775653107,-2.675531132935262,-2.5258227746707584,0.000459257897838893,0.0003653397744962984,1.0041627470589827,1.0041206521199089,1.0041627470589827,1.0041206521199089,0.0,-5.272631065447167e-21
2849,16,5.4770188331604,-1.8010971786787056,-2.2732636089143687,-2.6007758216684342,-2.5067680888077692,0.0004478624419895758,0.0003375399764979743,1.0041325020798566,1.0041582756730782,1.0041325020798566,1.0041582756730782,0.0,-4.30729760470387e-21
2850,16,5.317599773406982,-2.931118130780092,-2.4418682479229554,-2.4694910484098513,-2.44352914379071,0.0002912601338169427,0.00025466097824065534,1.0042026924832788,1.004167546083093,1.0042026924832788,1.004167546083093,0.0,-3.8630730764680085e-21
2851,17,5.403998374938965,-2.7816655801492147,-2.489218461281219,-2.1173628736692884,-2.427441912534147,-1.3689963577969816e-05,0.00016892390815060135,1.0041011483379372,1.0041622145310949,1.0041011483379372,1.0041622145310949,-1.6871466558052886e-21,-4.881720191456416e-21
2852,17,5.443276882171631,-2.301601602404233,-2.3262825432499334,-2.539281080694818,-2.539339359108072,0.00012678729585330144,0.00013759531005726677,1.004156584965393,1.004160125431865,1.004156584965393,1.004160125431865,0.0,-6.446810662996798e-21
2853,17,5.5386738777160645,-1.9382172438165242,-2.0007008310094454,-2.7007916227224262,-2.75680580395441,0.00015962553438730068,0.00015794085050553524,1.0041503440185517,1.0041609105972793,1.0041503440185515,1.004160910597279,-2.6993023976533984e-20,-5.699929499506983e-21
2854,17,5.662524223327637,-1.977581254117218,-1.5713532054388633,-2.9431973072085387,-3.026372398944698,0.0001527717525427403,0.00020820036147429748,1.0041638143313818,1.004156930740021,1.0041638143313818,1.004156930740021,0.0,8.843682784136677e-22
2855,17,5.7910685539245605,-0.8533408662721061,-1.1077697676244127,-3.476490303889548,-3.268865053463517,0.0003540692258504777,0.0002616650138991971,1.004204082359724,1.0041372719861703,1.004204082359724,1.0041372719861703,0.0,1.0157683007991993e-20
2856,17,5.87616491317749,0.12201694397676649,-0.7881977831545137,-3.6014858646831316,-3.389837244652227,0.00038899143136205875,0.00028095084715585737,1.0040855591295426,1.0040979000914012,1.0040855591295426,1.0040979000914012,5.398953120217246e-20,1.6058196415393537e-20
2857,17,6.007672309875488,-1.076758301296637,-0.6669708677603148,-3.252496415893151,-3.373314204224504,0.00020283877523685374,0.00026319777396987566,1.003981164874589,1.0040562725714057,1.0039811648745893,1.0040562725714057,0.0,1.2206190000924132e-20
2858,17,5.9067606925964355,-1.232796256974844,-0.5140436971726248,-3.210332103711139,-3.27957157638521,0.00017089454269800285,0.00024346088038636448,1.0040207956346074,1.0040252610234024,1.0040207956346074,1.0040252610234022,2.699650687514438e-20,2.761758632321017e-21
2859,17,6.211502552032471,-0.1872888443633908,-0.2155996184253281,-3.1393896376941717,-3.141586706540975,0.00025058641521562985,0.0002402606279997124,1.004064154964827,1.0039921801823692,1.004064154964827,1.0039921801823692,-5.3990682125460634e-20,-6.988783759703105e-21
2860,17,5.912189483642578,0.6092427895714443,0.07791529478797549,-3.1053511191046534,-2.959940880193688,0.000293639629706999,0.00024449932156017483,1.0039773413231323,1.0039425419367662,1.003977341323132,1.003942541936766,0.0,-8.587632893807695e-21
2861,17,5.946290016174316,0.5417557042153703,0.20977256160560476,-2.699617457978342,-2.7407010319298273,0.00024426273555441515,0.0002484429244468611,1.0037916030390734,1.0038871012441632,1.0037916030390732,1.003887101244163,0.0,-5.787997768493184e-21
2862,17,5.605030059814453,-0.29726506880316683,0.224892155354314,-2.378924988657611,-2.5336535772144972,0.0001744272297318011,0.0002607933164812055,1.0037983762118443,1.0038458786935556,1.0037983762118443,1.0038458786935553,0.0,-2.8050812494195792e-21
2863,16,5.793446063995361,-0.0909841084872256,0.27526415192690024,-2.412772686407173,-2.3741829394091365,0.00028749345776127744,0.0002856849478370376,1.0038967646877097,1.0038068385942847,1.0038967646877097,1.0038068385942844,0.0,-1.0489899810820465e-21
2864,16,5.865692138671875,0.8158139492525809,0.33727420153740906,-2.3484010579281716,-2.245707127278168,0.0003823487216428131,0.00029824027256985456,1.0037945475145729,1.003741310180612,1.0037945475145729,1.0037413101806119,0.0,-4.445268710395178e-22
2865,16,6.020591735839844,0.8761655637695671,0.2673692435964976,-2.2730650360111104,-2.138534157937888,0.00040206856686701535,0.00027338937265173816,1.003661203853555,1.0036485147544383,1.003661203853555,1.003648514754438,0.0,-3.245005400282435e-22
2866,17,5.957328796386719,-0.11027393776272054,0.08665040462051773,-1.9410294217963755,-2.087647579378338,0.00015210581405924632,0.00022175212745552438,1.0034924125788807,1.0035519131900352,1.0034924125788809,1.003551913190035,0.0,2.2023654469968217e-22
2867,17,5.270201683044434,-0.5013691953133985,0.021336644252447412,-1.9608438423141552,-2.1647859669860217,9.035118968873294e-05,0.00019373022342433592,1.0034217724749677,1.003478080971984,1.0034217724749674,1.003478080971984,0.0,2.213376579807545e-21
2868,17,5.4885478019714355,-0.259388081310642,0.23509515271770298,-2.3293933842334886,-2.3869129891992538,0.0001648152224377962,0.0002180503054003887,1.0034567632515972,1.0034304671082592,1.0034567632515972,1.0034304671082592,0.0,6.4416526758760415e-21
2869,17,5.830331325531006,1.0701618453756299,0.6542458189371149,-2.841672263107544,-2.6841566176847467,0.00034595415292351265,0.0002777704240502004,1.0033887815802425,1.0033905619204582,1.0033887815802425,1.0033905619204582,0.0,1.2369953209420496e-20
2870,17,5.682465553283691,1.0846637106390298,1.0274787806079981,-2.9609855565260483,-2.9625999140485635,0.0003448954982825804,0.0003346895155392631,1.00338063776707,1.003343734216605,1.0033806377670702,1.003343734216605,5.4027461347983304e-20,1.608988795134583e-20
2871,17,5.250516414642334,1.2787209323853757,1.2025716480379964,-3.25316066973739,-3.174860034906274,0.00037649854991408965,0.0003692647908590581,1.0033193925616921,1.003280043590545,1.0033193925616921,1.0032800435905451,0.0,1.2247044663976837e-20
2872,17,5.144874572753906,1.461516272622661,1.0868139540340187,-3.2838280294710933,-3.2926418401333435,0.00041070693967085485,0.0003715329097828925,1.0031629551142132,1.0032050203232912,1.0031629551142132,1.0032050203232914,0.0,5.990719318140915e-21
2873,17,5.526410102844238,1.025328106240951,0.6510540924008924,-3.422917644619704,-3.31372474158754,0.00036610407129779424,0.0003382749969724016,1.0031414907025704,1.0031371488952316,1.0031414907025704,1.0031371488952319,0.0,8.725131893789655e-22
2874,17,5.519134044647217,-0.23933948723149898,0.034488876998088946,-3.223089309557963,-3.248737098640821,0.0002637308825056938,0.0002828607252350291,1.0030521668988208,1.0030840335433346,1.003052166898821,1.0030840335433346,0.0,-2.7681300570102097e-21
2875,17,5.667308330535889,-0.8767572192486769,-0.48836557106279854,-3.1319630744209443,-3.142070841317944,0.00020078792542799212,0.00022980875707573735,1.0030369934090146,1.0030484004340727,1.0030369934090146,1.0030484004340727,0.0,-5.17327275250633e-21
2876,17,5.571494102478027,-0.897581381555818,-0.7358302983729683,-3.056599480846339,-3.037828389967081,0.00017835500248624607,0.0001971368052470637,1.0030329828264868,1.0030216809721442,1.0030329828264868,1.0030216809721442,0.0,-5.29854801839669e-21
2877,17,5.308712005615234,-0.6977279132038312,-0.6916313377604668,-2.8923231967543237,-2.9761732921966884,0.0001806166003075037,0.00019005515768251113,1.002993339818982,1.0029897891097181,1.002993339818982,1.002989789109718,-2.702416181250961e-20,2.926823513155672e-22
2878,17,5.302351951599121,-0.42866903185140576,-0.42635658525129283,-2.8983004356729376,-2.995528677571774,0.00018687578913491773,0.00020427369633437784,1.0029883776672133,1.0029417786362125,1.0029883776672133,1.0029417786362125,0.0,1.489898687016451e-20
2879,17,5.680208683013916,0.045190965570052845,-0.02641245742065744,-3.1544375405174474,-3.0988211279115205,0.0002661148441450475,0.00022920553654159827,1.002840265987693,1.0028728598291063,1.0028402659876927,1.0028728598291061,5.405657357693345e-20,3.1624482247232497e-20
2880,17,5.346070289611816,0.2620027512132082,0.4264117847953086,-3.2391598964473465,-3.2530654190403663,0.0002539930844640625,0.0002505479545554306,1.002803769731125,1.002791824060391,1.002803769731125,1.0027918240603908,5.405854092352506e-20,3.7983238836515724e-20
2881,17,5.453583240509033,1.188649435116085,0.8598214211507695,-3.4196999628856126,-3.4341861657528003,0.000249323488703268,0.00026503270161481665,1.0027002364363233,1.0027016753788083,1.0027002364363233,1.002701675378808,5.406412271023519e-20,2.9018593315849564e-20
2882,17,5.416670799255371,1.4217237624892038,1.179109339583609,-3.6714319704079097,-3.616742283200074,0.00029115575977096237,0.00027229780488530355,1.00262812818365,1.0026066752453033,1.00262812818365,1.0026066752453031,0.0,9.239570856979748e-21
2883,17,5.586549758911133,1.1979476151119353,1.4073165885778773,-3.782576440262294,-3.773845768078304,0.00028968191273760584,0.0002685625290072725,1.0024578492040188,1.0025134381789769,1.0024578492040188,1.0025134381789766,-5.4077195033506545e-20,-7.786189936813583e-21
2884,17,5.495085716247559,1.3567680695145385,1.6601166332835469,-3.9462521888094924,-3.89667024272121,0.00023205455523030085,0.0002568811230762003,1.0024852923378702,1.002431092314562,1.00248529233787,1.002431092314562,0.0,-1.3375923296954878e-20
2885,17,5.57070779800415,2.217810054783571,1.9782481234284162,-4.04428810294847,-3.9881223698606214,0.0002718186933140333,0.00024687381826968394,1.002341904371009,1.0023565748006134,1.002341904371009,1.0023565748006131,0.0,-1.3972972893234208e-20
2886,17,5.648159027099609,2.307627138359638,2.3027964377276224,-3.928139816094106,-4.073242153105745,0.00020398520495109522,0.00024364754898132396,1.0022726696029578,1.0022992124713572,1.0022726696029576,1.002299212471357,-2.704359316000811e-20,-1.42123364487507e-20
2887,17,5.354188442230225,2.699832296603847,2.6298646745082026,-4.2537714151566135,-4.187985423183291,0.0002770915297948511,0.00025527035367386573,1.002252120603495,1.0022657827699297,1.0022521206034951,1.0022657827699295,0.0,-1.3992509219808923e-20
2888,17,5.256610870361328,2.7262738804931277,2.983172271491906,-4.218675521046785,-4.33039583265049,0.0002485167747440846,0.00028057737912269413,1.0022309678081107,1.0022518489988204,1.0022309678081107,1.0022518489988204,0.0,-1.5113619235347303e-20
2889,17,5.675833702087402,3.1362498218445705,3.3886030990117235,-4.485830467891254,-4.499293872540826,0.0002946079042328857,0.0003197951407431825,1.0023067386473397,1.0022443095678157,1.0023067386473394,1.0022443095678157,-5.4085347862106904e-20,-1.4366033109650457e-20
2890,17,5.60378885269165,4.14690727028695,3.7686419798851203,-4.704152433160827,-4.659530054565238,0.0003984558107460296,0.00036188541339497054,1.002234327506382,1.002226881947247,1.002234327506382,1.002226881947247,0.0,-5.434611915066859e-21
2891,17,5.470995903015137,4.291875650155542,3.9715514782573296,-4.87252004531473,-4.765596934744532,0.00043122650322023967,0.00038775053123698893,1.0021996135418336,1.0022028041066777,1.0021996135418336,1.0022028041066775,0.0,6.5820768783202624e-21
2892,17,5.546395778656006,3.5915777059911704,3.9779282340721056,-4.751948666751984,-4.79478535580247,0.0003709133835247371,0.0003920770909855081,1.0021471291494186,1.0021827031464006,1.0021471291494186,1.0021827031464003,5.409396190186818e-20,1.4551144920372008e-20
2893,17,5.529947757720947,3.8544349069592654,3.8756866819812257,-4.774941252063005,-4.7606194848109205,0.0003594860397146004,0.00038550746677175416,1.0021822592053264,1.0021737673124587,1.0021822592053262,1.0021737673124584,0.0,1.2885949639461863e-20
2894,17,5.553704738616943,3.8161294092386764,3.6484257621648424,-4.764211564354051,-4.672485563310957,0.0003799236568527039,0.00037307135842087755,1.002222180527574,1.0021716980926154,1.002222180527574,1.0021716980926156,0.0,7.623741956557225e-21
2895,17,5.789339542388916,3.9672231523739776,3.254265552222214,-4.534923627677985,-4.548673993383486,0.0004167579735165955,0.00034985848690853523,1.0021062768128763,1.0021762962999965,1.0021062768128766,1.0021762962999967,0.0,3.150424982946565e-21
2896,17,5.513406753540039,2.303642374331898,2.7642505159403243,-4.311893413628978,-4.4382914739714225,0.00029205569088564106,0.000316559738928417,1.0021706796087968,1.0021992494653968,1.0021706796087968,1.002199249465397,0.0,-4.3701467868786516e-23
2897,17,5.36146879196167,1.809677243830065,2.4587546846952764,-4.348433557095151,-4.382988032898376,0.00023568856816933,0.0002943377083781698,1.0022814328636993,1.0022310902489586,1.0022814328636993,1.0022310902489586,0.0,-3.137489765848824e-21
2898,17,5.541828155517578,2.3154289846953344,2.46638535075805,-4.365910712067638,-4.377823604549746,0.0002471727003372773,0.000296602085007509,1.002271501093446,1.0022512878393837,1.0022715010934458,1.0022512878393837,0.0,-7.28611806819598e-21
2899,17,5.695669651031494,3.225474743482245,2.6430060557194386,-4.496893756828696,-4.3944461512473145,0.0003623490156647763,0.00031055542163777896,1.0022680896799592,1.002255772258492,1.0022680896799592,1.002255772258492,0.0,-1.1960003045023192e-20
2900,17,5.459794044494629,3.1948057920490345,2.7866872386940535,-4.455106895031701,-4.406036928694075,0.0003754917444354613,0.0003061013827557279,1.0022117355617335,1.0022525662959691,1.0022117355617335,1.0022525662959691,-5.409047479761429e-20,-1.2928001657094066e-20
2901,17,5.584461212158203,2.468189875381329,2.910087515017668,-4.351582856213246,-4.422828741985629,0.0002889179793155654,0.00027200180112346554,1.0022215746130902,1.0022520144204652,1.0022215746130902,1.0022520144204652,0.0,-4.867897353323936e-21
2902,17,5.653975963592529,2.6088408915970067,3.1750739636641767,-4.3334160642117725,-4.474162675387282,0.00012200194033382095,0.0002261706409568998,1.0023046193931642,1.002249136213754,1.0023046193931642,1.002249136213754,2.7042731109578353e-20,5.026170799955134e-21
2903,17,6.384795188903809,4.133378494476878,3.583282071381912,-4.725684803717457,-4.558025686694629,0.00022788017605660166,0.00018938873909360286,1.0022968873665425,1.0022299346628551,1.0022968873665425,1.0022299346628551,0.0,9.53720928163408e-21
2904,17,6.437337398529053,4.640699265499321,3.954237516948929,-4.716713368737065,-4.632774795402198,0.00022477938092511243,0.00015225056438650773,1.0020899459975343,1.0022015203252987,1.0020899459975343,1.0022015203252987,2.7048524356918658e-20,8.424431661505069e-21
2905,17,5.9933929443359375,3.925199259028789,4.285340768697072,-4.650418532310319,-4.7038957482191135,8.907012873848229e-05,0.00011433860092248534,1.0021710354239617,1.0021878331625798,1.0021710354239617,1.0021878331625798,-1.3523167879558105e-20,1.7463948058491444e-21
2906,17,5.715373992919922,3.9064010446313313,4.801058843133967,-4.623641337884654,-4.811707577878074,8.057676342469767e-07,9.872593932514611e-05,1.0021500166435264,1.00218202773183,1.0021500166435264,1.00218202773183,-1.0565196492378015e-22,-6.62880419993157e-21
2907,17,6.46903657913208,5.187521635319838,5.5891372149049765,-4.9576657429401525,-4.970269837561515,4.0046938094887655e-05,0.00011788172504372243,1.0023248331940369,1.0021605350558556,1.0023248331940369,1.0021605350558556,0.0,-1.577201162669598e-20
2908,17,6.44118070602417,7.686953243839235,6.381620579802274,-5.410123849801171,-5.126223808732554,0.0003220980348660309,0.00014386076549627286,1.002114947587565,1.002100579951314,1.002114947587565,1.002100579951314,-5.4095699056058965e-20,-2.2608571839417743e-20
2909,17,5.84510612487793,7.58000856194244,6.813575748128938,-5.263927158376082,-5.228809947477722,0.000228149684112392,0.00013035480050985573,1.0019343615738003,1.002028752129127,1.0019343615738003,1.002028752129127,-2.7052724561279668e-20,-2.1083500198826437e-20
2910,17,6.3035783767700195,6.30821086049067,6.956831330680526,-5.128032142785281,-5.317305242408968,-4.065947646655891e-06,8.835257944993192e-05,1.001946234835995,1.0019811178734945,1.001946234835995,1.0019811178734945,-8.453876244097549e-22,-1.4183939349783752e-20
2911,17,5.9748921394348145,6.277866723999129,7.183947416000233,-5.296739571211649,-5.44963227055627,-4.779150767011599e-05,6.73638692458482e-05,1.0019351627330695,1.0019612891496925,1.0019351627330695,1.0019612891496925,-6.763175732399863e-21,-8.243486321556991e-21
2912,17,6.304811954498291,7.593778744285987,7.6532012125285185,-5.797260695525653,-5.614792385605488,8.34440625933263e-05,8.656082020557181e-05,1.0020481464419182,1.0019521052426394,1.0020481464419182,1.0019521052426394,0.0,-5.774487846627902e-21
2913,17,6.268051624298096,8.846600699922675,8.174640107799963,-5.818289555721319,-5.7518712901263545,0.00017754212808497184,0.00012042273585327716,1.0019262018575463,1.0019327684768176,1.0019262018575463,1.0019327684768176,0.0,-7.310562088504443e-21
2914,17,5.764074325561523,8.703209226668521,8.519408925537627,-5.849868756140024,-5.850140955110649,0.0002138381701937135,0.00013765039465391495,1.0018502273759626,1.0019100144730135,1.0018502273759626,1.0019100144730138,-2.70549964171101e-20,-1.0876721356855416e-20
2915,17,5.725040912628174,8.34204006309649,8.68077229480901,-5.797160354344714,-5.934098092112555,7.283754484243427e-05,0.0001309582325783119,1.0019050023093339,1.0018911335226215,1.0019050023093337,1.0018911335226217,0.0,-1.3072268047773617e-20
2916,17,6.597888946533203,8.789126606200007,8.737421395649564,-6.145540380846791,-6.02208001418193,0.00012759108288805753,0.00011782498063561575,1.001961283845297,1.0018643760232087,1.001961283845297,1.0018643760232089,-2.7051997666132015e-20,-1.4163965396515248e-20
2917,17,6.782776832580566,8.933154981072292,8.675313643251013,-6.029754385099889,-6.096660282071565,8.947601769503695e-05,0.00010355838328624667,1.0017865893640248,1.0018250789106795,1.001786589364025,1.0018250789106795,-1.3528357536381579e-20,-1.2421600415015437e-20
2918,17,6.751612186431885,8.518310279326023,8.487763205717902,-6.167443113311181,-6.161901985766005,0.00011200275902547911,9.060027497743587e-05,1.0017094431737468,1.001796520139348,1.0017094431737465,1.001796520139348,0.0,-9.069871710371828e-21
2919,17,6.831006050109863,8.065498075727563,8.252206176170715,-6.2092414196246475,-6.211547009356015,6.817464675950949e-05,7.950855201591602e-05,1.0018218020898697,1.0017911929562187,1.0018218020898697,1.0017911929562187,-1.352788203231083e-20,-5.968835612173128e-21
2920,17,6.64362907409668,7.837645626507486,8.060748616028237,-6.210885035669551,-6.235790972301702,4.770505780096569e-05,7.540419202648446e-05,1.0018355851364888,1.0017946299334604,1.0018355851364888,1.0017946299334604,0.0,-2.8851263672368483e-21
2921,17,6.552451133728027,8.08967967444255,7.9346236739892255,-6.289300884940058,-6.222654116467434,0.0001026757474961935,7.950451365717004e-05,1.0017821590378397,1.0017981066761583,1.0017821590378397,1.0017981066761583,0.0,-9.522199507044765e-22
2922,17,6.522496223449707,8.072714580032699,7.824826710864476,-6.27409944851837,-6.15750406388974,0.00011060658841751311,8.549878261466363e-05,1.001770697689934,1.001806479444887,1.001770697689934,1.001806479444887,0.0,-9.177333445553639e-22
2923,17,6.376808166503906,7.421480104032217,7.732135356503139,-6.02813686783436,-6.053299837656915,6.825223528855619e-05,9.40259689779037e-05,1.001829028095772,1.0018200660419152,1.0018290280957722,1.0018200660419152,0.0,-2.9453414677109104e-21
2924,17,5.961150169372559,7.399236247253606,7.721458517049677,-5.807556537559408,-5.96212052769878,5.551187371017679e-05,0.00011323907156704716,1.0018536204404906,1.0018276220479985,1.0018536204404906,1.0018276220479987,0.0,-6.612612027682121e-21
2925,17,6.170841217041016,8.191916237652672,7.75379946252653,-5.963969238460658,-5.924685451355332,0.00018406240563923485,0.00014051514734954467,1.0019023566623873,1.0018200434201592,1.0019023566623875,1.0018200434201594,-2.70535887373616e-20,-9.9724256067066e-21
2926,17,6.018543243408203,8.23860824706266,7.696513669121364,-5.931777357859731,-5.932890516125764,0.00025318909531785405,0.00015601129084243567,1.0017219339848877,1.001803867865387,1.0017219339848877,1.001803867865387,0.0,-1.0065851229848599e-20
2927,17,6.416717052459717,7.108366409084443,7.573660905678237,-5.87329514047714,-5.9785239270436685,9.426963418775064e-05,0.0001568656234306385,1.0017396164195034,1.0018072867924284,1.0017396164195034,1.0018072867924284,-1.3528991899620896e-20,-8.014704120870818e-21
2928,17,6.4060378074646,6.776750365660707,7.582321818837779,-6.025253713017699,-6.047950420171071,8.135729169274828e-05,0.0001700731928049656,1.001865163254437,1.0018334011027847,1.0018651632544369,1.0018334011027847,0.0,-3.487158473892867e-21
2929,17,6.483738899230957,8.050944798215479,7.7557139544107745,-6.20815042193257,-6.092940553720029,0.00019272243524045773,0.00020406549908501856,1.001926683907584,1.0018601405786804,1.0019266839075842,1.0018601405786804,-2.705293186366292e-20,3.214217376572748e-21
2930,17,6.134424209594727,8.470321177422617,7.862856182119185,-6.2556924738763,-6.058924094899111,0.0003362414115590013,0.0002339031656844985,1.0018934897714744,1.0018752089872596,1.0018934897714744,1.0018752089872596,5.410765633045505e-20,1.0102756962650388e-20
2931,17,5.807325839996338,7.87379838448244,7.749779234260759,-5.913011019309513,-5.94088026128867,0.00025981140942823154,0.00023238204855046465,1.0018068642222349,1.0018908263095252,1.0018068642222349,1.0018908263095252,0.0,9.603826878136645e-21
2932,17,6.264967918395996,7.081831676266076,7.489039036872191,-5.651755340869558,-5.8031036680600785,0.00017067779905895767,0.0002062713420319681,1.0019211724387815,1.0019233046443186,1.0019211724387815,1.0019233046443186,0.0,5.034233632992135e-21
2933,17,5.969466686248779,7.183679625033333,7.210139899965547,-5.665967812722166,-5.704505934721642,0.0001458479877547749,0.00017667621431350405,1.0020140552724064,1.0019627289995676,1.0020140552724064,1.0019627289995676,0.0,-3.2819908909447722e-22
2934,17,5.955358505249023,7.183436439756807,6.922304467115601,-5.680030686115864,-5.650914784038728,0.00015255853562207714,0.00015324375062592116,1.0020184206089044,1.0019957799384334,1.0020184206089044,1.0019957799384334,0.0,-5.552159798551059e-21
2935,17,6.163788318634033,6.709696792119611,6.615249397550202,-5.65414248149224,-5.626138406341791,0.00019808476990844023,0.00013280059145479535,1.001914621283199,1.002027385876721,1.001914621283199,1.002027385876721,-2.7053257569415342e-20,-9.547787615393437e-21
2936,17,6.038272380828857,5.78963361923773,6.368537914630279,-5.616529614922663,-5.622516187821596,6.578716060278838e-05,0.00011464806302480875,1.002132614044277,1.00206498711673,1.002132614044277,1.00206498711673,0.0,-1.0793267430572253e-20
2937,17,6.333430290222168,6.290931105662874,6.2663798225564005,-5.63780196879678,-5.643161085922843,7.714413788652812e-05,0.00011485510502552254,1.0021372052689486,1.0020874502039467,1.0021372052689486,1.0020874502039467,-1.3523624394757049e-20,-1.201407731789908e-20
2938,17,6.352749347686768,6.433117166720274,6.216459135436188,-5.693142932204203,-5.691068223149838,0.0001485318726792458,0.00013602901143190988,1.00208336055238,1.0020903023198566,1.00208336055238,1.0020903023198566,0.0,-1.3977743041967234e-20
2939,17,5.9392290115356445,6.348192188139361,6.104604416594664,-5.6598535474432765,-5.767235308039424,0.00020092345593206775,0.0001660169552765191,1.0019731839668435,1.00208954574985,1.0019731839668438,1.00208954574985,-2.7051676378032232e-20,-1.596499580276937e-20
2940,17,6.195007801055908,5.203046010673576,5.906060586792938,-5.9127485041205885,-5.864192181062584,0.00013870768407950004,0.00019645030230061952,1.0022356565878066,1.0020934840183886,1.0022356565878066,1.0020934840183888,-2.7044591892109476e-20,-1.3900860261782394e-20
2941,17,5.833235263824463,6.033346969505273,5.636223056208183,-5.966710897919823,-5.943690178185498,0.00024712743843050596,0.00022667124290649162,1.002073806841337,1.0020834458221497,1.002073806841337,1.00208344582215,0.0,-7.25060168522653e-21
2942,17,5.973520755767822,5.849483935914315,5.139856280161004,-6.0267255344843695,-5.976055313701598,0.0002833551949796016,0.00024221965373023504,1.002051326436124,1.0020756093343406,1.002051326436124,1.0020756093343408,0.0,4.934029427441266e-23
2943,17,5.6608734130859375,4.417036408376746,4.3931699881078625,-5.928125737692528,-5.947079854985506,0.0002785895490742974,0.000234070310575818,1.0019887173770448,1.0020923056350906,1.0019887173770448,1.0020923056350906,0.0,5.3877714937302006e-21
2944,17,5.723769187927246,2.975454625416759,3.636032416902658,-5.937300968440233,-5.859231737582683,0.0001797391306956372,0.00021185198144379889,1.0021818986168753,1.002138637368778,1.0021818986168756,1.002138637368778,2.7046042589220234e-20,6.283099274804789e-21
2945,17,5.80170202255249,2.732425190907219,3.1190205234855757,-5.642113053319627,-5.719221651514172,0.00011206264900176877,0.0002006437672800084,1.002245705822504,1.002186928948641,1.002245705822504,1.002186928948641,0.0,1.747790558860635e-22
2946,17,5.734703063964844,3.2220786544335454,2.844931080063896,-5.602990831260107,-5.551639379316232,0.0002551478778226912,0.00021135747565468943,1.0022019155616821,1.0022200072333836,1.0022019155616821,1.0022200072333836,0.0,-9.104852205615223e-21
2947,17,5.517643451690674,2.9384394872740947,2.6663859075816916,-5.331762597863395,-5.366470209195638,0.0002607169348269703,0.0002268220617735556,1.0021825240756201,1.002242048990384,1.0021825240756201,1.002242048990384,-5.409205141975193e-20,-1.5316467187817333e-20
2948,17,5.730399131774902,2.05254643021814,2.5515726507358534,-5.193708317094754,-5.181397545129061,0.00020259457088097024,0.00023989720910560873,1.0023045613678676,1.0022510784313192,1.0023045613678676,1.0022510784313192,0.0,-1.2491673002613337e-20
2949,17,5.593759536743164,2.599337002434333,2.5500886463410906,-4.974055444476715,-5.007684251534885,0.00024247579658929743,0.00025537305793173903,1.0023014795073597,1.0022280250469215,1.00230147950736,1.0022280250469218,0.0,-5.918791888071913e-21
2950,17,5.45974588394165,3.122183535348303,2.5738672192088132,-4.911421714404648,-4.854929794515661,0.0003152160802637277,0.00026750485205884005,1.0021368024772195,1.0021725929865162,1.0021368024772195,1.0021725929865164,0.0,4.699523211789994e-22
2951,17,5.358012676239014,2.3943442093713743,2.5564592497013083,-4.631021087334865,-4.727292107212184,0.0002706366028199379,0.0002671954611338218,1.0020087880181483,1.0021104039267552,1.0020087880181483,1.0021104039267552,0.0,5.7095730464788695e-21
2952,17,5.353484153747559,2.119679659077895,2.6070296740798513,-4.630675896059343,-4.63700527789143,0.00022175382677416867,0.00026069058452954055,1.002091963084606,1.0020524491240224,1.002091963084606,1.0020524491240224,2.7048469911587496e-20,8.683468203635765e-21
2953,17,5.727822780609131,2.7567438062910927,2.784194013398546,-4.647427661983599,-4.567696115924394,0.00024150206598458788,0.00025611934750384267,1.0020582289499054,1.0019754027538235,1.0020582289499054,1.0019754027538235,0.0,7.854480622565357e-21
2954,17,5.7033514976501465,3.259646781498993,2.964160110573573,-4.566685456412699,-4.49919919058791,0.0002784682909737237,0.0002474104837444388,1.0018903766731013,1.0018675911569597,1.0018903766731013,1.0018675911569594,0.0,6.817929685165134e-21
2955,17,5.631654739379883,3.4428979311478862,2.996928507735704,-4.3678627598861235,-4.4427007144061985,0.00026419219911710806,0.00022291481404452526,1.0016485603608631,1.0017499289463394,1.0016485603608631,1.0017499289463394,0.0,7.580254849590067e-21
2956,17,5.469661712646484,2.520669520920448,2.8650660602547386,-4.43868771175085,-4.432056860484488,0.0001984596116051896,0.00018348320288538277,1.001648314461802,1.0016492650622755,1.001648314461802,1.0016492650622757,2.7060450180761788e-20,8.61433613100095e-21
2957,17,5.022560119628906,2.449244262777659,2.6949265214727656,-4.332543187224976,-4.482355192053734,5.911584964843374e-05,0.00014753699252265386,1.0015995288429724,1.0015605137971897,1.0015995288429727,1.0015605137971897,-6.765442058326649e-21,6.86370401443143e-21
2958,17,5.433269500732422,2.640219231968098,2.512058377900485,-4.641842291952367,-4.591516230271903,0.00012440140077924684,0.00013421096658209472,1.0015110329618964,1.001473266070655,1.0015110329618964,1.0014732660706547,2.706415947508474e-20,3.67128991256625e-21
2959,17,5.836347579956055,2.6651912572471095,2.237338332404622,-4.868212121600063,-4.709566217065671,0.0001981293160293082,0.00013195921732902548,1.001366634214216,1.0013939602970396,1.0013666342142158,1.0013939602970392,-2.7068062172260478e-20,-8.772014030821226e-22
2960,17,5.5543036460876465,1.84350588560533,1.8484155003284788,-4.800943816193773,-4.803367385327522,0.00014949920422657336,0.00012354116580775497,1.0012952814474296,1.0013430296190375,1.0012952814474294,1.0013430296190373,0.0,-2.1097390237294177e-21
2961,17,5.22898530960083,1.303839469108315,1.473238924278084,-4.846872457643131,-4.895699515362163,9.359514597291182e-05,0.00011468977996313344,1.0012872049333985,1.0013311732731243,1.0012872049333985,1.001331173273124,0.0,-1.7573568876323514e-21
2962,17,5.078256130218506,0.8722651267661036,1.2584576133271301,-4.9722027367768185,-5.017281031391623,5.8817946104039557e-05,0.00012342441749998976,1.001426363379634,1.0013470611035558,1.001426363379634,1.0013470611035555,6.766611930572439e-21,-2.8326984905833698e-21
2963,17,4.779276371002197,1.3511298543434545,1.2580377185275868,-5.220821778260574,-5.177827873139203,0.00018831804971605715,0.0001570037604022341,1.0013350504091134,1.0013671251480687,1.0013350504091136,1.0013671251480685,0.0,-6.724962059612074e-21
2964,17,4.711567401885986,1.3004634439658922,1.3845200019611672,-5.311782419797674,-5.370933328659625,0.00017532805319247645,0.00020106963651581841,1.0014266281420052,1.001388875419383,1.0014266281420054,1.001388875419383,-2.7066440566321778e-20,-1.0705970285597956e-20
2965,17,4.719671726226807,1.629648482974203,1.5425555329185658,-5.652368202376004,-5.596368494552449,0.00030408200571259615,0.00024455420021447577,1.0013875111650388,1.0014086322875977,1.0013875111650388,1.001408632287598,0.0,-1.026827021158235e-20
2966,17,4.825639724731445,1.5649271708466959,1.622593640989276,-5.69347776209293,-5.841404757743444,0.00023649068586668954,0.00027526817972039694,1.00142717624004,1.0014316006482202,1.0014271762400397,1.0014316006482202,-2.7066425752400986e-20,-5.299570557198557e-21
2967,17,5.361468315124512,1.7145027403014526,1.5338427017216363,-6.2111863481331575,-6.094977445551963,0.00029236266638724216,0.00029677485970208223,1.0014958677584704,1.0014583599609703,1.0014958677584704,1.00145835996097,0.0,4.598000461525888e-21
2968,17,5.212590217590332,1.724538832940204,1.1881247893049758,-6.395948128527734,-6.307964809612175,0.00035268238753143554,0.00030374896723986313,1.001493767004294,1.0014891886528703,1.001493767004294,1.0014891886528703,5.412925213347113e-20,1.2556179639296405e-20
2969,17,5.258883476257324,0.5497978202344503,0.6000630484142756,-6.425563154755281,-6.465220122690151,0.000335427836163319,0.00029011411521740924,1.0013972339221326,1.0015371552235715,1.0013972339221326,1.0015371552235715,0.0,1.178076605050119e-20
2970,17,4.706264495849609,-1.015943763245517,-0.0191992694656824,-6.537847927783068,-6.588507924677027,0.00016003741443292464,0.0002702342048663474,1.001735204267576,1.001608067126825,1.001735204267576,1.001608067126825,0.0,8.443934938488943e-21
2971,17,4.768820285797119,-0.10696237142899254,-0.5198335278691979,-6.730845676464848,-6.688952276873184,0.00026793100964031904,0.0002683097752121388,1.001680715946346,1.001671488466931,1.001680715946346,1.001671488466931,0.0,7.48993858609311e-21
2972,17,4.988195419311523,-0.4515256644556261,-1.0806177430243178,-6.8221679063490015,-6.759667005469856,0.0003091695354054094,0.0002724418389320569,1.0017406666649729,1.0017318822037191,1.0017406666649729,1.0017318822037191,0.0,9.111817377433589e-21
2973,17,4.715561389923096,-1.5196951552216524,-1.7663468315411843,-6.780138410176081,-6.809790784945567,0.00036412859558096483,0.0002638450646726246,1.0016062323874353,1.0018093401590016,1.0016062323874355,1.0018093401590018,5.412317422891792e-20,9.232831985538887e-21
2974,17,4.764216423034668,-3.3769421475723886,-2.3601778905245174,-6.833024918055981,-6.871616164130277,0.00017238370484579056,0.00024575011089509246,1.001996721077908,1.0019094881940909,1.001996721077908,1.001909488194091,-2.7051040928536252e-20,3.950959275900061e-21
2975,17,4.591521263122559,-3.200890735851365,-2.592046541829423,-6.905042158210809,-6.968728027744227,0.0001272674371459124,0.0002543513882642827,1.0021416660105893,1.0019729976808653,1.0021416660105893,1.0019729976808656,0.0,2.0305472922154586e-21
2976,17,4.797212600708008,-1.8934620584342077,-2.5920591512062288,-7.159027009725067,-7.102268278959419,0.0003168188096389248,0.0002968164310318586,1.0019818058929084,1.0019690660566893,1.0019818058929086,1.0019690660566898,0.0,4.935486401518163e-21
2977,17,4.476198673248291,-2.0182734695150564,-2.742500032628744,-7.292362337694703,-7.251643982704181,0.00045345434972189104,0.00032888798966230955,1.0018256294343875,1.0019377594452432,1.0018256294343875,1.0019377594452434,0.0,1.0146210961406266e-20
2978,17,4.668955326080322,-3.2653922356778944,-3.1631684993286417,-7.427278936922069,-7.414603931187578,0.00034696547391804453,0.0003133994064437069,1.0018757030651415,1.0019287902924194,1.0018757030651415,1.0019287902924197,5.41086169256572e-20,1.2241757828724357e-20
2979,17,5.396538257598877,-4.051191291163265,-3.651735423154963,-7.50056412471546,-7.610255531077367,0.0002252293271654759,0.0002642426254272857,1.0019780019805973,1.0019465919328316,1.0019780019805973,1.0019465919328316,0.0,5.403697399125248e-21
2980,17,5.084985733032227,-4.188307244947873,-4.00986597278779,-7.814305855655988,-7.856773735567868,0.00017345880220647448,0.0002157632896103048,1.0020120424434806,1.0019685457062926,1.0020120424434806,1.0019685457062926,-2.7050627301883446e-20,-2.3475903547210116e-21
2981,17,5.100183010101318,-4.152721759857406,-4.199922384195239,-8.181495677744486,-8.132484796849793,0.0001815674117235765,0.00018839958476879506,1.0020020096845244,1.0019816837171083,1.0020020096845244,1.0019816837171083,0.0,-3.179378641122302e-21
2982,17,5.291525840759277,-4.208567778681514,-4.276516533773966,-8.394619733514014,-8.395816649423063,0.00021127239608573065,0.00018387801608727613,1.0018716321210472,1.0019926991560129,1.0018716321210472,1.0019926991560129,0.0,1.917564789366965e-21
2983,17,5.050190448760986,-4.815891248016391,-4.287547407092312,-8.576779993977983,-8.618501667794218,0.00013711069320781035,0.00020018897467226912,1.0020662646904168,1.0020088021812048,1.002066264690417,1.002008802181205,0.0,1.0738131063262089e-20
2984,17,5.123770236968994,-4.03244842684158,-4.299829999594862,-8.891009476861301,-8.772480952158528,0.00021607790580989263,0.00023859342067306618,1.002156306891348,1.00200246891339,1.0021563068913477,1.0020024689133902,2.7046733254831773e-20,1.9754554359651112e-20
2985,17,5.214312553405762,-3.6214605840616483,-4.536484045278943,-8.889173775022009,-8.82527852352821,0.00034613074386039054,0.0002786018915203632,1.0019076704197403,1.0019693613565042,1.0019076704197403,1.0019693613565042,5.4106890509745656e-20,2.2141187152917683e-20
2986,17,5.396008491516113,-5.057070267663027,-5.094716399125219,-8.820613589329882,-8.7875944462108,0.00038911648795499207,0.0002921774106269424,1.001775231655237,1.0019584757570275,1.001775231655237,1.0019584757570272,0.0,1.5434287074397213e-20
2987,17,5.432986259460449,-6.377374631864819,-5.728951743037467,-8.618422155067819,-8.705349577899641,0.00020486497403134822,0.00028090126816600856,1.0020150662184129,1.0019953168785396,1.0020150662184129,1.0019953168785396,0.0,7.542949659546455e-21
2988,17,5.148326873779297,-6.576441809350416,-6.156669861732772,-8.602196952723077,-8.633848057956396,0.00021931861832101343,0.0002787041926605961,1.002223478549371,1.0020394373476804,1.002223478549371,1.0020394373476806,0.0,3.252731987230868e-21
2989,17,4.986935138702393,-5.953802954957955,-6.348341768861348,-8.61136471321041,-8.598996231975967,0.0003174740870180471,0.00029683025624374225,1.0020449130335787,1.002057508815524,1.0020449130335787,1.0020575088155241,0.0,3.1990106925958595e-21
2990,17,4.7459025382995605,-6.265327488790422,-6.44052307032961,-8.530785971635858,-8.609421699555378,0.00038657838752730126,0.0003212524089236868,1.0018834916197523,1.0020807687498068,1.001883491619752,1.0020807687498068,0.0,5.964666072004355e-21
2991,17,4.815637111663818,-7.0155073725213075,-6.451142838987409,-8.602928459535116,-8.66826469459967,0.0002715034897211215,0.000345969377157702,1.0021681079006013,1.0021341904466936,1.0021681079006013,1.0021341904466936,0.0,8.181572217608748e-21
2992,17,4.939059257507324,-6.42204968746395,-6.350643202925609,-8.875469131548138,-8.74548571702101,0.0003505900952068751,0.00038372235203002207,1.0023753366453085,1.002173405604999,1.0023753366453085,1.0021734056049987,5.4081646507487367e-20,3.310282434150902e-21
2993,17,4.819638252258301,-5.868120067517314,-6.302505761340933,-8.849920880776748,-8.792021129989587,0.0004324561825066831,0.0004234917020361896,1.0022033432888957,1.002166304314633,1.0022033432888957,1.0021663043146327,0.0,-1.416170673107201e-20
2994,17,5.359274387359619,-5.602090067174297,-6.507214085253529,-8.784213035040658,-8.80423936470114,0.0005700687630354678,0.000436629891417073,1.0019147453462556,1.0021587602837663,1.0019147453462556,1.002158760283766,-1.0821301687807887e-19,-3.120378038291761e-20
2995,17,5.123437881469727,-7.383268925018674,-6.938574304761924,-8.790377485135906,-8.809096813529813,0.00039955867467542734,0.0004061460845834154,1.0021825829853839,1.0022070312137572,1.0021825829853839,1.0022070312137572,0.0,-3.177008250389353e-20
2996,17,4.9659342765808105,-7.832763677655856,-7.261460905365849,-8.802166989419971,-8.830280396347876,0.0003282229539215903,0.00036079387417154774,1.0023208411946747,1.0022853351918588,1.0023208411946747,1.002285335191859,-5.408458688703084e-20,-2.2043100508365785e-20
2997,17,4.883204460144043,-8.03289395827373,-7.269105512246562,-8.789112144773725,-8.880757739711695,0.00023824050009980732,0.00033552859733350284,1.0024423468470454,1.0023417006654833,1.0024423468470454,1.0023417006654836,0.0,-6.531472906760152e-21
2998,17,4.854660511016846,-6.762385507771884,-7.063685627490512,-8.955193085276116,-8.953750289114316,0.00028229198873837405,0.00034453674698459315,1.002486334064261,1.0023435580029576,1.002486334064261,1.0023435580029578,5.4075658472567537e-20,2.2716852302020544e-21
2999,17,4.688837051391602,-5.650460460066266,-7.043309465824777,-9.217631623204419,-9.007445137699229,0.000543349090940752,0.00035887181350521954,1.002187826858491,1.002310125585944,1.002187826858491,1.0023101255859441,0.0,-4.0013605064349586e-21
3000,17,5.4724931716918945,-7.443445226236646,-7.439945437525401,-8.936620323121366,-9.011465312566996,0.0003601586250666018,0.00033541515032052614,1.00213868969579,1.002309532683887,1.00213868969579,1.0023095326838871,-5.409441745107285e-20,-1.425128573009303e-20
3001,17,5.056873321533203,-8.670862127505451,-7.952927476868399,-8.976560887338744,-9.005603039847848,0.00022683457272863037,0.0002945904513768357,1.0024245790412258,1.0023638217241415,1.0024245790412258,1.0023638217241417,-2.703949491947053e-20,-1.4657596904998062e-20
3002,17,5.041468143463135,-8.872519722751813,-8.219226041954625,-8.95163321031738,-9.02092508585206,0.0001716394343741183,0.00027598791683451244,1.0025211974766017,1.002431577986067,1.0025211974766017,1.002431577986067,0.0,-5.5734213399286005e-21
3003,17,4.893028736114502,-7.835326709793129,-8.185295082447148,-9.138170443685663,-9.065909627718428,0.00033003753467059804,0.0002883570445071179,1.0025234201887787,1.0024861482273995,1.002523420188779,1.0024861482273995,0.0,5.4317197324646544e-21
3004,17,4.868259429931641,-7.649670364846786,-8.058853498304778,-9.114167542671279,-9.128583854602724,0.000376639981567933,0.0003015641888279768,1.0024126828851059,1.0025410061115718,1.0024126828851059,1.0025410061115718,5.407963162262648e-20,1.1176555357292841e-20
3005,17,4.632972717285156,-8.295532972056485,-7.943796062456241,-9.158648336757404,-9.215344194896858,0.0002692690708625508,0.0002978616287191414,1.0026315581852234,1.002619317484949,1.0026315581852234,1.0026193174849491,0.0,6.864141332871289e-21
3006,17,4.701612949371338,-7.7963527861069295,-7.798864774417557,-9.32366750077992,-9.328697528287462,0.0002573292475071428,0.0002874095610408667,1.002768463777164,1.002702865452915,1.0027684637771643,1.0027028654529153,-5.406044424261214e-20,1.9062110247180287e-21
3007,17,4.623058319091797,-7.4772623166321015,-7.674524253832974,-9.524469697587866,-9.448698629281383,0.0003132546484082682,0.00027389756303295,1.0027923909675676,1.0027723995732696,1.0027923909675676,1.0027723995732696,5.4059154330009765e-20,1.9604330033176686e-21
3008,17,4.666841506958008,-7.439895244689998,-7.634416273214859,-9.49828691951111,-9.555325781597977,0.00025780063436600957,0.00025108751946552213,1.0027444118779747,1.0028354157474906,1.0027444118779747,1.0028354157474906,0.0,-3.4868563798498625e-21
3009,17,4.507808208465576,-8.030372201565472,-7.6521279532542374,-9.677426752709401,-9.650612837268932,0.00020907302684420185,0.00022501341611022853,1.0029316036187883,1.002904386668959,1.0029316036187885,1.002904386668959,-2.70258253048731e-20,-1.0660400206525457e-20
3010,17,4.960649490356445,-7.756085720585803,-7.647365186611468,-9.76115466674311,-9.725232668918109,0.000170770458939017,0.00020627701927797181,1.0030624221451776,1.0029629974814742,1.0030624221451778,1.0029629974814744,-2.7022300620304338e-20,-1.1266365615350145e-20
3011,17,4.816448211669922,-7.429177025589283,-7.671617104173621,-9.783591344223144,-9.777760620421153,0.00021834800047667736,0.0001970547956097476,1.0029948310683297,1.0030055126335897,1.0029948310683299,1.0030055126335902,0.0,-4.1393637172061906e-21
3012,17,4.776379585266113,-7.445639747792217,-7.82807162168707,-9.800244071115122,-9.822488373146106,0.00022165077282533215,0.00018739240235188067,1.0030011170164363,1.003062945374732,1.0030011170164366,1.0030629453747324,0.0,5.16768136646679e-21
3013,17,4.654159069061279,-7.982987248624771,-8.10809980649708,-9.800540047225525,-9.87697528627278,0.00022144820580563885,0.00017491964094421973,1.0030045851116518,1.0031657057368966,1.0030045851116518,1.0031657057368968,2.7023858828242892e-20,1.0727644075237529e-20
3014,17,4.75383186340332,-9.00874256216345,-8.332161593885049,-9.83453427695992,-9.944325529942285,6.565370803947466e-05,0.0001757572026156135,1.0033259055602477,1.0033062909965467,1.0033259055602477,1.0033062909965467,1.3507602146982543e-20,6.608257818819004e-21
3015,17,5.155724048614502,-9.130766942043337,-8.301734415037307,-10.169146457350976,-9.987869790427471,0.00012760027672623403,0.00021613406851641662,1.0037512427176614,1.003414670560069,1.0037512427176614,1.003414670560069,0.0,-7.025309485317446e-21
3016,17,5.211925029754639,-7.261880434840097,-8.123173923509098,-10.013544700012654,-9.940088088026735,0.000322304470135176,0.00027907905865005503,1.0034802146680322,1.003442454960342,1.0034802146680322,1.003442454960342,0.0,-2.5421763952485324e-20
3017,17,5.175005912780762,-6.86171908643662,-8.177572311083619,-9.953488014840806,-9.792900717730802,0.000536088001653797,0.0003106514575052444,1.0030965776350516,1.003463259362771,1.0030965776350516,1.003463259362771,-1.0808552203833366e-19,-3.8568317586314714e-20
3018,17,4.846767902374268,-9.201630932026376,-8.50615316573315,-9.46184631360582,-9.593301736131492,0.00024080265111193767,0.0002837145569167677,1.0035167509144227,1.0035611945426666,1.0035167509144227,1.0035611945426666,-2.7010066635598253e-20,-3.308182562457575e-20
3019,17,4.883240699768066,-9.764773323530122,-8.68141816362624,-9.272430787195127,-9.438585623932683,0.00012148786477572589,0.0002492364299100851,1.0038411730855556,1.0036924523673594,1.0038411730855554,1.0036924523673592,0.0,-1.695525954970873e-20
3020,17,4.639349937438965,-8.444669448195352,-8.50715742712977,-9.413419447184697,-9.378128861261011,0.00021627734609683488,0.00025099571682524614,1.0039395277119245,1.0037787778516472,1.0039395277119245,1.003778777851647,0.0,-5.268732570461639e-22
3021,17,4.704359531402588,-7.62710926722236,-8.229945568791104,-9.386455712700148,-9.393526359172876,0.0003299440625054923,0.00028021471291126614,1.0037151507006021,1.0038056376986673,1.0037151507006021,1.0038056376986673,0.0,1.2501778062361413e-20
3022,17,4.473886489868164,-7.891944884161207,-8.115448237533808,-9.435749917245948,-9.46380331569962,0.00032994002088360504,0.00030856452385379595,1.0037503406005595,1.0038222292784267,1.0037503406005595,1.003822229278427,5.40075618722485e-20,1.8999127887860558e-20
3023,17,4.623022079467773,-8.346643362819282,-8.184226219541028,-9.57906537430499,-9.566038614654488,0.0003539311855115714,0.000324569262227159,1.003805777124147,1.003852928781131,1.0038057771241469,1.003852928781131,0.0,1.459407480861954e-20
3024,17,4.546818256378174,-8.791566006033825,-8.33409319737345,-9.626331299853371,-9.667452174549346,0.0002319177929267723,0.00033187734362109204,1.00406279256275,1.0038829243635425,1.00406279256275,1.0038829243635425,0.0,5.43679552915538e-21
3025,17,4.478292942047119,-7.903091998375972,-8.543643124176832,-9.795191443158187,-9.733637794729127,0.0003842092825596375,0.0003376498668509298,1.003839717850595,1.0038900606424643,1.003839717850595,1.0038900606424643,0.0,-4.911838104986332e-21
3026,17,4.469976425170898,-8.666487302657185,-8.915441706283094,-9.792897414730097,-9.721939638058512,0.00040835049322089835,0.0003192273484467859,1.0037685784569756,1.0039094611853523,1.0037685784569759,1.0039094611853523,0.0,-1.5772220535213312e-20
3027,17,4.383358955383301,-9.70962734702155,-9.333526552324784,-9.753384118711566,-9.615327237955249,0.0002505090666281191,0.00027028202217027614,1.0040411813097412,1.0039610706659226,1.0040411813097412,1.0039610706659226,-5.3991917496411633e-20,-2.3680274679079783e-20
3028,17,4.480091094970703,-9.795701634695689,-9.565343944912117,-9.398754028015372,-9.441735871628286,0.00018728004741661405,0.00022003185485165372,1.0040331395237663,1.004015373122117,1.0040331395237663,1.004015373122117,-2.699617497186806e-20,-2.169942572084797e-20
3029,17,4.6338605880737305,-9.502963390804183,-9.517398942535328,-9.141407974652822,-9.28338692875776,0.00017650779687070604,0.000195525999375798,1.0040395003950147,1.0040614188216404,1.0040395003950144,1.0040614188216404,0.0,-1.3268737277603833e-20
3030,17,4.521664619445801,-9.316493082002875,-9.215495612275923,-9.088971016309456,-9.206522039517461,0.00017579196021823225,0.0002080821993256629,1.0040797213109949,1.004100342428082,1.0040797213109949,1.004100342428082,0.0,-5.416784593752314e-21
3031,17,4.551219940185547,-8.745335680485478,-8.710843558881534,-9.289386361102572,-9.210691017079633,0.0002527525779673732,0.0002560550875395396,1.0042148957995436,1.0041250165008513,1.0042148957995436,1.0041250165008513,0.0,-3.169050442228116e-22
3032,17,4.53790283203125,-7.884843367844549,-8.093805143842426,-9.290094646595259,-9.24631514498695,0.0003601998616015465,0.0003238348107557097,1.0040709279968978,1.0041269708281688,1.0040709279968978,1.0041269708281688,0.0,3.098560210473276e-21
