frame,n_inliers,flow_err,raw_tx,smoothed_tx,raw_ty,smoothed_ty,raw_theta,smoothed_theta,raw_scale_x,smoothed_scale_x,raw_scale_y,smoothed_scale_y,raw_shear,smoothed_shear
0,17,0.0,0.0,0.14871609832721022,0.0,-0.029865825764569223,0.0,6.198563608011135e-05,1.0,1.0000343301461967,1.0,0.9998747622758598,0.0,8.129554662330647e-06
1,17,2.1710150241851807,0.38847516670399684,0.3407226952351117,0.060975249272094835,0.03564502755741504,7.752479367290382e-05,-2.2065542857551195e-05,1.0000647450290703,0.9999794798061908,0.9998073086397862,1.0000116178222878,7.551984514577214e-05,-8.72618126235071e-05
2,17,1.9597060680389404,0.9001601811327904,0.5342810567605212,0.04179979785927505,0.17442166796302877,-4.539422131065194e-05,-0.00020527924541939027,0.9998996695780462,0.9998677950654202,1.0000510244968257,1.0003264765387971,-0.00038434583131785095,-0.0002339086799618741
3,17,3.433572769165039,0.43384750665426525,0.6545748525569567,0.45869539515561997,0.41516758730168823,-0.0005595595922309844,-0.00047003843510687847,0.9996425987819051,0.9997201246013703,1.0008685662504389,1.000787764044605,-0.00040773643416686605,-0.00036070126582966677
4,17,3.690082550048828,0.49009253086961013,0.7905094552197398,0.6867983058235784,0.7285934115850174,-0.0009778956738757468,-0.0007170025497227964,0.9995930660567378,0.9995752992405591,1.001782923093162,1.0012115835112845,-0.0004656609156094514,-0.0004561721431974646
5,17,3.608490228652954,1.2548108040394885,0.95466900027356,1.0982429714240236,1.0828283782871877,-0.0007384315137246021,-0.00089034923610309,0.999396976176564,0.9994458034933053,1.0012045435219818,1.0014708931635232,-0.000275796784729924,-0.0005478515178299712
6,17,4.346938610076904,1.4565259041914516,1.0464109396655579,1.5370402156012666,1.4352541004427968,-0.0009253600785984446,-0.0010330525500065262,0.9993862633262267,0.9993382973262167,1.0014308270203653,1.0016498214852558,-0.0010070055950072048,-0.0006443486780998991
7,17,4.348304271697998,0.7042478921057117,1.0952138670515208,1.8187201756669118,1.7548662695215824,-0.0012511168967308448,-0.0011425542398559626,0.9992828298198148,0.9992459174220083,1.0019100209185055,1.0017612899380972,-0.0008702464028998874,-0.0006788846848186547
8,17,4.331691741943359,0.3890342948712805,1.2783884930081115,2.019454923855155,2.0564683482527526,-0.001485704193148781,-0.0011706137118253355,0.9989976128768807,0.9991783368058292,1.002344735251912,1.001722878346154,-0.00010693742709712405,-0.0007113208813883864
9,17,4.259493350982666,2.576584072513662,1.5812125882482917,2.2016591854397336,2.3849330287419344,-0.0008849089056199602,-0.001129305339339946,0.9992371465223777,0.9991465994703741,1.0012024684008831,1.0015459784696377,-0.0008199115456118818,-0.0008506189619444364
10,17,5.384688377380371,2.446408747144995,1.7118848016130936,2.861931632737715,2.7598324557815856,-0.0008481883666279749,-0.0011363161904316688,0.9992020988889774,0.9991057860756001,1.0007654299405515,1.0014574193746755,-0.0017661041705063164,-0.0009933577520971283
11,17,4.847208499908447,0.5492360084550725,1.7347464301007685,3.196367508614123,3.136467204688419,-0.0013986511401851975,-0.0012218194191322077,0.9989520009938093,0.9990364927931685,1.001791301520077,1.0015534468289315,-0.0007407072582898407,-0.0010333555001815046
12,17,5.200890064239502,1.453715591445914,1.9523900427586875,3.447183304054988,3.492871291741811,-0.0014162686881375338,-0.00131059347809225,0.9990026386607772,0.9989531148160973,1.0019464715284232,1.001683542690974,-0.0006491055209282929,-0.001098310417605938
13,17,5.1623406410217285,3.229533267557768,2.2625955072681814,3.792639294635258,3.8332432454987413,-0.001310085714206013,-0.0013753149675562269,0.998671043847505,0.9988522962089953,1.0017549434722122,1.001746167131651,-0.001059648845536298,-0.0012380917752639032
14,17,5.714807987213135,3.3667026266205307,2.368479951691572,4.191548904252009,4.1478018955985085,-0.0012796162305574847,-0.001435385989316744,0.9990587713881577,0.9987245247617902,1.0014306103059554,1.00175281298859,-0.0025120931989265943,-0.0013054357190838643
15,17,5.272517681121826,1.1728673742808822,2.3483028769227223,4.5240488655196325,4.412323798749627,-0.0016363700263059037,-0.001483830215564236,0.9985021056548055,0.9985292277241791,1.001910014822928,1.0017141574359354,-0.000883664688179162,-0.0011519010188081832
16,17,5.118502616882324,1.5562900571431935,2.5930506370661996,4.649894693158556,4.623116179127704,-0.0016264801052032736,-0.0014696544837552996,0.9981096598445472,0.998318193043066,1.001797765524817,1.0015520230125314,-0.0003512317272128083,-0.0009891584686067567
17,17,4.789087295532227,3.9557433554004295,3.0816459322899314,4.734174829525484,4.820846156689222,-0.0012984322174329525,-0.001395116755171577,0.9982295177874716,0.9981433104409532,1.0011339514602429,1.0012503817596308,-0.0010821484202666347,-0.0009807050136766732
18,17,5.055927276611328,4.33807714642392,3.4090415751897805,4.727879330065973,5.057326857946903,-0.001339706931232346,-0.0013215811493752774,0.9978990707882339,0.9979891684520247,1.001214264554986,1.000885267976499,-0.0010309262911782475,-0.001053635699106838
19,17,4.976902008056641,3.337989180045688,3.4757585880731083,5.556973064064061,5.326631876794414,-0.0010647048486778696,-0.0012908887796680396,0.9979993416756058,0.9978452892953877,0.9999439573772737,1.0005411032556624,-0.0015874583687644202,-0.0011139339025399645
20,17,5.030025482177734,2.711400172435285,3.5746596265141073,5.699089074080138,5.519824438896035,-0.0014482470706206562,-0.001322559148503882,0.9975954190150635,0.9976909548432412,1.0003757525250663,1.000354485788799,-0.0010271758126154528,-0.0011105774998962264
21,17,5.233970642089844,3.3617470351674124,3.955503348329086,5.788559127387969,5.596238774756532,-0.0012606345877711675,-0.0013688164599488695,0.9976012873188076,0.9975435897530653,0.9999572032514527,1.0002817020352317,-0.0005963010950077408,-0.0011505659443312728
22,17,5.131918907165527,5.1570837593768335,4.501104753337163,5.289318634272481,5.615185415598023,-0.0016187276598101377,-0.0013967667440434389,0.9973951116714849,0.9974056120066981,1.000888931739729,1.0002057680499095,-0.0014924027597588284,-0.0013055983014486497
23,17,5.353499412536621,5.7086586869014,4.870647132099547,5.586158058831314,5.6897147787103926,-0.0014053026798050883,-0.0013665669167428865,0.9971492284360444,0.9972900340340993,1.000159056805706,0.9999590954159397,-0.001542977627289334,-0.0014650707830569988
24,17,4.7457804679870605,4.6568526969720585,4.972075664633083,5.887028681456274,5.8271300462490485,-0.0011688470816011143,-0.0013096573882279362,0.997271279189679,0.9971991746405554,0.9992459289020638,0.9996011149413704,-0.001696409912070958,-0.0015422820302324642
25,17,4.669661045074463,4.561095317546968,5.027971313149364,6.004888634754332,5.976428618603183,-0.0013058894978427217,-0.0012773071777683667,0.9971978577880746,0.9970928983753752,0.999326303186906,0.9992869043373857,-0.0016138849555518903,-0.0015073051722058538
26,17,5.005862712860107,5.341335438263059,5.176044785504163,6.173464117190275,6.102002895939255,-0.0010961756061346447,-0.0012758179466320014,0.9969150952979267,0.9969546573494935,0.9986612498971534,0.9990638623609389,-0.0010966177731896493,-0.00140224220102901
27,17,5.169200420379639,5.511901725969792,5.370174489094162,6.179517321861419,6.190310188865909,-0.001383532675224756,-0.0012933477236959094,0.9967587285335399,0.9968091315847267,0.9990384780550196,0.998926172297117,-0.0013191716739263657,-0.0012949785501159983
28,17,5.065989017486572,5.544830723226699,5.592311021472501,6.112203851129759,6.254646576097809,-0.0014356034982279814,-0.001265168058729035,0.9967088872702521,0.9966722344236173,0.9991827330526485,0.9987394512653723,-0.0013331051126662398,-0.001157482688663727
29,17,4.7759575843811035,5.796749918608323,5.884002445428645,6.37213601446049,6.298378407888474,-0.0011959704029768758,-0.001156958032060636,0.996563729158005,0.9965421097492713,0.9984429721174167,0.9984116613191509,-0.0011834701509323827,-0.0009585789801232615
30,17,4.669966697692871,5.899096531224413,6.274597616209462,6.341439542586016,6.280658250368941,-0.0009729018029477998,-0.001005465960553757,0.9963801137873651,0.996427319918112,0.9979774971915881,0.9980186801088685,-0.0004346346478608147,-0.0007509924986333803
31,17,4.235307693481445,7.046073436531378,6.723687929225011,6.287226191168172,6.180259310487183,-0.0005955519227905026,-0.0008734634430385185,0.9963205535998957,0.9963431315346017,0.9970774981802909,0.9976827550778681,-0.0003286460062091743,-0.0006550648777650123
32,17,4.44401741027832,7.366204183763495,7.07697072461563,5.923897738100469,6.014880841363042,-0.0008650027827051663,-0.0007889814627468777,0.9963284762416486,0.9962874326000822,0.9976419869123045,0.9974564639920647,-0.0009695339293524042,-0.0006652422264645682
33,17,4.8411126136779785,6.9069503258941705,7.295395084483625,5.795048213456517,5.839936682916395,-0.0009663933529448906,-0.000678551158656101,0.9962582470870819,0.9962490544434589,0.9976950602755638,0.9971758929949527,-0.0009561431310220428,-0.0006514521382933469
34,17,4.297983646392822,7.253045391788173,7.4434036074445284,5.647093426197546,5.683128241842811,-0.00048208842468344096,-0.0004963521648092782,0.9962148849748165,0.9962307795403804,0.996814555017068,0.9967351295632506,-0.00033505167433262506,-0.0005931155392764234
35,17,4.262827396392822,7.961529571960884,7.455316140667822,5.482898294015863,5.54422114561827,-0.0001525771735739456,-0.00030533533817197914,0.9960785370560381,0.9962409991336918,0.9960315803239759,0.9962388765931451,-6.830883184593535e-05,-0.0005826774297510787
36,17,4.892332077026367,7.919819144426479,7.206764325300962,5.3560378301155405,5.399546963466085,-0.00024497475222638466,-0.00017435479149304373,0.9964519369670283,0.9962675339608975,0.9959939254341653,0.9958486543382012,-0.0015147963341804334,-0.0005936749786882045
37,17,4.498280048370361,6.032328961966885,6.810746049592358,5.487310401831993,5.19492210579719,6.652213031988575e-05,-0.00011931969368707841,0.996295333072377,0.9962515622786912,0.9950445666633955,0.9956678638106383,-0.00026939670037506554,-0.00046239956667971206
38,17,4.313297271728516,6.0775498487267345,6.61021214204697,4.982421562811023,4.881908695104613,-0.00017004498952229982,-0.00014962905295967004,0.9962653777008047,0.9961886143347998,0.9957516111882942,0.9957743446126772,-0.00019925001767558668,-0.0002867005304113373
39,17,4.677402496337891,6.967904093646425,6.673298082973339,4.238169152534068,4.525889141557182,-0.0003425075914798126,-0.00021411034812127047,0.9959485429881701,0.996114079914368,0.9964363253636376,0.9960260314863787,-6.296448091789318e-06,-0.00016678531725288618
40,17,4.609192371368408,6.93440466236792,6.822069682056979,4.23836526336102,4.2310370657331235,-0.00018959307288090633,-0.0002637661330844459,0.9960553017157097,0.996081289827837,0.9961074825685332,0.9962519176884719,-7.344711054504687e-05,-0.00013743941562377536
41,17,4.546294212341309,6.902689689220665,6.945812190498847,4.069013412749026,4.007030768207156,-0.0003400092047188627,-0.00029143076671393135,0.9961454225489286,0.9960882280339263,0.9964899806013677,0.996414852361017,-0.00036745295112420933,-0.0001609807194502863
42,17,4.7322163581848145,7.074844265598869,6.997752938785735,3.7501215535166077,3.845779781843768,-0.0003146370639095719,-0.00027893078475803074,0.9961242730689839,0.9961135803110996,0.9966281252358629,0.9964690285783543,-0.0001557092502709164,-0.00018072179722214153
43,17,4.6823883056640625,7.054496255730452,6.9324877833823955,3.7026828353802834,3.7540461911965735,-0.00034603257849814074,-0.000222428377020464,0.9960769452944823,0.9961556901446483,0.9967109234635289,0.9963974839442519,-8.563095002185772e-05,-0.00020791616258864442
44,17,4.327754974365234,6.819614188330346,6.7396176552606475,3.8463085106395245,3.705027229509246,2.37077900319076e-05,-0.00014670954751907326,0.9962946369987058,0.9962148804076383,0.9958477154115413,0.9962762145290199,-0.0003701293033313988,-0.000252670826661479
45,17,4.573183059692383,6.197022080226429,6.467596259331577,3.7681286009792547,3.6578949375760645,-4.419100693682396e-05,-0.00010868150712726629,0.9963073725217028,0.9962713230429744,0.9960279375722165,0.996269213798219,-0.0002910478589414779,-0.0002894337545922264
46,17,4.700836181640625,6.048253933323128,6.181229262261967,3.4755952322241144,3.63046789012293,-0.00038708644172959184,-0.00010640255776111202,0.9962277717709576,0.9963313715731058,0.9969812548513072,0.9963854781614129,-0.00036336693645741856,-0.00032590858014219266
47,17,4.4841156005859375,6.043394912834918,5.841377677484796,3.6732222096248877,3.6803133179620975,3.1711637763576686e-05,-0.000123659454556086,0.996392203115456,0.9964127329215128,0.9962688476375173,0.9965590733283285,-0.0002344643009880793,-0.0003848451171044286
48,17,4.252810478210449,5.713482351804358,5.354517549527831,3.7511152706862294,3.8182693209532625,9.612969768513593e-05,-0.00022576757770544607,0.996569679539941,0.9964969305797511,0.9962967771614519,0.9968911944812644,-0.0002991733980997467,-0.0004887990247060467
49,17,4.972148895263672,4.59572293759922,4.723981406899285,3.9953960253907823,4.032127894953041,-0.0007701210435170693,-0.00041538979708396605,0.9965966352367337,0.9965553797135974,0.99808644837635,0.997373140235164,-0.0011186798175545029,-0.0005900026944923623
50,17,4.625061511993408,3.9654960106789208,4.096652687451632,4.329175861212852,4.280303240382476,-0.000466641996941711,-0.0005900394783052539,0.9966178634642766,0.996588836076158,0.997607859020618,0.9978068817940164,-0.0004062024879274398,-0.0006015520174111331
51,17,4.774954795837402,3.790154426198013,3.596123710052374,4.48043969934839,4.506320383727679,-0.0008893689784579904,-0.0007308456325984179,0.996549391443955,0.996622193583151,0.9984947363023358,0.9981720297055345,-0.0007169612892896075,-0.0005876275285581202
52,17,5.2352824211120605,2.6741192838588246,3.304182139102095,4.869143815235198,4.665991777684665,-0.0009443031957198459,-0.0008194625349118399,0.9965900196061369,0.996688046442802,0.9984717995376128,0.9984675576752462,-0.0005808462486600032,-0.0005993793360835132
53,17,5.417547225952148,2.8334936424976687,3.3061926956660326,4.895791134514975,4.727793282928803,-0.000507230930776913,-0.0008941462510981837,0.9968082109131307,0.9967869584922959,0.9979816634274187,0.9987908794776246,1.6452719002103692e-05,-0.0007151021774101664
54,17,5.438435077667236,4.499135559450403,3.4475373985887536,4.4600297947687295,4.742204427512149,-0.0010468293384392276,-0.0010176802679574615,0.997036237763902,0.9968809211108793,0.9995329326576025,0.9992012986373231,-0.0014425421687390256,-0.000956294126314463
55,17,5.165380001068115,3.814329267426525,3.4479065132558517,4.688268308725783,4.810336146439553,-0.0012128116713446436,-0.0011348075046191835,0.9968915771092677,0.9969438312075658,0.9996877921639904,0.9995120044057108,-0.0013352699230680448,-0.0011358140265740654
56,17,5.182432651519775,2.8376807469463654,3.374822485871144,4.991873669625985,4.941395681716823,-0.0012957088371071195,-0.0011740944630076898,0.9969279524098236,0.9969994497807144,0.999751738596304,0.999595112865339,-0.001205527030215807,-0.001186448897551097
57,17,5.240403652191162,2.7135410615099294,3.4655149788816955,5.082368964267998,5.082690922910246,-0.0012278475491367656,-0.001104200554819975,0.9971149645088296,0.9970603466994267,0.9996461817260688,0.9994254290580838,-0.0010567379371746817,-0.0011530616258733986
58,17,4.776041507720947,4.341441744024726,3.737982705352846,5.198497075674198,5.188405271162374,-0.0008497992508716586,-0.0009533762787945156,0.9970901770990375,0.9971144778538578,0.9989537966363703,0.9990663459959663,-0.0009580270922067778,-0.0010961393061593616
59,17,5.004016876220703,4.4334666601611605,3.9587187841201548,5.25050850087301,5.21789483449449,-0.0009131331959685748,-0.0007937207885421132,0.9971687125002234,0.9971602475850694,0.9989460002042008,0.9986608160921426,-0.0014116449383643702,-0.0010321695777293213
60,17,4.642984390258789,3.5410623807326793,4.088615635614225,5.350618639585352,5.136997466183401,-0.0004502972263890795,-0.0006812035681610052,0.9972421354793608,0.9971927606204085,0.9977129623781177,0.9983554096959448,-0.0008285047811663125,-0.0009530249213306602
61,17,4.468438148498535,4.118945012860706,4.26030969659483,4.9496463138504305,4.9434441915746445,-0.0005241973365601609,-0.000683494176392834,0.997156559720586,0.9972124213935676,0.9979986471023663,0.998328480225653,-0.000490100601058163,-0.0009605453023217127
62,17,4.754671573638916,4.91147964813438,4.435348919612964,4.563394538513983,4.716367648997638,-0.0008815612343177333,-0.0007797422751589594,0.997254151198261,0.9972332132572822,0.9988127361404223,0.9985184687319777,-0.0012738478710939687,-0.0011009135721611195
63,17,4.637073993682861,4.728151149538035,4.515819766524637,4.433238343269415,4.542885897241454,-0.0009293702063432009,-0.0008780864022665431,0.9972078806965794,0.9972547761996016,0.9988911278806356,0.9987093217266331,-0.001172427407320521,-0.001249918865799541
64,17,4.505772590637207,4.36443189583237,4.581942900669787,4.4155540619160565,4.445464258428154,-0.0010334921804803986,-0.0009133168371621252,0.9973548475009145,0.9972748434262191,0.9989676261033009,0.9987771941213169,-0.0017327768510982406,-0.0012950421200683144
65,17,4.407896995544434,4.302379512007893,4.81432112011039,4.4053025024581,4.3899632411181155,-0.0010211675947835517,-0.0008592489144167771,0.9973494958868733,0.9972833127636845,0.9989544480888296,0.9987087854569101,-0.0016393393819286181,-0.0011515516573953515
66,17,4.862151622772217,4.861783068370603,5.284692960393824,4.433432509012491,4.322604534784446,-0.0006865766761679818,-0.0007539443509643616,0.997081745873319,0.9973015706270326,0.9983737047480895,0.9986007593059953,-0.00010398735217222916,-0.000935083797859168
67,17,4.6772284507751465,6.351077032670134,5.81571835140356,4.2022876140960115,4.202471903908452,-0.00043736165135596595,-0.0007010307627393548,0.9974454831311501,0.997363483687528,0.9982190027529405,0.9986388539153184,-0.000684570835861671,-0.0009096896225705895
68,17,4.188532829284668,6.740483097273048,6.07984094124749,4.108112250945546,4.02966045350237,-0.0005330099516785699,-0.0007712112065027596,0.9973642838713557,0.9974380159676548,0.9984624003011524,0.9989124493527627,-0.000795479213711573,-0.0010675658666265114
69,17,4.086827278137207,5.84931225125176,5.969499233317848,3.7864119350859773,3.8215859315698832,-0.0012539011927450185,-0.0009105391879228825,0.9977163252758061,0.9974972815633081,0.9999667294111095,0.9992949886822655,-0.002177392943335274,-0.001218830590434232
70,17,4.122607231140137,5.388973608193854,5.666464265306914,3.585072084523274,3.6222093152606787,-0.000981556418647543,-0.0009832632196988683,0.9974800574820587,0.9975138257906854,0.9995316314706807,0.999514695196091,-0.0009838169685961805,-0.0011417038883661697
71,17,4.474360466003418,5.475746203207786,5.3425304886997695,3.3448366634855056,3.4658402399274393,-0.0010965015974789662,-0.0009632082325909436,0.9973218905431478,0.9975344234635345,0.9998694705624848,0.999517635336765,-0.0005802089363147331,-0.0009430990605463459
72,17,4.154524803161621,5.207072360958068,5.063585650854998,3.3503572460455366,3.3578964267608833,-0.0008372444179391898,-0.0008690257581068612,0.9977221876646832,0.9975942840165182,0.9992863386499884,0.9993538131147021,-0.0010950432722468212,-0.0007280373521070802
73,17,4.097202777862549,4.346226803973996,4.932018242467233,3.342047017496221,3.2546113744631238,-0.0007339951072506147,-0.0007656117003687075,0.9977214114596945,0.9976587722855199,0.9990286170568492,0.9991989299791514,-0.0006338996703767202,-0.000486887047673178
74,17,4.216620445251465,4.473211488816622,5.061106959105479,3.3183112760374343,3.1065313882219248,-0.0005254576073382699,-0.0007150016506281033,0.9975880580606917,0.9977285824966821,0.9986735869342177,0.9992190573588277,0.00045672996437855435,-0.0003311423502903641
75,17,4.1628851890563965,5.915239946286625,5.2961446585276395,2.8332858229936795,2.9173374427913465,-0.0007885981431817467,-0.0007459600277998595,0.9978003520583751,0.997827427007037,0.9996441695812539,0.999456242769918,-0.0003559398166970107,-0.0003891208684722178
76,17,4.125026702880859,6.011994539335668,5.261401346041877,2.6528093166020534,2.7717225239646175,-0.0007979586712045907,-0.0008161199863041875,0.9981027308379687,0.9979289601809558,0.9997933074989607,0.9997464307826447,-0.0010876136420070494,-0.0005001609570636031
77,17,4.4532999992370605,4.843768463780597,4.834310272597625,2.5136503669783368,2.730935443706054,-0.0010194569817489683,-0.0008796513101072087,0.997866869226223,0.9979997914378484,1.000373316393081,0.9999500933072485,-0.0003564894039032869,-0.00047234769103725966
78,17,4.395593643188477,3.986233249754432,4.240898032147559,2.9370422238790574,2.782285129739654,-0.0008539097752617037,-0.000900819206524953,0.9982231266045534,0.9980583667893701,0.9998093779372492,1.0000030401000677,-0.0006419513156420832,-0.00032558785494360583
79,17,4.413681507110596,3.3138926818747176,3.7590169173097836,2.889961153163492,2.835339675918027,-0.0009495439374529885,-0.0008897361004082201,0.9980193419596084,0.9981058116819834,1.0000720265051954,0.9999848278295921,4.770487202989523e-05,-0.0001227297296340225
80,17,4.214783191680908,3.352746590234803,3.530636846172033,2.868844213304397,2.84243600980207,-0.0008298341146986385,-0.0008575489363181666,0.997995932261839,0.998184436212286,0.9998663406793381,0.9999500713943001,0.0005617198707815621,-1.8245752016460076e-05
81,17,4.203968048095703,3.715623928667663,3.4908428447422106,2.793126395778892,2.793279586874002,-0.0007721106429778602,-0.0008307043663697011,0.9983975591369357,0.9983017317688572,0.9998336414747732,0.9999598576432556,-0.0002732309471147377,-7.735424652375298e-05
82,17,4.10391092300415,3.688955656866422,3.4868657953408975,2.712821353563288,2.692714493067666,-0.0008088512329868181,-0.000825091641370776,0.9985764554891771,0.9983944708711874,0.9999952925624475,1.000039496052742,-0.0006280410122120547,-0.00014718481184268197
83,17,4.09978723526001,3.410836555820075,3.454151700733308,2.588771017864478,2.549976531945604,-0.0008033638781979821,-0.0008300604945567252,0.9983556340066614,0.9984355346771869,1.000085812524926,1.000153952072222,0.0002047084905801245,-0.00014062676365485192
84,17,4.0946431159973145,3.62535124883209,3.4232316197186625,2.253841727421971,2.3857680229127327,-0.000853586903071004,-0.0008205497391203298,0.9983517657278362,0.9984693316491094,1.0004299532983536,1.0002325733713586,1.5743034043672385e-06,-0.00014117311746264028
85,17,4.242884635925293,3.360613521642037,3.4468855001728453,2.2292975664827206,2.22496036652335,-0.0008621335473468078,-0.0007628320144237599,0.998522638128341,0.9985156754622054,1.0003618173169386,1.0001932197013126,-0.0003280540749342125,-0.00013179753302464744
86,17,4.1768951416015625,3.277562728348426,3.643451402492727,2.192328918470169,2.0457139978432557,-0.0005777888960417149,-0.0006427713359068999,0.998705367175292,0.9985420205531724,0.9997762890202391,1.000039285077027,-0.00032979118238837357,-2.580738450541696e-05
87,17,4.392544746398926,3.543585580419616,4.083020669890102,1.9160613417905457,1.829133239098831,-0.0005947382732492803,-0.000480912091165799,0.9984520539781094,0.9985227452598243,0.9999965119705407,0.999832072032558,0.0004508212690630743,0.00017367405637940165
88,17,4.523537635803223,5.091201833006274,4.637181379107656,1.497339622987255,1.6209103561719436,-0.00027039922865470113,-0.0002930278731701587,0.99848916991375,0.9984887222796651,0.9996516793733933,0.999563727301696,0.0003887895130330745,0.00035460281802330266
89,17,4.471468448638916,5.696711955709051,4.982690648684691,1.296874766035634,1.5018582730059213,-9.170736641712167e-05,-0.00012916877600135772,0.9983121984468304,0.9984600352255227,0.9993706263452428,0.9992708884142375,0.0007205535361663925,0.0004827028962419529
90,17,4.093755722045898,5.2473542866603315,4.979736044943017,1.540049849584187,1.4962774193356212,7.03942881630929e-05,-3.819851992058799e-05,0.9986313859801624,0.9984366066204277,0.9987520806539889,0.9990472956522966,3.0172184050922782e-05,0.0005843035930227018
91,17,3.962902784347534,4.099794597985574,4.821189465571579,1.6683761156720684,1.5452095907899008,0.0001320438039071033,-4.252273900076645e-05,0.9984326223294115,0.9983823105542132,0.9985098352046246,0.9990033663097954,0.0008608494910268582,0.0007237475849319376
92,17,4.152162551879883,4.369910932476927,4.798865258617099,1.6097321239446933,1.599589046890716,-0.00031658412841251176,-0.00010214741343619146,0.9981968326598727,0.9983273181951884,0.9994698343904392,0.999096730395095,0.0011148056522115566,0.0007871943882561661
93,17,4.4375,5.28790883130974,4.907339550884803,1.588358486044183,1.6636767857328592,-0.0001846454871195431,-0.00011893309925071398,0.9980866866187675,0.9983277358506555,0.9993796881597601,0.9990994291873606,0.0011915003328167837,0.0006923629004054255
94,17,4.536416530609131,5.727071357266446,4.9417378287123155,1.6053143628551656,1.7506435335215913,-0.00023236036149758087,-6.598356570368378e-05,0.9986286190194698,0.9983721378500952,0.9994432120575271,0.9989043638702766,-0.0004927010084740995,0.0005423886070933667
95,17,3.9978322982788086,4.2639964908993555,4.870193845671206,2.104506059382658,1.8331887026345126,0.00028258185473016063,2.3245461630407103e-05,0.9985390810208745,0.9983704814075469,0.9978433851353924,0.9985942158396165,0.0004433137377257339,0.00056223878707015
96,17,4.536286354064941,4.224086404601515,4.926838584827204,1.8002908557016397,1.849824427150357,-1.5789381728155918e-05,7.307780276719829e-05,0.9980398713071995,0.9983212715829921,0.9985242053505375,0.9984033570901901,0.0014915482754504566,0.0006300918415257862
97,17,4.319594383239746,5.870185410974982,5.117362516201564,1.7747389175043795,1.826750048552986,0.00014179161444507354,8.529285033083948e-05,0.9982813788553495,0.9982863684020166,0.998256040921462,0.9983346011520893,0.0005160615269598235,0.0005618116431822522
98,17,4.331146240234375,5.414506406248602,5.200221418943684,1.7681476066292083,1.7934131333498964,5.343614753550681e-05,5.9469145568083476e-05,0.9984327247773616,0.9982398106358347,0.998417090416082,0.9983548302886025,-0.00011604822462302858,0.000475031242262315
99,17,4.253022193908691,4.825105401071101,5.172902121096458,1.8086284431664146,1.7527207187326606,1.0347587450959718e-05,7.713272327290301e-06,0.9981161161624884,0.9981459667131121,0.9984389265037282,0.9984183247129351,0.0006089576243926022,0.0004939466879655903
100,17,4.340184688568115,4.9594224113188945,5.151468357499964,1.7536863950279071,1.6984737709229787,-8.59998629159669e-05,-5.4566889133887494e-05,0.9979194211867735,0.998038507245188,0.9984938022637444,0.9984973497577283,0.0009011566029909641,0.0005268993110371673
101,17,4.617699146270752,5.660464298719153,5.122163557235418,1.5941536520769048,1.6484935557114773,-4.690677830749922e-05,-0.0001144865698721153,0.9980025508085906,0.9979467361337125,0.998517171562807,0.9985775100044123,0.000483649564131367,0.000505425186172608
102,17,4.698006629943848,5.30076137475355,5.015267090571261,1.6005811966297432,1.6416940043680701,-0.00017561210662964862,-0.00016454987351532458,0.9979167308556744,0.9978574536888858,0.9986738532343307,0.9986395117751031,8.772688651375748e-05,0.0005106990100418187
103,17,4.458156585693359,4.155370198869442,4.965826752793088,1.6836363583625793,1.6985705200708434,-0.00030325298997644777,-0.00017649814474748708,0.9977758837044903,0.9977720622563181,0.9988407479999636,0.99864477171943,0.0005074248352741956,0.0006127300578164295
104,17,4.892230987548828,4.685447100905158,5.18645023664386,1.91305652446111,1.8183392818968378,-0.0002984679477046358,-0.0001316831798494687,0.9976136447615379,0.9977189388402417,0.9987778380129754,0.9985798593392966,0.0009530844857456082,0.0007162311038103443
105,17,4.5079169273376465,5.88041660834627,5.569862121831918,2.0643388917722176,1.999372082921645,0.0001808668358169376,-7.441736568660439e-05,0.9976981956933438,0.9977238815457432,0.9979900674456386,0.9985249182025409,0.0010571113853636363,0.0006694974461300593
106,17,4.283196926116943,6.504092671623059,5.783721056682026,1.9568398904729256,2.278402221188948,-4.707106171050388e-06,-9.660641744082838e-05,0.997806972394717,0.9977731578785125,0.9987013115412239,0.9985993845090356,0.0003562382970509572,0.0004312532954983543
107,17,4.461711406707764,5.878919847816652,5.634006765760111,2.6231904250910416,2.6942205103778676,-0.00045438976412348424,-0.00020192385090977272,0.9978017323514531,0.9978373564691253,0.999298006268883,0.998752188274441,-0.00021553669155723767,0.00011755601671821017
108,17,3.956582546234131,4.677587402328015,5.2505767339267795,3.539325734921358,3.163421329859601,-1.4345460974545708e-06,-0.00035913594074975393,0.9980319164290089,0.9978941707987758,0.9979985426639528,0.9989720506779469,-4.208264628829455e-05,-0.0001790066179196611
109,17,4.36263370513916,4.565291458175654,4.866352152338194,3.4801774759539335,3.582563792743688,-0.0008097976663698693,-0.0005871323721862093,0.9978801655209649,0.9979247251908514,0.9998554282780701,0.9993649063914569,-0.00045548614645699064,-0.00048328665161081205
110,17,4.278177738189697,4.935680922875358,4.484679399152723,3.836426422964392,3.979015258976132,-0.0007681814365529396,-0.0008092439350057565,0.9978089558555583,0.9979565254915902,0.9998181406942706,0.999752668840692,-0.00047948493988800983,-0.0007949145747634938
111,17,4.609264850616455,4.587808297374153,3.982598591851011,4.353540830835024,4.364996014106329,-0.0009376890879587883,-0.0009934804061616656,0.9981052491597616,0.9979998690355179,0.999961844835184,1.000052290011627,-0.0014614972838332219,-0.001059867487735221
112,17,4.823181629180908,2.7886740126262106,3.434949356452289,4.833063133416017,4.688124604506379,-0.0013617029722141495,-0.0011080923799429072,0.9981385217269527,0.9980146841066437,1.0005887751726146,1.0002432219780755,-0.001591116401241382,-0.0011389282136834461
113,17,5.09850549697876,2.303239588326545,3.1228659953803026,5.013981381675343,4.891332115134449,-0.0012343200282577099,-0.0011197571760134316,0.9979016058727157,0.9979966233264583,1.000375667674132,1.0003089763972761,-0.0007870400813701153,-0.001050623353919031
114,17,4.526220798492432,3.6877540236879103,3.079524392663749,4.992439373482762,4.979190375933882,-0.0007034753654532884,-0.0010909991715476934,0.9979869809501237,0.9979870940584245,0.999687306773362,1.0003545300319086,-0.0005702644472572698,-0.0009893744521827187
115,17,4.786879539489746,3.557509225990899,3.0499158759396816,4.811855039614476,5.01334042303402,-0.0011872716214907078,-0.0011113470741372748,0.9978814536086067,0.99800539721675,1.00081309807256,1.0004775709892213,-0.001004560049528869,-0.0010593745149525802
116,17,4.778491497039795,2.6123561970669305,2.977607689552153,5.067688581716037,5.052900177746585,-0.001235505119467879,-0.001144128438748605,0.9981974142966792,0.9980513418325416,1.0007153488873213,1.000565520257383,-0.0016600510346769157,-0.0011821644786232444
117,17,4.624577045440674,2.459297536311701,3.0120686605181786,5.142828223250668,5.087035287051585,-0.0011956100379597397,-0.0011524606571200718,0.9980481649291263,0.9980932762398459,1.0005952099507822,1.000578461984918,-0.0010628241350746713,-0.0012639131408214918
118,17,4.719329833984375,3.5626368943172397,3.1663697473122534,5.11718655473953,5.09720980789724,-0.001142130282953575,-0.001143144391678901,0.9980697914276074,0.998136883392538,1.000557023907069,1.0005621572794634,-0.0011806437575451567,-0.0013595908930909653
119,17,4.743741035461426,3.557605013669918,3.2545058741438275,5.073551492484765,5.088424111130091,-0.001122280858717939,-0.0011468896257197231,0.9982138119792077,0.9981784318182263,1.0005472474192236,1.000581515030404,-0.0015359614828674812,-0.00147748084479506
120,17,4.178023815155029,3.257012323668973,3.210868067359393,4.986461685728194,5.076669753161665,-0.0011577021485326508,-0.001195759335981442,0.9983096737411643,0.9981889620297711,1.0006692876821046,1.0006980196538007,-0.0019398098142603978,-0.0015479548176196096
121,17,4.0842180252075195,2.894642710091128,3.119667202932315,5.183395965901101,5.0657527706730345,-0.001088498915585735,-0.0013091954155698624,0.998203989055448,0.998157759081002,1.0003967391850015,1.000957562273952,-0.0014276725271141295,-0.0015437579110038923
122,17,5.011272430419922,2.891239972518607,3.0884229032977166,5.018145370343353,5.03500559900694,-0.0016372692205981298,-0.0014685765201556315,0.9979138830834585,0.998127904684262,1.0016963972198396,1.0013378463222864,-0.0010989044590136855,-0.0015814981809667123
123,17,5.129667282104492,3.249998639071378,3.1248555828592046,4.9735070036754685,4.999057818450888,-0.001715918294094951,-0.0015813270712593686,0.99810512484677,0.998153009308955,1.0019531039898228,1.0016289667940612,-0.0017894413692063561,-0.0017279282374660927
124,17,5.070079803466797,3.1588296915074117,3.1564143658739714,4.9809328384997045,4.975725010296866,-0.001721557175138295,-0.001604723944323082,0.9983410506726498,0.9982115821255904,1.001976943401224,1.0017214426823307,-0.002304226979056839,-0.0018739595530642102
125,17,4.948637962341309,3.067515121430863,3.1369921116215433,5.1079794804699175,4.972892717940204,-0.0013719948983316836,-0.0015680208550435761,0.9982383186044081,0.9982579414900814,1.0012064566342198,1.0016726678830665,-0.0016928031917830596,-0.0019271167676100272
126,17,4.881381034851074,3.1321749951749056,3.026072327813498,4.901953957492034,5.0100125092409336,-0.0015407873411643822,-0.0015357574382628054,0.9983256346134864,0.9982858525015833,1.0016595776881612,1.0016164738253337,-0.0020106014448812797,-0.0019302565342107173
127,17,5.0418009757995605,3.0737170780986776,2.7681905481271305,4.893542283752483,5.145225914214272,-0.0016905042623858787,-0.00151369254199194,0.9982343425992869,0.998297012572605,1.0019982796708278,1.0015477103983026,-0.0019432793801266253,-0.0018880528977439975
128,17,5.312724590301514,2.234600294929829,2.3663948817455944,5.484669482340177,5.3880046517968045,-0.0014356252323015903,-0.0015075397048276316,0.9983824158298171,0.9983000646262015,1.0012853402546726,1.0014748645250309,-0.0019883621576766305,-0.0018179248538615779
129,17,4.915846824645996,1.8250737466424785,1.92922309919772,5.8146513154880894,5.6580604028499915,-0.0013348853181909775,-0.0015794077072624553,0.9982054439470113,0.9982922376685779,1.001050796638817,1.0015522987937682,-0.0013049682295518223,-0.0017784483555080078
130,17,4.914174556732178,1.7823588637709484,1.5376418619748335,5.877226299485282,5.900030741524543,-0.0015295756965884963,-0.0017605689185635318,0.9984120769987149,0.9982857534875581,1.0014411144557105,1.0018644564729873,-0.0018734084454248578,-0.0018493560214518873
131,17,5.783832550048828,0.9329904524532495,1.2460611823220078,6.23809203745163,6.1204649371173305,-0.0019647130915313627,-0.0019686913060765173,0.9981018960810683,0.9982802623277719,1.0021877233370955,1.002263665490668,-0.001584159617996912,-0.0019588142288664667
132,17,5.711566925048828,0.9568499457539996,1.1609331121840856,6.258697271150229,6.341376952184865,-0.002480286565844966,-0.0020172672176362026,0.9983497243823254,0.9982979675795315,1.0032218140187055,1.0024009525910385,-0.002584973119660043,-0.0019707076476370767
133,17,5.066750526428223,0.9351178546298745,1.2907905469184224,6.439488245580895,6.614549878736773,-0.0025085827388989777,-0.0017362072303635768,0.9984131438669122,0.9983180033416602,1.0033881714846438,1.00193260038924,-0.0025709426510165966,-0.001678778472593925
134,16,5.400960922241211,2.176570866581617,1.519859538322101,6.918777862573665,6.958762860719177,-0.0005631196857486568,-0.0011757797393532792,0.9983111964374178,0.998330300137655,0.9999480442443909,1.0009074539879141,-0.00042013305330936853,-0.001127173787993238
135,16,5.3754496574401855,2.227616487816634,1.643372073215784,7.304997295870125,7.321420266782461,-0.00030267201964999217,-0.000646187758032436,0.9982267014622476,0.998360877359341,0.9993117854394025,0.9998755468541756,-0.0001383274923307062,-0.0006669028345646631
136,16,5.2664408683776855,1.390545569635336,1.6822436783549273,7.819314209356566,7.620486032554775,-0.0001157130973834167,-0.00030183665857686133,0.9985049301323157,0.9984272272674891,0.9986813967265781,0.9991624237851799,-0.0005577141583088054,-0.00045865738212865046
137,16,5.007953643798828,1.0448003965580008,1.8735662698851774,7.842229850438618,7.781556111536538,-0.00038708148764651475,-0.00012296826095739644,0.9984396387779602,0.9985085936637057,0.9992427635903779,0.998797272447758,-0.0004541276277062997,-0.00044518113247240404
138,16,5.032301902770996,2.0447217726613287,2.3380972710701506,7.897196397263807,7.798314217352651,2.941521178543504e-06,-2.3933378966591522e-05,0.998577352738428,0.9985929080351108,0.9984976839179912,0.998645298487029,-0.00033706242333030154,-0.0005596715156155692
139,16,5.018395900726318,3.533348335780728,2.8738617116964993,7.672596078717597,7.708839009350653,4.101388481474446e-05,1.0614208873513663e-05,0.9987651292866129,0.9986502361116029,0.9986200094141342,0.9986683056186895,-0.0009833503580530115,-0.0007278963115198161
140,16,4.922486305236816,3.756465339052399,3.1677226842697945,7.488735717917314,7.585956182245325,6.815262925057245e-06,-1.4466603079976278e-05,0.9986888142508298,0.9986492960415406,0.9988451072455797,0.9988121898744247,-0.0010139177742226615,-0.0008238663525931771
141,16,5.443111896514893,3.0608268726422985,3.14998271957517,7.449670352061487,7.490537192916085,-6.285421030281538e-05,-8.024308418099462e-05,0.9985873620058482,0.9985988882866946,0.9990010340987465,0.9989973864710234,-0.0008573879809230064,-0.000803699265452299
142,16,5.265634059906006,2.6959397103325395,2.995303631283858,7.394493447525141,7.444692642097238,-0.00027445973706063427,-0.00015676432671522323,0.9985674355063381,0.9985296239795273,0.9993851014741316,0.9991516261554592,-0.000873177937019584,-0.0007124882136268189
143,16,5.320181846618652,2.6442910523717114,2.8749192926793263,7.421374736485422,7.44532386716918,-0.00024276223428277587,-0.00021628776653296832,0.9982650161929708,0.9984748058639424,0.999304703221396,0.9992254522278103,-0.00011292390239359513,-0.0006413235252892691
144,16,5.281170845031738,2.9026765556349132,2.8374565899230046,7.498616682272299,7.467894426133563,-0.0001610097857587188,-0.00026992653479551644,0.99857225423119,0.9984621644312682,0.9990758269188594,0.99925167810808,-0.0007985727229865663,-0.000695042117638665
145,16,5.476840972900391,2.926949798715078,2.83827953151738,7.58198115850629,7.47857197731835,-0.0003343757341100902,-0.00033804628950285306,0.9984442175342435,0.9984638011370359,0.9992100239209749,0.9992933345137062,-0.0008054515842300915,-0.00082962089063094
146,16,5.233505725860596,2.7715758627685285,2.842304829043483,7.4517451908630985,7.459739810832198,-0.0004826589764743036,-0.000407637931830258,0.9984465568625321,0.998468960177012,0.9994869085332878,0.9993563626791795,-0.0010654207457940245,-0.0009900327430988343
147,16,5.177746772766113,2.7052430294332774,2.842142415203835,7.460779716042842,7.4284605352697834,-0.00040877913960698836,-0.0004618133160931809,0.9984134476247887,0.9984677454369276,0.9992663285725814,0.9994166268133112,-0.000888253983207896,-0.0011280629069879173
148,16,5.538660049438477,3.209171860468931,2.8033022969104615,7.371522043589843,7.4100492380323395,-0.00046119211652209045,-0.0005034277624472168,0.9986150296687537,0.9984369993161194,0.9994294070377933,0.9994735048881326,-0.001519193745579737,-0.0011984895660635667
149,16,5.452446937561035,3.1478022855004655,2.6729145638253486,7.364018803122393,7.436679409242335,-0.000493781925693506,-0.0005207804864355226,0.9983690451123738,0.9983480794630385,0.9994903326963236,0.9994844302139205,-0.0013023199321468772,-0.0011092564156909611
150,16,6.070231914520264,1.4897990001811325,2.5529279527759345,7.557220605118133,7.525210346073698,-0.0007347421041349792,-0.00048235360553319757,0.9981757335336016,0.9982258139162946,0.9997814942331903,0.9993811117417336,-0.000964891060742599,-0.0008653995352118428
151,16,5.819169998168945,2.3795375146500226,2.6483768847213485,7.6828225456971975,7.668742252585241,-0.00038480918481606513,-0.0003637231396449019,0.9980441427629412,0.9981119880761989,0.9991234960110151,0.9991238331746926,-0.00032939040858543766,-0.0005662349453521368
152,16,5.643346309661865,3.4920750586293146,2.8608541625474224,7.770404921704134,7.865328387779406,-0.00018734105569879296,-0.00021603397112236202,0.9980212550474912,0.9980297309510456,0.9988793457196887,0.9987940342309207,-0.00020209557944160948,-0.00033819501507341583
153,16,5.284104347229004,3.62247276759391,2.9783696269023228,8.066806197169337,8.112347067041352,0.00010254480831279974,-0.00011370647849652985,0.9978144483488811,0.9979768297667487,0.9981866138020417,0.9985099028243248,0.000175844652320739,-0.0002315891199506521
154,16,4.818741321563721,2.590763816847848,3.0177992575099557,8.510801841620566,8.37487715601528,-3.115089706619734e-05,-0.00010633132349993095,0.9982293056834108,0.997930071427461,0.9981268328397079,0.9983901720411166,-0.0008637312695227153,-0.00020296946042510332
155,16,4.887417793273926,2.316396959647991,3.217551642363961,8.724109315765022,8.607324929565214,-0.00023553442233484675,-0.0001650073218132978,0.9978311377354893,0.9978383513445012,0.9983996117909602,0.9984335197657147,-7.560128152149051e-06,-0.0001223201545380236
156,16,5.462187767028809,4.100632527977764,3.648321054998684,8.729131251686113,8.81610618408152,-0.00023792644938866299,-0.00022388745202055882,0.9976352782652668,0.9977378764207229,0.9986230993946494,0.998520737131217,0.00017989656727654535,-4.018730589784254e-05
157,16,5.741848945617676,4.926742258759261,4.0784263758023,8.797540972816979,9.051370419750198,-0.0003706513935027152,-0.000235552867215138,0.9976024206730087,0.9976795357360075,0.9989697070052437,0.9985071502102681,-0.00013710842797552076,-6.899587687424739e-06
158,16,5.629315376281738,3.960873793622124,4.410256992921154,9.479726408314814,9.325714088311317,-0.0001980984340697467,-0.00017344150973787656,0.9976754107303781,0.9976750023920026,0.9982790092059665,0.9983136694851451,1.5050307198732481e-06,-3.2636907286693797e-06
159,16,5.595588207244873,3.9849610442494576,4.810122550946371,9.565129742583677,9.578141295569079,-0.0002813046582436259,-5.594787264610968e-05,0.9975886183069851,0.997703901948045,0.9983836174267726,0.9980101193116568,0.00012792562250138004,-3.2605904927626096e-05
160,16,5.349941730499268,6.038245235007922,5.304494941902197,9.886512593074825,9.775203147013483,0.0003542365945090884,6.26259033494865e-05,0.9979541157352685,0.9977309502382757,0.9971348904083158,0.9977206805923303,-0.00028399074712409775,-9.424437372861492e-05
161,16,5.203439712524414,6.464085335465269,5.684271268294453,9.829194839899694,9.900366242172831,0.0003199933233008921,7.864973240808489e-05,0.9977076788589386,0.9977025919820716,0.9972344103225966,0.9976371406446762,-3.2307761492187294e-05,-0.00015191674217987017
162,16,4.966876983642578,5.428696164602667,5.974759432063207,9.968727701882669,9.966044229921552,-7.214698752091869e-05,-1.586916064816565e-05,0.9976338581921135,0.9976283315134877,0.9978462102978468,0.9977596299009939,-0.00037650574438650303,-0.00020797611119247793
163,16,5.036144733428955,5.23127710359898,6.468701268895625,9.992696192444992,9.970638071985695,-0.00035691396389226195,-0.00013159081211368113,0.997434203214566,0.9975377153714682,0.9983036225322883,0.9979172828931718,-5.6832177638130734e-05,-0.00025509341618246275
164,16,6.344194412231445,7.719530474812135,7.2382004714240775,10.05350493667354,9.909471917836811,-7.315287215709627e-05,-0.00019689569110172548,0.9974747696699888,0.9974539846899,0.9977089452012332,0.9979672189708942,-0.0001220475575661128,-0.0003159160172005684
165,16,5.786036014556885,9.072977620969457,7.9360628876811194,9.422753554019717,9.79599682057014,-0.0005498508148613138,-0.000210264078358243,0.9974072398478274,0.9973681332008958,0.9988799939607376,0.9978825302600579,-0.0008998309845469448,-0.0003472629277347255
166,16,5.887538909912109,8.397307807320974,8.342392171527504,9.857436376987998,9.659084097324277,-3.574325340998441e-06,-0.00017858938652267855,0.9973472517598909,0.9972717391223798,0.9971571793633686,0.9976692280891405,-0.0004297198701903067,-0.0002751348654545499
167,16,5.827915191650391,7.550311126137218,8.62826082293525,9.732188509428537,9.43806531400462,-0.00030729177326050577,-0.00019118587985995266,0.9970015469057605,0.9971757776999989,0.9974847638735869,0.9975833193961928,0.0001707387994908001,-0.00019383939477627651
168,16,5.819397449493408,9.058925450496215,8.986420907777816,8.877827695009481,9.126828243879501,-0.0003312800237038796,-0.00031893435769760726,0.9972233694786089,0.9971039629235912,0.9980019694534489,0.9977934505975816,-0.00045501449874586677,-0.0002596562154128613
169,16,5.727086067199707,9.898093337717881,9.287538227776531,8.74923072831297,8.805822658398966,-9.845642547684376e-05,-0.0006560119505795924,0.9970071840034196,0.9970413466275694,0.9974679607746696,0.9984147789163152,4.0038016294112535e-05,-0.0005435041757021299
170,16,5.68991756439209,9.734662786255912,9.389060465509104,8.69289560376903,8.49702355247614,-0.00038490179188366004,-0.0012660400007447527,0.9968995518590575,0.9969937073047886,0.9978306626638999,0.9995455980549286,-9.351891587811748e-05,-0.0011031178373655404
171,17,5.727940559387207,8.885215209983865,9.37059258077953,8.069790885016783,8.20090817046613,-0.003160513867934443,-0.0019717577324344297,0.9971825418087433,0.9969580739940408,1.0030949088893268,1.0008725595220602,-0.003415481565303471,-0.0017513664323500389
172,17,5.677081108093262,8.72293672197742,9.426809246703586,7.944135479897515,7.963782591857294,-0.0028466804610731014,-0.0023760875427616393,0.9967944312069422,0.9969179994599173,1.0024601610526398,1.0016577018070008,-0.002135737425264586,-0.0020784689349655806
173,17,5.53539514541626,10.227345273963342,9.560803314423666,7.758728533069521,7.802315814000324,-0.002126366363154266,-0.002444595093536085,0.9968579034032655,0.9969135355113985,1.0013001782275053,1.0018293374650107,-0.0017742360030558507,-0.002149895944901926
174,17,5.571082592010498,10.053337014900878,9.558237442629464,7.6405964982652685,7.712188694363613,-0.0021612069344010966,-0.002370208126405744,0.9969268194127212,0.9969576222400313,1.0014359736093494,1.0017207208706722,-0.001958198845399305,-0.0021558651374823778
175,17,5.429661273956299,8.825915226513589,9.411620627030107,7.689722361541562,7.666832353724632,-0.0024072110764703112,-0.0022605391428393,0.9970886513269415,0.9970317066971557,1.0017389996426358,1.0015301472873788,-0.002375335516667383,-0.002148694340351781
176,17,5.417742729187012,8.814946557406932,9.28545080448775,7.774688159505647,7.614002362932524,-0.0020201336365658013,-0.0021389824051279665,0.997143943462657,0.9971070842828538,1.000989053339406,1.0013339128721628,-0.002073376322191024,-0.002102231907253466
177,17,5.351202487945557,9.722989125332642,9.147231949763928,7.48023640378929,7.516852258252816,-0.001960982876584757,-0.002051076199133192,0.9971191618671442,0.9971748993159124,1.0011241675419624,1.0012260246550222,-0.0017492505674968682,-0.00204815450910629
178,17,5.601128101348877,9.548001086879284,8.804340864099013,7.309236198928262,7.391868095757482,-0.0019145349544555424,-0.002006774862960379,0.9973047239622879,0.9972388702405712,1.0011581156843028,1.0011924890934087,-0.002223734105121624,-0.002002044715774268
179,17,4.99910831451416,7.581772457473635,8.28282117065419,7.2446355762747,7.249772630473523,-0.0022777521231333907,-0.0019675035852982155,0.9973230608387598,0.9972923108872789,1.0017102426134967,1.0011524257358582,-0.0021939819105543878,-0.0018935059722994276
180,17,4.725708961486816,7.463662089178168,7.844224744898275,7.2406041700841,7.070134029610617,-0.001858559468297687,-0.0018835691971562612,0.9973341251604352,0.9973484674421267,1.0008297639763553,1.0010539710005408,-0.0016906037783929785,-0.001727111727255488
181,17,5.054447174072266,7.741836992699707,7.530475508526967,6.7386158098004945,6.839241580445789,-0.001664306458103965,-0.0018047326762456546,0.997360613555373,0.9974356269482103,1.0008279524797008,1.001018825022872,-0.0012227877898461222,-0.0016285947893715188
182,17,4.979693412780762,7.725381186712925,7.202467899968041,6.5837371898287245,6.595814061087664,-0.001639554190435737,-0.0017867385307235608,0.9973847729912013,0.9975730164930566,1.0008750454195223,1.001119966941854,-0.0012330998136214255,-0.0017013714985255224
183,17,5.044670581817627,6.502349064984763,6.806997040854995,6.321138225218202,6.357627593154802,-0.0020000537720291484,-0.0018208012079757045,0.9979512573630258,0.9977356208883539,1.001673417596701,1.001321487898661,-0.002529875555305262,-0.0018618220647907493
184,17,5.010244846343994,6.227472818612393,6.467401919720886,6.259300661001407,6.126162311463184,-0.00183814701977726,-0.0018495533060801884,0.9980207580216448,0.9978442678655443,1.0013844410475055,1.0015151002606184,-0.0023010199322515985,-0.0018839367219971568
185,17,5.244267463684082,6.059124238023446,6.225098739792498,5.807940960896392,5.900744124014335,-0.0017956483522624084,-0.0018645680456125834,0.9977070113164427,0.99789442425176,1.0016085432643413,1.001682957751181,-0.0011607025594213382,-0.0017716694851581786
186,17,5.429904460906982,6.32720236632151,5.995930483713527,5.613207943309,5.716402052337991,-0.001891477584138572,-0.0018631975096762804,0.9979640559158731,0.9979465134136776,1.0019186827605455,1.0017856665203355,-0.0017290284646972653,-0.0016819076965299468
187,17,5.326855659484863,6.100168058839953,5.64546473527845,5.557799908973363,5.579158364366141,-0.0018438284167206999,-0.0018204285521188693,0.9978922781315124,0.9980133876205096,1.001865228145152,1.0017579443799978,-0.001467830873108747,-0.0016016638446219402
188,17,5.480780124664307,5.164404732869238,5.176125226147394,5.496493136151689,5.45023801897931,-0.0017641475608096836,-0.0017168944535057972,0.9982897196384175,0.9980873361730017,1.0016479318886715,1.0015823521123723,-0.002000449729120947,-0.0014698236534392306
189,17,4.787581443786621,4.1193895461698755,4.772968690713962,5.384710963047804,5.278717019098236,-0.0017566036333593494,-0.0015476149165982661,0.998168989575167,0.9981377718873423,1.0015844040723423,1.0012949531901665,-0.001440937750905893,-0.0012282332075634653
190,17,4.749546527862549,4.304402673502904,4.597191225026606,5.148397338887823,5.03698410447206,-0.0011302687342358304,-0.001344352286277042,0.9980390439985231,0.9981948328241584,1.0004831968121624,1.0009891487351916,-0.0003380032114068327,-0.001005435859589374
191,17,4.676141738891602,4.863877525412507,4.547384308159532,4.563742446420676,4.749528792889574,-0.0011739767826485959,-0.001198726234210019,0.9982993369779507,0.9983028929668993,1.0009380251765716,1.0008223434712658,-0.0009775430216088117,-0.0009910039197179117
192,17,5.110561370849609,4.732745521040389,4.386381740706033,4.477152596956768,4.47371908679758,-0.0008929948768553294,-0.0011415888118815627,0.9983914398679469,0.9984525472643133,1.0003098393412355,1.0008057727382345,-0.0009095629095561451,-0.00115137335808347
193,17,4.8286309242248535,3.817453808912032,3.9959204924277794,4.255524777572812,4.209705571616631,-0.0013493754665335111,-0.0011537708102676177,0.998788956109015,0.9986136996429309,1.001243486061227,1.0009037971104067,-0.001865745635840542,-0.0013667243719682899
194,17,4.602646350860596,3.6372318876909975,3.391406176876286,3.882014480559494,3.9460486681382108,-0.00128660996758197,-0.0011446206868087308,0.9987339938762316,0.9987503081447333,1.001276866435057,1.000948654167712,-0.001563273805008484,-0.0014763364362809744
195,17,4.690036296844482,3.188866143417773,2.5770128640157965,3.5218221092775748,3.6821662125955807,-0.0010644060447330638,-0.001084910244146226,0.9987800302436122,0.9988823205431538,1.0010172847845207,1.0008811229123245,-0.0013491501345272285,-0.001485212916436608
196,17,4.76224946975708,1.0166169591301684,1.6865434262352734,3.6330271813930772,3.38356198565917,-0.00092867274398082,-0.0010130939621130419,0.9990943731424067,0.9990301227773831,1.0004312948073997,1.0008050250256193,-0.0015974950354041243,-0.001462565470647526
197,17,4.874906539916992,0.06393033024499495,1.0381526101343934,3.340119323527839,2.9741278482832043,-0.000945311265309688,-0.000965569759691845,0.9991340455051626,0.9991812445569334,1.0005587867799406,1.000869999393425,-0.001117247411427489,-0.0014483122125727613
198,17,4.3678131103515625,1.2137901730319505,0.6769961363340767,2.1731158247384577,2.485830221240513,-0.0009730266238460621,-0.000944614448630843,0.999361874840574,0.9993328919239935,1.0013243286896691,1.0010754771091355,-0.0015192045430240356,-0.0014891520169792827
199,17,4.519269943237305,1.1934152018548276,0.2904960120141098,1.9083975193302676,2.07441767824466,-0.0008576619973779972,-0.0009403262512074769,0.9994795009033495,0.9994739393398345,1.0013000311409284,1.0012994617502258,-0.001645175127166936,-0.0015286317287793788
200,17,5.289389133453369,-0.6884221445603289,-0.23618027083841378,1.7874776752307815,1.795701096966296,-0.0009705928758067472,-0.0009440164780238551,0.9996891997456174,0.9996004318196531,1.0015043804478982,1.0014855571907388,-0.0017760261681796033,-0.0015027943241311618
201,17,5.0085601806640625,-1.4736415765069628,-0.6728519932673256,1.6801329744195774,1.6141497357118713,-0.001126489423177094,-0.0009214075497342376,0.9996823518494768,0.9997208034680504,1.0018970135950276,1.0016025207398396,-0.0013717722622183252,-0.0014169950905942657
202,17,4.889398097991943,-0.7200756717164412,-0.9317452744511686,1.502927048656773,1.4818918612669458,-0.0008663816477995103,-0.000857776778381871,0.9996737576782637,0.9998710866614002,1.0016824032156673,1.0016515649616107,-0.0008757826277330114,-0.0013771611207943919
203,17,4.74240779876709,-0.6200202187897625,-1.2271981378940149,1.4212490229840362,1.3754731509829956,-0.0005704323550347407,-0.00081370935825901,1.0001119244400376,1.000063803915861,1.0012935745146472,1.0017420295749877,-0.0014198812554068472,-0.0014520674999973866
204,17,4.58452844619751,-1.6191342793275978,-1.713801100873699,1.2992370015242412,1.2888833021340957,-0.0008013548816960756,-0.0008489415968817016,1.000415342665825,1.0002421207994439,1.0018673772957727,1.0019796661342002,-0.0020180345404485606,-0.0015249329805392025
205,17,4.684185028076172,-2.8633600533312547,-2.2991653190035413,1.1940885296607577,1.235479517344852,-0.001109880836102866,-0.0009316889424741668,1.0003685865787975,1.0003649075056782,1.0026347453835698,1.0023005973870307,-0.0015305054318507493,-0.0014679198081843229
206,17,4.524036407470703,-2.7280446475624545,-2.8525639441362074,1.1018969487891117,1.232793831552087,-0.0010701890061703351,-0.001006913083452001,1.0004480803285778,1.0004592884740138,1.0028268499682218,1.00258957912315,-0.0013171316083097427,-0.001336936492768671
207,17,4.839606761932373,-3.123283819462597,-3.4281468800504142,1.298450957489249,1.2721833710767563,-0.0010125049972765179,-0.0010858132288505094,1.000467800521211,1.0005685838684515,1.0027057273636464,1.0028644093419796,-0.00103058819066883,-0.00125405211975567
208,17,5.2952446937561035,-4.133236582168437,-4.058068122608393,1.451586332146754,1.295270016038159,-0.001085896211326121,-0.0012125782840270373,1.0006928154963848,1.0007232889994548,1.0029114816943934,1.0032466412331378,-0.0011046645860531606,-0.0013197081967896017
209,17,5.190560340881348,-4.8443481123040355,-4.660281852816353,1.3490335690846444,1.2544068721287147,-0.0013068781211556617,-0.0014001238889573297,1.0009887130331283,1.0009141660118075,1.0035156898817867,1.00379416470013,-0.0015253734118136839,-0.001534063464004737
210,17,5.182695388793945,-5.10782703480259,-5.167184072820468,1.0430238567373886,1.1661240060786973,-0.0017292575106646465,-0.001603264896800919,1.0010725483173422,1.0011189566959764,1.0047734027004627,1.0044115587307316,-0.0019072792220657419,-0.0018027420842950507
211,17,5.141372203826904,-5.644747919802149,-5.576237188097774,1.0305815279798936,1.082470556477416,-0.0018789364040328405,-0.001744567953335427,1.0014051621432372,1.0013345911767728,1.0051894056853365,1.0049095468154896,-0.0022750533822392025,-0.002018972882016017
212,17,4.995388031005859,-5.922284672338609,-5.886227705448519,0.9812726043881522,1.0165015704563605,-0.0019383558636184035,-0.0017938918017257046,1.0015157757684154,1.0015545070230099,1.0055087194134587,1.0052245225749399,-0.0021896807574292186,-0.002133750627223635
213,17,4.7407684326171875,-6.129378438000141,-6.117819624957365,1.0474629283565569,0.9494389858894018,-0.0014703326438298267,-0.0017915159200792277,1.0016962773369813,1.001789262393573,1.0047354353757716,1.0054466953546466,-0.0017710841016823121,-0.002201178613905939
214,17,5.049814224243164,-6.385523736856388,-6.311402316774664,0.9151947446842086,0.8544200519619772,-0.0019021242769495625,-0.0018113510264908786,1.0021468594795087,1.0020334885822242,1.005864766495254,1.0057266098700857,-0.0026717843215590463,-0.0022785048505072057
215,17,5.324350357055664,-6.439762477307691,-6.521227235795885,0.6560337540382358,0.7422396031759374,-0.0019280524655108683,-0.001831918742464311,1.0021878083718012,1.002254738304389,1.00626053734385,1.0059949057145385,-0.0020134798563965256,-0.002306956529203513
216,17,5.41775369644165,-6.128705816207803,-6.8216371271843155,0.5817165013242985,0.6465071215164142,-0.0017089921651230878,-0.0018428007531259896,1.002534039728379,1.0024462278377575,1.0060242457321695,1.0061891636579907,-0.002550448936038988,-0.0023018257446594786
217,17,5.637571334838867,-7.67366050935271,-7.206828591476523,0.5420117642130967,0.5711715665987975,-0.001858425862911896,-0.001863088960874689,1.0026050323923383,1.002595667657465,1.0063351077348204,1.0063359921714996,-0.0022533363551429904,-0.0022335805862363656
218,17,5.625835418701172,-8.028148685746014,-7.467754194415091,0.5708364683496068,0.4884002122775082,-0.0019147601563041844,-0.001874312469320998,1.0026045138290045,1.0027156144589042,1.0064276776445247,1.0064286959787518,-0.0018201325938938051,-0.0021335799076131665
219,17,5.594658851623535,-7.261860038685031,-7.538537789073602,0.47226734431855083,0.3620275053425024,-0.0018875950038888623,-0.0018484667835936108,1.0029183799980923,1.0028199392357706,1.0064528411596507,1.0064462124369433,-0.0022019708901590677,-0.002034748148616088
220,17,5.180485725402832,-7.020025138835547,-7.555640493171358,0.02979936533616553,0.1901171637949132,-0.001977387972575661,-0.0017738951879868311,1.002948870733502,1.0028945132374985,1.006939913616902,1.0063676196215403,-0.002333682491631589,-0.0018812346875267693
221,17,5.410911560058594,-7.796258726201497,-7.563356716849499,0.06602273816826203,0.0005106535475050515,-0.001380103119683862,-0.001673013864480806,1.0028104471769161,1.0029535425070524,1.0055618373451018,1.0062237333763178,-0.0010811119928072828,-0.001686154716476903
222,17,5.238540172576904,-7.637733431142035,-7.4169321597600195,-0.26372058174966434,-0.21977565552266107,-0.0016006669432907733,-0.0016172040111335603,1.0029939592861037,1.003026153984245,1.006117924480031,1.0061881820501144,-0.0016105775836242414,-0.0015821126391348437
223,17,5.37125825881958,-7.685226920929034,-7.023288890701764,-0.29727472394128424,-0.4791706373666961,-0.001648897719718057,-0.0015946199414945872,1.003227161045091,1.0030948310538867,1.006202620937939,1.0062534372556164,-0.0016293184544606855,-0.001537980468257029
224,17,5.0966596603393555,-5.912227635866514,-6.441650113377268,-0.8003823193331013,-0.7802050874595123,-0.0015332464050884372,-0.0015674757679404487,1.0031487790815086,1.0031300805371792,1.0063631002331814,1.006327234413519,-0.0015225460226658042,-0.0014888756807832936
225,17,4.812479019165039,-5.2844187554450865,-5.929558306226549,-1.2474606266000854,-1.0689864938868205,-0.0016507520153287263,-0.001512062743796384,1.003074223785416,1.0031463540297711,1.0067453701313864,1.00629707063986,-0.00154443716532364,-0.0014064319638254854
226,17,4.939512252807617,-5.958534615194257,-5.558034381483657,-1.2714236087730855,-1.299196526974398,-0.0014654637850841645,-0.0014097804720803334,1.003094833030857,1.0031694358817005,1.0061388018163402,1.0060988800823778,-0.0011689986456822358,-0.001294214390675992
227,17,5.196866989135742,-5.811092986677371,-5.155767783976615,-1.4270417041055403,-1.4878850236151784,-0.0012070236821323105,-0.0012937613459426092,1.0033065501501546,1.003194236431073,1.0056183019510534,1.0058361984614403,-0.0011878379874748237,-0.0011971679915512993
228,17,4.806726932525635,-4.223169856117532,-4.692310474415969,-1.6493513920791476,-1.6530028036328186,-0.0010460194566210624,-0.0012218252173920427,1.003223012753899,1.0031924556072562,1.0053324751786257,1.0056480924533377,-0.0010834886425904109,-0.0011274070022312724
229,17,4.601078033447266,-4.138381945307084,-4.357480455296453,-1.9019944802058082,-1.7886456291527937,-0.001360811568808519,-0.0012109131347527976,1.0030924388912077,1.0031708070482284,1.0059209600291676,1.0055733894233165,-0.0011667933315826543,-0.001078769815346902
230,17,4.548080921173096,-4.417282831526645,-4.209243529197388,-1.713583722466599,-1.8927144625091181,-0.0012297191581955966,-0.0012210447522789665,1.003235134185632,1.003149522223824,1.0053951084974098,1.0055505334698942,-0.0012309922817291521,-0.0010365760041521478
231,17,4.806354522705078,-4.254870023928456,-4.202317114125328,-2.077423289325673,-1.987819759348536,-0.0012440600687813027,-0.0012521756692120318,1.0029592564714533,1.0031307450522797,1.0056678136569634,1.0056026683358152,-0.000488867565838129,-0.0010323553591548586
232,17,4.565604209899902,-3.9646452292793666,-4.352692044143874,-2.0631715384462592,-2.0490244096747907,-0.0011848828577128618,-0.001320458500672548,1.0031137888732786,1.0031255739125249,1.005474523448992,1.0057333800841384,-0.0010607904052920625,-0.0011285037585585327
233,17,4.561566352844238,-4.39396985599497,-4.678722094672222,-2.098223675131902,-2.068381969444886,-0.0013482610115495737,-0.0014274674271405332,1.0034066822882353,1.0030903105308382,1.0057948746913277,1.0059315486033367,-0.001958760353700561,-0.001203880892198219
234,17,4.542017459869385,-5.748322336408641,-5.034617784484066,-2.069074253444107,-2.0539378692333856,-0.0016609692102204125,-0.0015169157217770797,1.0028196821216286,1.0029906169071818,1.006343588648686,1.0060841588572378,-0.000816964706659103,-0.001133062388838674
235,17,4.462315082550049,-5.756434671133268,-5.1999369895915075,-2.002249058039572,-2.0274091012021778,-0.0016705981729466558,-0.0015041924426988046,1.0028349747065668,1.002891692946831,1.0063116620768475,1.0060280315307386,-0.0008614813779065095,-0.0010329413751507647
236,17,4.478015899658203,-4.758461245623547,-5.2427554622061905,-1.9826728362444863,-2.0164986656710098,-0.0014320533439472168,-0.0013659446639204607,1.0028083794666518,1.0028195686407,1.0058594077249945,1.0057093667772459,-0.0010612628571874867,-0.0009574120057444918
237,17,4.600368499755859,-4.746859861706178,-5.458713368296858,-2.0306797285362963,-2.0378221793922524,-0.001041007967200037,-0.0011600324779061733,1.0027114412745943,1.0027624197065332,1.0051488213310362,1.0052175329786857,-0.000679919978903078,-0.0008771852430966558
238,17,4.416316986083984,-5.646804125549182,-5.950306414890856,-2.0608450184665603,-2.0924594841389834,-0.0008049379538478612,-0.0009733831440770124,1.0028732448732134,1.0026943351142827,1.004303224506264,1.0047175886200712,-0.0012215145609088588,-0.0007674942570932428
239,17,4.582427501678467,-7.330942822752309,-6.485970053280997,-2.14895617417064,-2.172787693933055,-0.0009094033840968527,-0.000839725307592224,1.0025289530547112,1.002586376567747,1.004341303142419,1.0043246703773299,-0.00043080408939753394,-0.0005832719785368464
240,17,3.9269490242004395,-7.022084084554843,-6.733217815780645,-2.3273729498686184,-2.256545599897573,-0.0007412739013875631,-0.0007254224982252872,1.0024932109303015,1.0024664268246843,1.0040539776295778,1.0039945255383351,-0.0003870608603928714,-0.00041680769710170795
241,17,3.6304783821105957,-6.555093797704004,-6.669747850105363,-2.41763799847407,-2.31672103337878,-0.0006552910162580382,-0.0006082559154595904,1.0022019486425175,1.0023606069174038,1.0038491035847887,1.0036561821755219,-4.1322348447115855e-05,-0.0003438610564541736
242,17,3.741717576980591,-6.286929571726915,-6.452514995250738,-2.216069322126834,-2.362114399682639,-0.00033745156204113716,-0.0004833801795021478,1.0022580141510664,1.00228421632836,1.0029538475444484,1.0032830443615746,-0.00014416623012094865,-0.00038390818983048176
243,17,4.234211444854736,-5.973620860069732,-6.203822949569846,-2.4677922068078306,-2.4347241183916215,-0.0005806927794645891,-0.0003519526993790486,1.00248343147326,1.0021883245414829,1.0033421657306003,1.0028995307263064,-0.0013866558307701739,-0.00040704094714473884
244,17,4.1830010414123535,-6.177734645096516,-5.946254402568876,-2.4003668323603207,-2.5314786404772076,-0.00011507957768035233,-0.00018324511930978963,1.0018926451296641,1.0020254986563644,1.002173324818662,1.0024599454000294,2.3907839795371898e-05,-0.00024989455419667007
245,17,3.8091278076171875,-6.099608914376021,-5.620450805871988,-2.6447010367123345,-2.634744953861054,-4.814812635553547e-06,-1.2356931014822165e-05,1.001846806142546,1.0018451525611933,1.0020435764458677,1.0020265176477052,0.0001987150608260121,-7.12810886159977e-05
246,17,4.280681610107422,-4.739338976289763,-5.281195837758555,-2.8517712056144773,-2.6809307280028976,0.00019765956590158147,0.00013066988495833906,1.001589930364571,1.0016741481359828,1.0016341695684277,1.001595726516478,0.0002694877249918014,8.324645410694598e-06
247,17,4.878397464752197,-4.339543657629848,-5.1444597612970995,-2.8525192364341545,-2.6140315554107416,9.069003411262043e-05,0.0002316345376117089,1.0015332639540897,1.0015193510217473,1.001604898862823,1.001147087109366,-0.00045432765039862014,2.653747395350278e-05
248,17,4.55960750579834,-5.5951559180397785,-5.197043159482084,-2.3082693954338573,-2.464923498533494,0.0004374336589430677,0.00028985575925304243,1.0014296088009773,1.0013571749326047,1.0002920103161934,1.0007171779414898,4.568978216864157e-05,0.00010368857819674377
249,17,4.438339710235596,-5.613455881555438,-5.123990919153744,-2.0655216243469727,-2.3513037750748547,0.00045482323919324375,0.0002742828861536124,1.0012244531370735,1.0011676944548302,0.999888643964162,1.0004704192842346,0.0003639096273995353,0.0002079376629269432
250,17,4.8936028480529785,-5.224227424052751,-4.730591491337266,-2.2928862246318396,-2.3279035574907505,9.220156961709475e-06,0.00021239478106270312,1.0008899500331263,1.0009641565080154,1.0007351014473558,1.0004014869971107,0.00039578814954979366,0.00025774166933210203
251,17,4.792300224304199,-3.840141238368889,-4.084953597917895,-2.581584658825051,-2.325520631190296,-3.4313746830175764e-06,0.00019437238720530292,1.0008145391278223,1.0007809951886788,1.00088877910946,1.0002790454286807,2.228962649485831e-05,0.00023659024534341608
252,17,4.594717502593994,-3.0072902625785076,-3.454569535445853,-2.370179545538267,-2.258902481909272,0.0002921257933627505,0.00023704425298328748,1.0003493259768181,1.0006345114437056,1.000037833639599,0.9999912659269813,0.0008409915964755983,0.0001723948118235883
253,17,4.197594165802002,-2.3442981190901335,-3.021841551795491,-1.966678324658617,-2.14197670519126,0.0005951930792258425,0.0002730502521101393,1.0007960567542342,1.0005203232919533,0.9989325229256613,0.9996796008547515,-0.0006012162480697492,8.956443588179706e-05
254,17,4.364888668060303,-3.6203675073846724,-2.7185559457761093,-2.0052221094652123,-2.03577562259302,7.865038119168177e-06,0.0002681608758206807,1.0005123598738357,1.000358802767773,0.9998820704262755,0.9994861546594402,-0.00034054507023669736,0.00017248983911261073
255,17,4.840249538421631,-2.9979644222211728,-2.2616010372916118,-1.8680236959379004,-1.9417947765297838,0.00021008046473101644,0.00029167575437384586,0.9999407325781416,1.0001637655667752,0.9994097592709099,0.9993094361484106,0.0011892529621313846,0.0003552244716402173
256,17,4.160458087921143,-1.070486944402772,-1.7074059288769126,-1.859171851192323,-1.8267490824704158,0.0003989526560191269,0.00033868257497655056,0.9999551474802013,1.0000129563805955,0.9990574140036851,0.9991341850052805,0.00043300138593369394,0.00038816661082322296
257,17,4.2556352615356445,-0.9252410600533754,-1.3996238367927616,-1.8534132173516602,-1.6311806341819048,0.00041272932023302345,0.00035641807327743046,0.9999120513229768,0.9999131339975389,0.9990278738766104,0.9990108341593584,0.00034290516561320534,0.0002765004734432755
258,17,4.350412368774414,-1.3030415830403483,-1.458952610281919,-1.3594663130474398,-1.3225131345513919,0.0003719806254559262,0.00031323308737662807,0.9998346586650857,0.9998288556730206,0.9988870761137353,0.9989710143271064,2.141147468078077e-05,0.0001235242189216702
259,17,4.782573699951172,-1.9350844967921141,-1.7505777918969025,-0.8294162406717669,-0.9590209960021051,0.00021578536315197504,0.000210119607813486,0.9999255680091036,0.9997192789637328,0.9989750096347375,0.999037586628093,-0.0003309102496444897,5.242162681224046e-05
260,17,4.577045440673828,-1.881097768693554,-2.052752664890322,-0.6118072983750527,-0.6222635211184065,8.12417118943671e-05,7.598506113741508e-05,0.9995080723984303,0.9995642049444143,0.9992050105330353,0.9991978666527958,7.656734546780027e-05,0.00011981575741332464
261,17,4.520066261291504,-2.7581754634037057,-2.1797527287369336,-0.2953287355010344,-0.34965127422744735,-0.0002732804270055333,-5.222405529254427e-05,0.9993267566714044,0.999413091445583,0.9997118193286717,0.9994094154517003,0.00030513463788300557,0.00023076718356164044
262,17,4.516607761383057,-2.430170457026566,-1.9528237379397466,0.059549775283774746,-0.15807410885095258,0.00015736100259403833,-0.00015553157310733908,0.9992931050697108,0.9993053754601262,0.9989300564047909,0.9996547076793332,0.0007179603981009328,0.00024681864440761613
263,17,4.737293243408203,-1.259271398172723,-1.4351713019955297,-0.2004202779390566,-0.023297920203711246,-0.00048068090420684724,-0.0002672218522384043,0.9992568233723207,0.9992423204121615,1.0005450180102913,0.9999616294170943,-7.955458947528466e-05,9.652521355754895e-05
264,17,4.693368434906006,-0.6791019181088123,-0.903868231430299,0.08034017561290765,0.14831921419807792,-0.00046281802672947344,-0.0003446848606671341,0.999329703617252,0.9992139957501978,1.0004378697433527,1.0001709954510876,-0.0005901913971516508,-0.00012654065463614392
265,17,4.315298080444336,-0.6875298563008491,-0.5960704726042741,0.4130993028683901,0.40030438163399773,-0.00030453470390923013,-0.00040431769481080125,0.9989376287913864,0.9992250856613093,1.0000604415379717,1.0002918587517653,0.0004152741940909779,-0.00039104768970363643
266,17,4.556686878204346,0.03618843110085482,-0.6600342775876749,0.6455775507107533,0.7366945215702443,-0.00034193675501959354,-0.0005153069121852077,0.9995049587371889,0.99929651244554,1.000242706300974,1.0004611083780541,-0.0011139539651824927,-0.0007739584567565927
267,17,5.0096025466918945,-0.7800262063816465,-1.1940338751698094,0.9918041888233464,1.1517955711666181,-0.0007420774306024354,-0.0007039999830141114,0.9993303574628967,0.9993705230482779,1.0009001147460648,1.0007325347607783,-0.0012987409525375077,-0.0011216635953939726
268,17,5.331945896148682,-2.394996484289413,-2.012284779735703,1.8362888704843312,1.5934960256779955,-0.0009112616918554759,-0.0009268941096272951,0.9994979578951106,0.9994354464522415,1.0007972263310425,1.0010725077362443,-0.0015274935150187492,-0.0013452843879100957
269,17,5.098447799682617,-3.331003172058429,-2.7518044028539954,2.06770925620844,1.9656893281597088,-0.0011376204592162809,-0.001136615217508151,0.999430034703405,0.9994899817282195,1.0014315934007558,1.00146281247068,-0.0010838734617015097,-0.0014651852048406812
270,17,4.8059468269348145,-3.109857493639774,-3.1946015640755157,2.0694778696093374,2.2501090647057147,-0.0015455997112634227,-0.0012838854965316177,0.9995273798417028,0.9995454291345994,1.002400672489016,1.0018031375636693,-0.0018314894226678354,-0.0015463249178648505
271,17,4.881187915802002,-3.4707998895314915,-3.3501594264475965,2.670791186799488,2.468668374692076,-0.0011052855431772602,-0.0013419440053891963,0.9996581342841524,0.9995958668060129,1.0014270807619925,1.002012390153001,-0.0013689167559987542,-0.0015616185976541628
272,17,5.204422950744629,-3.1311890702577956,-3.2588689483736006,2.5476645802182043,2.605329362668167,-0.0014086338742882107,-0.0013570259191228453,0.9996574156564095,0.9996292048308252,1.0022992139665956,1.0021692013207297,-0.0017889685598904857,-0.001535925052111389
273,17,5.125028610229492,-3.1129144917530533,-2.985491164285006,2.619323680343135,2.6949280272564193,-0.0014092015414413396,-0.0013189336157620134,0.9996263518575336,0.9996563786835168,1.0025317751409506,1.0022083696608506,-0.0013807922431545818,-0.001472874907539564
274,17,5.142500400543213,-2.774722504101314,-2.5724721184154316,2.803393847004562,2.7637830045100427,-0.0012531281773804134,-0.0012220899434078724,0.9995193973545754,0.9997010192094549,1.0021231284332854,1.0020856692904658,-0.0010567376172469635,-0.0014384405308756495
275,17,4.887213230133057,-1.9524058436727925,-2.1132190377054743,2.874190325560717,2.8103208388051533,-0.0010555390836828587,-0.0010995424550571673,0.9999654573238075,0.9997629326771866,1.0017142632479161,1.0018840941374836,-0.0018463192370736453,-0.001455182694064027
276,17,4.878932952880859,-1.4714136232792727,-1.7682880712256366,2.7760885493521026,2.845854702379719,-0.000937624525898905,-0.00099908315262408,0.9997989204765222,0.9997941574666315,1.0016433681891401,1.0017127186961228,-0.0014579413009580982,-0.0014396728240567785
277,17,4.80281925201416,-1.577616572563131,-1.6320380869575184,2.7308635828555303,2.9016865352580483,-0.0010186246632554782,-0.0009500397340939527,0.99970971687054,0.9998035413605252,1.0018645569120201,1.001617160369097,-0.001219421269868245,-0.001416316191494954
278,17,4.595396518707275,-1.6454738163086873,-1.6737143052991157,3.1437607312128892,2.974579097561926,-0.0008131737077432639,-0.0009620573160422474,0.9999080139428892,0.9998112491476132,1.0012193638683935,1.0016253891653824,-0.0015601449526233186,-0.001433200298117976
279,17,4.577030181884766,-1.9901941226690598,-1.8139455788455856,3.100259965640655,3.0092014040102484,-0.0010093850186117595,-0.001050298072074844,0.9997816139770308,0.9998130271090793,1.0016266572180181,1.001810869371852,-0.0014067480704068153,-0.0014809304533882949
280,17,4.471236228942871,-2.152851333257226,-1.9743016861153415,2.9554839868242273,3.0052620390399154,-0.0011896943220802054,-0.0011777464985217386,0.9997234608297954,0.9998287840365827,1.002152274741363,1.0021035221744379,-0.001309387651349393,-0.001572153184396422
281,17,4.921853065490723,-1.9677991981436325,-2.1550605905618414,2.863784501456584,3.0067999747068925,-0.0014521091329245904,-0.0012798240402716755,0.9999460258150548,0.9998659884294625,1.0027878407165012,1.0023329236139784,-0.0018342995450708153,-0.0016795254126046606
282,17,5.206745147705078,-1.7922077533235,-2.4223153455471302,2.966456482955144,3.0350396960966113,-0.0014424289590347218,-0.0013079307519947446,0.9998812975550644,0.9998972451510905,1.0027131644773657,1.0023702312480989,-0.002288640252777416,-0.0016851208271761737
283,17,4.87817907333374,-3.3821291548130077,-2.737712371001095,3.1969426147545414,3.0498504367442236,-0.0011615089061167005,-0.0012874099977774607,0.9999875720365933,0.9999124413179908,1.0019354582834747,1.002282389780204,-0.001443500981295621,-0.0015538059077282163
284,17,5.209178924560547,-3.5556096052642845,-2.8857851819537084,3.223197839419655,2.9877951568543857,-0.0011653775961843068,-0.0012942005627292305,0.9999311137004154,0.999909756439649,1.0019114282049333,1.002264425603823,-0.0008931921078094935,-0.0014631111706968733
285,17,5.077735900878906,-2.07101820625747,-2.8843702487648235,2.680415371261978,2.852329712710094,-0.0012534861713124111,-0.0013598220562226423,0.9997055339368657,0.9999146386362612,1.0022897417570111,1.0023867415125953,-0.001161165512436469,-0.0015541349242007294
286,17,5.535463809967041,-2.4335704194252266,-2.96922982705369,2.6458628961125297,2.7263891239197506,-0.001525492332211794,-0.0014507102974414268,1.0001027881441575,0.9999483217512627,1.002698077550802,1.0025582378838886,-0.002686116541276917,-0.0017266577284548916
287,17,5.010585784912109,-3.937126343015703,-3.1043502596356882,2.546652870704669,2.646319855130389,-0.001798900509898171,-0.0014912147955268734,1.000120744275861,0.9999736483079869,1.0032398983281607,1.002635076092812,-0.002110478642535596,-0.0017741434671153847
288,17,5.597696304321289,-3.7158187727346292,-3.0760579856792023,2.7248027991945376,2.59761252042835,-0.0013380068546568898,-0.001448581156375901,0.9996700348072792,0.9999999695882063,1.0022820034690185,1.0025651394897483,-0.0005363143851801298,-0.0018073751601303924
289,17,5.127976417541504,-2.2019634521988065,-2.972490635268636,2.6012892927948377,2.534503815502321,-0.0012395969655752596,-0.001395494952828975,1.0000553396117053,1.000073883758682,1.0021983434869643,1.002497485535539,-0.001905500649448551,-0.0020300617953316045
290,17,5.585989475250244,-2.0898228699154466,-3.101584868859863,2.3946680110762224,2.450730958227006,-0.0013033885853319142,-0.001381246156249518,1.000325215327561,1.0001431843719955,1.002457683395677,1.0025138600444778,-0.003143500277270021,-0.0022403574863537096
291,17,5.3829345703125,-4.236297568338855,-3.471665157564211,2.3417917608611263,2.3692327547995156,-0.0015412852680424033,-0.0013850716107455105,1.0004049314527326,1.0001368755621953,1.0028228102506898,1.002563454279455,-0.002795205001953968,-0.0021623878516586524
292,17,5.4559855461120605,-4.673160392771179,-3.7508827603615704,2.344950469241444,2.297695264997857,-0.0015101196622527172,-0.0013599013671299878,0.9997762858693563,1.0000659866672916,1.0027620181075088,1.0025726966636912,-0.0012059665266448746,-0.0018650905503224296
293,17,5.630949020385742,-3.424896067276446,-3.861064309737278,2.2352060197309798,2.233775372198728,-0.0011260779129855752,-0.0013180264497398599,1.000000801414406,1.0000235016047547,1.0022475177063648,1.0025675982596747,-0.0012388692721427659,-0.0016525260249674037
294,17,5.61075496673584,-3.4172187511327534,-4.064634215572867,2.164855504030196,2.1888915101886264,-0.0012109610576156846,-0.0013198476562878733,0.9999854647760364,1.0000253733771074,1.0024746557811828,1.0026336151487267,-0.0012993384268454558,-0.0016253231102674691
295,17,6.159660816192627,-3.800264640788121,-4.502826666412634,2.11327295434285,2.176928970877175,-0.0013641434634392106,-0.0013654964920431659,1.0001827532708294,1.000052184763807,1.0028032614662388,1.0027524166491155,-0.002670241385977327,-0.0016635367722969108
296,17,5.400610446929932,-5.972598669150675,-5.008865602602992,2.2118769812219354,2.198818241052252,-0.0015763781585141122,-0.0014027164891071738,0.999983494519731,1.0000796991996546,1.0031197287119427,1.0028300737691034,-0.0014512080926533109,-0.0015841103663839426
297,17,5.7897467613220215,-6.230703192279429,-5.220530185447457,2.2910817431832187,2.2343590768355583,-0.0014964571295381739,-0.001384497004579361,1.0001989431737521,1.000113688524748,1.0029161664925192,1.0028001769014372,-0.0012521574350575326,-0.0014855562032395088
298,17,5.396753311157227,-4.4613504924543905,-5.1301364713556366,2.257667243033642,2.26738390445376,-0.0011842422586074027,-0.0013319183905118426,1.000091944265457,1.0001446058226526,1.0024968507176648,1.0027083020851046,-0.0011980831096145676,-0.0014820825082389334
299,17,5.485897064208984,-4.195100570549688,-5.086590114553617,2.2638776377404017,2.300625960047355,-0.0011564340569647053,-0.0013050110321788215,1.0001723611389675,1.0001782378694166,1.0024333140940171,1.002644732062522,-0.001618734376342321,-0.0015758675382629894
300,17,5.596756935119629,-5.479845384021979,-5.2191937437785585,2.3027852430937257,2.3350719420414654,-0.0014495048189006243,-0.0013102678048536745,1.0001772586344262,1.0002089703399317,1.0028600611674892,1.0026195662379875,-0.0020106593543971793,-0.0016570126461966847
301,17,5.481794834136963,-5.975461935404512,-5.3215620566395145,2.3919610001994642,2.3557964968128617,-0.00145936406800149,-0.001303153430332624,1.0003462624565316,1.0002220851518493,1.002811288083456,1.0025737178345624,-0.0019653183119982473,-0.0016354564381585916
302,17,5.461159706115723,-5.561111194043472,-5.254323613771491,2.525576888581718,2.337046817027966,-0.0010828443214158958,-0.0012862672336045797,1.0001747917788781,1.0002022533833854,1.0020257887860229,1.0025306046937537,-0.0008218432206067241,-0.0015706385555926024
303,17,5.614917755126953,-4.115486143392106,-5.146357739743059,2.1285586620500774,2.278502867109271,-0.0011266913750712772,-0.0013093367565615857,1.0000970846269535,1.000171066939668,1.0023976690936298,1.0025712048826516,-0.0014943420786720537,-0.0015995219740142061
304,17,5.8594560623168945,-4.823135637760605,-5.199463320268744,2.1520719837940123,2.234113381694655,-0.0015447441408250977,-0.001351295825422828,1.0000887932167388,1.0001451439808002,1.002992542634026,1.0026114668082875,-0.0022026359285296907,-0.0016250660160279013
305,17,5.4187331199646,-6.409477153289257,-5.267053379983952,2.268273052945733,2.2170846996257936,-0.001573321182059877,-0.0013287880950409634,1.0002715371630575,1.000109526725058,1.0029005211810738,1.0024979230772029,-0.0018244811345449036,-0.0014990106521021547
306,17,5.580742835998535,-5.134648020141778,-5.090763780716489,2.22304371324115,2.2057060266774418,-0.0011017347962003507,-0.001227083447392539,1.000034208488831,1.0000384501627664,1.0020080279623922,1.002221105428871,-0.0008757134645292291,-0.0012803500735502596
307,17,5.1576995849609375,-4.44315638569642,-4.772775320027462,2.1343024815854754,2.1903905508850223,-0.0010653819190303362,-0.001119709198245814,0.9998183471615788,0.9999561612376995,1.001837034892421,1.0019213958537954,-0.0008560122306991543,-0.0011517766467752655
308,17,4.975844383239746,-4.087855710954213,-4.4981998838777075,2.276249865367739,2.166817339834626,-0.0007709438420095486,-0.001054303624091262,0.9998751963024692,0.9998872576531863,1.0011121084800612,1.0016947528786209,-0.00100850307313915,-0.0011626075221003807
309,17,5.2378668785095215,-4.925854061793265,-4.305026398089754,2.14567260065182,2.1222950378044683,-0.0013692957692306813,-0.0010241129561868218,1.00000298363044,0.9998070303604194,1.0021302892615136,1.0015385296310528,-0.0018792783972272503,-0.0012119518151428857
310,17,5.11916971206665,-4.339157890739389,-4.111110778202265,2.0075941347429,2.0799534331443224,-0.0011190307942490609,-0.0009472777521123681,0.999618735602023,0.9996914320555013,1.001658494098924,1.001287847359408,-0.0010232518688169448,-0.0011763008415521963
311,17,5.215934753417969,-3.4336409175793947,-4.032058635643459,1.9477918538493662,2.074346494439247,-0.0006103675516034992,-0.0008509296159441035,0.9995173925603306,0.9995765972668563,1.0006539756638586,1.0009627587267493,-0.0007964627671675163,-0.0011353506936866483
312,17,5.379272937774658,-3.294559006819609,-4.264827745518005,2.1039984097164335,2.105876473055504,-0.0006262143183517201,-0.0008310727218817535,0.9994965360523419,0.9994850908698675,1.0004129463622942,1.0007369139822362,-0.001352509603668727,-0.0011436872447422254
313,17,5.470037460327148,-5.506487171590573,-4.73685536282217,2.3211820286775597,2.1247398075821478,-0.0009769766450115922,-0.0008981086345919146,0.9993453088947639,0.9994136529263274,1.0006561512581402,1.000681984627379,-0.0011817755130533127,-0.0011432071965787537
314,17,5.5804595947265625,-6.037643625315942,-5.058501425695895,2.261302059303399,2.086142777505165,-0.0011290826323481662,-0.0009785643687574876,0.9994405958354138,0.9993520352731715,1.000819675673683,1.0007304814135438,-0.0011428091487701176,-0.001120880448828813
315,17,5.445193767547607,-4.917766871706884,-5.099273216620007,1.8370586151911983,2.0261076766765473,-0.001026250409499015,-0.0010207436268083367,0.999308892179605,0.9992752880246799,1.0009343599030576,1.000786071990714,-0.0009133269318060995,-0.001096308003210624
316,17,5.487541675567627,-4.33211295043546,-5.105669429562958,1.816176346532192,2.0398095837498746,-0.0010564102185368206,-0.001030399868955007,0.9991798783319862,0.999185145143823,1.0010010988232647,1.0007926118622064,-0.0011813777406191406,-0.0010841966730244588
317,17,5.645029544830322,-4.919850891867187,-5.279403127975025,2.161615385242086,2.1542336957960626,-0.0010256136834078848,-0.001029924047563078,0.9991328979069886,0.9991016721890604,1.0007150754581102,1.0007691712567668,-0.0015551873188010892,-0.0010473493730408933
318,17,5.5391845703125,-6.247393483825748,-5.516145199682886,2.5006596409000257,2.305585722660694,-0.0009242077525203733,-0.001050584161065448,0.9989027331238572,0.9990485973749947,1.0004217334342744,1.0008131622332335,-0.00043760488435396443,-0.0010080569282088158
319,17,5.141353130340576,-6.17098691826897,-5.588188237801862,2.600739685524021,2.430041978442442,-0.0011157376957445907,-0.001113805060333302,0.9991406200941367,0.9990473478928512,1.0008761155719395,1.0009887467687952,-0.0010657039881922844,-0.0011177640537328567
320,17,5.491975784301758,-5.138542966231421,-5.5340441553068525,2.332045313024572,2.544707262949619,-0.0011186860446943583,-0.0011984111964213045,0.998872785654109,0.9990811105347355,1.0012770777268676,1.0012144336167963,-0.0006744725385653714,-0.0013741552789846695
321,17,5.632356643676758,-4.509944365191086,-5.623065676797962,2.5071635696947654,2.724537702315854,-0.001461205730052687,-0.001266579881995197,0.9992757150433926,0.9991357411565421,1.001897364222274,1.0013419742644358,-0.002609664259249801,-0.0016499884753356615
322,17,5.747766017913818,-6.3193681033990865,-5.949405956781176,3.144436955473778,2.9695842034478,-0.0012594885044804579,-0.0012699813222550088,0.9992492350060422,0.9991466480316404,1.001108882541888,1.0012806426590746,-0.001973288866148724,-0.0016575363868449994
323,17,5.783876419067383,-6.963128506255337,-6.233909912203388,3.3051395583866507,3.2040367992314516,-0.0012958310058354824,-0.0012174773327978722,0.9991524208349318,0.9990867203902012,1.0011274587920254,1.0011156829011112,-0.0013842903756271345,-0.0013955124247601812
324,17,5.703875541687012,-6.167147198046067,-6.286549999039883,3.3926385178387757,3.399900900417831,-0.0009554741686434418,-0.0011370988411826474,0.9988776540050108,0.9989796821715747,1.0006145046457389,1.0009229328966178,-0.0005044966863437984,-0.0010455727994016916
325,17,5.462674617767334,-5.717676022920611,-6.177358908629199,3.3840588600888477,3.5761822350388055,-0.0011512138460055602,-0.0010667266370369155,0.9989140498344761,0.9988708456743788,1.0010663959183719,1.0007424523256494,-0.0010960837537859459,-0.0007669588789181229
326,17,5.141861438751221,-6.229578657132339,-5.9579157977141515,3.9125637751869293,3.741555073130381,-0.0010091840384400317,-0.000997747130836047,0.9986759936916203,0.998780825505786,1.0004135168092578,1.0005406346357126,-0.0005261088764063537,-0.0005668578224662276
327,17,5.5467305183410645,-6.516215428551249,-5.538232389912148,3.881041854261041,3.8540508235922166,-0.0009470225724504566,-0.0009360743448389978,0.998723906984518,0.99872727996566,1.0003531173933173,1.000356777127053,1.0542992512803628e-05,-0.0005153907443472467
328,17,4.995996952056885,-4.211056311746,-4.966016409470678,3.7506146579898645,3.9172421135624407,-0.0010240963080755227,-0.0008996572189625207,0.9988225317299968,0.9986947545788807,1.0006271267950673,1.0002130009495604,-0.0010172238574791752,-0.0006522077224790603
329,17,5.21439266204834,-3.6652718120059355,-4.57400462497938,4.07871989422051,3.943935166656865,-0.0004981423777041173,-0.0009220857572611182,0.9984968721357292,0.9986688126673612,0.999329364516032,1.0001556636840665,-0.0006044213897071711,-0.0008692279193348387
330,17,5.674066543579102,-4.930530163695469,-4.4320765909001025,3.905310913482828,3.902065645947469,-0.0011709579051974851,-0.0010451315941300743,0.9987554028289926,0.9986649524008812,1.0004869245956063,1.000305502905327,-0.0014389277189074503,-0.001120159035010976
331,17,5.738351345062256,-5.12218392551185,-4.270743886279341,3.982013173643059,3.7917317367467867,-0.001364228652734634,-0.0011854340854175374,0.9986345893847705,0.9986580070025556,1.0006798776938315,1.0005492051643683,-0.001202422735243961,-0.001325793280483439
332,17,5.737549781799316,-3.860803513834886,-3.9774475988219637,3.456222224884985,3.6414387975157063,-0.0012798404783312398,-0.0012794566366368819,0.9987218863107431,0.9986360129096873,1.0008887337943442,1.0007729799636818,-0.0014657741487648938,-0.0014795678208138065
333,17,5.539735317230225,-3.202199969434025,-3.752052525670692,3.48374384744514,3.5274294363792817,-0.0012710604956879333,-0.001333073155727646,0.998585389776589,0.998593862217921,1.00085656475753,1.000930700059596,-0.0015452055023978109,-0.00155953166116064
334,17,5.885226249694824,-3.0325898115878656,-3.7800145382395645,3.442783664646961,3.47689509285214,-0.0013327117479614153,-0.001361818846437337,0.9985188267590014,0.9985521205091352,1.0009982243282967,1.0010189562151826,-0.001963154271783679,-0.0015278150351371253
335,17,5.623029708862305,-4.630801809445364,-3.9918403898967,3.4417031905918787,3.484324325028204,-0.0014686501518241756,-0.001358082411048986,0.9985510193778094,0.9985328796888624,1.001253415219031,1.0010173162413905,-0.0014028350277837073,-0.0013760282571639408
336,17,5.78778076171875,-4.775318924116544,-4.081836498154472,3.5435121722019276,3.525888794156663,-0.0013962286843896105,-0.0013087831709331886,0.9984210132666314,0.9985481946416678,1.0010478192583399,1.0009120407004997,-0.0006981281883499033,-0.0012385101783902771
337,17,5.460662364959717,-3.707406308694103,-3.953229576361683,3.632406246614824,3.5622343541694383,-0.0011088171688721107,-0.0012424766675279498,0.9986243254358498,0.9986030156122241,1.0005021215592886,1.0007774868381518,-0.001126140288334516,-0.0012496051844208373
338,17,5.437190532684326,-3.4523350318479236,-3.7693331826364225,3.6031734645599776,3.562171937982552,-0.0011291449684817554,-0.0012143382068224738,0.9988185910538286,0.9986638539296963,1.0005618919601242,1.000728978129363,-0.001698616735032605,-0.0013580665348173677
339,17,5.5582075119018555,-3.670641690215128,-3.6404527621086324,3.5437050169032234,3.5231461826671215,-0.0012507917607265384,-0.001234333705763103,0.9985936477520859,0.9987070872079887,1.0007951554532386,1.000785769467964,-0.0014335698460654267,-0.0014554073390571065
340,17,5.452690124511719,-3.917563739805963,-3.5512898955108683,3.4327415047928906,3.4641391205033054,-0.001358054505817815,-0.0012736607869653302,0.99879930069827,0.9987537995929643,1.001057857026592,1.000888046336608,-0.0015976127469311666,-0.0015362189865865577
341,17,5.467831611633301,-3.353030509822729,-3.500788727016837,3.3756976763761006,3.4118372164254103,-0.001283428406249455,-0.0013089530792487912,0.9987224542583951,0.9988040202015754,1.0009597456862738,1.0009793492239458,-0.001227636641355041,-0.0016218027072769092
342,17,5.422023296356201,-2.9692172520956106,-3.601823056413253,3.3824590074990106,3.3809783189519003,-0.0012644019070959915,-0.0013446102107564464,0.9989149568326493,0.9988567788923408,1.0009190726117754,1.0010597811389426,-0.001999553014145628,-0.0017191125466874588
343,17,5.528254985809326,-3.9310656405166235,-3.894693999379001,3.361104857159747,3.371565019950038,-0.0014365709507801188,-0.0013767459480533628,0.998990791005265,0.9988923367883134,1.0012440356017613,1.0011252516391933,-0.0021407183992734713,-0.0017309426140306016
344,17,5.59481954574585,-4.7434807424316245,-4.195732775498024,3.3844149417361495,3.3801721378915524,-0.0014452745129162779,-0.001377140256044218,0.9987486367513189,0.9989120669617947,1.0012399690436689,1.001132269128738,-0.0012723163201106885,-0.0016563287454710942
345,17,5.56794548034668,-4.967056840990688,-4.325577639420596,3.385608694896134,3.4003404855925714,-0.0013941904269417255,-0.0013365565201845732,0.9990076654371041,0.9989417044100312,1.0011777739293233,1.0010743040137862,-0.0012824233016223425,-0.0016236775046758948
346,17,5.330608367919922,-3.4827335643614066,-4.344505859365912,3.4737851200651666,3.424916433342945,-0.0011795691428827019,-0.0012783565454700873,0.998955970702112,0.9989661990271049,1.000836178617184,1.0009994238758095,-0.00193014287279691,-0.0016390214868052249
347,17,5.4752044677734375,-4.229365299252916,-4.499561783276339,3.4193660375967165,3.4463475133437727,-0.0012942804368368116,-0.0012424355864526393,0.9990273344764107,0.9989780617571244,1.0010934217451237,1.0009853642602273,-0.0020036463853548817,-0.0015869993415150024
348,17,5.172050476074219,-5.184698864503736,-4.7739590922987345,3.52622706290435,3.4702839945574127,-0.0011480771083721367,-0.00124410292762157,0.9989561634357697,0.9989759829981627,1.0008059317221147,1.0010718101679308,-0.0011685426356942228,-0.0014584086124164067
349,17,5.241103172302246,-5.109382968257345,-5.021668747446224,3.4980018288350903,3.502300515885554,-0.0012742497757017661,-0.0012993903515260117,0.9990397812203433,0.9989726899719857,1.0012524008934331,1.001297896202699,-0.0013057894850863833,-0.0013844179964910626
350,17,5.482193470001221,-4.917385177475025,-5.223953830752212,3.3582487888807115,3.5647372122781804,-0.0014778487866424145,-0.0013932153710105996,0.9987581787412203,0.9989839733002233,1.001905600537732,1.0016156909400356,-0.0011334871445793382,-0.0014239892135183866
351,17,5.678337574005127,-5.639261321767942,-5.402101863332003,3.8654452454968378,3.6658925215832916,-0.0014300713275323422,-0.001500633456410484,0.9991037798936807,0.9990279966724234,1.0015960902028807,1.001962957917523,-0.0017150148910712692,-0.001559328800628602
352,17,5.454780578613281,-5.66654055761343,-5.501204216978319,3.7542486361691103,3.7605791059208924,-0.0015303512198209179,-0.001617233719169323,0.9991730715103957,0.9990588237669044,1.0022199311325728,1.0023409288153728,-0.0018969732132675002,-0.0016807766217676356
353,17,5.992138385772705,-5.601007275267739,-5.53308399954305,3.7773733449037015,3.851803950797089,-0.0018511211583653623,-0.001715009500027887,0.9991167124657911,0.999046254143897,1.0030623728136805,1.0026434549187433,-0.0016729073767495126,-0.001724054164057118
354,17,5.948820114135742,-5.2016879509263365,-5.590600070452785,3.954991712968571,3.9509681618074253,-0.0017787025326000182,-0.001741701863277731,0.9988906693766307,0.9990106799635411,1.0028153495118224,1.002726847154443,-0.001478737343137709,-0.0017067659778776253
355,17,5.868724346160889,-5.131613919017075,-5.771020270342973,4.0277013816012035,4.045260097025133,-0.0016958316268425935,-0.001684596176207392,0.9989302898966661,0.9989951618362954,1.002601338643565,1.0025794469857203,-0.0021346172838152353,-0.0016298455840988288
356,17,5.628104209899902,-6.794737259599325,-5.999093401662983,4.135282785905288,4.115738889246195,-0.0016448131682334822,-0.0015548441497372234,0.9990081305960599,0.9990043072400863,1.0023930482770478,1.0022538022452327,-0.0013258922580355477,-0.0014574237046119738
357,17,5.880805492401123,-6.685100971230097,-6.0259008152584865,4.2614706875884,4.13969259529018,-0.0013778094993456644,-0.001377742452338461,0.9990518234566161,0.9990121846032325,1.001770163473903,1.0018283484353356,-0.0009366972372080608,-0.0012887638908290774
358,17,5.4892497062683105,-5.465977745118756,-5.868976538949806,4.101707294260248,4.109398406685565,-0.001110428415949447,-0.001209462439639282,0.9990489718861149,0.9989920756567428,1.001278469651889,1.0014249281373808,-0.0012463604808901213,-0.0011918124909282282
359,17,5.473577976226807,-5.116041412267367,-5.792761250878999,4.005478054181409,4.0577647399367205,-0.0010221560787644632,-0.001105339710348448,0.9989509461761595,0.9989352822170198,1.0009836562572891,1.0011456853235166,-0.001249734124440255,-0.0011135271188703522
360,17,5.746114730834961,-5.846222241713209,-5.922396859078956,3.973501423527081,4.020607894591432,-0.0010663616431555915,-0.0010803111720355586,0.998939431673679,0.9988568342916248,1.0009776669513146,1.0010249827174333,-0.0013707752066664076,-0.0010020887866362806
361,17,5.5811614990234375,-6.553315395319575,-6.11434625352102,4.019151301890836,4.011565344847175,-0.001130929583309686,-0.0011117381877202594,0.9985721379969347,0.9987886479312594,1.0010582752333947,1.001026246432407,-0.00033394100162982256,-0.0008866234894329763
362,17,5.863369941711426,-6.196395717705422,-6.179554183087655,4.075654081374072,4.024975584593246,-0.0010433625690592931,-0.0011669700296256212,0.9987325583913658,0.9987730784770594,1.0008534664039026,1.0010863161196237,-0.0005468259879069068,-0.0008830305663108191
363,17,5.685244560241699,-5.793383379384774,-6.070824161970471,4.033136019075593,4.057964892852965,-0.0013459823728271916,-0.0012085458333905333,0.9988965505189131,0.9987835956622837,1.0013938858970415,1.0011298586605566,-0.0016073242410240894,-0.0009253899465618198
364,17,5.660802841186523,-6.325501029520661,-5.760166378470964,4.02818475774261,4.122764170254778,-0.001448537890448888,-0.0011716807498111455,0.998864962467826,0.9987717129317055,1.0015895534484316,1.0010301483373376,-0.0012542914968741768,-0.0008484204096651327
365,17,6.012340068817139,-5.789002813741565,-5.175980131928879,4.281085707537725,4.219662117879631,-0.0009569551373988176,-0.0010500152411017198,0.9986237820614384,0.9987307954366297,1.0005086828020322,1.0007753608229484,0.00018978869473596435,-0.0007190053215704991
366,17,5.604030132293701,-3.621732808202949,-4.460699650385991,4.389000351608244,4.320437535228603,-0.0007869079957110154,-0.0009329890822194522,0.9986798080471387,0.9986859054893413,1.000289238221299,1.0005397779100142,-0.000861127597035483,-0.0007220945290642014
367,17,5.4548492431640625,-3.620382161394583,-3.9310483273111028,4.38189614354227,4.41451298515753,-0.0008418660139835075,-0.0008908751510049459,0.9987974317578151,0.9986348848759384,1.0003971237456457,1.0004373576722203,-0.0011436009374392883,-0.0007953502744181486
368,17,5.50330924987793,-3.7757542933685073,-3.6469055764767355,4.558676008079242,4.516373079595143,-0.0009392393828335909,-0.0009335739738593151,0.9983449351375914,0.9985786693292176,1.0004449853965152,1.0004736020696048,-0.0005950859666571895,-0.0008791204001461329
369,17,5.312046527862549,-3.924550484189546,-3.5039659872690705,4.617564528978982,4.63875272714444,-0.0009456902021246779,-0.0010427058767995287,0.9987180999106878,0.9985529774073375,1.0004111060434786,1.000617101620304,-0.001086551386518539,-0.001019202156779594
370,17,5.257385730743408,-3.271631029862394,-3.4510603898215657,4.736391649144592,4.804057096836935,-0.0012838579776311943,-0.0011893470211509186,0.9984059625935371,0.9985427186376997,1.0010224453067509,1.0008057696174488,-0.0007494347198948174,-0.0012009744468607685
371,17,5.253012657165527,-2.5298249861044346,-3.576497565618337,4.8139789242108835,5.025169532469992,-0.001304323955743089,-0.0013199510931846395,0.998591864441384,0.9985579238414147,1.0010811428100685,1.000923193816311,-0.0020588617169382643,-0.0013701164142595826
372,17,5.197615146636963,-4.455170038859671,-3.852705735002435,5.5070460817808575,5.271677779974842,-0.001486870666608288,-0.001403856446103788,0.99861454949263,0.9985786044223409,1.000903587628389,1.0009235190187362,-0.0015204959694701968,-0.0013819215518480889
373,17,5.414477825164795,-4.875984695270471,-3.9283116987626547,5.509773313718283,5.454976854143835,-0.001465612969351239,-0.0014203384086208673,0.9986269297098347,0.9985878019073956,1.0008607742941524,1.0008322160431198,-0.0009615871240467483,-0.001302032422819002
374,17,5.210071563720703,-3.523048500954864,-3.6507895750026256,5.532784155238072,5.554408088124716,-0.0013726023823113233,-0.0013799066534471176,0.9986068996878243,0.9985872439108524,1.0006697860695206,1.0006838790818127,-0.001159556901712237,-0.001274484395739379
375,17,5.218384742736816,-2.655663590164623,-3.230335112847542,5.507680404006678,5.5864108656552185,-0.001311603834943949,-0.001314989425807049,0.9984324090539481,0.9985967474501735,1.0005746538645872,1.0005198511636713,-0.0012496987711824936,-0.0013298299315910314
376,17,5.057513236999512,-2.7398540777074043,-2.8637372979674485,5.4983679758527,5.557795613758853,-0.0013266136537504892,-0.001259038112310936,0.9986499759195744,0.9986320503788397,1.0006122179265946,1.0003837590530251,-0.001675606497507009,-0.0014230735989162577
377,17,4.889995098114014,-2.752466857888956,-2.5273162802639124,5.794082231776612,5.441089256578308,-0.0009627448569649859,-0.001249628108240331,0.9987929332888927,0.9986553784793487,0.9996175299634237,1.0003569789614404,-0.0015778178995443472,-0.0014937403718529529
378,17,5.305391788482666,-2.6884562707697994,-2.124358145998018,5.221403881266984,5.212619823000139,-0.0013634499524361235,-0.0013221873233830903,0.99853774071602,0.9986333024763506,1.0005505640492525,1.0005398778553565,-0.0010168421764370562,-0.0015704949150017848
379,17,5.353482246398926,-1.201079578777672,-1.6758529158633217,4.686927134685072,4.970038086775187,-0.0015204702713063575,-0.0014193806708205677,0.9987348778445045,0.9985747903454186,1.00119527624494,1.0007902850446213,-0.0020343676674451534,-0.0016866597302693793
380,17,5.638062953948975,-0.8531312660778724,-1.3756981005232118,4.811554701378262,4.821296700885069,-0.001520117023419784,-0.0014810853878097154,0.9983113486011268,0.9984819660059002,1.0009709259651454,1.0009383741582019,-0.001751930807875105,-0.0017229359002286213
381,17,5.340633869171143,-1.61663923921969,-1.2606485396921245,4.795174865392949,4.777673879484847,-0.00155211488370256,-0.001488459246724225,0.9985097029965839,0.998389208848871,1.0010480594899516,1.0009561525501953,-0.002124580391372444,-0.001633653529377375
382,17,5.465037822723389,-1.760290589834137,-1.183534676651075,4.779315192675356,4.824547903575202,-0.0015657821011725154,-0.0014497054271518954,0.9982388506170649,0.9982980948826925,1.0011654570854294,1.0008688587524435,-0.0009530426419984011,-0.0014543867085303635
383,17,5.117679595947266,-0.6644361915421252,-1.1240734292458168,5.00047628251824,4.948646188022541,-0.0012054276458892015,-0.0014078257806687039,0.9982238490110869,0.9982321771326657,1.0003672458380428,1.0007608902601368,-0.001073090456184126,-0.0013485127598171025
384,17,5.599861145019531,-0.2053200475349465,-1.2471601053909955,4.9408009754531115,5.127429090419216,-0.0014199086631274118,-0.0014328265310542905,0.9980699206692794,0.9982045600984955,1.000827560177523,1.0007903731651633,-0.0018043730482431933,-0.0013279575012241215
385,17,5.215743064880371,-2.377921653636244,-1.5191612482321155,5.733269374243871,5.3370405445350775,-0.0012872211431070922,-0.0015328497860259242,0.9984377968604223,0.9982092053331666,1.0001695826064039,1.001006296438404,-0.0014379552302456863,-0.00130599930134392
386,17,5.683747291564941,-2.6285159062914834,-1.5928291393156062,5.288907803697449,5.530087588726228,-0.0021375863773072847,-0.0016728556853750842,0.9981622850017662,0.9982141602785258,1.002441941410168,1.0013634444105834,-0.0010351319840627995,-0.0013423172102017345
387,17,5.182514667510986,-0.9629680644022941,-1.4165566049270162,5.709683985798212,5.760569547294876,-0.0016761718490955547,-0.0017703254602779801,0.9980129072434543,0.9982509445613279,1.0015966953526285,1.0016198530082254,-0.000896182960097864,-0.001556506859861301
388,17,4.861072540283203,-0.631382067922401,-1.3167398583538328,6.136326819445211,6.032409406870291,-0.0012284700300131339,-0.0018673195398985329,0.9984508715827696,0.9983330124371641,1.0005834760271926,1.0018165560403964,-0.001700948747294672,-0.001920567628281261
389,17,5.376383304595947,-1.0297071330324512,-1.487085885461414,6.327620646537853,6.321196882256865,-0.0022551752271282055,-0.0019546814830305025,0.9985683737016853,0.9983975286481884,1.002463540530184,1.0019657358076746,-0.0032698226221982802,-0.0021325222936498136
390,17,6.062587738037109,-2.2933196993833924,-1.7981634017324482,6.3321723622678805,6.635789225830098,-0.0031209947927308026,-0.001812410967410415,0.9982567593276243,0.9984176856363636,1.0042221592920615,1.0016793579810916,-0.0029122962069043517,-0.0018515215845730326
391,16,5.577937126159668,-2.8013380240345396,-1.9432357260451751,7.2417331209593145,6.972183308334946,-0.0006504917829244167,-0.0013706414367064242,0.9984717419545595,0.9984224905374213,0.999326019462433,1.000832542305058,-0.00017828487262128368,-0.0011894215805314397
392,16,5.342089653015137,-1.6179582832957244,-1.8028678364947435,7.265686457617503,7.250810368007214,-0.000520019432978125,-0.0009478833040103471,0.9985360474780135,0.9984077874856861,0.9993126025059558,1.0000393287305787,-0.0001459520045165271,-0.000615369272829003
393,16,5.363048553466797,-1.0662132557816575,-1.552531794594657,7.494944071173632,7.453808354018815,-0.0006927456145353735,-0.000706450040379993,0.9982052634902003,0.9983823364244103,0.9995625848707258,0.9995849292200273,-0.00011401810372021223,-0.00032752691656878243
394,16,5.304586410522461,-1.1499349496944775,-1.3367519246707873,7.464672629276997,7.59260898494545,-0.0007825102964545975,-0.0006133178574715659,0.9984293551558103,0.998385805723354,0.9997642143037077,0.9994005541753999,-0.0007795932307563263,-0.00027643159164979534
395,16,5.331756591796875,-1.3773868531689706,-1.114054099464279,7.724531641012377,7.682721686778294,-0.0007443463650193336,-0.0006103191713191102,0.9983009151017167,0.998414860893503,0.9995148740562079,0.999381159750855,-0.00035886028004314234,-0.00034695364411634896
396,16,5.67108154296875,-1.325575712585716,-0.7648614582625617,7.589260909684162,7.7050436309579515,-0.0007179980842230555,-0.0007035574966942253,0.9985590040133149,0.9984568437490938,0.99968077909031,0.9995479965072535,-0.000535215446999572,-0.0005701283207744532
397,16,5.56519889831543,-0.3708279972704986,-0.283035228122685,7.835777613488713,7.634573099988407,-0.0007305133982167607,-0.0009570442680590392,0.9985708406616846,0.9984739097964878,0.9995587251969149,1.0000050429167138,-0.0007235616674378001,-0.001018682353049304
398,16,5.513282775878906,0.4698713772741274,0.13442996603457769,7.741958535659789,7.429380591867924,-0.0005562162366694918,-0.0014322365451280702,0.9983810698583673,0.9984585725974485,0.9992141005570024,1.0008733246444714,-0.0006623696297760588,-0.0017321532019039828
399,17,4.760671615600586,0.7901846928626932,0.2456661241484921,6.942617052702332,7.126642123785813,-0.0026291812483127926,-0.0020510026771102773,0.99833205454577,0.9984357282603,1.0031173617899631,1.0020122694154099,-0.003062282111595968,-0.0025696891720204213
400,17,5.802260398864746,0.5303011006425128,-0.04280492961547622,6.64534690866102,6.861743153075262,-0.0030717828163962144,-0.00249218020722505,0.9985698774405033,0.9984040223928479,1.0039235143272163,1.0028205349919808,-0.004678583313207545,-0.0030729432884832944
401,17,5.794220924377441,-1.5137666753202477,-0.5544938824696792,6.69504359832384,6.710681269400959,-0.0025543303688567416,-0.0026213683611294885,0.9982215134238401,0.9983321585091756,1.0028603040754398,1.0030545453393442,-0.002338442789297153,-0.0030082159177108464
402,17,5.838801860809326,-1.1581029608560756,-0.9545856978106683,6.695144351666631,6.660627378884698,-0.0024645623498664275,-0.002540840196355438,0.9984470563509852,0.9982247906272781,1.002705379534351,1.002916079670413,-0.002645120837539624,-0.0026577158500681814
403,17,5.827192306518555,-0.5833167886125595,-1.1926427277126221,6.672213258209193,6.678705388982075,-0.0019760033560640104,-0.0023721488386796033,0.9979163126533293,0.9980820253777475,1.0019448971460694,1.0026163789833682,-0.0020071331811014432,-0.002214484066561417
404,17,5.683322429656982,-2.033515741801658,-1.3135856126319878,6.668046274926225,6.741506062090629,-0.0026525973146097914,-0.002174021865980343,0.9980458112751325,0.9979539796225995,1.003172801256722,1.002226976624473,-0.0020735060192726344,-0.0017955514969414605
405,17,5.694594383239746,-1.079206231815069,-1.2392571580007599,6.870825467775635,6.820232019471398,-0.0017579940453914362,-0.0019089984732026284,0.9977208390367891,0.9978623246300716,1.0014291739536507,1.0016608620354384,-0.0010592614372968562,-0.001472109252818199
406,17,5.699070453643799,-1.0816179481143033,-1.066940283128092,6.888556667378107,6.865403564754304,-0.0017117903898110508,-0.0016532792537477688,0.9976979005479372,0.9978338961466519,1.0012207971119556,1.00107029398761,-0.0009700926695411764,-0.0013563175738167401
407,17,5.38332462310791,-0.4356529249586635,-0.901788223533251,6.933535404577097,6.840116806937069,-0.0012249424404491985,-0.0014775642504032682,0.9979708637648611,0.997845059367331,1.0001162167645967,1.0006216357414084,-0.001833592716085085,-0.0014147709983862234
408,17,5.231780529022217,-1.025763319045745,-0.8009055171674652,6.88310472409076,6.727262830657491,-0.0013258806308156718,-0.0014379223847287685,0.9979567444215688,0.9978261831563873,1.0000706205296033,1.0004688689732586,-0.0015374877562200728,-0.001487758727409952
409,17,5.297210693359375,-0.8187970828987761,-0.683364281171397,6.4281399260836825,6.556887312654153,-0.0016389853516222313,-0.0014996176525338772,0.9977472799498164,0.9977504688021744,1.0008916438386097,1.000572049059566,-0.001580295903213262,-0.0015304582864142933
410,17,5.509728908538818,-0.5072239884844948,-0.517787548265922,6.343054959683366,6.4097242800001295,-0.0016333901209158578,-0.0015797058943195874,0.9975600481887085,0.9976466047673928,1.0008496887855893,1.0007382001034744,-0.001399129137755153,-0.0015551183163108615
411,17,5.600238800048828,-0.28014342698865685,-0.337766653351148,6.320778489217347,6.330180708005992,-0.0016574637341504883,-0.0016378996242665048,0.9975038135927435,0.9975461687153341,1.0009087206199796,1.000858996091403,-0.0016032911489271928,-0.0015822519115585363
412,17,5.576844692230225,-0.26798393398785164,-0.1801448082652267,6.311980429560234,6.328405410998846,-0.0016825196685577538,-0.0016655590250051239,0.9975208524320169,0.997447806529325,1.0009543459328054,1.0008951808495563,-0.0016702285747281864,-0.0015859150287502917
413,17,5.488832473754883,0.06989530782285712,-0.06898890782594597,6.389122672718215,6.404427595383267,-0.0016582884435815425,-0.0016665080194575707,0.9973177000817447,0.997334854280897,1.0008541568664715,1.000838419648613,-0.0014075133047339232,-0.001541113873581497
414,17,5.556059837341309,0.5213879376172394,-0.04123147432112945,6.474912105377446,6.550708622461462,-0.0016223773206968843,-0.0016511828605240526,0.9972772323666639,0.9972100990029633,1.0007229766930317,1.0007056413017508,-0.0018580579357197204,-0.0014415500142069583
415,17,5.552124977111816,-0.5204595199326901,-0.04719985344525593,6.8413747096118565,6.7468275786737255,-0.0016703310899921638,-0.001626254020839933,0.9970364913698521,0.9970822763551294,1.000507578934134,1.0005254790268674,-0.0013106228080360604,-0.001277827786867014
416,17,5.244900226593018,-0.8301629067226175,0.12334710334197008,6.895122566081599,6.95359878504423,-0.001640482872907935,-0.0015917407212466643,0.9969509262695189,0.9969773345921111,1.000415274584292,1.0003322010591993,-0.000498457177686623,-0.0011716038429039773
417,17,5.5186309814453125,1.3550724990243712,0.48698105024511246,7.201854715057596,7.152140210251472,-0.0013937946178872729,-0.0015642238305571057,0.996854001273074,0.9969092230685632,0.99985566636663,1.000162686214251,-0.0012971125069546493,-0.0012324132834993474
418,17,5.52829647064209,1.247775987113935,0.764922053170374,7.3423536596882615,7.315515756488722,-0.0016042252635557331,-0.0015664535068728145,0.9969537574384623,0.9968743104321118,1.0001412697172325,1.0000551416473105,-0.0018506529049645605,-0.0013459563508540899
419,17,5.400117874145508,0.4194229995487599,0.9286336227846537,7.507325755699025,7.430718578817733,-0.0015720850557361416,-0.0015712526027300783,0.9967701164409195,0.9968547956362827,0.9999064557548157,0.999958943758955,-0.0011283293731299316,-0.0014040641266589249
420,17,5.591314792633057,1.0468616101849622,1.1414812682938598,7.476324747112075,7.504443923494325,-0.0016173368458199183,-0.0015498779335942467,0.9968170650397323,0.9968477295931156,0.9999386609986269,0.999822135961072,-0.001418792518187146,-0.0014501156650558796
421,17,5.487283229827881,1.1541145327867166,1.4264365249408026,7.552246977635917,7.569325691369032,-0.0015243686721235143,-0.0014826744884802003,0.9970624983599158,0.9968254983460787,0.9996882005019238,0.999591888502459,-0.0016736522283367287,-0.0014735567914236098
422,17,5.364571571350098,1.9707607551421826,1.7086512090657637,7.491323916217318,7.653673939903249,-0.001380786445684047,-0.001376105377973838,0.9966831849455273,0.9967630276688767,0.9994500192217829,0.999257952906973,-0.0010416599781841193,-0.0014468110961017848
423,17,5.343948841094971,2.8586763672053976,1.83590063710258,7.788218263963896,7.7638551259306725,-0.0013024472490230947,-0.0012567233941696042,0.9965369597142059,0.9967057835683475,0.9989387486160693,0.9988686535058009,-0.0020996613278635645,-0.0013726184054552997
424,17,5.037564277648926,0.8533235923428271,1.809702279756204,8.02204190049442,7.851527471446195,-0.0012262014075088497,-0.0011600960108054028,0.996684466842802,0.9966775720938942,0.9985085340179649,0.9985518983041028,-0.0011283176303972864,-0.0011945417670547768
425,17,5.221062660217285,1.0262090522006306,1.9192433713000048,7.916643021163598,7.87781282774634,-0.0009671763341930318,-0.0011436145894868862,0.9968897009058837,0.9966383354052182,0.9981022058093255,0.9984720979925191,-0.0003524318715240944,-0.0010641282785092872
426,17,5.131171226501465,3.5351871795140957,2.1278628724895152,7.856767580490679,7.8691839516699975,-0.0010196382886406509,-0.0012765665262840908,0.9965186644508707,0.9965577301923455,0.9982532334044256,0.9987524671359878,-0.001455114089449668,-0.0011102757573435015
427,17,5.288027286529541,2.1992950913455,2.1289477853760683,7.791337663658557,7.879425125282421,-0.0015626246605055052,-0.0015507237268788773,0.9962594842528919,0.9964894485165505,0.9993796475483416,0.9993411609648917,-0.00115760189548009,-0.001240245535402081
428,17,5.7862443923950195,1.2579317436073632,2.0350130288901545,7.911904091239428,7.953788513829721,-0.002118342305529878,-0.0018541466976589678,0.9965779631190423,0.9964755448818333,1.0004983355725445,0.9999837963520332,-0.0015997754649815607,-0.001412860962085082
429,17,5.66703462600708,1.6713584065932559,2.0414962642643824,7.950608032895283,8.102765205700965,-0.0022287747752044148,-0.0020782926794435485,0.9965976401027212,0.9964841273500363,1.0009304987590393,1.000437961594616,-0.0014380595816230037,-0.0016039433788012948
430,17,5.361684322357178,2.738412000736298,2.0640441261012783,8.490391067704328,8.302913667453627,-0.0019026438482540136,-0.0022148616354186437,0.9962771313956728,0.9965066071423351,1.0000255380384369,1.000674333219691,-0.0011736318909702688,-0.0018298282914125557
431,17,5.51181173324585,2.7299309168515387,1.8892077450135898,8.521837309768163,8.492854310758158,-0.002023293300484613,-0.0023005482843627594,0.9967424878270528,0.996560899959415,1.0002332112913987,1.000813924452231,-0.0028450252658138767,-0.0020112122324688025
432,17,5.420139312744141,0.9180502769457594,1.5735132699896317,8.817765138248028,8.664956715765905,-0.0025961416018859085,-0.002254740529859441,0.9966375132736272,0.9966113545891615,1.0011599559918982,1.0007485143649626,-0.002347544701380567,-0.0019013864461078266
433,17,6.313518047332764,-0.037015007034476556,1.458224663397265,8.451673836716823,8.850282272913493,-0.0032901541583800543,-0.0019058879285924605,0.9964356518952546,0.996666063002113,1.0029477171867502,1.0001541016124722,-0.00144027043762265,-0.001516039616498961
434,16,5.559296131134033,2.4727716203702794,1.6156730243926294,9.126414751913988,9.102892684092184,-0.00022949218997007846,-0.001283524257070672,0.996819881805293,0.9967391866478122,0.9972132794162901,0.9990165697365723,-0.00019526952249953136,-0.0010863829460027049
435,16,5.51520299911499,2.628033766325132,1.6609517979598203,9.493896349039609,9.366577946806483,-0.00030612428319724805,-0.0007974419847782562,0.996897442265154,0.99678116216009,0.9971295637064517,0.9980912010536911,-0.00112671649131707,-0.0007874489931446561
436,16,5.246981620788574,1.2865125246988194,1.4386037184174025,9.763538797419551,9.571347960098993,-0.0005068416841515119,-0.0005948376141927665,0.9969627613635054,0.9967589931980941,0.9973713906266968,0.9977078039293348,-0.0009848998472497801,-0.0005342242805565273
437,16,5.390509128570557,0.4350573739902194,1.1545031491321296,9.681464941896973,9.70495036480098,-0.0008406417856792888,-0.0005771785293431737,0.9964123847803059,0.9966993723575396,0.9981905608000123,0.9977223891700656,0.00024742581448820725,-0.0003153890601449578
438,16,5.84906005859375,0.6536014933172638,0.9841454559591156,9.758610164980267,9.825664161273252,-0.0006832698583308569,-0.0005995968527551154,0.9967075895127163,0.9966813174781046,0.9979997393188035,0.9978432248994197,-6.384829572518444e-05,-0.0002476031035756963
439,16,5.939682960510254,1.5567870418865866,0.8349942133281436,9.715270690099302,9.994682745229415,-0.0008104208362009064,-0.000600856070556168,0.9967421656457519,0.9967105188586144,0.9984987666067972,0.9979131936283601,-0.0007172971548622502,-0.0002897874459615336
440,16,5.716431617736816,1.0668190353042888,0.5103761305701846,10.181358068280296,10.229415600683271,-0.000386830679875956,-0.0005824917196947058,0.9966641134977547,0.9967801855293018,0.9975799966434884,0.9979053783636622,-0.0003597730493273594,-0.0003319391896158634
441,16,5.759686470031738,-0.617316620005517,0.05154730523085979,10.81690421441494,10.45319287566047,-0.0004834471147735002,-0.0006011557069760067,0.9969154145477862,0.9968861721210235,0.9974976360086137,0.9979581364213098,-0.0002455244232806251,-0.0003824487010564232
442,16,6.216944694519043,-0.6408171700724092,-0.3240069611803101,10.560030770418297,10.581267748870633,-0.0007703402245585595,-0.0006595274414370128,0.9970690692925406,0.9969929222912378,0.9983795480325827,0.9981176400798213,-0.00038043236481936617,-0.00048034469184412106
443,16,6.063464641571045,-0.47025195934268993,-0.5862969427954227,10.586333739823607,10.636227273520337,-0.0007554753515967977,-0.000716869852966201,0.9970432344614569,0.997070583161396,0.9984067915194513,0.9982816388949549,-0.00045810109791489455,-0.0006169732725371494
444,16,5.770691394805908,-0.4691235427596367,-0.8427033988612171,10.59476981600816,10.658734819374875,-0.0006984170384293127,-0.0007592380135906256,0.9972279686954104,0.997112176631755,0.9983194794002724,0.9983996481339109,-0.0012397531154645755,-0.000731347473140818
445,16,6.092690467834473,-1.4792941854820585,-1.16028431485814,10.65021859074505,10.667873588066195,-0.0008405320471882074,-0.0007878768611671225,0.9971000206818474,0.9971170998893343,0.9985654860418541,0.9984722319713203,-0.0006168198868700815,-0.0007464447848686901
446,16,6.060466766357422,-1.4580233247506968,-1.5057498304460606,10.62207666591258,10.657843477117352,-0.0008732687745848653,-0.0007920845092458617,0.9970969752167632,0.9971172316232294,0.9986529107425517,0.9984916023856452,-0.0006597601903522638,-0.0007208227234424766
447,16,6.017467975616455,-1.4134776517458694,-1.9093056322647401,10.660719454476151,10.609885554260712,-0.0006461780145895774,-0.0007784231067649563,0.9969756769258855,0.9971467403088973,0.9982246500208157,0.9984839997476578,-0.0005598598154648074,-0.0007087548211639218
448,16,6.241519927978516,-2.7169501588457736,-2.3732132187969914,10.538559818151215,10.49696917667572,-0.0007971001056919442,-0.0007718999459462476,0.9973826134237761,0.9972194452566436,0.9985752170533252,0.9985117170452669,-0.0008970268693014562,-0.000725064254548954
449,16,6.306340217590332,-2.8691527858928163,-2.771501555638211,10.407143933934968,10.307850670108325,-0.0007973112883622327,-0.0007654667762247588,0.9971809069715953,0.9973079502735669,0.9985411018213829,0.9985753861434713,-0.0005587314846008432,-0.0007476476423735754
450,16,6.128102779388428,-2.9834118102587017,-3.050009332807522,10.058448353685842,10.054829161746152,-0.000723569563601288,-0.0007519029822385709,0.997451727277417,0.9974110043556351,0.9986048810433472,0.9986723374906084,-0.0009426174792646658,-0.000780267241988842
451,16,6.140869140625,-3.3767451583922377,-3.203972511371991,9.734492376191275,9.782907989762284,-0.000727013111702678,-0.0007331455891482875,0.9976103331090651,0.9975049876370354,0.9988287142236256,0.9987894275004472,-0.000950283796986558,-0.0007958072592630595
452,16,6.155365943908691,-3.57825618153608,-3.228806014774611,9.690017960207314,9.541884776912715,-0.0007263038991471439,-0.0007045246451423684,0.9975070431846672,0.9975770039072822,0.9988476279258877,0.9988936856462917,-0.0004479040806281262,-0.000813474272096946
453,16,6.048387050628662,-3.014739809810799,-3.1928551005656294,9.224280233229335,9.37840386060353,-0.0006317917540701332,-0.0006590370563469513,0.9976900646811045,0.9976435462353005,0.9990031661515386,0.9989554091288583,-0.0008219813107563302,-0.0008835901815515031
454,16,6.0445556640625,-2.649156976802832,-3.2685534352147645,9.102321569780882,9.368181722418779,-0.0007812501373106074,-0.0005936816574046517,0.9975883329778171,0.9977115729409755,0.9994151669782704,0.9989376592428499,-0.0010721271028920818,-0.000953978543922583
455,16,5.985004901885986,-3.1129795050362623,-3.5538936894686195,9.442722678176048,9.531382378673428,-0.0004464399852047601,-0.0005130260934478286,0.9979006009473123,0.9977875491213779,0.998757179005594,0.9988505467211575,-0.001693990832314018,-0.0009354235029537456
456,16,6.142441272735596,-4.873611767378328,-3.912786492544417,10.351956339968934,9.789468332712367,-9.448570402757634e-05,-0.00047119992642754535,0.9978637917945787,0.9978527986192481,0.9976432013643726,0.998844981493445,-0.00028343313343938664,-0.0008273518436387056
457,16,6.902980804443359,-4.865118598371307,-4.100420448334767,9.642264259370423,10.059028705395814,-0.0009806449836870712,-0.0004880590406403736,0.9978920823863431,0.9979144940373603,1.000172277333705,0.9989895619572431,-0.00046621590716145123,-0.000827752768346401
458,16,6.132810115814209,-3.2795341665389754,-4.1802124780853696,10.27373893500412,10.38914219456329,-0.00031410491696850444,-0.0005001825008096,0.9978885276470004,0.9979901087972255,0.9989336886962323,0.9990689096311692,-0.0009041598222080913,-0.001003793676871608
459,16,6.437113285064697,-3.9984975185221328,-4.435242771087049,10.82292489428338,10.745079423959915,-0.00036554148071660963,-0.0005406101323773047,0.9981058851141296,0.9980840166944791,0.9987900930806869,0.9991003404791678,-0.001257170756722919,-0.00127267802836814
460,16,6.6880927085876465,-4.919228774793094,-4.900376937835871,11.16910292089284,11.033868949117801,-0.0006939957162695048,-0.0006084436271955967,0.9982209446836131,0.998170149983408,0.9991797918903953,0.9991211615521534,-0.0018831876419060352,-0.0014951599045974057
461,16,6.729360103607178,-5.848212866447392,-5.416638009166601,11.184989695907431,11.186323795471207,-0.0007986335068806899,-0.0006437835641550961,0.9982309326048621,0.9982248539473758,0.9993665200516605,0.9990720496492863,-0.0016148642860947748,-0.0015477687101977835
462,16,6.579701900482178,-5.904918227984322,-5.829322720477295,11.248229538607935,11.177575012894891,-0.00075995427631574,-0.0006094829746789152,0.9983167168709495,0.9982410507952133,0.9992167872945505,0.9989088079824511,-0.0016824044775071963,-0.0014217998710715249
463,16,6.017200469970703,-5.853183649565144,-6.113705898630687,11.083929570299748,10.997156957730173,-0.0002755456160027959,-0.000529580205769878,0.9982965940846065,0.9982224987341257,0.9981851955468405,0.9986977204693083,-0.0011387695745906934,-0.0011742974112765674
464,16,6.657692909240723,-6.437410450848796,-6.277967912826257,10.566868406073164,10.661490763738955,-0.0007096295584845754,-0.0004633978221116416,0.9979657692327818,0.9982008595741493,0.9990269413582367,0.9985762483677387,-0.0006847241070120171,-0.0009396901494776065
465,16,6.62108850479126,-6.607375040836058,-6.268287779513933,10.416139552646403,10.211590494996567,-0.0001951533967629023,-0.0004218581988819168,0.9982377926130882,0.998218829792676,0.9979696742500147,0.9985812136176989,-0.0007133741658671311,-0.0008421709639837112
466,16,6.057708740234375,-6.565876239299076,-6.081295658672535,9.737683778945371,9.682601426962849,-0.00025528496736314737,-0.0004510142329874509,0.9983615794780906,0.9982585959686504,0.9983686852078435,0.9987959890404431,-0.0005776928286521513,-0.0009207812997148684
467,16,6.682041168212891,-5.353580610050868,-5.859257314519617,8.90329537479202,9.16592800421433,-0.0006963457582203334,-0.0005345484823670359,0.9983111706711002,0.9982987036775509,0.9996292177454876,0.9991279758790572,-0.0013102719540053086,-0.001133294513784347
468,16,6.708164215087891,-5.220271641753171,-5.878881956492897,8.521724840025433,8.765512261248716,-0.000775776451427764,-0.0005923395575306285,0.9982765440122572,0.9983510384107528,0.9998826696996078,0.9993474902876117,-0.0014354218477179105,-0.0013373393175646535
469,16,6.684990406036377,-5.66458580072274,-6.261498430817927,8.484846458935332,8.496786539736677,-0.0006837014929578658,-0.0005889615666737509,0.9983000523898238,0.9984335036662398,0.9995813245442926,0.9993744582493561,-0.002061437135677324,-0.001422369705366531
470,16,6.147634506225586,-8.061948258996852,-6.86118861751449,8.605394209836737,8.285822622566666,-0.00038574275431856476,-0.0005598027161308606,0.998733651235223,0.9985340431847339,0.9987634586437013,0.9993325185153809,-0.0010699294008837488,-0.001364316527887348
471,16,6.346311092376709,-7.459076958375895,-7.403902553989636,8.053582584906632,8.061777204491554,-0.0004933445842239523,-0.0005674642609649824,0.9987150702950351,0.9986119990407555,0.9993331694122144,0.9994002014671718,-0.0010015658505683608,-0.0013071215711391389
472,16,6.876674175262451,-7.108654783670484,-7.936548105011435,7.7548741856143115,7.848062966576202,-0.0005478575286483083,-0.000623741289914426,0.9984096582830972,0.9986845311859716,0.9994871846268703,0.9995954763267744,-0.000929173047573562,-0.0013298170543939482
473,16,6.651787281036377,-8.409628306961853,-8.553820976615796,7.679539066545034,7.683037132750629,-0.0007310279928386345,-0.0007002147348990587,0.9988023124323343,0.998794723111317,0.9998685725891668,0.9998663242710693,-0.002053435618496914,-0.0013711477897744746
474,16,6.523619651794434,-9.913833010008291,-9.11063756871633,7.675389855240755,7.577920534934725,-0.0008984101597816962,-0.0007438188913675648,0.9991629494345936,0.9989162708755147,1.0002010250996412,1.000125410831591,-0.0017764113396712916,-0.0012833547217012491
475,16,6.297356128692627,-10.079274982850354,-9.420408170438009,7.397946032726346,7.543431061623208,-0.0006901475506264794,-0.0007162040356285907,0.9988929293631943,0.9990235681638867,1.0003707769805508,1.0002838983347242,-0.00014618109134562668,-0.0011221576968646863
476,16,6.806472301483154,-8.993368488095232,-9.568016257861593,7.424200094737837,7.607567484622615,-0.0007925679637515413,-0.0006241734912576859,0.9990413668565487,0.999153488431856,1.0007831639020974,1.0002814795958266,-0.0009031575051508797,-0.0010632051155063278
477,16,6.695086479187012,-8.364747927521037,-9.850733492011246,7.664943908032387,7.749372679651803,-0.0004795169905030992,-0.0004899814200325296,0.9993864433260317,0.9993142179235067,1.000209843191111,1.00012459981461,-0.0021323263044964024,-0.0010179331411216508
478,16,6.408430099487305,-11.055588807435369,-10.34524491106792,8.171979526069693,7.879085316212851,-0.00013907750216249782,-0.0003809671270960076,0.9995212297034708,0.9994776513633966,0.9993027780238095,0.9999745151968488,-0.0006747726761631656,-0.0008599567271826295
479,16,6.681983470916748,-11.843968557805074,-10.714253031783137,7.972955622893697,7.89123514348685,-0.0003613315223663879,-0.0003556960911113153,0.9995825392663119,0.9996315957452838,0.9999201129642782,1.0000032430598254,-1.3714655023388499e-05,-0.0007569035367226092
480,16,6.642175197601318,-10.653988244170066,-10.803195445563818,7.714996590338319,7.765985779584341,-0.0003736982826431682,-0.00040151224717531074,0.9997634336847492,0.9997782809516546,1.0002509508362842,1.0001861187800831,-0.0005040899889816847,-0.0008486420685680043
481,16,6.618823528289795,-9.691230020138619,-10.82247890207084,7.553074018348816,7.524704681795265,-0.0003458268173081882,-0.00048765632689379713,0.999992792580872,0.9999080078929933,1.0002651377735732,1.000430113393276,-0.0015745677358353686,-0.0010237988770926386
482,16,6.50861930847168,-10.973508971210325,-10.939096324052704,7.213472813623506,7.181999292796336,-0.0009057008734740344,-0.0005655675535364634,1.0000295368779337,1.000009400347745,1.0012287676361196,1.000643001048456,-0.001737876024494718,-0.0010583899923749382
483,16,6.322906017303467,-11.957349488870575,-10.986050816043289,6.871938389028137,6.759269237719272,-0.0006579272782953487,-0.0005685534207568575,0.9998912204349325,1.0000958937445823,1.0007384078589938,1.0007322605404547,-0.0005143775098243698,-0.000911642514940982
484,16,6.287288665771484,-11.068591960502182,-10.796563555178523,6.222287512343695,6.297414904005306,-0.00043674786405106764,-0.0005251438555835557,1.0003852980569279,1.0001777785711445,1.0006318289528164,1.0007641650718861,-0.0005752707626408335,-0.0007505777113241375
485,16,6.672918796539307,-9.824951574669175,-10.5131261875153,5.682466477238024,5.8673137278540155,-0.0004113226479134917,-0.0005084126544436327,1.0002522735216626,1.0002217629993848,1.000801112349804,1.0008395638057288,-0.0006323748994486555,-0.0006613701618107947
486,16,6.376809597015381,-9.873191625651753,-10.3810836300667,5.3991265259283,5.512669223609591,-0.0008599192872202935,-0.0005649036929367769,1.0002990362389272,1.0002430662709456,1.0015853270168975,1.00101783269131,-0.001471148680764868,-0.000646917069965323
487,16,6.240342140197754,-11.002195561917055,-10.43130502446792,5.337483564613392,5.210289777367706,-0.0005973654848518759,-0.0007284512644355273,1.0000539184903083,1.0002851220379265,1.0010319602316504,1.0013792110237463,-5.6166917425474415e-06,-0.0007493666865074066
488,16,6.103614807128906,-10.474482693597393,-10.538535463950701,4.896395211273901,4.89982700072918,-0.0007103395351936542,-0.0011028630044522384,1.0004324784096794,1.0003928174580738,1.001523304926494,1.00214210516101,-0.0006447021122379743,-0.001195680950322198
489,16,5.717390060424805,-10.22183971517221,-10.705052615622646,4.841119663680225,4.550133001665378,-0.0007157703306454208,-0.0017451586038323029,1.0004523648254835,1.000549425445985,1.0014052996275014,1.003416902489943,-0.0008621237318345079,-0.0020109303748572765
490,17,6.460431098937988,-10.822826200527413,-10.91873478639833,3.903527903990189,4.161093073155328,-0.003555105541406583,-0.002504609474583657,1.0008158728095309,1.0007254223101965,1.0069094000127539,1.004945818833184,-0.004728501332942076,-0.0029100032481066923
491,17,6.081747055053711,-11.808016270914644,-11.004992485237246,3.8063929431049903,3.802836195522458,-0.0035822240218378607,-0.0029623787972993835,1.0009992671882537,1.0008711005740163,1.007036590928714,1.005951364925915,-0.004188117640313996,-0.003350162723772079
492,17,6.753047466278076,-11.756671036417009,-10.786196761208766,3.4789368933225635,3.4885502638215673,-0.003497099633980838,-0.002994853605080186,1.0009390747959774,1.0009675014109423,1.0071530219215077,1.0061952123913134,-0.002752435193884404,-0.003330132939239298
493,16,6.489037036895752,-9.26016594290456,-10.407698513158902,3.5839069989669445,3.211873753670497,-0.0008708143544753648,-0.0027961944277520995,1.000947173662464,1.001041540634432,1.0023950110901176,1.006010967173015,-0.0012156792937963613,-0.0032140169226821513
494,17,6.286271572113037,-8.887161097734209,-10.289308340696035,2.6906543243160175,2.9908912345527883,-0.0032000505912921206,-0.0026220568967692754,1.0011492950366971,1.0011149181035748,1.0070449678383542,1.0058458245465822,-0.004730497382695326,-0.0031127089732693124
495,17,5.938342094421387,-11.472690133676334,-10.480013216326613,2.5989178683074847,2.927636327919578,-0.0036067237394970253,-0.0022511439412212196,1.0012673137684525,1.001182419437041,1.0078514026892067,1.0052612777499046,-0.004110271072186806,-0.0026389635943492645
496,16,6.414224624633789,-11.819222541596744,-10.584700781924134,3.2022306173839126,3.030157425337407,-0.0008796958360746262,-0.0016136484189224034,1.0010616228007736,1.0012496521693999,1.002677306213783,1.0041426552426866,0.00015745233175146477,-0.0018881269389455625
497,16,5.776230812072754,-9.80901234485128,-10.510016411083205,3.3834983278758486,3.1889916854533373,-0.00024165739113149885,-0.001070670500577396,1.0013804516291225,1.0013386649723097,1.0015898411137516,1.0032014662823605,-0.0006747157715222574,-0.0014096723924053249
498,16,6.018853187561035,-9.374798652021273,-10.550364875886345,3.1723791463524176,3.3334847963921446,-0.0008665602475372565,-0.0008140587324704852,1.001532783878882,1.0014265454321563,1.0030807449125785,1.0028052495697783,-0.002185566748372983,-0.0012163310159893073
499,16,6.072201728820801,-11.260055409353564,-10.784739992476572,3.6647385068548335,3.4535404186169743,-0.0010090717784943261,-0.0007295058969866144,1.0014838791726948,1.001497580483098,1.0030170541492682,1.0027366773560227,-0.0016562400768603553,-0.0010171354036489382
500,16,6.724414348602295,-12.733975536596386,-10.917765412365515,3.4382298508624953,3.521230502871769,-0.0009252254692636687,-0.0006755736371727297,1.0014826592873114,1.0015704269445524,1.0032008385322915,1.0027583693362827,0.0002861225452004928,-0.000805963322001734
501,16,5.583613872528076,-9.778265854389563,-10.837982858497416,3.5052704627285567,3.5541698799803365,-0.00048339780670922947,-0.0006168904463127595,1.0017186662916904,1.0016613897840698,1.0026129489066886,1.0027699011894602,-0.0009111544421150703,-0.0007647723521263391
502,16,5.564554214477539,-9.923175818745602,-10.904951503358518,3.440113588622837,3.5583461357786246,-0.0004055435496261141,-0.0005999316267392165,1.0016611051555353,1.001765187769603,1.0026014189704398,1.0028059623552834,-0.0008238676184961858,-0.0008233966898152478
503,16,5.95466947555542,-11.802591557110713,-11.197139112169099,3.554764638521616,3.5091244120701823,-0.0007894126926262702,-0.0006316815564617852,1.0019601405303955,1.0018800940147767,1.0032016858566153,1.002867333758839,-0.0012177990395436703,-0.0008798086946681221
504,16,5.998884677886963,-12.109323887574623,-11.446372004280954,3.663387283599583,3.344239765632893,-0.0009752194462902208,-0.0006593755376848436,1.0019654363730566,1.0019821803988997,1.0032672613854219,1.0029034473851948,-0.001047155642616095,-0.0008693716945996394
505,16,6.044657230377197,-11.209691890053849,-11.541768081041406,2.841792705151606,3.0302131394065217,-0.0006351653569866161,-0.0006869166197216014,1.0022433805789457,1.0020624235842894,1.0030308158367656,1.0029770225425605,-0.0008319821135859417,-0.0008438879424559659
506,16,5.7166643142700195,-10.928964455249659,-11.594554245635413,2.72650036963565,2.619618568765248,-0.0004963346485678261,-0.0008221156154294856,1.0019671365163751,1.002126483848561,1.0025488295431157,1.0032906558815076,-0.000811799733304108,-0.0009339199833917794
507,16,6.082351207733154,-12.243273520827433,-11.614162140390722,2.133981656384862,2.140608458942431,-0.0011832708918572408,-0.0011557775793613508,1.0021933242105858,1.002221043227856,1.0039961505704624,1.0040331297349916,-0.001165469379107066,-0.0012704236318734229
508,16,6.280538558959961,-12.308788801373822,-11.425376118148682,1.8185970688059818,1.6398327957846655,-0.000891719481115341,-0.0016755832364965285,1.0022694642981886,1.002354824810938,1.0036602302206215,1.0051638719078673,-0.0005228240220525671,-0.0019375856663692795
509,17,6.004397869110107,-10.505453770878098,-11.056131666921349,0.8906223623778718,1.1834888813952626,-0.0030214410636529953,-0.0022941347824657478,1.0024833388647243,1.0025094978766322,1.0079982613663165,1.0064621840413044,-0.0034236289879457735,-0.002873741308736533
510,17,5.215071678161621,-10.082431351273764,-10.799016134553646,0.659455350897511,0.8666314440802327,-0.0028091125645078588,-0.0027525294453207357,1.0026820457208994,1.0026372572774997,1.0076537382458979,1.0073829740430555,-0.003948826948643696,-0.003634611335686075
511,17,5.142431259155273,-10.440666944821775,-10.772705479310485,0.7588656877602213,0.6853022499106711,-0.003148589001069715,-0.0029730182245394834,1.0029827188319334,1.002679420654636,1.0080114375448397,1.0077880639152408,-0.00529745172150565,-0.003875464213340149
512,17,5.426600456237793,-11.61706296324101,-10.77496715379189,0.8041518674711275,0.5467492130365806,-0.0029721120480253123,-0.0029712576519324847,1.0025499430065266,1.0026170633985976,1.0075798125297049,1.0077760037312167,-0.0032981489362077223,-0.0035281580598908774
513,17,5.804402828216553,-11.454217455344056,-10.497482002621393,0.4143252563460256,0.3877315872473506,-0.002642622577611632,-0.002828958333750328,1.0022175447935333,1.002534979440847,1.0071680390247761,1.0075298381767328,-0.0013773254888578858,-0.003027009402148799
514,17,5.549663066864014,-9.14937276222372,-9.966927397776846,0.007940508129440724,0.24084915649729602,-0.0027952794334131347,-0.0026281237513446367,1.0026120517183363,1.0024955793504857,1.0076767735416305,1.0071558840656865,-0.003264579344481473,-0.002716871292267323
515,17,5.5737433433532715,-8.71360322435235,-9.526435490529707,0.10641276776131023,0.14971243062846956,-0.0021650423420804523,-0.0024037609275956487,1.0024951733821301,1.0024612947563476,1.0062781878019418,1.0066688953178635,-0.002762991766607617,-0.0024282561460728775
516,17,5.2079691886901855,-9.674269790315957,-9.25545439365118,0.20847027884956842,0.07840192562484605,-0.002263908089702638,-0.0022116838016348894,1.0024938159527426,1.00241042756793,1.0061732672534316,1.0061959389926018,-0.002442803068874538,-0.002068115550578552
517,17,5.719634056091309,-10.020175568146787,-8.929185394404787,0.11395085001696814,-0.031763445797494655,-0.001994437359226181,-0.0020463690536927743,1.0022792049065785,1.0023495864285594,1.0055716260196377,1.0057750703327326,-0.0006174646630353828,-0.0017336920911527522
518,17,5.452716827392578,-7.598591634036544,-8.489770239853856,-0.44039214088674805,-0.18607078899177115,-0.002039521614329623,-0.0018961021260978422,1.0021884381707407,1.0023112432417827,1.0058952664312706,1.0053870289307951,-0.0017188938821204413,-0.0015876564110244521
519,17,5.337255954742432,-7.32926965956166,-8.200505568844726,-0.30016451775967534,-0.3519430407427064,-0.0015873328189027849,-0.0017486602949901872,1.0023687155046135,1.0023014534802004,1.0046958040955276,1.0049863803686276,-0.002153406664669644,-0.0014675447901576395
520,17,5.011633396148682,-8.90628625368063,-8.038915002256799,-0.28192770324120575,-0.5663624669742046,-0.001789256361127579,-0.0016222546682728794,1.0023873225884572,1.0022846751545773,1.0046590165964802,1.0046579563100488,-0.0015285855323900145,-0.0012217248125617375
521,17,5.721187114715576,-8.90086395477053,-7.685786937987361,-0.9972207824286068,-0.8450703103511163,-0.0015292596017624689,-0.0015067916374245135,1.0021635148716606,1.0022470106225656,1.0045371130214829,1.0044303427982488,0.00010610650578081403,-0.0009710935278339082
522,17,4.8099236488342285,-6.0699921601736575,-7.153302194942945,-1.3518614235484803,-1.111752121577817,-0.001192854931739593,-0.0014390738931620369,1.0022537440344952,1.0022095741379922,1.0040717639922703,1.004316485311859,-0.0009969503955387284,-0.0009143189342864233
523,17,4.649796485900879,-5.994362479280778,-6.83399716162288,-1.2186979470116024,-1.336839166804107,-0.0013119324950693911,-0.0014559274554107418,1.0021153724276524,1.0021789140093242,1.0040469348586898,1.0043427105095377,-0.0012363530019622387,-0.0009288186711565572
524,17,4.321889877319336,-7.506557611559107,-6.7551889199971,-1.3987940429615173,-1.578766738092893,-0.0018511703184566403,-0.0014944972954370277,1.0022113135523918,1.0021647529426645,1.0049270155774437,1.0044293236022512,-0.0013115937561075112,-0.0008607944479657906
525,17,4.587234973907471,-7.469346625914454,-6.611524702311554,-1.8006125156346544,-1.8574928797553576,-0.0014593982282735587,-0.0014509059769626804,1.0021182536453794,1.0021619920301559,1.0043869153728164,1.0044136731312974,7.881613538921527e-05,-0.0007184664571927781
526,17,4.839021682739258,-5.481779583878939,-6.382829371115596,-2.404974580819861,-2.109192196411221,-0.0012922512928089298,-0.001343285975686398,1.002159958462304,1.0021732669391532,1.0043804918595651,1.0042911686744218,-0.0007472374208894461,-0.0006347763651145259
527,17,4.649365425109863,-5.510438493604263,-6.353765455991275,-2.3707386687746683,-2.2586981851021877,-0.0012070398111473906,-0.0012219067739407073,1.0022837401315063,1.0021883591747924,1.0041605635691664,1.0041022682513263,-0.0012233509978866789,-0.0005026627179597696
528,17,4.599884510040283,-7.168624628369915,-6.488159598764821,-2.1945319804884575,-2.3417508044807582,-0.0010908254289778824,-0.0011181876921079006,1.002141680449732,1.0021969689271657,1.0037316641580398,1.0039222737445774,-0.0001597902388368886,-0.00024790654852459114
529,17,4.686581611633301,-7.692806022909419,-6.423973737622261,-2.205719676623218,-2.4479392867084813,-0.001053784845855594,-0.0010510512306514655,1.002251137523408,1.0022173235623602,1.0036803052203211,1.0038382799797292,0.0004972165067908044,-6.110441928713027e-05
530,17,4.751262664794922,-5.455846780613016,-6.086899667298269,-2.6975719369319666,-2.6011162936157586,-0.0009708067945374103,-0.0010282859698613356,1.002170295739227,1.0022591577248199,1.00388185852448,1.0038584977058194,0.00017208583858413712,-0.00011554988069020116
531,17,4.322422027587891,-5.166136806174626,-5.869046832582281,-2.889066941561433,-2.732341303424654,-0.0009626862970619889,-0.001050978209293023,1.0022765369101083,1.002331405805968,1.003971128879335,1.0039183822867408,-0.00021852977041682432,-0.0003476248445176126
532,17,4.558660984039307,-5.538893153032618,-5.983723025718807,-2.7686048634865545,-2.8002589138356333,-0.0011922694114370857,-0.0010913926641358384,1.0024522906398639,1.0024088192156722,1.004008238377626,1.0039524411659748,-0.001364795477808785,-0.0005269720779008392
533,17,4.17107629776001,-6.996379620719201,-6.281580177054376,-2.817099214588103,-2.828344778050975,-0.0012567311658364005,-0.0010926264125098051,1.0025600341511232,1.0024414581138235,1.0041642677095743,1.0039222915892316,-0.000746358202800512,-0.0004257064405970083
534,17,4.473893642425537,-7.009816897329661,-6.451763770949549,-2.779046538863748,-2.842111457430223,-0.0010059714820569083,-0.0010422705964646117,1.002555142797417,1.0024015491708136,1.0037050577738105,1.0038381867682495,0.00020341324325459257,-0.00014271065343784446
535,17,4.279115676879883,-6.035883786451587,-6.46767940331949,-2.8667984542636114,-2.854008756411152,-0.0008202404223509628,-0.0009965991970600477,1.002052570239476,1.0023249202975903,1.003523068446006,1.003795720832798,0.0008057697104796829,5.552125626178436e-05
536,17,4.351994037628174,-5.860036353504595,-6.537296948830144,-2.913370377562824,-2.853222219152775,-0.0010132728603097344,-0.0009974307273000877,1.0021855045315624,1.0022899658186435,1.0039445153370037,1.0038384451914595,-0.0003284661456477667,7.121260564980928e-05
537,17,3.9491679668426514,-7.275503734637875,-6.6934004601462425,-2.7737715326374692,-2.833573778490265,-0.001115099791501864,-0.001017982738122899,1.0025666475216437,1.0022764812599523,1.0040297358103012,1.0039043697389536,-0.0004863463763086767,8.500561478176123e-05
538,17,4.31742525100708,-7.358908706291406,-6.730536890750808,-2.7405718955321263,-2.806833016207833,-0.0010341442106840443,-0.001030244535175547,1.002178404975105,1.0022276624415096,1.0038590289757663,1.0039578186692166,0.0007827876057830694,0.00014249462439074867
539,17,4.06931734085083,-6.041058602418296,-6.666691949943495,-2.8934305664181403,-2.7607685079535784,-0.0009263640894904892,-0.0010460699386912664,1.001987372389194,1.0021858216590447,1.003910746499549,1.0040128332334028,0.00047519483358578397,8.845881112244446e-05
540,17,4.3867506980896,-5.852101411799122,-6.753165215316886,-2.7859172231309777,-2.665145018512153,-0.0011521222422704266,-0.0010767175526610715,1.0023542100645917,1.0021839225806801,1.0043159135358417,1.0040486256528771,-0.0011374758156016108,-9.54960696220421e-06
541,17,4.582760810852051,-7.982476203894403,-6.97433008068196,-2.397630841396214,-2.546061404921978,-0.001155095199358578,-0.0010945993661185035,1.002095373593081,1.002189515332637,1.0040266553414456,1.0040206500196027,0.0005025145452457273,2.0297611604167843e-05
542,17,4.165433406829834,-7.457903238553044,-7.0093887350058255,-2.3849684852499005,-2.4740147262477445,-0.0011156483984148488,-0.0010943321798038556,1.002202796584973,1.0022060658616863,1.0039497767366374,1.0039750809170258,0.0003421598280135336,9.31692409609163e-06
543,17,4.436967849731445,-6.407086734531879,-6.86620320973768,-2.4482158061716683,-2.467798632417753,-0.0010172975125317424,-0.001101833274646387,1.0022639650884888,1.0022181041997216,1.0038097173959286,1.0039828846570278,-0.00021039058592834666,-0.00010785799093248847
544,17,4.140369415283203,-6.283505817308302,-6.774064403357028,-2.5113595855521402,-2.496682594586397,-0.0010918463520460232,-0.0011488596343609892,1.0022328503997375,1.002204539663268,1.0039947635052195,1.0040897727931921,-0.00046243279432601846,-0.0002345005107433223
545,17,4.336242198944092,-7.132518684217037,-6.787151018177825,-2.5619746764049363,-2.5155315612143916,-0.0013320872396974587,-0.0012322587089338998,1.002149810334867,1.0021637625041648,1.004477028594074,1.0042654366205181,-0.000347816263282004,-0.0003020838067738137
546,17,4.327008247375488,-7.144405804439816,-6.761145929824723,-2.505162771927457,-2.48738653951067,-0.001288834597332107,-0.0013285192279180824,1.0021112698101466,1.0021079834994702,1.004351266475512,1.004446888137509,-0.00028918633476163137,-0.00034338674874341974
547,17,4.139252185821533,-6.571724005603744,-6.670661019075757,-2.4221824522950226,-2.395839521643561,-0.0013369610517151372,-0.001442476517064463,1.0020586375709473,1.0020471903338215,1.00442022435798,1.0046326164180115,-0.0002547554162069222,-0.00042515396048485864
548,17,4.3044867515563965,-6.4269788658184055,-6.657593708088981,-2.3594116261059424,-2.238070100738152,-0.001634859894497176,-0.001563289239087997,1.0019573151505419,1.0019923941847224,1.0050349034510653,1.0047846298579086,-0.0005678070510369625,-0.000581676229493918
549,17,4.373645782470703,-6.9579426433794955,-6.840192694510492,-1.8732458572655803,-2.0344876171154342,-0.0016514716447278608,-0.001642640814376985,1.001972030911221,1.001955999109766,1.0047269680804944,1.0047980411155486,-0.000671563179996791,-0.000775443325832261
550,17,4.290118217468262,-6.641222434742266,-7.251221609828071,-1.8970989420106315,-1.8387119302060295,-0.0017023311413091175,-0.001649926944194779,1.0019144297218796,1.001939771933493,1.0048363046281898,1.0046353710070333,-0.000995844465955898,-0.0009376314160296047
551,17,4.9726176261901855,-7.446549708159892,-7.88818352204188,-1.782778163909035,-1.6609015767153263,-0.0016810104186710175,-0.0015695556227151328,1.001844424695556,1.0019457837437848,1.0045708446730939,1.00427510032454,-0.0014044227239462781,-0.0009646792346896635
552,17,4.282609939575195,-9.24144667858267,-8.490055360131347,-1.3619494590981738,-1.5289460022425336,-0.0013566632695813105,-0.0014164172163225062,1.002158901888917,1.001959071813548,1.0035052998994762,1.003791125391002,-0.001099022105567352,-0.0008041598498598276
553,17,4.019966125488281,-9.621552993450761,-8.653088350454466,-1.377233871334851,-1.503550566628337,-0.001314966133893675,-0.0012441078189778328,1.0018201861172513,1.0019453377273688,1.0033839269658604,1.0033538609405634,7.983592803060344e-05,-0.0005924944491470876
554,17,4.278896808624268,-7.894370364773153,-8.31273423300933,-1.6493439663435496,-1.5807671056466983,-0.0009378343471676555,-0.0011003582091841547,1.0019938367988304,1.0019247434073726,1.0028317088744574,1.0030546841492118,-0.0005721858710656148,-0.0005511860447202236
555,17,4.376801490783691,-7.616374830458022,-7.8121695861106755,-1.7479979814844406,-1.6982699038729299,-0.0010311756423244268,-0.001039406092370287,1.0018738149992734,1.001894257649157,1.0029178283725388,1.0029485386725343,-0.0007050723838918533,-0.0006703996373441472
556,17,4.335384845733643,-7.271974408740304,-7.412014309627606,-1.790550048262985,-1.8120671111273703,-0.0009714689089139336,-0.0010601118604795646,1.0018262515828387,1.001862919700152,1.002831896703931,1.0030060525032283,-0.000758275914852021,-0.0008861918097679272
557,17,4.197345733642578,-7.164192730931524,-7.246797037727834,-1.9718163679646172,-1.901259112798711,-0.001259448478275892,-0.001134543766349408,1.0019322895932283,1.0018351970035484,1.0034702512001439,1.0031488799209656,-0.0013126358329650692,-0.001137564690885648
558,17,4.229542255401611,-6.777675612616759,-7.3721494522874496,-1.9482862846242477,-1.9482382785124572,-0.0011633234923525669,-0.0012125649647859406,1.001563136475315,1.001809108021097,1.0032110187981447,1.0032609328249416,-0.001097712663479239,-0.0013353438654835968
559,17,3.9323904514312744,-7.832182510742483,-7.742511300633364,-1.935510639708127,-1.9602941547030834,-0.0013270871766852144,-0.001278669927531836,1.002073592977316,1.0017928800081823,1.0033396335782114,1.003327596467558,-0.0022375691226262334,-0.0014225222558250472
560,17,3.897808790206909,-8.91350780693424,-8.087195066516264,-1.9405384736690732,-1.9490343941761445,-0.0013731338254273431,-0.0013152877884170847,1.001598978781078,1.0017379880873463,1.003428421236493,1.0033471062158084,-0.0008239969401333308,-0.0013483225353033894
561,17,3.8043360710144043,-8.32891999273003,-8.195447887993119,-1.9019396085174727,-1.9155186226952283,-0.0012788846783691433,-0.0013248402233886267,1.001738284049376,1.0016689094760858,1.0032292073946738,1.0033256712863663,-0.0012163088982513727,-0.0013073525882106632
562,17,4.067840576171875,-7.827488986620335,-8.203715002234672,-1.8922889691770322,-1.8536851059856947,-0.0012900905420446822,-0.0013326909773337366,1.001538114780243,1.001589829143632,1.0032592246678678,1.003293093998033,-0.0010543302268997746,-0.0013587450297715177
563,17,4.41694450378418,-7.58991544587195,-8.346409661795716,-1.8032912527693614,-1.754970963223425,-0.0013553739225247604,-0.0013475144996507977,1.0015553961551635,1.001513828608849,1.0033157651798412,1.003245567996248,-0.0020832969061459327,-0.0014444518444670924
564,17,4.50478982925415,-9.135459646719271,-8.655195268571461,-1.5616123919582274,-1.6288952800592515,-0.001407758456205389,-0.0013576841159157742,1.0013854790128418,1.0014447673461757,1.0032075229022335,1.003163158137868,-0.001298575952275082,-0.0014392912804271976
565,17,4.441616535186768,-9.241430266138934,-8.887515389665,-1.5232880606590187,-1.5005159524921492,-0.0013727533741761308,-0.001355019092127771,1.0013825490193775,1.0013915343939506,1.0031030192474109,1.003052951138846,-0.0011976682485713057,-0.001414020967962475
566,17,4.417581558227539,-8.838802590114058,-8.940824322789057,-1.3387796822144729,-1.3766300249487406,-0.0012421948640469348,-0.001352244110016869,1.0013455989568958,1.0013441299902652,1.0027201346953887,1.0029496510088638,-0.0011778053569316484,-0.001426809882366525
567,17,4.499068260192871,-8.604727122998337,-8.87920364813668,-1.3105368550385954,-1.2627582704623204,-0.0014814879809265605,-0.0013630503024737184,1.0013355130340627,1.0012838643578876,1.003149468096867,1.0028892918704162,-0.002071013102547211,-0.0014190588209999915
568,17,4.575538158416748,-9.086581344014602,-8.736207129516119,-1.0658431362343779,-1.1568390082616016,-0.0013123687282452757,-0.001372677443054052,1.0012566830662533,1.00119653847145,1.002652051567756,1.0028510057333466,-0.0012464573339200477,-0.0012794531433477532
569,17,4.759891033172607,-8.83790985953721,-8.46646364807632,-1.0721625460580653,-1.0626066502483698,-0.0013639123449800342,-0.0013943958824320576,1.001091148944974,1.0010927286137619,1.0027706572849358,1.0028705372371436,-0.0007845153294163983,-0.0011117101373069268
570,17,4.957096576690674,-7.619549354925471,-8.161410525352453,-1.0905439648736566,-0.9556534128916111,-0.0014543142155570925,-0.0014275320828905185,1.0009410062403499,1.0010097398440114,1.0030830930923695,1.0029256144087928,-0.0009356828370021889,-0.0010382364528608917
571,17,4.892314910888672,-7.382479601571719,-8.030712709710315,-0.8809409389828582,-0.8186030319001755,-0.0014321775264632128,-0.0014572466546766613,1.0008134536528195,1.0009837463601219,1.0030233288304395,1.0029535983888982,-0.0009720095637556123,-0.0010512806937556353
572,17,4.765976428985596,-8.451755584084605,-8.067952135433188,-0.5657278912649901,-0.6882531384498233,-0.001600583334563053,-0.0014732005378104347,1.0011704636440117,1.0010112771002055,1.0031048285098987,1.0029448092890372,-0.001696029297787571,-0.0010702081803545664
573,17,4.88621711730957,-8.852391968916113,-8.022413765934976,-0.53871099385084,-0.6245039722868422,-0.0015249378180601922,-0.0014699775422511408,1.0010458139402703,1.001036460539983,1.0029482093002033,1.0029427730629241,-0.0005933808597777968,-0.0010334816280433692
574,17,4.592302322387695,-7.317652553280134,-7.798005386382313,-0.5815694485215411,-0.6409817587487052,-0.0012678556799915123,-0.0014907586614299612,1.0011055617197189,1.0010464921523663,1.0025879387091443,1.0030554107827814,-0.0010401367624939754,-0.0010589456534883298
575,17,4.366912841796875,-7.4036198736175844,-7.585044261480538,-0.6835214804181343,-0.7042393287791041,-0.0015152308898489012,-0.0015893630880339476,1.001042882589744,1.001051666986064,1.0032171200622177,1.003364148624273,-0.001363411730015176,-0.0011622596363651285
576,17,4.279593467712402,-7.8185462037835105,-7.454646925475532,-0.8655650507820872,-0.7494542428916696,-0.0018097977523302677,-0.0017358150146126485,1.000974113592507,1.00108395201808,1.0039852489925605,1.0037656822548129,-0.0008586655263398221,-0.0013318243639405764
577,17,4.5917277336120605,-7.0586783888719875,-7.400273739066548,-0.8821474971040006,-0.7095694141892808,-0.001992563648662709,-0.0018589004443123585,1.0011566215876513,1.0011670473324643,1.004457116138145,1.004079479916033,-0.0018324343150054453,-0.0015849981472513576
578,17,5.169259071350098,-7.42650832234309,-7.504723931030404,-0.5573897384327273,-0.5753341023004624,-0.002046818857663262,-0.001920698769889999,1.0013513330989718,1.0012813206670854,1.0044492815155326,1.004228913682336,-0.002125439679758455,-0.0018016829850006292
579,17,5.257691383361816,-7.841184478800879,-7.753149577466172,-0.2876207002270304,-0.41021317849615685,-0.0018450648156606276,-0.0019502501542825847,1.0013190724092065,1.0013990033050626,1.0040319958522212,1.0043157383259256,-0.001734911731300423,-0.001935869387008413
580,17,5.029242992401123,-8.15053342560134,-8.079812096459506,-0.0758274854837337,-0.27671445041014603,-0.00165789069634376,-0.0020235726452917323,1.0016248850790563,1.0015087923280943,1.0036532729770258,1.0045284002446622,-0.00189405718787743,-0.0020593134861370778
581,17,5.098262786865234,-8.57063566752183,-8.448711614792654,-0.2864946396351174,-0.1759217382867772,-0.0023655404365501955,-0.0021592661625958703,1.0015455897339969,1.0015881482913809,1.0054413799333208,1.004899844583748,-0.0022083159594057755,-0.002188151734605068
582,17,5.407115936279297,-8.885248490497593,-8.866945603154456,-0.017363313680449178,-0.03738104875993352,-0.0024119416407702957,-0.002256297886048898,1.0016454462916313,1.001644760462902,1.005454420001008,1.0051781463941176,-0.0024669953844716442,-0.0022648708372071673
583,17,5.317972660064697,-9.427248309797134,-9.391983233656395,0.03270113477927913,0.19008828589371596,-0.0024263062447151974,-0.0022667721958336876,1.0016810675054177,1.0016817128458313,1.0055523717200219,1.0052471111460302,-0.002180438560461852,-0.002241634951083711
584,17,5.412524223327637,-9.308816378358728,-10.101178034819034,0.21837705565357843,0.5413351402871707,-0.0020156510149584314,-0.002227324656450493,1.0017805270242892,1.0016985496353485,1.0049840045603453,1.0051578007922486,-0.002307288060649519,-0.0021357747133294506
585,17,6.262951374053955,-10.95367546195686,-11.01827127493478,1.133390313489929,0.9716157260897433,-0.0022282450823061296,-0.002224463475096981,1.0016689326304495,1.0017016089449637,1.0049928967185509,1.0050744994503336,-0.0021604319713630815,-0.001975383993416861
586,17,6.174991607666016,-12.64190166157338,-11.895972821603465,1.7008176505508474,1.3258346220676929,-0.0019675444067709723,-0.0022867991095225754,1.0016226354819298,1.0017224258238504,1.0043254248056623,1.0051221970796176,-0.0011540767096670445,-0.0018561163221820784
587,17,5.7776079177856445,-12.62792376499318,-12.458601847960681,1.5237510769780378,1.5022346203877832,-0.002550603090655731,-0.002400831039637477,1.0017549046301268,1.0017812738230396,1.0056459014693353,1.0053221774361905,-0.001937110075109421,-0.0018907730890883045
588,17,5.652200698852539,-12.768932128454603,-12.676120998480558,1.4839866985838028,1.5326242902446805,-0.0027892176181906025,-0.0024642991772504293,1.0019378972180073,1.001862003758904,1.0060935384983707,1.0054629196556717,-0.002443853491816745,-0.0019876507639001416
589,17,5.75062370300293,-12.774949773937271,-12.64104052397302,1.444538440247211,1.4816053895677401,-0.0023430369469179197,-0.002425799323576639,1.001877740386438,1.0019381852450189,1.0052584395950335,1.005428401457246,-0.0017325557657571758,-0.002052438010407407
590,17,5.668023586273193,-12.187452252301004,-12.501638301177453,1.3221767487468334,1.3963366844943093,-0.0023076698608804854,-0.0023473601140633267,1.002097605419344,1.0020014585185837,1.005277953793354,1.0053247024212217,-0.0022713978440859475,-0.0021198519693312904
591,17,5.680717468261719,-12.238804191139915,-12.431944657653842,1.2928059789760555,1.3015788225913385,-0.0021699862051413224,-0.0022874472163715953,1.0020329282927367,1.0020378343233942,1.0050545657135912,1.0052504251461842,-0.0021824502631620007,-0.002169717552845938
592,17,5.726694107055664,-12.461552435982819,-12.496781813940308,1.2923919226530118,1.193710778559073,-0.0022292290963212428,-0.002274813406990519,1.0020399325318967,1.0020598373981993,1.0051275211806527,1.0052584430694518,-0.002103321607566052,-0.002206852816842303
593,17,5.741516590118408,-12.428464634854148,-12.668003690506074,0.9886729376507354,1.0681957814294836,-0.002337656726129734,-0.0022922339554327055,1.0019820540064608,1.0020846986715546,1.005459146456822,1.005322045681433,-0.0021245527894215863,-0.0022443219101338065
594,17,5.890421390533447,-13.062884561555817,-12.870097808265124,0.9624485264786822,0.9457860399891985,-0.0024072971468239723,-0.0023014513403293783,1.0022320039802806,1.0021142151210587,1.0055695967911111,1.0053663844543081,-0.0026813233789816783,-0.0022522052876588487
595,17,5.690663814544678,-13.289092646478789,-12.961371321654328,0.8603019563095978,0.8305197953185207,-0.002246355818947816,-0.002284027629472381,1.0022124604377582,1.0021242892855582,1.0052285296833956,1.005367526440984,-0.002324699309889718,-0.0021874667481345147
596,17,6.167339324951172,-13.490987196228648,-12.870240905429592,0.7033027598266325,0.727768603114792,-0.002314224155766319,-0.002256585721069008,1.001912934905686,1.0021279854153227,1.0054716757768798,1.0053674444736684,-0.0014296907140996132,-0.0021481701681930645
597,17,5.89152717590332,-12.054658049861452,-12.698611200570378,0.64141955522474,0.6521766970158924,-0.002112078848427088,-0.0022364626174996402,1.002171151971546,1.0021600606906569,1.0051547523740225,1.00538689768186,-0.0020981226225532663,-0.002255653993785697
598,17,5.712368488311768,-12.020617221715792,-12.720350232216756,0.5572087805811782,0.6122059200989731,-0.0021521149841228324,-0.0022460727431309634,1.0022127564257213,1.002195151922937,1.0053196400331537,1.005449374020509,-0.0026061032130350516,-0.002401546486074396
599,17,5.845429420471191,-12.806398849888138,-12.99133534559736,0.5241424818391845,0.6063319912417295,-0.0023425309462020427,-0.002264182765863291,1.0024309159516152,1.0021958782772158,1.0056997120680244,1.0055004026553338,-0.003264114326279849,-0.002386064099624295
600,17,5.851495265960693,-14.0696402537564,-13.268740510466737,0.6902613821201833,0.6072704525377441,-0.0023985789715310402,-0.0022347920825229856,1.002045540293332,1.0021507704322952,1.0056979987477654,1.0054400360732436,-0.0019451552678995453,-0.002135905741762847
601,17,5.849976539611816,-14.009175253311174,-13.256890806973265,0.7589359351795615,0.5631216465461623,-0.0022287583758576154,-0.002133094812068994,1.0019168798082008,1.002117993306991,1.0053104141457232,1.0052437599911286,-0.0012562181694494457,-0.0018658903677173685
602,17,5.726022720336914,-12.71003972741008,-12.967864677504215,0.38265498550188953,0.4583496970027889,-0.0019522720787407538,-0.002001958554562661,1.0023232464104899,1.0021241363839368,1.0049701166914262,1.0049929862257216,-0.0019995611055298444,-0.001750501198718015
603,17,5.792933940887451,-12.054727847082882,-12.70344223978745,0.15835459836631566,0.3418772158277305,-0.0017120897198044116,-0.001924751153018548,1.002020644719504,1.002137969106467,1.004608615165043,1.004810054189684,-0.0015015574698475206,-0.0017701532813802381
604,17,5.823140621185303,-12.514563708066476,-12.688495188027016,0.41379429329220796,0.23857151031309684,-0.001902831437111663,-0.0019588045589473643,1.002232012528876,1.0021679392875111,1.0045555745033108,1.0047986713230594,-0.002222431110006775,-0.0019156699542466431
605,17,6.016442775726318,-13.266174279905519,-12.899533109216945,0.21204420275949243,0.12117174919639517,-0.002035001967007659,-0.0020829924893079475,1.0020883570749954,1.0022056695459776,1.0047445916042066,1.004974672611678,-0.0015973559626423404,-0.0021353906681153916
606,17,5.986084461212158,-13.050193596547924,-13.232428895386887,-0.1590290261988045,0.012016393279558321,-0.0023467721388552593,-0.002236565337038146,1.0022722195902867,1.00224468836643,1.0055559009573816,1.0052393030091435,-0.0024233164872202316,-0.0024127240032765524
607,17,6.278036117553711,-13.285705414627484,-13.67211682265054,-0.07662728870011881,-0.03677346458205635,-0.002410804868438707,-0.0023476397533146415,1.0024277313708454,1.002248233965778,1.0056019443642314,1.0054254130712876,-0.003299678116632913,-0.00258388158012998
608,17,6.239255428314209,-14.588809381578113,-14.143824492864566,0.032871250488680545,-0.02409092138127237,-0.0024047744141486044,-0.0023810007103092262,1.0021743465205113,1.002193113152984,1.0054567101543428,1.0054633858987205,-0.0025198165344161084,-0.002501527740752429
609,17,6.1589531898498535,-14.694329736318421,-14.471589058114485,0.03644772243225246,0.029326762329243906,-0.0023579074224398364,-0.0023320802155488195,1.0020823271743438,1.0021133667706317,1.0053664683567647,1.0053641770678983,-0.002220251571111644,-0.002245913606819157
610,17,5.9451704025268555,-14.669948278302027,-14.607258559567308,-0.03282601437161027,0.11815925208095604,-0.0023845750742564173,-0.0022108401287964535,1.0019188276222861,1.0020487663962556,1.0055048134101485,1.0051507065712817,-0.0016936176769891164,-0.001957347832306416
611,17,5.8848395347595215,-14.430139871725599,-14.613697881648793,0.3391316048387861,0.23162452446857024,-0.0018040291556665484,-0.0020513939808912184,1.002145723396889,1.0020172153865243,1.0043917380871277,1.0048747609139317,-0.001773973283364895,-0.0017480752689340482
612,17,6.001375198364258,-14.647139425161571,-14.576837406641152,0.4018370426016447,0.31936570565951605,-0.0019468326980083637,-0.0019260343363984198,1.001928747529942,1.002002533061764,1.0046585282925728,1.004663662961092,-0.001569886457594044,-0.0016450124377098583
613,17,5.8987627029418945,-14.680246854248708,-14.53359756352623,0.33908102070860985,0.3604409541760308,-0.0018409357289107101,-0.0018422758846574024,1.0019745290892315,1.0020139054595496,1.0045671994339533,1.0045157630453745,-0.0014982673902409142,-0.0016561045804883746
614,17,5.818894863128662,-14.251272331982472,-14.540534638838835,0.3276706103605698,0.36749586607135,-0.0018162522854714913,-0.0017940970263683202,1.002114628048831,1.0020439993359942,1.0045275371673636,1.004392631519557,-0.0019094060277292857,-0.001754367736501108
615,17,6.176755905151367,-14.328541470464053,-14.683870491074055,0.37622123696740656,0.3496160913916187,-0.00164527899903879,-0.0017785292393347196,1.0019826119016777,1.0020725164370445,1.0040550778828587,1.0042831886599326,-0.0015920894578857288,-0.0018681410255258866
616,17,6.332139492034912,-14.873801762111249,-14.938849125768094,0.22314886207154414,0.3032247236413421,-0.0019375871449236741,-0.0017891734138683214,1.002218367928356,1.0020919455145214,1.0044897048545354,1.0042065974121146,-0.0026315152793224424,-0.0019417835624072181
617,17,6.131034851074219,-15.863432293257567,-15.139148768178243,0.38145653706220956,0.22365876570771823,-0.0017686017138965758,-0.001790769525988057,1.0020763446699488,1.0020819188776695,1.003861785995699,1.004142825420842,-0.0017444253258266174,-0.001898738660041497
618,17,6.0571441650390625,-15.56113306192734,-15.127571593460546,0.044903735228507206,0.09584945729646907,-0.0018655400191733256,-0.0017822166034659663,1.0020392508911424,1.0020540996583498,1.0042947169354546,1.0041200483614705,-0.0015600588526056291,-0.0018443498919666402
619,17,6.10234260559082,-14.32306248411559,-15.00739773331854,-0.10946261802022464,-0.05534209103182272,-0.0016763852183761796,-0.0017736546268016286,1.0018235198568737,1.0020270865783742,1.004055265953269,1.004113060137281,-0.001349799068369052,-0.0018660174649830377
620,17,6.231908321380615,-14.213434081215782,-15.023997386318666,-0.21545181278988784,-0.21314345912422714,-0.0016483258523020533,-0.001792410503926122,1.0023789523685631,1.001998014601747,1.0039292968585245,1.004125664034437,-0.003070609446385008,-0.0019064493852852492
621,17,6.371549606323242,-16.20459565360363,-15.17485761636834,-0.21076722165301215,-0.38233829482293347,-0.0018944561016977772,-0.0018300366398248493,1.0018247630794472,1.0019278878844446,1.0040859833192588,1.004141693135806,-0.001498026367072309,-0.0018126091437828337
622,17,6.517232418060303,-15.69293659310499,-15.227095120694331,-0.5647037689932057,-0.5593672347980646,-0.0020521585642421384,-0.0018298208076568381,1.0015758663175407,1.0018737643693638,1.0045134669606168,1.0040739705965085,-0.0009134161026425784,-0.0017335055089651471
623,17,5.748013973236084,-14.315457501500658,-15.241300722160052,-1.0502579946992363,-0.6876861875650614,-0.001890626208780378,-0.0017609361067139847,1.0019885369266148,1.0018676107080624,1.0044162497609672,1.0038363108843114,-0.002348357868871713,-0.0017486104643180342
624,17,5.801807403564453,-15.240660325247745,-15.425937244784972,-0.49454645374878653,-0.7288624516614671,-0.0013116565220208482,-0.001676864012800274,1.0019425124289145,1.0018513900773918,1.0026331808599647,1.003521539013713,-0.001647475773564971,-0.0017092039663714547
625,17,6.383519172668457,-15.950717268032744,-15.70522186353175,-0.7559703493390423,-0.7451070723728537,-0.0017383361567681864,-0.0016610231790722527,1.0018217841536121,1.001791392306868,1.003426621731564,1.0033746070817138,-0.0017558224058549174,-0.0015958187518829436
626,17,6.325778961181641,-16.059648141148227,-15.885524633128162,-0.7032372347074972,-0.7525133382180568,-0.001601604597587646,-0.0016938030940353247,1.001624950205649,1.001696112488994,1.0031488722243243,1.0034010210712145,-0.0011824671654268122,-0.0014306201699011663
627,17,5.985324382781982,-15.982821611631945,-15.848262599427438,-0.8058979645967088,-0.7474956560982445,-0.0019464589305070831,-0.0017425521697677785,1.0016955742421463,1.0015854191255544,1.0039494795596242,1.0035299372212036,-0.0017055074037930944,-0.0012611827005933383
628,17,5.775067329406738,-16.092586518841305,-15.559438782276809,-0.6569043208599041,-0.7165799452093133,-0.0017453180060103724,-0.0017681954827318417,1.0014714843232644,1.0014681293464927,1.0035451787353677,1.003649369479928,-0.0009685867564156667,-0.0011056127109723085
629,17,5.708422660827637,-14.930430863928944,-15.085924848031018,-0.6680370176553893,-0.6563727307146711,-0.0017908443671212685,-0.0017883496312701527,1.0010923460307923,1.0013833038341835,1.003853049063043,1.0037543887452318,-0.0003322076975767707,-0.0010946857370074596
630,17,5.614684104919434,-13.902282745033865,-14.667809045900897,-0.6521826985247944,-0.5495441994578737,-0.0016930611583951156,-0.0018297681745802936,1.001489640414654,1.0013559464791884,1.0036987167041422,1.003847823055377,-0.001561722204796366,-0.001286975841718831
631,17,5.991732597351074,-14.226771256588911,-14.473787390715204,-0.41097834308930165,-0.386270658709582,-0.0018630003297323977,-0.001906757592935588,1.001413071147791,1.0013262955536761,1.0038523465235933,1.003944129054422,-0.0018090465873972466,-0.0015006410291661517
632,17,6.204679012298584,-14.960437683352612,-14.384616003157515,-0.13457963686196817,-0.19389704552739195,-0.0020804109653149794,-0.0019847339047625416,1.0012354744889935,1.0012621044018375,1.004119445383828,1.0040088151774575,-0.0016561536814122299,-0.001607272772877243
633,17,6.2529683113098145,-14.966862487873735,-14.183183841495481,0.0802972850334453,-0.011593393922281328,-0.002178642392283817,-0.0020111841775894866,1.0012545540518298,1.001168144403143,1.0041587202470177,1.0039741232670956,-0.0017667993652077068,-0.0016046894358822635
634,17,6.278359889984131,-13.186789515086927,-13.876615694804487,0.1380565231375074,0.1455091765406332,-0.0017971909159133065,-0.001973571871166368,1.0010019610568757,1.0010545632622199,1.003534610045565,1.0038144864371106,-0.0012053210247391477,-0.0015438374250672914
635,17,6.189648151397705,-12.953975375367666,-13.710523332940241,0.10987649281193457,0.2953720936033074,-0.0019027264144005484,-0.0019058742396890988,1.0007711692645092,1.000952515318611,1.0037480504422667,1.003549297827478,-0.0012233519791414044,-0.001504027875866109
636,17,6.475893020629883,-14.050477503378472,-13.715228996320977,0.3832011672555961,0.4461519332412131,-0.002043881068913235,-0.0017995108775833153,1.0010143000973504,1.000869036920346,1.003664329967286,1.0031401766375247,-0.002227018561600817,-0.0014485630114348456
637,17,5.829310417175293,-14.516746556412492,-13.652827353619012,0.9209175541356815,0.5417269551194901,-0.0014998606734676438,-0.001649938639160521,1.0009650599366433,1.0007607645427123,1.0020654582062465,1.002630312029281,-0.0013320410337323138,-0.001285358906127163
638,17,6.087428092956543,-13.177486510269018,-13.399870055087563,0.4785077865327841,0.522788067268062,-0.0014079306876040132,-0.0015157469927496404,1.0003614857798113,1.0006316355808489,1.0020366922821735,1.0021947324402818,-0.0003138502593815064,-0.0011448988688440378
639,17,6.084242820739746,-12.49816058946324,-13.123643008252564,0.23086013128772728,0.44563851073695887,-0.001578576310201414,-0.0014167298261918953,1.0004679949990933,1.0005420483206506,1.0023528295677349,1.0018516442083123,-0.001176187114425486,-0.0011667292218289244
640,17,5.921735763549805,-12.943326717118143,-12.940910900167657,0.4331259518539239,0.36624449041183904,-0.0012067679173742355,-0.001338868296852781,1.0006656070037732,1.0004767714385485,1.0011846015991097,1.0015626029644267,-0.001830479565508497,-0.0012291467156027032
641,17,5.753259658813477,-13.394212946728397,-12.750726858452179,0.43541507829132087,0.2737375872809975,-0.0013456959919567817,-0.001300589714502208,1.0004544573429137,1.0003905945934353,1.0013720556260053,1.001406220231593,-0.001296132816400347,-0.0011957953167221025
642,17,6.196473121643066,-12.57198287716211,-12.455866540068627,0.0778477151120052,0.17507877268764754,-0.001365585619150119,-0.0012941190163695503,1.000165125141251,1.0002989104508444,1.0015728755354765,1.0013757380743928,-0.000756904064709303,-0.0011344428406374688
643,17,6.037688255310059,-11.718013224042348,-12.180380347108587,0.031143099351802334,0.12818583605873282,-0.0012767384486095175,-0.0013214800384009097,1.0001198286318862,1.0002428574265916,1.0014186957125435,1.0014381065677944,-0.0007953327143438239,-0.0011647603362642334
644,17,5.810648441314697,-11.456516591790026,-12.100955515053963,0.053920365110337584,0.16567842400245342,-0.0012906342580806594,-0.0014074651444854378,1.0003545523161572,1.0002165526371243,1.0014287520769007,1.001618379804847,-0.0016642386540749665,-0.0012653640073926001
645,17,5.703843593597412,-12.616588355887638,-12.202170851808305,0.4451807476453262,0.2721463310938061,-0.0013046093528185313,-0.0015585876460629264,1.0003451201577767,1.0001752957342407,1.0012678232242058,1.0019354641582483,-0.001551093201725806,-0.001298956292536473
646,17,6.016356945037842,-13.132872357165706,-12.2546090614009,0.2478373685440142,0.40207845762655203,-0.0022448459832879585,-0.0017184943811743003,1.0000048573380667,1.0001237572667805,1.003430408205617,1.0022893844385867,-0.0012606701568119764,-0.0012500943423012232
647,17,6.224880218505859,-11.547004392469166,-12.183781660081081,0.6577579848668975,0.5456242697799513,-0.0016967729592794263,-0.0017796189431802207,0.9999705356547948,1.000124506170972,1.0023345326638948,1.0024356428827084,-0.0007757299884026782,-0.00122023836740852
648,17,6.116562366485596,-11.505504709668074,-12.181775366517392,0.6556535535706247,0.6664641050118362,-0.0016896890584875881,-0.0017762391501218325,1.0000130005173558,1.0002037180310963,1.0023232744211752,1.0024337557426644,-0.0008809064412435019,-0.0012999648423213301
649,17,6.191377639770508,-12.73531804207215,-12.256074927495868,0.6487531983025938,0.7504577528280373,-0.0018887395912144994,-0.0017518845962423764,1.000656150799051,1.0003141112784169,1.0026847541890862,1.0023942612089687,-0.002335949110238463,-0.0014067418822438491
650,17,6.253396034240723,-13.06434539838262,-12.186043390436685,1.0829613758282113,0.780817161488246,-0.0016923878340177367,-0.001726768744403749,1.0004890101789297,1.0003624932935782,1.0020072494023649,1.0024074797000637,-0.001585440349323741,-0.0013628463867819904
651,17,5.848696708679199,-11.901525691285473,-11.918294931393614,0.8152206071100362,0.7314701142240974,-0.0015586463436557893,-0.0017548799753160861,1.0002400036683738,1.000358877102046,1.0021709673845935,1.0026154618449385,-0.0006255623656468661,-0.0012692828373316214
652,17,6.00839376449585,-10.936467190073976,-11.713069869964567,0.4497293613679117,0.6704135522293343,-0.0017549174195196793,-0.0018741917723185553,1.0002587170166042,1.0003705850687747,1.0030120142129142,1.0030207692473634,-0.000976866434420562,-0.0013183630475119062
653,17,6.272739410400391,-10.966648221940288,-11.831860962745163,0.3907647702832491,0.6990473247252829,-0.0021547882241360226,-0.0020462885344086773,1.0004433761459282,1.0004270933552935,1.003897580612447,1.003448562171723,-0.0018698267412792819,-0.0014822643468072772
654,17,6.177865028381348,-12.796808331714304,-12.216585766672415,0.9084441848620393,0.830270955398707,-0.002312507263710809,-0.002186865751742144,1.0005007430035278,1.000513430093248,1.003898647126155,1.003720243194987,-0.0018210379595692766,-0.0016011493728093453
655,17,5.972700119018555,-13.562130636329794,-12.520243025667577,1.1350177004204676,0.9683484045495326,-0.0024172628276700613,-0.00224615038838142,1.000716997580197,1.0006097372626928,1.003960370245542,1.0038120531774826,-0.0017834481593312383,-0.0016271707683406062
656,17,6.154606819152832,-12.091308323054355,-12.596032510648472,1.039327171193809,1.031548727724481,-0.0020551957852335107,-0.0022366092640881876,1.0006496113494847,1.0007020737136012,1.003509732803871,1.0038041848554782,-0.0012131219527446115,-0.001625405835286333
657,17,6.041336536407471,-12.015513101893461,-12.639628839630813,1.0400765548979654,0.9988022260297674,-0.002043200776947922,-0.002221529862545001,1.0007001733385195,1.0008059687753976,1.0034884888259832,1.003815487178587,-0.001364919649830971,-0.0016960826750334027
658,17,6.132366180419922,-13.107403097743129,-12.720219809870473,0.8651491647387608,0.8682865300993765,-0.0025004612607900404,-0.0022060050880198436,1.0010402775066443,1.0009204353053534,1.0044125782346964,1.003856887390368,-0.0024349034971561695,-0.0017943410618619876
659,17,6.080398082733154,-13.279645065850042,-12.697283718930134,0.8515482375914992,0.6518022244968904,-0.001986673747870376,-0.0021468933950075705,1.0010699238283902,1.0010158874944712,1.003363426777943,1.0038551585234714,-0.00174408857552892,-0.0017872212737805706
660,17,6.136343002319336,-12.21632657913949,-12.550163131915665,0.28916259147183077,0.3794463397143635,-0.0021194686125731487,-0.00206774256689847,1.000950942393437,1.0010967563667053,1.0040206402565792,1.0038485418455099,-0.0013484915806360844,-0.001715835400015925
661,17,6.112510681152344,-12.0396060860711,-12.448848159264463,-0.1720542451864913,0.13780652970802598,-0.0021640441638994794,-0.001968396529117967,1.0012019997783073,1.0011827026739115,1.0044057989087591,1.0037758676315813,-0.0018890052136948804,-0.0016292651842171502
662,17,5.971433639526367,-12.246956035373744,-12.470932495996758,0.11888410759076434,-0.024030805559076177,-0.0016012109660767557,-0.0018679675593849545,1.001463680008715,1.0012528040396071,1.0030322786868906,1.0036417051691522,-0.001862325617318094,-0.0014768558594374956
663,17,5.5525360107421875,-13.077210697531479,-12.518713253174198,-0.16026909066172731,-0.15152767831185193,-0.0018850080206470428,-0.0018305889341622293,1.0011628344891454,1.00129771747572,1.0036825234324316,1.0036161690263552,-0.0010282655897883549,-0.0012927370207968588
664,17,6.116575717926025,-13.178460629576724,-12.43627266914921,-0.16292018590934898,-0.26943287157096707,-0.001797160765072237,-0.001854385479977525,1.001256824443681,1.0013664642067404,1.0035240267079184,1.0037283137857473,-0.0006065391904532997,-0.001234135140982974
665,17,5.388898849487305,-11.390308487582807,-12.296006165752305,-0.43036409559806926,-0.38538613084319223,-0.0019198368395205712,-0.001929612786442062,1.0014689385775684,1.0014711406501728,1.003994880169011,1.0039639181878555,-0.0014615997937741248,-0.0013507009429898835
666,17,5.402202606201172,-11.40649656786402,-12.376896373191435,-0.5521453098429601,-0.4775997288311647,-0.001974995537883135,-0.0020319965012096544,1.001807003764548,1.0015773704539528,1.004195356456451,1.0042517724208355,-0.002194261757827487,-0.0014791073653252764
667,17,5.747455596923828,-13.65527429417734,-12.62661086992881,-0.5671197459496251,-0.5374217696394329,-0.0022845481990334403,-0.0021245304458163052,1.0016335151558204,1.0016607875401875,1.0047838896553811,1.0045101115835404,-0.0015962318492520504,-0.0015044353023531826
668,17,6.479163646697998,-13.79658105116638,-12.670810962125667,-0.4917084905532378,-0.587798898765114,-0.002186934414494685,-0.002163189320987608,1.0013745596530537,1.0017726126310755,1.0045824474235123,1.0046631840563873,-0.0003011657468617476,-0.0015717378502924308
669,17,5.918270111083984,-11.436243911615744,-12.478718369981587,-0.7256054068677846,-0.6603581476474876,-0.0020586007508230815,-0.0021536590455635903,1.0021390098344423,1.001943787251372,1.0046674164465064,1.0047143914728958,-0.002215345711091929,-0.001818742591492643
670,17,6.007802486419678,-11.643373589278244,-12.36811932287016,-0.7333364313186322,-0.7647261829168597,-0.002044977031538609,-0.0021144406871626527,1.0021247517981815,1.0020956480060474,1.0045984864698427,1.0046608837193818,-0.0023564398226980695,-0.0020296702718416606
671,17,5.495906829833984,-13.056624691780812,-12.347213531205764,-0.8410645017371696,-0.9217436856681432,-0.0022791250364937615,-0.002029428023500282,1.0023118959623398,1.0021844357784453,1.0049540457635207,1.0044732936972431,-0.002482305990678538,-0.0020454595253929647
672,17,5.625351905822754,-12.838680923837398,-12.165955471570404,-0.9722233326874707,-1.1406410829539964,-0.0018215802749108733,-0.0018734610606373082,1.002163680751911,1.0022023398585103,1.0038041875128396,1.0041388380420233,-0.001533087686629277,-0.0018812599987306248
673,17,5.382018566131592,-11.265457112883794,-11.810950910841964,-1.6470033846990548,-1.3869197242867781,-0.0016004331950527672,-0.0016955892733762489,1.0021435302227255,1.0021836149168695,1.0037247035221857,1.0037738113534291,-0.0015163095204835193,-0.0016967154177646674
674,17,5.18678092956543,-10.999310464148113,-11.506162899414601,-1.8061677461026142,-1.5853323479630177,-0.001509262910622189,-0.001540518070973382,1.0021011692144002,1.0021569656918365,1.0035241463444486,1.0034193765219082,-0.0014955520221776098,-0.0015569640347246642
675,17,4.948078155517578,-11.48708561283679,-11.301973563994759,-1.5375239527946998,-1.7542703545351674,-0.0013320257028045547,-0.001413536275085258,1.0022839310824205,1.002129400367115,1.0028270934656462,1.003081196693294,-0.0018314306368028667,-0.0014314299193476038
676,17,5.399566650390625,-12.018277867647607,-11.043102524734099,-1.6659600761017823,-1.9915826615955172,-0.001428906772366467,-0.0012937831059452772,1.001854858294311,1.0020988707513758,1.0027652476936486,1.0027745511903945,-0.0007545307761353466,-0.0012883406604317202
677,17,4.944009304046631,-10.293860598725939,-10.678807598541228,-2.3889794015506056,-2.309777207698991,-0.0012237611945342952,-0.0011402854893521385,1.0021642176188787,1.002092524041853,1.0027460168366995,1.0024329596593955,-0.001245233171825746,-0.0011869980062448385
678,17,5.167883396148682,-9.377178342046303,-10.472034507305537,-2.9540926506323695,-2.5985193614721136,-0.0009262178810045457,-0.0009581678890325601,1.0020937124497755,1.0020746260129978,1.002236140187532,1.0019920135605669,-0.0012700123814098855,-0.0010458910390745608
679,17,4.983067512512207,-10.63947736586042,-10.53709694458416,-2.755838285748302,-2.7787457110739915,-0.0007634939711172107,-0.0007908545694242162,1.0022643965847957,1.0020157831492194,1.001392260422077,1.0015186806455392,-0.001407438292092483,-0.0007782513419663705
680,17,4.754177570343018,-11.521081672694875,-10.583160334678883,-2.7931117175551137,-2.8998244258907766,-0.0006729723613906472,-0.0006756607531982435,1.001718982954314,1.0019215339789038,1.0009709941027958,1.001181257787326,8.698329605208839e-05,-0.00043583067912433447
681,17,4.688875198364258,-10.658383725989687,-10.345178596447699,-2.9198147713016303,-3.0242608983971544,-0.0005871548684760544,-0.0006372225406064351,1.001748450360161,1.0018686031329262,1.0009077740874783,1.001105601320551,0.00021326941397779782,-0.00026487533509780327
682,17,4.491738319396973,-9.39081659538009,-9.934175326274822,-3.1745527955823016,-3.1645292973321277,-0.0006862002000521247,-0.0006922424436347841,1.001920941925448,1.0018716355737425,1.0013719142370052,1.0013125340293807,-0.000495427091014776,-0.0003350302497409864
683,17,4.410120010375977,-9.315478662496927,-9.609291237102878,-3.28477391640221,-3.2864578165294724,-0.0007090693809837833,-0.0008384321989378165,1.0019717263786678,1.0018879123599196,1.0014960700369897,1.0017375337578533,-0.0006668228728996801,-0.0005099072286492096
684,17,4.186883926391602,-10.01181640168342,-9.42944340530822,-3.342115536546658,-3.3499439995668023,-0.000983106561356585,-0.0010546430209393718,1.0019231950473897,1.0018898874236875,1.0020757527593351,1.002297564468339,-0.0006525954276602869,-0.0006837460754747786
685,17,4.970774173736572,-9.122495455313178,-9.349133634268915,-3.5553407020610686,-3.314437346892749,-0.001573280558495428,-0.0012640349557930326,1.0017858710746455,1.001889054814704,1.0036326797892978,1.0028037528238585,-0.000765312602470936,-0.0008212538148250787
686,17,5.107852935791016,-8.735361427727225,-9.497803456148226,-3.260829444860607,-3.1575368881930723,-0.0014544514705286205,-0.001377711541849872,1.0019277523869228,1.0019083304221803,1.0033421958885391,1.0030332573298215,-0.0011627901590251925,-0.0008849435475093157
687,17,5.022017002105713,-9.811030756345993,-9.91381410164209,-2.7072194812268577,-2.9502940123504318,-0.0012753719327629881,-0.0014159953879211739,1.002081304541367,1.0019390185215802,1.0026278574117762,1.003062136102116,-0.0011499492800699726,-0.0008388212808957994
688,17,4.576022148132324,-11.176193249860754,-10.340290563220686,-2.6694409743183094,-2.7997297728399935,-0.0014005702748346755,-0.001440964411309743,1.001818037061212,1.001982599459742,1.0028679086815129,1.0031093662644015,-0.00022510869473767867,-0.000766312124170164
689,17,4.405177593231201,-10.854557254669407,-10.494406169636889,-2.7151048962220257,-2.7243769101909594,-0.001411455089443186,-0.0014681985575056625,1.0020039009977062,1.0020772084358986,1.0030754332465608,1.003245889986881,-0.0004964925747867069,-0.0008348798233657087
690,17,4.579608917236328,-10.021243358329217,-10.42495835936568,-2.8667992835765683,-2.6726617640028856,-0.0016231095168939072,-0.0014807699242082297,1.0022951552732133,1.0022062074618865,1.0038728809352953,1.0033998354346014,-0.0013605648869625979,-0.0010089704623466
691,17,4.683316707611084,-10.001849661104092,-10.354984708365135,-2.6809668423621797,-2.595403665081731,-0.0015037553670166457,-0.0014499097413778494,1.0023971894644323,1.002318626959328,1.0035799060026207,1.0034569041710628,-0.0014456887727100662,-0.0011091970422262428
692,17,4.848649024963379,-10.61536881644293,-10.360834378929875,-2.3511924341366495,-2.5216137181365736,-0.0013560379969880581,-0.0013987064494056477,1.0024483517940765,1.0023964494541338,1.00326118622988,1.0034717464946157,-0.001169841445255319,-0.0010842437554850015
693,17,4.594541549682617,-10.601058242598834,-10.37620500313236,-2.420365095904875,-2.513982625017221,-0.0011974858265319413,-0.0013790701178846777,1.0023915346102998,1.00246301991853,1.0031302934608843,1.0035683127294144,-0.0006950985396012928,-0.0010450317590555388
694,17,4.778141498565674,-10.27822792382358,-10.414370792683592,-2.713035994780565,-2.5734296010748814,-0.0015741912771711955,-0.0014158957913317982,1.00245047933758,1.002560837212086,1.0042526272453631,1.0037662568737484,-0.000944681335758647,-0.0011316055504820683
695,17,4.812045097351074,-10.276204476599538,-10.581551482185153,-2.679547793331636,-2.6638788550621593,-0.0013607892919642183,-0.001477939656766303,1.0026558570568023,1.0027008960502315,1.0038001160154706,1.003949599865846,-0.0012246632979091188,-0.0013465350954657538
696,17,4.52905797958374,-10.746619711500069,-10.92813915779839,-2.690731469968703,-2.792360772632631,-0.0015478749841720237,-0.0015638119447439634,1.0030220780066528,1.002843849997097,1.0040779437282814,1.0041239700995885,-0.001942182982162683,-0.0015820549225306164
697,17,4.897810459136963,-11.546164237340397,-11.365905399748543,-2.9283180724106397,-2.974725513385424,-0.0017157872352256726,-0.0016428497896084522,1.0028712878308004,1.0029406891579873,1.004309992790061,1.0042808796687441,-0.0016563873065472254,-0.0017030403178666554
698,17,4.6897382736206055,-12.150859492032271,-11.728281717106949,-3.2186431834194047,-3.1865967136482416,-0.001843353958935529,-0.0016744880849492941,1.0031387658968567,1.00299795085918,1.0046583375462832,1.0043840323648716,-0.0021449132133766957,-0.0016921653357461037
699,17,4.618419647216797,-12.016646470067796,-11.934512996963043,-3.488708664017501,-3.3806088769150064,-0.0015419659385619033,-0.0016579969577651978,1.0028733064287745,1.0030266908773118,1.0042780207267068,1.004428162504053,-0.0010767116155998165,-0.0015898303569642433
700,17,4.561465263366699,-11.688965115490891,-12.080902785985476,-3.495311355626704,-3.5267917350002893,-0.0015557577125267013,-0.001649869349378407,1.0030673469180136,1.0030689121251384,1.0043093572868467,1.0044965078904495,-0.001443481993228626,-0.0015498217681418343
701,17,4.733241558074951,-12.063140994418614,-12.296131539619084,-3.6417471803691317,-3.6347314902128587,-0.0016486236920623247,-0.0016708369076706376,1.0031859213870498,1.0031231559339915,1.0045946574983418,1.0046250874951352,-0.0017972379161858372,-0.001569572279123781
702,17,4.856447219848633,-12.744854040871061,-12.55115422356379,-3.6630208794117443,-3.712954610488706,-0.0016887729361703245,-0.001694394824842469,1.0031533900946434,1.0031790374867278,1.0046994864153778,1.0047645989182135,-0.0015327377404144795,-0.0015810650712686039
703,17,4.712487697601318,-13.098659355724438,-12.713916137686583,-3.8371562723029817,-3.7651680173425452,-0.0019308326475992535,-0.001676846532624321,1.0032539976153672,1.003246439803319,1.0053330840207708,1.0048317036413865,-0.0018267047813065734,-0.0015845379385866169
704,17,4.758623123168945,-13.110551837927709,-12.73539722118608,-3.7783503755439463,-3.7843864027306484,-0.0016606261955171965,-0.0015934914581442572,1.0031132193341747,1.003332438558597,1.0049552809179432,1.004762467179984,-0.000969857997273637,-0.0016054846749289113
705,17,4.572662830352783,-11.94520097647807,-12.757181181934714,-3.732925120222215,-3.7847097646313244,-0.001270491113765319,-0.0015172404667405757,1.003650972867984,1.0034247809997812,1.004215360601004,1.0046862558785625,-0.002060458747751723,-0.0016955141325045637
706,17,4.676237106323242,-12.44332355485435,-13.016499276697097,-3.802187561781668,-3.779826366699494,-0.0013911953160416033,-0.0015455781448008418,1.003522761083288,1.0034535734776557,1.0045001674875529,1.0048041875690115,-0.0019260229662745388,-0.0017323419865611536
707,17,4.912961959838867,-14.188108430850559,-13.433962511413744,-3.6804514856636388,-3.765886274744836,-0.0016392854815788778,-0.0016773447543543408,1.0034222159683128,1.0034185468111159,1.0048873844814175,1.0051341093222035,-0.0015762534930829602,-0.0016880461647798297
708,17,5.176483631134033,-14.078392316554469,-13.71415001863491,-3.8447308161597418,-3.7348221216306112,-0.0021274416871472977,-0.0018291786303272406,1.0033176975171352,1.0033657006533612,1.0061999081012516,1.0055181019882813,-0.0017195635713493224,-0.0016287374385206958
709,17,5.502645015716553,-13.375841414616099,-13.809242867099416,-3.7085389887151967,-3.659754522627151,-0.001842115129939731,-0.001916012192826638,1.003146773198712,1.003344467922485,1.005718357511743,1.0057420023524926,-0.001087304617921881,-0.0016062667169451038
710,17,5.2974419593811035,-13.750196897651506,-13.828319176087854,-3.587551245219079,-3.5484400053817047,-0.0019511710128965601,-0.001946632301987778,1.0035229046713177,1.003371316515664,1.0058403516043637,1.0058042220987204,-0.002116211476833477,-0.001650370150645171
711,17,5.336947917938232,-14.311357768048264,-13.759421495761346,-3.305283871716175,-3.4379452707383624,-0.0020825164352045135,-0.001931198999815435,1.0034048070046913,1.0034049892810535,1.005898437554604,1.0057574341903548,-0.0017613976442359507,-0.001663878982428092
712,17,5.425439357757568,-13.442842777127382,-13.574475021817268,-3.347987306088128,-3.3715239414526543,-0.0017391593645595081,-0.0018881385836419374,1.0034359128228292,1.0034395710582389,1.0054052816305437,1.0056767627376744,-0.0014002601844925462,-0.0016740683911352
713,17,5.1656880378723145,-13.013844843895015,-13.416191426344726,-3.37429785610212,-3.3484470550812375,-0.0017809364779563406,-0.001875356847591879,1.0034010069933186,1.0034817738205783,1.0055049050036664,1.0056656118348333,-0.0015143801097070601,-0.0017582840273163548
714,17,5.046671390533447,-12.852678250570461,-13.394888850386451,-3.377102397188879,-3.350914217526101,-0.0018188579115286376,-0.0019049824187229445,1.003682511403738,1.003530042815733,1.0055854768300494,1.005733439584829,-0.002284279892928752,-0.0018881991611535334
715,17,4.966300010681152,-14.025165872952613,-13.422436516487036,-3.4183831113170053,-3.370404406987929,-0.0021132624210958464,-0.001936172815817961,1.0034467143979617,1.003567852391037,1.0061542427977435,1.0057979062808449,-0.0018952448160142724,-0.0019623568887012144
716,17,4.877984046936035,-13.979561890886394,-13.238718656017618,-3.3359563265562695,-3.4140781567361427,-0.0020109660866332764,-0.0019053137400920034,1.003718534117325,1.0036144829214215,1.0058874218325484,1.0057422881616578,-0.0022139305266054812,-0.0019912533086523035
717,17,5.231797695159912,-12.840827708098978,-12.815319155036995,-3.352573060744536,-3.5014002178057346,-0.0017611760691893608,-0.001813300682728742,1.0034002228105763,1.0036690235860073,1.005422064055921,1.005575874501754,-0.001266940562597608,-0.0020162673350291784
718,17,5.006626129150391,-11.563177089373877,-12.443611999353735,-3.777668678300116,-3.615369800550232,-0.0017624250645712277,-0.0017098836353515935,1.0039950016056642,1.003733778233503,1.0055959181712169,1.005377973006255,-0.0027900026245772772,-0.0020876314561847848
719,17,4.933988094329834,-11.941162355924027,-12.412275847129198,-3.7405889299085824,-3.6949580969339624,-0.001416958278180141,-0.001640876045244362,1.003762258601494,1.0037505825109665,1.004818335872747,1.0052069570126243,-0.0019572501201591264,-0.002078727653680912
720,17,4.697867393493652,-13.087704793136757,-12.66012002100391,-3.7806046570086673,-3.727540620102744,-0.0016649168953243047,-0.0016462468865282675,1.0036303923656564,1.0037311759667586,1.0051826560314043,1.0051502622114903,-0.0018268339308017704,-0.002035039238457957
721,17,4.592385768890381,-13.110348847737614,-12.920013853789797,-3.678372135570224,-3.7357987548593803,-0.001737561481126356,-0.0016928332302055342,1.003760983403018,1.003705310751276,1.0051778099390463,1.0051795668991037,-0.0021565052345530297,-0.0020019328720336637
722,17,4.422327518463135,-13.101898766281563,-13.055682296157599,-3.732028683548236,-3.760457389987185,-0.001729560514386349,-0.0017384855753864554,1.0036767315313064,1.003672297869184,1.0052022743129392,1.0052436714830046,-0.0019616696350820643,-0.0019525986713658985
723,17,4.281605243682861,-13.168017101200942,-13.0437577223487,-3.7881708669649647,-3.8233467622171537,-0.0017473344620356059,-0.0017583190354331065,1.0035797225303666,1.0036431325163386,1.0052512880500675,1.0052898119650526,-0.0017213162421989888,-0.0018988638374420328
724,17,4.275276184082031,-13.155320788716761,-12.907307471992443,-3.8087103137855873,-3.927104213823412,-0.001824537220047939,-0.0017271822672739368,1.0035981379088348,1.0036295714180288,1.0054028427293606,1.0052459822881028,-0.0018408345539297317,-0.0018533208792000226
725,17,4.344844818115234,-12.042011156261392,-12.744173401170663,-4.195292581915302,-4.047209664901956,-0.0016590264476757336,-0.0016241486950786554,1.003716010367321,1.003616826737352,1.0052611535516558,1.0050365877616976,-0.002019565910676919,-0.0017610722784897712
726,17,4.863775253295898,-12.412353529983266,-12.69184028740117,-4.287831782306934,-4.124921309736859,-0.001540387992005216,-0.0014673764824188998,1.0035515387879013,1.0035815369882184,1.0049075066860522,1.0046628583464823,-0.001744743749155987,-0.001569993663509719
727,17,4.942312240600586,-13.489871577140425,-12.622405830290845,-3.961608663594015,-4.160497868142131,-0.0011841831999618,-0.0013038637916377488,1.0036431029988104,1.0035319637908193,1.003783847446907,1.0042471129279424,-0.001338826941451086,-0.0013395351202990227
728,17,4.827448844909668,-12.655947284106885,-12.31904870266631,-4.192920600171984,-4.208676624576726,-0.0010892771885450563,-0.001199358357410024,1.00328006187787,1.0034848233311637,1.0037202652213975,1.003979099010014,-0.0005676948079253885,-0.0012157953770543072
729,17,4.3994975090026855,-11.427862487963505,-11.877748787327493,-4.272542604369652,-4.266813207692236,-0.0010981817339076648,-0.0011738291701439587,1.0034914224129448,1.0034752086799559,1.0037870785173235,1.0038829610482913,-0.0013377369571679727,-0.001302148349453542
730,17,4.454770565032959,-11.040483226007781,-11.550103732608955,-4.502528564416951,-4.309521126183195,-0.001271343983780707,-0.0011901080225017713,1.0033708764123648,1.003476180395317,1.0041618838281192,1.0038400379724808,-0.0013198305070569415,-0.0014729119390710075
731,17,4.365026473999023,-11.247260764099478,-11.402383946391017,-4.201436503376855,-4.330080012847568,-0.0011994001645184262,-0.0011804356889575536,1.0036957196372214,1.0034387235381013,1.0036492061570157,1.0037025440819054,-0.0022368152195926935,-0.0015434004806456317
732,17,4.316941738128662,-11.73483864149411,-11.254834423817009,-4.392728942620722,-4.381988558958238,-0.001234907376777118,-0.0011019600164762472,1.003361648383194,1.0033002917546052,1.0036306980853775,1.0034283717039505,-0.001615371984642193,-0.0013403691459218767
733,17,4.540672779083252,-11.614679131685884,-10.86738472270769,-4.415279355504951,-4.489443563238796,-0.0010789317380480552,-0.0009390178268092791,1.0028850527556477,1.0030907254734527,1.0032731445144967,1.0030043809864984,-0.00044244025125155233,-0.0009623378949642407
734,17,4.6451802253723145,-10.087164667278456,-10.235186277496437,-4.4064113705281445,-4.661793194570633,-0.00032934510796601074,-0.0007407228102730228,1.0030250889555736,1.002868135671628,1.001532397325463,1.0025134503235145,-0.0005181291691711079,-0.0006285851323216834
735,17,4.737956523895264,-9.036416114512289,-9.660557219772,-5.303136285036683,-4.85876919281263,-0.0010938496125175513,-0.0005827645170807339,1.0024597584338246,1.0026349221321513,1.0033854320248339,1.0020671042941303,-0.0006802705806781439,-0.00038260032282790967
736,17,4.699962139129639,-8.830577968454074,-9.404257122927962,-5.017968350094306,-4.980264925712397,4.913313203905694e-05,-0.0004498393286771013,1.0024771594215038,1.0024159608477605,1.00070448277926,1.0015628796813394,0.0002355638610194718,-0.00020657531539699261
737,17,5.445751667022705,-9.426996440384526,-9.435834761512202,-4.9768112214514435,-5.066966896115806,-0.0004574688861889129,-0.0004286425507784372,1.0021362539094545,1.0021926630648805,1.001216762387927,1.0012076120695474,-0.0001731947171104592,-0.00014014100803853974
738,17,4.841564178466797,-10.40659562800522,-9.45949171962606,-4.866829075297569,-5.205782508467718,-0.0005354582120382092,-0.00047343239732801747,1.002199658012732,1.0019480429145964,1.0007693180649864,1.0010165697575069,-0.0006511040033866578,-9.21826327168552e-05
739,17,5.863935947418213,-9.654886701455256,-9.209153052806606,-5.616567715716334,-5.426194657600357,-0.0007962437613920936,-0.0005085052810842746,1.00140035340604,1.0016740946465887,1.0015829288600844,1.0009081138453346,0.0005069017553569854,7.320348334490244e-06
740,17,4.955989837646484,-8.191838556653892,-8.793375242277385,-5.66464474081126,-5.644240804821008,-0.00021879021907160977,-0.0005062576693716973,1.0015189968358313,1.001425796178019,1.000302698378783,1.0007678822242883,-5.951696688422668e-06,6.623834021435881e-05
741,17,5.276621341705322,-8.333023634682009,-8.497574348426834,-5.842117941924332,-5.809509569367996,-0.0006626307763032455,-0.0005130182289428621,1.001118695150047,1.001199629127101,1.0009389612467507,1.0006382568523031,0.00011704743139752214,9.894072111316478e-05
742,17,5.3579607009887695,-8.362713066658944,-8.416360575210883,-5.942062540731415,-5.897136159260838,-0.0006064854061415798,-0.0005096347823044185,1.0010674370165082,1.000995807599768,1.0006932687789072,1.000477746533207,-9.532927333559322e-05,0.00013651741992519497
743,17,5.5058135986328125,-8.336150199338874,-8.529965204638993,-5.903436006731549,-5.899100248682864,-0.00040907019450987943,-0.0005111850751118565,1.0007007362030351,1.000801089883172,1.000114503892428,1.0003254050370247,0.0005406565579683133,0.00019011811735996127
744,17,5.690864562988281,-8.637686879319178,-8.769871399709832,-5.776157241392823,-5.8258737805575525,-0.0004190196484711762,-0.0005700472869663742,1.0008321959861566,1.0006112707798436,0.9999510626569897,1.000301896508506,-0.00024318200232213127,0.00022285569562567194
745,17,5.392336368560791,-9.572887591831146,-8.986809030129926,-5.710763782235579,-5.689104423544749,-0.000553476490428299,-0.0006999872282885761,1.0002875289327529,1.0004127615942604,1.0001415673304337,1.0004462382910364,0.0006457157481117146,0.0002574853210206547
746,17,5.3643879890441895,-9.601560445582566,-9.021260540404723,-5.492269551913724,-5.4861856959832975,-0.0010557313480390493,-0.000843719150759646,1.0002493379733244,1.0002460272049227,1.001004259035306,1.0006376429822241,0.00023877719508292206,0.00022496729479716426
747,17,5.591072082519531,-8.484698006316167,-8.951532229743808,-5.379341859214747,-5.21828013880289,-0.001212603427922349,-0.0008997038064204397,1.0000033693231998,1.0001275137440213,1.0014201840962518,1.0006539240842325,0.0001679514154696427,0.00015088784008653714
748,17,5.773468494415283,-8.004352075524222,-9.064613704065218,-4.770875704871367,-4.903915853226416,-0.0005441423407094421,-0.0008523572483142233,1.00017989427515,1.000053782196191,0.9998332748269176,1.0004359727177792,-0.00015169092080315977,9.997218558509835e-05
749,17,6.012111663818359,-9.95386971777673,-9.453894235621515,-4.561421285265148,-4.605007447271006,-0.0008304448854478299,-0.0007833584964991247,0.9999413933346633,0.9999905700903758,1.000219285143952,1.0001623598214964,0.00024121131817219423,0.0001231430502379025
750,17,5.499825954437256,-10.094859442264402,-9.865528394905002,-4.357515382082555,-4.349683449833808,-0.0007974688618213847,-0.0007030009137549741,1.0000062122036135,0.999930740843428,1.0000569922165126,0.999882130285473,-5.4133672144210954e-05,0.00019953327596972673
751,17,5.4012532234191895,-10.164185374932048,-10.13881703542354,-4.175386602271882,-4.141767775946288,-0.0005459403236767501,-0.0006193640633794384,0.9998125770527355,0.9998680430204853,0.9994731264304464,0.9996278534901889,0.0005905269009900411,0.0003042496641532626
752,17,5.338044166564941,-10.154370673851853,-10.232689239305564,-3.887711493572521,-3.9870697742552133,-0.000468142709235163,-0.0005698945765337431,0.999774233556699,0.9998129724649344,0.9992777209516689,0.9994824260010682,0.0004990176781187893,0.00036079127857998846
753,17,5.100681781768799,-10.27429055809619,-10.12731090874774,-3.8299005664276042,-3.8949925813425716,-0.0005983857075520968,-0.0005663506871526597,0.9998975646965539,0.9997602227552019,0.9994836889129758,0.9994734026132132,1.6044815075163715e-05,0.00038038360797429697
754,17,5.091464042663574,-10.322217737233956,-9.791073287470592,-3.8521863626751736,-3.8381549590592328,-0.0006745214564057519,-0.0005822773857179185,0.9996633324094247,0.9996985308471692,0.9996710303204022,0.9995461347949469,0.00047974144348304656,0.0004139917592731873
755,17,5.538323879241943,-9.185676031924505,-9.28344413492385,-3.8179226682176473,-3.759175184086345,-0.0004980810130830432,-0.0006017793464690965,0.9995532473387779,0.9996582237688744,0.9994877517144781,0.9996429942678496,0.0007596643472548324,0.000402866414489405
756,17,5.458051681518555,-8.336020901281628,-8.854223305799259,-3.688792145096517,-3.6048218233803975,-0.00071171678059695,-0.0006353087260828342,0.9997287275798193,0.9996605086473455,0.9999778487201417,0.9997378918314503,8.62361909529539e-05,0.00030936450999326383
757,17,5.7089314460754395,-7.997549577615073,-8.723029154956498,-3.6077142252919336,-3.349902754196776,-0.0007885446689850426,-0.000673035142381332,0.9996419132909289,0.9996940498956718,1.0002054368322815,0.999783832505037,1.666535358438375e-05,0.0002024790141864345
758,17,5.382465839385986,-9.14449227542195,-8.866147595986558,-2.8129154510668375,-3.0238461308657523,-0.00041550328936804765,-0.0007318026444645767,0.9996883765964231,0.9997574566863706,0.9990582681859465,0.9998367534876266,0.0005379460522864226,9.035624932106476e-05
759,17,5.224699020385742,-9.399639595463153,-8.99994341621717,-2.6434899521076116,-2.730449249456105,-0.0008317614935273303,-0.0008461804018089291,0.9999524790387317,0.9998319911890012,0.9998978208416208,1.0000459919973508,-0.00022300384313557323,-6.104981293683263e-05
760,17,5.682470798492432,-9.38099113614216,-8.910074633449884,-2.5347878887603854,-2.5155130361794957,-0.0014139359943194849,-0.0009513796790633332,1.0000076773231992,0.9998814961097668,1.0011992441736157,1.0003179617119593,-0.0008870939755496369,-0.0001627763233312447
761,17,5.272340297698975,-8.811289637311619,-8.582916184030864,-2.226390877228168,-2.378457287435145,-0.0007268195083873973,-0.0009890326633382207,0.9996537438737177,0.9999159952169342,0.9999479901348427,1.0005146650962513,0.0007627449305298421,-0.00020369770749597486
762,17,5.021949768066406,-7.600918271164076,-8.215007739276498,-2.3175611524395916,-2.304510284567417,-0.0008741891444241648,-0.0010302478673111153,1.0000829881831637,0.9999751805040628,1.0004968433111971,1.0007286014133319,-0.00045822354689185185,-0.0003435900110416109
763,17,5.038579940795898,-7.5257867436501025,-8.066388472253728,-2.51859292036142,-2.2293627098343824,-0.0012276848304530645,-0.0010805668852364137,1.000145272600037,1.0000285151114674,1.0014083107030924,1.0009100496343097,-0.0009760294747009917,-0.0004800363187928317
764,17,5.38029670715332,-8.564784212144609,-8.153139047202936,-2.029422918615875,-2.1056330926674156,-0.0012150086636478756,-0.001080997951712179,0.9999796142832843,1.000071114924353,1.001078978533692,1.0009227909695977,-0.0004465078881397974,-0.0005114588143959921
765,17,5.438262939453125,-8.652216461867932,-8.282405319814602,-1.9350781466040448,-1.982224965615542,-0.0010019667806918688,-0.0010219162392484374,1.0000489195643287,1.000140816373822,1.0007512784949892,1.0007985777992476,-0.00029463962074852205,-0.0005151074239536359
766,17,5.332828044891357,-8.383229688005304,-8.385295564679728,-1.8398503965302206,-1.9035112804291625,-0.0009015771407513166,-0.0009505528514694946,1.0003335872088557,1.0002467813407814,1.0005332948782715,1.000662096872818,-0.0006337112895331749,-0.0005710226004372618
767,17,5.195096015930176,-8.431266183743906,-8.5530133410966,-1.9141008924595593,-1.8859708417986318,-0.0009230975786876708,-0.0009146021671055977,1.0003127943050325,1.0003666831852964,1.000662568400188,1.000624300193637,-0.000530372928752242,-0.000684413654543745
768,17,5.184493064880371,-8.363080513957675,-8.896825795866164,-1.876003632493965,-1.9227595306407113,-0.0007786922466389484,-0.0009440595799435391,1.0004652922451047,1.0004954300566293,1.0003759441045674,1.0007514089723821,-0.0007410476287982154,-0.0008499236388655831
769,17,5.131228446960449,-9.469440611913154,-9.43941586935059,-2.0393478703902526,-2.0072806759807174,-0.0010832159874013922,-0.001053346356554582,1.0007450846334869,1.00061407852981,1.0011903169526384,1.0010793508431775,-0.001443962724709849,-0.0010047801574842071
770,17,5.348239421844482,-10.516254844319292,-10.01054061109588,-1.9511361008525807,-2.121959185958152,-0.0012030585602743307,-0.0012029024086034968,1.0007354538107485,1.0006999823684335,1.0013603653707854,1.0015268896765004,-0.0009616587613032066,-0.00107338330245874
771,17,5.241434574127197,-10.324009533420108,-10.447332021712155,-2.400400614369739,-2.241757214603707,-0.001405108539703584,-0.0013492559204366299,1.0006193484915775,1.0007765446310095,1.002285485341226,1.002004692778319,-0.0007701841592718092,-0.0011141415899966465
772,17,5.544295787811279,-10.51118185642273,-10.751573774241274,-2.382981918743564,-2.299779583343307,-0.0014284975604148124,-0.001456403871817451,1.0009688547878266,1.000877137760669,1.0023618714816216,1.0024004375273936,-0.0016004201554486153,-0.001155913613861846
773,17,5.438012599945068,-11.686954479295444,-10.905536922273306,-2.2973643871570575,-2.276226084190077,-0.0018343836119446965,-0.0015052738989122486,1.000953144962475,1.000991653331307,1.0032377124207503,1.0026811678963132,-0.001241135814312818,-0.0011367033933470262
774,17,5.428532600402832,-10.849083709950017,-10.866385414943482,-2.01345194506635,-2.1946697554884427,-0.001185784224628732,-0.0015001113022033031,1.0010934708983135,1.0011239376106214,1.0021297724815816,1.002872314949941,-0.0006038071974130172,-0.0011228107055283197
775,17,5.762901782989502,-10.051406060159916,-10.834292397106703,-2.3455701468739965,-2.0774635913746504,-0.001589346250611273,-0.0015276419295704683,1.0013319552960038,1.00126990522643,1.0034982195516673,1.0031216333798236,-0.0014086249969934663,-0.0012091988815512637
776,17,5.844059944152832,-10.759329794735283,-11.005334984035311,-1.9393938518673672,-1.9093775066389125,-0.001450880556830505,-0.0016009895226169397,1.0013577017991278,1.0014169872578036,1.0031060291782308,1.0034032860851747,-0.0013502572387350882,-0.0013401590747237366
777,17,5.594191551208496,-12.030830642692544,-11.296473615685164,-1.4847194550498253,-1.750480744180906,-0.0017624036508927417,-0.00171468397106104,1.0016044020495332,1.0015656053516346,1.0036744494633143,1.0037281319790194,-0.0014712639257375947,-0.0014824369746802598
778,17,5.912635326385498,-11.554765766313606,-11.54122676032757,-1.6815598308408182,-1.6705115316495758,-0.0019514195709732503,-0.0018232796893865996,1.0016850538238706,1.001705157445934,1.004352369384668,1.0040364199422838,-0.0015342017475455227,-0.0016215463665968286
779,17,5.932591915130615,-11.242146095351538,-11.799353505503387,-1.678783308561377,-1.653807834206383,-0.0017922925984662184,-0.001895410269774385,1.0018207960484642,1.00183152375074,1.0041158482863584,1.0042518451203115,-0.0016744125018716674,-0.00173300403575697
780,17,5.919299125671387,-11.851032352974094,-12.151161875787498,-1.706280890778188,-1.6681320361804797,-0.002003331590939559,-0.0019369456476230759,1.0019817138699414,1.0019364261143957,1.0045384037908744,1.0043851935633628,-0.002219029195910202,-0.0017582836931998324
781,17,5.7319560050964355,-13.224828249554031,-12.473087910194081,-1.700890017445395,-1.6933343970631278,-0.002041013958991481,-0.0019361180137406422,1.0021681696272275,1.0020101512514188,1.0046024261992772,1.0044412460370418,-0.001882126154702417,-0.0016501569939331247
782,17,5.6581645011901855,-13.243954208310313,-12.561009221955514,-1.6511351939299939,-1.7242926284689781,-0.001981921487585409,-0.0019029980474559558,1.0018297438923736,1.0020698456495616,1.0044554766995992,1.0044767760314126,-0.0009614896425013148,-0.0015253028676175471
783,17,5.654199123382568,-11.726017249981382,-12.491133994360661,-1.7438405850341365,-1.7553991278609935,-0.0015931878877611424,-0.001894197669180248,1.002170075057691,1.0021685269377645,1.004051562993958,1.0046123902371134,-0.001208454241461519,-0.001567501857728974
784,17,5.453271389007568,-11.646593625270958,-12.564900479709793,-1.961416716708146,-1.756418008979629,-0.0017441380563761768,-0.0019761898644005704,1.0023020237654499,1.002292648657249,1.0046711443409815,1.0049283443764405,-0.0018179419978199911,-0.0017626383314758099
785,17,5.501396656036377,-13.465190738600672,-12.80865524727173,-1.6525267415865823,-1.7045334228076066,-0.0023893400694714384,-0.0021023955864657965,1.0024119884065865,1.0024100400606504,1.005797264529043,1.0052950947675623,-0.0022710353093089554,-0.0019352075854969578
786,17,5.582940578460693,-13.615559226738695,-12.929913417910747,-1.5628169376606436,-1.640920633409179,-0.002404363585817807,-0.0021469172272717417,1.002732736701058,1.0024919935616243,1.0059199649298654,1.0054918169514135,-0.0025646254627980786,-0.0019268633377697696
787,17,5.764313697814941,-12.510027531513177,-12.836921694581243,-1.6284874790788435,-1.6000479920633421,-0.0020665904497575442,-0.0020823744373072535,1.0023513620408004,1.0025313689413529,1.0055199458138417,1.0054808152437935,-0.0012770162642076373,-0.0017503148691666664
788,17,5.726451396942139,-12.380229682259008,-12.695507358526,-1.57055312432135,-1.5882364156512494,-0.0017921381725034098,-0.0019903025191682637,1.0025416115793466,1.0025868614111173,1.005037930376444,1.005413005153449,-0.0014421113479000127,-0.0016208079983027767
789,17,5.582422256469727,-12.74297389299985,-12.595251281278959,-1.5177527075315935,-1.6131758057021386,-0.0018987485074701178,-0.0019522083621463292,1.0027008221739033,1.002674338344698,1.0052367480401827,1.0054570060128583,-0.0015930993463055246,-0.001636450635850631
790,17,5.608438491821289,-12.636621758475773,-12.507141040431058,-1.6802800359911616,-1.6710837617227092,-0.0019654348801330457,-0.0019784296978064015,1.002739213576137,1.0027821427053136,1.005537155585999,1.0056424556386483,-0.0016593221710455722,-0.0017938269699059582
791,17,5.741891860961914,-12.358792622606513,-12.436328566871035,-1.8150708400909188,-1.7255864668275398,-0.0019788419660367114,-0.002043998758163145,1.002876563647475,1.002900157748341,1.0058700598226797,1.0058856337041,-0.001923724104342067,-0.0020490698092183596
792,17,5.880369186401367,-12.232531130742334,-12.437106432552037,-1.8414218745202655,-1.7427758830819535,-0.002302605537476128,-0.0021097771234092283,1.0031757166877777,1.0030042183497236,1.0065640336347716,1.0060480097201134,-0.0028673518702934772,-0.002299501009828646
793,17,5.666066646575928,-12.244255766455973,-12.532353774816585,-1.8723368502227211,-1.7270349897006583,-0.002318253267560936,-0.002129764897028392,1.0030280659740705,1.003072764549182,1.0066155503049101,1.0060191480462553,-0.0025688042359614397,-0.0024361407824022028
794,17,5.597015380859375,-12.909773843339439,-12.648047016447055,-1.285494761764957,-1.7342952263504139,-0.0016867644521846201,-0.002131019081034297,1.0030610475560937,1.0031344287858688,1.004685993668042,1.0059048343462476,-0.002031543734776598,-0.0025355931520048974
795,17,5.408078193664551,-13.213105132130092,-12.619759007447465,-1.7533095926189608,-1.8392727585357735,-0.002353467077580337,-0.002181757724089483,1.0031186504711567,1.0032108483563642,1.0061308974031957,1.0059490264870905,-0.0025783995135645423,-0.002722638383491551
796,17,5.231290340423584,-12.194866806540727,-12.396915039320653,-2.183879774500532,-1.9716043382234212,-0.0022581425153400335,-0.002232094606785829,1.0032482049146527,1.0032876267738333,1.006198463010623,1.0060536780759224,-0.002841542174779508,-0.0029525364249427108
797,17,5.152812480926514,-11.841922688698157,-12.134840545682646,-2.192316987248463,-2.0125915393004843,-0.0022350544212873785,-0.0022556204448071883,1.0035605837956731,1.0033095331489972,1.006156099016286,1.0060932646564094,-0.0036606626254470313,-0.0030799203309636123
798,17,5.064638614654541,-11.925147264795294,-11.94404653496524,-2.1023177489616414,-1.9251167878604374,-0.0023862513151401135,-0.0022477053267628768,1.0032952170239642,1.0032217225867526,1.0063734349687776,1.0060131297149342,-0.0032572189501835166,-0.0029593431347676117
799,17,5.285785675048828,-11.742386574455915,-11.814128727642274,-1.5038819701166217,-1.768382355321718,-0.0020053497642034753,-0.0022109574385775644,1.0028883321788122,1.003059661432548,1.0053126690490508,1.0058245233305128,-0.0021092449403816702,-0.002663765816600532
800,17,5.203925609588623,-11.665481117539333,-11.696443093606383,-1.5435347940513267,-1.6566122181031078,-0.002155987864041762,-0.0021771070977197353,1.0029376549926208,1.0028916858084038,1.0056124264502506,1.0056265019352901,-0.002441079289084526,-0.002373421408473086
801,17,4.953705787658691,-11.775660323726964,-11.513376010998325,-1.579187691224346,-1.6189503271993808,-0.0023382434780180824,-0.002117594625206411,1.0027255617171023,1.0027377154519714,1.0057639820065671,1.0053727112671873,-0.002271586546448035,-0.002110080322939862
802,17,5.341967582702637,-11.178095493138281,-11.193666435066943,-1.7422924483880886,-1.6191899564133398,-0.002006368160994433,-0.001998439808716445,1.0024369358196306,1.0026177905601,1.005077544046484,1.0050026308344364,-0.0015590935641630597,-0.00188561819034313
803,17,5.113079071044922,-10.777636165908245,-10.754940839890628,-1.6541329373884068,-1.6077742858792354,-0.001767034859340962,-0.0018626619331178409,1.002638421729468,1.0025361766690186,1.0043627081054685,1.004599500499632,-0.0017864747334350101,-0.0017470774049345619
804,17,4.970081329345703,-10.115284390514136,-10.234709802171833,-1.566989964775919,-1.577724787734711,-0.0016099686954738732,-0.0017671846308404931,1.0026092005006373,1.0024431969174454,1.0039889741787424,1.0042861422788643,-0.0019738339614248945,-0.0016476875852074102
805,17,5.246218681335449,-9.92181411010737,-9.666514691553285,-1.5018210861865864,-1.547803015954685,-0.0018167186440167869,-0.0017223436797715694,1.002223478951757,1.0023240792061685,1.004238122005235,1.0040828835035085,-0.0013597501252188675,-0.0015553711097765052
806,17,5.106677055358887,-9.016368891670812,-9.06564065598164,-1.4433072510263294,-1.5330563923147862,-0.0016947774676829557,-0.0016826683444311548,1.002157946868397,1.0022230064425188,1.003911010120969,1.0038976838706022,-0.001322621688069361,-0.0015399676323614086
807,17,4.950652599334717,-8.227772194562554,-8.52050050140108,-1.732621921975689,-1.5239026835254055,-0.0017726299119481836,-0.0016223710430586346,1.0020729809969482,1.0021584882100674,1.0041175498498027,1.0036668956027959,-0.0015315425376684101,-0.0016137616772271472
808,17,4.84772253036499,-8.010491696956649,-8.098374573396137,-1.4218931507011823,-1.4939504851415355,-0.0014907592416055593,-0.001541331595207262,1.0021508278384752,1.0021100790540942,1.0032482001861647,1.0033848133410603,-0.0019380346850888215,-0.0016890199711751418
809,17,4.317623138427734,-8.033544698165365,-7.750674260152253,-1.318903148556626,-1.4764753008722622,-0.0014692543410560963,-0.0014891973051684763,1.0022350959180009,1.0020250060944467,1.003011242452802,1.00319433418098,-0.002050641739700753,-0.0016521826054335638
810,17,4.4130425453186035,-7.229151196110951,-7.398093099960052,-1.5188353286709089,-1.4826135509091733,-0.00141639920393075,-0.0015089519191277723,1.0017263272101957,1.0018772952707362,1.0030705636467943,1.0032121441373,-0.0010659535454922166,-0.0015090375399913708
811,17,4.335522651672363,-6.939031709958074,-7.044301643786477,-1.5450178306641218,-1.4610540986953287,-0.0014741140966583128,-0.0016229032818664843,1.0017782823256058,1.0017097036773317,1.0031978958819987,1.0034604980743682,-0.0014317653516850355,-0.001396460691182629
812,17,4.817460060119629,-6.883890347105446,-6.646659179650341,-1.3583960946233566,-1.3670572232852243,-0.0019588718484520895,-0.0018029397022455659,1.0016072825969964,1.0015348790108929,1.0040556408241745,1.0038668557451307,-0.0017808205764702455,-0.0013267970001549952
813,17,4.955811977386475,-7.029466486834719,-6.128438671830024,-1.1677137185572228,-1.190072197495704,-0.0020301995977537826,-0.001970327892565669,1.0011153762788279,1.0013836736257424,1.0043181294249641,1.0042636125110371,-0.0003216892162036597,-0.001325050786061572
814,17,4.490032196044922,-4.7226257975502115,-5.567897752407184,-1.0917403702507973,-0.9223577486283552,-0.002129929421645074,-0.0020935909575122225,1.00141053348683,1.0012956165631004,1.0048619112557062,1.0045310302234642,-0.0019155998443526614,-0.0014936276278786627
815,17,4.927865028381348,-4.658393981799355,-5.305356431637559,-0.5988209175228144,-0.5631645128223779,-0.0021118087412245385,-0.0021798055573130403,1.0011700612854453,1.0012323674890635,1.0045968114358956,1.0046162519740454,-0.0016232139402810684,-0.0016594389881525863
816,17,5.286803245544434,-5.410542107936434,-5.390359702291508,-0.010215297153812787,-0.17567327402140068,-0.0021790203906468303,-0.002248773992663483,1.0013818801918963,1.001168872881582,1.00433163915051,1.0045920900526322,-0.0023414342492905243,-0.001713667873947522
817,17,5.138579368591309,-6.412509162598269,-5.5662043745004715,0.2562227967974627,0.1627921237932367,-0.0023977347438660134,-0.002293534149634324,1.0009778159658727,1.0010868841607314,1.0045813423730487,1.004532739708372,-0.0012538634923656244,-0.0016276005129828132
818,17,4.740955829620361,-5.5800511040653324,-5.599338975945041,0.37963516159554134,0.43668454746685637,-0.002381680456905602,-0.002286205828698082,1.0010034494654472,1.001026268422083,1.004616093474428,1.0044254726165265,-0.0014844168198450052,-0.0015523319436733527
819,17,4.736964225769043,-5.200139822510037,-5.550791290352991,0.5152155706421203,0.6720266643768712,-0.00221259459626328,-0.0022378198122978577,1.000859804863978,1.0010051496326546,1.0043675138907493,1.0042693468639108,-0.0012165424558261719,-0.001556613157321832
820,17,5.252590179443359,-5.273210422355091,-5.516566434268177,1.0320232086354133,0.8681754065456173,-0.002016187598979461,-0.0022007041254800785,1.0011167806743082,1.0010107733969789,1.003704019410988,1.0041454250885415,-0.0019332672839751587,-0.0016213814885272266
821,17,5.257472038269043,-5.911018755616349,-5.443177749789964,1.0512444936546317,0.9767393244283866,-0.0022952766791043285,-0.0022108043389966773,1.0011133286920564,1.0009848956759122,1.004281057433254,1.0041494826270225,-0.0019087976122670795,-0.0016253258289264634
822,17,5.302170753479004,-5.46415991027053,-5.201886644654991,1.027150772545559,0.9979995066850957,-0.0023111707936355995,-0.0022455018803336506,1.0009395754397201,1.0009037006700523,1.0043360905591634,1.0042454570420047,-0.0015095820153239851,-0.0015482169389753398
823,17,5.52720832824707,-4.578888317930478,-4.8265505444424806,0.9949270307280027,0.9744955232308905,-0.0021977585035341876,-0.0023010009790543177,1.000734554960949,1.000799793209799,1.0041965791720961,1.0044123446277908,-0.0012721222770909885,-0.0014909646248852549
824,17,5.581142425537109,-4.317491494261928,-4.4604203474126525,0.8579590895612463,0.9668908252878331,-0.0024030582590771885,-0.0023946215434687526,1.0006429090178712,1.0007236537788697,1.0047163175686034,1.0046534207265614,-0.0014969226054485818,-0.0015472505208476272
825,17,5.456318378448486,-4.458780683983496,-4.174080608605264,1.0287053731148068,1.0361068088864325,-0.002528230941098466,-0.0025153335691947046,1.0007517559481296,1.0007001724865277,1.0049094353038166,1.004912500731311,-0.0017726057896358248,-0.0017297183689383836
826,17,5.0388994216918945,-3.7449283466390098,-3.9935943444633053,1.0180373269856633,1.2077361434621723,-0.002724653722051824,-0.0026473468178762347,1.0006345726599508,1.0007261249955879,1.005422409136339,1.0051360477137743,-0.0018970214661093963,-0.0020194309387253683
827,17,4.607152938842773,-3.587093726389314,-4.007493114266282,1.4390177300727502,1.4791018079384113,-0.0025922832605115905,-0.002786727176697554,1.000704761531801,1.000800936807822,1.0049907244599148,1.0052998984049104,-0.0020080996773222384,-0.002396992642216921
828,17,4.978092193603516,-4.019957406822457,-4.202518659674929,1.8284142672126174,1.7765816314514975,-0.003059241670852362,-0.0029399914935507566,1.0011175603942035,1.0008874224070636,1.005657560112136,1.0054519386353349,-0.003669282049236701,-0.0027680229846236467
829,17,5.431186199188232,-5.307807264167018,-4.373498564654228,2.278165281441693,1.9997916363398123,-0.00305790907771158,-0.0030597789116509062,1.000848849143965,1.0009254671213261,1.0053670159251826,1.005570156688813,-0.0025686311692773105,-0.0029646000435256574
830,17,5.18918514251709,-4.542271069402155,-4.291415760133878,2.152428997777523,2.0865770389480143,-0.003226800179483359,-0.0031229081110594084,1.0009925415778849,1.0009209832061439,1.0057998414020743,1.0056596865906657,-0.0030914840944545074,-0.003068126536636292
831,17,5.408558368682861,-3.5006362527809176,-4.049461035665099,1.969671873074918,2.079397776225132,-0.002997226668834249,-0.0031250973850917023,1.0007778312493671,1.0008804480900655,1.0055098102486209,1.0056871286182791,-0.002835776072537678,-0.0031074649019272077
832,17,5.161315441131592,-3.582045242049694,-3.860297883081826,1.9970994887970788,2.057797051194745,-0.003084171819203501,-0.0030870458824049873,1.0008267405275344,1.0008199291395092,1.0056517974769565,1.005635378705027,-0.003389607272133595,-0.003062960738839563
833,17,5.027873992919922,-4.006280711702558,-3.74779330005509,1.9749853376904125,2.0644919478008177,-0.0031104201263790123,-0.0029947814610668173,1.000910499737092,1.0007274382356934,1.0057200139870566,1.005440687103186,-0.003272823516147661,-0.002853092579656619
834,17,5.346823692321777,-4.025352516780641,-3.6152997274536585,2.147135838513618,2.1039311073195086,-0.002835458117473974,-0.0028326464133101017,1.0003992085375966,1.0006007381374453,1.0050526492958614,1.0050545150095531,-0.0018401275932367152,-0.002523643245842379
835,17,5.0730743408203125,-3.054093092204577,-3.4679250276801983,2.1415416008158137,2.1475002218721726,-0.002584458271743127,-0.0026256447959010047,1.0005540132717992,1.0004853633123858,1.004536331638621,1.0045278322796751,-0.002382331817451506,-0.0022380337125737005
836,17,5.182675361633301,-2.993660837299197,-3.437295251813745,2.174319759301134,2.1729465705457973,-0.0024919527679929596,-0.0024063025086882403,1.0003286154380828,1.0003801374684806,1.0041517304624215,1.0039362763761608,-0.0020113820698860045,-0.001975820510979553
837,17,5.19577693939209,-3.4031080862927006,-3.506660442454591,2.2303005787737713,2.1597379466528195,-0.002021133045940897,-0.0022003840689366638,1.0003117004735154,1.0002862574389557,1.0029421492289106,1.003376974906914,-0.0018282201368352545,-0.0017118275566464646
838,17,4.789631366729736,-4.002482964695391,-3.46027982308641,2.2238682016691924,2.093404509463999,-0.0020645991878677403,-0.0020442237544688042,1.000211011027491,1.000195272121216,1.0028630629108053,1.002984851300699,-0.0015305369483630507,-0.0014559161025623193
839,17,5.033392429351807,-3.9941908623740496,-3.0568757025645645,1.9752457817542544,1.9957616110266727,-0.002054121171249115,-0.0019213462261457944,1.000058711397912,1.0001044903198224,1.002927470791834,1.0027519905837674,-0.0010533173507896736,-0.0012680415482526667
840,17,4.9405837059021,-2.2257166080290074,-2.3236450106219326,1.9016019793935117,1.939865807765816,-0.0017783705552351012,-0.0018187587085953768,1.000038165612302,1.0000150623854502,1.002531993471755,1.0026044449118656,-0.0009926489782097643,-0.001226209958301702
841,17,5.190729141235352,-0.7427852780420272,-1.6573617160541683,1.7561278258580035,1.9999035323252379,-0.0016419191796086272,-0.001768394528838872,0.9999263330074419,0.9999155098773511,1.002506671248298,1.0025125757220794,-0.0011450411879406653,-0.0013189510081496264
842,17,5.177541255950928,-0.30256368684357227,-1.4232411868499137,2.0738401141364493,2.2135776161927456,-0.0017113539456819796,-0.0017885800759009926,0.9998130095590412,0.9997994613611787,1.002400922249769,1.0024359620117034,-0.002006341683619673,-0.001418037834487926
843,17,5.145639419555664,-2.194260474596106,-1.5638271563564228,2.5251983295102405,2.5186360317843266,-0.0019066573324610842,-0.0018435527462022355,0.9996017685027585,0.9996675175869797,1.0024159993614106,1.002322676015458,-0.0014031362508717107,-0.0013653040450003085
844,17,5.027604103088379,-2.6391995243097974,-1.6085970265813692,3.1662541005524556,2.7838203513126065,-0.002012975776601499,-0.0018653002286902933,0.9995947616509578,0.9995201976860081,1.0021402038931835,1.0021162415787483,-0.001214505269764394,-0.0011948553714902135
845,17,4.887228488922119,-1.2766542108757328,-1.2997801503036635,2.8746665420938027,2.9016658561536843,-0.0016804089373374412,-0.001814050783727107,0.999469185802312,0.9993428803804223,1.0016549914430932,1.0017917148695643,-0.0006796366628611789,-0.0010066964668833216
846,17,5.365173816680908,-0.043851942874302004,-0.7948537614662278,2.726128840105467,2.8973820488781254,-0.0019392701998671978,-0.001695552733083284,0.9988561231845021,0.9991527065506205,1.0019908048974246,1.0013285131905572,-0.000748622626750521,-0.000881890606785412
847,17,4.939399242401123,-0.3839847294748021,-0.26966800597400425,3.03431582497227,2.805587346731001,-0.0014257949122731832,-0.001501677946727536,0.9991263455518943,0.998993114581929,1.000349389066101,1.0007158745636595,-0.0012946031927330405,-0.0007753000752887653
848,17,4.85033655166626,-0.6371179971100881,0.3478725888486303,2.728697812578953,2.6203933240486696,-0.0013272118433276794,-0.0012887466576242594,0.998894032112882,0.9988295032311341,1.0000255783260334,1.0001241389773956,-0.0005097818970930244,-0.000613256469799228
849,17,4.535928726196289,1.6147006173302463,1.0652481427709646,2.1591679446907315,2.4121213131255255,-0.0009579019962000071,-0.001110377218403721,0.9986360573161218,0.9986550161630569,0.9995244917373033,0.99964130068152,-0.0001672658435057911,-0.00048565619355677033
850,17,4.1133928298950195,2.404698134241563,1.578147834697523,2.1772485292439114,2.2867913017104198,-0.0008200781661110271,-0.0010131614154379903,0.9982989507066008,0.9984959426288124,0.9990626177828592,0.9992768382221466,1.046931622029146e-05,-0.00046207692865256366
851,17,4.129758834838867,1.7802521237444553,1.7763061086750747,2.189886814641939,2.256292454256354,-0.0013942847649273157,-0.0009723311191962104,0.9985281779763389,0.9983584015301541,0.9998397777557659,0.9989677363771671,-0.00150579092059763,-0.0004399796561216535
852,17,3.90908145904541,1.3276544801170442,1.9185239555097675,2.531315299361031,2.260668288793284,-0.0007099101694268124,-0.0009152893751782086,0.9982645595781553,0.998187270737041,0.9979719946494411,0.9986415287920282,-0.0002831962193830016,-0.00020800191902167574
853,17,4.288801670074463,1.3988787978987465,2.286569696412289,2.2516849025663705,2.23050979904446,-0.0009215432172432513,-0.0008927696509330831,0.9978852987532683,0.9979812886457465,0.9984555946609944,0.9984743305654012,0.0007603249590990363,7.387963162241507e-05
854,17,4.4100775718688965,3.415095294910993,2.8464852786066794,2.087835737437086,2.1984034496343647,-0.000890072675542096,-0.000918025465993262,0.9977712034912269,0.997776804166726,0.9985098373759717,0.9984610847682313,0.00041588906545201936,0.00017864514000503833
855,17,4.280167579650879,4.163840089154223,3.223823648487169,2.1308878598479097,2.2212108320090254,-0.0008945955296961525,-0.0009923963289782708,0.9976198048976133,0.9975809574382012,0.9984578750391443,0.9985284176521221,-0.0001506397012812328,0.00015347960709197095
856,17,4.190255165100098,3.3437227883981193,3.261470124357225,2.365006475042655,2.307967981534094,-0.001025941842219679,-0.0011002541769288903,0.9974043112720494,0.9973934012342108,0.9984366791036832,0.9986127172845521,-0.0001329115793540067,0.00017025214182853006
857,17,4.289059638977051,2.4443906059763334,3.2188343694501182,2.414564129347069,2.4286654873310627,-0.0013579253107048937,-0.001179272521805051,0.9972353294160381,0.9972290022828195,0.9989511180096395,0.9986114362824567,0.00028323563994304534,0.00027899945881740946
858,17,4.556571960449219,2.893518964569562,3.4024508232055135,2.6124738658905873,2.565194347970125,-0.00122779348363868,-0.0011463868105066116,0.9969579886831348,0.9971110640003741,0.9985021847554671,0.9983802476858984,0.0010241466514375424,0.00038566265616666635
859,17,4.662288665771484,4.545366450437226,3.7871819298231717,2.6404310401728,2.7039094921789566,-0.001112069806052569,-0.0009864512063775357,0.9970686671672458,0.99705223915755,0.9982154615456684,0.9978976240533113,-6.906214337406111e-05,0.0004275919322636897
860,17,4.503963470458984,4.1303100556001,4.1564613712111935,2.8361906501923726,2.841452611889082,-0.0005712996018593244,-0.0007425967661900448,0.9971113576290411,0.9970109413477314,0.9969055572732224,0.9972479480491168,0.000583066181153349,0.0005322815946280707
861,17,4.429268836975098,4.572857546246301,4.520629064628638,2.8937403512920596,2.955208334154407,-0.0005651252859823078,-0.0004953555592000035,0.9969573540106258,0.9969467709074915,0.9968113580910746,0.9966109197779106,0.0004910198615074303,0.0007097719606832295
862,17,4.256793975830078,4.533205811189172,4.9542538827760145,3.1880034441288676,3.0091078682823706,-0.0002298127337823844,-0.000279831823323053,0.9968379322935512,0.9968589561185914,0.9958296144514532,0.996087197124945,0.0010722319751114478,0.0009232858632831924
863,17,4.2209272384643555,5.286301508787537,5.509036707187507,3.098258289016016,2.960646959305484,-0.0001506375618179862,-0.00013654781404234088,0.9967595729066702,0.9967579628368963,0.9957449427193406,0.9957960535692798,0.0012688099310634027,0.0010733394108855352
864,17,4.218327522277832,6.518347684278638,6.06069867714048,2.715495770374852,2.842521270894265,-4.0805171633875894e-05,-9.49002074110056e-05,0.9965494659652219,0.9966474242255657,0.9957839260808133,0.9957729032088242,0.0012800910530960871,0.0011151432615077528
865,17,4.138721466064453,6.743519093623946,6.403834807116187,2.6995252289007623,2.7446666280835688,-7.159761827743783e-05,-0.0001797581139438615,0.996755021391199,0.9965202708535107,0.9958524780224282,0.9960103403343955,0.000696272973341103,0.0011081145197076071
866,17,3.992694616317749,6.590028105286388,6.518650942521723,2.7990122395396955,2.717426011535443,-0.00022424816604153208,-0.0003863616996692266,0.9964285135830525,0.9963548197968041,0.9960677925665311,0.9964851466641858,0.0008411550884467703,0.001153544294822935
867,17,4.469888210296631,5.7417969847600485,6.566219997038092,2.7668581366348426,2.789676366898905,-0.0008844885537121591,-0.0006475038021521944,0.9958971949263189,0.9962173347423309,0.9975026933475455,0.9970739185267927,0.0018738261150682233,0.0011799400501859112
868,17,4.541921138763428,6.745205714214967,6.691513942337029,2.7316382778800365,3.0156328076988337,-0.0011379252230928622,-0.0008444298856511874,0.9961589679667764,0.9961956071083292,0.9982694610481266,0.997515289563703,0.0010418595691133207,0.0010189743579510021
869,17,4.027376651763916,7.317438718703554,6.745402104799925,3.5522233361892495,3.4228219032374025,-0.0007137517498991941,-0.0009575981795079264,0.9963089517053337,0.996262403920638,0.9972054135452442,0.9977358764028839,0.000762926080382361,0.0007315513322731146
870,17,5.03521728515625,7.1512697672083565,6.577557777510615,3.685382183299322,3.944548558212457,-0.0011262604088942715,-0.0010739560386915424,0.9963459799719635,0.9963518001607649,0.9981661479521926,0.9979285418450279,3.591160127331447e-05,0.00045444169440981235
871,17,4.700964450836182,5.577137143609059,6.31507917182159,4.818893021517841,4.515414136989733,-0.00113786818863368,-0.001217425207601166,0.9966638267412353,0.9964120537786865,0.9977550416345515,0.9981705831331056,-0.00014705709253505752,0.000301929569649134
872,17,4.802561283111572,5.354550122551918,6.275280990764911,5.1441848242917345,5.019019760243876,-0.0013497854840527005,-0.0013994281633352204,0.9963438355037386,0.9964167339946177,0.9983883829339392,0.998533630799861,0.0009203486310578702,0.00020351477786977002
873,17,5.318563938140869,7.169135606085343,6.47541265497069,5.329935160020508,5.4375571223347245,-0.0017096358432131089,-0.0016026560701509701,0.9962551670575169,0.9964237076151797,0.9993648277873263,0.9989463637149241,0.0001233018332530871,-4.6602748796549585e-05
874,17,5.360688209533691,7.319168088965999,6.594322765114472,5.611298389710265,5.816510379760919,-0.0017303812599508562,-0.001793902043240433,0.9963893637695703,0.9964730617524824,0.9993439450545816,0.9992833914320439,-0.0003029452826071305,-0.00042283948062425605
875,17,4.961018085479736,6.2692933667917305,6.527454837374641,6.2998894582788125,6.158265196442207,-0.002172698338417158,-0.0019667094617777984,0.9966667376598468,0.9965334975068777,0.9997487794891019,0.9995547038356314,-0.0014042609608825643,-0.0007668284506698271
876,17,5.011483192443848,6.218888746590926,6.453989889554617,6.67911593046031,6.3985407598186175,-0.0018326106631248154,-0.002120341231645116,0.9966992087462899,0.9965425353923598,0.9990561805758137,0.9998439310483775,-0.0010967773154755116,-0.0009211734882166002
877,17,5.52833890914917,6.2289744808881,6.5028343587855355,6.32986048374595,6.530393575306552,-0.0022959653157028025,-0.0022962123297847765,0.996512747386362,0.9964915150688317,1.000415855196068,1.0002391841566447,-0.0005705240758236604,-0.0009593291912363965
878,17,5.4173173904418945,6.889341867329083,6.674238290962049,6.536105340396528,6.641404485266739,-0.002711881882053753,-0.00245258968362971,0.9961316238030467,0.9964405374327663,1.0011964751086442,1.0005830959539714,-0.0007548646293544139,-0.0010403580595017164
879,17,5.330880641937256,7.017510005481897,6.874000493866891,6.717921649358206,6.767568977392328,-0.0024956332817372574,-0.002544312866872355,0.9965376902864077,0.9964444296018806,1.0006855969612238,1.0007603026869518,-0.0015577519675369139,-0.0011839652076006543
880,17,4.952178955078125,6.887253328750157,7.070174007732867,7.04450062900422,6.888070142818231,-0.002534216484074222,-0.0026100153184655563,0.9966062528305807,0.996462962260147,1.0006631776406796,1.0008720064379597,-0.0014691710335150065,-0.001312294486017333
881,17,4.997980117797852,6.900299507191994,7.281935242570606,7.100577381636453,6.970034217313228,-0.0024406481708944684,-0.002686964880522543,0.9963696544486413,0.9964742850850627,1.0004513440693277,1.0010273975712634,-0.0007740313647620542,-0.001464991041103821
882,17,5.280675888061523,7.649103942558674,7.442282949587316,7.044564355625095,7.0432659306083485,-0.002673790016246494,-0.002759698364511547,0.9965934242432714,0.9965060528883046,1.0010454391256332,1.0012045125531495,-0.0016619229759854996,-0.0017083011416704275
883,17,5.444131851196289,8.240061684829664,7.351176893811653,6.782909554378919,7.1975773237626886,-0.0029544612606476894,-0.0027117854285241836,0.9963924542148963,0.9965692106948181,1.0018626138108877,1.0011460574378352,-0.001996179754299021,-0.0018746781544313087
884,17,5.752918720245361,7.145654190461443,6.9211948767832165,7.364134338255236,7.499648860172585,-0.003447760730285644,-0.0023960976370299425,0.9967263567633782,0.9966805373252202,1.0024902238174356,1.0005499285141632,-0.003363959009324276,-0.0017299979113471174
885,16,5.71181058883667,5.585904863017734,6.402017731640509,8.279669676326257,7.864763738555075,-0.0009797389902372583,-0.0018268392608388616,0.9967399241221191,0.9968082604570073,0.9975975850865986,0.9995026176252442,-0.00014942048192971008,-0.0012117844510489658
886,16,5.409786701202393,5.063617444891709,6.128991771582096,8.288631304781788,8.160757308337612,-0.0010267146281570964,-0.0013191692434108135,0.9971881640556277,0.9969154245958776,0.9980482337918195,0.9986420136959873,-0.00025917027915933863,-0.0007232620678935997
887,16,5.85414457321167,6.838304270030232,6.116991448038914,8.115983828275892,8.383574553477892,-0.0010794587997811648,-0.0009879788649379067,0.9968844737281928,0.9969693799694824,0.998573138545174,0.9981257653498284,-0.0002996935626739302,-0.0004346558449423927
888,16,5.945670127868652,7.188651400609941,6.032378951673078,8.491302271374288,8.581736317792037,-0.0007454552326823836,-0.0007958603498388489,0.9970070096799627,0.9970127978685002,0.9978403530999801,0.9978079996635341,-0.00099254597151367,-0.000274916697135536
889,16,5.705723285675049,5.131460256321054,5.7660639414738135,8.887897259154071,8.724892750018995,-0.0008148055609858379,-0.0007063021891775922,0.996876185275056,0.997083616462831,0.9977209114957474,0.9976352932963239,0.00012653084388012636,-0.00014913593450034711
890,16,5.379478454589844,4.764575136237472,5.5673393577471,8.907041884521457,8.747267649200937,-0.0006446515779383979,-0.0006828989799480136,0.9972477905355566,0.9971953516403913,0.9974128539248412,0.9976050986561447,0.00034169676982047815,-0.00014928480321879173
891,16,5.402278900146484,5.836862285392802,5.511791759507733,8.643916385640418,8.639721434978863,-0.0006895853534234676,-0.0007161075193404287,0.9974833526006954,0.9973007264895427,0.9977065638405251,0.9977285769259269,-0.0005044959834567595,-0.0002968878114466961
892,16,5.706524848937988,6.250335022802979,5.394388845757284,8.462792118226123,8.457328901810074,-0.0005586967364930805,-0.000790450107362614,0.9971822393727047,0.9973677288673947,0.997553781892551,0.997960188658933,-0.00041780257779453384,-0.00045129170618475817
893,16,5.95067024230957,4.561131572141627,5.116326227034871,8.174432401554462,8.269730593862839,-0.001217332831436476,-0.000860874900341095,0.9976226085739052,0.9974125160578226,0.9988485375241486,0.9982003385247937,-0.0013286696116539365,-0.0004962932874352866
894,16,5.671443462371826,4.266958017700028,4.828859077161491,8.126125876497976,8.141345269835995,-0.0010327396112900435,-0.0008352382817221895,0.9974672771582392,0.9974241237519094,0.9985742642815111,0.9982705683082317,-0.00013327974692753898,-0.0003852524476603796
895,16,5.391542434692383,4.939778977603599,4.53686441064046,7.904830004381151,8.10680032581472,-0.0006121169844712314,-0.000727360132034905,0.9971971416121912,0.9974445212135589,0.9981754144269007,0.9981819502619302,0.00042152246404942293,-0.0003028102474110777
896,16,5.315609931945801,4.864929216785064,4.0597866167631995,8.212636980825582,8.17255346151716,-0.0004641279463450507,-0.0006306327055585496,0.9975326458984106,0.9975253513268254,0.997736626341523,0.998089192804975,-0.0008117638925953337,-0.0003603811893861054
897,16,5.2882795333862305,2.833837085911024,3.367063629782594,8.481222914042146,8.282457093298918,-0.00044211187075548223,-0.0006035566544356317,0.9976574998610496,0.9976430300905493,0.9976458952611629,0.9981402029790197,-0.0003426403383660542,-0.0004542405957406068
898,16,5.5470805168151855,2.2194652951453455,2.676804983787806,8.27740715276379,8.393177067837367,-0.0010095714557697717,-0.0006287037293822484,0.9978978436209947,0.9977576979005806,0.9990796839262289,0.9983288004434763,-0.0009332423012566937,-0.0005591710483396231
899,16,5.35684871673584,2.2108385608695897,2.063615620572835,8.560736400024902,8.519698395283392,-0.0002713225612133493,-0.0006531166595511113,0.9977625917189131,0.9978458166480835,0.9978315166322379,0.9985199268618802,5.346786248402362e-05,-0.0006797827810792855
900,16,5.904358386993408,1.6901568782058805,1.4264981301130915,8.649198036356985,8.659816746783898,-0.0007955663309964436,-0.0007003594861611317,0.9978327214311843,0.9979225695472824,0.9989799644401549,0.9987203292630563,-0.0008887510535953608,-0.0008708757801674818
901,16,5.886773586273193,1.045498151301511,0.6957999558530603,8.66352200608438,8.814558115892831,-0.0009551326325566186,-0.0007087357811294542,0.9981804945774075,0.9979806052945427,0.9993725852214324,0.9987948093611035,-0.002073253959188153,-0.0009826893623826043
902,16,5.751059532165527,-1.0414461649677773,-0.07889924602001341,9.204062528814218,8.973429573605726,-0.0007702925218898011,-0.0006338863901918299,0.9979077162442694,0.9979937197881562,0.9987362280121596,0.9986765560673274,-0.0005028702703516134,-0.0008955791425572404
903,16,5.958334445953369,-0.866843664272507,-0.7953353075559848,9.104538940744808,9.096735404553753,-0.00033931903423874425,-0.0005247733188123343,0.9981030793880716,0.997983401265714,0.9981130865048576,0.9985002071547338,-0.00028194990721411615,-0.000794878078834301
904,16,6.215482711791992,-0.08975937003006204,-1.628257715451233,8.92567575873511,9.20529485317471,-0.00029310515346395166,-0.0004773933817527957,0.9978144425131803,0.9979688947225344,0.9983326341607485,0.9984336790423828,-0.001072863126660902,-0.0007886711044085926
905,16,6.261814117431641,-3.0601512838584104,-2.734233542543294,9.462631761524626,9.319357318463235,-0.00042969265825544084,-0.0005281399744104423,0.9979675008725056,0.9979877130711058,0.9982323603255564,0.9985241471445977,-0.0007391335446715682,-0.0008196305159921368
906,16,6.397457122802734,-4.433299229172787,-3.8412905691895074,9.468441256734694,9.387122956235023,-0.0007959167807362566,-0.0006371131910342996,0.9979918882839508,0.9980389836534295,0.9990153230465781,0.9987375979546238,-0.0008097334337617526,-0.0008700541048106134
907,16,6.18891716003418,-4.924756628722383,-4.703001573760354,9.435807913368032,9.384436520001405,-0.0008268551991981881,-0.0007331344322004338,0.9982432886569521,0.9981008866606558,0.999096374256369,0.9989663057642463,-0.001220649347005379,-0.0009150966626916766
908,16,5.938785552978516,-5.159574512152536,-5.287278669973608,9.44242113717736,9.32544965905928,-0.0006513298748397641,-0.0007912913178089026,0.9981432579588153,0.9981469166614626,0.9987671270186023,0.9991720628708981,-0.0007652699045929308,-0.0009290516231784401
909,16,6.535592079162598,-5.90175429352469,-5.661890171888664,9.097296593644094,9.254525424865133,-0.0009040424066086188,-0.0008156175478898217,0.9981438541152826,0.998189337713899,0.9996195068222887,0.9993449761611586,-0.0008103545065980448,-0.0009605000441988615
910,16,6.660672187805176,-5.643020707448027,-5.8895976698588415,9.039417506501268,9.24413026631975,-0.0009383983842442844,-0.0007808720063919239,0.9981789782164746,0.9982466266741593,0.9997969188147066,0.9993812832435128,-0.0012465986833290106,-0.0010199976373307296
911,16,6.508829593658447,-6.199381418099698,-6.075283874688763,9.371560451056414,9.31537206725309,-0.0006745528684843679,-0.0006880847220073795,0.9984008139072628,0.9983189401328068,0.9992114958033659,0.9992557728815304,-0.0010059343122047638,-0.00107833907207438
912,16,6.219338893890381,-6.111111273394639,-6.2794683035761985,9.332510730506497,9.423293022698264,-0.000658050193740362,-0.0005889208600046779,0.9983654117263373,0.9983896710978908,0.9992415525450111,0.9990792004722344,-0.0011898988243020893,-0.0011552079632650898
913,16,6.220928192138672,-6.065473048579936,-6.568510348164789,9.636675260823582,9.517818847698482,-0.0002287740357703792,-0.0005475604178355161,0.9983594415888192,0.9984593447913298,0.9983656565776493,0.9989913588218315,-0.00105988281434924,-0.001268088087341797
914,16,6.157422065734863,-7.2923609015870205,-6.930233100973398,9.703394363114105,9.534776338257851,-0.000460398572645877,-0.0006240577342138444,0.9986191081456434,0.9985197782630469,0.9987234540670155,0.9991305947096435,-0.001524700205234086,-0.0014240372693626777
915,16,6.294551372528076,-7.919016545084678,-7.217291620872227,9.571763766453795,9.451229133330353,-0.0009282508466715207,-0.0007764799394695002,0.9986639178641887,0.9985386778990059,0.9996489613161041,0.9994306350205199,-0.0016176506162623814,-0.001578253177645374
916,16,6.916147232055664,-7.294765324768788,-7.40517330262033,9.089831458697654,9.31245984357124,-0.0010744755992330986,-0.0009014196224550268,0.998474715767789,0.9985153032612613,1.0001845632473862,0.9996729513322884,-0.001342361913991208,-0.0017034781156228267
917,16,7.275119304656982,-6.272739668628986,-7.696277759799723,9.124159698108258,9.196374573007414,-0.0009773353237713367,-0.0009402843365732029,0.9983671125048034,0.9984905402449635,0.9998313948890354,0.9997090975012979,-0.002380594462881401,-0.0017662587568979308
918,16,7.301168441772461,-8.681764308989079,-8.216592731975357,8.990870711714757,9.122269481894122,-0.0010282036318192587,-0.000896890071733482,0.9985650935665904,0.9984946924111601,0.9998813187759337,0.9995589639244484,-0.0019463898711942977,-0.0016765073354564565
919,16,6.8145527839660645,-9.240102690349696,-8.726998811757957,9.29147960490402,9.065096246638648,-0.0006573904671078486,-0.000806296663013414,0.9984470188866542,0.9985262772441158,0.9988284662352814,0.9993338059287474,-0.001016459463493993,-0.0015050623010724974
920,16,6.730364799499512,-9.227376841243405,-9.054347626658064,8.97415938904547,8.975073513119675,-0.0006474871230274398,-0.0007313610574773179,0.9985227348133605,0.9985889650504405,0.9990389381411295,0.9992053521383795,-0.0011359293441479074,-0.0014037288191433882
921,16,6.644543647766113,-9.261133129948785,-9.21498791902128,8.858276191941483,8.857560199976456,-0.0007438558251687164,-0.000695705049337914,0.9988149221757536,0.9986640369419942,0.999300528381906,0.9992122078338459,-0.0016028418398967654,-0.0013851213900927333
922,16,6.563925266265869,-8.690941886992277,-9.314319231536519,8.70331383092671,8.733747181929935,-0.0006375733754379257,-0.0006919231450042611,0.9987059753821611,0.9987190975869779,0.9992179565588135,0.9993160257424838,-0.001716081606353261,-0.001366451862190108
923,16,6.708183288574219,-9.97639712456364,-9.438264962881364,8.592147659309713,8.622765003635555,-0.0008119869817286246,-0.0007165326205975875,0.9987595753098938,0.9987594372625759,0.9997113406952058,0.9994848745685145,-0.0011848035166144321,-0.0013336768882078376
924,16,6.719052314758301,-10.102418792430203,-9.534199880967464,8.552375843602164,8.532803925702176,-0.0007477941608705853,-0.0007606104400484962,0.9985915910081301,0.9987974001493576,0.9996594479491296,0.9996809853920358,-0.0005435650654127558,-0.0013788920281007683
925,16,6.658400058746338,-8.84995753509799,-9.698836409423818,8.472155316941999,8.462497922112988,-0.0007190434929720002,-0.0008376768190118769,0.9992317215463341,0.9988297244999338,0.9996971473085594,0.9999227022787832,-0.002362031493249332,-0.0015172676441105506
926,16,7.05963659286499,-9.571112955032724,-10.168733078927577,8.301148264687447,8.41457610662759,-0.0008747230226955533,-0.0009559002145450215,0.9987456472580726,0.9988232204078428,1.000138492494101,1.0002222172391424,-0.0015222109474102709,-0.0015753587695354965
927,16,7.252810001373291,-10.85686296954256,-10.935830350798481,8.402966369584554,8.388055275594349,-0.0011752804145731737,-0.0010828400127237759,0.9986698460163038,0.998840001776544,1.0006585887381423,1.0005196222371568,-0.0016698987070963664,-0.001558862342161188
928,16,7.336791038513184,-12.178662324099756,-11.759634895939108,8.369574837308205,8.352137835851709,-0.001230997458266695,-0.001161305795556588,0.9987473186385584,0.9989378217527505,1.000840218534447,1.0007250630492757,-0.0012812207627703172,-0.0015269235401173566
929,16,7.419074058532715,-13.264285999766251,-12.365000035424703,8.37429679090323,8.273412358045057,-0.0012704154562943972,-0.0011585140705316144,0.999167614382195,0.9991095024960496,1.0009168560975739,1.0007887450756245,-0.001306836569720452,-0.0015486859889225213
930,16,7.31361722946167,-12.686634996439413,-12.646120367596087,8.203882713741185,8.13104807238709,-0.001066830001397078,-0.0010745267261541185,0.9995274182039666,0.9992883280236936,1.000683414755106,1.000710365493855,-0.0017461878060647462,-0.0016177176285927378
931,16,7.284089088439941,-11.860468368584174,-12.771514362162224,7.670302540549685,7.937629926138873,-0.0011059659262244706,-0.0009438664617846768,0.9993204067533874,0.9994266226523211,1.0011324806584332,1.0005302435902126,-0.0019967992196041734,-0.0016542602193256788
932,16,7.073449611663818,-13.092521897875386,-12.919301659283553,7.917328523989868,7.714153958256742,-0.0005325077017437001,-0.000817588284844353,0.999580984647623,0.9995385361865352,0.9996244607319432,1.0003311322236856,-0.0016697355885873831,-0.0016206092369191434
933,16,7.311450004577637,-13.760186758253857,-13.033561019483589,7.576912690932171,7.427668644159361,-0.0007119593907241556,-0.0007707070074575885,0.9995924935839581,0.9996284430399655,1.000019677589885,1.0003093786021358,-0.0011133587053614082,-0.0015847762834198032
934,16,7.294223308563232,-12.62798949122839,-13.093769268605511,6.9717161584274185,7.093550393863289,-0.0007770307278594528,-0.000806149029144223,0.9998274533457138,0.9997028017626763,1.0005395219914455,1.0004865015886821,-0.0018060122056608003,-0.0016196813990643042
935,16,7.2971014976501465,-12.586238679834512,-13.25768441724963,6.678221020467507,6.773641596261746,-0.0009251615175199599,-0.000889054497634392,0.9994787964109028,0.9997697241977269,1.000918396605448,1.0007596292867615,-0.001421821233632473,-0.0016858863772663034
936,16,7.297148704528809,-14.030447433471368,-13.559659528564069,6.595322828790443,6.50019547863742,-0.0011259440107951662,-0.0009750771259874799,1.0000942251087568,0.9998490463308037,1.0012009618244815,1.0010314501529325,-0.002507496642371073,-0.0017446712733483983
937,16,7.178217887878418,-14.73848656845539,-13.85118174851262,6.31921529764377,6.277606698111144,-0.0009462290770832632,-0.0010380263613377044,0.9998375451908578,0.9999064544660246,1.0010609746824743,1.0012631513764831,-0.000692178850294792,-0.0017500130726972726
938,16,7.358312129974365,-12.797458581966056,-14.127476123368123,5.950920743190864,6.132580596881797,-0.0009623486136537321,-0.001089017825607479,0.9999989929417495,0.9999499417840431,1.0013561368224804,1.0014590811573363,-0.002247449110886135,-0.0017731819491520436
939,16,7.450864791870117,-14.004831981413673,-14.56993270814352,5.913177207692205,6.097436659426635,-0.0012091414113386842,-0.0011155792748335353,0.9999622871983167,0.9999885791336938,1.0018404092009576,1.0015724859776722,-0.002416529142014216,-0.001678372231108637
940,16,7.243178844451904,-16.406075654906942,-15.021759714911198,6.289076421759871,6.1456072415031695,-0.0013928075320915423,-0.001070827614629076,0.9999666695284627,1.0000382412008155,1.0019296815100285,1.0015327984566373,-0.0012856367244110766,-0.0014355002494929462
941,16,7.197188377380371,-16.09611593279962,-15.17832305218488,6.284231151243177,6.198336645692935,-0.0009546697583945674,-0.000946562482466954,1.0002363494842321,1.0001061410724768,1.0013635102828324,1.0013618888655293,-0.0007691792250337135,-0.0012354466393868651
942,16,6.977753639221191,-14.33095809029745,-15.139275112281895,6.198156074954849,6.209662147381583,-0.0005479804061111377,-0.0008296666063620254,1.0001184998948294,1.0001870606290715,1.0007920804858095,1.0012085407301223,-0.0007926935404886871,-0.0012457364100720602
943,16,6.996731281280518,-14.110423649566473,-15.294923227448512,6.165339928113456,6.166262128474031,-0.000605610045426367,-0.0008116052987508102,1.0001141280193238,1.0003018877987664,1.00092268621372,1.0012200411516714,-0.0013731968605311946,-0.001463732411600099
944,16,7.317896366119385,-15.743234724514002,-15.789808187492008,6.22666934162184,6.0574362367834995,-0.0008383012841780577,-0.0008912096880149367,1.0006048699630006,1.000448168263564,1.0011233386892606,1.0014065120859383,-0.002383417168203092,-0.001721677110890548
945,16,7.49820613861084,-17.38908203089478,-16.377882835923828,5.718799032813475,5.882946785591349,-0.0013969006395401595,-0.0009864630047662446,1.0006366500107466,1.0005768747252624,1.0024422203976913,1.0016465992830377,-0.0020937065123196605,-0.0018399016892148878
946,16,7.39306116104126,-17.18436693496443,-16.785609920314492,5.592899141565096,5.677566786152702,-0.000980295742745923,-0.0010141171387344048,1.0007288392018046,1.0006725688069953,1.0017636691667642,1.0017744823048218,-0.0015085472746605643,-0.001829723379798676
947,16,7.444829940795898,-16.55608051364066,-17.03494835193124,5.510481654711224,5.437761649639065,-0.0010152239971578706,-0.0009952990758113776,1.0007250426165946,1.0007503529330553,1.0018903884727561,1.0018180756974135,-0.001765672876010531,-0.0017939659371036833
948,16,7.488691329956055,-16.55278943221578,-17.29147569546732,5.156438058152058,5.1309453164137295,-0.0007568416586277876,-0.0009708866745753733,1.0005975034447485,1.0008428772298865,1.0014525112083505,1.0018606801165066,-0.0017317629171629322,-0.0017636071632177311
949,16,7.238004207611084,-18.361479686498786,-17.568940120903854,5.007303660417545,4.740129333322445,-0.001086930319554899,-0.0009704559489301346,1.0011411655767433,1.0009632816090486,1.0019959539480718,1.001976936462246,-0.0019968329079775434,-0.0017381060316645166
950,16,7.564507961273193,-18.26256830909394,-17.70450414854736,4.0949556734628985,4.278391369310848,-0.0011013646296376685,-0.0009753609106979072,1.001047689298541,1.0010692185140333,1.002479586526664,1.0021379272200723,-0.0011808137329078346,-0.0017241811577898467
951,16,7.716818332672119,-16.825027510554467,-17.74020862588411,3.651626097188666,3.8214963283478682,-0.0012427866200690112,-0.0009929147847996735,1.001284467803258,1.001149166991156,1.0028918415344714,1.0023153450808862,-0.002721698126961971,-0.0017610159129579025
952,16,7.254544734954834,-17.742433509693885,-17.861118112357396,3.383640109232662,3.4032610101273946,-0.0009661964861697934,-0.0010886014848651546,1.001096378746731,1.001206979067834,1.002425624289428,1.0026115997951943,-0.0016013715305288117,-0.0018237422924004972
953,16,6.855412483215332,-18.410001416238618,-18.039627850262153,3.1958212612716843,2.9990119651912264,-0.0008579001856461567,-0.001393978160909906,1.0011394417921675,1.0012732527667103,1.0021362394563018,1.0032915474730058,-0.0011164425271733688,-0.0020898269137411387
954,16,7.042834281921387,-18.219305246223158,-18.18134180093264,2.726161185111351,2.581382426947074,-0.0010655756946849112,-0.0019857397429728094,1.001512603344987,1.0013477973925677,1.0027897323308324,1.0045256233115851,-0.0021317124089113176,-0.0026705818571237574
955,17,7.37338924407959,-18.281459148646295,-18.291016865017784,2.061860716153318,2.187337095118585,-0.00364028275330587,-0.0027167311495505404,1.001490123578457,1.001396517784669,1.0077782199980843,1.006024364617834,-0.004369670718380763,-0.0033496159847830093
956,17,7.390061855316162,-18.36283254642282,-18.40944596375989,1.7248118209590484,1.898995984340791,-0.0036297987632788876,-0.0032123710747636353,1.001432068467891,1.0014284819716026,1.007914679752901,1.007059932593848,-0.004183119615990564,-0.0037653031711034402
957,17,7.259654521942139,-18.541757527425272,-18.573954957772557,1.7583322136696848,1.7598577601253116,-0.003220536133014201,-0.0033302510298958672,1.001419133533746,1.0014914601636906,1.0071351920526257,1.0073506587757413,-0.003563019551565345,-0.003842560770288264
958,17,7.251422882080078,-18.578033627723443,-18.80542430048395,1.7151056461252652,1.7541352248143136,-0.003257782535221665,-0.0031066746949461833,1.0014607032687324,1.0016357419541668,1.0072374926397483,1.0069715940679562,-0.0036488578907427176,-0.003679739268342861
959,17,7.13092565536499,-19.119245919676192,-19.095480719665478,1.564329977542449,1.8502253130970114,-0.003410008441739971,-0.0025870740420416752,1.0017930055051998,1.001878115869183,1.0077073881307117,1.0060159881200463,-0.003997199552376871,-0.003321733638648142
960,16,6.791531562805176,-19.200725524601904,-19.369001498481243,2.250390137078456,1.9840691093791203,-0.0009468737142442462,-0.0019132869221916027,1.002340704520116,1.0021729412156608,1.0028992906038485,1.0047629676508243,-0.002264070645471528,-0.002833728353336936
961,16,6.824831962585449,-19.808403385260945,-19.529358659644213,2.2577369454451532,2.023714476626573,-0.0009336998739069294,-0.0014112119395297486,1.0024543283223897,1.0024487611501307,1.0028693851572763,1.0038754199261886,-0.002011348162570437,-0.0024365901675725936
962,16,6.949718952178955,-19.969166182553902,-19.453641420626788,2.0465054799156777,1.9084134676881441,-0.0013781219600164647,-0.001158932680845538,1.0028303766120534,1.0026759028926968,1.0038093958973369,1.0035399693422677,-0.0028036981351797054,-0.0022089086070825963
963,16,7.059993743896484,-19.890688566557774,-19.122156092630593,1.5942278808155408,1.6722802639788221,-0.0012945646394215042,-0.0010460577844174205,1.0026365909616537,1.0028490081202943,1.0040317424029248,1.0035449099523848,-0.0012057586626221812,-0.002110095789540719
964,16,6.6833415031433105,-17.779650619918176,-18.732915839992728,1.3241459737501056,1.399293767896028,-0.0008356164618785921,-0.0010071137916716879,1.0032197966374161,1.002991665017505,1.003441331896121,1.0037166803943438,-0.0024953308630182875,-0.0021733885127377833
965,16,6.564747333526611,-17.69983283254701,-18.66541478973489,1.0051897031751953,1.1560364247093808,-0.0009579659502365921,-0.0010487820944698138,1.0029250801768375,1.0030955865723978,1.004021173464732,1.0040162006047344,-0.002129475371252636,-0.0022454132169577043
966,16,6.571704864501953,-18.67908776187143,-19.009652508255044,0.9265328791577221,0.9712319448065397,-0.0012640191226299326,-0.0011393175698644514,1.0032722062057753,1.0031907466598091,1.0046311239442336,1.0043597019775352,-0.003114150526305025,-0.002193796824373185
967,16,6.4486212730407715,-20.288437110722807,-19.484174220102137,0.9078804411777728,0.8213592780380772,-0.0013205094905405965,-0.0012174369533711543,1.0031213621720194,1.0032800249548517,1.0047474918535806,1.0046647511790658,-0.001724041571683,-0.0019422024498408155
968,16,6.56840705871582,-20.90927513866766,-19.70085801413166,0.9266567310204502,0.6653841810147241,-0.00119692453122572,-0.001258864471627171,1.0035781646323156,1.003365936359363,1.0045122894288412,1.0049337795131448,-0.0012228439888459677,-0.0016560429323137249
969,16,6.7919487953186035,-18.984956296076454,-19.56992251533241,0.23129664525855997,0.5031968433439129,-0.0014231892298411943,-0.0012739598415081336,1.0034389111505584,1.0034258900223596,1.0057437810110061,1.005182527603427,-0.0017159471323055897,-0.0014722193174783965
970,16,6.772034168243408,-18.93711443326618,-19.368209586487332,0.3390681959398523,0.3972531142003183,-0.0010387666237885562,-0.0012732907492745717,1.0033294591701871,1.0034880044419352,1.0050025881554585,1.0053507396168768,-0.0009311821632715029,-0.0014037412812343303
971,16,6.8799028396606445,-19.18790140055757,-19.26316337345557,0.3885909295552406,0.34755228492359286,-0.0013255891594895115,-0.0012886461684063642,1.0036198777233694,1.0035881647313594,1.0055219988032613,1.0054823053830682,-0.001646691815796754,-0.0014679093852628072
972,16,6.781808853149414,-19.299938768857736,-19.252789095567046,0.3151526429549965,0.3211362345671436,-0.0013917951746307907,-0.0012983116020080611,1.0036288289961075,1.0037203238380816,1.0057136672512765,1.0055647372933956,-0.0015727132215218249,-0.0015775274759202505
973,16,6.741782188415527,-19.291019288496067,-19.28656931608466,0.32090320548432777,0.2920556810773899,-0.0013220833042986578,-0.0012809552231857159,1.0038679350446478,1.0038696029736194,1.0055995389975732,1.0055825659809718,-0.0019113733233060242,-0.0016618657826184022
974,16,6.468874454498291,-19.554621438246233,-19.32239793888241,0.290839112369671,0.23760980720872926,-0.0012028523549149678,-0.0012473474796480854,1.004165028897087,1.0039972383078344,1.0054464708227744,1.0055666536294954,-0.001849522392850195,-0.0016792126101719993
975,16,6.669925212860107,-19.517601935208994,-19.339713359020948,0.30501124166459903,0.1467770020489558,-0.0010567231966956343,-0.0012233833026357038,1.0040701459555397,1.0040697197464328,1.0051894648698296,1.005554522799889,-0.0011199344075548284,-0.0016710637851280684
976,16,6.6674089431762695,-19.221651622407315,-19.398728436922728,-0.22451917029518093,0.037454980173327185,-0.0015747390242586358,-0.001212968260695265,1.0040917003745897,1.0041023675280327,1.006500096364214,1.005523694707639,-0.0018917834678624436,-0.0017068398724538875
977,16,6.530022144317627,-18.85466067948737,-19.614898003768516,0.015294190017007027,-0.04198703379280505,-0.0008913986430703819,-0.001194912937900308,1.0040384004857263,1.0041220888589693,1.0047745941644535,1.005408257686308,-0.001878114015940693,-0.0017235868976560635
978,16,6.648721218109131,-20.2082714470258,-20.010506829664305,-0.11358811367747061,-0.10282430407280196,-0.0011381296558079714,-0.0012178366071559086,1.0041708303946275,1.0041466927696945,1.0051540034714515,1.0053502391778213,-0.0015444257530243144,-0.0016830926218574685
979,16,6.610378265380859,-20.463659077813055,-20.388816664744805,-0.07031614743045318,-0.1592748224740402,-0.0013235609759265536,-0.0012625333286125655,1.004215460212003,1.0041706807174235,1.0053538738797947,1.0053637777070292,-0.0017349377943086729,-0.0015952729949981835
980,16,6.472499370574951,-20.74720569366114,-20.560160983855088,-0.29083910321819206,-0.21808586390473536,-0.0014176582594188042,-0.0012692856241434385,1.0041560029138825,1.0041926451836931,1.0056803265444372,1.0053599726534583,-0.0015646161860135704,-0.0014514771728393102
981,16,6.426254749298096,-20.655075208309462,-20.384272611424738,-0.311791541476991,-0.2664435358262377,-0.0013362514499218941,-0.001201049187135459,1.0041064805254183,1.004223146394751,1.0055301023188516,1.005256318691412,-0.0014305021485926021,-0.0012815868089872241
982,16,6.841093063354492,-20.797664507445372,-19.800599708917606,-0.2151936173671688,-0.3096466161879255,-0.0010089074656563632,-0.0010783100750762383,1.0042807433408905,1.0042567574547903,1.0048857544934116,1.0050829926113876,-0.00034558679519143304,-0.001169413061060384
983,16,6.462757110595703,-18.29079629600046,-18.91195106545005,-0.3020741047538057,-0.3648842241081376,-0.0007751259210793863,-0.0009670153047038107,1.0044911781219816,1.0042529436948144,1.0045866396710879,1.0049596703101629,-0.0014879477208682842,-0.0011923288275335986
984,16,6.258133411407471,-17.33995290291556,-18.077649823822952,-0.46833488945753854,-0.4213676319723119,-0.0009384556028480967,-0.0009093785794638249,1.0040813735838738,1.0041867938595075,1.0050490266802026,1.004943065227353,-0.0014344560518071703,-0.0012271511820424095
985,16,6.200106143951416,-17.37805640983118,-17.491610588434014,-0.4760005784708693,-0.44679222554491965,-0.000970104857891768,-0.0008888902937212483,1.0040775607282901,1.0040967640528147,1.005114314710707,1.0049749940122623,-0.0014294100212219332,-0.0011940538301316265
986,16,6.301541328430176,-17.576759811631888,-17.07509634305053,-0.5259555091797068,-0.42038655147465415,-0.000852056305000337,-0.000889729478157548,1.0040350043969382,1.0040059713450262,1.0050479069307736,1.0050118972238,-0.0007565244647088173,-0.00111382420942774
987,16,6.116214752197266,-16.311487629426363,-16.697866120429094,-0.3230315944243257,-0.3413750918823124,-0.0007512227846452221,-0.0009196640904016611,1.0038643182925922,1.0039261325281084,1.0047114678308375,1.0050622795336743,-0.001105539907741183,-0.001066397737099764
988,16,6.015383243560791,-16.484407495165616,-16.340517493282455,-0.15686994827036566,-0.24099286868709494,-0.0011273446057978446,-0.000968732319423665,1.003880747946666,1.0038714753544056,1.0053649541081322,1.0051293390052167,-0.001365773364616988,-0.0010465609685060462
989,16,6.312610626220703,-16.77810502290796,-15.91558901745588,-0.14719079268013294,-0.1463982507985834,-0.0010654279079859862,-0.0009856147071110543,1.003752784911044,1.003840512141072,1.0052686140500995,1.0051314255115538,-0.0003401440672251214,-0.0010586207406739446
990,16,5.851980686187744,-14.861719140571786,-15.413886581448915,-0.02497943427432587,-0.05794891224693824,-0.0009612035855453189,-0.0009602850584780212,1.0038724055198935,1.0038234452373007,1.0050334466484114,1.0050420521747898,-0.001445791526096568,-0.001153463252207177
991,16,5.877872943878174,-14.822438003766166,-15.049459484480991,-0.0665536144665466,0.03266620137541343,-0.0009911249456334905,-0.000918373281830161,1.0039493055073698,1.003789028114856,1.0051070942103784,1.0048924347124422,-0.0016195713849513384,-0.001216387978041957
992,16,5.596636772155762,-14.708356749403402,-14.913005813364824,0.1496226929566426,0.13622518546272164,-0.0007576196969047805,-0.0008972603034913907,1.0036535473884403,1.0037268612597652,1.0044568553777118,1.0047377255121974,-0.0010777716546129864,-0.0012003511692329058
993,16,5.551061153411865,-14.878506342835939,-14.967145437443444,0.14235982022007065,0.23667620266114003,-0.0007684375353138474,-0.0009457290426638233,1.0036808543610052,1.0036736775842063,1.004482356479588,1.0046761530973225,-0.001013523342324524,-0.001194723968944661
994,16,5.708148956298828,-15.263671632209794,-15.085802338711737,0.3626618362359606,0.30713415212052125,-0.0011025219986417361,-0.0010602743426340927,1.003443360251923,1.003656021602577,1.0047800876792055,1.00471885277986,-0.0009804085852803234,-0.0012669647075171271
995,16,5.742828845977783,-15.384087491127884,-15.112692548556069,0.5135443298776804,0.2963276894646768,-0.0013927552434737334,-0.0011737700577577135,1.003720543813106,1.0036804013352727,1.005059859347338,1.0047985136558721,-0.0017108305050545466,-0.0013954421510302365
996,16,5.965331554412842,-15.52514160670965,-14.960927122093034,0.3758741277873101,0.17966679386232393,-0.0011638352330476354,-0.0012352317579512162,1.0039344173989104,1.0036908376848688,1.0045483757417737,1.0048718571036839,-0.001436792456501934,-0.0014795322076929368
997,16,6.017590045928955,-14.203385327253171,-14.684546467311737,-0.23431555930128023,0.019180325557550684,-0.0012031591810393787,-0.0012594566550163404,1.0035912241914775,1.0036457872372653,1.0050063544457333,1.0049568300333873,-0.0012768926649405223,-0.0014908991452273815
998,16,5.914496421813965,-13.588149373089177,-14.493853143577082,-0.24674746102644873,-0.06576094865242102,-0.0012928833605119767,-0.001252240340907187,1.003616495736336,1.0035767909439415,1.0051804993253772,1.004996984699956,-0.0022087687176024938,-0.0013964585349849027
999,16,5.819260120391846,-14.928534129410494,-14.427150800540433,-0.12977484614365747,-0.031462269583347274,-0.0012837309370509577,-0.001200002980932038,1.0032991220556564,1.0035204237359476,1.0050832503233769,1.004940288410867,-0.0006465012725598062,-0.0011571154026744014
1000,16,5.961791515350342,-14.77635520525164,-14.24818136350733,0.1442327706365601,0.08370198011622627,-0.0012021606187560096,-0.0011037706608525058,1.0035418841985968,1.003504215419903,1.0049168920250262,1.0048055458101064,-0.000976581821568933,-0.000926453611298855
1001,16,5.601592540740967,-14.035641870670128,-13.846163198185653,0.3682126735878946,0.20184566957588468,-0.0007776516086667568,-0.001000957087244865,1.0036440775290447,1.003493409430382,1.0041892965381303,1.0046780995804794,-0.0006278239693318084,-0.0007665987510435431
1002,16,5.566838264465332,-12.955391862506172,-13.32454533978638,0.28024360676573934,0.26899394490675227,-0.0008831914963498325,-0.0009478325437167874,1.0035451364657504,1.0034594969296067,1.0045935432709727,1.0046498069354073,-0.0006687566233159333,-0.0007047029931715982
1003,16,5.473968029022217,-12.467580849128337,-12.857396184179805,0.26741964249502137,0.28891729575305564,-0.0010030579083177421,-0.0009329233025163598,1.0031670637034942,1.0034309036651348,1.0048306103337419,1.0046630366557028,-0.0007251199452421251,-0.0007253131609149778
1004,16,5.467198848724365,-13.084106198332357,-12.486393327977986,0.26438799389197565,0.28028664850303464,-0.0011632274028249329,-0.0009124255065360135,1.0034685668612897,1.0034539124949935,1.00513356766432,1.0046173585310256,-0.0009875839427870993,-0.0007907383404008575
1005,16,5.5079803466796875,-11.93611697120164,-12.14779440902647,0.22264297605596584,0.25456558513072736,-0.0006655930388414968,-0.0008796582199514381,1.0036391936516367,1.0034988933149656,1.00415288655685,1.0045021750988905,-0.0006640150564844293,-0.0008760390970297402
1006,16,5.391515254974365,-11.354996878450706,-11.920146283602818,0.2712914533491165,0.2139283182621468,-0.0007163400065103405,-0.0008962902059064879,1.00353589068959,1.0035310282735137,1.0040578066428276,1.0044566429489863,-0.0010334759712941697,-0.0010020488273895065
1007,16,5.778201103210449,-12.019085522775327,-11.81722970291137,0.1333967210448141,0.15376484253972889,-0.0011126745548022132,-0.0009617213028509709,1.003394999489136,1.003561491002928,1.0047425551496654,1.0045183976811332,-0.0011790699271496572,-0.0011406049989640351
1008,16,5.766392230987549,-12.275584962064771,-11.670773007207695,0.10473033406140561,0.0837239106252598,-0.0011471994258102792,-0.001012471156137745,1.0036264862716653,1.0036012503072391,1.004823816287587,1.0045870842779347,-0.001290585854558715,-0.0012597892094423063
1009,16,5.8638691902160645,-11.821493923717753,-11.376502168642489,0.1263939722660479,0.013371887146393521,-0.0009535758238431416,-0.001027763422038443,1.0037204976862923,1.0036121343925104,1.004403737860677,1.0046180660546613,-0.0009485827007393867,-0.0013444752449925596
1010,16,5.508037567138672,-10.181465506705035,-11.067105350317751,-0.17613791674412044,-0.03412508971141848,-0.0010154899952057033,-0.0010345029067871496,1.0037057532080356,1.0035592269088551,1.00474029099558,1.0046408681805923,-0.0018819307903505582,-0.0013616671536255
1011,16,5.588851451873779,-10.253634890988167,-10.988520429513226,-0.10121398675161991,-0.010532360475328933,-0.0009927635060120485,-0.0010457457993197287,1.0033091702100962,1.003454424833586,1.0046067271852965,1.004645427953216,-0.0014437572707859234,-0.001200443701886749
1012,16,5.4266276359558105,-11.611972112698437,-11.082548251125244,0.14657286091595115,0.08894817064614484,-0.0010791846192082526,-0.0010586690000582127,1.003364564943871,1.003352930420202,1.0045850966206624,1.0046336856472764,-0.0009858633341218433,-0.0009034186111098741
1013,16,5.780781269073486,-12.017593431019403,-11.032010289298691,0.23887474804503617,0.23395162007172055,-0.0012089785531653936,-0.0010539202723648961,1.0032657076844982,1.00327680150934,1.0048294917432328,1.004599409006578,-9.257511740442246e-05,-0.0006374870193908394
1014,16,5.588451385498047,-10.32503254368415,-10.70705232043003,0.4105445390385661,0.40575108501714363,-0.0008602790396295234,-0.001026512288943189,1.003190949777801,1.0032395320081908,1.004269629958072,1.0045356028524222,-0.0002059818904183109,-0.0005728617656427569
1015,16,5.302738666534424,-9.828584860076088,-10.29471171297043,0.5246184318877393,0.5921150140871821,-0.0010563548132620465,-0.0010079621885073576,1.0031193307123591,1.0032482949438235,1.0046307509588452,1.004481617092688,-0.0009203690811224225,-0.0006890301903319739
1016,16,5.432388782501221,-10.173430064667997,-9.900466775532438,0.8266936758399313,0.7772546180594085,-0.0010200260127333806,-0.0009934017662578966,1.003331586235831,1.0032837250812308,1.0044160855644697,1.0044229778203146,-0.0010166390496631175,-0.0008266589668113804
1017,16,5.624418258666992,-9.874930443504745,-9.471112295716601,0.9922326206905584,0.9279191787533507,-0.0009701770353437975,-0.000982632788962824,1.003577803442082,1.0032848385220317,1.0043654766760104,1.0043718759438018,-0.0009568731843005994,-0.0008873690200147208
1018,16,5.833581447601318,-8.219711411269225,-9.034532163359087,1.0693767956579012,1.0262188188160635,-0.0008923349363563052,-0.0009868753559435423,1.0031388512371229,1.0032184680953835,1.0041653790675593,1.0043498338688586,-0.0009390557677756546,-0.0008574750535214709
1019,16,5.754684925079346,-8.616956921352873,-8.704264595851484,1.0569332745585915,1.081684533272262,-0.0010377264687908348,-0.0010082948069292414,1.002984194015849,1.003140967650694,1.0044541236504476,1.004361628333363,-0.0007320515134319037,-0.0007665002310521557
1020,16,5.5201191902160645,-8.90443817520947,-8.367988449131241,1.1709654034219872,1.1202505202016568,-0.0011133355128689912,-0.0010212679202584896,1.0030202575732985,1.0030950040712783,1.0045088305026164,1.0043619384737807,-0.0006039193205437081,-0.0006718500886703679
1021,16,5.645893573760986,-8.500085682746843,-7.866075825345514,1.2585080747569943,1.1675131344635645,-0.0010012171624234824,-0.001009300329232976,1.0032383069878006,1.0030626291149762,1.0042292529824994,1.0043315324165625,-0.0005513985562057113,-0.0006211588652283757
1022,16,5.762001037597656,-6.919392857774267,-7.251449687084118,1.2283260136740475,1.2703139631915736,-0.0010205247438313627,-0.000986674427465866,1.0030346618666321,1.003003841568707,1.004302336890183,1.0042968186361094,-0.0005448378975998899,-0.0006324435802152622
1023,16,5.5254926681518555,-6.175462814657003,-6.7921106207370245,1.1672713893355118,1.5047235858183006,-0.0008775794949957604,-0.0009750465508043092,1.002848641701586,1.00293007544162,1.004248593259318,1.0042642530056405,-0.0005678531174921603,-0.0006897413539184909
1024,16,5.467401504516602,-6.147805988925479,-6.654070904171061,1.7992387820221047,1.9142490347657974,-0.0008432636477943487,-0.0009982173151092285,1.0029122254611589,1.0028696109010584,1.00400832698263,1.0042327625194711,-0.001207674944761637,-0.0007348687337125478
1025,16,5.836554050445557,-7.309738272662111,-6.742396450156526,2.558313593026979,2.4232924016524993,-0.0011699384653830582,-0.00103947070785759,1.0027567118396212,1.0028307485874537,1.0044374985255904,1.0041789126029952,-0.0005070131635631144,-0.0007018903374955824
1026,16,5.518833637237549,-7.111503739486689,-6.796098770391969,3.0707612723042126,2.9034009462815757,-0.0012201453874465902,-0.0010351608812413017,1.0027979856067175,1.0028232036946465,1.0042931068877534,1.0040265723711663,-0.0005299294338325536,-0.0006505478639372592
1027,16,5.351032257080078,-6.509493904238,-6.713445073371904,3.342047704188183,3.2717594734798623,-0.0009494140927461954,-0.0009640984414659522,1.0028327719656154,1.002835306210246,1.003670394218136,1.003782411428885,-0.0007885163669908278,-0.0006086638355273007
1028,16,5.44817590713501,-6.806367000343402,-6.51975860201965,3.529846800773391,3.514539590153791,-0.0007399122318503972,-0.0008724825980386257,1.002968098375489,1.002841508713059,1.003297435299557,1.0035483286586475,-0.0004138109499313385,-0.000565351089355882
1029,16,5.612163066864014,-6.051330966417106,-6.2226076767764225,3.5688088984294493,3.6549519790958924,-0.0008263717577968905,-0.0008058742691208582,1.00280560159538,1.0028235326780062,1.0035066067331133,1.0033913461408592,-0.0006122081696795931,-0.000545897057011999
1030,16,5.808598041534424,-5.695480064149276,-5.891012632296873,3.6546266708043373,3.719969350294824,-0.0007264184471910412,-0.0007680465799253933,1.0028038897530656,1.0028018012390607,1.0032673922871258,1.0032986353533295,-0.0006231721433954115,-0.0005469790844505496
1031,16,5.8171000480651855,-5.726280414406089,-5.547990068575774,3.752727959899987,3.7057140021149397,-0.0008272574907005747,-0.0007554410357386545,1.0025987852202518,1.002801349859147,1.0034274750752465,1.0032711530551695,-0.00030880643994677087,-0.0005798926611265138
1032,16,5.694895267486572,-5.504852203128439,-5.15655426899558,3.9020881546730486,3.585020967270595,-0.0007254175183631841,-0.0007588020074919714,1.0029749719709693,1.0028308454288117,1.0030202595154043,1.003321306101643,-0.0009417289915863583,-0.0006637479950975682
1033,16,5.634912490844727,-4.979166417379298,-4.746711048586369,3.4510689995732986,3.3648670728460157,-0.0006927405336783926,-0.0007851961139933776,1.0028379142471382,1.0028479156517325,1.0032624276633564,1.00348382214858,-0.0003124228427558114,-0.0007616372009594322
1034,16,5.265140533447266,-3.9339405075271006,-4.488895143894202,2.8389689505168434,3.161365790319285,-0.000897965894648472,-0.0008295853268626745,1.002946178541379,1.00283869438375,1.0040016638791864,1.0036943638256224,-0.0010992602084629367,-0.0008671890371340276
1035,16,5.446170806884766,-3.787692224739142,-4.608536429497322,2.8646376318065325,3.116218748878798,-0.0009036680889369811,-0.0008609139567600543,1.0028207619789524,1.0028061081500357,1.0040200740733713,1.003820694323627,-0.0013540850439099361,-0.0008737906387186322
1036,16,5.843128204345703,-5.302585380675848,-5.104207632368027,3.2336157618777523,3.2534510675947668,-0.0008456526159296238,-0.0008664341165174065,1.0026759104742071,1.002788270931659,1.0037944024922318,1.0038286241984238,-0.000708844313187164,-0.0007530492679711735
1037,16,6.008443355560303,-6.543987397449189,-5.68336501078247,3.654393055874009,3.489335642148349,-0.0008886879323271643,-0.0008509532710988857,1.0027560297313718,1.0028280280889994,1.0037247140910877,1.00376971264468,-6.18827972596183e-05,-0.0006449357481175479
1038,16,5.929238319396973,-5.937286652136384,-6.114311975613688,3.624184139160489,3.7265213368051042,-0.0008173667277332224,-0.0008191528605090203,1.002935716432342,1.0029293889443114,1.0038317537003811,1.0036974628156647,-0.0006258890725807355,-0.0006698929479575489
1039,16,5.499516010284424,-6.11096835378484,-6.427945173489746,4.209378492860765,3.9083527474126813,-0.000791602050395544,-0.0007854178324345983,1.0029673887924762,1.003066386399175,1.0034330394599185,1.00365935404686,-0.0010751889123566517,-0.0007648881172227042
1040,16,5.337464809417725,-7.149248699236773,-6.6412318423327985,4.022729255461433,3.983305113594459,-0.0006903368128312204,-0.0007669374091129717,1.0032885700407117,1.003201683836395,1.0035227302678655,1.0037225041771265,-0.0008045760334298543,-0.0008338688443670923
1041,16,5.7502241134643555,-7.054478880961738,-6.698012560597499,3.939921012030554,3.9906337086492814,-0.0007473784839868934,-0.0007765648614351365,1.0035816057394813,1.0032740347495301,1.0038740249403741,1.003876475686089,-0.0008681932225608474,-0.000873427219853022
1042,16,5.847531318664551,-6.142961707501143,-6.708044902539512,3.7300680367051537,4.0021994853168215,-0.0008903353533500533,-0.0008007420370109224,1.0030413506081315,1.0032661312404083,1.0044259667935285,1.0040284470423761,-0.0006615073376220101,-0.0008949166067865318
1043,16,5.927145481109619,-6.196563672558595,-6.889017594200986,4.127574658375501,4.056403813244296,-0.0007361068624896116,-0.0008175877518391259,1.0033458335974568,1.0032457222472562,1.0039071761697347,1.0040993164349223,-0.0015230848592088205,-0.0008877777201826322
1044,16,5.961236476898193,-7.61337329198487,-7.259726040891732,4.149371211802293,4.109509294041898,-0.0008682871815405497,-0.0008242779246099584,1.003073049036013,1.0032429449447056,1.0041603318779486,1.0041173081326444,-0.0004719458956037565,-0.0008177860025419323
1045,16,6.100551605224609,-8.241113450340379,-7.611094771847247,4.13286953575919,4.121624906733054,-0.0008702363062349319,-0.0008033505342442814,1.0033277020487683,1.003288295756674,1.0041803806625278,1.0040858172247462,-0.0005981846774081711,-0.0008003846556184827
1046,16,5.925190448760986,-7.555736127993502,-7.836198309051152,4.159088735097693,4.071267072516848,-0.0007183803996704706,-0.0007495476830659074,1.003265548987806,1.00337116822583,1.0038946550554655,1.0040137796123156,-0.0007467961660545048,-0.0008790446792594556
1047,16,5.870391845703125,-7.745757259593186,-8.023066871309561,4.056864104575745,3.9500690020917504,-0.000639634217069606,-0.0006786944789534722,1.0034397629024303,1.0034718187819474,1.003799102173873,1.0039327492920553,-0.001138656140102712,-0.00100002735404492
1048,16,5.580101490020752,-8.72494433582932,-8.200208871221207,3.720880439215371,3.7855091456298493,-0.0007735665539865096,-0.0005991342462962957,1.0038830812077486,1.0035387645227256,1.0042292972461961,1.003834774123567,-0.001557826040716179,-0.0010646505991176024
1049,16,5.664517402648926,-8.04947105479394,-8.330948795046783,3.426274925246707,3.6394421550584646,-0.000390885987920367,-0.0005185734586004955,1.003308065353505,1.0035297173325413,1.003675598011481,1.0036928539875063,-0.00029597636304627527,-0.0010454614765709378
1050,16,5.495078086853027,-7.804820801526235,-8.500497030336135,3.6267748291318025,3.5449290459765432,-0.0003015434199131111,-0.00048664540586854294,1.0035970210461602,1.0034909772115743,1.0031160571812294,1.0035925460993564,-0.0017165714502668412,-0.001022313291867397
1051,16,5.616426944732666,-9.381116006108655,-8.69228070435818,3.4915403188401157,3.4698545856533993,-0.0007008294815330177,-0.0005121509705524277,1.0033311162241156,1.0034351091164684,1.0038467141395453,1.003607282598348,-0.0008477806251771583,-0.0009348043872742509
1052,16,5.708405494689941,-9.458479920218815,-8.70116601334673,3.4672915089294825,3.393112456289354,-0.000513766850836811,-0.0005500205792005342,1.0034568293423305,1.0033828420668454,1.0035214139006676,1.003676829094875,-0.0004748644709220576,-0.0008773356052936216
1053,16,5.664966583251953,-7.854250584054347,-8.541844516058099,3.202371515356995,3.3126567113931236,-0.0005608942927280316,-0.0005968744388328158,1.0032049500452058,1.0033364466534875,1.0038109088555585,1.0037661925855634,-0.0007990384154236155,-0.0009407432341603339
1054,16,5.637508392333984,-8.136431548074984,-8.464957610428968,3.178192420605742,3.242609843934095,-0.0006055589512873125,-0.000650039799656324,1.003374788015243,1.0033027904803955,1.0039116473945917,1.0038142936706862,-0.0011203896096417699,-0.0010727553451212173
1055,16,6.12510871887207,-8.519623988963298,-8.539584922542259,3.2252367418770156,3.1633772588023072,-0.0009558664300039225,-0.000689304955820792,1.0033275722088866,1.003259061731722,1.0042304507951227,1.0037695505427535,-0.0019013155499463849,-0.0011492656436579481
1056,16,5.5473785400390625,-9.184576057156784,-8.676763247076293,3.29290664427816,3.0312256578591303,-0.0005007391862694489,-0.000697720104004102,1.0030329967772105,1.0031998623730087,1.0030668166513366,1.003648930155536,-0.0002821533090996295,-0.0011064363761180249
1057,16,5.563165664672852,-8.212762224854053,-8.795893471979637,2.507201693420017,2.8365902718486438,-0.0007342281125817761,-0.000719301896584771,1.0033283984371053,1.0031328222535743,1.0038279519859994,1.0035693969251138,-0.0014761778381213566,-0.0010447966144844923
1058,16,6.059345245361328,-8.64355216476243,-8.929206072569999,2.6408326108998126,2.63118422960281,-0.0007910660329044549,-0.0007570705753863796,1.0030200113986665,1.0030334555485456,1.0035979791681204,1.0035191407679491,-0.0012560465242759122,-0.000895128231881467
1059,16,5.4147562980651855,-9.625145769906627,-8.943664147069475,2.675792078141726,2.384283039084958,-0.0006807228855303259,-0.0008057728665020602,1.0028186815245759,1.0029247354312945,1.0030343412510327,1.003527857095,-0.00027701710243960374,-0.0006863610561609382
1060,16,5.582233905792236,-9.21746231206745,-8.628499778628544,2.14960656819424,2.0653982810315976,-0.0009421308120682507,-0.0008616049399893525,1.0028884231573891,1.0028325192127843,1.003709467458821,1.003629996324214,-0.00039435939003440164,-0.0005576428733330034
1061,16,6.056562423706055,-7.612488168517354,-8.015393133536731,1.5144281601183915,1.7445040316508407,-0.0009592909688487908,-0.000889719488070318,1.0028117648467054,1.0027521725447868,1.0040355560063117,1.0037145738268463,-0.0008210711700377557,-0.0005317582116788978
1062,16,5.549062252044678,-7.138622416636628,-7.3453453791928895,1.3613375364186708,1.5239849193270005,-0.0008800422349683957,-0.0008758696603978939,1.0025286868732923,1.0026926785204806,1.0038302178233585,1.0036804224453273,-0.0002906411770059977,-0.00056926211988525
1063,16,5.01755952835083,-6.98660582552062,-6.76776057113768,1.5259211968013302,1.4305703252275843,-0.0008939488133144507,-0.0008334716389820964,1.0027147912256995,1.002672467595696,1.003534816363773,1.003541330723996,-0.0007573999768693857,-0.0006832129633127871
1064,16,5.355225086212158,-6.040433705061526,-6.354532172644246,1.4533214953202593,1.4302000352429642,-0.00071253864913366,-0.0007875179595463036,1.0026576068127464,1.0026662226358427,1.0032302253779313,1.0033820398738735,-0.0007405584223967102,-0.0008267227110540227
1065,16,5.32745885848999,-6.011216685747653,-6.208539982253153,1.4508716636397991,1.5094324163659294,-0.0007241673765793007,-0.0007773492258782534,1.0026787440114424,1.0026490207963032,1.0032528313785354,1.0032847616963678,-0.000810523544700218,-0.0009485859569646592
1066,16,5.140836715698242,-5.448912860321993,-6.334038849562282,1.5046787235079315,1.6654360614908124,-0.0007977944803616472,-0.0008189560078733636,1.0026976313751137,1.00259907063228,1.003328978355826,1.003279844081966,-0.0017556268540205732,-0.0009649589399064612
1067,16,5.2176313400268555,-7.539044133668683,-6.574056463655958,2.091836976907384,1.8652179571455452,-0.0008774515428200035,-0.0009034539178415836,1.0025475566619804,1.0025115293731874,1.0030570523288767,1.0033791895491573,-0.0008601988958949353,-0.0008053745673638282
1068,16,6.022292137145996,-7.728318173355079,-6.54427859079288,2.0918906031443174,2.036841739115955,-0.001144499636317931,-0.00100863249350807,1.0022489764674607,1.0024191589407196,1.0038188954012102,1.0035820326506681,0.00010736747631620892,-0.0006516898598520148
1069,16,5.500482082366943,-5.6879186009758955,-6.1913596616488995,2.1442837969323296,2.173075180110303,-0.0009362590829103477,-0.001112374787488036,1.0023445970773364,1.0023616288912287,1.0036037809827285,1.0038047916487207,-0.00025628754347488826,-0.0007108885546877378
1070,16,5.561478614807129,-4.935587629720299,-5.858971610259342,2.272073722422012,2.2994953171005887,-0.0012446096658203813,-0.001217626551278848,1.0023941995787156,1.002328668371045,1.0040870474948806,1.003993472312673,-0.0012387111119167133,-0.0009285980884295175
1071,16,5.702079772949219,-5.539247348164138,-5.748068283377644,2.364464525687541,2.4345592154671585,-0.0013541108523328284,-0.001283923559110625,1.0023102707929188,1.0022968924627291,1.0042175489997835,1.0040556715066518,-0.0017542539590318328,-0.0010733516663074525
1072,16,5.490238666534424,-6.371834684896125,-5.712394905487921,2.5178280011221252,2.580343733845814,-0.0014069023857312026,-0.0012708146311504378,1.0022572338159135,1.0022632644113332,1.0041836835610531,1.0039251532847362,-0.0011000286737586477,-0.00102840555887691
1073,16,5.809055328369141,-6.182412392992312,-5.52022411605264,2.8521772342785994,2.7099861789294426,-0.001121356917062161,-0.0011726173909268269,1.0021529303717853,1.0022335979912755,1.0034329879088182,1.003613952324109,-0.00021911714399474436,-0.0009190998467018237
1074,16,5.81491756439209,-4.715919167445867,-5.183829319219122,2.8476774771935305,2.7822987123147676,-0.0009890350905216389,-0.0010283321399444524,1.0023645395867022,1.0022066158298755,1.0031870867843413,1.003214765621152,-0.0009258962971597693,-0.0008925214545204032
1075,16,5.829308032989502,-4.208857136193983,-4.935937405426134,2.644795199183463,2.8000228999446755,-0.001058237241752413,-0.0008689161825624585,1.0020302749294103,1.0021678546573383,1.0033012877250886,1.002782854531044,-0.0012131990927193928,-0.0008881450894120674
1076,16,5.4567742347717285,-4.964396770331484,-4.860148924185536,2.9149304157602653,2.7850679194974504,-0.00042815824830800674,-0.0007238325391355196,1.0021151447158525,1.002134720294468,1.0016435346282242,1.0023908959089816,-0.0007550927674664534,-0.0008267825141566758
1077,16,5.425508499145508,-5.264022253767147,-4.7884775665793375,2.780327267910029,2.726926091741486,-0.0007314867019831387,-0.0006542759051099264,1.0021953607215524,1.0020928779502398,1.0022875794783273,1.0022095758227918,-0.0010810611921323286,-0.0007261788483765711
1078,16,5.485315322875977,-5.400562556069338,-4.568088905670435,2.6753053750269746,2.648725463755283,-0.0006274127289493421,-0.0006480876509415752,1.001977243991757,1.002019351343289,1.0021437830499853,1.0022178928682652,8.405114860380057e-05,-0.0006345944577717111
1079,16,5.231542587280273,-3.700853928859529,-4.272239759719389,2.5271387856839795,2.6030738169395877,-0.0007344991783914124,-0.0006925858535019014,1.002034032897287,1.0019189681102432,1.0025206139869944,1.0023544041029093,-0.0009061434538512931,-0.000650808548588837
1080,16,5.253310680389404,-3.1879299270669628,-4.229936296463509,2.5133872047342125,2.649108891469535,-0.0005475333165472572,-0.0007780896818393348,1.001707563778523,1.0018007108283145,1.0022326906029437,1.0025538648300811,-0.0005464100406235804,-0.000694561017595916
1081,16,5.490797519683838,-4.421241812531779,-4.566205048127446,2.649130723626146,2.8124145720664715,-0.0010558811343656294,-0.0008882075371020754,1.001758343279018,1.0017000462333714,1.0031075465292218,1.002773108453981,-0.0013316940467141144,-0.0006994991132057145
1082,16,5.940797805786133,-6.25405138531093,-5.010407239134983,3.3087254496006704,3.0554645030748824,-0.0012168567538738708,-0.0009485127246440741,1.001471556616054,1.0016362136919623,1.0031389258948793,1.0029048774864011,-0.00037507883028117816,-0.0006221164481774984
1083,16,5.755692958831787,-5.681819932446718,-5.256262801253814,3.3930615549198992,3.297239101317098,-0.0007110106631299052,-0.0009395369451362574,1.0017063808307716,1.001626847486769,1.002576307723538,1.0029398168827588,1.1074117830145076e-05,-0.0005886188843037168
1084,16,5.696346282958984,-4.194227127698928,-5.398107201586645,3.344305395239418,3.528403186666332,-0.0007776784528859943,-0.0009192180477562329,1.0016248585976189,1.0016501667881015,1.002885348705482,1.002938291918264,-0.0008243473935827251,-0.0006535836464536496
1085,16,5.744592666625977,-5.7823397512404835,-5.663175059654035,3.7345720411911425,3.774278686117078,-0.0011587054492553093,-0.0008841205415643363,1.0017169682282663,1.00169451245135,1.0033771631953838,1.0028617570277856,-0.0013837752915216216,-0.0006802514013516329
1086,16,5.605347633361816,-6.829611709824449,-5.945944779606369,4.162112183255182,4.007192372040423,-0.0009223016515779124,-0.0007903136611879334,1.0017348109693756,1.0017482444758001,1.0027591848157449,1.002666981719897,-0.00041739817364575986,-0.0005931443939781729
1087,16,5.4651713371276855,-5.953685365040848,-6.153476745339183,4.2625621049064994,4.184982484914979,-0.0005261547812661311,-0.0006783647570730632,1.0018555216405896,1.0018036621029158,1.0021379529221293,1.0024736963724887,-0.0001639299442787099,-0.0005344735743660799
1088,16,5.236385822296143,-5.524765621235253,-6.463646937863581,4.138752662794985,4.317217786504537,-0.0003400249596563494,-0.0006394739162817278,1.0018653630007737,1.001854710018476,1.0019871366923527,1.002443855141253,-0.0003768937184438947,-0.000616361041735195
1089,16,5.937882900238037,-7.27104033730492,-6.983966277535998,4.495010670928972,4.4358094477487375,-0.0007412593240536,-0.0007025007651750542,1.0017996884370377,1.0019116321689516,1.0025873988350575,1.0026028282637882,-0.0010607793269326517,-0.0007998802763924613
1090,16,5.990588665008545,-7.93544362466653,-7.523132215498577,4.522562574834684,4.525408086082954,-0.0009634231470015902,-0.0007899414294591347,1.0020675098772962,1.0019837191679173,1.0031770504314224,1.002799843238778,-0.00129101565477028,-0.0009587950020069739
1091,16,5.883784294128418,-8.293953787316767,-7.932470409606899,4.5664651742658515,4.574016421169434,-0.0009508161686699254,-0.0008249720864250186,1.0020475796440418,1.0020533483534186,1.0031461755568651,1.0028709791842068,-0.00051362401085652,-0.0010522050996565262
1092,16,6.998848915100098,-7.062130727493898,-8.238041820509862,4.578491254435919,4.572708294729564,-0.0008106926218498853,-0.0007960251523821003,1.0020657592413231,1.0021193566262034,1.002862742785417,1.002786723224105,-0.0018799142815730974,-0.001118697111965929
1093,16,5.794907569885254,-9.14481488531713,-8.525842681921334,4.505990952422695,4.510431831927508,-0.0006171853060424557,-0.0007442790223391076,1.0022822361957442,1.0021814299844904,1.0024443437908328,1.0026358118287182,-0.0009237295185014378,-0.0011102101172203785
1094,16,5.418553352355957,-9.054050660463302,-8.628909367512906,4.550414698611937,4.376829126411537,-0.0006611571634004867,-0.000714837111888403,1.0021442881211833,1.0022316244534115,1.002238482963141,1.0025345123931888,-0.0009182085844636939,-0.0011356406524932541
1095,16,6.020723819732666,-8.962486168387906,-8.523226942563651,4.171442845382962,4.174431335969653,-0.0007969428098949327,-0.0007102995386595489,1.0022595216209285,1.0022824077495898,1.0026032130936322,1.0025216505970223,-0.0007668110440065181,-0.0012821007995096523
1096,16,5.51060676574707,-7.455109838911823,-8.401557008893676,3.666065086245668,3.9606265071446236,-0.0007666970594639668,-0.000712874154331463,1.0023536461232718,1.0023244101734992,1.0029126086250575,1.0025329238671241,-0.0017960213781152133,-0.0015138775108486
1097,16,6.113256931304932,-7.721105131133792,-8.54866983553247,3.8111314763469895,3.782435500907785,-0.0006305010799306953,-0.0007309781065818869,1.0023990683302695,1.0023366754978382,1.0023297762562047,1.0025351517412093,-0.0022593392441242633,-0.0016442200435865513
1098,16,5.756071090698242,-9.598907158054585,-8.92073739629741,3.609653477739885,3.5955326596207295,-0.0008179935334373257,-0.0007890848832058764,1.0024514500542914,1.0023104584473788,1.002708038204237,1.0026061348140454,-0.001884917790396215,-0.001582909918042363
1099,16,5.766010284423828,-10.103320049095869,-9.202945538063224,3.8204014450672124,3.3419871202470315,-0.000650482638418389,-0.000887986051174215,1.0020041629744283,1.002268990735878,1.001958435306968,1.0027999322529633,-0.0004038007851565996,-0.001470230020335857
1100,16,5.6052727699279785,-8.996029434346712,-9.298123072831434,2.8032381408899787,3.00742142856076,-0.0012693981113384197,-0.0010115043437375908,1.0022708107749148,1.0022633774374132,1.0037811079932397,1.0031216304652306,-0.001573919021006111,-0.0015036966054407547
1101,16,5.672499656677246,-8.831206822280336,-9.416626001642939,2.5306893441230565,2.710618151796361,-0.001062827303767579,-0.0010924258235138467,1.0022942877198546,1.0022742498136197,1.0034037065924992,1.0033754887574615,-0.0015394978870128951,-0.0015796153338501514
1102,16,5.7312774658203125,-9.177564149449777,-9.697955436615603,2.4453995076964565,2.5292328979522023,-0.0011242843178822276,-0.001123822247622269,1.002532642637118,1.0022656421596412,1.0035662299812322,1.0035099135187744,-0.0026489214021264453,-0.0015306816705590574
1103,16,5.798888206481934,-10.88165497904541,-10.034785021856267,2.545337067473369,2.4622273178629475,-0.0010955108538583155,-0.001109806845799937,1.0020396101789983,1.0022291522875275,1.0033995889059042,1.0035382566848607,-0.0008222128343503046,-0.0012693851698829316
1104,16,5.8810906410217285,-10.890614166314226,-10.177876258331047,2.414974743366186,2.4749063363475994,-0.0012306672261964086,-0.0010512236250374025,1.0021973337518022,1.0022262190043822,1.0038077552708577,1.0034828579276172,-0.0006151869801855398,-0.0010177917092476982
1105,16,5.573339939117432,-9.454651132436702,-10.153595406982767,2.477375384597669,2.5471284299566364,-0.0008855179276975751,-0.0009582876115319279,1.002247878439739,1.0022782899216733,1.0033108171205025,1.0033525187071095,-0.0008032267814445232,-0.0009159012734581098
1106,16,5.594390869140625,-9.375027584188635,-10.217056695897126,2.749063922097212,2.641308025102564,-0.000644205454239444,-0.0008893732137158943,1.0023752457353483,1.002380940652367,1.0027783232483702,1.0032416231355168,-0.0011370542263851623,-0.0009369586017163053
1107,16,5.463340759277344,-11.13701961950433,-10.391733524214708,2.673034748218386,2.701770659457394,-0.0010979703373230547,-0.0008744251665134106,1.0025811864142182,1.0025175103053177,1.0036518480303371,1.0032199128805224,-0.001409455514504389,-0.0010036064270080496
1108,16,5.483031272888184,-11.15313163839881,-10.440687545795866,2.772021478900255,2.698933027847052,-0.0008846178814960726,-0.0008783780089451858,1.0024410431489588,1.0026722165130786,1.0031900157086127,1.0032425755846253,-0.0002200801816893681,-0.001124771913153408
1109,16,5.490925312042236,-9.68358185232291,-10.354368140286807,2.7260175194925536,2.6083406139400043,-0.0006168160818737719,-0.0009184873946152792,1.0030440215586398,1.002830732826618,1.0027496552212602,1.0033615842684058,-0.0015226845013985172,-0.001382370592721093
1110,16,5.511440277099609,-10.34242405599704,-10.35544186792016,2.3520699864468697,2.4357882409869096,-0.001211556937189533,-0.0010078381564686907,1.0030429700855537,1.002927325195222,1.0040600648169926,1.003598037991343,-0.002174985770322571,-0.0016145216468941546
1111,16,5.413830757141113,-10.520583841388243,-10.509298880170045,2.3176635877309635,2.223573493790259,-0.001118664707193416,-0.0010804404494004023,1.0029500777135396,1.0029547269628165,1.0037882366826252,1.0038113222624139,-0.001754234094934132,-0.0016764226387096643
1112,16,5.4158124923706055,-10.708251790494474,-10.824912051670461,1.8889413136846063,2.00433218397941,-0.0012119684350156066,-0.0011139373750843967,1.0029045465265845,1.002958832171037,1.004242586161648,1.0039567436652013,-0.0015936347721042514,-0.0016180749081755323
1113,16,5.5896830558776855,-11.094090076913995,-11.304513894306519,1.7838139142244986,1.8249155792435712,-0.000939730269252169,-0.001122135645720876,1.002814777706689,1.0029888695782228,1.0037121633438117,1.0040416308564768,-0.000897895850288248,-0.0015567497852833863
1114,16,5.897366523742676,-11.892461923346614,-11.897438696383553,1.6810279056211026,1.699604601401048,-0.0011234077290626704,-0.0011388655181640637,1.003266671875702,1.0030626743012097,1.0041194078441478,1.004136863062376,-0.0021879477152891317,-0.0015563371287924753
1115,16,5.997748374938965,-12.651093454637167,-12.477163126331252,1.611636746894111,1.6191222739642217,-0.0012437555636787513,-0.0011472494317176238,1.0030632155461559,1.0031546153024886,1.0043875584984807,1.0042312148980155,-0.0014421259240565392,-0.0015199376639869274
1116,16,5.861300468444824,-13.249574067714223,-12.91229182130799,1.567584003594082,1.5647082279353262,-0.0012935212650335398,-0.001118660683475488,1.003094663323996,1.0032808720856785,1.004537563551496,1.0042940789305845,-0.001196475626170178,-0.0014862460694701955
1117,16,5.606698036193848,-13.038227737570827,-13.149699496036341,1.6548152850831133,1.5141306721583505,-0.0008419724332342905,-0.0010659871848954653,1.0036468570814956,1.0034312119811206,1.0038825269312373,1.0043596292513777,-0.0016874441780645214,-0.001496433720729543
1118,16,5.412057876586914,-13.237122425910925,-13.244242681862046,1.444692309671414,1.4565147572981267,-0.0009823135182051225,-0.0010455329927308145,1.003611769141599,1.0035482328740644,1.00447096750605,1.0045111966942681,-0.0014997170305223618,-0.0015118081155428204
1119,16,5.415621280670166,-13.260845774719561,-13.241097870226085,1.406582823246663,1.4244294985478552,-0.001016444688815122,-0.001051643776063156,1.003590727439652,1.0036330177974544,1.0046372224702582,1.0046978005995277,-0.0014755070542255976,-0.0015304395498619474
1120,16,5.569674968719482,-13.433869700418446,-13.175994467971364,1.322327594980602,1.4562836492647953,-0.0013229173526898002,-0.0010380746468265402,1.003587287627567,1.003720497405191,1.0053810994497174,1.004813324464188,-0.0015697240001188624,-0.0015571409733921178
1121,16,5.738379955291748,-12.7460020515933,-13.110707114927589,1.4664572567809282,1.5732931558080157,-0.0010218868149912117,-0.0009647195360739271,1.0038698909508326,1.0038266804204459,1.004970715608415,1.0047738011108103,-0.001655771021378262,-0.0015792058480571442
1122,16,5.798245429992676,-12.709465953174153,-13.16152181724243,1.8106650856963584,1.7447667917007343,-0.0006078836000416868,-0.0008828180845940317,1.003932086617912,1.003925591766492,1.0041000783198308,1.004684543362247,-0.0014178361972997477,-0.0015894445969571666
1123,16,5.800690174102783,-13.624030585438211,-13.316976640519673,2.053896479553143,1.9013983722363812,-0.0007768615879781691,-0.0008625630652931401,1.0041799542804433,1.0039946762216112,1.004407824652392,1.004711575085946,-0.0020455928474502633,-0.0015921741662945146
1124,16,5.981908321380615,-14.063398090730383,-13.42146783718643,1.9709308872909463,1.9977007561326254,-0.0010710121611863354,-0.0008871039003366284,1.0039479031031606,1.004031030215625,1.0052000933235672,1.0048323496837683,-0.0014230820864483543,-0.001579662039341623
1125,16,5.819275379180908,-13.217119841824665,-13.428019899611563,2.0268776322689352,2.0383016744614726,-0.0008425727035559244,-0.0009058923618792515,1.0038888640961723,1.0040831170163182,1.0048557340570177,1.0049134060381972,-0.001000485165527469,-0.0016589711163378879
1126,16,5.731536865234375,-13.089394243100827,-13.492113435722036,1.94245214706098,2.030582171421989,-0.0010220337382803712,-0.0009127600029095575,1.0039860234343432,1.0041734787434675,1.0052420903590025,1.0049051218464988,-0.0017414244868497698,-0.0018738581458123957
1127,16,5.809680938720703,-13.765128244541174,-13.721741190461982,2.0090742200970437,1.9695294154606287,-0.0008780345487273437,-0.0009044784498417525,1.004691946913253,1.0042439421907177,1.0047238444489157,1.0047941911243417,-0.002983433397120466,-0.00204302227926414
1128,16,5.762551784515381,-14.01972219446422,-14.086954434039788,1.9265348847526678,1.8249355134870515,-0.0007613955174181138,-0.0009048320110501614,1.0043046391810992,1.0041977055586473,1.0043863540079199,1.004662068501178,-0.0019386465186150012,-0.001965819846166829
1129,16,6.030831336975098,-13.961740658672557,-14.534718791887752,1.5411188832614515,1.579810974563971,-0.001077210583432105,-0.0009268290648038926,1.00389810571274,1.0040698445920377,1.0049571865039746,1.0045733289801095,-0.0016607183873646129,-0.0017192168407666958
1130,16,6.1186323165893555,-15.312353323388761,-14.951193256691829,1.40221680042023,1.2487485116372996,-0.0007576987002338665,-0.0009483979311293281,1.003888449431297,1.0039500959274883,1.0039777305394753,1.004530780965993,-0.0012643349315325828,-0.001439839297209202
1131,16,6.333066940307617,-15.845219124273124,-15.071108734810661,0.915463886040593,0.8540206178921004,-0.0011855921285213727,-0.0009675412804345967,1.0038393948271611,1.0038798936257949,1.004825075944046,1.004590497904445,-0.0012656140296203211,-0.0012313394755102407
1132,16,6.057118892669678,-15.219963856530102,-14.751364241613427,0.3153528158999743,0.4655815176348468,-0.0009658068287497074,-0.0009524512703853275,1.0038432435511928,1.0038661888147564,1.004768708242886,1.0046888229071236,-0.0009389399323079429,-0.0011427771011301544
1133,16,6.085735321044922,-13.897867758027903,-14.13958182803939,0.14466091207037046,0.17168632965315034,-0.0007352845683155514,-0.0009223079871909783,1.003820540547157,1.0038976324330764,1.0044797978554931,1.0047957815410438,-0.0007410494058541233,-0.001204763253100928
1134,16,5.6363606452941895,-13.056756751273715,-13.563690402775174,-0.03087912367051054,0.01774147917012933,-0.0009352718536514484,-0.0009023183966555237,1.0040389559049996,1.003947161503609,1.0050105601100707,1.0048990180548156,-0.001752684447283061,-0.0013540059306955997
1135,16,5.637228488922119,-12.895607074949597,-13.274517356412288,-0.17826136601751488,0.025874301314711717,-0.0010737456175088074,-0.0008649654136079169,1.0042100590991596,1.0039699554720116,1.0054353264604676,1.0049057957098817,-0.0021545511573751127,-0.0014034195368866915
1136,16,5.56178092956543,-13.216679893194284,-13.316306318951627,0.1213795630195817,0.18497536786152488,-0.0007815404580040665,-0.0007953144381166032,1.0037484809928887,1.003962927175805,1.0047893414947071,1.0047759668895067,-0.0009186353857887463,-0.0013146408147867755
1137,16,6.034445762634277,-13.781602613860631,-13.567132746001544,0.6032142267370288,0.411203974009302,-0.0005163333297407203,-0.000745293008199753,1.003848578302862,1.0039884514554311,1.0040813034351672,1.004644962658421,-0.0007019815555351553,-0.0012844842063415795
1138,16,5.884861946105957,-14.184574561388956,-13.860225240831726,0.7370974984449831,0.599211910704599,-0.0007455679014287245,-0.0007615185682108898,1.0041294195095771,1.0040495266767284,1.004579995998831,1.0046512629294602,-0.0015127027866766046,-0.0013996938979583642
1139,16,5.823914051055908,-14.1619952414924,-14.110662602797914,0.7429204794678379,0.7072673457587085,-0.0008958204844673328,-0.000819059858397304,1.0041895712972173,1.0040960710071758,1.0048795469484169,1.0047584823562772,-0.001789713002539261,-0.0015483035573129987
1140,16,5.545383930206299,-14.191926736822868,-14.353056152100292,0.7219894890329646,0.7531420460646687,-0.0009225488932765714,-0.0008766989555184974,1.0041282523069128,1.0040991020799328,1.0049926640539522,1.0048751090579173,-0.001779218053809187,-0.0016275150971158782
1141,16,5.783935546875,-14.673860929128079,-14.64995218785176,0.7238960231323694,0.7736903008285474,-0.0009106264479245897,-0.0009192557833731695,1.0039837901476787,1.0040668535018427,1.0049612957700438,1.0049507361864325,-0.0013147912010694463,-0.0016295080565180554
1142,16,5.9828267097473145,-14.573448986862156,-15.018832819823547,0.7223578484936766,0.7948301675219722,-0.0009058656186110064,-0.0009512672976134061,1.004044346480796,1.0040175419449233,1.0049414738338862,1.0049822030519946,-0.0017193143861446577,-0.0015886208759593769
1143,16,5.99281120300293,-15.634311831402607,-15.438030565608678,0.8112682814847056,0.8191279151276539,-0.000991082776913868,-0.0009747739516411042,1.0039991284796967,1.0039480481520722,1.004980877074102,1.004975796725082,-0.001778987435848253,-0.001463821139716223
1144,16,5.742910861968994,-16.236688140204706,-15.767326446597743,0.8097571774069572,0.8226915159888077,-0.001074177251576785,-0.0009785954657844432,1.003937830245414,1.0038608529046393,1.0051191593195095,1.00492663355684,-0.0013781117441620425,-0.0012533730096584762
1145,16,5.863008499145508,-15.881926403017125,-15.9286473418225,0.8664743050295677,0.772736889152124,-0.000869229479125345,-0.0009604654077779451,1.003657606700091,1.0037819448320386,1.004691682989266,1.0048432082506185,-0.000469173475839575,-0.0010707925786260543
1146,16,6.199667453765869,-15.533049568477296,-16.000815275096627,0.7501866260535476,0.6390644468033213,-0.0008685607895768116,-0.0009420015835613204,1.0036188207490702,1.003755524305443,1.0045987088970714,1.004782491750544,-0.000836155910116355,-0.0010460364735025345
1147,16,6.211050987243652,-16.121919191169948,-16.049838076150735,0.45646811551438543,0.4275268209085018,-0.0011026138901057627,-0.000918755344268775,1.0039608305078502,1.0037834062372522,1.005041585670113,1.0047561754469174,-0.0019242390096444071,-0.0011184298272255697
1148,16,6.161045074462891,-16.879667579336044,-16.004024068067956,0.2206518817927973,0.18646034135844583,-0.0009115525874741838,-0.0008710708619813852,1.0036527877880366,1.003830314826916,1.0047033295661296,1.0047307776151826,-0.0006492908090934166,-0.0011785621368727095
1149,16,6.422506809234619,-15.62475520237227,-15.843774990508601,-0.20424025093623058,-0.01633587889915472,-0.0006743589218446959,-0.0008316170642904052,1.0039393177429092,1.0038903609038905,1.0045574851775123,1.0047420874602688,-0.0009672001888420661,-0.001301844041065231
1150,16,6.069080352783203,-14.656624766733426,-15.800799668828793,-0.22720787565955944,-0.11442676279631245,-0.0006861200563968581,-0.0008473605084541258,1.0040561304401994,1.0039213408256555,1.0045994398852403,1.004825431873601,-0.001808238481773658,-0.0014408736372544298
1151,16,6.44783878326416,-16.020626117649776,-16.021949104443003,-0.20641518475705714,-0.10231526310414402,-0.001042147053264134,-0.0009101164864524276,1.0039900170216642,1.0038922620384643,1.0052608041208757,1.0049430221042936,-0.002056532387550518,-0.0014384161407166311
1152,16,5.918097972869873,-17.08667549726377,-16.292958635036808,0.09960251894943435,-0.02985948121043437,-0.0010948661906974748,-0.0009612166146656423,1.003732182644581,1.003823493511908,1.0051511595741265,1.0049986233921009,-0.001139202558982286,-0.0012686512937267807
1153,16,6.0439133644104,-16.772531163635296,-16.373542790378558,0.10599349832857306,0.024064821892717907,-0.0009717252995963238,-0.0009786046881980295,1.003661373591481,1.0037671413225824,1.004931676744155,1.0049834239889488,-0.0006036577239733538,-0.00110408886449805
1154,16,6.159597396850586,-15.87607890703022,-16.295916677792533,0.09019639470832512,0.018717027843524997,-0.0008909490004487763,-0.0009901707059691942,1.0037544165484014,1.0037465662660074,1.004796656565267,1.004954500548823,-0.0009728480912158307,-0.0010850226728070602
1155,16,6.198581218719482,-15.669905778363173,-16.24206868908,-0.14956841862098097,-0.04665344806581573,-0.0009235334898453643,-0.0010245104850321453,1.003788346874508,1.0037467830262543,1.0048918277358025,1.0049531350053638,-0.0012211267933534705,-0.0011822533432292613
1156,16,6.316579818725586,-16.578359674502906,-16.255853798613195,-0.09567026623032161,-0.15289385644012357,-0.0011383495184924322,-0.0010724843587800808,1.0037075026926383,1.0037502638445528,1.0049566668959347,1.0049649018654268,-0.0014753107013781202,-0.0012981123979385848
1157,16,6.4860992431640625,-16.741443251170494,-16.20290053308472,-0.14357523206649114,-0.30197161467679334,-0.0012002056295644253,-0.001092279710471916,1.003830269876593,1.003749306710936,1.0049919992040721,1.004944678016677,-0.0015243272190287888,-0.0013512135151252116
1158,16,6.3067731857299805,-15.742091736585298,-16.040602346409244,-0.698065009392675,-0.4751021026461996,-0.0012362052602900408,-0.0010618586401530312,1.00379986076661,1.0037325751225186,1.0054076880644867,1.004843782281976,-0.001541770929203294,-0.0013279891082214287
1159,16,6.127303123474121,-15.453381250075017,-15.884892253972732,-0.6913666446565969,-0.6196345069167077,-0.0008175316016362534,-0.0010083460786625142,1.0035763383409453,1.0037141178628275,1.004398126756812,1.0046683622456412,-0.0009173326074720957,-0.0012941442369801596
1160,16,6.086467742919922,-16.128248158392694,-15.77032070931747,-0.5669083965208135,-0.7426577045291072,-0.0007695708832175536,-0.0010039309353759196,1.003662655784942,1.0037234256378749,1.003949557089694,1.004574380094884,-0.0010170252285672478,-0.0013628949489660003
1161,16,5.9556355476379395,-15.914554403005546,-15.606860658815942,-0.8275784989601346,-0.8760257146618097,-0.0012220938375748268,-0.0010587930016691734,1.0038608818912367,1.0037490484243585,1.0049015167969788,1.0046313505686022,-0.001780701494189965,-0.0015241642221851817
1162,16,6.135051727294922,-15.001822222015027,-15.403303002429412,-1.1088036038891513,-1.0003716151453903,-0.0010804572960178168,-0.0011106703691503008,1.0036965471843933,1.0037594183022422,1.0047491892265976,1.0047209658938292,-0.001506263227690993,-0.0016550067514279876
1163,16,6.112407684326172,-14.899685610143854,-15.258971517814782,-1.1474421301440643,-1.0764767285486063,-0.0012617674249410034,-0.0011271180965465146,1.003791496158149,1.0037477315300238,1.0050645051831684,1.0047622641459235,-0.0020655005630753416,-0.0016734047996116476
1164,16,5.953946590423584,-15.620290969313496,-15.1492527932879,-1.0276651281750009,-1.0992753048985806,-0.0011400649923970726,-0.001089175316582829,1.0038759357126645,1.0037001333073983,1.0047067728964285,1.004726009437181,-0.002045303296810574,-0.0015017176920261257
1165,16,6.34543514251709,-15.592398422120219,-14.94736761008253,-1.0492983254017962,-1.0876962041552174,-0.0011446278213087008,-0.0010199404834370757,1.0035039902203005,1.0036245873985035,1.004796657551397,1.0046744125746405,-0.0007795876683946933,-0.0012103276392251797
1166,16,5.76223611831665,-14.063536677176607,-14.69049482938233,-1.031714343167278,-1.041363419529768,-0.0005979105339618175,-0.0009773033778908862,1.0034814829383296,1.0035769996165647,1.0040633775348562,1.004695527274318,-0.0004488914694524619,-0.0010328791597562714
1167,16,5.6457600593566895,-13.997572650025095,-14.593135723592544,-1.1488791936726255,-0.9423919540397395,-0.0009198279225776281,-0.0010303851545965278,1.0035226099568773,1.003583742953547,1.0048765903446448,1.004863013634286,-0.0009050631542910614,-0.001072315156569081
1168,16,5.629273414611816,-14.829482867489112,-14.676568873850021,-0.7474386694370267,-0.7832316280425174,-0.0012742390842390666,-0.0011313609535233806,1.0037627996910086,1.0036279511377535,1.0052783563372625,1.0050648476538118,-0.0018336748170208006,-0.0012059435085501151
1169,16,5.794165134429932,-15.5250349030855,-14.739189034074796,-0.462064875831028,-0.6173827350112873,-0.001335426786532202,-0.0011796386013202492,1.0036424989791095,1.0036768002523315,1.0053061592436814,1.0051610398491095,-0.001204581512381916,-0.0012627070626677036
1170,16,6.176759719848633,-14.710974089253906,-14.641384706628674,-0.4945389121986626,-0.49129125773861837,-0.0013134752389349265,-0.001122771165102955,1.0036762067854905,1.003732287182695,1.0054686415546037,1.005090761131283,-0.0011352686714975497,-0.0012506584210685626
1171,16,5.8140034675598145,-14.015792056787069,-14.503379402405939,-0.4961347636778057,-0.40088186408731774,-0.0009180519922190226,-0.0009818528070197137,1.0038561931068808,1.0037921907930558,1.0048220732979183,1.0048829421400607,-0.0012936322464099134,-0.0012004526121949285
1172,16,5.890750885009766,-14.148318936499516,-14.489277738593412,-0.2750988230779695,-0.3383999231093278,-0.0006340120585488544,-0.0008420637651481952,1.003911945513009,1.0038398191413258,1.0042506165907852,1.004685924348239,-0.0012669374117066955,-0.0011109634170655427
1173,16,5.867285251617432,-14.927515856880811,-14.591982417754245,-0.3203722522949887,-0.320849626320874,-0.000804666053061733,-0.0007672355291516894,1.0038396523097481,1.0038795415427342,1.0046821300520843,1.0046241886688034,-0.0009574933656911914,-0.0010131083357958275
1174,16,5.866593360900879,-14.951723730855468,-14.688158352184756,-0.37730999365166495,-0.3531565005765527,-0.0007604214822314871,-0.0007554495182825814,1.0037019607344488,1.0039396845784965,1.004730590778214,1.0046886803854551,-0.00046818105216312855,-0.000988478148198155
1175,16,5.761088848114014,-14.671756088800365,-14.751537348062223,-0.38649150112803526,-0.4371067884660413,-0.0007569676020068205,-0.0008007269067892432,1.004286838244493,1.0040236213687588,1.0047408834549312,1.004858015052475,-0.0014786867276819673,-0.0010736274409318684
1176,16,5.791569709777832,-14.500133893202868,-14.85628399885669,-0.5927335008779137,-0.5779426624566351,-0.0007475820447218757,-0.0008980976794022787,1.0040874479551425,1.0040791007918584,1.0048748321010663,1.0051190439222217,-0.0010649592981169507,-0.0011725572185479827
1177,16,5.845877170562744,-15.279238140033385,-15.044573918590824,-0.6761869203432392,-0.7682263480274709,-0.0010776286337864935,-0.0010177995993994446,1.0041421742447896,1.004117794949719,1.0054871648187695,1.0054067025193638,-0.0014399554416065325,-0.0012664894411557367
1178,16,5.620651721954346,-15.48442251327333,-15.260439732051688,-0.9484307913450778,-0.9940965301923691,-0.0012900795047616229,-0.001084792333584463,1.0040335410954224,1.0041762061702704,1.0059448352563327,1.005577614500436,-0.0012136256998339172,-0.0013481044678963418
1179,16,5.813272476196289,-15.053828851193455,-15.510106415459958,-1.446791394691443,-1.2109618496734273,-0.0013193428420571927,-0.0010468969600765656,1.004226507338689,1.0042877919700552,1.0062180852328118,1.00552306661628,-0.0014871160940717833,-0.0014445553525444738
1180,16,5.925929546356201,-15.376555368520412,-15.852899506721023,-1.3883543092762713,-1.3710139320265733,-0.0006072102059389226,-0.0009418983130867637,1.0043348705515678,1.004438426726009,1.0046186365331593,1.0053092371431194,-0.0011822494469534706,-0.0015574391305190401
1181,16,5.962890625,-16.70322470169027,-16.188692522839304,-1.4475862287866914,-1.4968875755218605,-0.0007664406300669026,-0.0008821189112454163,1.0047935834905621,1.0045760061676983,1.0049389872658283,1.005192641355685,-0.001994148517167086,-0.001662298616487681
1182,16,5.833225250244141,-16.784661292049663,-16.275926220799317,-1.4627335030131605,-1.6309353751515734,-0.0009575642084417313,-0.0008899105993586298,1.0047879105027604,1.0046286426851976,1.0052452775887417,1.0052532479175194,-0.0021203043180881525,-0.0016486699166149892
1183,16,5.935123920440674,-16.47019171513139,-16.03239348302318,-1.802461958084145,-1.7888911068961986,-0.0009724366327396926,-0.0009320886731365749,1.0044935463344422,1.0045950048563286,1.0055182700484142,1.0054405249289808,-0.0010769733406883909,-0.0015147186707079596
1184,16,5.851896286010742,-15.04734563272567,-15.604968046631257,-1.8840186856657106,-1.932011469779281,-0.0008898322480487306,-0.0009905646159231222,1.0045096494768688,1.004531588240676,1.0054524122238566,1.0056881202335326,-0.0013022644194277489,-0.0013956128373236458
1185,16,5.780699253082275,-14.76114279801047,-15.270369293075344,-2.1860207334055,-2.0090659217791362,-0.0010711955374420282,-0.0010570245658990543,1.0045488195918368,1.004474509561086,1.0061403879264081,1.0059346779156866,-0.0015375594475784092,-0.0013221142234324478
1186,16,5.990699768066406,-15.37386686783524,-15.128023553832488,-2.0648083720132964,-1.968790304604788,-0.0012405290330522677,-0.0010963783146137778,1.0043056788236615,1.0044511518126746,1.006375579210986,1.006068252140094,-0.0011769042714308386,-0.0012795760948548238
1187,16,5.782248497009277,-15.492087266900665,-15.095755351666007,-1.7509388978172489,-1.8182270501664517,-0.0011179464601062344,-0.001081119112081885,1.0042994152061422,1.0044991461673833,1.0060556795729505,1.0060457114868195,-0.0009401808577509795,-0.0013049955322012052
1188,16,5.57155179977417,-14.914141693323637,-15.157287460731729,-1.6059007291480483,-1.6020423353128213,-0.0010144290782169805,-0.0010314395665585228,1.0046992971523014,1.0046022727761241,1.0058785389620688,1.005933885547171,-0.0014841922121246543,-0.001392662050353238
1189,16,5.488727569580078,-14.852128561877084,-15.418366387386097,-1.442540807377073,-1.3516934099264355,-0.0009380142459745639,-0.000988516266558541,1.0048492174994432,1.0046791719688335,1.0057976993622646,1.0058216504761464,-0.001771047769774289,-0.0014235117922910792
1190,16,6.437530517578125,-15.667745935135583,-15.893877349431023,-1.0042363605932858,-1.1018588517140484,-0.0007901158827824973,-0.0009870087220635291,1.0047161929151105,1.0046770936054543,1.005389482406826,1.0057793224620248,-0.001386639486299841,-0.0013066814745493378
1191,16,6.192396640777588,-17.171760661739697,-16.38337997753665,-0.7483339696645088,-0.9092114142135886,-0.0012455705760694173,-0.0010298256153687439,1.0046986319062372,1.0046077362206824,1.0061271687160804,1.0058367728516906,-0.001440021637382035,-0.0010746242516023515
1192,16,6.2059855461120605,-17.242540418327597,-16.63422832115133,-0.7369606107002514,-0.7970940904343611,-0.001004290793390148,-0.0010744103012706114,1.0043151124219254,1.0045144955434526,1.00575823826329,1.005929682878418,-0.00011676134374601558,-0.000837988242667859
1193,16,6.028095722198486,-16.202710768502737,-16.65780685191796,-0.817205575160742,-0.7292341491321609,-0.0010961896525693972,-0.0011229660049350979,1.0044891573914003,1.0044558898011366,1.0060774356900426,1.0060391181564188,-0.0008193073881766964,-0.0007685524616545831
1194,16,5.98903226852417,-16.17299673557666,-16.67117693044734,-0.7787496359707655,-0.6460915946237373,-0.0011485531811926681,-0.001170865834337471,1.004390220325254,1.0044403118528256,1.0061468262868514,1.0061196088091962,-0.0007203369561707461,-0.0008542443308122024
1195,16,6.03375768661499,-16.684081102108525,-16.76120700439842,-0.6709754844525739,-0.5203335557963706,-0.0012913181640444287,-0.0011984628458649414,1.0043383723008954,1.0044675632761293,1.0063677388231516,1.0061265711304812,-0.0009948962866166082,-0.001034448444170052
1196,16,5.74252462387085,-17.181560117087972,-16.823259387622684,-0.22469900840823145,-0.38294700328598474,-0.0012874683398734956,-0.0011843311135762305,1.004756574434595,1.0045149862957705,1.0061067757203488,1.0060448177350143,-0.0018566550750993731,-0.0012087437280412072
1197,16,5.669978618621826,-17.049720950079145,-16.71934406113084,-0.21222196394191986,-0.3082755195492901,-0.001052787807362287,-0.0011414320809050615,1.0045464216540387,1.0045357837751396,1.0057522478152652,1.0059389696673198,-0.0010871947878983406,-0.0013048276600524274
1198,16,5.724430561065674,-16.356617618543293,-16.44256631348071,-0.19940976653913856,-0.32546870546555645,-0.0009519606647165555,-0.0011148218507359411,1.004387872866776,1.0045491594855906,1.0055557387130816,1.0058965283202013,-0.000956688542111122,-0.0014313985522464065
1199,16,5.675053119659424,-16.142373327270185,-16.11028018469315,-0.38314157365135565,-0.41162656298814854,-0.001249636024169899,-0.001117231399358145,1.0044791888647437,1.0045838454562117,1.0061904006545477,1.005925038141428,-0.0015431558429652664,-0.0016425854470004037
1200,16,5.6621527671813965,-15.535577254372726,-15.84142497867288,-0.6279068013894632,-0.49496544256414177,-0.0010612647341833243,-0.001114203573795491,1.004806497737435,1.0046111299264298,1.0058820548120306,1.005932293053047,-0.0021649913631807665,-0.0018202891060810373
1201,16,5.709499359130859,-15.204630009548026,-15.734391833446681,-0.6508136585922387,-0.49540467184136394,-0.001092025364736715,-0.0010958132476106249,1.0047438208054853,1.0045723744464279,1.00593962641046,1.0058784988528582,-0.002302569518061545,-0.0018054336498117786
1202,16,5.908696174621582,-16.052210464740348,-15.753326116094746,-0.6386737378028188,-0.3842594552650919,-0.0012900106921614157,-0.0010456315338595765,1.0042657169218068,1.0044751436703725,1.006296515757198,1.0057336222275344,-0.0014578822597192623,-0.0015775367606644449
1203,16,5.963156700134277,-16.31864037610311,-15.696522876838815,0.19612295827551,-0.21101979902270718,-0.0007763553775389498,-0.0009605944119417875,1.0045242706822777,1.0043795905481334,1.004828160956307,1.0055257445670651,-0.0013018095475910959,-0.0012885496632788912
1204,16,5.94185209274292,-15.317636305133757,-15.459774533357642,-0.1380923700177792,-0.08407030235244387,-0.000883666749092501,-0.0008980394555774172,1.0040850118930038,1.004306182280451,1.0054925764075247,1.005406723200782,-0.0005219903950939688,-0.0010935159465809015
1205,16,5.982652187347412,-14.932841982354015,-15.140183057399645,-0.07826644686459482,-0.011471740465929407,-0.0009154584571816166,-0.0008768263338210512,1.0042036337579026,1.004286547531185,1.0055868449161518,1.0053657189319911,-0.0010165277130395347,-0.001098812576650629
1206,16,5.820970058441162,-14.846559834678015,-14.823099399393387,0.15084320845076984,0.00814581163050411,-0.0007164304688636531,-0.0009003520343326454,1.0044862093125966,1.0042896022054448,1.0049578122196383,1.0053817917060808,-0.001473703272966495,-0.0012313515258636683
1207,16,5.621227264404297,-14.892895865907839,-14.52186510236873,0.0747884862106882,-0.037264953625017166,-0.0009849419448555038,-0.0009684885390250324,1.004333102081882,1.0042573619696267,1.0053710657259323,1.005475062425759,-0.001419571708614804,-0.001368157931688271
1208,16,5.5752644538879395,-13.933977062362988,-14.27038636696817,-0.3723864569951513,-0.1120806302550888,-0.0012581820322726301,-0.0010286717295412177,1.0041047589930823,1.0041920503010378,1.0061405464430775,1.0055436801915396,-0.0015649908137530622,-0.0014586979573162542
1209,16,5.580803871154785,-13.849268414999866,-14.194231610917571,-0.17599423626713384,-0.15504245049562038,-0.0010010437666772049,-0.0010373954862728605,1.0041361651188738,1.004127909720797,1.0054478787900203,1.0054675113329172,-0.0014795977130021684,-0.0014955890362533346
1210,16,5.932783126831055,-13.971309648798034,-14.315003713049435,-0.2801888815032648,-0.17970823695844754,-0.0009958677797287908,-0.0010218400386688379,1.003956401610267,1.0040782873003191,1.005351081986876,1.0053046363959066,-0.0013699489922649613,-0.00150768468374004
1211,16,5.70662260055542,-15.217004984600996,-14.493063626694957,-0.0013258941509612396,-0.23438037019319696,-0.0009490906084007155,-0.0010138299053662424,1.004176031656755,1.004042961159579,1.0048463084645192,1.0051574781363248,-0.001708622379675209,-0.001516667249484969
1212,16,5.851483345031738,-15.083007193533826,-14.513098354096602,-0.17991504641284306,-0.3815339950256418,-0.0010021485355815741,-0.001029369916956575,1.0040135260203347,1.0039955259143465,1.0049303437146289,1.0051168774251498,-0.0013807226236427236,-0.0015158734634658684
1213,16,5.963442325592041,-13.827964976090788,-14.402629400129015,-0.6386375308385005,-0.603300525973198,-0.0010855658074324047,-0.0010602478046911465,1.0038758175768638,1.003943070817993,1.0052664196869423,1.0051660613104283,-0.0014323278188056964,-0.0015374855821595034
1214,16,5.849147796630859,-13.766681771471523,-14.376883922518623,-1.036088366076031,-0.8044229384084507,-0.0011415044492021826,-0.0010867772641956883,1.0037763049572468,1.0039034517837693,1.0055031454068675,1.0052143724329932,-0.0013510920952408798,-0.0015790953148882426
1215,16,5.85459041595459,-14.413706948582647,-14.473129596134589,-0.9546647893590301,-0.9027078368632527,-0.001030985801125418,-0.001099089185937438,1.004151279412897,1.0038656757046804,1.005086344721334,1.0052095474184477,-0.0023220971006302437,-0.0015783998734054496
1216,16,5.854729652404785,-15.580060534506947,-14.492838010666107,-0.7915243249235363,-0.8938319975883819,-0.0010546204288669557,-0.0011008287179258202,1.0037138979408435,1.0037964921287115,1.0049109055237262,1.0051862381139296,-0.0011482705087908676,-0.001452139049074015
1217,16,5.934449195861816,-14.382625094925194,-14.255835687333068,-0.8589797016315847,-0.7993732987360299,-0.0012521847422922142,-0.0010753785133776359,1.0036629149116194,1.0037342662920767,1.0055225186179764,1.0051422961825958,-0.0012168799692531898,-0.0013046367991296696
1218,16,5.739444732666016,-13.233650167508737,-13.921003195316088,-0.7370724112225329,-0.6180204036224752,-0.0011210428135235715,-0.0010001814513797874,1.0036351847323783,1.0037084844030866,1.005342752694,1.0050105376062135,-0.0012070423561252423,-0.0011972980792639366
1219,16,5.847477912902832,-13.165790474286593,-13.716066345990853,-0.32500175760099875,-0.3680227448115472,-0.000669808923527357,-0.000912439648743952,1.0037324948248474,1.0037148397248723,1.0043743110171657,1.004844387278332,-0.0009898042449704176,-0.0011421807620340414
1220,16,5.865263938903809,-14.10174005599706,-13.622868633747006,0.09612194662251747,-0.10580863313246051,-0.0006284454564538739,-0.0008816954800738078,1.0038188494165934,1.0037221977697057,1.004172947940034,1.0047932242713162,-0.001139757314014532,-0.0011359655745722382
1221,16,5.687199115753174,-14.18213354516171,-13.437546579573253,0.07718493082493164,0.13167332376523858,-0.0013164190312349232,-0.0008928644333821303,1.0036953130877033,1.0037065795929336,1.0056832533133016,1.004840131693088,-0.001417418684803168,-0.0011295468350986813
1222,16,5.8849616050720215,-12.76974867764949,-13.118932376981942,0.32211196013501386,0.3685015338678867,-0.0009101128533629765,-0.0008675091534050733,1.0036503087520976,1.0036741448694493,1.004910127351726,1.0048074278809298,-0.0010256188335007164,-0.0010857073204998814
1223,16,5.9164719581604,-12.172398730329009,-12.867949047679632,0.4664573350864637,0.6237088325003484,-0.0006403139170937726,-0.0008430524874673087,1.0035612959274762,1.0036331308436721,1.0045192664300542,1.0047405194966421,-0.0007578101830744727,-0.0010526513120194
1224,16,5.996633052825928,-12.938982541345762,-12.783446301430272,1.0709306591865126,0.8858598952683391,-0.0006474021462823342,-0.000887490704653634,1.0037362624772255,1.0035781079827901,1.0041100022556502,1.0047650786876832,-0.001265863095957037,-0.001060088738052161
1225,16,5.931660175323486,-13.135454676442142,-12.73682894819085,1.0893926898533968,1.105962003233403,-0.0011942168155107216,-0.0009919328768652749,1.0034195754223185,1.0034918708890692,1.0052781144857126,1.0048973593907324,-0.0010315093326181215,-0.001058657989542192
1226,16,5.751866817474365,-12.326961389362161,-12.623973422534144,1.255376822193247,1.2778990897611746,-0.0011267029080159147,-0.0010745893441331613,1.0033702889390856,1.0033941976280365,1.0051266369427663,1.0049670073414902,-0.0010660381541867552,-0.0010368398418992716
1227,16,5.714918613433838,-12.285330116568213,-12.451164943734307,1.2487553521993044,1.402792267570646,-0.001189214439436085,-0.001101216499311719,1.0033650188253735,1.0032929517510258,1.0052492507683588,1.0048825214026664,-0.0011554795075528034,-0.000992702293239983
1228,16,5.415958881378174,-12.579049634710518,-12.150148496166192,1.7018149379768281,1.461543943361702,-0.0009172059221757367,-0.0010759930894942607,1.003148849719628,1.003188674366555,1.004203296609796,1.0046594270666638,-0.0007376291334863544,-0.0009439459390913678
1229,16,5.832234859466553,-12.237256255877876,-11.612334463849157,1.5171791066584963,1.4045981340105953,-0.0011964211363364996,-0.0010218204235251055,1.003007015528628,1.0030992833748766,1.004568329262545,1.0044032330531016,-0.0008202748980097918,-0.000944675860555532
1230,16,6.045561790466309,-10.664154652105278,-10.901303765101853,1.1682702903034277,1.255823113860343,-0.0009507075030055944,-0.0009311616234275457,1.0030820540134149,1.003028480834516,1.004253391974108,1.004114982251299,-0.001058663670070119,-0.0009861870202950102
1231,16,5.643561840057373,-9.506619856180789,-10.28929639816785,0.9559577674288833,1.0863062355618978,-0.0006405593122825415,-0.0008390132514120062,1.003029114563477,1.0029524391416162,1.003579146125774,1.0038205629455026,-0.0011361363692376316,-0.0010104898624764718
1232,16,5.054052352905273,-9.856793448137465,-9.963755555800088,0.9565040199012684,0.9391473862531315,-0.000913802118947062,-0.0007841861077294108,1.0028770689613524,1.002862415952812,1.0038194491461305,1.0035814977715198,-0.0011914171045923885,-0.0009817500634204553
1233,16,5.847187042236328,-10.107327486710892,-9.840467983473994,0.823700604264849,0.8114777422048589,-0.00069208285467013,-0.0007555675274737894,1.0026606906931743,1.0027789182446865,1.0031783366485216,1.0034138634430638,-0.0006438074463876892,-0.0009262332655387178
1234,16,5.694100856781006,-10.09729228357749,-9.759177493679799,0.8112032367916971,0.6969018900802312,-0.0006669311685508986,-0.0007644421176000184,1.0027015937760235,1.0027242052564724,1.0030880664780892,1.003375326622841,-0.0006797130352978104,-0.0009275668285143238
1235,16,5.212726593017578,-9.495711308592576,-9.65915208449359,0.5021271612848242,0.6031158493061459,-0.0008800072750146082,-0.0008056878223247556,1.0027399868357958,1.0026836465396252,1.0036485929705914,1.0034484342164656,-0.0012145654480376024,-0.0009805775312387698
1236,16,5.19840145111084,-9.497537360669934,-9.59220006412489,0.5205380822386417,0.5661473352975557,-0.0008691846429026225,-0.0008449731443317196,1.0027336992392353,1.0026310659897526,1.0036147137756144,1.0035244293958572,-0.0011937264086855181,-0.0010002123244568142
1237,16,5.1778035163879395,-9.519719236968305,-9.575573097138193,0.5379064621456804,0.5943522775415766,-0.0008745915829938195,-0.0008665257862828068,1.0023992697964357,1.0025652174689104,1.0036078642581816,1.0035446628512303,-0.0006195882456076027,-0.0009740097272829601
1238,16,5.225724220275879,-9.35368676941182,-9.57782896099273,0.6241252602868272,0.6684060875716717,-0.0008627965488221615,-0.0008691651286926737,1.0026431194270344,1.0025093334434003,1.0035257128067152,1.0035013390315335,-0.0013022066017492654,-0.0009426656980400485
1239,16,5.302809715270996,-9.975306266135982,-9.523372725680337,0.8949684898687392,0.7432464904772841,-0.000889541138033502,-0.0008557980306411649,1.002360911364552,1.0024517062063503,1.003376410133052,1.0034166267049438,-0.0007261381639466441,-0.0008761575788072876
1240,16,5.339191436767578,-9.996692023520234,-9.295667835718312,0.9114160862990248,0.7670541453046988,-0.0008606853308628085,-0.0008306420069901415,1.0024483128044872,1.0024032389871467,1.0033029116364247,1.0033225288990268,-0.0008079909732449638,-0.0008202811936534382
1241,16,5.283381462097168,-8.155420352661128,-8.962164328665285,0.6111287308522546,0.7449777616345579,-0.0007650025486515187,-0.0008107011466365236,1.002477176802237,1.0023600303817917,1.0033242972037308,1.0032384742977882,-0.00103103480116157,-0.0008006460251031864
1242,16,4.979228973388672,-8.233975384539933,-8.787032054160393,0.6750745965003574,0.7300173884359872,-0.00070492060370954,-0.0008216708404163006,1.0020676773286452,1.0023348179998466,1.0029636454162207,1.0031812738741666,-0.00021193596694605606,-0.0008454254907091539
1243,16,5.275018215179443,-9.017428297818347,-8.784038505754134,0.7172863588264605,0.7389444623164717,-0.0008290266405683434,-0.0008671834362293687,1.0024567469415409,1.0023596235167815,1.0031075763835455,1.0031758118448992,-0.001280412810472643,-0.0010036150511262645
1244,16,5.406745910644531,-9.494285967008757,-8.73671568769713,0.7495856796391809,0.7576909884143636,-0.0012118325432154734,-0.000905267833278132,1.0023470964542853,1.002394955531855,1.0036944688748868,1.00317601903618,-0.0012771391945767877,-0.0011545541594048883
1245,16,5.335566997528076,-8.739103830496056,-8.518658552011917,0.9288370430659945,0.7599669955440979,-0.0008003590538858996,-0.0008964005535103505,1.0025803864318346,1.0024067096451028,1.0028232619158925,1.0031370884938426,-0.00138081133033475,-0.0012242592378502522
1246,16,5.141452789306641,-7.504995264732652,-8.282219825095993,0.7160111842282723,0.7287222837917199,-0.0007657319320141201,-0.0008882385119318929,1.0023555723168525,1.0023673075686963,1.0029966745868288,1.0031491719592285,-0.0010240354914875071,-0.0012129081746775825
1247,16,5.309435844421387,-7.709356646927305,-8.24757142334247,0.6810034882423089,0.6995470176043848,-0.0008039217238177744,-0.0009120068866073341,1.002231848265718,1.0023002609613372,1.0031052735269341,1.0032303997928518,-0.001131318195803129,-0.0011653754513662705
1248,16,5.385650634765625,-8.916922045127732,-8.354662224890848,0.5931115640233828,0.7159553385982793,-0.0012664883332901887,-0.0009423680580883137,1.0021931258292631,1.002233691109105,1.003939599475239,1.0033136264447822,-0.0013361670504724275,-0.001074520532349856
1249,16,5.3126912117004395,-8.971543195362655,-8.351248798281638,0.93134606847645,0.804605150245331,-0.0008514442326682123,-0.0009350473476522037,1.0022834482199698,1.002169448207439,1.0029821567377037,1.0033289855154226,-0.0009897123049533742,-0.0009277030065444661
1250,16,5.4127397537231445,-8.08959930520462,-8.171756901755542,0.9790248532944476,0.9615330859552386,-0.0005935723650010821,-0.0009341189221812516,1.0020510270984222,1.0021000638301711,1.0026921153419432,1.0033690399121222,-0.0002281615278716593,-0.0007983281928249774
1251,16,5.570382595062256,-7.431641645091186,-7.98904613343007,0.8679391414481306,1.2151979030394462,-0.0012326901328463611,-0.0009554556770963209,1.0019850618821902,1.0020476581793847,1.0042383147866354,1.0034105909675175,-0.000976647920690059,-0.0007552036486668927
1252,16,5.432807445526123,-7.591032693951623,-7.955833202460113,1.5284928548918688,1.5825178762204268,-0.0010557019812978121,-0.0009212281871532268,1.0020202606020492,1.002022945058224,1.0036100574644269,1.0032514062975175,-0.0009571124894676578,-0.0007074213460445141
1253,16,5.468780517578125,-8.49110685714301,-8.013627108828185,2.239222849589725,1.9681266621272469,-0.0007806954400269633,-0.0008244484648482507,1.0020479628923218,1.002012792141125,1.0026026974165343,1.002924486639161,-0.0005708691136443268,-0.0006081889576000528
1254,16,5.39025354385376,-8.48697324242479,-7.981657554449794,2.3666301212074154,2.2536285097386246,-0.0007179906108647902,-0.0007193637114165597,1.0020328073031946,1.0020010769208578,1.0025531931133413,1.0026168080959323,-0.0004780925904177345,-0.0005048089950956558
1255,16,5.593109130859375,-7.412719401123593,-7.842280619113631,2.432000067724038,2.4115330170177884,-0.0005150459027624778,-0.0006569247266859051,1.0020525352151202,1.0019851814066814,1.0021881856666788,1.0024365663266117,-0.00047921962186697406,-0.00045048950550432773
1256,16,5.5462260246276855,-7.4621106606626775,-7.743801094486659,2.4427609539318906,2.4736745318104814,-0.0005178799286224556,-0.000673016900118589,1.0017671833276574,1.001980732744242,1.0021822582570974,1.0024265038541433,4.144363093066664e-05,-0.0004891781533521956
1257,16,5.347919464111328,-7.855120909411256,-7.717712857107698,2.4224122797391465,2.4849248576363134,-0.0009044735353480038,-0.00074657721019255,1.002037581484004,1.0020102170156544,1.0028430225330596,1.0025269254020541,-0.000880009045384449,-0.0006298427690917351
1258,16,5.464367866516113,-7.945800647933788,-7.683878470064053,2.441930248059554,2.4769841191437463,-0.000925513699346441,-0.0008091102270179091,1.0021809525778596,1.0020362051775065,1.0028515045798163,1.0026069170124703,-0.0009925151784431947,-0.0007363175751452217
1259,16,5.290274620056152,-7.1226611516030545,-7.604910363197837,2.503582429530779,2.456237503005636,-0.000644946557054458,-0.0008398730192365724,1.0020498644344606,1.0020247170602916,1.0022522141656678,1.0026373144932115,-0.0006850762332199899,-0.0007313236398919685
1260,16,5.568085670471191,-7.592039026397257,-7.498797791872386,2.3657088983622923,2.416725321702341,-0.0009917927348518341,-0.0008520788430254656,1.0020326347727138,1.0019920286856419,1.0029261207284261,1.0026610203274773,-0.0009555333350353147,-0.0006354107556627623
1261,16,5.486830234527588,-7.712023656146635,-7.255901354508977,2.3734248615020883,2.360978422130553,-0.0009527290848903438,-0.0008162257727140416,1.0018360233798467,1.0019772448158435,1.0028479019992962,1.0026368500998022,-0.0003671180150976524,-0.0004997667130652841
1262,16,5.446587562561035,-7.376864578791057,-6.79319313348091,2.370236311150474,2.280267114827256,-0.0006523967561138285,-0.0007419123407173243,1.0019103828266736,1.0020230897003668,1.0023740654615083,1.0025927754649497,0.00011712002676376459,-0.00046216900035781394
1263,16,5.420516014099121,-5.595234476260686,-6.226206373422207,2.221778946119012,2.17295707771496,-0.0006382433069935889,-0.000685930605435538,1.002290154265135,1.002121696902734,1.002492111791326,1.0026272069148632,-0.000952830035700742,-0.0005973883776322069
1264,16,5.345485210418701,-5.681859441845586,-5.842196010323328,1.9830848600108038,2.0709522997119647,-0.0006538161505594516,-0.0006835861296280895,1.0020153051931695,1.002231544922852,1.0028160908881014,1.0027748593524557,-0.00034270301381079076,-0.0008135418584998418
1265,16,5.457118034362793,-5.570222131327479,-5.760572702747403,1.9812669304525292,2.021845637094009,-0.0006862114929503593,-0.0007454409155997486,1.0025082494301238,1.0023385407051943,1.0028855720634648,1.003013218424667,-0.001493067261992952,-0.0010482589794129388
1266,16,5.64060115814209,-6.06142545490737,-5.983710099114963,2.068631510372965,2.0456554169646095,-0.0008009291660641029,-0.0008639705499457469,1.002608495443395,1.002386030050653,1.003181483626283,1.0033120868437195,-0.0015103225446318367,-0.0011515793507986347
1267,16,5.661069869995117,-6.226434592357999,-6.446611629232538,1.8966077477333116,2.144225411888129,-0.0011567952669388265,-0.0010054792952080194,1.0022144027129076,1.0023713895779671,1.0040766078143928,1.0035937453066666,-0.0008805264256764878,-0.0011053116635683737
1268,16,5.462586879730225,-6.65617473695632,-7.076266255417555,2.3548098845814245,2.304022055718871,-0.0009961207074352986,-0.00112364689760135,1.0023529193336058,1.002362865625735,1.003511359483765,1.0037671572127147,-0.0009743021460691489,-0.001021377132203333
1269,16,5.288954734802246,-8.36919831787698,-7.703553166722376,2.489636656013901,2.439983845463512,-0.0013683176568453613,-0.0012043568365625835,1.0022873352676587,1.0023962738659304,1.0041051799450738,1.0038615903550518,-0.0008305944088370486,-0.0009657956276510838
1270,16,5.210165023803711,-8.346385115383,-8.062318559851496,2.6439378487387337,2.4678710624034434,-0.0011856764233633557,-0.0012179980810805664,1.0024847962276093,1.0024832053987216,1.003674191537642,1.0038823521180698,-0.0010210432488647352,-0.0009611374388245666
1271,16,5.703376770019531,-8.430539997932769,-8.091187097942328,2.500158171341453,2.3378497055456835,-0.0012308896773129195,-0.0011751655101676615,1.0025492013997377,1.002599392398773,1.0038782177697432,1.0038761783380699,-0.0007315218566358548,-0.0009874211907163507
1272,16,5.912315845489502,-7.42019943002171,-7.901405916534591,1.8846540818337125,2.074027059067637,-0.001132176972793424,-0.0010935150017734516,1.0028920034489734,1.0027083797109286,1.004101694275844,1.0038418939763545,-0.0014509133466919038,-0.0010133278428330604
1273,16,6.015331268310547,-7.502695074523793,-7.696195999071341,1.67588962801672,1.7508872466010357,-0.0009377766817571762,-0.0010083716519950136,1.0027635674168782,1.002772248819752,1.0037690364996883,1.0037818727071106,-0.0009571766873084543,-0.0009661939665479192
1274,16,5.511730194091797,-7.627807026331827,-7.543464225241201,1.7133894170591106,1.3919884443938382,-0.0006185286100578949,-0.0009658666975572161,1.0028154630460213,1.0028046376934245,1.0029012446256607,1.0037770757118818,-0.0006482488362490877,-0.0008864962312064486
1275,16,5.507113933563232,-7.591229860352398,-7.422412400803832,0.714454805287905,1.0091426996360073,-0.0014178317104038768,-0.0009662069683244177,1.0027781958777953,1.002831441362641,1.004825122027688,1.0038550983398158,-0.001054690425682525,-0.0008265550102638263
1276,16,5.805352210998535,-7.091805460796168,-7.3376624128304115,0.5358295613926217,0.6869103790239123,-0.0009252995626172583,-0.0009300407735411867,1.002816582364057,1.0028771085370187,1.003924907969437,1.0038420684060196,-0.0006340224164887694,-0.0007806383512466998
1277,16,5.508374214172363,-7.108952049662028,-7.335025833387243,0.5323933484659499,0.4302966541844599,-0.000630474731643253,-0.00089321226389157,1.0029953091809276,1.0029454110523484,1.0032604395047426,1.0038084370425244,-0.0007763372104189886,-0.0007851118736472401
1278,16,5.420070171356201,-8.056066425543918,-7.379938909723441,0.3772814343434637,0.18244838511471595,-0.000944274330512547,-0.0009050632187791637,1.0029567538163935,1.0030211837860656,1.003846241005489,1.0038836350856275,-0.0006073546237878838,-0.0008484834597993751
1279,16,5.230541229248047,-7.149603128118992,-7.401239081976976,-0.12934480736145892,-0.07725246347415689,-0.0010864037019285722,-0.0009344846843900225,1.0032055718724462,1.003095255160049,1.0043316912776483,1.0040269347729711,-0.0012709433051653028,-0.0009459291774605125
1280,16,5.24768590927124,-7.107429942013272,-7.505286035244135,-0.39510778853312767,-0.3033685578920749,-0.0008629552596955334,-0.0009544196036215629,1.0030386018254838,1.0031507935780875,1.0040849680285409,1.0041670283047033,-0.000766171116807891,-0.0010013424591600124
1281,16,5.0514020919799805,-7.966093624491687,-7.7384051795472955,-0.4070546919218255,-0.4592718745044575,-0.0009786562624505498,-0.000982873222048233,1.0033184822882517,1.0031925632297143,1.0042619750472537,1.0043219655505877,-0.001342545476506612,-0.0010058795501380851
1282,16,5.075832366943359,-8.447282742814574,-8.016253904837587,-0.4152621790421014,-0.5380061594827382,-0.0010409914609584097,-0.0010201757772632652,1.00328301581212,1.0032082981452508,1.0043664487467494,1.004502977710212,-0.0010804499598093733,-0.0009286187474696365
1283,16,5.312413692474365,-8.12816099002633,-8.33294458501568,-0.7703021674521239,-0.5126944062814589,-0.0010484665098023976,-0.0010595635695798793,1.0030204469987092,1.0032243812839052,1.00486589470735,1.0046835803190068,-0.00032019133533906657,-0.0008432767883861046
1284,16,5.309395790100098,-8.326420840141289,-8.826924554038875,-0.5055356590086998,-0.3324625622384948,-0.0010495234389232952,-0.0010998897925684691,1.0032648965855266,1.0032857781049316,1.0048432303920802,1.0048020386691374,-0.0007792972838988474,-0.0008592428820720488
1285,16,5.774886131286621,-9.346113222980856,-9.565776550559901,0.1007868026047633,-0.03333121077590477,-0.0012250388800830287,-0.001134084140280185,1.0035518877038396,1.0033761773379737,1.0049440601544568,1.0048474696853158,-0.001497635151905885,-0.000923325664670903
1286,16,5.791037559509277,-10.65664189032216,-10.422183813503455,0.29930114869961066,0.282472327367994,-0.001103217893578307,-0.0011449725102190254,1.0033262355386516,1.0034696836922212,1.0046584825580396,1.0048444379687997,-0.0006118089360393223,-0.0009588011382330091
1287,16,5.810514450073242,-11.48463584245518,-11.178637868613404,0.6525912284685065,0.5415507121590186,-0.0011547276295720227,-0.0011362291714444967,1.0035497810390648,1.0035819906155172,1.0048685954794894,1.0048363464264047,-0.0009740575200042761,-0.001033345740009359
1288,16,5.723820686340332,-12.052621878598218,-11.696650153648966,0.7481341082883338,0.6946353133063357,-0.0011456239390744286,-0.00110709083594003,1.0037209275802728,1.0036955887108205,1.0048737547151283,1.0048191165336635,-0.0011248263093729732,-0.0011472992325622295
1289,16,5.663101673126221,-11.940710979586358,-11.977840167821855,0.7719412431236073,0.732151448181658,-0.0010058906112805602,-0.001062267019960069,1.0039316797956315,1.0037739283117182,1.0046610792639772,1.004788498572439,-0.0014859081548428711,-0.0012541804073998985
1290,16,5.435059547424316,-11.746573189825302,-12.155117825660067,0.6383107699732753,0.6728137703813394,-0.0010273324029032402,-0.001015462928203436,1.0037147182015997,1.0037981691645488,1.0048160387857348,1.0047497543721986,-0.0012041407938342926,-0.001314051886969823
1291,16,5.580436706542969,-12.15781858996795,-12.344881805900403,0.537015799253994,0.5491718026405501,-0.001044070810259723,-0.0009667122662179652,1.0036827407996478,1.003794065545866,1.004867137867098,1.0046778703020638,-0.0012774487620630264,-0.0013488564116871393
1292,16,5.322200298309326,-12.75885961245079,-12.515661317622197,0.29489108325130087,0.38492573775663885,-0.0009786515460566648,-0.0009215161929375432,1.0039040616423425,1.0037643270898007,1.0047371963993295,1.0045739048632158,-0.0017317255012960088,-0.0013579733938468288
1293,16,5.566275596618652,-13.00668330201686,-12.564140929136512,0.36377452734398297,0.1899500549723852,-0.0009164207560847094,-0.0009152663629795137,1.0037403956722084,1.0036812324874678,1.0043257178131917,1.0045169086790666,-0.0013722300763978944,-0.0013396485425677055
1294,16,5.9432902336120605,-12.325336964257591,-12.485485414939546,-0.11162416901098753,-0.0421462162621383,-0.0010781480176659923,-0.001007935267401856,1.0034786402651572,1.0035579730768125,1.0048366154687662,1.0046383603707665,-0.0011813576573428148,-0.0014094668128355557
1295,16,5.765088081359863,-11.709032976970308,-12.421677367035084,-0.4808958903873387,-0.2755297849282573,-0.0009635344046582763,-0.0012698104140558305,1.003314575351713,1.0034315887750482,1.0046978420988195,1.0050377546567693,-0.0012097139838284053,-0.0017059944913364446
1296,16,5.99675989151001,-12.516842033911535,-12.445590228004507,-0.08311966488477687,-0.4977464215159639,-0.0006342135499511085,-0.0017689673604201967,1.0034644633761518,1.003310542712108,1.003495433809488,1.0058336477008625,-0.001724658393579005,-0.0022624265787584133
1297,17,5.84367561340332,-13.24705546214161,-12.402680254251125,-0.8418785023612831,-0.733763316331474,-0.0035208958693301947,-0.002397944889595236,1.0030776717851164,1.0031727030277244,1.0089072283549583,1.0068771202694684,-0.0035801024083487857,-0.002900149282847371
1298,17,5.814849376678467,-12.036028769067702,-12.173824847448678,-1.0670386261533766,-0.9074734935196136,-0.0032433671730479107,-0.002773001826217198,1.0030263523964758,1.0030258202937041,1.008483334980405,1.0074493251236798,-0.003719354441739358,-0.003294510634404832
1299,17,5.421271324157715,-11.415373993948661,-11.90985558033916,-0.9947831920168487,-0.9597025797203425,-0.0026741226334146915,-0.002829669992037482,1.003010486530935,1.0028583197334335,1.0071331012636822,1.007401893466396,-0.0035841444365148378,-0.0033369721904008935
1300,17,5.554956436157227,-11.623978389359918,-11.743505937078695,-0.768334836813632,-0.8953367910341237,-0.0023472047996625778,-0.0027360417759661514,1.0025287137883274,1.0026639425923805,1.0062428631591844,1.0070680895874722,-0.0025583998276876452,-0.003134617504633904
1301,17,5.45867919921875,-11.571415876298914,-11.618499027301032,-0.8571494308678175,-0.7335848486237313,-0.002432600772087348,-0.0026133863795723125,1.0025372008853872,1.0024767552821114,1.0064605850928312,1.0067055324738574,-0.0026989815169758623,-0.002864873055874551
1302,17,5.543253421783447,-11.415497807703916,-11.392595150681622,-0.46710662607383713,-0.4645120583171147,-0.0025511337205936834,-0.0024242015575925324,1.002315084758831,1.002303518004499,1.0063791109623634,1.0062518052162033,-0.0029303690177690765,-0.0025190066320658366
1303,17,5.790976047515869,-11.942422450231396,-10.899546166595956,-0.2777000064085141,-0.10952948058156448,-0.0030868362642463543,-0.0020479438387633582,1.0020311023087554,1.0021610640248286,1.0073804996793825,1.0055032326068432,-0.0026304992112070086,-0.002018435035408943
1304,16,6.051003932952881,-10.411054771391372,-10.062370593151941,0.6350444525386353,0.2848418952698802,-0.0007447952315783352,-0.0014766090401865128,1.0020632106099898,1.0020645522412996,1.0029566431794084,1.004432166138613,-0.00042639357323884534,-0.0014587703638970742
1305,16,6.053272247314453,-8.04264470054129,-9.174582295831607,0.6186401831464019,0.6431128418771774,-0.0007205711026334797,-0.0009985307622431437,1.0020499603971702,1.0019873596452258,1.003241097974493,1.0035263151349483,-0.001121255925541312,-0.0010930489116603636
1306,16,5.995547294616699,-7.962378999903259,-8.635114850555453,0.9381682296942543,0.9799067967613623,-0.0006389198335082036,-0.0007452971456622205,1.0019839903127583,1.0018965206708237,1.0028594059074023,1.0029602876298198,-0.0009771303991681142,-0.0009148859861778384
1307,16,5.85269021987915,-8.494941445014057,-8.476427609867837,1.190795100532214,1.3257313076141217,-0.0005960776912659661,-0.0007012522573897843,1.0016815483292256,1.00178450481195,1.0025714348702603,1.0027035251544196,-0.0006856273913047867,-0.0008531935021654652
1308,16,5.432797908782959,-8.97989939084876,-8.442830765244198,1.7605054404960188,1.6862183528849015,-0.0007611915125201645,-0.0007894030583550249,1.001721464162611,1.0016671405383237,1.0024553824756561,1.0026631846481258,-0.000982124111689621,-0.000845029872849312
1309,16,5.773087501525879,-8.755495474667011,-8.276106064355245,2.056036560993613,2.0283020294638647,-0.001211753765841091,-0.0008901269873678063,1.0015879594501196,1.001539592928231,1.0032159220842956,1.0026816242407528,-0.0011240647878421337,-0.0007916263901053263
1310,16,6.1288371086120605,-7.754107581921417,-7.927798048088112,2.3534690130052183,2.334387211220247,-0.001105414685230775,-0.0008916019912017192,1.001422562575863,1.001410183531623,1.0029955712996725,1.0025661139333397,-0.0007772544698229374,-0.0006507732711520108
1311,16,5.957706928253174,-7.363918253572848,-7.527544841431696,2.644990719948173,2.6028121087592173,-0.0007348058285386609,-0.0007952904808163146,1.0011658986872571,1.0013074557184483,1.0021857188133432,1.002304855320133,-7.494482317857716e-05,-0.0005035188036098556
1312,16,5.67437744140625,-6.813690194315038,-7.1775024874790905,2.7344144448406316,2.8429942691164323,-0.0005190141844573212,-0.0006870673797335651,1.0012348070909418,1.0012566337412943,1.001799197681863,1.0020471374614517,-0.000400746101106246,-0.00046194777219913806
1313,16,5.205543518066406,-7.114176565131362,-6.888605707676044,3.1378011663265353,3.0701515228496428,-0.0004447754858671329,-0.0006373190791635899,1.0012434917703124,1.0012390740605228,1.0014812953552485,1.001918846107612,-0.0004078785108803389,-0.0005123877592634527
1314,16,5.885866641998291,-6.868836334148964,-6.564164088392155,3.332035703908056,3.274334296592304,-0.0008114183320456456,-0.0006437129372082742,1.0014015270917305,1.0012189080647356,1.0022501594315711,1.0019238117358304,-0.000998151978184306,-0.000580943751480536
1315,16,5.851768970489502,-6.234780298900913,-6.175878949874244,3.4054916462094016,3.4635666767035462,-0.0008432072442464904,-0.0006409590708848268,1.001086905008852,1.0011739878787662,1.0023546086410882,1.0019290532873169,-0.0005942595214865412,-0.0005868696620577789
1316,16,5.8269853591918945,-5.666329130326762,-5.811665367735275,3.757386405569062,3.6645939205124676,-0.0004847150315209159,-0.0006150021877571965,1.0011603225068195,1.0011317773400372,1.0016255307749544,1.0018986297997314,-0.0004423102340355909,-0.0005692818934410937
1317,16,5.643778324127197,-5.265360850646841,-5.589679961686478,3.8837037483416625,3.897880117632597,-0.0003716744718620057,-0.0006167392190275925,1.0010150126906454,1.0011091677465533,1.001411281776456,1.0019313166939172,-0.00030345154548553987,-0.0005917439665087397
1318,16,5.488987445831299,-5.6382243252148845,-5.562483310579988,4.035582046556622,4.206890670013578,-0.0008431730141093393,-0.0006533149642772265,1.001125867941078,1.001117785177688,1.002451615512258,1.0020338068217185,-0.0008009874548997176,-0.0006567396000395326
1319,16,5.827439785003662,-5.466428394284749,-5.675972828882517,4.382928021897827,4.624209791624904,-0.0008346363032773653,-0.0006602207645247419,1.0012630148429742,1.0011426318099341,1.00250495731743,1.0020621856943588,-0.0011468571402105138,-0.0006782100455831209
1320,16,5.838523864746094,-6.045209404303187,-5.858576612646823,5.293205937514264,5.108388761255863,-0.0005461897950420049,-0.0006274393542049282,1.0010705763707093,1.0011731748798085,1.0017952989720227,1.0019984988147634,-0.0004350679179260657,-0.0006293830915987163
1321,16,5.928761959075928,-6.5091585776173995,-5.994565518559113,5.916296119328836,5.5443147481307,-0.00048735113487564897,-0.0006074656003085581,1.0012491205583482,1.0012286978318266,1.0015016963163563,1.001978630939666,-0.0003961113573581092,-0.0006242773036696221
1322,16,5.89115571975708,-5.750418932845579,-6.048749797018806,5.7840844010564245,5.883532126820539,-0.0003869208183590066,-0.000632063507192828,1.001311353237243,1.0013077500121035,1.001764483172488,1.0020736568305384,-0.00042852814159142924,-0.0007358060631865408
1323,16,5.948850631713867,-5.693242980618887,-6.1345025559941515,5.785247932489556,6.197708983902314,-0.001080768385619581,-0.0006713270017740477,1.0013513729413506,1.0014074997205868,1.0032750724932933,1.0021698051321946,-0.0012336962612463879,-0.0009287860021266549
1324,16,6.201584339141846,-6.624708898810615,-6.279506126092781,6.824273252559527,6.525030222884999,-0.0006742577795382629,-0.0006423115004556257,1.0015015263968772,1.0015235018435131,1.0018596428167383,1.0021064335078524,-0.0012737887361693727,-0.0010797648549020237
1325,16,5.941425323486328,-6.948961462197376,-6.3799036368669615,6.946908636111564,6.79271335071819,-0.00040340365845838356,-0.0005704280337931476,1.0016708068983453,1.00163284971266,1.0015156558001899,1.002017566524222,-0.00087730727596688,-0.0011491240923848338
1326,16,6.1156840324401855,-5.938168107220678,-6.444518787066031,6.733507490145753,6.997529374486715,-0.0007134822479837261,-0.0005090674669411979,1.0017663422508591,1.0017047028644042,1.0026277702409228,1.002009580015011,-0.0013392553667419275,-0.001157598871773741
1327,16,6.131828784942627,-5.840040030462618,-6.643366620719171,7.214966681108797,7.185737285620655,-0.00024220120311313126,-0.0004784316005209154,1.0017093802934502,1.0017227821967125,1.0016160079262744,1.0020638606509409,-0.0012381036632873842,-0.0010711607825886567
1328,16,6.282548904418945,-7.5557455526377915,-6.977530877923846,7.5867025751058765,7.338247203652601,-0.00026492082698218204,-0.0005296714195006105,1.001829325074854,1.0016912083974108,1.0015696920674446,1.002275621293504,-0.0008913068667491727,-0.0009021382293322383
1329,17,6.609358787536621,-7.964293128444204,-7.211955248108366,7.295645317576215,7.4433050884812335,-0.001011305845371333,-0.0006388384483451381,1.0015098617933829,1.0016249352188242,1.00343157031605,1.002599914527673,-0.0006133844923353031,-0.0007257648192790266
1330,17,6.311765193939209,-6.9208089658046354,-7.280160861956875,7.479647270935558,7.553615420924166,-0.0007168244817182057,-0.0007143894391713468,1.0014887563223933,1.0015700004748906,1.0029096867981175,1.0028128446630213,-0.00039272821991615463,-0.0006179809559667799
1331,17,6.13187837600708,-6.836993041863356,-7.360648946010237,7.622979379720925,7.6892571063376405,-0.000609145878238894,-0.0007594255689845838,1.0015334525537565,1.0015410555474564,1.002642460458261,1.0029005151833053,-0.0004343058513118413,-0.0006018397271796594
1332,17,6.0633416175842285,-7.505868261189914,-7.535015339320884,7.909034996169686,7.830510723573043,-0.0008201781413826691,-0.0007943535034823068,1.001770183591309,1.0015178387194374,1.0028960081945313,1.0029225305407299,-0.0013986882679916902,-0.0006077497775038724
1333,17,5.855634689331055,-8.177151779297755,-7.687459502349306,7.943236509258749,7.93702570507628,-0.0008983007410254298,-0.0007939530270083385,1.0012137984622742,1.001491511650615,1.0030180612211188,1.002861738056824,-0.0001181922533993321,-0.0005584393584137965
1334,17,6.1378254890441895,-7.761209790558928,-7.69107238712456,8.00537162997343,7.988847214931263,-0.0007185693137713368,-0.0007378224485308005,1.001568627622565,1.0015108566148307,1.0026312204582504,1.0026846796015247,-0.00036695306769069544,-0.0005808893137288073
1335,17,5.990318775177002,-7.228724510651272,-7.581994626277047,7.868024088276503,7.975655151252042,-0.0007316908131141842,-0.0006401481021620452,1.001501274763583,1.0015588506781223,1.0027469900887602,1.0024025279365196,-0.0006434983541905485,-0.0007047596807958723
1336,17,6.377285480499268,-7.183260893621448,-7.430169246358432,7.92099432459638,7.884220146269545,-0.00044995764038817095,-0.0005248788261691532,1.0016394097370978,1.0016095714727569,1.001938558525393,1.0020499584716283,-0.0012635513005760325,-0.0008507170904530527
1337,16,6.146146297454834,-7.780467759656578,-7.177912482662266,8.037053179074526,7.6707826875004494,-0.0002266676300934679,-0.0004381104335988139,1.00171554417311,1.001625454307127,1.0010693762050733,1.001759800454758,-0.00074790998043051,-0.0009348493779233012
1338,16,6.181434154510498,-6.885855639283899,-6.707109450741184,7.163739938434508,7.321811579744483,-0.0007241931707053213,-0.00039410068820925574,1.0016853938698884,1.0015803518737776,1.002310109312706,1.0016061838240482,-0.0013566433098471133,-0.000983164647761553
1339,16,5.911632537841797,-6.2285724208644355,-6.074217005119048,6.999530060244584,6.924558166051962,-1.5558095168160003e-05,-0.000362569645081761,1.0012065190241657,1.0014852740300484,1.0008197449922094,1.0015002884700774,-1.6928691587131707e-05,-0.0010257737104748528
1340,16,5.898963451385498,-4.951799234861892,-5.445992205083187,6.331983660093668,6.55222302470493,-0.0007662164808202207,-0.00036947008286645686,1.0016409842413874,1.001368048234222,1.0023297610498172,1.0014598177760696,-0.002306323309973365,-0.001113241529171605
1341,16,5.830824851989746,-4.9418849467310615,-5.011912134311143,6.370165374032193,6.2722721228338845,-4.378399957547802e-06,-0.00038968825249413325,1.0011517669633998,1.0012000237756307,1.0006116967881007,1.0014135757968856,-0.0005012275934324924,-0.00110693762644563
1342,16,5.837948322296143,-4.723920937712448,-4.816647870051136,5.938303388828494,6.098044683828965,-0.000506177086520446,-0.0004633410447344172,1.0009962415207,1.0010110490543676,1.001561750029395,1.0014428445549848,-0.001018710680072559,-0.0011095920492342796
1343,16,6.159343719482422,-4.16835086773882,-4.838382396108863,6.012235769264686,6.0438799004200785,-0.0005658286301397596,-0.000545590461233275,1.000687981145536,1.0008358584040287,1.001550057032202,1.0014577784534053,-0.0012538609678436482,-0.0011217730520601188
1344,16,6.167545318603516,-5.6559386819380855,-4.971266526821299,6.07414747402772,6.080145166895187,-0.000846883759482754,-0.000576639577774605,1.0007297008536826,1.0006898562988218,1.0018113044213826,1.0013503064272273,-0.0013532758222726796,-0.001079364440067485
1345,16,6.070744037628174,-5.785209923375132,-4.953019360758284,6.250562953327247,6.155006892959502,-0.0005437308893271446,-0.0005262420151057655,1.0006040829378875,1.0005460404606945,1.0010697189268685,1.0010835720351623,-0.0006379291473713406,-0.0009712581941307867
1346,16,5.664465427398682,-4.023424055710039,-4.738680398258856,6.191583433272035,6.219673140712935,-0.00033736839912748237,-0.0004477870046950948,1.0004786013104654,1.0003826352639362,1.000671103663151,1.0007644168329357,-0.0012793345114852333,-0.00085300398952219
1347,16,5.634612083435059,-4.503419414438963,-4.529506324054044,6.354435566891847,6.251518426166847,-0.0002387946565213314,-0.0004115152131473928,1.0001245985493596,1.000205835557263,1.0001292010786473,1.0005226794824384,-0.0003879787902164631,-0.0007334246417202291
1348,16,5.807530403137207,-4.42245182579982,-4.364031289016946,6.370993188714494,6.234403381007544,-0.00042302674844679197,-0.00044097483096732236,0.9999375988680531,1.0000498245419205,1.0002712713701432,1.000427203073502,-0.0004311419189393227,-0.0007023339036258832
1349,16,5.989749431610107,-4.158487653809024,-4.221273940567787,6.0557645836343985,6.192757543357969,-0.0005819274838982056,-0.0004956176709420682,1.000033584688243,0.999922184761807,1.0006387804448296,1.000404296358122,-0.0010795078972577433,-0.000753742289446615
1350,16,5.489823818206787,-4.131936550322161,-4.091463755805206,6.080696829594317,6.190798745261082,-0.000655530050144682,-0.0005223878220442449,0.9997353425815837,0.9997979799844452,1.0006850874073603,1.000319164827324,-0.0007172003243644073,-0.0007956961753552038
1351,16,5.273223400115967,-3.9570930928663564,-3.9534839559635153,6.256879401735985,6.25295553163349,-0.0004968094712704093,-0.0005036075516986123,0.9997120479333741,0.9996724718586756,1.0001174841937706,1.000125198385038,-0.0006967849826744943,-0.0008080025443668802
1352,16,5.526272773742676,-3.4673904036577428,-3.7945845161563843,6.474958536326343,6.358646732512411,-0.00036454896315975147,-0.000469839263517027,0.9995208477503363,0.9995327063875074,0.9996336164570444,0.9999090485347621,-0.0010820829338713703,-0.0007612933142422963
1353,16,5.28728723526001,-3.935408769699451,-3.5805274497946087,6.514471659117072,6.489023135875141,-0.00048547818844436224,-0.00045168209234343435,0.9994431843556032,0.9993726294882977,0.9997867353860711,0.9997621192760124,-0.0007468659533605463,-0.0006093483445322322
1354,16,5.491123199462891,-3.684082955931176,-3.2025732288733546,6.687470029266624,6.664388113763741,-0.0003599898461377374,-0.0004486213806894698,0.9992948536343292,0.9991913384129578,0.9994333302549598,0.9996900840729916,-0.00030167349663890407,-0.00040949838052760053
1355,16,5.748172760009766,-2.4847227371781813,-2.6789799780420425,6.798336847736241,6.924293892279852,-0.0004669869561555947,-0.00045571118008477384,0.9988599155200533,0.9990180014955372,0.9997265073056351,0.9996644357064042,0.00011040051021417705,-0.0002803208293944517
1356,16,5.932893753051758,-1.750422668066672,-2.1943600450178113,7.102589503691217,7.30790762934915,-0.0006614487646542294,-0.0004434946417833684,0.9987829131241674,0.9989080702229728,1.0001569126551935,0.9995820209041438,-0.00036613023025376874,-0.00028701450812787716
1357,16,5.557368278503418,-1.7203944193984815,-1.8774251922528622,7.799063401558408,7.801516013353329,-0.0002541050644348568,-0.00039560530608267504,0.9988996090340114,0.9988666469141161,0.9991827809612965,0.9993824161930162,-0.00023260245217001052,-0.00037112313784064927
1358,16,5.708734512329102,-1.4895974284641749,-1.6940156046360688,8.401618958912666,8.318811462834034,-0.0003907713617182963,-0.0003518888086426952,0.9989234008674687,0.9988509965540312,0.9991860407564385,0.999169658239971,-0.0009602535219453652,-0.0004571223042380574
1359,16,5.922727108001709,-2.115052104478995,-1.5106961090648117,8.985801981241336,8.763494206414212,-0.000413364206437508,-0.0003272186428943586,0.9987802092628056,0.9988248640533148,0.9990069663794224,0.999029953128628,-0.0004696702460944818,-0.0004709748343043428
1360,16,5.841309547424316,-1.8240597218369434,-1.1641887876650376,9.25636161665312,9.08180423662992,-4.080242793219517e-05,-0.00034398650092743864,0.998869460465488,0.998773710279705,0.9983387582316646,0.9990371112149532,-4.005259758134944e-06,-0.0004841568669422943
1361,16,5.95270299911499,-0.12847412484779375,-0.7105848515640262,9.225372466224384,9.307723103575388,-0.00044790869015679153,-0.0004306040517687609,0.9987333481220906,0.9986823536631988,0.999410872458892,0.9992055092802166,-0.0007191430291369898,-0.0005699657189305436
1362,16,5.920117378234863,-0.056355015386076596,-0.4107103626949059,9.310231900487612,9.539611890321748,-0.0006569820619450147,-0.0005301423190360607,0.9985880655021537,0.9985655313106233,0.9997395776973097,0.9993486500497637,-0.0007095052451760779,-0.0006653025098240023
1363,16,6.415194511413574,0.09787280610064683,-0.3717802089026463,9.690712701732087,9.846657088952256,-0.0006862557069728161,-0.0005773187062417456,0.9982848019726379,0.9984625927593151,0.999580778035567,0.9993187407960643,-0.0009539050978002139,-0.0007189625069528608
1364,16,6.037241458892822,-1.2265047790103498,-0.51407809346895,10.328560481030522,10.210301821878062,-0.0006801807924180493,-0.0005548825284975973,0.9984135401322424,0.9984106361439716,0.9992423046894716,0.9991222046862963,-0.0006847463561505505,-0.0007217999502313671
1365,16,5.574231147766113,-0.6316304825544211,-0.6471446942357258,10.644188806969272,10.557746063160929,-0.00031595348044133407,-0.0004966405396947503,0.9983511643123,0.9983966342028654,0.9985117150264196,0.9988811285027771,-0.00028209829287344874,-0.000734045585350379
1366,16,5.407501220703125,-0.18952071715378616,-0.7603147477795065,10.820749825682997,10.84733214912222,-0.0003134610945703047,-0.00046803571709267615,0.9984593137836759,0.9983918421807095,0.9984925540340729,0.9987440168266553,-0.0009827939839171294,-0.0007863529527391394
1367,16,5.479014873504639,-1.3476682921628835,-0.8462787204958615,11.24027510040671,11.071434258481448,-0.0005608953103847213,-0.0004747399197113135,0.9985149640267877,0.998358809611772,0.99869676154186,0.9987320464156525,-0.001318283756406787,-0.0007799724781270174
1368,16,6.295375823974609,-1.4818578477515512,-0.7538738260386734,11.230692934172726,11.234138877351793,-0.000533356304613605,-0.0004656370218897333,0.9981721074722648,0.9982904692875263,0.9988365213944266,0.9987541419922021,-0.00017525689985924017,-0.0006861029047167946
1369,16,6.221622943878174,-0.20754150039251199,-0.49938231689978685,11.243251217031148,11.390770692887916,-0.0005450748348516456,-0.0004096268225068292,0.9981900940441877,0.9982259810582549,0.9991231302649836,0.9986940218752064,-0.0004999558054686547,-0.0006248095320288992
1370,16,6.097162246704102,0.41965330513808463,-0.33250874667093416,11.29483088448607,11.598062596156437,-0.0002542443221841434,-0.0003125584413464491,0.998308403364106,0.9981792209547173,0.9986448183442312,0.998488899909595,-0.0008812263447974154,-0.0005984992594240768
1371,16,6.212809085845947,0.10767650087115249,-0.41336602632639746,12.026363269319866,11.845782574098468,-8.305738410506629e-05,-0.0002212177343610384,0.998007762919913,0.9981543455744976,0.9978458900528198,0.9982215249450215,-0.0007148569940698033,-0.000555902850302099
1372,16,6.067876815795898,-1.4630774369793158,-0.6153026412158553,12.198005884638217,12.034956853291334,-0.00019883008080898105,-0.00016464023931921982,0.9980807477273453,0.9981807839485393,0.9979611289180021,0.998025504038692,-0.0002700072330542419,-0.0005333413148509549
1373,16,5.936077117919922,-1.472103973425594,-0.6638202983560169,12.20476109503498,12.109888082606872,-0.00025027125455303684,-0.00012890164283834457,0.9982249160576587,0.9982464772307091,0.998060198608784,0.9979294303176118,-0.00018619513265230264,-0.0006158901241078026
1374,16,5.859490871429443,-0.10759448999641676,-0.5629011188605052,12.105515451996752,12.084727632074879,-6.776916319964796e-05,-0.00010935389837612102,0.9984691111591713,0.9982966411293738,0.9978545752992365,0.9979244838180856,-0.0010849833408828927,-0.0007882883659324785
1375,16,5.794865131378174,0.13176974059097932,-0.592013034276201,11.946330814526146,12.01645018093061,2.777378236773803e-06,-0.00013775154192267476,0.9983484737137891,0.9982756121233373,0.9978416735561555,0.9980315089953506,-0.0009719136652646462,-0.0009071419641600044
1376,16,6.091182708740234,-0.5018458918094431,-0.8965913118563301,11.88754291981632,11.970234144495533,-0.00020665219797153198,-0.00023148787063317927,0.9981747264729637,0.9981846604663992,0.9982690433745349,0.9982452033766953,-0.0013621948662371542,-0.0008923873037686837
1377,16,5.857889652252197,-2.017668036159686,-1.3339415324115544,11.978259779954577,11.984981343135441,-0.00043044497166974953,-0.00035950469808102367,0.9979707538708987,0.9980600447456176,0.9985932303538654,0.9984980768961921,-0.0005471697213175813,-0.0007420812723450372
1378,16,5.901338577270508,-2.259034668846914,-1.6391875822852209,12.089099792521415,12.068778773929214,-0.00033679835831809223,-0.0004778676891128275,0.998098259801336,0.9979338035369991,0.9983517382755981,0.9987224651385214,-0.00020485510852327827,-0.0005857075091858093
1379,17,6.568027973175049,-0.9787148961494326,-1.7751120971855314,11.993429489152465,12.222982009208742,-0.0007627740214040974,-0.0005517689607879055,0.9976533712330863,0.9978223865882574,0.9994634126251064,0.9988533637487819,-0.0005768300665406759,-0.0004991180952279098
1380,17,6.791581153869629,-1.6779459116204443,-1.8854335418930035,12.601221960149937,12.437014810579722,-0.0005567178755352407,-0.0005248991263045097,0.9976071693034362,0.997772716097039,0.9987634201096863,0.9987665213909658,-0.0005136569223102454,-0.0004326631856065519
1381,17,6.445095539093018,-2.645319165441759,-1.9009349550843155,12.60013744346176,12.643711616867394,-0.0006588991175956541,-0.00039739057089796954,0.9978750311204241,0.9977798755011491,0.9989572921788317,0.998496535463835,-0.0006154174076261298,-0.00033755178325249916
1382,17,5.897529125213623,-2.100194311290559,-1.6863859413164128,12.920394422843334,12.804436381732604,-0.00010899928786777751,-0.00021547499294227599,0.997990919396804,0.9977834023480758,0.9979127214709508,0.998159678727242,-0.00015491432583174117,-0.00021695955302706736
1383,17,5.980364799499512,-0.6752531389172806,-1.3555831014025839,12.960123374626784,12.88883999763115,0.00024674875189479645,-0.00010029577257036231,0.9976572496980207,0.9977567497368667,0.9972977714955994,0.9979949249185903,0.00020008638381474933,-0.00016137141474907303
1384,17,5.689161777496338,-0.8419302115831031,-1.1597236286451698,12.853730407184198,12.906647876015315,-0.00011886307942258807,-0.000130660202442025,0.9975895402948876,0.9977401965682448,0.9981480075949734,0.9981404405200176,-0.00016455836562958908,-0.00023348838484542502
1385,17,5.958288669586182,-1.3172894651259164,-1.137710116878326,12.881720942928643,12.895641997120224,-0.00030652789867866595,-0.0002637116952387193,0.9978950326564291,0.9977462975063841,0.9985527284791814,0.9984898904903812,-0.0007505626005894064,-0.0003685766034514364
1386,17,6.235049247741699,-1.5605725073035825,-1.1828274928734448,12.893906223926106,12.880708790120554,-0.0004571593894377037,-0.00042814119281773584,0.9977991307844593,0.9977417160901129,0.9989411073774536,0.9988882630095337,-0.0003895008590344794,-0.0004807926147599496
1387,17,6.443923473358154,-1.0564422319260227,-1.2499652090339215,12.824134538497738,12.878893637867684,-0.0006178640976712068,-0.0005678028199834476,0.9976672817771078,0.9977332840518502,0.9993817602813786,0.99920566976325,-0.00036279793326859727,-0.0005949247077204575
1388,17,6.302522659301758,-0.968658055587393,-1.4128375724957394,12.80468287911638,12.906035670926036,-0.0007714524931076666,-0.0006430638892109793,0.9976972801250524,0.9977528738739341,0.9996890620156158,0.9993476609068861,-0.0008366613144781929,-0.0007197972285662632
1389,17,6.421220302581787,-1.727033451552547,-1.6800399821783751,13.00698884772224,12.954060016938126,-0.0006142317840764167,-0.0006422041715985733,0.9979156514994075,0.9978120390292422,0.999188299300876,0.9993054275135179,-0.001411024332353851,-0.0007941475966512649
1390,17,6.781894683837891,-2.7064963483884563,-1.90929066166785,13.052187886831051,12.982923458445512,-0.0005943179161428258,-0.0005955392699041704,0.9975791534426288,0.9979078052592336,0.9991198900535712,0.999181950330104,0.0001433806026218679,-0.0008233669713808064
1391,17,6.317187309265137,-2.1739858858539565,-1.998222463981955,13.060581861629265,12.96631333647009,-0.000515095793970285,-0.000534674791512381,0.9982605096729895,0.9980402470314385,0.998965283019074,0.9990659070269458,-0.0009604232025198485,-0.000940891676712647
1392,17,6.577561855316162,-1.1931683917758171,-2.1026192250597546,12.8496641487733,12.910339365205264,-0.00038806955603628006,-0.0004871372399032255,0.9981927598787368,0.9981355339329255,0.998882852318486,0.9990102383202989,-0.0012137820867472455,-0.0010377458049845045
1393,17,6.862549304962158,-1.7003999813621933,-2.4237792102428646,12.750973684261968,12.851255428215982,-0.0004431588079063939,-0.00046661528654643,0.9982666174079992,0.9981685165960323,0.9990441846999544,0.999021856836944,-0.0019858016892507603,-0.0009516153346005833
1394,17,6.725668430328369,-4.199383805633055,-2.843325888052182,12.941803563198603,12.80655991076042,-0.0005849407690890348,-0.0004530885093160021,0.9980960149521722,0.9981562461820499,0.9991711630304841,0.9990623499012293,-0.00014252750255494776,-0.0006533246320844026
1395,17,6.702347755432129,-3.389639841704904,-3.058902027207047,12.757924567971372,12.769265950798907,-0.00046260296165253495,-0.00042189449537759536,0.9981419745414838,0.9981450283157904,0.9991892209059166,0.9990984773282587,6.255425951990762e-05,-0.0003987247380354094
1396,17,6.27191686630249,-2.659357005942256,-3.1503469741225487,12.707732930522937,12.76502636082733,-0.00024440241075004087,-0.00038969803321172196,0.9980396408840647,0.9981700246010126,0.9989330018186893,0.9991385729917315,0.00017648600194443135,-0.0003312481728305654
1397,17,6.803133010864258,-2.248579411898023,-3.3621870304732786,12.67401337583011,12.821792500454244,-0.0004825883603672745,-0.0003840950361618552,0.9982905342287675,0.9982506367875862,0.9994357634022121,0.9992106150847764,-0.001524956068595498,-0.00037544138216133097
1398,17,6.152554035186768,-4.3638834490070515,-3.725544568386419,12.974476316141038,12.937476121505687,-0.00030557321694295027,-0.00039744275331636016,0.9983437007347125,0.998367983306834,0.9990610892680769,0.9993017080903799,-4.3196850935186895e-05,-0.0003475443124645528
1399,17,6.531932830810547,-4.771066228500069,-3.9479778455081465,13.1554538310404,13.063875983421331,-0.00044711977480948057,-0.00043304299352372755,0.9984716178376433,0.9985030133388635,0.9993989374145184,0.9994315042892002,0.00011461193529597071,-0.00034612004142409034
1400,17,6.458451271057129,-3.5222796926760633,-3.919589386549382,13.105951222669058,13.160479312569768,-0.00047640155856987036,-0.0004734810285915172,0.9988552658987144,0.9986295397684061,0.9996473564617747,0.9995575740417225,-0.0008825698253738537,-0.0004240499859789654
1401,17,6.551749229431152,-3.605071567884885,-3.8040921886225116,13.168466919957266,13.213709895386717,-0.0005460027413583808,-0.0004986005885431376,0.9985133151902225,0.9987272653716214,0.9997381256216444,0.9996152759562903,-0.00022041253348385395,-0.0005035731557990922
1402,17,6.616092205047607,-3.69612917666717,-3.690122407724644,13.176341519547194,13.196661212173385,-0.0005138175638451008,-0.000493881249380451,0.9987615473567462,0.9988270013718346,0.9996832083057832,0.9995747442881563,-0.00045281658808533334,-0.0005918119051123581
1403,17,6.406460285186768,-3.433313014165643,-3.574750622702781,13.2418512744798,13.062726346332418,-0.0004097180547846882,-0.00046113790179544575,0.9991596040955064,0.9989062235021257,0.9993506499053777,0.9994591663843777,-0.0011372419942156466,-0.000633676911544382
1404,17,6.202720642089844,-3.5471422694621366,-3.4305681084015225,12.913568020682657,12.769543724316494,-0.00047520407484755763,-0.0004079299066789292,0.9989697893644043,0.9989256443262536,0.9993413701893378,0.9993259253560407,-0.0007604619774096874,-0.0005489612571718875
1405,17,6.152810573577881,-3.445867272450443,-3.195816505836942,12.312621545666506,12.340377014367961,-0.0005318657610225459,-0.0003326582236089207,0.9987354659989887,0.99892336081239,0.9995645001881747,0.9992081364700837,-0.0001753376325449805,-0.0004203694520044146
1406,17,6.212240695953369,-2.9895061259339095,-2.8545360993761224,11.889398518009783,11.855845375842783,0.0001815674687468902,-0.00026687115624062874,0.9989217364811711,0.9989562350099279,0.9982250271078287,0.9991636984270148,0.00029279587653933557,-0.0004173117421163769
1407,17,6.005053520202637,-2.117301972867911,-2.4902154249489397,11.191548397914337,11.40179881439742,-0.0003447437015216644,-0.00027532814094640085,0.9991435432311935,0.9990221280152837,0.999523312374149,0.9992908179950335,-0.001004700463025869,-0.0005918193253368038
1408,16,5.893991470336914,-2.135423998884874,-2.218912212315062,10.913717727221409,11.055567253738314,-0.0005716359280809361,-0.0003022942220189275,0.9990855431271322,0.9991028187025471,1.0000172567820762,0.9994376847746088,-0.0010437541494390567,-0.0007849471733431661
1409,17,5.85941219329834,-1.839119861361238,-2.0408466585295293,10.863724342770002,10.818551560546782,-0.00011395598441059085,-0.0002995259539046878,0.999051196109262,0.9992151460756195,0.9991159055107469,0.9994974656179276,-0.0006730450867155085,-0.0009343731417338276
1410,16,5.877176761627197,-2.2527010918499943,-1.8841986531857433,10.627424328722633,10.635483092530219,-0.0004210523929838038,-0.00029168393747114514,0.9992680331304612,0.9993670678740203,0.999815736503681,0.9995283450262106,-0.0008708764756837357,-0.0010689362326959492
1411,16,5.59759521484375,-1.5163378829772216,-1.6331931361359315,10.544877260557428,10.454356549454769,-0.00018252325239391225,-0.00027341859704794325,0.9997598652957951,0.9995041458452598,0.9993549526541058,0.9995304130277614,-0.0016485945900804365,-0.001136851296598936
1412,16,5.693999290466309,-1.7699129926540154,-1.2593912243366423,10.378498280537338,10.231490674065087,-0.00025974800308837024,-0.0002567651118256862,0.9995771154886196,0.9995482977745902,0.9994304487193378,0.9995469608540094,-0.0009825731846784186,-0.001044501444620902
1413,16,5.829535484313965,-1.0210364731553971,-0.7656395280138273,9.938528992740038,9.962477384503506,-0.0003703063318986723,-0.00023534623512591873,0.9997495526474796,0.999496443248321,0.999799721920807,0.9995791012763645,-0.0012523931896864231,-0.0008390580698701087
1414,16,5.921797752380371,0.19497454059450953,-0.32429978280883165,9.667023760887384,9.693972238186007,-6.350874904636113e-05,-0.00020696040544318538,0.999161341574545,0.9993940449672317,0.9994328444260859,0.9995948469979276,0.0001426015229298601,-0.0006204077033687243
1415,16,6.199269771575928,0.6334913349312035,-0.18647034772178894,9.264873836585679,9.474650410905301,-0.000241333266822609,-0.00020023208800605652,0.999015403040109,0.9993489602641891,0.9999044870277596,0.9996086833399044,-0.00010973762020116418,-0.00055260190294652
1416,16,5.761371612548828,-0.09654879649524607,-0.4032049129877868,9.35634270965283,9.32747594503857,-0.00021340695713951667,-0.00021343008782235477,0.9995748990311656,0.999392597730475,0.9995257071288539,0.9996246553637336,-0.0016286888127875056,-0.0005654850618069153
1417,16,5.855960845947266,-1.8822746986761936,-0.7176611170395213,9.410168132239692,9.213035182814458,-0.00015137257744050295,-0.0002461262481676697,0.9995642596344879,0.9994532478543782,0.9992916761789397,0.9997149883155223,-0.0003956153863143185,-0.00048090212110767034
1418,16,6.42270040512085,-1.5208750847148724,-0.8063242355275679,9.06523080503572,9.100351138444527,-0.0003470023480362844,-0.00029367404701084374,0.9995453359153673,0.9994993127877628,1.0000225758047863,0.9999108151104775,0.0003664857100891786,-0.00041038491765003633
1419,16,6.344909191131592,0.35838451196503596,-0.7319003475676099,8.871256519298301,9.018656371611437,-0.0002624971373660896,-0.00032622584212883414,0.9994492415380938,0.9995507700980492,1.0001646246801341,1.0001137758041452,-0.0005184788140060064,-0.0004647437847598376
1420,16,6.49301815032959,-0.34769213088215983,-0.7753485672409403,9.020400271721902,8.991186237067444,-0.00048547000105432465,-0.0003175728833895777,0.9996209131761922,0.9996421135161581,1.0004879523025623,1.0002294610676268,-0.0013672483648118497,-0.0005248355359369441
1421,16,5.950808048248291,-1.8426165367973122,-0.9176377368636455,8.931112164903515,8.997312268893063,-0.0005225896250614841,-0.00023884883850348518,0.9996298675392588,0.9997797549118047,1.0007299495355135,1.000205420055486,-0.00018533739514018375,-0.0004917830996365789
1422,16,5.302342891693115,-1.0101667697478174,-1.0054515259951546,9.085462366483545,9.009010203068174,0.00022570078742994496,-0.000126953631112957,1.0001546309983713,0.9999450467118625,0.9995048040321649,1.000108101967548,-0.00011309005168975374,-0.0004924425583345808
1423,16,5.385250568389893,-0.4019729245645469,-1.136499473113882,9.015130375856929,8.986383678894304,2.4090778220343468e-05,-8.897891783206878e-05,0.9999780363515847,1.0000890508441422,0.9999505194914022,1.0001338626214042,-0.0004752231794481284,-0.0005909988196866971
1424,16,5.364070415496826,-1.246132086718935,-1.4216400161199707,8.99189244746742,8.91146780256124,-0.00017160280675486018,-0.00013076923298751576,1.0002876677597465,1.0002101591969943,1.000341296801982,1.0003096381092693,-0.0013029387104835995,-0.0006966140431096035
1425,16,5.546609878540039,-2.3492936189201714,-1.7227880366190846,8.779785185148686,8.788123814948344,-0.0003528752223998626,-0.0001967820381772394,1.0003439957787554,1.0002943353894689,1.0007877641230225,1.0005575145710186,-0.000870121163312614,-0.0006994071906597288
1426,16,5.642025470733643,-2.5810481430911323,-1.8361665181594797,8.741571306602914,8.647663655111058,-0.00025944353482558496,-0.00024784173032881283,1.0002693779982477,1.0003474444484297,1.0006493341277758,1.000813226057852,1.1099457622235908e-06,-0.0006882586650369544
1427,16,5.726245880126953,-1.263883765006618,-1.7999469200449516,8.309332859789494,8.532566408129018,-0.00010423946717748301,-0.0002982248910573329,1.0003531294557564,1.0003911359272741,1.0009196970865921,1.001074898573091,-0.0003620290156687545,-0.0008006361292542509
1428,16,5.786353588104248,-0.7936083305119731,-1.8932265457694983,8.304666681598935,8.496706464438521,-0.0003735973423515497,-0.0003630914341337113,1.00049480292544,1.0004235947112357,1.001502491139415,1.0012954822648266,-0.0016361763327426074,-0.0009376705749430198
1429,16,6.303320407867432,-2.414470820553876,-2.2019160265319404,8.671089510875564,8.51712591173795,-0.0005112924099626532,-0.0003990615112671005,1.0005583989311948,1.0004305923453016,1.0014986316842704,1.0013828843882011,-0.0015387936737282703,-0.000864268395454306
1430,16,6.16641092300415,-3.275003919087938,-2.446221951958879,8.663137491568248,8.505568258325349,-0.0005861970874760752,-0.00035923057206982666,1.0001447474780594,1.000426396886684,1.0016452371875986,1.0013054785809183,-0.00015533631632589918,-0.0005769586317720899
1431,16,5.733455657958984,-2.712727808044276,-2.3861937642821456,8.506104775161106,8.416232489149719,-0.0002733512734371633,-0.00024764813837078385,1.0005431781542056,1.0004475008334206,1.0010751503100666,1.0011072438920412,-0.00022110504323716928,-0.0002940971100812814
1432,16,5.996517181396484,-2.114345983547202,-2.07076227827555,8.269122997691944,8.268788408031883,0.00018876939897804692,-0.00014652232335551487,1.0006204572972137,1.000463045060984,1.0003356517447866,1.0009398205534181,0.00027118538781144844,-0.00015214331554905402
1433,16,6.100887298583984,-1.0239262579350152,-1.7154912261596997,7.984614663762576,8.122610649515007,-8.21842054982938e-05,-0.00013757560572232576,1.000271960823231,1.0004627569825042,1.0008723555617858,1.0009244580883767,-0.00015577946152464558,-0.00020126739558673658
1434,16,5.886725425720215,-1.3624466219463107,-1.522521208102574,7.8716386646217265,8.033776379618836,-0.00031327274497337885,-0.00019863152316791999,1.0005185237753433,1.0004772061396425,1.001371524800392,1.0009926896877144,-0.0006492273269009718,-0.0003541143440344123
1435,16,6.024477005004883,-1.5359172104338892,-1.4770849174134029,8.125120516909607,8.004476466150294,-0.00022330610218291883,-0.0002742035420612562,1.0004577191454957,1.0004946929059084,1.0008465431332798,1.0010435635161656,-0.0002510119345941781,-0.0005001390924957322
1436,16,5.996696472167969,-1.2147152866770066,-1.4678465711348485,7.975545316661767,7.9859936440791275,-0.00038585817961947716,-0.00033590457496393463,1.0006074692594085,1.000499032311695,1.00116015677097,1.0010733407083616,-0.0010145703897963918,-0.0005969195939008367
1437,16,5.886066913604736,-1.8167815688981026,-1.369819662492754,8.00205470513799,7.952918579773396,-0.0004078585938533116,-0.0003525097538102824,1.0004734505794697,1.0004742371753605,1.001060659808439,1.0010542433426797,-0.0007738133529196497,-0.0005809060717486655
1438,16,5.97024393081665,-1.8979430908676538,-1.0198973906633078,8.006206284234105,7.889563808941801,-0.00036584949370489637,-0.00030833746089550226,1.0002907964692924,1.0004343622544547,1.0009821500021512,1.0009704166026787,0.00014283909301550843,-0.0005111862807778179
1439,16,6.044630527496338,0.0653839283308452,-0.4394385565929698,7.7335885175894585,7.803368333414556,-0.0002379140803245578,-0.0002128218271094896,1.0005376026731694,1.000390531953771,1.0009454300138996,1.000815448217301,-0.0008923210628324295,-0.00048789700042007646
1440,16,5.660521507263184,0.32968343630618513,0.08709435878970731,7.590964721177969,7.735733271405008,-0.00021654846646058639,-9.90201290752766e-05,1.000314967404785,1.00032126238737,1.0009655202501437,1.0005968039936872,-0.0005965475301110013,-0.0004576119560724057
1441,16,5.5170183181762695,0.39696594324806994,0.3799700872247761,7.815049151295415,7.704534892774295,0.00023264033161386215,-2.112402039444657e-05,1.0002278035642813,1.0002381016257698,0.9998518027433958,1.000390917474692,-4.57179882166099e-05,-0.0004502345224168927
1442,16,5.328340530395508,0.7265877188212981,0.37473207289543536,7.672042844721534,7.685889546454223,8.869665964133243e-05,-5.1864497784453485e-05,1.0001034197102494,1.0001609256294561,1.0001067903615153,1.0003565912611325,-0.0004408490997854953,-0.0005376229010000872
1443,16,5.736958026885986,0.46906049532825456,0.05957008216948945,7.660840553212365,7.678466085462237,-0.0001366362575154614,-0.0001815298586790531,1.0000510747716809,1.0001012313033324,1.0003977971834668,1.000490707600125,-0.0008230739860935543,-0.0006666794844704997
1444,16,5.506199359893799,-0.911747019326436,-0.4309369596527473,7.671098980916333,7.683851937369582,-0.0004892144034218722,-0.0003315965228154137,1.0002359418261582,1.000047296315694,1.0009295288859812,1.0006598669920963,-0.0010638322547198633,-0.0007332811416881614
1445,16,5.942263126373291,-1.074170292301031,-0.8448870045654063,7.679117459286107,7.696040144504285,-0.0005726023284818468,-0.0004107783449985795,0.9998791064161566,0.9999821442564921,1.0010169052430098,1.0007030871176417,-0.0006461558792020969,-0.000700230472879666
1446,16,6.015667915344238,-1.3344138342922367,-1.0683932056556227,7.791155167987609,7.702326687764451,-0.00042501038452806734,-0.0003865690671193561,0.9998113947689601,0.9999368148103376,1.0005639120735657,1.0005615169478206,-0.00024958524799151597,-0.0006430563918537516
1447,16,5.979480743408203,-0.9233924028155448,-1.1156843775089096,7.507841155417683,7.6905656990263,-0.0002918203382102982,-0.00029118508829509195,1.0000097940196544,0.9999163808639652,1.0004933989652867,1.0002935043719912,-0.0007385568808486598,-0.0006171862357238314
1448,16,5.569451332092285,-0.7943606693166401,-1.0844348629023042,7.817440883573931,7.660348108480006,-7.684156556308625e-05,-0.00018086743336948526,0.9998917022717372,0.9998871683903663,0.9997140723715768,0.9999972227408753,-0.0008066366465038513,-0.0005639610311361831
1449,16,5.253445148468018,-1.2987727911382059,-1.0111927529548543,7.7622213612028075,7.574841014928642,0.00013190688428778432,-0.00010676935273281852,0.9998705122619768,0.9998347465478757,0.9992272448940179,0.9998094676724236,-0.00019461080795858503,-0.0004509144985818712
1450,16,5.4248785972595215,-0.8404945669584151,-0.849832817290008,7.290176839099969,7.4479990608056115,-0.00031527736226463077,-6.798324442685726e-05,0.9998217678408224,0.9997561069538236,1.0002331724293128,0.999745847247162,-0.0006270854956328695,-0.000310470666811517
1451,16,5.326993942260742,-0.5393526614090971,-0.6238614097412531,7.232266909071009,7.354296209800078,-0.00014380500440114717,2.2285089703538794e-06,0.999563420103945,0.9996654301306078,0.9999628008043542,0.9996498223928235,-7.39955512170376e-05,-0.0001363420053600534
1452,16,5.129114627838135,-0.4723122144860244,-0.37030736178816287,7.269790759676162,7.323205014522666,0.00012594271682310097,9.927482466053974e-05,0.9996407131531615,0.9995925373974007,0.9994846777906001,0.9994983784396739,1.4160383106388312e-05,2.5105055025667563e-06
1453,16,5.254139423370361,0.01980690715823423,-0.10660695384812341,7.3687872479516,7.327938393676322,0.0003207774075387113,0.00015400307267712164,0.9994188649469562,0.9995435933088496,0.9990975183293378,0.9994070263643741,0.0003887944184311269,3.289539712512848e-05
1454,16,5.152072429656982,0.23943064561625602,0.1334019235714503,7.358938044162272,7.31768219661202,0.0002503301418969961,0.00010776455817192431,0.9995526832966264,0.9995222412010191,0.9992282433198472,0.9994868970154547,4.2797101813482155e-06,-8.070091303086718e-05
1455,16,5.291380882263184,0.5500127636540029,0.3571672647901758,7.354437335823979,7.2538587195554385,9.98868362484452e-05,-3.018471631878312e-05,0.999600297840065,0.9994981355919446,0.9994601082709916,0.9997265191330483,-0.0005846964000440642,-0.00025052787652455157
1456,16,5.612534046173096,0.10719421249986943,0.6326470237222614,7.254648272085266,7.122821695954367,-0.0004904582034975055,-0.00017992266926240825,0.9994177745205824,0.9994490348852945,1.0004236987311557,0.9999831947236771,-0.0006516373160353139,-0.0003591756853211679
1457,16,6.235118389129639,0.1817231540099706,1.0575464166625643,6.765660103815419,6.957130114953657,-0.0005401933759820834,-0.00023220930553209055,0.9994411863870175,0.9993857362267183,1.0008342474668077,1.000041566477777,9.304854172530575e-05,-0.00041316971592457734
1458,16,5.975410461425781,2.49724940701531,1.5151707886891244,6.6787474370019835,6.824599388194887,-1.1203675559674207e-05,-0.00018763216159191256,0.9991485288241511,0.9993215992745083,0.9996866857796446,0.9998619011136987,-5.3773611845890794e-05,-0.0005001666842326237
1459,16,5.785046577453613,3.0546086835293833,1.6618540347048771,6.770513698045301,6.735379430854361,7.584394346557604e-05,-0.00014929502631433526,0.9994889640830108,0.9992708650379686,0.9991337410579226,0.9996613682905894,-0.0019134785546309771,-0.0005463471593963893
1460,16,5.965855121612549,0.5936083774411604,1.4949491219953956,6.712178276460174,6.643770705520069,-0.00020874455565249292,-0.00017217142163091496,0.9990699810951635,0.9992161395543656,0.9995410081510018,0.9996220310528404,1.2939031202869797e-05,-0.00041020501841164056
1461,16,5.652472019195557,0.15861203664607004,1.4482974129890467,6.632529480749872,6.5090506970024915,-0.0002906877747798511,-0.00023103381325835157,0.9990483001624553,0.9991831617702108,0.9997656103259568,0.9997434207089589,0.0006010265246027891,-0.0003066228890274428
1462,16,5.452466011047363,2.0235989867696422,1.6883341976829311,6.4445877238956895,6.323673630293979,-0.0002740705770333939,-0.0002990496442595726,0.999497110137123,0.9991595160189529,0.9998665612303151,0.9999613913275057,-0.0008397398641709398,-0.0003564327118212971
1463,16,5.711691379547119,2.9030376307457386,1.9363788031547733,5.915590635933613,6.133526933021916,-0.0003137809895310983,-0.0003688320572713576,0.9988875006046336,0.9991063694875337,1.000326785010416,1.000205026418964,-0.000352812611496253,-0.00040295136143755423
1464,16,5.8377685546875,2.0031716507733885,1.9948272843506372,5.988141620194427,6.015693152558806,-0.0005232231012192652,-0.0004254251124897164,0.9992029156686584,0.9990647920321268,1.0005393799208833,1.0003844253616796,-0.0010973441220139134,-0.0003684952052239875
1465,16,5.990939617156982,0.9410249858471911,1.9940638855280086,6.028618912592826,5.986972340299896,-0.0004840667386373528,-0.0004422831079071775,0.9988293566361259,0.9990452653576877,1.0004507713338855,1.000451928729143,0.0005860938137163215,-0.0002542981245232902
1466,16,5.973845958709717,2.3930360666631803,2.0622930911143476,5.940395187791868,6.041903315724914,-0.0003451744314407415,-0.00042183434858545813,0.9992946627616472,0.9990673557411158,1.0003813126350136,1.0004169230001394,-0.00026304194449196016,-0.0002181223159690309
1467,16,5.902745246887207,2.965420314384847,2.0338452399410336,6.029663063102065,6.177833394556406,-0.000418789386284087,-0.0003808854627242998,0.9989429799842489,0.9991129873430918,1.000487235303822,1.000297653411517,-0.0004377477646612436,-0.00022209170405591827
1468,16,5.715138912200928,1.5946044044529024,1.8349202330457657,6.511155862324418,6.353081436241548,-0.00026537229659338385,-0.00031900782420009533,0.9992489287134213,0.9992038004418541,0.999897463159844,1.0001159489875686,-0.00037587104045191906,-0.00019470110715521304
1469,16,5.633525371551514,1.0751815421837427,1.6831204982441235,6.594077731175108,6.485217810569171,-0.00036750853497529215,-0.00023737120059854288,0.9993139887742111,0.9993302174238725,1.00008579507137,0.9999319369633729,-0.00010403139992014624,-0.00014790671842298777
1470,16,5.522158622741699,1.3742007596764054,1.744959766262427,6.549872903236613,6.538158015268706,-0.00013485129929158483,-0.00013355600263225998,0.9993948759585234,0.99948242191754,0.9997576203498105,0.9997643524076757,0.000360178426025083,-0.0001630536345790528
1471,16,5.329076766967773,2.550550096574755,1.9485450856132835,6.502804360919745,6.523126651871532,4.7739256538502265e-05,-4.183441655553776e-05,0.9997261330604532,0.9996420994926183,0.9995226767424784,0.9996626019295142,-0.0005881324707105406,-0.00028045015998758407
1472,16,5.274369716644287,2.147396761065739,2.105548116697342,6.445466197873039,6.461942268273308,7.914938449595348e-05,1.3063325848709838e-07,0.999871476573943,0.9997687344655427,0.9995331083646499,0.9996747487348608,-0.000528714971737903,-0.0003962169082897922
1473,16,5.193360328674316,2.1642523266848013,2.195496702550437,6.3601712467695535,6.369475271776084,-6.213182188720408e-05,-1.0200285761602163e-05,0.99979758310103,0.9998502491064764,0.9998999302053209,0.9997918240571542,-0.0005437754763450771,-0.0004748589958209781
1474,16,5.4126482009887695,1.7280971594304806,2.2573598233434384,6.346420021361403,6.252871938304656,-9.729649932598697e-05,-4.6824948920625884e-05,0.9997856747521441,0.9999102768095707,0.9999719324564784,0.9999565830178594,-4.439734001805078e-05,-0.0005541258302476778
1475,16,5.202203750610352,2.702386534455098,2.2810360269254275,5.951977156574079,6.1223847288058,-6.272070593361629e-05,-9.830822799617185e-05,1.0001965695657353,0.9999536426237453,1.0001947502101953,1.0001367880319356,-0.0009230641232738213,-0.0006642361814598098
1476,16,5.508993625640869,3.145940969409581,2.1191007152103465,5.924738229015238,6.003518984241886,-8.810700119943794e-05,-0.00017067341444504456,0.9998249550272407,0.9999608526853697,1.000240991937213,1.0003186339741712,-0.0010146349847222156,-0.0006992553584882031
1477,16,5.474266529083252,1.1532503655412583,1.8003875718240965,5.946014057306425,5.867514522890527,-0.00029366912299755993,-0.0002558471933261231,0.9999755567756041,0.9999708196421294,1.0005558814164386,1.0005022717592646,-0.0006480934337488669,-0.0006218050683286735
1478,16,5.601701736450195,0.8899910013367928,1.661843618949837,6.018761199031547,5.653020857889694,-0.00028193277513507395,-0.0003197135032780489,0.9998391942840827,0.9999995725498433,1.000302179789097,1.0006722400194281,-0.00014390119211621315,-0.0005175511545277559
1479,16,6.272512435913086,1.2908299647814372,1.8555170648823993,5.220865866391294,5.346107450749845,-0.000509556761702725,-0.00033066827219255983,1.0002964550560063,1.0000412924395172,1.0012436833164802,1.0007949038491708,-0.00041470278614223955,-0.0004761420802151576
1480,16,5.981546878814697,2.9047832493505856,2.197791578669058,4.790634776819093,5.0446733558177845,-0.0004841518686927168,-0.000261498918723283,1.0000643333864423,1.0000590690778384,1.001399004477279,1.0007579056471627,-0.0006310487879125844,-0.00046740380674537105
1481,16,5.669677734375,3.662558916513245,2.330787656917441,4.836927818295296,4.818925193516465,0.00023767208103368857,-0.00015195238343065418,0.9999088037487747,1.0000794193821092,0.9997749557662273,1.000601522396939,-0.0006070365955586285,-0.0004260431965147673
1482,16,5.605892658233643,1.481334494947301,2.1735134528049525,4.599099810312559,4.6540190126144685,-0.00018160704759129256,-9.226145080351851e-05,1.000161441999937,1.0001360483697497,1.000681896705437,1.0005295336318314,-0.0005691137679858712,-0.000346056360108722
1483,16,5.393038272857666,0.9995328134878853,2.060113546727515,4.617677508463559,4.517126336311793,-0.0001678644763313571,-7.494368132373019e-05,1.0001441120571153,1.0002117888500304,1.0006463106461954,1.0005483199459548,0.00043869405150681574,-0.0003078815615520527
1484,16,5.318076133728027,2.550590635583922,2.1264954663647893,4.339342919848327,4.367625942880677,0.00010509894122749991,-9.759335027998737e-05,1.000498705180036,1.0002787153133104,1.0003431186696083,1.0006554271128336,-0.0005126441329722181,-0.0004163829028864083
1485,16,5.6146039962768555,2.828819042754806,2.1489720468907296,4.2476972060837985,4.190487859322785,-7.83821998998537e-05,-0.00017822744546896688,1.0001366676405639,1.0003069582461266,1.0006828665982996,1.000866562045171,-0.0006816031791607015,-0.0005627531848695871
1486,16,5.468839645385742,1.7261829153381265,2.0089784959424914,3.9883824092613938,3.9741004551185344,-0.000461322606773196,-0.0002691520665405731,1.0003831272030244,1.0003187655506525,1.0014527538767939,1.0010902277980398,-0.0008546230172332821,-0.0006187919191565512
1487,16,5.632538318634033,1.6743361600151159,1.8129281496656298,3.762794753822208,3.723656572329754,-0.000662623552045415,-0.00029029111451416354,1.0003910339317899,1.0003057970782765,1.0018068730548466,1.0011809456900407,-0.0010365001202022786,-0.0005200793819271718
1488,16,5.423888206481934,1.5165224575128935,1.6198160609550272,3.2938210147498994,3.4564403671470263,-0.000392311853980938,-0.0002439751569218541,1.000219117517972,1.0002734885832045,1.0015101073492771,1.0011430730597495,-0.00016109621236755318,-0.0003269156788420848
1489,16,5.3209452629089355,1.7798371707437723,1.4145135962754343,3.1312643408581935,3.1901551246743294,0.00010062800326001202,-0.0002762643576582106,1.0002461709807235,1.0002547504396537,1.0006274508816966,1.0012351152181223,-4.434763991105669e-05,-0.00026686658910206904
1490,16,5.370983123779297,1.1750514968194958,1.1674960325926056,3.098377312615831,2.888926689306492,-0.000132143912076626,-0.000579361915778223,1.0001329083867847,1.0002711243378293,1.0009002730275829,1.0018327892127088,3.0676266122775206e-05,-0.0005370951739381297
1491,16,5.670879364013672,0.5880490158733691,0.9592919855359919,2.8427330265583066,2.5017262115562,-0.00047908455407237886,-0.0012000365813363172,1.0003321899675972,1.0003259691499047,1.0014782918611125,1.003070576828619,-0.0004888281710481766,-0.0012043312017854728
1492,17,5.386720180511475,0.5222321398741747,0.8733033362876533,1.857061303211648,2.066561399323732,-0.0029930650102427034,-0.0019550247101923933,1.0005532676839484,1.0003781147763824,1.0066303813509383,1.004610715813182,-0.0030168936090261447,-0.002079470729393287
1493,17,5.316966533660889,1.1618395206060859,0.8477881361826513,1.4331375462123648,1.7268608450473455,-0.002700935546447954,-0.0024884509156614105,1.0002140417441328,1.0003921505675295,1.0063387704656785,1.005715425806516,-0.002563692532564099,-0.0027842757131375123
1494,17,5.051520347595215,1.2858417304225338,0.6994682606772018,1.6406740792749428,1.5562421137374,-0.002587541527877402,-0.0027595465174784315,1.0005623857992438,1.000377498514651,1.0058576788813458,1.0062631909279145,-0.003887924535666411,-0.003184734588904041
1495,17,5.326961517333984,0.20112111076464717,0.3741817905699152,1.519745640003499,1.5173366998947544,-0.0026929191867755852,-0.0028735042630666364,1.000270621169413,1.0003137135983997,1.006129298085471,1.0064821493180496,-0.00312322000422526,-0.003212735556611366
1496,17,5.04449987411499,-0.5739502382309476,0.03562585374056876,1.7056745784488396,1.5774684967627768,-0.002744048059400078,-0.0028778998826620595,1.000250348094122,1.0002263014423962,1.0060928431128389,1.0064813149801013,-0.002570621241829678,-0.003020399522594661
1497,17,5.315516948699951,-0.07147310731914694,-0.213776695346462,1.574190546692888,1.7234481943402478,-0.0031551747946101352,-0.0027316902533053187,1.000088399807045,1.0001443576257547,1.0070750883078543,1.0061793120493137,-0.002974258454696328,-0.0027514309384054463
1498,17,4.994091033935547,-0.3063163898548293,-0.4882805246606238,1.6655301732061947,1.974535085112084,-0.003170793294042346,-0.0023676402907904385,1.0000052431228919,1.0000969457989795,1.0070355836094893,1.0054048615888862,-0.0028601183846707905,-0.002403010674675604
1499,16,5.276813983917236,-0.36103690620426343,-0.8908721272528949,2.507432331271423,2.2828731966518365,-0.000732501809698337,-0.0019226323813074796,1.0001461168401826,1.0000879887992353,1.0021540973698968,1.0044031852241535,-0.001489761277391141,-0.00204946202846112
1500,16,5.777127742767334,-1.6310741258210502,-1.405307878469283,2.8211613134342977,2.496960483944923,-0.0007273316362557402,-0.0017569431338243355,0.9999777405298642,1.0000889636848267,1.0019084498235553,1.0038896934753843,-0.000612341301451928,-0.001900207263807365
1501,17,5.199337005615234,-1.99727620825701,-1.8453699658925777,2.360089493374582,2.535737954002051,-0.003017900319729591,-0.0018371373486897216,1.0002417092192901,1.0000734615461249,1.0061562736447547,1.0038429844124195,-0.003413402763925764,-0.001924382720922359
1502,17,4.52431058883667,-2.309278240340894,-2.06495914601613,2.6576082156698546,2.4213648570218003,-0.0017737754268204713,-0.001817309754803731,1.0000108906908762,0.9999999372597821,1.003347920728146,1.003647264136998,-0.0016045902499407152,-0.00177644310586432
1503,17,5.177510738372803,-2.2013227217618234,-2.0105599153526144,2.1427249762079974,2.1620713317548184,-0.0017751294882396207,-0.0016766372011600371,0.9999022116920121,0.9998774939038991,1.0034861180933237,1.0033066435922808,-0.0015010405857210224,-0.0015108140186310618
1504,17,4.74367618560791,-1.4110248598494328,-1.7485398391911129,1.7883652576700677,1.8364265322657742,-0.001251075668956388,-0.0014889401721021253,0.9996843762885239,0.9997359806156122,1.002517438116501,1.0029304613575831,-0.0011662205256162913,-0.0012464792412029586
1505,17,4.663755893707275,-1.5972497881353616,-1.4034876836183168,1.4760117227721892,1.5337517796603806,-0.0012598137627581386,-0.001336692927913695,0.9996080934325939,0.9996101685009497,1.0024930451976788,1.002625363501914,-0.0008741331203009569,-0.0010759211296221404
1506,17,5.140910625457764,-1.0662694903732945,-1.0122090878525791,1.1668280854816127,1.31906667739857,-0.0014053255193701157,-0.0012179558264671414,0.9993480025978014,0.9995181352415596,1.0028174326298942,1.002352261334164,-0.0008142201114631657,-0.0010434010221224467
1507,17,4.9699225425720215,-0.4985217112814802,-0.6562843488154658,1.1744624560391,1.2187764918918034,-0.0010881035385582596,-0.0010976052789551682,0.9996135970139631,0.9994577387710879,1.0020464196264516,1.0020270388147197,-0.001405205537341113,-0.0010925050227401233
1508,17,4.5753254890441895,-0.11854563073390319,-0.4398004844864045,1.2931973039098337,1.1971307759325187,-0.0009306085799751926,-0.0009978856582081085,0.9993969834484154,0.9993812188375298,1.001546557618646,1.0017171328648393,-0.0010952287556649594,-0.0010963353348246536
1509,17,4.4842400550842285,-0.05789198647446913,-0.3862557566552519,1.2528316648640565,1.198284791421992,-0.0008345152915843176,-0.0009478047710068161,0.9992084977805752,0.9992825778405605,1.0012303770971087,1.0015216413232912,-0.0010817932982830644,-0.0010185351525856569
1510,17,4.48206901550293,-0.9473507223880847,-0.35676770442851385,1.1957878465766396,1.202818541476682,-0.0010117972499855375,-0.0009403199810815624,0.9992366741903642,0.9991685239483039,1.0015906984549936,1.0014517292325966,-0.0008378901548153669,-0.0008558482805109612
1511,17,4.652767181396484,-0.3330401035219568,-0.11598204793015066,1.153934108680483,1.2196998900493794,-0.001114555940491749,-0.0009268450018225046,0.9991772825653402,0.9990260719685854,1.0017985705534185,1.0014078218997702,-0.0012172582830765669,-0.0006266987410085375
1512,17,4.643533229827881,0.08709205269308173,0.3631565686614739,1.3456549880886985,1.2543507316889977,-0.000881538287888542,-0.0008919022782200427,0.9986498703215918,0.9988744185748575,1.0012508527466086,1.0013504877369088,0.00033032369983699634,-0.0004025381644279278
1513,17,4.344903469085693,1.206920376361205,0.9486540624488841,1.3196968210442876,1.2958947527636688,-0.0006963334000166099,-0.0008941252351567005,0.9988005306373142,0.9987737182096977,1.0010157321095972,1.001386537226485,-0.00022125405486712454,-0.00040159490137724603
1514,17,4.625764846801758,1.7991968983256426,1.4122670954875556,1.3190051622149992,1.3630139384742175,-0.000972277481046305,-0.0009868895976175309,0.9987027955143515,0.9987184909342641,1.0015930204535861,1.0015871982487634,-0.0007664520329492678,-0.0006115641614699669
1515,17,5.017770290374756,1.6330450902624865,1.6329908303455491,1.4931273348871137,1.4876431961686052,-0.0010960056783585633,-0.0011469545485062063,0.998691213226502,0.9986914157092565,1.0017654402250402,1.0018757825929427,-0.0010015669999594724,-0.0008996644761645105
1516,17,4.990414142608643,1.3002888519743627,1.6555221306162295,1.5988047057920192,1.6883503442812542,-0.0014538806773091676,-0.0013226702031252575,0.9987179665405642,0.9986719358902151,1.0024926547829096,1.0021331790222405,-0.0009289872224444408,-0.001181753376274582
1517,17,5.045024394989014,1.9432601316940816,1.5285895665212448,1.843507614241597,1.9737109871786909,-0.00146286448113216,-0.0014546929178447406,0.9985998180812236,0.998642050958627,1.0023579477552673,1.0022336823872384,-0.0015295931613931156,-0.001401412688895386
1518,17,5.002972602844238,1.5570443374224658,1.211948270871638,2.3741838375282365,2.309747975571223,-0.0015707517854502482,-0.0015262234164053548,0.998699836020877,0.9985962817554831,1.0021848075265445,1.0021796628798705,-0.001954206157562047,-0.0014332307776361295
1519,17,5.083518028259277,0.7331122933665897,0.8100321373568752,2.7100318599388444,2.6145416029742954,-0.0014773265135794751,-0.0015388340472129475,0.9985707307285222,0.9985275075719517,1.0018674445373579,1.002049298684647,-0.0012939230002650245,-0.0012204177839964733
1520,17,5.008975028991699,0.13669640131953179,0.5786076846200193,2.9405576699404037,2.8258105795089703,-0.0015713377778938482,-0.001505132246354022,0.9982731900199396,0.9984651875012124,1.0019031169005967,1.0019175836021235,-0.0006307177154638301,-0.0009075279858981981
1521,17,5.114697456359863,-0.0710330460685096,0.7380179545607997,2.986013168065905,2.9304701990284707,-0.0014770280177965936,-0.001425961236502416,0.9984625031139052,0.9984461183208979,1.0017855379064036,1.00179506325937,-0.0005057893516003016,-0.0006863667199542289
1522,17,5.232292652130127,1.2980170906149358,1.2756143024649895,2.8477222730899077,2.9690620807047305,-0.0012500323514723205,-0.0013245645966747102,0.9986085462308358,0.998444658941225,1.0016913184593792,1.001670448553574,-0.00043529413537792526,-0.0006418893732014943
1523,17,5.2132697105407715,2.6234766226100765,1.8595065278309373,2.8438460249839834,3.001144133316834,-0.0012896890477690076,-0.0012414029915042107,0.9982566896193533,0.9984381110747269,1.0018205246458793,1.00152965349967,-0.0006051932706746017,-0.000753848717926827
1524,17,5.057684898376465,2.9776236440672856,2.160996876798389,3.0561509900450607,3.0356522854712953,-0.0010119549115016188,-0.0011998441700681016,0.9984781078808695,0.998446081193842,1.0010892665152489,1.0013901008673036,-0.0012466054612122464,-0.0009021088602864153
1525,17,5.0121026039123535,1.887501199872458,2.1890192693529213,3.1885674673874655,3.0184756684412197,-0.0011609132748425786,-0.001217043370847846,0.9985982772609959,0.9984424072987608,1.001058175516687,1.0013451868885637,-0.0013465246986805036,-0.0009275285207015635
1526,17,5.12428092956543,1.4590971109495376,2.2783941870935354,2.9913116208068073,2.9040768081262343,-0.0014355925942720132,-0.0012434881027447461,0.9982857829458928,0.998410206831903,1.0016020579763925,1.0013826608184278,-0.0006130778204678524,-0.0008158398690664381
1527,17,5.292903423309326,2.2702698439653557,2.6579490628744287,2.773258062468975,2.716228909623112,-0.0012785787319058864,-0.0012101601847910282,0.9984128954627591,0.9983794657582717,1.0014651520774493,1.0013819173645784,-0.00039524099272004315,-0.000712896880599801
1528,17,4.926947116851807,3.6302124009947785,3.211132432045994,2.305293370601267,2.528981675397082,-0.0011329043514534491,-0.0011159270068102057,0.9983807414896069,0.9983533953192089,1.001495864670316,1.0012806898778295,-0.0007960389895467411,-0.0007035241744586673
1529,17,4.817140579223633,3.9158024062476517,3.6541644785127945,2.3864507591217934,2.423699994953702,-0.0009483632863732589,-0.0010013814878334353,0.9982937539668111,0.9983382640713202,1.0010164361426819,1.0010834937263662,-0.0006563068433477977,-0.0007540823076120182
1530,17,4.913138389587402,4.200589017371734,3.842281807176293,2.3537806809413726,2.403873233797273,-0.0008804570717306324,-0.000914258591701991,0.9982800128101998,0.9983489258310577,1.0007996370473982,1.0008723735190492,-0.0010238169425030455,-0.0008277588927470855
1531,17,4.8675456047058105,3.608907342955849,3.7936506337325815,2.438583088171481,2.4353159632536245,-0.0007994248955085857,-0.0008817721336774928,0.9984218493607517,0.9983805656204624,1.0005546393089442,1.0007179482766762,-0.0007678532885168864,-0.0008782974846693926
1532,17,4.7411394119262695,3.5854588007265713,3.6608083704427763,2.400431053364007,2.462982943614829,-0.0008883420580377568,-0.0009070107455487029,0.9983913662549287,0.9984035596666522,1.000732825689043,1.0006443817320656,-0.0007538239004774552,-0.0009105183257289232
1533,17,4.602738380432129,3.6432718564666646,3.5553621649837233,2.6718157853261677,2.4228907493469576,-0.0008224354456862976,-0.000958966275622745,0.9984209544119105,0.9983957989863168,1.000201390146612,1.0006190483854314,-0.0010488837093680248,-0.0008930706956275533
1534,17,4.913352012634277,3.083634966080367,3.5532429894854722,2.4761579318751537,2.2515364163279683,-0.0012219876238764786,-0.0009800271228059038,0.9984656131951152,0.9983367566946404,1.0008207390405226,1.0005884599689074,-0.0011280292169415585,-0.0007423775804770695
1535,17,4.894579887390137,3.4077842105571485,3.7140376552696948,1.737396578347524,1.9909222959888722,-0.0010631072355660137,-0.0008823838242388597,0.998236816835323,0.9982254729280913,1.0009198829101276,1.0003747592189383,-0.00011508753374053575,-0.0004520622712032349
1536,17,5.043562889099121,4.694149969385144,3.911151971172757,1.5621342938057896,1.7631352653730339,-0.0005229396016730831,-0.0006678404156340608,0.9979405636434157,0.9981101149546489,0.9998876371439228,0.9998929601145289,0.00014601067477115995,-0.00013712630948524809
1537,17,5.108628273010254,4.661817330402935,3.9359181829233023,1.662930605928056,1.6022813814930177,-0.00046330904673274275,-0.0004113538240474194,0.9979780983852811,0.9980394574118692,0.999274039649154,0.9992724125869029,-0.0003927262804608174,0.0001980301072560239
1538,17,4.318347930908203,3.079902527081968,3.8907278607266944,1.6611421527518464,1.4545945835904264,-0.00012868928079366076,-0.00015761889877705017,0.998171270971425,0.9979983853440441,0.998385168503359,0.9986892785145056,0.00028533011672244544,0.0006268949723978891
1539,17,4.671700477600098,3.1119461774233392,4.1237153737639005,1.1982796567301148,1.2892901292408856,-1.33725256451816e-05,4.598137012263025e-05,0.9978488297507371,0.9979517666952212,0.9984053516186318,0.9982911706616742,0.0017828946690871884,0.001009426500695919
1540,17,4.8872971534729,5.267509930572991,4.648771981848581,1.0966575817832749,1.1504304860869885,0.00034593581622946457,0.00015303219640228505,0.9979611568028472,0.9979148995934077,0.9978409199621222,0.9981216322184586,0.0012840217316952606,0.0010956812841859723
1541,17,4.784046649932861,5.776094133083568,5.090363462056757,1.0468876059199048,1.063627545953281,0.00036652228375039973,0.00011543459111432099,0.9978447554539197,0.9978860335858254,0.9978310212194627,0.9982120930722215,0.0010591423124038746,0.0009017759148145701
1542,17,4.720818042755127,5.167370602791074,5.263150691216892,1.0201349266706965,1.025541720908989,-0.000295760572729675,-2.89604076355179e-05,0.9979365808892814,0.9978668261472803,0.9989494369566903,0.9984700270339428,-4.8220155280914296e-05,0.0005954803213260954
1543,17,4.6790337562561035,4.900096115082288,5.275088712054092,1.0256737869951498,1.0215268193595544,-0.00023493188142567053,-0.00015888838298132687,0.9977276822212047,0.997854513702016,0.9988135219426476,0.9986841313000284,0.0006058452653939787,0.0003597110660031229
1544,17,4.512507915496826,5.322484103903436,5.227063758761137,1.0514981670509937,1.0338491031199903,-0.0002115553724306106,-0.00023402678847280386,0.9979355519958215,0.9978563504994161,0.9987444341050119,0.9987941960042175,0.0002424023871609433,0.00018079929006832585
1545,17,4.620654106140137,5.41851846833801,5.08374886834295,1.0349438823123143,1.0474240753258308,-0.00023151518373782414,-0.00026378436240564345,0.9978999239401845,0.9978471051076183,0.9987909385464931,0.998825869105505,-5.063995395711686e-06,8.198949704896818e-05
1546,17,4.515903472900391,4.965216010418526,4.841602290899278,1.0649492091205879,1.0529264652321924,-0.000302652229878041,-0.0002532268860884171,0.9977077821943027,0.9978241187557086,0.9988970661921376,0.998794975132628,-0.00011618384257583252,0.00012371170210491225
1547,17,4.665651321411133,4.267362083250209,4.639744077558362,1.0600410397857054,1.0392083199939588,-0.0002995497674912725,-0.0001981082616606457,0.9979290373315525,0.9978006209444806,0.9988955106279083,0.9987093965551059,-4.293336358878125e-06,0.0003180929738197164
1548,17,4.331268787384033,4.006701339737591,4.659677952254647,1.0757836558595575,1.0003192090837696,-0.00020706117459697075,-0.00011872785391307911,0.9977110288852228,0.9977633747720822,0.9987117144022529,0.9986284845505572,0.0009875445290801988,0.0005513182271539834
1549,17,4.656941890716553,5.203181635294423,4.8973047231882765,1.1042004473515044,0.9461046557908054,0.00027284233912992274,-8.519656748216077e-05,0.9976703190524571,0.9977302289326604,0.9978745189550577,0.9986966159831983,0.001166863457223793,0.0006110739732312732
1550,17,4.668941497802734,5.436051112036206,5.096751319768383,0.6255434027378755,0.9311100669188104,-0.00015203641638785413,-0.000177484430610941,0.9977423467692501,0.9977055632891199,0.9991747472877942,0.9990315365320916,0.000365204906159781,0.0004705064471413877
1551,17,4.567450523376465,5.606019814383576,5.083048894531672,0.8830489247410869,1.0467874022927297,-0.0004882859710066025,-0.0003510832268679227,0.9977358486979396,0.9976703480112876,0.9998202974758191,0.9994722727246108,-0.0004817773192735008,0.00033675866420076935
1552,17,4.419073581695557,4.380273219443132,4.880658233288461,1.5223013092214563,1.2727213797591774,-0.00044860691368674426,-0.0005322130636874427,0.9976870368785123,0.9976195037364809,0.9995636853277171,0.9998670671588707,0.0005042288911026837,0.0003540529504015827
1553,17,4.848826885223389,4.4943750791067645,4.6904996205605975,1.505400405213785,1.5237750711446152,-0.000835044648749368,-0.0006874187330027811,0.9973877082169627,0.9975816755842237,1.0005972427373626,1.0001768388192753,0.0009135040277933219,0.00037012978714448
1554,17,4.701231956481934,4.695707068572541,4.557347476689884,1.7311919252192216,1.7912260483245255,-0.0007961736310656677,-0.0007778676336045126,0.9975339627615503,0.9975993747778816,1.0003702794340619,1.0003189122771872,0.000509435399687962,0.0002621216236937201
1555,17,5.073296070098877,4.973833856911697,4.421700455423631,2.0591507355088687,2.0776094238815874,-0.0008918341908694333,-0.0008114004262841121,0.9977916141474715,0.9976460895327087,1.0004416612212668,1.000337368054195,-0.0008766032676142189,0.00013798152630584463
1556,17,5.177316188812256,3.855944800117831,4.305062151839354,2.4826108170324663,2.3604176971614335,-0.0007374193120341564,-0.0008227448424963695,0.9977198409558011,0.9976669678400525,1.0000129072191424,1.0003416539950112,0.0001961771002277162,0.00015516388594393968
1557,17,4.954748153686523,3.552038432276641,4.395909766560449,2.7049354644542385,2.6158284123559796,-0.0005520732739549989,-0.0008690597652863722,0.997704747719731,0.9976567736718207,0.9998036706409403,1.0004538970111874,0.0009026730153600517,0.00014179018773438873
1558,17,5.283097743988037,4.978727787241152,4.700577155328481,2.6109678227741293,2.868673617163067,-0.0013456725631566353,-0.0009568873714611581,0.9974610785065313,0.9976455981841845,1.0015838016074314,1.0006337643732361,-3.761706137722857e-05,-8.125845413818058e-05
1559,17,5.357962131500244,5.626870896665911,4.911487833356473,3.173135558506438,3.1638086604078457,-0.0009142636697306553,-0.0010064968280742825,0.9976499229815851,0.9976692624724253,1.0005620410474212,1.0006637222577173,-0.00042334322955030245,-0.0004163354075385807
1560,17,5.158118724822998,5.535862609571316,4.802899319738012,3.429729608249311,3.466258432855474,-0.0009258746711923087,-0.0010357640651822385,0.9978125614416594,0.9977028081607872,1.0004091340289594,1.0005863092297866,-0.0012330276028560763,-0.0006840365700376235
1561,17,4.950336933135986,3.863455471675276,4.480660445501808,3.844916565930268,3.7189276861217655,-0.0011596491238315871,-0.001054940375712815,0.9976692044687171,0.9977083688676934,1.0005429929227718,1.0004755652259947,-0.0007439761399733354,-0.0007512888428290992
1562,17,4.843875885009766,3.864801249562465,4.311636037794764,3.9582946770465006,3.8639835570201244,-0.001051062449381913,-0.0010375035834555408,0.9977137446471726,0.9976810946504373,1.0002761145773413,1.000341269874461,-0.0007183787137445451,-0.0006757204230240126
1563,17,4.568718910217285,3.939523390746364,4.467708593080572,3.9934588461570333,3.8934953606295326,-0.0009504177321004015,-0.0009856966211526528,0.9976536416299623,0.9976147149584315,1.0000741976704948,1.0001958718907629,-0.00029523290196538794,-0.0005638733481415231
1564,17,4.974025249481201,5.24179651851366,4.85763562233788,3.690640516578141,3.853631233527912,-0.000890684482009005,-0.0009126476165745535,0.9975302545188818,0.9975147527617615,1.0001623738662158,1.0000232923994772,-0.0005139648183494332,-0.0005122233211851544
1565,17,5.033807277679443,5.42045377941878,5.190000158607286,3.7519120478452015,3.8213369257809515,-0.0010784317307827613,-0.0008177894736523035,0.99734629983318,0.997405330557178,1.000322063229833,0.9997691904573675,-0.0006253800032466007,-0.0005224729972403289
1566,17,4.768564224243164,5.592051043137517,5.280901578750678,3.8972344173062656,3.819026038427929,-0.00046019506710204885,-0.0007124541718569664,0.9973036255478618,0.9973144402148633,0.9988575583410506,0.9994657950471691,-0.0005080109667996274,-0.0005812980256044458
1567,17,4.708089351654053,5.163003435695988,5.089439006932025,3.8426139919311164,3.837352481903663,-0.0005327564822310094,-0.0006749177268010028,0.9971980721592605,0.9972497187668379,0.9990082920463468,0.9992971527378611,-0.00042948828343471743,-0.000705096363567345
1568,17,4.7810187339782715,4.501590094587883,4.7137997290847915,3.787466296596151,3.8895398175823703,-0.0008737192648326875,-0.0007025360201498576,0.9972528926667882,0.9972050352455674,0.9996651992036935,0.999250444476706,-0.0011375621319744086,-0.0008679054715293754
1569,17,4.732908725738525,4.4075721805219645,4.287785641146245,4.045231609871811,3.9885796726428198,-0.0008057581482107494,-0.0007337911076281974,0.9971971484624883,0.9971588645747039,0.9992929388742081,0.999190626572043,-0.0014670765312513095,-0.0009614940965698342
1570,17,4.737736701965332,3.314191505436021,3.886291504794948,4.213091518418234,4.116311098990022,-0.0006935665603838417,-0.0007624227806280145,0.997082891423886,0.9971056936450893,0.9989109477033283,0.999115059641317,-0.0004163013855275463,-0.0009954617003785915
1571,17,4.641304969787598,3.8940030822434712,3.5567278596648806,4.240091153976946,4.274626163328292,-0.0006955244267593825,-0.0008173890162321968,0.9970922800412174,0.997056104788655,0.9988909114754269,0.9990769986619857,-0.0009199903034470222,-0.0011342170889631193
1572,17,4.522458553314209,3.5581638265438116,3.181258882761328,4.213067835142234,4.502381808689038,-0.0010325672936697086,-0.0008981407527109701,0.9967986937491425,0.997019198657273,0.9995127176944584,0.9990481719697387,-0.0012258899617598451,-0.0013589389833512592
1573,17,4.593059539794922,2.633469261504244,2.748222583484203,4.796547389636701,4.807871994569565,-0.0010673485247477967,-0.0009658374350395389,0.9970872550281512,0.9969948624082791,0.9991326135377143,0.9989568250493999,-0.00214806114754236,-0.0015079870449613863
1574,17,4.4390106201171875,2.167102984633704,2.405381403070152,5.480779739596191,5.088373470063357,-0.0008314466405825795,-0.0010294616512055545,0.9971995921790728,0.9969133332584887,0.9982035234810753,0.9989018711513749,-0.0017797126195687662,-0.0014097242156032998
1575,17,4.835262298583984,2.009808550821557,2.2710328979623733,5.160766628722542,5.24682761116725,-0.0011929761725110375,-0.001129197633582226,0.9966762637416676,0.9967450172521491,0.9992391143046392,0.9990245660835883,-0.0007427231008126238,-0.0011493792551541357
1576,17,4.605345249176025,2.4643970065340652,2.3408490263541837,5.39242107379037,5.323528115337734,-0.0010447169236047571,-0.0012465235720954253,0.9963871747797074,0.9965692108753369,0.9987957422574121,0.9992414907531169,-0.0004016956700644177,-0.0009721937780119822
1577,17,4.703093528747559,2.670967882337634,2.506066998183594,5.206374526954271,5.3707745420836845,-0.0015228731493013461,-0.0013488539182073317,0.9965062053314707,0.9964505601701027,0.9999042635837107,0.9994402611626506,-0.0013171386304272913,-0.0009599492527854372
1578,17,4.710628509521484,2.760193107584493,2.694737187554859,5.433690452282371,5.4434816536857555,-0.001446102447411723,-0.0013511851778749335,0.9963128241123687,0.9963859302293501,0.9996086842477575,0.999406532652947,-0.0009466918852031347,-0.0009814615648470488
1579,17,4.709993362426758,2.80493762386316,2.9119775686267166,5.443947590691972,5.542343600311015,-0.0014069238543987352,-0.0012217690961570334,0.9963406745901483,0.9963690798938319,0.999528817383292,0.9990717988840002,-0.0009930540095654072,-0.0009797407212806498
1580,17,4.571929931640625,3.1901917814589735,3.1918891871657964,5.743832593838263,5.640676640737788,-0.0008778091360031966,-0.0009958307078215254,0.99646556073418,0.9963697380656774,0.9982634760251716,0.998524341474474,-0.0011930854049502894,-0.0009187942064766578
1581,17,4.199930191040039,3.1649536729437533,3.5355432202041337,5.77790975727105,5.68471350625671,-0.0008364127294429016,-0.0007734813088332478,0.9964187522814297,0.9963495126434067,0.9980038091841388,0.9980124859832952,-0.0010466062469077482,-0.000789502203668035
1582,17,4.948531150817871,3.8149882357192273,3.898351707573111,5.694769143159134,5.658559564926238,-0.0004427612677184604,-0.0006342465064409102,0.9962671530195749,0.9963092489728237,0.9973376942194132,0.997729296726294,4.2640270034196445e-05,-0.0007092541823714057
1583,17,4.825340747833252,4.828776676607404,4.0868502265577025,5.552871343934948,5.594547361103523,-0.0004912036269528623,-0.0006538475715400004,0.9961342137029607,0.9962812724058335,0.9975336773344808,0.9978058736370026,-0.00046200470502757106,-0.0008520824235778909
1584,17,4.689774513244629,4.3362135420647165,3.9092018106443094,5.490156166507592,5.5429906204431045,-0.0007583227472622645,-0.000831574451382067,0.996431807391487,0.9962764117956291,0.998090364161643,0.9982093263112376,-0.0018855972242983298,-0.0011151334383091803
1585,17,4.81833028793335,3.0889908984356333,3.4709679745934867,5.471741968007083,5.537670524118063,-0.0011142691674073705,-0.0010847883225607344,0.9962771831713779,0.9962631532118268,0.9988204873759818,0.9987636783114757,-0.0012518442836372808,-0.0012590567962470094
1586,17,5.362648963928223,2.6458607320006755,3.0650628693786066,5.551520391369487,5.583527187856327,-0.0016230253880564576,-0.0012923075723369375,0.9961202318723729,0.9962545072637977,0.9999200816854963,0.9992304376946423,-0.001142548623605397,-0.0012887624312778194
1587,17,5.319937229156494,2.674704340836127,2.850399785467701,5.776503028019562,5.654320765410163,-0.0013258287930021685,-0.0013650677658244047,0.9963078348593172,0.9962711835824628,0.9992417565375339,0.9994394803106608,-0.0012178502231702598,-0.0012640762790490645
1588,17,5.123913288116455,2.815737095594493,2.793653987005865,5.653980309194345,5.7174404695751395,-0.0014117325590487046,-0.0013260602132038584,0.9964809657070546,0.9962925009956168,0.9996401775922757,0.9994440140853524,-0.0016892447617680457,-0.0011903647867095501
1589,17,4.850423812866211,2.6791596155148145,2.7675463885570606,5.75949001563596,5.773842019357456,-0.0011570276405993944,-0.001220502068352188,0.9960856475329694,0.9963153012493732,0.9992649175333139,0.9993054462596117,-0.0004930368904086223,-0.0010881793330757938
1590,17,4.60031270980835,2.9261106290773546,2.629556040565555,5.838816834954314,5.811534057895333,-0.001046322657715348,-0.0011144390283762576,0.9964150121077264,0.9963847195420373,0.999027532672431,0.9991330147457925,-0.000991192206831149,-0.0010947905660915842
1591,17,5.005151271820068,2.964609713352839,2.2346394340419753,5.820024728858156,5.810361212205147,-0.0010393094642297733,-0.0010524392239889822,0.9965133729640789,0.9964829479682774,0.9990251013316597,0.9990288923111738,-0.001545532567930949,-0.0011685846714446174
1592,17,5.114840984344482,1.1062598666692915,1.6028385017447173,5.802830028425233,5.759733556485257,-0.001039179269902336,-0.0010472780603862774,0.9965480069249183,0.9965854244032986,0.9989466729351002,0.9990526416834609,-0.0011793304240961548,-0.0012099843867455842
1593,17,4.96376371383667,0.4585176540403391,0.9953402911236111,5.780622135418051,5.658725168221292,-0.001018048600507022,-0.0011001568555327672,0.9967533462884105,0.9966778220813506,0.9989282069187231,0.9992435843644841,-0.0011435732400536165,-0.0012401086711589728
1594,17,5.143426418304443,0.5665662221617285,0.51692992418698,5.411236978388039,5.533079310795137,-0.0012252202723063766,-0.0012010313143594538,0.9967887105525507,0.9967421226188615,0.9997284923888343,0.9995758411658104,-0.0011797417905697167,-0.001294058020665972
1595,17,5.243161201477051,0.5492465640377022,0.043450673049877764,5.333461760124199,5.444831921993802,-0.0013028033875711858,-0.0013122015004934,0.9966636143644992,0.996787820262234,1.0000363521317772,0.9999159751874851,-0.0011871085653795898,-0.0013601575872707174
1596,17,5.5596232414245605,-0.18684352181323283,-0.5358800930037848,5.388636078270981,5.414810740967936,-0.0015114414021588295,-0.0013963103013264204,0.9969473768656136,0.9968365950440834,1.0004196739125115,1.0001661380138698,-0.0020379812069948747,-0.0013635045284074111
1597,17,5.327741622924805,-1.5921951367250249,-1.1239316196523474,5.530091633041929,5.412659949505061,-0.0015562046091683508,-0.0014245062273938326,0.996944925473282,0.99688063828201,1.0004214197431847,1.0003044896025046,-0.0014187565440295534,-0.0012160790235708771
1598,17,5.453803062438965,-2.0354978098951038,-1.5031085314578074,5.3215139193884,5.399700089947709,-0.001444549116028564,-0.0014169562616810523,0.9966682927243549,0.9969440433918658,1.0004976542342394,1.0004144919181555,-0.0003328147784164435,-0.0010582115140357316
1599,17,5.272261619567871,-1.4563453113925415,-1.631776080434622,5.563433441466033,5.368619662486284,-0.0010650467296548741,-0.0014508519826678576,0.9973063717008837,0.9970588588127147,0.9997739858696701,1.0006478682672797,-0.0011281525159971527,-0.0010947177389508925
1600,17,4.849379539489746,-1.2484163111522624,-1.6733067937927746,5.295501432800399,5.312453985902014,-0.0010054526409423673,-0.0015908173665576519,0.9969854570129754,0.9971906531143562,1.0001373852858353,1.0011193515815435,-0.0004802960151174773,-0.0013053081088703659
1601,17,5.7162251472473145,-1.8795488149872608,-1.7377708871376312,5.258138178588959,5.283092112926667,-0.0023973404093227267,-0.0017188158358784596,0.997431890735361,0.9973484303212043,1.0027855471715734,1.0015624369207408,-0.0024576976831455666,-0.0015460817551607858
1602,17,5.689846992492676,-2.0711783905801298,-1.7798810180271654,5.004767828693362,5.341043139792485,-0.0028338678677489225,-0.0015302952977251161,0.9976639824130592,0.997495961131856,1.003929442416746,1.0013852586142067,-0.0029517382780234317,-0.0014561834247996525
1603,16,5.7095723152160645,-1.6435867720337556,-1.7873016414223175,5.619614485613651,5.5092203408350375,-0.00016973760084209308,-0.0010004103764598374,0.9974550159874213,0.997620145290006,0.9989236514577536,1.0005227872916294,0.00020818040807386775,-0.0010259258537473367
1604,16,5.395627975463867,-1.7446790593923438,-1.8446816794428587,5.779975895100291,5.7057162163903765,8.100445420833902e-05,-0.0005273798411172833,0.9977559789753168,0.9977575668011782,0.9986109455914106,0.9997290512543028,-0.0001551133651651216,-0.0007201276579525263
1605,16,5.610030174255371,-1.9984924492588045,-2.0080750236296274,5.976925081471949,5.8610699801593364,-0.00026801005401148523,-0.0003102473172911889,0.9979684252108709,0.9979072204205273,0.9993182872861417,0.9993817619319497,-0.0008648254713472683,-0.000698287635096062
1606,16,5.583137512207031,-2.4294269056154016,-2.2896091215378123,6.003992527417047,5.947257472955458,-0.00038948401904342,-0.00028547624856926207,0.9979754821170586,0.9980595524825124,0.9995531666589274,0.9993715250687367,-0.0006776821892584251,-0.0008562059902515848
1607,16,5.59044075012207,-2.7472159519814245,-2.7014014797657944,5.956645336589293,5.983018481481816,-0.00047903398602872104,-0.00033578874920632855,0.9982284809236343,0.998217479353426,0.9997599165051878,0.9994938724454056,-0.0012144684414942919,-0.0010827139711077128
1608,16,5.5545830726623535,-2.7380101746867473,-3.3024064300101776,5.957975600670284,6.0119594770837415,-0.00042085089425566004,-0.00038457358644763766,0.9984250032176568,0.99836313532796,0.9996506268922996,0.9996174123391076,-0.0015307531708021456,-0.0012339010548848782
1609,16,5.9583516120910645,-3.657200856743372,-4.13247513178092,5.825596715229551,6.069600691044757,-0.00045998552114376063,-0.0004112970846587867,0.9984558458060085,0.9984803797929109,0.9999162708086787,0.9997113033134352,-0.001394088562025036,-0.001216647012731366
1610,16,6.099547863006592,-5.810591460490456,-5.020873574826582,6.345974268566002,6.153793152761187,-0.0003577561762872959,-0.00042183226768697,0.9986583521942829,0.9985715836215711,0.9994922111026354,0.9997916897636431,-0.0011529233943404775,-0.0010553217342273785
1611,16,5.730741500854492,-6.345437976904315,-5.66706119150326,6.3166249846175715,6.198303622891327,-0.0004330590322248512,-0.00043491630320485666,0.9985390520941236,0.9986430514773096,0.9999008703820476,0.9999172125471176,-0.0004268556093801288,-0.0008590553225533751
1612,16,5.92225456237793,-5.792918851792979,-6.024487638907939,6.133810987274878,6.185310976909057,-0.0004430142342398217,-0.0004535773514054769,0.9988272358561027,0.9987172422211471,1.000135404211318,1.0000707777218414,-0.0007330345201181958,-0.0007462829894772618
1613,16,6.157106876373291,-5.668868595023398,-6.2989446578302415,6.107055584950412,6.144252062895577,-0.0004215800680192863,-0.0004746429504956726,0.9986910638353932,0.9987992419954193,1.0001343707131733,1.000212634310065,-0.0008713353341290602,-0.0007075626204277509
1614,16,6.1966986656188965,-6.731443451593462,-6.631033347196489,6.01748410865847,6.095239907807492,-0.0006308181144992571,-0.00048760091674059824,0.9988818764838668,0.9989115576738405,1.0006352477125762,1.0003156415905703,-0.0006931850007130552,-0.0007081084951923072
1615,16,6.16828727722168,-7.172901236555231,-6.962602864465035,6.059111789450498,6.037526402010631,-0.0004330933540473112,-0.0004759318318400878,0.999073679976171,0.9990505056280956,1.0002596803879518,1.0003580024461491,-0.0005938144844981891,-0.0007600225481094623
1616,16,6.247852325439453,-6.921613940968019,-7.234029737725944,6.004173178715791,5.946002159543198,-0.0003617358680899275,-0.00045866084546858783,0.9991529347614431,0.9991971880317004,1.0001927510693642,1.000400042224552,-0.0007463350441134187,-0.0008707851634588456
1617,16,6.070633411407471,-7.631967003243148,-7.4328582441911655,5.904890191569931,5.800532402400157,-0.0004980662527622247,-0.0004454881078767773,0.9993906443993116,0.9993341370320707,1.0005217344497621,1.000481131148406,-0.0012652193691581716,-0.0009878307516058384
1618,16,5.989186763763428,-7.860893711391853,-7.4845778935176694,5.61731872606476,5.607736783544363,-0.000436131296729002,-0.0004180900242928493,0.9994904102744675,0.9994367337029326,1.0006061739723915,1.000574789649234,-0.0011293085791162529,-0.001030118329403374
1619,16,6.444886684417725,-7.547704709101671,-7.380072938240146,5.45595558647068,5.41074309466394,-0.00041793373259155285,-0.0003681675414334169,0.9994899451017288,0.9994981835363812,1.0006924935244568,1.0006537711492094,-0.0008085460415132741,-0.0009985233450624828
1620,16,6.021056652069092,-6.713968956229604,-7.251725716369544,5.151533149088563,5.266755620015037,-0.00035463334846189126,-0.0003004962406241337,0.9995658770377277,0.9995316454531035,1.0008360728716992,1.0007062455339701,-0.0011537100460172068,-0.0009310678171865886
1621,16,5.853357791900635,-6.924173840312441,-7.26874663919429,4.991108751835424,5.238192268263093,-0.0002057095031858914,-0.0002398567436026192,0.9994687966295605,0.9995545367850751,1.0008124183372449,1.000743903394186,-0.0007481682451186955,-0.0008346571333702903
1622,16,6.0948686599731445,-7.606691813678947,-7.423311081961424,5.467099297717667,5.336911730808352,4.659605006102942e-05,-0.0002284326181377,0.9995822315962849,0.9995874526631786,1.0002018885481692,1.0008258324911161,-0.0006238437746576395,-0.0007630887638038886
1623,16,6.000350475311279,-8.028890976262515,-7.574832933560562,5.504121290595944,5.499940747238629,-0.0003635929099730456,-0.00028132918643935183,0.9996376019406538,0.999626847703685,1.0011914263641324,1.0009950651723323,-0.0006165977100031261,-0.0007499702248247167
1624,16,6.261635780334473,-7.439304092812294,-7.645864640462565,5.712145927508521,5.684815385315878,-0.00046581171206351845,-0.0003345225092172395,0.9997190208718703,0.9996618364651175,1.0014028555714527,1.0011270664856127,-0.0010689434768650662,-0.0007702606636264842
1625,16,6.212952136993408,-7.735053890596188,-7.695152015088711,5.910397677541709,5.862158478945305,-0.0004715681966953675,-0.0003379897959154215,0.9996123287267248,0.9996886433343078,1.0012970222002222,1.001130381488806,-0.0007135555262871143,-0.0007701430821816746
1626,16,6.0717926025390625,-7.674843326679425,-7.757569024766747,5.947625886540408,6.014609072097108,-0.0003109133180149116,-0.00029683751439863154,0.9997915515007588,0.999715588298092,1.001137572032143,1.0010226615405595,-0.0009200133436967779,-0.0007700728728732427
1627,16,5.944462299346924,-7.739343029324648,-7.85832193753356,6.176092789003952,6.13615319491545,1.2568531689323474e-05,-0.0002667560214408367,0.9996694390704656,0.9997382262244036,1.0003787375926172,1.0009003047188898,-0.0003277491613217924,-0.0008071003678837901
1628,16,6.050837516784668,-7.785037774591203,-7.991585039501086,6.1914360883201445,6.207219844483684,-0.0001509129489636694,-0.0002963429503293438,0.99972588794708,0.9997640874759623,1.000678570998346,1.0008670179090433,-0.0007364687092967276,-0.0009227387568248072
1629,16,6.112240791320801,-8.143566781959,-8.093442636714572,6.271416253766043,6.214170815213688,-0.0007096686386495579,-0.0003391464758491042,0.9999013781799513,0.9997825787765986,1.0014669900683943,1.000861981094194,-0.0018760083136710258,-0.0010096449053756064
1630,16,6.133265495300293,-8.657210637851895,-8.032302175919096,6.321586608550215,6.145943742237027,-0.00034832074855293004,-0.00031134056828942334,0.9996966434388549,0.9997752519249345,1.000691723690363,1.0007731626680665,-0.0007515774946180372,-0.0009327665780608659
1631,16,5.880497455596924,-7.938968460669794,-7.722883585332283,5.9034973452277715,6.0206495607169375,-0.00017849938794310094,-0.00023220124702312195,0.9997567182895414,0.9997505703479731,1.0005788985240682,1.0006499503680106,-0.00048167651197935144,-0.0007896711944464019
1632,16,5.949081897735596,-6.79967799893795,-7.287621318148911,5.86046743513395,5.904393493964515,-4.067716065192876e-05,-0.00015580682367760359,0.9998421602388083,0.9997028180162634,1.0003502138352092,1.0005573046903387,-0.000979758847244807,-0.0006650610333858286
1633,16,5.8623833656311035,-6.7869121841207125,-6.924858528408622,5.8128085360950195,5.837199461285752,-8.357352455063575e-05,-0.00011378143356925717,0.9995139845490525,0.9996328825658536,1.0004724683895647,1.0005165329826449,-0.00030130047659804917,-0.0005596323919680414
1634,16,5.841920852661133,-6.748656618316575,-6.690256009257419,5.803601388763044,5.8348616780627856,-0.00016066839627941568,-9.624225971018874e-05,0.9995133094331645,0.9995754494140758,1.0006300795611864,1.000477026926193,-0.00040543903976174956,-0.000526532996889354
1635,16,5.827038764953613,-6.577389891017367,-6.564458040714833,5.812549350237585,5.899938837208409,-0.00016943230290154072,-8.021827215094818e-05,0.999592184004266,0.9995345436137357,1.000640702725223,1.0003706458053543,-0.0007450262620186591,-0.0005542741097272689
1636,16,5.770320415496826,-6.4300633758207155,-6.5364768186490165,5.984408725106678,6.0167785401890415,-5.4179806004172534e-05,-6.709868559659828e-05,0.9995138170676973,0.9994903950034486,1.0002483119598715,1.0001937189279568,-0.0007107321598549185,-0.000588989797948671
1637,16,5.440767288208008,-6.654885662959241,-6.59556382123315,6.237658365013948,6.137913887705386,-1.838765317037803e-05,-8.969515198294599e-05,0.9993699943992791,0.9994380158110485,0.9998790376124426,1.000041715480464,-0.0003264674259700027,-0.0006356555382919605
1638,16,5.589562892913818,-6.685178515439335,-6.703763816958074,6.381000012180188,6.2070809308021015,2.8014102319832867e-05,-0.00017800835300752442,0.9994660478012044,0.99937868383634,0.9994458781309126,1.0000348256171943,-0.0007877813603354434,-0.0007269699142641903
1639,16,5.795873641967773,-6.804264948705777,-6.8323320603476585,6.157649452198605,6.210967267169271,-0.0004504528852457574,-0.0003221220998650306,0.9993317089449657,0.9993006805622822,1.0004390465083863,1.0001993288404685,-0.0010399129825910435,-0.0008113040759998204
1640,16,6.005352020263672,-7.088427333716279,-6.94923957388326,6.134025707750303,6.194776042106916,-0.0005269740953214295,-0.00045156582674630403,0.9990731119009716,0.9992167330680629,1.0005830727677774,1.0003818668892743,-0.0005604542883520979,-0.0008491638214755109
1641,16,6.03986120223999,-7.025838685293657,-7.022880555429989,6.137728699876691,6.196315667089157,-0.0005794536791591148,-0.0005250107672859078,0.999259793231784,0.9991451299609371,1.0006664634164741,1.0004720472992645,-0.0010994190788306776,-0.000854533774722657
1642,16,5.959478855133057,-6.989920507873668,-7.061904728544989,6.276266342563779,6.226433781183251,-0.0005560421425469531,-0.0005380095989473222,0.999068218443934,0.9990716773791287,1.0004507230695707,1.0004536729800455,-0.0008321004662023771,-0.0007900199629962902
1643,16,5.95059871673584,-6.968433383016631,-7.080927990767843,6.285027547049524,6.277455939367833,-0.00046089215334187844,-0.000509659559288997,0.9990406714410579,0.9990056928296506,1.0002828560170416,1.0003843402760224,-0.0007008637774210397,-0.0006735715172997379
1644,16,5.7257819175720215,-7.102340104212237,-7.064312641276974,6.328236824394979,6.3530248107156835,-0.0004183924333289607,-0.0004649470349861112,0.9988487040197815,0.9989667697629308,1.0001838315740343,1.0003277112686717,-0.0003301442791889508,-0.0005565301640857848
1645,16,5.678905963897705,-7.093701457602001,-6.959629590642209,6.477836234456109,6.4609563398523155,-0.0004440070677464461,-0.00041175995087819084,0.9989223333236658,0.9989757240209757,1.000283216616509,1.000305136289065,-0.0004978045521578771,-0.0004841715592088214
1646,16,6.205501556396484,-6.971777457649581,-6.728151766695469,6.64578536613073,6.6032590622521505,-0.00021265853624583708,-0.0003423250656802417,0.9992491566863559,0.9990151943994039,1.0000324718118427,1.0002838317591667,-0.0007331361569444561,-0.00043458617280879987
1647,16,6.312987327575684,-6.632211139114576,-6.39408035466585,6.649620206085526,6.788450575807324,-0.0006354373787055744,-0.0002456512139019218,0.998765750682201,0.9990594284169596,1.0010305265342747,1.00019427348503,7.453008955722986e-06,-0.0003947805711998334
1648,16,6.00033712387085,-5.804128357808192,-6.0822661694113425,7.015145238801242,7.02878837682586,3.0437505089361053e-05,-0.00010339737989362976,0.9992591116141584,0.999126555645109,0.9997638121702933,0.999952060174648,-0.0004930924352554303,-0.00041210439207727277
1649,16,5.529531955718994,-5.313937453287598,-5.984955859255907,7.200128381449532,7.297659685995895,7.693127372760035e-05,7.461440300239243e-06,0.9992723578724303,0.9991754500252874,0.999667640534162,0.9996867799327781,-0.0006732670172500627,-0.0004434912336594307
1650,16,5.740550518035889,-5.780786295436687,-6.1745877288339175,7.559889260445148,7.546354655986293,0.00019424782196104254,2.725202199531837e-05,0.9991092715569758,0.9991911643522521,0.9992237126574554,0.9995311595491697,-0.000335982534345252,-0.0004588975574219968
1651,16,5.831272602081299,-7.140684179383081,-6.45984340210659,7.913754431723246,7.695347053759321,-2.547860811410964e-05,-5.863733956932421e-05,0.9992190271056833,0.9991930855216347,0.9993653150437194,0.9995737552163478,-0.0005808395054167478,-0.0004975242248583953
1652,16,5.941339015960693,-7.387132144015667,-6.526587053896867,7.926845179873493,7.67840751377328,-0.00021769413999615274,-0.00020496694448441814,0.9991658498258049,0.9991848482905712,0.999646374719182,0.9997901876580321,-0.0003222933358389698,-0.0005850082677873883
1653,16,5.957712650299072,-6.113924280271334,-6.305278199801841,7.501951957169799,7.516513699535393,-0.0004021064049007681,-0.0003443088279273382,0.9991656940678656,0.9991702722226539,1.0001642702313158,1.0000571159273395,-0.0005299986591855175,-0.0007430740876413107
1654,16,6.061254501342773,-5.346149365137236,-6.026543225441368,6.98263764894748,7.322078264589811,-0.0006220192595723439,-0.0004149622616646098,0.9991926629145335,0.9991490327954912,1.0008433992516126,1.0001994732632138,-0.0013270722766402644,-0.0009035506103796647
1655,16,6.039659023284912,-5.769298384248949,-5.877018408458377,7.139725484085686,7.196410937033182,-0.00043442631663429747,-0.0003894099896412088,0.9991875677410161,0.9991212549077985,1.0002193467083789,1.0001124247072564,-0.0014093095740184078,-0.0009453257083318769
1656,16,5.66983699798584,-6.185310350835747,-5.815345086804547,7.258186052262643,7.133012003595967,-0.0001806206977186364,-0.00031040951824353423,0.9988922819831642,0.9991048906102482,0.9995023386995799,0.9999016586028596,-0.0003209396360004874,-0.0008939213113286848
1657,16,5.9059672355651855,-6.0407699502761885,-5.745154674610328,7.084269012989339,7.092411845902031,-0.00024370445927245982,-0.00023981487155755107,0.9992093560213561,0.9991246347114667,0.9997147160662682,0.999722590122904,-0.0008022826375441171,-0.0009023408161623983
1658,16,5.806227684020996,-5.2485622981196425,-5.700036657599883,7.028477339764286,7.069312654733538,-0.00013346085516685352,-0.000202660582642789,0.999178109331711,0.9991502958207215,0.999546099570948,0.999613449018728,-0.0010454102809258291,-0.0009721229276590121
1659,16,5.77756404876709,-5.360743061786339,-5.798036281598729,6.983736966022949,7.062547101458124,-0.00019712953599753744,-0.0002097045297285012,0.9991651776370326,0.9991631408571598,0.9996887558714027,0.9995736976314423,-0.0011493198549629702,-0.0010351412529478396
1660,16,5.978618621826172,-6.137946195954372,-6.0067284965119665,7.095178606560434,7.051636458655294,-0.0002664172005350247,-0.0002496843123148563,0.9992246128498864,0.9991596503610253,0.9995338251144537,0.9995903167137257,-0.0012932851332026903,-0.0010470535962602133
1661,16,5.976089954376221,-6.543898555629341,-6.1336134729768235,7.103824943877749,6.991889735975558,-0.0002966726100083827,-0.0003033836768727188,0.9990836087646117,0.9991440146889826,0.9995815457418428,0.9996763820984214,-0.0007662027710665665,-0.001023183577129785
1662,16,5.848668098449707,-6.379714154702504,-6.023433873338943,6.913134413168309,6.854259967642682,-0.00042285881841663456,-0.0003551889656392488,0.9990659223379414,0.9991357321651241,0.9998782361965852,0.9998294921631833,-0.0009586996205658947,-0.0010429787107624022
1663,16,5.812645435333252,-5.957256450602586,-5.682976300076744,6.827467268632333,6.651553062485595,-0.000332783601919012,-0.00039391699637226753,0.99916558146979,0.9991355129014688,0.9997631628046515,1.0000178740207033,-0.0009617728028167025,-0.0011200102097896434
1664,16,5.719951629638672,-4.78247730843337,-5.2808342660797445,6.162402205115419,6.436731710783898,-0.000456833491213732,-0.00042395924050601344,0.9991750078645126,0.9991203405647763,1.0004606569613408,1.0001978974851322,-0.0014176945360079287,-0.001210226215747396
1665,16,5.745730876922607,-4.685764848813481,-5.058808131508843,6.189307947146178,6.30019817421932,-0.00041393162940571,-0.00043861392842712356,0.999103098039447,0.999075352911069,1.0003553246710806,1.0002715698920506,-0.0013081038551167289,-0.0012304377400985632
1666,16,5.821836471557617,-4.7869652519324095,-5.096022893235976,6.230516060134245,6.25205166287686,-0.0004309673076952005,-0.00043477172211609807,0.9990294495552123,0.9990071472372141,1.0002663069871938,1.0002094287958794,-0.0012714060647992386,-0.0011557644002234914
1667,16,5.924768447875977,-5.700653627313773,-5.293397105892227,6.260851008635699,6.245029327881444,-0.0006714533505083651,-0.0004039306259463742,0.9989013440909952,0.998936890009643,1.0005401205412001,1.0000327817102537,-0.0012197903188979804,-0.0010104367810780915
1668,16,5.679409027099609,-5.714917189049401,-5.458809552827009,6.378320520199925,6.217845156391035,-6.176864516040277e-05,-0.0003549214069765903,0.9987995790381415,0.9988920557073391,0.9990883123590967,0.9998256718634979,-0.00039262150411136117,-0.0008763074911983455
1669,16,5.600955486297607,-5.734861788229503,-5.52064258687814,6.235390811866707,6.124899005263885,-0.0002912054617178754,-0.00035509420586268554,0.9988240790526317,0.9988837729430262,0.9995114142673986,0.9997739093619654,-0.0006396652426053616,-0.0008703303990433868
1670,16,5.630350112915039,-5.346796957773106,-5.535070106792108,5.8535601386846725,5.980531194547174,-0.0004371205365782915,-0.00039575860927240137,0.9990081928434601,0.9988869239628864,1.000046738650083,0.9998514120371057,-0.0011741193559934857,-0.0009564505979443333
1671,16,5.559353351593018,-5.293580443691229,-5.630779590850541,5.894722332003661,5.836357837539173,-0.0004294917205194965,-0.0004285353716392731,0.9989804337811478,0.998859927240377,0.9999651229008332,0.9999074441075569,-0.0011927455146410512,-0.001005489253918278
1672,16,5.992641448974609,-5.677930139251072,-5.867719331292296,5.5948146592604715,5.717493581506012,-0.0006895627156998141,-0.00041306176670910717,0.9986881919797349,0.9988040037699137,1.0004768459553042,0.9998363962124633,-0.0011730977694901555,-0.0009531061328459291
1673,16,5.965320110321045,-6.511782209399984,-6.170380108249618,5.644358277788786,5.648200971004757,-0.0003055244319430887,-0.00033349615712402453,0.9987175713821927,0.9987590779772659,0.9995142512799315,0.9996147374177573,-0.000685325406774815,-0.0008277389875926141
1674,16,5.7545084953308105,-6.475907959145376,-6.405038115543573,5.688577614689288,5.619816530787707,-0.00012859094128000713,-0.0002558650448063078,0.9987656201257872,0.9987362659174045,0.9991109546670397,0.9994102218667663,-0.0006256326119837073,-0.0007285227191137948
1675,16,5.5667195320129395,-6.435087678722788,-6.532921596479736,5.634632974932547,5.618525907721091,-8.683027745218228e-05,-0.0002488058667440786,0.9986961357632465,0.9987275428663478,0.999050090622304,0.9993854456891983,-0.00047727974720115424,-0.0007199884073191795
1676,16,5.738626480102539,-6.575094341386228,-6.555478424254705,5.610539873562959,5.6527978441283055,-0.00019425438662470994,-0.0003266324946099594,0.9987372316969844,0.9987283492634886,0.9992769140784064,0.9995762150487406,-0.0007557999644616127,-0.0008048362038124124
1677,16,5.873936176300049,-6.6466087949946235,-6.450343750066148,5.666029747140197,5.738224437094054,-0.0008030915844350035,-0.0004324966865216224,0.9986871198656759,0.9987271931534083,1.0005807593576945,0.9998662748633459,-0.001217800814940898,-0.0008975218035004319
1678,16,6.000453472137451,-6.42947329371582,-6.208579263796038,6.052561031807926,5.873019402106987,-0.0003594752236843674,-0.0004841252681529057,0.9988580424870801,0.9987097928782473,0.9997217357860618,1.000074855499189,-0.0010378586008170897,-0.0009027204285237079
1679,16,6.3326287269592285,-5.799395608565902,-5.899701285811353,5.962283942320708,6.043594166900479,-0.0005320624501957786,-0.0004931647867580646,0.9986770404319503,0.9986615087690913,1.000418207794505,1.0001902857407443,-0.0007532363562126801,-0.0008297618584401618
1680,16,6.217328071594238,-5.454226985299939,-5.667875651814414,6.134892125277448,6.279287269673556,-0.0005668860281488785,-0.00046473257741619855,0.9984670849921949,0.9986107387000305,1.0005041381448259,1.0001653668216985,-0.0006345341151850521,-0.0007478753729295797
1681,16,6.048855781555176,-5.476804498765742,-5.628537320663509,6.646773458854145,6.588326949158794,-0.00038194006810332945,-0.00041356795281555084,0.9985471947627282,0.9985910085239986,0.9998718821410643,1.0000185486856714,-0.0005965321030800748,-0.0007055354228592878
1682,16,6.004483222961426,-5.455004813195981,-5.814656773374063,6.813003255774092,6.934367999094292,-0.00027126573242964875,-0.0003853050047063507,0.9985914587154394,0.9985909085670868,0.9997195192675062,0.9998748753746318,-0.0005833990404816678,-0.0007035975037669759
1683,16,6.111438274383545,-5.928386628326157,-6.170209725938508,7.413139682060738,7.278771082193116,-0.00021584852448007752,-0.0004149845499529798,0.998791475051899,0.9985751441189001,0.9993416010342802,0.9998285319110547,-0.0011718082455480095,-0.0006924455417031232
1684,16,6.0211710929870605,-7.102617482407753,-6.500505556373674,7.612562013433003,7.560604818423265,-0.0006533004245312927,-0.0004857258658195961,0.9985199814779904,0.9985215270740563,1.0002263296324723,0.9998789521086014,-0.0006895574322064654,-0.0006137925856458499
1685,16,5.9070916175842285,-7.221534182908932,-6.556514943361654,7.75803960050911,7.754039861808273,-0.0007240211880481875,-0.0005248609539732481,0.998211324956858,0.9984727869683223,1.0002652446735107,0.9998937971132207,-1.6336614148756404e-05,-0.0005499917206967838
1686,16,6.078456878662109,-6.42620967407171,-6.304177506553401,7.9315928348911635,7.859375540192741,-0.0004587773427662053,-0.0005107244080906834,0.9985382399360243,0.9984674473772019,0.999677665841505,0.9998377223901029,-0.0006019606292965106,-0.0006015461764422028
1687,16,6.184804916381836,-5.2378442124971825,-5.967535882147902,7.918715801106229,7.887506245104485,-0.0002807752142905648,-0.0004913175276621504,0.9985609941506947,0.9984693020213313,0.9993698540703067,0.9998031955420529,-0.0007434447433940298,-0.0007115540216800259
1688,16,5.937614917755127,-5.21529474451816,-5.803767810849248,7.821249268910202,7.873719276089526,-0.000505392365450827,-0.0004984997252182382,0.9984400676052371,0.9984503307938347,0.9998827576447828,0.999830510728657,-0.0010020625558871381,-0.0007848257822849343
1689,16,6.221424102783203,-6.070402945459822,-5.8165179993164875,7.77449451499115,7.864059193903538,-0.0005804010724449698,-0.0004978827053717457,0.9984590168417583,0.998414439286959,1.0000521772976874,0.99982250932507,-0.0009551954448275449,-0.0007522864241870243
1690,16,6.107831954956055,-6.165727412682808,-5.794400853296855,7.8107571716873245,7.884234636692835,-0.0005920338585275927,-0.00044760518834165803,0.9983593360979091,0.9983725643386059,1.0000406319793946,0.9996827101083163,-0.0007213545626039208,-0.0006285868922774666
1691,16,5.822444915771484,-6.088121810116236,-5.5846314188817034,8.03698777663104,7.9237754235476805,-0.0003170893132664913,-0.00034174335594702314,0.9982729968234124,0.9983471345965267,0.9992485574706989,0.9994138648554242,-5.5369514240354094e-05,-0.0005123037349067304
1692,16,6.091681957244873,-4.999421354899196,-5.2036812413808535,7.981216579315235,7.952183040464886,-0.00016922649943532526,-0.00022201956598593754,0.9982778472142114,0.9983542112571034,0.9989967003327579,0.9991306499138624,-0.00032786741826746436,-0.0005098043426992195
1693,16,5.753698825836182,-4.40258812008359,-4.835639901918519,7.919421634203433,7.970495005353237,-8.081413120855524e-05,-0.00012944136510114555,0.9984751469113912,0.9983802801797798,0.9988710004199591,0.998913636394401,-0.00085540770435712,-0.0005799910083420547
1694,16,5.728273868560791,-4.433460535286459,-4.6083495690379355,7.927063722932545,7.993247482581594,-9.077698231574147e-05,-8.346301125262536e-05,0.9984256688919418,0.9983904866670216,0.9988812051581186,0.9987870518760732,-0.0007542814430402556,-0.000613164242372995
1695,16,5.7064337730407715,-4.609497143157497,-4.486508495713867,8.092143996151652,8.016195138667412,-4.110294591382944e-05,-8.506582761552928e-05,0.9984181021380938,0.9983763604745538,0.9985822006762699,0.9987591444798256,-0.0007130759278623113,-0.0005822416768829222
1696,16,5.485653400421143,-4.760363775209646,-4.356516274126092,8.08842356105351,8.016488896636734,-6.074028794385796e-05,-0.00013031538516865667,0.9982813598169566,0.9983509550996938,0.9986230274851232,0.9988503361419482,-0.00020853900382028596,-0.0005354846302209422
1697,16,5.753903388977051,-4.090328090853384,-4.161507137036283,7.979923093693622,7.995482112643275,-0.000157224576772088,-0.00019664448718106055,0.9983276979489136,0.9983375231148074,0.9989549662917946,0.9990152626279015,-0.00043726603567160186,-0.0005468839345786542
1698,16,5.947622776031494,-3.863578248653349,-3.9768380609111738,7.88780977646872,7.982061140513612,-0.0005128601317418766,-0.0002329309132654099,0.9982758288096847,0.9983397157781209,0.9997665343978398,0.9991179821994151,-0.0007035534627738077,-0.0005883538238595845
1699,16,5.924198150634766,-3.734411509807211,-3.8792239640675503,7.9486218212640924,7.998819010426489,-0.00031269328742413295,-0.00019163955592953243,0.9984242181479935,0.9983477514263215,0.9993401144754064,0.9990352349255583,-0.0009281459713269132,-0.0005806743312142966
1700,16,5.483500003814697,-4.1135330525950975,-3.8943033262560545,8.136699576825018,8.034594590493914,2.0487005205507617e-05,-0.00011671258828978068,0.9983802467986935,0.9983374580261107,0.9985036124870812,0.9988599672675439,-0.0004870546304613049,-0.0004977549397631214
1701,16,5.7032060623168945,-3.859633264041085,-4.012272566170287,8.094097840302803,8.06382463202247,4.309000409874827e-05,-9.948585825756242e-05,0.9983219602143041,0.9983065386525456,0.9984902163218513,0.998799330047734,-0.00026075434221084346,-0.0004275168847124591
1702,16,5.693553924560547,-3.893034504845721,-4.269987453219757,7.996773143734617,8.091881614679801,1.0517451293536262e-05,-0.00018588851904803062,0.9981959242479512,0.9982733154298459,0.9986230372686942,0.9989465719503139,-4.795262696486843e-05,-0.0004680292320760962
1703,16,6.131786346435547,-4.740867468094845,-4.644830887388573,8.163257253824304,8.134256572580927,-0.0003662924425378144,-0.00035128549765974356,0.9982610904521205,0.9982582788521088,0.9992315484383242,0.999245246319472,-0.0008518356134330692,-0.0006318866469062902
1704,16,5.896633625030518,-5.5825166679727225,-4.992074324630518,8.2151838186361,8.181341104959822,-0.0007584467494792003,-0.0004998846697907757,0.9982980258994136,0.9982592202130515,0.9999687761778732,0.9995130326127308,-0.0010721269856466165,-0.0008043294985467009
1705,16,5.813755035400391,-5.347492698665338,-5.211607874092552,8.194403161256908,8.227406366827966,-0.0006183233189442805,-0.0005448803659466203,0.9982486154322561,0.9982717155360226,0.9997647033003705,0.9995731728527003,-0.0007953952031940306,-0.0009243355585102159
1706,16,5.948276519775391,-4.975547549994509,-5.401692641961038,8.235029982360698,8.276711743523853,-0.0005964862843722413,-0.0004853820683718492,0.9980789987846928,0.9983016475092832,0.9996981509405508,0.9994021175924396,-0.0006429506776619417,-0.0010193937184647807
1707,16,6.5115437507629395,-5.029189026018496,-5.715193351230067,8.393937560062957,8.32275758127108,-0.00020627556254343277,-0.0003713837928455775,0.9986508586319175,0.9983337883103616,0.998787802739486,0.9990927753967388,-0.0018290444023652984,-0.0010690620985466552
1708,16,6.197873592376709,-6.560100791775596,-6.1357875564356,8.320805220484392,8.348971373201143,-0.00019796622244908475,-0.0002803979678889917,0.9983069645673102,0.998306323848546,0.9985952345243472,0.9988208580313545,-0.0009273986213787858,-0.000983467851979891
1709,16,5.727776050567627,-7.140176989654418,-6.4470323860644285,8.357880549153188,8.354184973043386,-0.0003027923242720574,-0.0002442863687569972,0.9982881803215456,0.9982326443611463,0.9987512606426582,0.9986792027029079,-0.0008912908872192434,-0.00086067483015004
1710,16,5.750013828277588,-6.526564116356501,-6.563027177315733,8.408071044952267,8.334286874423535,-0.00016433854300709806,-0.00026287788258088816,0.9979175085706008,0.9981536722902671,0.9984636310699151,0.998676802942212,-6.271404033063554e-05,-0.0008395999235409284
1711,16,5.751392364501953,-5.858107178855773,-6.641969095715405,8.339944237047092,8.289931410813077,-0.00018286543216247848,-0.00034039057760908603,0.998080348540398,0.9981093251050731,0.9985481375875229,0.998811690798928,-0.0008549056682868349,-0.0010042825612414745
1712,16,6.208599090576172,-6.898343150404875,-6.823834592892772,8.178414567441008,8.248807405746964,-0.0006357944201049246,-0.00044283325821867974,0.9982985066080379,0.998068379468173,0.9993736737664173,0.9990009908632451,-0.0021152746829574687,-0.0011887397704545086
1713,16,6.285745143890381,-7.399861290641122,-7.008366686845237,8.212851761023806,8.25457955913781,-0.0006137614751108696,-0.0004941272148574573,0.9979268310359681,0.997989471214094,0.9993048025764353,0.9990913808195864,-0.0011559777172148028,-0.0011895015276331172
1714,16,6.187767505645752,-7.425932435000049,-7.085743564012073,8.262186041054743,8.330725211800397,-0.0005488517611821658,-0.0004723368963960389,0.9979239751325959,0.9978929245776718,0.9991508318089282,0.9990359573067381,-0.001065195780411429,-0.001065115980353845
1715,16,5.793501853942871,-6.772051032688349,-7.092974446543577,8.45331027744784,8.47801072934225,-0.0003482762508752092,-0.0004110259657661056,0.9975902168903719,0.9977999797417804,0.9988278694538835,0.9988873304571951,-0.00035464047837177647,-0.0009332316075585465
1716,16,6.084107398986816,-6.493524932373585,-7.172809522457889,8.61059993105904,8.671749121224728,-0.00014770952778942384,-0.0003706065364699867,0.9979289012055972,0.9977203152920642,0.9984346150211979,0.998743603746088,-0.0012367791605553467,-0.0008643716061268135
1717,16,6.513035774230957,-7.790829711603258,-7.343142665219776,9.040098429767403,8.869907655580269,-0.00047770588869304074,-0.0003810424674891554,0.9976945175698183,0.9976168540248631,0.9987399887402587,0.9986698291559382,-0.001084781992899464,-0.0007784290711437265
1718,16,6.504439353942871,-8.061448491925185,-7.425047301963438,9.047450368539733,9.022491979079833,-0.0005023809614645745,-0.00040735101093803896,0.9974637438890877,0.9975047772236539,0.9987795903245127,0.9986385160093493,-0.0005341216901997193,-0.0006850215707816607
1719,16,6.189369201660156,-7.2842457695795035,-7.364752778416771,9.13337642134194,9.12615573775867,-0.0004013948443440621,-0.0004327541859616738,0.9972911715572238,0.9974345473307332,0.9985603769826973,0.9986295443084506,-0.00030806928835099023,-0.0006998273147257167
1720,16,6.30064582824707,-6.833292617773607,-7.319988811788094,9.149904928468068,9.197705928838667,-0.00037732882104132696,-0.0004727783069578202,0.9973461881192881,0.9974396412008566,0.9985217009009598,0.9986637373228164,-0.0006806668413378944,-0.0008876770656306425
1721,16,6.65894889831543,-7.166878283762617,-7.434732354408749,9.267136596035572,9.25438511187965,-0.000574838950814225,-0.0005334413826650463,0.9975289206596117,0.997500855640432,0.9988225208819158,0.9987410289101295,-0.0013759847926956576,-0.0011702140781345318
1722,16,6.446197509765625,-7.898800189687791,-7.683835283948919,9.305972709589604,9.300756667924029,-0.0005998609869083799,-0.000593171419352447,0.9977108238553207,0.9975626731919526,0.9988385678385129,0.9988200450708624,-0.0016884280382955452,-0.0013934121621217755
1723,16,6.6920084953308105,-8.211771272250534,-7.944990165905164,9.346260876452943,9.341891704522334,-0.0006739362964726978,-0.0006357120989421146,0.9976158590750706,0.9975815427728579,0.9989455452049666,0.9988736564165438,-0.0015382358355820413,-0.0014685495027110078
1724,16,6.650092601776123,-8.25182882015684,-8.158551123785832,9.443062214698164,9.385612601199714,-0.0006112511697997097,-0.0006524671947132109,0.9976581550811645,0.9975616569596106,0.9987583005004381,0.998891136345887,-0.001582722244083668,-0.0014128294146225338
1725,16,6.491931915283203,-8.224733982991797,-8.363636717518668,9.440348603513584,9.445498779818545,-0.0006344067727183033,-0.0006433113242522645,0.9974045310233656,0.9975347796761033,0.9988232844907221,0.9988741508468921,-0.0009372221227233499,-0.0012971466339759445
1726,16,6.629937171936035,-8.110355036483309,-8.635145749245005,9.24587117875567,9.551569399351266,-0.0006909201193865965,-0.0005983680180714617,0.9973736311180296,0.9975533733478998,0.9992178935776653,0.998787654694351,-0.0009971505468893218,-0.0012199990315631484
1727,16,6.703451156616211,-9.181531883970019,-8.976508841166673,9.69751187459102,9.714482213128388,-0.0007436578383869774,-0.0005088670253652635,0.9977825946470075,0.9976260002929594,0.999033814592681,0.9986032082595204,-0.001844680318079026,-0.0011713207471743948
1728,16,6.777095794677734,-9.899330367984863,-9.244722558130649,10.209905828523354,9.85535422709675,-0.00021700740225219088,-0.00040880575038196787,0.997630575787171,0.9977112299913147,0.9978463074436515,0.998443243647804,-0.0006696709760700035,-0.001098890484936847
1729,16,6.58546781539917,-9.390646995084694,-9.364197102409543,10.217186927018062,9.89366009487524,0.00015024402836128067,-0.0003923556131037321,0.9979401502805176,0.9977937561209529,0.9972306664082995,0.9985418634856866,-0.0007137043468795403,-0.0010965285409080456
1730,16,7.051914215087891,-8.897557402966502,-9.462012152341803,9.457515479097296,9.87181346793906,-0.0008499684445703626,-0.00047677783095308727,0.9978416702161712,0.9978571072752891,0.9999717816644197,0.9988995973662687,-0.0016050339950771215,-0.0011565387171978167
1731,16,7.2081427574157715,-9.486776455716074,-9.680162961305715,9.713911702330213,9.922041978169021,-0.0008163319759118656,-0.0005349694422799114,0.9978761718605204,0.9979202790344394,0.9997955492885529,0.9991704782576777,-0.0014797311207236465,-0.0011613590239505946
1732,16,6.959985256195068,-10.456147817849127,-9.992281994771599,10.23705242443056,10.070406271188599,-0.0003460526926107163,-0.0005237765020932115,0.9979195962742033,0.998005512239479,0.9987803517987587,0.9992550189155905,-0.0006719396306322192,-0.0011123968322939565
1733,16,6.7747063636779785,-10.314489962377937,-10.312112895761727,10.244109068797774,10.268650913712492,-0.0004423479895545876,-0.0004908466529780173,0.9981591795829632,0.9981158389364658,0.9991636742746945,0.99926676750872,-0.0010665045115678356,-0.0010988632571472406
1734,16,7.423304557800293,-10.324702327373517,-10.670242006089381,10.402142513994477,10.499168042725712,-0.0005423375839176722,-0.0004499141192317417,0.9982067173326689,0.9982302725051533,0.9995661907017197,0.9992218937633193,-0.001146620145017264,-0.0011061380990250583
1735,16,7.147441864013672,-10.755166070183716,-11.107079162029333,10.755984064844595,10.74248905437825,-0.00036835003278796964,-0.00039471811521166975,0.9984386882874547,0.9983325414845537,0.9990373327054334,0.9990972648943598,-0.001445813215496703,-0.0010822850262111085
1736,16,7.234440803527832,-11.876715781218495,-11.545551249327714,11.09641411184781,10.95211539765168,-0.0002765537391906771,-0.00033870367430446224,0.9982823575150316,0.9984104159936222,0.9987854069986354,0.9989513137619901,-0.0005717843862337049,-0.0010090932659150929
1737,16,7.117892265319824,-11.847444293893236,-11.81079934657759,11.104668498796464,11.088610361490803,-0.00032192858665703233,-0.0002900203680168321,0.9985655032242037,0.9984705985751907,0.9988635115253857,0.9988378149762442,-0.0011938804745522742,-0.000941461685679019
1738,16,6.950130462646484,-12.197371740632743,-11.797010500642463,11.120983733722763,11.15414242208599,-0.0003398851529254011,-0.00024016524116081384,0.9984418742350133,0.9984985712915326,0.99888935618155,0.9987626971135732,-0.0008105415520385759,-0.0008569375013200516
1739,16,6.668595314025879,-11.81243636955706,-11.459273361100866,11.233107823934308,11.162889628591378,-6.558335896629576e-05,-0.00019219371167131444,0.9986713012999816,0.9984933231028508,0.998413800416844,0.9987365048567536,-0.0009248767664667784,-0.0007696814623035192
1740,16,7.12744665145874,-10.56526385992063,-10.892786542963513,11.046910174024372,11.125878528865389,-0.00022060013659599327,-0.0001702495699907807,0.9983669628659413,0.9984572722501858,0.9989844101946623,0.9987839345540647,-0.0005298683826415939,-0.0007094336933134327
1741,16,6.9182915687561035,-9.743047566578019,-10.299462821198594,11.01761235464662,11.066492141797516,-0.00016321145101327178,-0.0001726341071815979,0.998389834747736,0.9984336658027705,0.998900932271124,0.9988598640378674,-0.0006998111526929095,-0.0007347816314268623
1742,16,6.681912422180176,-9.944327902890032,-9.776883746738912,10.968112027161231,10.987880341498716,-0.0002521988320867406,-0.00020182911471517052,0.998403973414945,0.9984504634752751,0.9990860116733054,0.9989543457520845,-0.0008874920937879008,-0.0008633372077326444
1743,16,6.599244117736816,-10.01152881693336,-9.255582163683908,11.133513060959732,10.87257919465981,-0.00010831920253663241,-0.0002647556212355665,0.9984090868141999,0.9985137325347142,0.9986173838796069,0.9990922632140656,-0.0007029508425599707,-0.001092201079568904
1744,16,6.737490177154541,-8.219987786098551,-8.72947209996338,10.530607518732449,10.712841874067006,-0.000345432318403514,-0.00037082276922778995,0.9986673687477725,0.9986055951065005,0.99946211544223,0.9993048646989384,-0.0014507205611209834,-0.0013948684316457982
1745,16,7.407196998596191,-7.783626719420932,-8.386174286391991,10.45699380794622,10.56177429175389,-0.0005678064204504346,-0.00048611541324675687,0.9987605556468494,0.9986790646939189,0.9996678180073254,0.999507069755079,-0.001919130081881781,-0.0016382738552564871
1746,16,7.141404628753662,-8.235881476291251,-8.281758785949592,10.434656067376995,10.432236845409378,-0.0006392208821445283,-0.0005637216350481014,0.9988140927805053,0.9987027387499393,0.9997266531794504,0.9996352760374224,-0.002152719868724836,-0.0016962085971041307
1747,16,7.20562219619751,-9.049574963684767,-8.269789287814218,10.484135177187135,10.295916314792446,-0.0006759024078223988,-0.0005822323903555202,0.9986496258425201,0.9986793539525837,0.9997259807243744,0.9996868908946623,-0.0014978453927807533,-0.0015539476871815078
1748,16,6.81190299987793,-8.342395146090706,-8.203975968529774,10.259850554013747,10.13101107316512,-0.0005310503102879916,-0.0005530496840142313,0.9985854207176758,0.9986458694997523,0.9995675536527286,0.9996981152497554,-0.0011101404703963654,-0.0013379845330918241
1749,16,6.440445899963379,-7.838250815332448,-8.158950302803632,9.826562133774477,9.97673889439792,-0.00045036183999539435,-0.0005169687967301242,0.9985893926886108,0.9986344795781569,0.999700999993903,0.9997129471094928,-0.0009731678845063079,-0.0011747670146972935
1750,16,6.3031229972839355,-7.83785135901691,-8.278725146713574,9.786664593307323,9.910801842422805,-0.0004301826313685427,-0.0005101169679781251,0.9985840444728415,0.99865490503899,0.9996840838176569,0.999740183091805,-0.0009188089373422854,-0.001107567085770042
1751,16,6.543894290924072,-8.377816973566237,-8.590823973460783,9.792954219786164,9.966972974406673,-0.0005525662065226787,-0.0005416903005246355,0.9987647539264256,0.9986941699516924,0.9999093294613807,0.9997717292362528,-0.0013565277851427572,-0.0010906451008598703
1752,16,6.293510913848877,-9.152780199852232,-8.953588327780421,10.195144034417448,10.118753263757917,-0.0005671991246046179,-0.000593177869227746,0.9987951205968042,0.9987201708507214,0.9996500886853639,0.9997920030735737,-0.001215753796772642,-0.00102699554574822
1753,16,6.630860805511475,-9.489443557978566,-9.145793153039147,10.434173463267692,10.28569834971938,-0.0006774737208650038,-0.0006413914647589548,0.9986619719511677,0.9987215624296552,0.9998142084950715,0.9998106496801308,-0.0008268451908754772,-0.0008966628918893391
1754,16,6.884122848510742,-9.458863408936892,-9.014428780084907,10.437717402224814,10.408036585971228,-0.0007157610004028173,-0.0006588402780999355,0.9988007079248059,0.9987099994540501,0.9998839225672227,0.9998055535466109,-0.0008799793076586824,-0.0007497719547887102
1755,16,6.892180919647217,-8.889380459883265,-8.551399335342913,10.51148228590463,10.476452328638207,-0.0007884389775779586,-0.0006305035103893421,0.9985309395171145,0.9986919281872754,1.0000024268749896,0.9997506493013708,-0.0002133429572589005,-0.0006394973305514078
1756,16,6.7590861320495605,-6.879867199193123,-7.922393818296635,10.481487661172542,10.503141231120269,-0.0003684942657942604,-0.000571120891128775,0.9988406334541106,0.9986837393297463,0.9993042377745315,0.9996599466723305,-0.0009065341799610612,-0.0006206827841056847
1757,16,6.696761608123779,-7.193921811233648,-7.3454162898791395,10.479190847741224,10.510716343531831,-0.0004960083916873443,-0.0005295076892603217,0.998550537674662,0.9986740356033745,0.9995608765152574,0.9995985796191286,-0.0004741832899003862,-0.0006576547805116152
1758,16,6.451241970062256,-7.326054088085485,-6.754618093726461,10.536984780726149,10.51583731520924,-0.000514776936572508,-0.0005055150436655231,0.9986298335509664,0.9986759172832478,0.9995474232875902,0.9995454418111369,-0.0006949186745029487,-0.0007529893086061389
1759,16,7.22736120223999,-6.702758540604122,-6.008307434010587,10.608992601267461,10.526145177132138,-0.0005312525923201882,-0.00047566198940259555,0.9988130197451786,0.9986749492615449,0.9995101906709372,0.9994434645406842,-0.0009389487886699013,-0.0008728694133581766
1760,16,6.659597396850586,-4.408752323793606,-5.168424846567248,10.410797145310891,10.55888198447189,-0.00039336353721761445,-0.0004205878154802758,0.9985341603597114,0.9986438756518681,0.9993645288827675,0.9992380366394665,-0.0007834908216893028,-0.0009579299099311515
1761,16,6.525318145751953,-3.9411064851832474,-4.4746184023348885,10.44292828367995,10.644934967125696,-0.0005546697971308449,-0.000334904379552596,0.9987444907575798,0.9985820806396124,0.9994950051889195,0.9989020726210747,-0.001606219567445771,-0.0009501774843860558
1762,16,5.606533527374268,-4.173093133184822,-3.957419756343026,11.026862979926866,10.763715384943529,-4.2317514128439774e-05,-0.00022516568770822044,0.9984357717843784,0.998478709951507,0.9978649150185035,0.9984923842785833,-0.0006812421341742241,-0.0007936781669783107
1763,16,5.912852764129639,-4.283570649025988,-3.4549587659596344,10.91507001135918,10.84604230062046,-0.00020600568758048443,-0.00014539476246120794,0.9982868429038195,0.9983587965453417,0.9982370650749876,0.9981976743853601,-0.00027588229269026203,-0.0006015335530666641
1764,16,5.655001163482666,-2.3355005074485877,-2.897678889095972,10.861523025249346,10.89596902517935,-3.8875938243236775e-05,-0.00011278349272930551,0.9983749675132967,0.9982401779457771,0.9979421605824755,0.9980556763990098,-0.000729144080662261,-0.0004742596478406774
1765,16,5.583845138549805,-2.17313172462322,-2.4422477763928963,10.885905118332161,10.956606233226715,-3.137608809728513e-05,-0.00014291974170177414,0.9979493319502418,0.9981258657466667,0.9979085685584776,0.9980580419494943,-1.9894451579406487e-05,-0.0004239450842389743
1766,16,5.430896759033203,-2.154290764360565,-2.111738199550852,10.911454334483528,11.060010195907608,-0.00020957554667580322,-0.00022414605609797462,0.9980674473720333,0.9980416256533673,0.9982214318354574,0.9981521914481237,-0.0004361265503751753,-0.00048569786189309877
1767,16,5.653933525085449,-1.9946792846265347,-1.8040210607998461,11.322544533938778,11.201458330494868,-0.0005330077062039152,-0.00030277709290976187,0.9980715047981891,0.997970280849582,0.9985555419206549,0.9982351725434647,-0.0010567594884189552,-0.0005834834887301222
1768,16,5.682258605957031,-1.7676524015457504,-1.4242753976753453,11.398492856869087,11.332750547569418,-0.0002971602717058173,-0.000329702070149125,0.9978224009483645,0.9978969177896562,0.9981222460562853,0.9982394003512676,-0.00038330442974526905,-0.0006306698748995572
1769,16,5.938314437866211,-0.41736107357092306,-0.9674490344428018,11.422405485377437,11.436822155376586,-0.0002173150723224894,-0.0003240885185249718,0.9978224612783759,0.9978345180833177,0.9980643956478785,0.9981938346295693,-0.000599187748153698,-0.0006653478227430162
1770,16,5.568789482116699,-0.5798412789534236,-0.5085368962011659,11.482765400377323,11.525474755316916,-0.000430602458378941,-0.0003048104578467836,0.9977660537188571,0.9977798178014657,0.9983822334396198,0.9981060726553944,-0.0008649351957979334,-0.000680414549524182
1771,16,5.4256768226623535,-0.5886689670534282,0.012821491804200558,11.661411864372727,11.60787570567393,-0.00021774082023967275,-0.00026555239510771587,0.9977700146550782,0.997718983058353,0.9978193651904862,0.9979568560922665,-0.0006539074370393324,-0.0006438392261784212
1772,16,5.6967620849609375,0.620428536443052,0.6284772046258698,11.656730702470291,11.682910192048775,-0.00027945032495835817,-0.00022767082792475728,0.9977572275717934,0.9976369959700873,0.9979121339533114,0.997793084457258,-0.0007345088935967139,-0.0005774765511925579
1773,16,5.681038856506348,1.853403602194812,1.172107149617186,11.716214109379848,11.761144618239834,-9.411420617144351e-05,-0.00021120395782189155,0.9973340214227445,0.9975434000141987,0.9974920819118706,0.9976488025257555,4.972592365338544e-05,-0.0005331522304041752
1774,16,5.552628040313721,1.7268013469505223,1.4800192238234986,11.862380307330822,11.84575940278766,-0.00014940668532850124,-0.00023937294934136692,0.9976010680728756,0.9974729301208063,0.9973838626448318,0.9975719450039469,-0.000952015792662794,-0.0005669553098399931
1775,16,5.690533638000488,1.419660212125604,1.6198404811184925,11.946554450439313,11.925194477967096,-0.00042035592368917086,-0.0002958172787385222,0.9973205972772549,0.9974144874046659,0.9977243082755678,0.9975560044921125,-0.0005384481007410443,-0.0005957818424863106
1776,16,5.668779373168945,1.4280979720449731,1.7745752708138265,11.96708626966135,11.991293920998496,-0.0004326143308310943,-0.0003363677058544646,0.9973946182082252,0.9973737564868503,0.9977315410343347,0.9975360320065908,-0.0006950680611360017,-0.0006080879853861812
1777,16,5.5851216316223145,2.153910216282359,2.0572667537241327,12.059575112757503,12.041979281101826,-0.0002453575994587273,-0.00035608069526962913,0.9973084673811131,0.9973388982667546,0.9973049973965066,0.9974999521092446,-0.00040306673555828116,-0.0006116212902993741
1778,16,5.760788440704346,2.508926062882075,2.46478609970114,12.116468167558502,12.070661752469663,-0.0002589053167193723,-0.0003810578628254197,0.9973822623200953,0.9972948795818704,0.9972538331697425,0.9974945118532421,-0.0007121673015365265,-0.0006204193164266353
1779,16,5.838789939880371,2.448787771875556,3.0007770632847772,12.03735013768514,12.07794428950064,-0.0006270248217751123,-0.00040062776390644415,0.9972614327905256,0.9972254890246287,0.9979136737267852,0.997501761266223,-0.0008022303813115391,-0.0005968111650721292
1780,16,6.006272315979004,3.6959473833645644,3.6477072401453383,12.07882408376546,12.076877973537746,-0.00044991169480703834,-0.0003749911080615136,0.9970255666736306,0.9971419480009354,0.9975560240000225,0.9974455573501779,-0.00030250544811078194,-0.0005309353950552699
1781,16,5.744975566864014,4.9604757026828805,4.225334252448266,12.098680693679269,12.071721728392163,-9.226908168691282e-05,-0.0003302054809777506,0.9971849953069891,0.9970644788426339,0.9969439338679921,0.9973661929429074,-0.0005699487887317102,-0.00046590558656178956
1782,16,5.607248783111572,4.643953684724942,4.582590361784955,12.025912118262422,12.066293071305175,-0.0003298509449631877,-0.0003140023398707216,0.9968836776199627,0.9969901304086879,0.9974255544337511,0.9973363852653094,-0.0002913544685291267,-0.00039944893552119
1783,16,5.743312835693359,4.41145525432085,4.8048655031823095,12.078564338363282,12.06974844890262,-0.00038692557973386143,-0.00030724505249170157,0.9969612757202096,0.9969361517067991,0.9974586116371195,0.9973132687567474,-0.0004913836831061965,-0.00033576324061605534
1784,16,5.773317813873291,4.790722190024116,5.023303843921974,12.126816633221186,12.0813412387153,-0.0002921737182381151,-0.00028350348859054796,0.9969066154732775,0.9968976648725472,0.997239795669473,0.9972605028292769,-0.00014220828195315386,-0.0002652458922392676
1785,16,5.743605136871338,5.481985744187059,5.2338538664962515,12.12738677304774,12.103407024600768,-0.00025428666608191613,-0.00024297643629489856,0.9968294717863058,0.9968699222782432,0.9971695709295028,0.9971922247319552,-0.00016776916345377342,-0.00020856405399591538
1786,16,5.6237473487854,5.481514756955855,5.349248445316625,12.053163190383682,12.154892354736779,-0.00022032448596450625,-0.00019560048170526952,0.9968442147594273,0.9968497568181823,0.9972059566966027,0.9971256795630759,-0.0001562749828810656,-0.00015722677592933159
1787,16,5.556690216064453,5.595966876690527,5.351559545045415,12.167216307480382,12.257726114158848,-4.8742103990009e-05,-0.00015742831883372964,0.9969067805366547,0.9968217130735763,0.9969520142771562,0.997075775731713,-0.00024454684322626296,-8.049996327590953e-05
1788,16,5.393405437469482,5.049224498132856,5.302829553825318,12.467986543636865,12.396671915558352,-0.00015392637063504146,-0.00014457128237482157,0.9969097263216834,0.9967721683466323,0.9969968732090311,0.9970710724485072,-0.00030093962398915176,4.2878973709455234e-05
1789,16,5.729284286499023,4.705050915831724,5.3322502822756,12.603195861807087,12.525684363976536,-0.00029052002486083063,-0.00014155233958781965,0.9964872412724276,0.9967248974631817,0.997339816742983,0.9971014551501955,0.0007061522541537556,0.00015500668876472102
1790,16,6.0036516189575195,5.702616025142784,5.458426194068085,12.631103536162128,12.620423120693912,-3.145224352699517e-05,-0.00013888538593577533,0.9966973518998828,0.9967359531538497,0.9969824938902662,0.9971418122495693,0.0002681629048948865,0.00011780468770401857
1791,16,5.945101737976074,5.744328453786452,5.503403077960958,12.644590838946355,12.687134672227717,-0.00015552426269121653,-0.0001659513168491568,0.996781686163234,0.9967956625781864,0.9972435107613954,0.9972230426615613,2.867391711305683e-05,-5.17552397542514e-05
1792,16,6.004528045654297,5.967186407090518,5.332931046885075,12.717592594858461,12.738080525140939,-0.00010785777668214535,-0.00023032633555763142,0.9969341170075007,0.9968631321059318,0.9971443166875242,0.9973478022445755,-0.0005230996965667567,-0.00024219175116778617
1793,16,5.787923336029053,4.821174496858108,4.9527705848190715,12.832673049670635,12.771813359058587,-0.0003535146549629578,-0.0003189819340833098,0.9970903087526916,0.9968956631490316,0.9975284775089834,0.9974974834340351,-0.0007722618229741116,-0.00032740696183903873
1794,16,6.0331339836120605,3.81670252504108,4.569178132275777,12.819037740204655,12.782133352758569,-0.0005136996500593695,-0.0003836303286722224,0.9967642468348058,0.9968860489694866,0.9978270650739499,0.9975957358073088,1.0318133410738413e-05,-0.00029470592346950814
1795,16,5.929431915283203,4.0546665472381545,4.338931684188764,12.793396605202174,12.782881188665517,-0.0005039896014602815,-0.00038720477501309703,0.9967224580404452,0.996883390682529,0.9977988652395425,0.9975778522435117,0.00010551711992565442,-0.0002670634365412431
1796,16,5.759340763092041,4.874315722116566,4.159369375125515,12.764356716259947,12.804562378340579,-0.00016842184676239144,-0.0003435554095116732,0.9970748767732759,0.9969027063647031,0.9971509944665342,0.9974683473323676,-0.0005759046451385241,-0.0002811341518559613
1797,16,5.936819076538086,4.066617639348954,3.839543871600594,12.677471197051684,12.880568618353237,-0.0003715997207154247,-0.00029844532693213755,0.9968355107757175,0.9969140242243237,0.9975869949434594,0.9973520999627247,-0.0002988516919756717,-0.0002596336864902191
1798,16,5.951932430267334,3.2858104182246333,3.405576144384198,13.081361018438322,13.017155940994577,-0.0002532517266550904,-0.0002578802855641693,0.9970181474584179,0.9969224352823732,0.9971566532793567,0.9972504651445148,-0.0003872010965495166,-0.00019114293577492916
1799,16,5.942094802856445,2.7511379914133647,2.9990800819769903,13.263902202893917,13.16041642928608,-0.00021896016479883043,-0.00023626265550946786,0.9968581796452651,0.9969297055961708,0.9971065310005987,0.9972247179604743,0.00010521799353638018,-0.00011395698939953689
1800,16,5.527604103088379,2.726177200234921,2.7236093670136907,13.334350138282932,13.268399134970764,-0.00011529916750697609,-0.00025084401210050697,0.9969885319151509,0.9969553157937271,0.9970522406331889,0.9973164630101159,-2.458773107190448e-05,-0.00011237259594450334
1801,16,5.646471977233887,2.6567684268602716,2.5982197326085585,13.186529163546389,13.340801064871853,-0.0002955566808655182,-0.0003025351089711928,0.9969075092972361,0.9970068563086141,0.9975950190734704,0.9975032490017776,-4.964443304198087e-06,-0.00021186405341165802
1802,16,5.65657377243042,2.463058903455532,2.6284624858722734,13.448187713085527,13.393992302482363,-0.000483002858586173,-0.0003475264137655381,0.9971259162970162,0.9970891989058787,0.9978791161937237,0.9976772545038203,-0.0006073010367766904,-0.00037726570979814246
1803,16,5.777632713317871,2.4047026877634945,2.825483618424204,13.415853317277774,13.405528677930924,-0.0005257665951084764,-0.00033969734028889995,0.9971250315345425,0.9971816304626069,0.9981137260094665,0.9977542554215764,-0.0005587334618919723,-0.000519721878380797
1804,16,5.553576946258545,3.218519948622913,3.1207799412496318,13.511159327688127,13.358637863781837,-0.00014371484892833317,-0.0002891104982732111,0.9973379578566963,0.9972627686668721,0.9974160518715877,0.9977480885914272,-0.000564971285417731,-0.0006091105385857226
1805,16,5.977742671966553,3.954149027809397,3.310510936021056,13.230286499766823,13.256002909686238,-4.990435836262646e-05,-0.0002624879382868504,0.9974060948797947,0.9973025272730965,0.9974265625064959,0.997773341003598,-0.0006812929546349453,-0.0006418674380004859
1806,16,6.015897750854492,3.7247139991142855,3.2380370804356122,12.97899284280666,13.147262602790143,-0.0003786134709581632,-0.0002789220391499962,0.9972354814317483,0.9972980305857111,0.9981230543760667,0.9978413060490069,-0.0006259540071661681,-0.0006065163247143012
1807,16,6.080874919891357,2.8584208964284086,2.9868805440209854,13.001012489051732,13.073526141597526,-0.00034011060218867454,-0.0002889847559688927,0.9973727150733327,0.9972790697460803,0.9979702270403921,0.9978530429444044,-0.0008498874349376791,-0.0005015533783202604
1808,16,6.011301040649414,2.2122157405713185,2.8272048074796268,13.066506702077222,13.01751927793906,-0.0003370064083701077,-0.00026114374770086203,0.9971024569808372,0.9972714101109399,0.9978732991189935,0.9977774308954949,1.4757132625437136e-06,-0.00036058892293684664
1809,16,5.8049845695495605,2.2241692009568945,2.980744115611356,13.119612553927036,12.931094132862281,-0.0002569565153725507,-0.0001925628405325529,0.9971459861183052,0.9973114890775185,0.9975701967268242,0.9976472450303666,2.0106942503713374e-05,-0.0002962014322578904
1810,16,5.617353916168213,3.808972123630638,3.414854823214538,12.679485812409517,12.79002568112684,-7.756556729273357e-05,-0.00011221010195192861,0.9976723597918336,0.9973788354588319,0.9975558878793899,0.9975271927551836,-0.0008066988120251133,-0.00031309254934325454
1811,16,5.9258222579956055,4.590400931610934,3.8478085237786672,12.562835890032611,12.623289312878056,0.00012054648273438428,-7.194917619081065e-05,0.9973176532636701,0.9974121380018198,0.9972495595062385,0.9974677249995089,-1.7188736926605447e-05,-0.00032966076438404105
1812,16,5.595184803009033,4.172763365283619,4.119813117961664,12.500660784430153,12.435115414156966,-4.8584092436195906e-05,-0.0001030532313523151,0.9974444509759843,0.9974221740321862,0.9973654604561181,0.9975057010469413,-0.000495947524015805,-0.00037088191607861974
1813,16,5.530284404754639,3.6557312430013456,4.332827761713693,12.416508919846777,12.207762101940984,-0.0002898156743305966,-0.00017103719564972507,0.9972926569307778,0.9974156441054497,0.9976586829892644,0.9976026136116046,-0.00017511779199539526,-0.0004148758526903197
1814,16,5.816593170166016,4.650032634287865,4.608616713761161,11.767158773125354,11.95596895835177,-0.0003925176222742233,-0.00021899392938532245,0.9976843168131868,0.9973893199745952,0.9981438380148014,0.9976636634360184,-0.0010635480850638306,-0.0004362731405390207
1815,16,5.825444221496582,5.5238309189512975,4.8622657224613945,11.566136997723191,11.751062984707772,5.361268138407607e-05,-0.00023665178671962306,0.9971362753498948,0.9973255756761632,0.9971452142426847,0.9976377517100049,0.0002422404586195551,-0.00039207181347179234
1816,16,5.800044059753418,5.033017596859096,5.019047961826533,11.574291985319077,11.608442767095143,-0.0004401096515269775,-0.00025425616965113034,0.9971802204714827,0.9972734054663484,0.9979015123106973,0.997588273206044,-0.0006258127634495317,-0.00036480481512984485
1817,16,6.023456573486328,4.288662788922119,5.212230092691729,11.764998283176665,11.469378179357538,-0.00029369517307016596,-0.00024037656741090411,0.9972334511734996,0.9972390480750866,0.997365768335008,0.9974881129083083,-0.0002907197068961018,-0.00031014007810400404
1818,16,6.953891754150391,5.420286915530883,5.560429481947917,11.216487031408342,11.272733846683982,-0.0002679399414585607,-0.00020263087498687202,0.9974753907637047,0.9971849856582731,0.9976453002281098,0.9973596534179672,-0.0005319894057509426,-0.0002139973509533487
1819,16,6.0700459480285645,6.609537207061616,5.893953412887916,11.031707121097853,11.040283408834302,0.0001851828368905526,-0.00018369313549886947,0.9969974941146272,0.9970851660619555,0.9966248563088586,0.9972324281367376,0.0003278141745552327,-9.883930658262914e-05
1820,16,5.9723591804504395,6.577633386380242,5.9878725984522365,10.70034226211751,10.799759717943438,-0.0004785568364230297,-0.0002207743843296757,0.996890306537015,0.9969879045214864,0.9977430687543272,0.9971609820438895,-0.0002055406804191236,-4.2631898380070984e-05
1821,16,5.671590805053711,5.576116965784167,5.868011483439381,10.56348296364309,10.564811775791801,-0.0001330564237394071,-0.00026404103287716493,0.9969341393984547,0.9969280148182903,0.9967614770283616,0.9970809395600924,6.312444000554327e-05,-2.937183273317924e-05
1822,16,6.033870697021484,5.458541882549448,5.770663325997405,10.381123672581449,10.318111673652881,-0.0004886379232871277,-0.00030401021858429255,0.9968551479854565,0.9969045068624509,0.9973372866361734,0.9970341775049402,-7.096810972671353e-05,-5.3209757816480085e-05
1823,16,5.496826171875,5.749148094283715,5.862237594610452,10.071273305308294,10.039124263943455,-0.00023456127206566586,-0.0003238667382321234,0.9968866301544088,0.9969071519562928,0.9967889121147664,0.9970300170663038,-4.8621048864182205e-05,-9.314974077276997e-05
1824,16,5.274899482727051,5.5702455512683136,6.183005908950209,9.952804431243845,9.72881586362573,-0.00035801825143009575,-0.0003453329640257165,0.9971201805245761,0.9969096449449217,0.9969663711303316,0.9971254097764995,-0.00047834525366372005,-0.00012281912437492375
1825,16,5.661921501159668,6.9549431581951895,6.664226883787635,9.167187977728375,9.421225672874646,-0.00036476197848465627,-0.0003768022527213366,0.9967830690498026,0.9968924699883408,0.99747469337501,0.9973109194756582,0.0002497556521646719,-0.00013182434297346484
1826,16,5.775722026824951,7.77934165355261,7.052665413272936,9.123685434983392,9.205563258970248,-0.00037397218606363653,-0.00042275284112079376,0.996728247635296,0.9968940510300806,0.9975193520061791,0.9975193395169284,0.00021936970760317068,-0.00019145719428366538
1827,16,5.944956302642822,7.629291593152645,7.192537928587193,9.031473412460118,9.103459324210169,-0.0004836341137542478,-0.00048115562170625374,0.9970881876853729,0.9969228416419962,0.9977883469913719,0.9977217659285963,-0.0010548310719059534,-0.0002507887631191334
1828,16,5.655327796936035,6.411447041010498,7.208794785495191,9.259825934136071,9.085895237611496,-0.0005566651956589858,-0.0005341426893355468,0.9970303452195098,0.996940067673878,0.997754636524197,0.9979071625215158,-0.00032559297441967297,-0.00016328406127401606
1829,16,6.250855445861816,6.700235385857135,7.353368201829558,9.156330473201882,9.10917533578132,-0.0005115523271736398,-0.0005625897561861051,0.9968177245339312,0.99695158056014,0.9979250836414326,0.9980728657049528,0.0007262796776950395,-8.366013187141369e-06
1830,16,6.1194658279418945,8.26839216084201,7.613742977865325,8.958926331044362,9.181988794305688,-0.0007174209495738582,-0.0005508134328250278,0.9970050127588255,0.9969941139057291,0.9986667447775754,0.9981626370831074,-0.00022197450043610133,7.707568010045694e-05
1831,16,5.981751918792725,8.18924770261842,7.7703117140732525,9.238270011093684,9.323875249556519,-0.0005895486261046213,-0.0004822422930440685,0.9969250099858068,0.9970725321188995,0.9984138003266864,0.9981022784781834,0.00022465643855069012,0.00013913984836678956
1832,16,5.604840278625488,7.465884254909691,7.783348784521882,9.783456818782353,9.484403445043922,-0.0002460917315854941,-0.00039468647696137355,0.9974390406734573,0.9971738321442977,0.9974822989849982,0.9979816289238042,-0.00027971580110378036,0.00019516670639141274
1833,16,5.816539764404297,7.241803315765901,7.76461332810823,9.647534797878969,9.593869088911344,-0.00022050156762297855,-0.00035939541154505616,0.997197359960445,0.9972618315771756,0.9976613122212291,0.9979838050468807,0.0008653606916389074,0.00022875192721425364
1834,16,6.2811431884765625,8.743284517530364,7.717718180747871,9.471785737187725,9.6741033606157,-0.00024245132842525677,-0.00039840852213787346,0.997185868228624,0.9973674517867525,0.9980310381605013,0.9981339474028611,0.0004356430489266049,0.00012992167794201895
1835,16,6.268656253814697,7.450445834618665,7.536163538082012,9.667315041309815,9.77197296403637,-0.0006722789044267409,-0.00046774926419157546,0.9975707303621482,0.9975091199782937,0.9987579130969304,0.9983109933330786,-0.0005991751097328125,-2.9749109037371718e-05
1836,16,6.152661323547363,6.681546935659971,7.370534629290492,10.01870974214827,9.870806911753878,-0.0007558563433667648,-0.00048171227488507,0.9977711979062868,0.9976510869010562,0.9987431111784938,0.9983716804367962,-0.0004890555141920023,-8.130173576823403e-05
1837,16,6.213904857635498,7.015899176487201,7.370367195989143,9.962401403300046,9.918998395098095,-0.0003686700054360714,-0.0004241984413970259,0.997649251474329,0.9977714140699848,0.9981831626560851,0.9983254200072261,0.0005583258500899609,-3.247221984126411e-05
1838,16,5.983665943145752,8.218939913779945,7.446181798327539,9.83532552073297,9.904694827089987,-0.00017576550580982052,-0.0003722061201172276,0.9980108791892114,0.9978795921752928,0.9980277005816109,0.9983153535349508,-0.00016980990991944108,-1.128341527380016e-05
1839,16,5.673863410949707,7.956617902015862,7.4100402028178864,9.823710599957662,9.834772552493655,-0.00022974815389707585,-0.0003917971096895334,0.9978832584537751,0.9979676872658496,0.9981456997795418,0.998448210613427,3.3778052924723686e-05,-1.2356774332389382e-05
1840,16,5.926380157470703,6.682508572019233,7.324974707250569,9.754892004051944,9.697406135467403,-0.0005172542972022211,-0.00047258830900713853,0.9979852093158307,0.9980519598132507,0.9987358905857565,0.9987091544513628,0.00012587310871471847,-3.0876180648988926e-05
1841,16,5.920186996459961,6.5629569388333895,7.434244444842717,9.728719866979667,9.476437232825928,-0.0006229590474444237,-0.0005421163405964786,0.9982454362753994,0.9981271973288888,0.9989321134599587,0.9989691382970847,-0.000250455418822432,-4.7703698093350136e-05
1842,16,6.352390289306641,7.95063625481972,7.761113479615099,8.910469993895235,9.191654703697807,-0.00085084934989707,-0.0005350817586060315,0.9982517522040324,0.998170252572417,0.9998889988239303,0.9990808478469193,-0.00024252827980567748,-7.735014299460168e-06
1843,16,6.482729434967041,8.661442981485141,8.027662175626311,8.772591833808923,8.923590943598601,-0.00045168346750365794,-0.00043752341579777153,0.998139331322281,0.9981949942946982,0.999139814143907,0.9989471778209311,0.0001591791742298903,7.68930421559423e-05
1844,16,6.413660526275635,8.778610803073128,7.991378579073094,8.634960613167369,8.678271620885084,-0.00017963652908141076,-0.0003356405375932466,0.9980451202683953,0.9982442589459799,0.9985574045690506,0.9987201269881154,0.0003490111861911648,0.00011543418282924879
1845,16,6.252890586853027,7.448713538232843,7.665905397749443,8.621476912774773,8.393884318987833,-0.00034797792871276556,-0.00033157236149572656,0.9984039395831849,0.9983360901487615,0.9984491633092835,0.9986553540523208,-0.0002366268077435728,4.092775222920298e-05
1846,16,6.223597526550293,6.415051767721739,7.325475918814361,8.104543910311138,8.001828648100314,-0.0006304107980051361,-0.0004840154142205322,0.9984490446666708,0.9984311898283112,0.9991004392012084,0.9989595813620427,-0.00011181927352493748,-0.000159783363325306
1847,16,5.553926467895508,7.093996618167957,7.169759096418162,7.662322932580522,7.5055359121325065,-0.00037452720674379406,-0.0008560047910606476,0.9986782553029704,0.9984971483420485,0.9987489548595518,0.9997768877842554,-0.00021239339048114689,-0.0005615777665243357
1848,16,5.828399181365967,7.996978896241362,7.105401067063336,6.926372706192656,6.9682582442850896,-0.00048377907132924274,-0.0015173902709537136,0.9982930866140264,0.9985261863540323,0.9994243849838579,1.0011969073421014,2.6178371108938256e-05,-0.0012181229466882587
1849,17,6.116092205047607,6.7170806191216785,7.016038913464548,6.181764942399525,6.5071210027324735,-0.00329744320473683,-0.0023174875932922487,0.9986885961628537,0.9985510386691181,1.0047706861274197,1.0028590886377386,-0.0033405440216947636,-0.001973605926987628
1850,17,6.180238723754883,6.466905743615545,7.029971850624476,6.203708735375238,6.212764404001432,-0.0032546182941125515,-0.0028276045734073993,0.9985306832456436,0.9985579317867278,1.0046758966690366,1.003928613951269,-0.002742694684217641,-0.0023706441249654684
1851,17,6.175831317901611,7.056662247406577,7.204055701938569,6.141899722766207,6.068070765230978,-0.0029951079003570857,-0.0028860615663576675,0.9985370264758365,0.9985568819340978,1.0042779861060658,1.0041034876150026,-0.002075019373517164,-0.002321770560470451
1852,17,5.989395618438721,8.07406222075458,7.380912133018499,5.844184328721198,6.032954240580733,-0.003059417576994502,-0.0025535173735811503,0.9986041372834479,0.9985586552832204,1.0046183365787187,1.003485201683073,-0.0026221753939174998,-0.0019470457081781933
1853,17,5.994592666625977,7.843541453097288,7.367595206614205,6.11066077058611,6.074826018211952,-0.0013683619363346461,-0.0019999240478507712,0.9984175885609629,0.998569220494174,1.0012405126272876,1.0023813108429627,-0.000635600201028751,-0.0013721558242607986
1854,17,5.650860786437988,6.717836722286982,7.221412300722831,6.325734459241575,6.10895435172167,-0.001393949449361702,-0.0015161675803795247,0.9986915544889202,0.9985954189690867,1.0009915561796647,1.0013867764306565,-0.0010631616910559414,-0.0008616074473442771
1855,17,5.684040069580078,6.474423639315244,7.1671939931818835,6.217249274035449,6.064945559170244,-0.0010515369314154789,-0.0012201485917955604,0.9985800371501812,0.9986068557821477,1.0003060125106644,1.0007872894695362,0.00015305965502083698,-0.0005136106110076132
1856,17,5.988418102264404,8.156344615742857,7.243440471964741,5.731199376749082,5.959935895079432,-0.0010020475152555971,-0.0011242873190996025,0.9986505861624773,0.9985906344981996,1.0005724531217643,1.0006054101236108,-0.000540379232721262,-0.0003787588576521883
1857,17,5.77710485458374,7.474758526458003,7.2909424754573475,5.829143999065376,5.861077115214598,-0.0012932589701801795,-0.0011651349820125676,0.9985792892611275,0.9985377946030162,1.0009114163383197,1.0006687718449936,-0.0008273712652899753,-0.000316564571649739
1858,17,5.887402534484863,6.560099627888253,7.402711876648729,5.942523457077118,5.7717227121466,-0.00127077123212687,-0.0012363690028599657,0.9984199256059477,0.9984599030608432,1.0006973270139807,1.0007744483390744,2.2662110140772466e-05,-0.0002254235309079377
1859,17,6.415836811065674,7.585930332079047,7.737230657934635,5.581636103276344,5.680182184934504,-0.0013834640818393628,-0.0012667059680007322,0.9983046181700109,0.9983837436599027,1.0010819548957428,1.0007903087619332,8.431384544821841e-05,-0.0001644225351152371
1860,17,6.261876583099365,8.635612161337887,8.182102454207184,5.455983624399289,5.6200599216053195,-0.001366754426609161,-0.0012156644198110435,0.9983449862549125,0.998320344345466,1.0010520582082834,1.0006017420004916,-0.00041621702740053315,-0.00013452696642882352
1861,17,5.982470512390137,8.79840477235896,8.545036818960414,5.623149218879069,5.5952673295814535,-0.0011419448992695265,-0.0010937937109044313,0.9983000367744878,0.9982548036328114,1.0003425107143293,1.0002140845318284,-0.0002310662302350679,-6.132341307155343e-05
1862,17,5.629091262817383,8.873592670896539,8.785350001340664,5.742167455914913,5.55258900604,-0.0005259380620305367,-0.0009722288568044616,0.998116522786251,0.9981774815610989,0.9988313045843957,0.9998076453349786,0.0005463404831497058,4.6473250327441176e-05
1863,17,5.920785427093506,8.838750805816495,8.987212090471155,5.467452051819143,5.450658709531186,-0.001085862563864608,-0.0009124077893954785,0.998185166267037,0.9980902058325829,0.999852662473029,0.9995584084509719,-0.0002989711335774995,0.00014476910280670707
1864,17,6.084847927093506,8.836564064112514,9.272570353580704,5.325849872222897,5.314833680803331,-0.0010522862315498253,-0.0008451527379941939,0.9980217366843426,0.9979858639257199,0.9996771034521066,0.9993515633456785,7.794736120891527e-05,0.0003061845615262793
1865,17,6.043701171875,9.854212170214733,9.68766910320332,5.041513118325536,5.192579326664294,-0.0007302985349844706,-0.0007369938887579825,0.9978421206840535,0.9978859525146306,0.9991909127503054,0.9991125617761802,0.000667902792434732,0.0004826993042223432
1866,17,5.76979398727417,10.013007781938592,10.140583165962001,5.127385930204689,5.124122320276462,-0.0005866635440151373,-0.0006342642635651122,0.9975687785771837,0.997827630354455,0.9988124877196118,0.9989011665573565,0.0011883827627889164,0.0005321405664951064
1867,17,5.8362555503845215,10.729638711865022,10.54749863051677,5.154838418913956,5.1023366974683215,-0.0004993226680673232,-0.0005938019266129783,0.9979551515434795,0.9978155756621422,0.9986138188999423,0.9988210450190628,9.824998878401932e-05,0.0004074839480308147
1868,17,5.790211200714111,10.981343502069887,10.810908460417401,5.143355678942635,5.1133344855164315,-0.000568528106876988,-0.0006485360494782406,0.9980109948465251,0.9977772469014438,0.9987518371002971,0.9989360621867674,-0.0002658218583490039,0.0002670654128671468
1869,17,5.751643180847168,10.43026543016986,10.89634163602869,5.184775956085392,5.163121036001801,-0.000721065117066926,-0.0007900350013049129,0.9975590585059431,0.9976836293859725,0.9990179651705592,0.999219939918408,0.0007700149385086008,0.00017835605780221176
1870,17,6.321098327636719,11.067322103444774,10.801777182989477,5.109168673579712,5.273627954156085,-0.0011416491347770873,-0.0009702094162324695,0.9974954451646888,0.997583575120316,1.0000387147650764,0.9995523743787653,0.0001332677060792504,5.737272818968233e-05
1871,17,6.273654460906982,11.436384600769026,10.4065116364137,5.36455095349342,5.463487646381698,-0.001037524691339285,-0.001125133474835975,0.9975860542931001,0.9974971827347214,0.9997526090508352,0.999769562250175,-0.00044478314145198904,-2.2799203958850944e-05
1872,17,6.120204448699951,9.461327718486903,9.715810731840108,5.902187780737628,5.693752791459032,-0.00127685980968817,-0.0012320711332793873,0.9974537332709944,0.9974136527118049,0.9997917522316243,0.999842255160901,-0.00024066089397835555,5.022109749369707e-05
1873,17,5.647762775421143,8.278302747386988,9.05972583854459,5.943766543328528,5.898052907885206,-0.0013398172547094576,-0.0012577149156950945,0.997284440100831,0.9973464538160874,0.9998611777625382,0.9997699691260845,0.0004837611742681795,0.00023870546345880505
1874,17,5.5590667724609375,8.318874652987441,8.703273615443816,5.984876975989687,6.072512926064188,-0.0013729107895858754,-0.0011829693741383586,0.9972491600308391,0.9973236821714216,0.9998980874020643,0.9995423550609258,0.0005717890859578734,0.00039928798266283637
1875,17,5.747531890869141,9.060218853151515,8.599277578806287,6.121699571430385,6.237732701723163,-0.0009349774374647207,-0.0010355046336610824,0.9974362308633574,0.9973497786173993,0.9990975953503656,0.9992051417033891,0.00024973477409745865,0.00046129825809986316
1876,17,5.643962383270264,8.42684633093561,8.54482690744631,6.52250810711317,6.379196863780854,-0.0007907154526459241,-0.0009051617758647295,0.9972638850853084,0.9974061872868379,0.9986539221087439,0.9989219456077261,0.0009572704490761094,0.00041478921290890463
1877,17,5.6199445724487305,8.743873047864307,8.446861782804122,6.5276527305583265,6.448736996401948,-0.0007361326464968809,-0.00085505964671079,0.9975862344915628,0.9974847639480008,0.9985562785965386,0.9988284686020034,6.165259979117986e-05,0.00023965307772958822
1878,17,5.583621501922607,8.624730184118006,8.235799636870746,6.386722418298151,6.442847411766644,-0.0008928107841247178,-0.0008920826651661654,0.9975630298047373,0.9975456259209692,0.998990159984837,0.9989397752549112,-0.00017349943681027946,6.388727656536797e-05
1879,17,5.259183883666992,7.543733326520396,7.96370906729427,6.398957679111076,6.3915366005013,-0.0010306044754712458,-0.0009740402821014255,0.9976340071211546,0.9975723247039946,0.9992436353644931,0.9991621765589642,-0.0001381005749873555,-1.856412576054672e-05
1880,17,5.064271450042725,7.568386494095359,7.801258128639498,6.3161529681419015,6.313264783090171,-0.0011627661700301455,-0.0010539472080519337,0.9975005546341396,0.9975679892133112,0.9995793906331424,0.9994031632794991,4.1136298447718335e-06,-1.821818687245918e-05
1881,17,5.470966815948486,7.851043352740841,7.786641693830275,6.230104632088025,6.224609790433253,-0.0009820068080919472,-0.0011138855901075939,0.9976355515089429,0.9975525264067482,0.9993869685011832,0.9996179194121493,0.00012103120243876661,-4.619903280136003e-06
1882,17,5.384810924530029,8.015520168015984,7.845724857668932,6.084288795094518,6.144264269244619,-0.0012422871275673958,-0.0011678153378286845,0.9974416264321486,0.997534523261921,1.0000116199213271,0.9998109135105263,5.4564732694128495e-05,-3.916708053744633e-05
1883,17,5.05058479309082,7.686368388712757,7.92015725216486,6.104321812336993,6.087926927713452,-0.0013108743603540154,-0.0012010383868116636,0.9975000662318209,0.9975367880984305,1.0001443215571768,0.9999411503894903,-0.0002699031245328151,-0.0001309000729629228
1884,17,5.256153106689453,7.738255445466188,7.994292994160175,6.118944780900976,6.052789321696725,-0.0012268670626566763,-0.0012227039590341016,0.9976425929057553,0.9975543031278653,0.9999813413651925,1.0000342657066468,-0.0001756795400746916,-0.0002585521447640984
1885,17,5.392161846160889,8.558525638697214,7.9628405454817575,6.044092686889761,6.042389346254354,-0.001044395991800229,-0.0012872034597174937,0.9975900535961084,0.997568859559943,0.9997261933700212,1.0001997195175785,-0.0003475306918783505,-0.0004345333260393674
1886,17,5.328213691711426,8.244028350478818,7.662479257198207,5.8832809222165885,6.084627156454511,-0.0013436711364311056,-0.0014393559237907254,0.9975224734158904,0.9975912288228129,1.0004439259971043,1.0005063170393276,-0.0007216722765888021,-0.000647518000724718
1887,17,5.424559593200684,6.605801153915227,7.1601537795802725,6.159645467407855,6.196458919409891,-0.0018055435492028036,-0.0016335848319937079,0.9975271754458127,0.9976411103135548,1.001218141389969,1.000851940403293,-0.0007612724519290547,-0.0008558010600428516
1888,17,5.311455726623535,6.350085461045415,6.725384102044878,6.5092674651855065,6.322993090295205,-0.0018938718765152721,-0.0017855177102740804,0.9978696801421917,0.9977068289862103,1.0011804929569965,1.0011039145533736,-0.0012968707045881627,-0.0010276326571943403
1889,17,5.121798038482666,6.414193722438592,6.4573129964940765,6.476251002349465,6.3955912920257365,-0.0018654436433087262,-0.001870186065001091,0.9977313502959634,0.997746145582319,1.0012023725724126,1.0012549561359938,-0.0010382229223389252,-0.0011286112228942684
1890,17,4.91870641708374,6.490144785216532,6.275763201867015,6.397071593956921,6.413338928319183,-0.001874460393167742,-0.0019139048162917513,0.9977449788767266,0.9977616631284877,1.0012995645903255,1.001350475177063,-0.001136812652422449,-0.001200680151728838
1891,17,5.313243865966797,6.0301864163898475,6.072427428320282,6.359918733928923,6.417950461037918,-0.0019520847440677956,-0.001947111361117082,0.9977953910335251,0.9977632917700033,1.0014673794346363,1.0014195850644634,-0.0012725611055458236,-0.001271655547838676
1892,17,5.078998565673828,5.919471066119284,5.807804687054764,6.384684011610812,6.447420494855637,-0.001963116755211553,-0.001986238841637598,0.997719957630109,0.9977564719852764,1.0014663901777296,1.0014728174341094,-0.001350133035623031,-0.0013388572979863788
1893,17,5.1601176261901855,5.654283224783065,5.456742384521873,6.505539190805375,6.512931207181693,-0.002016866022945096,-0.002043896364723712,0.9976648359822385,0.9977529615978179,1.0014853242902153,1.0015319894546302,-0.0013192971565653279,-0.0013952282580265844
1894,17,5.065577983856201,4.749257709524434,5.046713327910777,6.593130135502721,6.598093871718729,-0.0021618905589377516,-0.002122677976091808,0.9978331585105078,0.9977468324910548,1.0016952047423548,1.0016167084753513,-0.0015057882476037848,-0.001431141166752695
1895,17,5.018383979797363,4.775958415076053,4.657524141543526,6.775755664623672,6.678027019805556,-0.002085203710087503,-0.0022171999000185952,0.997881104109752,0.997705910645836,1.0014187091704545,1.0017366858557324,-0.0015685171938366871,-0.001418117858695917
1896,17,4.9488701820373535,4.4920309391961135,4.2923116095853935,6.731623595601983,6.734068276449276,-0.002284846889105992,-0.002321857137129739,0.9974435927203218,0.9976360411265535,1.0018464692627436,1.001897106769925,-0.0009879831652584345,-0.0013604831902392
1897,17,4.95477819442749,3.9281293419962875,3.987534203602488,6.714407024242207,6.78130664588542,-0.0025472407845766516,-0.002384735967693391,0.9976259735047849,0.9975952569042388,1.0023274171645258,1.0019936127843256,-0.0017796856315316285,-0.0012890486086529172
1898,17,4.9885711669921875,3.2114973634072226,3.855582575666703,6.7628985060126725,6.836642592058904,-0.002607942414625847,-0.0023435794418209433,0.9975219870586254,0.9975915362384645,1.0024061158276314,1.001905472253733,-0.001140970334213914,-0.0011593085538806266
1899,17,5.316387176513672,3.727922656995193,3.9486589799863325,7.006068940200762,6.886559831337656,-0.0021095418441440267,-0.002213732899154115,0.9977255411955905,0.9976205494113931,1.0014018447427129,1.0016698657258833,-0.000824473805700164,-0.0010658965795099385
1900,17,5.072589874267578,4.612273476090303,4.067438587707068,6.91417227456357,6.895817176207405,-0.0019239522364990253,-0.0021093335196802443,0.9976539532335965,0.9976651223976529,1.001197936329996,1.0015073171135145,-0.0008686664536215183,-0.0011197440336656842
1901,17,5.051797866821289,4.795548386448711,3.927873232523285,6.875932673360798,6.865195608416418,-0.0020045311880546486,-0.0021159396572720274,0.997586799463747,0.997736917293493,1.0013751596020966,1.0015636669033157,-0.0012814658467534886,-0.0013255098400873065
1902,17,5.289737701416016,3.249237493599545,3.493961958601316,6.77227189750106,6.813077536996045,-0.0022468608212912224,-0.0022354885884646523,0.9979434309668271,0.9978395024413315,1.00188731819637,1.0018369162087368,-0.0020183680182931855,-0.0015753843966425205
1903,17,5.075750350952148,2.37347182667706,3.0608939322236823,6.811794759808293,6.759718626085137,-0.00235447301071194,-0.0024155659600115847,0.9979077058088608,0.9979317073805164,1.0020396034602896,1.002236150900078,-0.0015019456158949888,-0.0017621329412922224
1904,17,5.086764812469482,2.6485568336882404,2.855801979496849,6.681764946461405,6.716867816085665,-0.002577738993164543,-0.002592539494557969,0.9981332808973263,0.9979927657441372,1.0026550823857612,1.0026540156833341,-0.0018217917909998697,-0.0019039419172972095
1905,17,5.090191841125488,3.265558273805488,2.82600468605301,6.767539076640326,6.707936431753997,-0.00253419050891517,-0.0026810678320986062,0.9979751154086702,0.9980147132694339,1.0025691590139219,1.002918755662825,-0.0019543656767134596,-0.001958728612484498
1906,17,5.80891752243042,2.7129934295514655,2.8245827247465685,6.755442701256076,6.753826327386575,-0.003000482307561346,-0.002572445686426626,0.9979736810840627,0.9980331719319416,1.0035942815392684,1.0028112242649367,-0.0023462069730210305,-0.0018325196949042224
1907,17,5.859052658081055,2.1970603335062857,2.831049111074382,6.554110380050966,6.893343069114893,-0.003182408552272355,-0.0021403789967894787,0.9980306304460242,0.9980773317295959,1.0041977428507374,1.0020542720272652,-0.0017497888579816722,-0.0014647118883291002
1908,16,5.78265380859375,3.8696156047881294,2.7750702345507814,7.224561358119462,7.143364951634095,-0.00041802769423362503,-0.0014709719715926314,0.9981880775526996,0.9981496193561069,0.9988745573808032,1.0007715853951922,-0.00032855417652416106,-0.000985887300626231
1909,16,5.5330729484558105,2.7126040645293554,2.4549252897994926,7.452907670783883,7.416508700317365,-0.0006812383283975925,-0.0009439685775625623,0.9981631312700491,0.9982353246823448,0.9991975268573197,0.9997036708261493,-0.000620863471687676,-0.0006109129131108306
1910,16,5.29079008102417,1.403659198969425,1.9758682174481956,7.820017561351903,7.6256974192322415,-0.0006713660501714921,-0.0006778767769752207,0.9984465843292994,0.9983221124966039,0.9989760166021414,0.9991394930924514,-0.0005203385456341597,-0.0003755106689808511
1911,16,5.0006866455078125,1.2588759271669268,1.5629537742849413,7.875298709241337,7.717324801172804,-0.0005385818998736736,-0.0006262845271904265,0.9984052290525572,0.9983878572542214,0.9987156234048407,0.9990482702636032,-8.560361682054241e-05,-0.0002794480551438003
1912,16,4.734612941741943,1.2336237254648514,1.2515191640255552,7.565959856181433,7.7165402728882775,-0.0008475507546963397,-0.0007126430996342316,0.9983953119065128,0.9984463805598167,0.999692407098134,0.99927882408855,-0.00024168094456845996,-0.0003539812829795859
1913,16,4.745323181152344,1.24372204889728,0.9282528528642567,7.573993245791682,7.7037988382881855,-0.0008681481205904343,-0.000842252842206925,0.9983858908244504,0.9985229755973088,0.9997261850759717,0.9995915747126893,-0.0002520755692437352,-0.0005681750841949782
1914,16,5.209606647491455,0.8743304267361783,0.47534194083352654,7.8231839206110765,7.710369291794683,-0.0009192089975728803,-0.00096126183630223,0.9988408368797489,0.9986153390923549,0.9997293597650565,0.9998715712820605,-0.0015478788790584956,-0.0008099118596669988
1915,16,5.395008087158203,-0.48535438753403004,-0.08681013832199803,7.725408881332148,7.719744912253933,-0.0012400074700567067,-0.0010326828637939613,0.9985664447174826,0.9986885540332037,1.0004284716442544,1.000073262030837,-0.0007621640167510506,-0.0009100730942467832
1916,16,5.5091471672058105,-0.7172889987869852,-0.6130066958045318,7.656025734744976,7.741554066352184,-0.000943631744252898,-0.0010246285369652562,0.9988000848342867,0.9987596726449797,1.0000789886545847,1.0001446693008622,-0.0006352986594159668,-0.0009010173529955353
1917,16,5.635096073150635,-0.4505983851362064,-1.0613708962903763,7.747956814839174,7.789645064740077,-0.0010365217506390443,-0.0009617172346290204,0.9988544621633073,0.998828221720907,1.0002131608456262,1.0001307050384691,-0.0014444992859223968,-0.0008067819397061314
1918,16,5.354128837585449,-1.9246854930317003,-1.407117459999362,7.887970734496809,7.8479688028590715,-0.0008718570929976124,-0.000865357096166844,0.9988298347476461,0.9988988126813808,1.000020730568486,1.0000903507501828,-0.00037596581654323675,-0.0006053449641599527
1919,16,4.940229415893555,-2.0648347287090942,-1.4840093339814355,8.012820919665884,7.883861544274445,-0.0006158351460847898,-0.0007744905905357547,0.9989384799314854,0.9989819353725272,0.9997436915331503,1.0000976189744417,-0.00017676826809997774,-0.0004349322839309992
1920,16,5.734399318695068,-1.3233230958155155,-1.2926887465285055,7.9176723313258055,7.885004183030013,-0.0007711973717827209,-0.0007227655458660876,0.9992450013879978,0.9990643539070457,1.0003244566380793,1.0001810846839176,-0.00037204812384954855,-0.000388482857143422
1921,16,5.8162126541137695,-0.6540684655816791,-1.0715950113072776,7.822264122945132,7.887867481449924,-0.000662579334630567,-0.000695155720447593,0.9990736458546985,0.9991268086341539,1.0003004657705958,1.0002567285091113,-0.0003185082099238847,-0.00045307505266297017
1922,16,5.676421165466309,-0.499148968862732,-1.0849727134286153,7.841292772453995,7.944768938022747,-0.0006187197083770467,-0.0006759202245029067,0.99904072283778,0.9991983932770443,1.0002111216666794,1.0002588729964224,-0.0004203976926889228,-0.0005787756922189883
1923,16,5.630753517150879,-1.166341570833506,-1.4250699307682462,7.938889887857225,8.082271423862991,-0.0007958307481140897,-0.0006385751050567654,0.9993941460640374,0.9992935374729269,1.000493117099308,1.000142721641434,-0.0011896368995629903,-0.0006605499548924135
1924,16,5.420598030090332,-2.0110493299594765,-1.948920231962866,8.233848222374492,8.278368359425293,-0.0006851677473939466,-0.0005485955137129751,0.9994050557972896,0.9993812598890848,1.000148034489287,0.9998793915493438,-0.000969404803160952,-0.0005750171440831627
1925,16,5.50233793258667,-3.067080057947822,-2.3917672053518846,8.672720335482428,8.454510814243108,-0.0003543484853111035,-0.0004271589661308582,0.999517670581918,0.9994516978964529,0.9992652484677493,0.9995674857054974,-0.0002437210562915047,-0.00038366862841996655
1926,16,5.504640579223633,-3.12165608946819,-2.541925911426766,8.609116879030653,8.52399504984658,-0.00025103256262929454,-0.00034559020037711096,0.9993042817416711,0.9995156916149308,0.9991659132748211,0.9993948671934764,0.0005389621843979984,-0.0003042507773583111
1927,16,5.465649127960205,-2.1750696164519807,-2.4525910312218424,8.520580356377634,8.472455631854388,-0.0002629881032290504,-0.0003555510075879451,0.9997538284974294,0.9995901415041998,0.9992558396154033,0.9994569277247828,-0.0006577929775671733,-0.00047484925024132387
1928,16,5.499566078186035,-1.8371466872594358,-2.3920736373482328,8.303098271671834,8.333608645544748,-0.0002762476304749313,-0.0004656189380400572,0.9996582499293534,0.9996432048070297,0.9994436397792774,0.9997365920759157,-0.0007383096670838374,-0.0007698504654569255
1929,16,5.440401554107666,-1.9869379423546487,-2.5423933358281894,8.096820951756039,8.160795601981146,-0.0007551516071251273,-0.0006324458023377635,0.999630101932364,0.999679528975763,1.0004364248068582,1.0001115012401485,-0.0013096724135513108,-0.0010525187399173031
1930,16,5.7205424308776855,-3.1465340004216835,-2.843362408815674,7.934602414583027,7.9964155993164105,-0.000990099040777998,-0.0007550760773772599,0.9997326737866344,0.9997176034211046,1.0008196351413905,1.0003763404601957,-0.0016455080802721803,-0.0012111489696056187
1931,16,5.665525436401367,-3.8037743613119446,-3.0373684184749625,7.868892710852334,7.85526046916952,-0.0007587201411459127,-0.0007749113017116998,0.9996785943439501,0.9997625298477405,1.0002984536543293,1.0004405668767975,-0.000727974717836906,-0.00124723257668337
1932,16,5.522624969482422,-2.822771461146156,-2.9766099566003223,7.765217215445408,7.728878595433143,-0.0007444749291637409,-0.0007149080766214669,0.9997315802991465,0.9998136025540312,1.000348766648188,1.000366200652608,-0.0013226330559627374,-0.0012772014061398938
1933,16,5.289052486419678,-2.9286043471202166,-2.7640318026273905,7.591132506393724,7.611146680484792,-0.0007967125900537699,-0.0006135653715473886,0.9999967064903127,0.9998385866993007,1.0005761863207479,1.000203943276618,-0.0015733133496181615,-0.0012926599512436648
1934,16,5.439784049987793,-2.3834674863998493,-2.527049040633437,7.374430339143874,7.506883691959218,-0.0005147438004669703,-0.0005322638451998006,0.9997988701076758,0.9997855208219656,1.000181012115417,1.000017952983487,-0.0011777577059474379,-0.001281710471893873
1935,16,5.228323459625244,-2.0370074493854804,-2.4226440943202734,7.427451202600721,7.406763007898335,-0.0003502221745186593,-0.000592499902967834,0.9997352328879497,0.9996481080801336,0.9996078612254111,1.000004269451755,-0.0014188881081342976,-0.0013184428123567762
1936,16,5.631318092346191,-2.7259468515990504,-2.5440113318579494,7.5528388766276375,7.259310658396804,-0.0006647929211801461,-0.0009053007814625141,0.9994473624596625,0.9994441544571159,0.9997377758626838,1.0004087659416718,-0.0013610601369630163,-0.001474646396856015
1937,16,5.224752902984619,-2.9011978591923357,-2.861859859658694,7.1166042530638345,7.032209127022918,-0.0005112809572009689,-0.0014827460211083332,0.9991742382436695,0.9992210877550105,0.9995285706136501,1.0013089646347486,-0.0003706557347215591,-0.001837567944519221
1938,17,5.668235778808594,-2.5953253412215327,-3.375764535334992,6.459016798625566,6.793629021333807,-0.0031788049340991677,-0.0021629610006358014,0.9989007949043025,0.9990306108398378,1.0044026634307708,1.0023953343978256,-0.003524757014412226,-0.002347841025007692
1939,17,5.951798439025879,-4.1253108456245915,-4.047606211063767,6.4360696603590615,6.634405924834139,-0.003204809628387349,-0.002533752131430904,0.9989193658643508,0.9988986847254228,1.0042169636683205,1.0028936338053558,-0.0035452512371160956,-0.0025580541568924415
1940,17,5.433236598968506,-5.387171568031563,-4.589838830243341,6.842992043276059,6.525179307145794,-0.0023269372379421597,-0.002495288357174454,0.9988542594227816,0.9988060706926465,1.0020581681077194,1.0026579521152374,-0.002021260338581051,-0.002371914597847224
1941,17,5.519649028778076,-5.267497037141626,-4.742870502812326,6.485333554373084,6.371571280772103,-0.0019963474556726193,-0.0022348950549601885,0.9987707865785568,0.998733537842935,1.0016529787984445,1.0020863086465204,-0.0014404868038724473,-0.002080511309789852
1942,17,6.002526760101318,-3.7346436602228446,-4.567628398498893,5.877589696518267,6.180395522596662,-0.0019590932867432726,-0.0019171020000952595,0.9985477440416396,0.9986829856038658,1.0017850422139927,1.0014441563852257,-0.0019457029574260723,-0.0018822075446597892
1943,17,5.776175022125244,-4.21925084457209,-4.301844296656245,6.048789258980158,5.999237836113495,-0.0015559787532380693,-0.001615367828569968,0.9986624157912692,0.99866202339358,1.0007430559203232,1.0008279292352804,-0.0019348680938829754,-0.001735619333575371
1944,17,5.317504405975342,-4.334478998477711,-3.952166717973004,6.175557410262813,5.791750963069056,-0.0011941524215999379,-0.0013917534886504932,0.9986698289482909,0.9986378482212246,0.9996507907557739,1.0004005041553177,-0.0015128154782918849,-0.001582399408276317
1945,17,5.263471603393555,-3.7225895652214502,-3.4637312812777945,5.410934960421723,5.54633238690454,-0.0012980307178400087,-0.0012752725249911769,0.9987941113389142,0.9985696297336759,1.0003725196313036,1.0002601528458144,-0.0015651535053137504,-0.001428833027633758
1946,17,5.611374855041504,-2.5431403484619373,-2.9280570413611193,5.166243025658661,5.375215337235492,-0.0013282925274769658,-0.0012243602494452688,0.9982442556305592,0.9984468304028058,1.0005948853615783,1.0002511446418938,-0.00101961392675868,-0.001285475725947
1947,17,5.5029096603393555,-2.272646101271546,-2.5263739423813467,5.16831003839955,5.359477462135286,-0.0013041155275442448,-0.0011970321534077201,0.9983766943043371,0.9983220066440254,1.0005502900479017,1.000220892782426,-0.0015257751396494294,-0.0011816721827813622
1948,17,5.164951324462891,-2.4348834701600226,-2.312480872022351,5.602094860370457,5.482780941158305,-0.0008707474433913838,-0.001196928787227789,0.9982238966796884,0.9982040842516036,0.9994506621786606,1.0001688154120656,-0.0007245316783838525,-0.0010988110538551281
1949,17,5.169037342071533,-2.2222966572968033,-2.2332911468022156,5.670286934091362,5.657363486515653,-0.001542080583495478,-0.0012440916603564222,0.9980151781372254,0.9981052352026519,1.000749019770628,1.0001715436908003,-0.0011440076785632959,-0.0010794818352313285
1950,17,4.915140628814697,-1.9997204583513135,-2.2559104169578488,5.8828813480941795,5.8219238996302956,-0.0012754004712874044,-0.0012801715042288862,0.9981031935482795,0.9980412993469833,1.0001105732092077,1.0001341757539377,-0.0015257415265377994,-0.0010708727360887345
1951,17,5.036609649658203,-2.636324909474231,-2.331486447392035,5.972258675509892,5.935421592142477,-0.001242990517028131,-0.001321513246939339,0.9978500009998421,0.9980040775426271,0.9999677848893437,1.0000978152698363,-0.0007031562700864992,-0.0010505020114154905
1952,17,5.242461681365967,-2.8134234817959705,-2.3459253350289213,6.110242715741714,5.982842664554906,-0.0012626656149948676,-0.0014017256334566824,0.9982448920941335,0.9979860212289577,0.9997632018133809,1.000133863283389,-0.0009320594701617945,-0.0011326658697748627
1953,17,5.218990802764893,-2.0000221496855315,-2.3097862737753125,5.85209440863826,5.978516371498441,-0.0015013876065390174,-0.0015144132655773405,0.9978561276424841,0.9979532484569658,1.0003472079139692,1.00023398058345,-0.0010442609818702596,-0.0013327291364613391
1954,17,5.495095252990723,-1.3480069716286232,-2.394827977926755,5.887147959579947,5.9730107212558305,-0.0017688782281196308,-0.0015972148139033182,0.9978170850351378,0.9979391998795054,1.0006277231809138,1.000260395435651,-0.002278210708652858,-0.001541462734292669
1955,17,5.037292957305908,-3.331028298152425,-2.6179039189751387,6.031736735846776,5.976962579911762,-0.0017653286981045245,-0.0015857421350208363,0.9980262355277347,0.9979557866494639,1.0003492441554118,1.000113449524316,-0.0017556276763105705,-0.001594736078960785
1956,17,4.751143932342529,-3.559235564433252,-2.6790651615739827,6.02881913788338,5.965972034738365,-0.0014180015070428564,-0.0014880952991145912,0.9980188377074012,0.9979715770741305,0.9996464618103266,0.9998477389409172,-0.001060046572632102,-0.00156586046237944
1957,17,4.903931617736816,-2.0121537770163154,-2.520238041653775,5.844101946145355,5.933328092860628,-0.001285461115674923,-0.0013836124276467205,0.9978941884193636,0.9979738758953444,0.9995331954762512,0.9996134874964204,-0.001260317305288201,-0.0016010781597788504
1958,17,4.7909770011901855,-1.331595845042923,-2.4186250608804976,5.957580446153744,5.89188785321228,-0.001143033973801809,-0.00133336553884631,0.9980421973484457,0.9979661532925211,0.9990954373643604,0.9995018093204475,-0.0023865015112170913,-0.0016478011300326161
1959,17,4.946400165557861,-3.2195446777841448,-2.4523260798787136,5.803990578859574,5.834338091834926,-0.0015081728584420955,-0.0013400549438159117,0.9978607540937918,0.9979346273348966,0.9998326237220303,0.9995205312018991,-0.001363376876643666,-0.0015529485505331694
1960,17,4.830671787261963,-2.9274953229651617,-2.331196620608228,5.7812483578802265,5.766369505841333,-0.0014333970900708164,-0.0013440797044225123,0.9979447251659346,0.9978792355733519,0.9997031673348434,0.9995518110043338,-0.0014970956846781759,-0.0013820505356721877
1961,17,5.314759254455566,-1.92085772538234,-1.9926777246383796,5.770552591308217,5.690157571201124,-0.0012075606513087989,-0.0013363091764177916,0.9979647832659132,0.9977864387874875,0.9992937565864506,0.9995654344311331,-0.0009771409352200926,-0.001210186000346382
1962,17,5.052365303039551,-0.8600112407385773,-1.6497252460965839,5.466521992513983,5.617404025119112,-0.001272136397159345,-0.0013434924885667218,0.9975171263275175,0.9976748901535738,0.9996171800259819,0.9995898180968159,-0.0010004566736870509,-0.0011169099539904241
1963,17,5.353706359863281,-1.5692438518985246,-1.474841015689459,5.602901889623899,5.575440880708842,-0.00142229585779112,-0.001350027167004442,0.9974899304792542,0.9976163490693811,0.9996225970157367,0.9995762948566533,-0.0011786685728906203,-0.0011020552121790092
1964,17,5.2565436363220215,-1.7460496715286453,-1.3653188450636176,5.603063643763295,5.5478814617956385,-0.0013591831736268908,-0.001310413935697123,0.9976046680391817,0.9976316994716506,0.9995064569229279,0.9994664882980472,-0.001112532038623116,-0.0011111739021558208
1965,17,5.21454381942749,-1.3338263117059772,-1.2141630214605406,5.571861807305011,5.5192242391846165,-0.0012515023101063753,-0.001201754287024172,0.9978039871427035,0.9976825166602526,0.999327890043958,0.999223663949588,-0.0010279967896005653,-0.0011058643528555436
1966,17,5.078661918640137,-0.7214445175021372,-1.063862483034021,5.26376059675292,5.499858948631924,-0.0012847793868345444,-0.001028406023629076,0.9977214774028015,0.997720779707474,0.9995504194676275,0.998837805696648,-0.0013925158432657747,-0.0010480001417928198
1967,17,4.653594970703125,-0.8705919015531871,-1.0010750889412963,5.662164325188224,5.502458393510222,-0.000505963863086185,-0.0008385554204268096,0.9977502939145115,0.9977381879125209,0.9975579581981084,0.9984007241560511,-0.001023763982874277,-0.0009028055703577326
1968,17,4.762226581573486,-1.6013441136783466,-0.9910478262150209,5.5095230243694315,5.476154466839941,-0.0007371494048093846,-0.0007441185483206028,0.9977598317380767,0.9977382845430609,0.9981218252171896,0.9981858761214977,-0.00039017814317597713,-0.0007603937346254843
1969,17,4.633331775665283,-0.6996791449118567,-0.9765332484714229,5.361202119811276,5.410644876692839,-0.000729265465183367,-0.0007575785454473276,0.9978123044557804,0.9977310300206002,0.9982197098860627,0.9982160894755556,-0.0007566046238083479,-0.0007517337925107928
1970,17,4.862329483032227,-0.43785967577541623,-1.0832548177690933,5.243277389235572,5.317703497877145,-0.0008007846693448007,-0.0008560094134037598,0.9974434482389124,0.997742681788474,0.9984394842033281,0.998414615199439,-0.0004537451600767092,-0.0008857209296303869
1971,17,4.80663537979126,-1.5955617405960765,-1.3332056653924198,5.251676410423694,5.187406803567878,-0.0011003327075849094,-0.0010005828007498044,0.9978779961752414,0.9978043993411798,0.9988066884943583,0.9987024718392852,-0.0015590643802121358,-0.0011010611685877542
1972,17,4.780854225158691,-1.9881486200729113,-1.5160778741352208,5.134888702929681,4.984497512659342,-0.001130909178835546,-0.0011391119639784049,0.9980444710653481,0.9978544656737072,0.9989121358314713,0.9990192514772945,-0.001605626270092833,-0.0012237003890639337
1973,17,5.188276290893555,-1.9624490459161645,-1.5006454540981937,4.771394894713363,4.703692752171056,-0.001226145671170554,-0.0012495671371469932,0.9979135568570862,0.9978479751575319,0.9992372337475914,0.9993345574195464,-0.0007723365573449796,-0.0012398857406863257
1974,17,4.965156078338623,-0.8284467051701506,-1.3892202971219445,4.288454483121178,4.405496205134055,-0.0014774172262061749,-0.0013138931488006008,0.9977227103792913,0.9978207263710742,0.9999811520720358,0.9995803517644491,-0.0013074386504516168,-0.0012740095661224573
1975,17,4.860210418701172,-0.5481181456141847,-1.4370183376239254,4.051968287964504,4.177055092509406,-0.0011287334222397426,-0.0013196446911965855,0.9975880470884081,0.9978396754750701,0.999367723016582,0.9996806832105523,-0.0012521778066756737,-0.0013258005477221905
1976,17,4.9313883781433105,-2.391413038076372,-1.6614489321810197,4.0282577071543955,4.058797694084804,-0.0013921319254004455,-0.0012931466366437909,0.998011406797857,0.9979203026361875,0.9998543113288625,0.9996650130534481,-0.0015425352122225228,-0.001359737278897813
1977,17,4.482520580291748,-2.463028591915744,-1.7774533489231743,4.0562252100560166,4.033391703360784,-0.0012965251534045553,-0.0012157503182175563,0.9981297989760902,0.9979875856120872,0.999645407087767,0.9995032165548119,-0.0012169776092864916,-0.0013331668040156906
1978,17,4.711492538452148,-1.3511253845893212,-1.7431845622413862,4.1039261623916214,4.063606818429507,-0.001060956085329168,-0.0010943706162473569,0.9979819274592274,0.997989538226442,0.9991568123239226,0.9992175757036371,-0.0010118099749519065,-0.001250971188307772
1979,17,4.52386999130249,-0.7134684225964554,-1.8001848900828277,4.0580879207558125,4.12162119401296,-0.0008073708868441256,-0.0009716212521956671,0.998020400315252,0.997934287873513,0.9986266661712652,0.9988943737846359,-0.001800910787601816,-0.0010695072732459217
1980,17,4.5887556076049805,-2.4806424364791453,-2.0111148833709502,4.181005801298991,4.190480295367877,-0.000961370110387256,-0.0008703294887017047,0.997694254202625,0.9978483310624083,0.9987279604027991,0.998586336874563,-0.0005524023629769765,-0.0007151787446451009
1981,17,4.561958312988281,-2.867772025399162,-2.0449574336086442,4.212624813737234,4.232558330980086,-0.0009124422515735861,-0.0007580036598723331,0.9977971508353333,0.9977751361975686,0.9986136067072562,0.9982548369170798,-0.00019311191322872895,-0.00034781781169568847
1982,17,4.654610633850098,-2.00093260047954,-1.7182980648378385,4.495042312407341,4.199056836986935,-0.0004849047290167464,-0.0006345910919379537,0.9977324768389113,0.9977116214649661,0.9974825695664669,0.9979214809647637,0.0003186450941972067,-0.00012082454395861872
1983,17,4.721735954284668,-0.7052765857433784,-1.2191798236357152,4.002456066796808,4.059947874381522,-0.0005457999227144151,-0.0005515531294164733,0.9977102232688829,0.9976505720818437,0.9977708270625172,0.9977128295383977,-0.00034201838247687475,-7.572167761643348e-05
1984,17,4.704958438873291,-0.4581694423139265,-0.8678002548521603,3.802590003121031,3.886050711298862,-0.0006654303179602025,-0.0005194715759420381,0.9974943165444341,0.9975997995732994,0.9979565950801187,0.9976337031379268,-1.7722896126820448e-05,-0.00010373042419553189
1985,17,4.552732467651367,-0.2799077177194955,-0.7868683498318502,3.707549980642831,3.746768388467838,-0.00028761352389439275,-0.0005464402784007597,0.9975622678893189,0.997581052101777,0.9971859524056886,0.9976992090849756,-0.00026732164091323253,-0.00014466015244569573
1986,17,4.2743730545043945,-1.1746197830135319,-0.8573299685437976,3.6598894202414995,3.672417055097036,-0.0005776691606648298,-0.0006691522504981419,0.9976633618533974,0.9975814889515096,0.9977646828364252,0.9979995849482154,-0.00024016567914395521,-0.00014252159966984942
1987,17,4.617037296295166,-1.452480214869833,-0.7663745697463499,3.698826151697367,3.670121153016293,-0.0011641705027331537,-0.0008335929321482869,0.9975183290170537,0.9975795363846044,0.9989219965417735,0.9984431660005539,-0.00028836315909613094,-8.792362334464175e-05
1988,17,4.479791164398193,-0.579480405361342,-0.33737977416223,3.7657922289842527,3.7412790754873964,-0.0007012181491507565,-0.0009575330505084786,0.9976901835427222,0.9975772835640199,0.9983834806280171,0.9988459294509795,0.00043005700165849595,-3.8055454040405426e-05
1989,17,4.630334854125977,0.7125549025611745,0.30280947527020846,3.627706362489896,3.8988773979257787,-0.0013011603233570263,-0.001047261810405098,0.9974323910539755,0.9975726414237821,0.9999263156953332,0.9991339264596251,-0.0002824364257109802,-8.927865467073714e-05
1990,17,4.546545028686523,0.8244960398898733,0.91225165582744,4.318138680878791,4.142849024362955,-0.0010833846837057437,-0.0010674501157140227,0.9977013566141912,0.997586976656358,0.9991747171953422,0.9991778984542127,-0.00026292865098976085,-0.00020035031976535996
1991,17,4.463438034057617,1.6360813078402132,1.3681841903691714,4.445499043270069,4.392467681794397,-0.0010579082918453398,-0.0010532393338790985,0.9975776461885529,0.9976114139464471,0.9990586712398112,0.9990949297778081,-0.00027338753350348346,-0.0003629674583251499
1992,17,4.561606407165527,1.8522126891579125,1.5778186473562321,4.586312826188721,4.611734119586312,-0.0009952989072627599,-0.0010692651392536399,0.9975088700923066,0.9976632663988682,0.9989249895976343,0.9990699426262597,-0.000396466572876964,-0.0006012043470013977
1993,17,4.3787431716918945,1.5447934991152403,1.5650164616125803,4.990737061189226,4.79815062204076,-0.0009096502193095646,-0.0011765630872978456,0.9978278898289066,0.9977436413222016,0.9985291120661356,0.9992607701458794,-0.0010629840424038017,-0.0008928005908475735
1994,17,4.435351848602295,1.0580736118992327,1.477549334645637,4.873861557470564,4.962826554783306,-0.001327367090417284,-0.00138440213029017,0.9978693331447258,0.9978016086729639,0.9996307969247902,0.9997000496337418,-0.0009498383171699228,-0.0011478061572394369
1995,17,4.595703125,1.551455875914659,1.4417885626352747,4.857291347412557,5.178384390848653,-0.001967604025914033,-0.0015899650835813947,0.9978062966298785,0.9978099024110418,1.0010752318673921,1.000126593792716,-0.0015215587468152,-0.0013027542252453412
1996,17,4.729016304016113,1.7762684667583917,1.4360305137268277,5.601808127473505,5.4729175750191805,-0.001673222196907111,-0.0016788091468614404,0.9978547778122884,0.997774038709526,1.0001460670509217,1.0002718526544987,-0.0019186191222718666,-0.0012564346662181968
1997,17,4.847428321838379,0.6464698204675436,1.4704978986860964,5.78423167605542,5.7601845695791765,-0.001734112887586561,-0.001669116810276127,0.9976475493719964,0.9977118221160202,1.0003502579183283,1.0001972164404749,-0.0005680804934991902,-0.0010293239100694373
1998,17,4.997371673583984,1.9165911324014864,1.614882567557109,6.090006934682381,5.9733086782946145,-0.0014780765398155577,-0.0016174726575428995,0.9976606606061851,0.9976641951336627,0.9997583941755857,1.0000191877115456,-0.00047118615029936964,-0.00086032234081497
1999,17,4.572277545928955,2.4551853536516184,1.7014439121165064,6.094905690955891,6.0759676624341905,-0.001385587322544331,-0.0015909179077810158,0.9974962408718765,0.9976560976228409,0.9995186679150699,0.9998746472373453,-0.0007298155747261587,-0.0008489006827973904
2000,17,4.876805782318115,1.3533670506390696,1.6643945935557551,6.092086092536778,6.076891758664904,-0.001653525482998107,-0.001594277648910885,0.9977707524358584,0.9976907894742685,0.9998163925519417,0.9997894767521635,-0.0012183126173914143,-0.0009050783798046679
2001,17,4.8840250968933105,1.1708892719469848,1.71376521287564,5.999341963176212,6.003415522912732,-0.0017304140067602048,-0.0015499228052846456,0.9978373380634507,0.9977196133035359,0.9999702377140259,0.9996381607563873,-0.0011743545454177878,-0.0008887425850754134
2002,17,5.108136177062988,1.6690832512383176,1.9694705374114356,5.83483920431448,5.889671026796524,-0.0016666742443434018,-0.0013985883549560622,0.9977121666244869,0.9977182491214877,0.9999120243185686,0.9993016851467111,-0.0005387412763634026,-0.0007860525941669709
2003,17,4.575878143310547,2.844634696590113,2.3039178195637895,5.729344268118036,5.76490809531499,-0.0010700749312250147,-0.0011740399176421335,0.9974552480322088,0.997710950644201,0.9986755950964071,0.9988350956647463,-0.00015164573010745136,-0.0006913525424594787
2004,17,4.129428386688232,3.21129201601981,2.485920735533762,5.695208729403792,5.6356071615889345,-0.0007122517231829127,-0.0010101666641354437,0.9978882438223796,0.9977068608540619,0.9978045312806016,0.9985214460814862,-0.0014400841698210562,-0.0005885529923466131
2005,17,3.9517221450805664,1.9646560322781144,2.5263502000345617,5.614226799371659,5.496124387861797,-0.0008412788824610612,-0.00099745581616016,0.9979419547579694,0.9976380888054829,0.9981075242147648,0.9985696190556638,-0.0007362227544515988,-0.00032351862983559477
2006,17,4.245395660400391,1.724795237810696,2.7094294356398647,5.1939118580044505,5.371998168306737,-0.0012944668809462513,-0.0010871297435263191,0.9972504095730076,0.9975126632208539,0.999414613330561,0.9988532536824354,0.0011006980517188948,-6.00313266037473e-05
2007,17,4.336703300476074,3.783638841424525,3.0758183373104075,5.218536064911806,5.323799957616078,-0.0012785757797135683,-0.0011603697836788255,0.9973297729020716,0.9974500379417469,0.9994014391775846,0.999049609869249,-8.325818637401428e-05,-9.497120441341372e-05
2008,17,4.345559597015381,3.89624272070123,3.3040036734763434,5.231485597800187,5.3461499881357,-0.0012695575805708372,-0.0011729053421097372,0.997324960568937,0.9974885243988317,0.9993823006186682,0.999036934330975,-0.00030071519548572565,-0.0003238492112630784
2009,17,4.023056983947754,3.41241440612052,3.3009050583185418,5.61689726894773,5.366400505584094,-0.0010465540263891124,-0.0011536856357845125,0.9978150733545391,0.9975809414408034,0.9985266487220943,0.9989115338912726,-0.0013945571674961353,-0.00052543761451451
2010,17,4.132699012756348,2.2658351439435576,3.273394521371487,5.458451932300618,5.2832359174449435,-0.0010710691529485935,-0.0011686957062320147,0.9976554048962851,0.9976300639032601,0.9985650719266754,0.9988952191683492,-0.00024303890474836127,-0.0005531004370592922
2011,17,4.237796306610107,3.4421750895255867,3.430565067614471,5.01320757735305,5.098676797765418,-0.0012560766205247484,-0.0012420210435162805,0.9977356045530071,0.997616664460418,0.9990976631089645,0.9990610717797722,-0.00037142874272972547,-0.0005658096573224065
2012,17,4.221850872039795,3.971523389203672,3.6065257381549167,4.78419443991162,4.8982327570526465,-0.0012661053775173503,-0.0013511905405687666,0.9974209789556374,0.9975652767710862,0.9992837440692657,0.9993214982692884,-0.00017298484400277354,-0.0006693952963887864
2013,17,4.444011688232422,4.455439936699783,3.57779114463272,4.743058518366195,4.740914862995994,-0.0015407480210576432,-0.0014616062241809358,0.99744697450769,0.9975343269350476,0.9997273200877222,0.9995675200771151,-0.0013509598017795853,-0.0008188477061800758
2014,17,4.519501686096191,2.8278032764197434,3.3425201921165257,4.640988304216303,4.634420824977762,-0.0015991040946843626,-0.0015149902899472582,0.997667910768455,0.9975305016026087,0.9998165389735755,0.9996941338417827,-0.0012966819389929336,-0.0008112991252578219
2015,17,4.487048625946045,2.2922719419221194,3.212662470832035,4.6279434366724965,4.577003732928797,-0.0015394329733224691,-0.0014821881943992018,0.9974571515731806,0.9975269420636215,0.9997103449511908,0.9996635129338104,-0.000247317826802609,-0.0006394890505831903
2016,17,4.284951210021973,3.5054944426412,3.306443450712556,4.570505118403635,4.574260629980947,-0.0013424470869462047,-0.0013777786865496802,0.9975451877277366,0.9975329506225693,0.9994243754139983,0.9995022462206388,-0.0002471794146181806,-0.0004886092479952461
2017,17,4.226133823394775,3.815014286916254,3.372334210400175,4.496365763243824,4.650915208496186,-0.0013178793579946833,-0.0012419791868197969,0.9975227297513715,0.9975458142677657,0.9995056451606271,0.9992582175845512,-0.00045363211729164486,-0.0004205342815341168
2018,17,4.207791328430176,3.4511728122747978,3.190902488665277,4.730846948845693,4.820293698573337,-0.0011257306835387793,-0.0011141683791083242,0.9975949549691551,0.9975587867146909,0.999096145079091,0.998977734048716,-0.0006560980608818121,-0.0003726714386280799
2019,17,4.280588626861572,2.872098110373644,2.754707063124997,5.1545817943583225,5.02806070191371,-0.0008130554643804865,-0.0010603564579398678,0.9976143644301672,0.9975609435750423,0.9982817913563063,0.9988051353926439,-0.0003224048878807091,-0.00029919751081902945
2020,17,4.090404510498047,2.039623543742122,2.20868561674584,5.3211645170613515,5.183063442030474,-0.0011708678778726816,-0.0011347904302914471,0.997608430813933,0.9975580000411106,0.9988737614978505,0.9989039215257677,-0.0003806150344192513,-0.00026763807511611293
2021,17,3.9312968254089355,1.3433136775352872,1.7506760018674128,5.303193708592442,5.246802839246392,-0.0012630442840524685,-0.0013027505384881192,0.9973304916313281,0.9975841871856954,0.9990655448856144,0.9992479990339104,0.0004566959375642158,-0.00039219245768645756
2022,17,4.373414516448975,1.6325735196511373,1.4844799174340078,5.123228128209031,5.251535954533227,-0.001488985844914429,-0.0015161524683202478,0.9978635932090258,0.9976733690204391,0.9997703079717963,0.9997322650717918,-0.0014033413344507642,-0.0007496131067874184
2023,17,4.657745838165283,1.1395361630741763,1.3517406980952211,5.259044806524316,5.252926250777976,-0.0018258805965500403,-0.0017122759901257107,0.997597392824682,0.9977826167986067,1.0004268667418492,1.0001807303365386,-0.0008518446707937365,-0.0011559330104933471
2024,17,4.5297441482543945,1.179074188620372,1.290336717604365,5.244980354749508,5.264638338929312,-0.0019592061645268867,-0.0018246765844605005,0.9980399370215557,0.9978985469891478,1.0007333032578933,1.0004361986577879,-0.0016116733200621676,-0.001561257555813608
2025,17,4.7037153244018555,1.7271807749494659,1.1644339374834556,5.312980860767741,5.28873194271457,-0.0017746427741179144,-0.0018381698090600906,0.9979888841341019,0.9979711480614785,1.000326688926879,1.0004621324506708,-0.001964856267433598,-0.0018707852646827258
2026,17,4.6566877365112305,1.1342099873274016,0.8288491102725191,5.2791789806176945,5.322769874131177,-0.0017068397107609346,-0.0017917976845149752,0.9980476354804934,0.9979873140544703,1.000196473988472,1.000341758631826,-0.0024839186647571876,-0.001989147242943679
2027,17,4.542163372039795,-0.1706839601496588,0.3600973110858516,5.343232432919694,5.367326764477986,-0.0017894652561076163,-0.0017062267898590264,0.9979003562865243,0.9979589110792082,1.000306593573919,1.0001233409749315,-0.001607028019170824,-0.0019048265800235206
2028,17,4.585354328155518,-0.11330386386047388,-0.051893317286017315,5.386361984268437,5.407071092956344,-0.0017452120307180408,-0.00157307097547524,0.9978312959078084,0.9979160013005426,1.0001933386480788,0.9998067986923457,-0.001548868578177294,-0.001767705611460855
2029,17,4.621004104614258,-0.22196508435106388,-0.39061723883947425,5.614649472050724,5.411920610082729,-0.001242469025023859,-0.0014226724339841748,0.9979042337686483,0.9978647922356046,0.9989496554691057,0.9994818108791617,-0.0018286261872684788,-0.001642918697496644
2030,17,4.622557163238525,-0.9502407585914606,-0.6955881987121505,5.294781425611811,5.3605076231821265,-0.001275834202176177,-0.0013397380730123126,0.9979197844267004,0.9977786182009503,0.9992514847326774,0.9993481372387006,-0.0014863078403282255,-0.0015048347653560028
2031,17,4.49837589263916,-0.5282052257908991,-0.9735568197930335,5.264149397132203,5.297692693218276,-0.001275884873389751,-0.0013530272735343273,0.997571601323887,0.9976503697052729,0.999288371303738,0.999437560209344,-0.0014532968224093585,-0.0013739641605682187
2032,17,4.942027568817139,-1.5083592288664873,-1.2677561250183897,5.238966156068376,5.259734773997364,-0.0013860065347272266,-0.0014443211169815045,0.9974863323519335,0.9975208699489836,0.9995599056030037,0.999684066892962,-0.0011266085608115462,-0.0012883617705617759
2033,17,5.190359592437744,-1.8705917758700643,-1.5011884507693356,5.271159123713402,5.262628656211955,-0.0016541461438363877,-0.0015558377965620188,0.9974372741214635,0.9974116303072527,1.0001732086648791,0.999946584931987,-0.0011660520272055153,-0.0012994137536902425
2034,17,5.1709465980529785,-1.645470115319381,-1.672950202447363,5.286571943696549,5.3126401714448175,-0.00171405108658456,-0.0016104948174632413,0.9972965114669541,0.9973268484936113,1.0002859189395685,1.0000458402229015,-0.0011292320540728436,-0.0013969442846457356
2035,17,5.702903747558594,-0.9203428483003193,-1.9290504394198713,5.28639918203584,5.414887591573129,-0.0017506719922368394,-0.0015690812983347798,0.9972582990192572,0.9972739122050646,1.000349609435455,0.9998908894838185,-0.002453168809252838,-0.0014870129370154895
2036,17,5.717502593994141,-3.01958847673854,-2.35455055905259,5.660804693263593,5.555557301204966,-0.0012907495225655027,-0.0014518535420964026,0.9971740653540072,0.997250610774201,0.9991531710791439,0.9995316627422144,-0.0009132264448550597,-0.001451106132848394
2037,17,5.6514105796813965,-3.1153134680616215,-2.753431817751168,5.6541997137016144,5.684769638391498,-0.0013495823119770846,-0.0013348070602266237,0.9972719234143244,0.9972406168024711,0.9992583098386015,0.9991593786375813,-0.0010177890496154895,-0.0014226062519917886
2038,17,5.094366073608398,-2.4665834697811397,-3.0959970164729316,5.921540037413365,5.774245847927625,-0.0011764051893074468,-0.001256965388297061,0.997334620864467,0.9972036288490393,0.9986145843171769,0.998886383272686,-0.0019734208662344666,-0.001403490745255996
2039,17,5.110225200653076,-3.7480156337747093,-3.4726994918657694,5.821547410684916,5.807112274623271,-0.0012723399332362376,-0.0012419181439931408,0.9971015443948923,0.9971148723497699,0.9988534645806286,0.9988028872707633,-0.0012887043399159245,-0.001266623975318043
2040,17,4.984999179840088,-3.660734428287972,-3.8080761179154052,5.889329736724054,5.816698822392601,-0.0011569328202675297,-0.0012889786399982108,0.9970563934079938,0.9969967953919947,0.9985673067736558,0.9989167306298198,-0.0011350415241126533,-0.0010523780235740605
2041,17,5.520901203155518,-4.380058826395102,-4.054744782443367,5.767582405580195,5.860656297489233,-0.0014667319788060817,-0.0013893807731687766,0.9967655200809439,0.9968839022804062,0.9993534565848355,0.999198806810709,-0.00059597671762457,-0.0008659304613004879
2042,17,5.676678657531738,-4.659784271721616,-4.164651789618271,5.975929373258037,6.0157219531262225,-0.00158262041312941,-0.001496883257823576,0.9968100895694849,0.9968206322510225,0.9996635577580713,0.9995140251100917,-0.00044959035505093194,-0.000820891187034935
2043,17,5.719488143920898,-3.2384575147644927,-4.227120342492317,5.9298099959794675,6.330461621017121,-0.0015003250512683813,-0.0015866935588940772,0.9967398741989674,0.9968160195326415,0.9998970053298794,0.9997608228080263,-0.0010543066354143343,-0.000916654488203017
2044,17,6.432847499847412,-4.298434978578058,-4.4413219300808775,6.950029545576962,6.799349765687241,-0.0017328495765995943,-0.0016618104804313795,0.996901198313054,0.9968593685254061,0.9998505040899641,0.9999114468303751,-0.0014576473477488445,-0.0010182075418765978
2045,17,5.8944993019104,-5.181030078040534,-4.709859095492079,7.512317111877681,7.292952171416866,-0.001626223239216644,-0.0017093330750953155,0.9969477989104284,0.9969172120688762,0.9997260643684186,0.999990777119906,-0.0008936216425367867,-0.00103935815143059
2046,17,6.372142314910889,-5.169384564349599,-4.847623488292845,7.567977469812291,7.713407077436479,-0.0019814669605911555,-0.0017245436477823235,0.9969667071005733,0.9969652794521106,1.0006455049657559,0.9999944796860034,-0.000823436288696728,-0.001029960879147229
2047,17,6.102468967437744,-4.05498614146306,-4.836764552684685,8.102039308497453,8.034546681999387,-0.0014428514300990456,-0.0017012699963521332,0.9970646324749896,0.9969926081427316,0.9994406547721821,0.9998782186939729,-0.0013829394907939189,-0.0010104829552236559
2048,17,6.059378623962402,-5.226839141064212,-4.735780950924241,8.292672628174726,8.208016311476618,-0.001628708056793967,-0.0016861730590926115,0.9969372126434275,0.9969969204524669,0.9996074088843723,0.9997444838964304,-0.0008200135596341631,-0.0009547970804998551
2049,17,6.478641510009766,-5.31668371387631,-4.417910159824795,8.388290799220746,8.202454784652279,-0.0018805054914935743,-0.0016588117414134426,0.9970492322135394,0.9969942725474074,0.9998571548267693,0.9995958191438645,-0.0007582897586720102,-0.0009288320500942119
2050,17,6.210281848907471,-3.697828598275679,-3.9209502223239214,7.903192442308281,8.033414637485146,-0.0017491943851149295,-0.0015768360318948768,0.9970453882284596,0.9969915811360295,0.9998142098600478,0.9993760940158183,-0.0010228156683329496,-0.00097184981448005
2051,17,5.572423934936523,-2.5507890774677873,-3.582590788830501,7.808975266288591,7.770448600499799,-0.0011217167118791713,-0.001475547332230012,0.9968326198155033,0.9970122458639207,0.9985060053294311,0.9991337487942359,-0.0008282040234813958,-0.0010635557036240393
2052,17,6.393399238586426,-3.2654138789501395,-3.653133045036539,7.459142443681555,7.459491179190635,-0.0013164748163920494,-0.001432363103994653,0.9969133936290184,0.9970859260306137,0.9987513848967801,0.9990236184775989,-0.0009549363835309114,-0.001166904826923231
2053,17,6.296112537384033,-4.372122032082604,-3.9897762390231812,7.098108901112335,7.149035156993303,-0.001826657742351,-0.0014109212038007082,0.997553114127822,0.9971729926614847,0.9997492197506183,0.9990039569757904,-0.0025556242802391546,-0.0011536207326267136
2054,17,5.721865653991699,-5.008844490463317,-4.272593299301501,6.819895868686722,6.886686242745865,-0.0012565935298722093,-0.0013418007699323663,0.9972546168157236,0.9971948749486299,0.9987908591629021,0.998954201523767,-0.00033261587428111796,-0.0009198153635435601
2055,17,5.692019939422607,-4.332292930790805,-4.33237271299902,6.797237403394835,6.698505649066313,-0.0011404953249203582,-0.0012701661326057609,0.9970586150272078,0.9971839454664385,0.9985924123361711,0.9989532982438699,-0.00035560911297130164,-0.0007372064731162955
2056,17,5.890361785888672,-4.212290957673752,-4.273030436568653,6.403550330358574,6.592672062005544,-0.0013631022806178052,-0.0012349784361836067,0.9970188430472238,0.9972117939371945,0.9994381252375444,0.9990549447438615,-0.0006206442518020468,-0.0007621971921303627
2057,17,6.165866374969482,-4.3472794743737735,-4.254289464822689,6.700253379423451,6.589153816945498,-0.0011529354800445786,-0.0012356588272988147,0.9973928531320493,0.997297756854153,0.9990577734002497,0.9992110502624956,-0.0009318672447225438,-0.00096487881360095
2058,17,5.988224506378174,-3.833666923403137,-4.423491524752995,6.6312965515037074,6.663386036159893,-0.0011366684979082244,-0.0012960098099186702,0.9974270584635524,0.9973955764989282,0.9991340764333264,0.9994561461653095,-0.0011114775553631082,-0.0012350849763121151
2059,17,6.2577314376831055,-4.389006924939777,-4.905014919067137,6.7661470155658305,6.8081336656293185,-0.0013096462472865164,-0.0014111199829002167,0.9975120544191847,0.9974760557559156,0.9995974267012997,0.9997812538212657,-0.0018638657358201764,-0.001430678110647701
2060,17,6.135964393615723,-5.980992993158057,-5.599675933057282,6.896726127137949,7.011325298993619,-0.0019020798234758538,-0.0015101053794427455,0.9976063521328806,0.9975305448237919,1.0008706999177985,1.000046830533467,-0.0019869497830177817,-0.0014011661710835583
2061,17,6.296883583068848,-6.786003482507273,-6.2284028365741895,7.366970645613466,7.235937897058666,-0.0015984862274597397,-0.0015084541199911468,0.9974329834730905,0.9975703194399025,1.0001746377991345,1.000095011913941,-0.0006818071336345981,-0.001169311512907113
2062,17,6.255577564239502,-6.5660438706199304,-6.63672387843692,7.434768189894011,7.415428168774004,-0.001234424769241181,-0.0014455901638052936,0.9977479616818777,0.9976228515413291,0.9996182294789492,1.000022138281486,-0.0008411053488950063,-0.0009403192593694994
2063,17,6.1605753898620605,-6.40566077822767,-6.870182483577064,7.544019640928498,7.516827022184787,-0.0013345655967895481,-0.0014037975355987715,0.9975829832282538,0.9976883564194172,0.9998811546890513,0.9999833396899602,-0.0009665998854899027,-0.0008050290580849826
2064,17,5.980439186096191,-7.530255129730489,-6.958924133233752,7.534386373647569,7.525718852918444,-0.0014837349515557392,-0.0014003437790921155,0.9976778526085033,0.9977873377443833,1.0001794849204124,1.0000045149268788,-0.0004473164622683692,-0.0007975366276945538
2065,17,6.116543292999268,-7.2099670752414715,-6.82596991878808,7.520602469590207,7.438556134079482,-0.0014584037732603041,-0.0014205722466072213,0.9981089445821621,0.9979078303435308,1.0001395735798004,1.0000613596955987,-0.0009130666355247745,-0.0009672119105993866
2066,17,6.1263346672058105,-6.088818298056363,-6.572491205664987,7.263536317592445,7.263294991533116,-0.0012726052784946575,-0.001474262233265206,0.9977977452792105,0.9980101939338948,0.9998174780501647,1.0001841712291597,-0.0006311297583991754,-0.0012588889610353946
2067,17,6.391654968261719,-5.6915477213399885,-6.429741145697965,7.011242758314585,7.034788898802666,-0.0016079482617852405,-0.0015739216780652325,0.9982449129953413,0.998093189643111,1.0003935250947718,1.0004130974388106,-0.002639120502930321,-0.0015218282618378659
2068,17,6.439477443695068,-6.5141959749075316,-6.447871402347033,6.784294210159796,6.792677732465226,-0.001794816513700398,-0.0016734390518339428,0.9981394236161799,0.9981157166607066,1.0008706185721175,1.0006760961148082,-0.002015700865882629,-0.0014879202206854788
2069,17,6.5142083168029785,-7.612942571643616,-6.413494074911316,6.628607389636832,6.568629043086135,-0.0017363635284624143,-0.0017306612617617695,0.9983265619158086,0.998068883391785,1.000840534451308,1.0008808982001833,-0.0007459567409235996,-0.0012283209118768266
2070,17,6.333868503570557,-5.946589194638053,-6.1688221667010765,6.211011280512583,6.394499394779405,-0.0017241870414614396,-0.0017442176808902569,0.997768206995403,0.9979828656319313,1.001086300203585,1.0009909987027843,-0.00040992035135863775,-0.0010279405743107717
2071,17,6.44624137878418,-5.071416923029051,-5.913974370195115,6.244886816152115,6.305634212701718,-0.0017344626055801778,-0.0017223513424699506,0.9976780345967106,0.9979523902625562,1.0010789407802623,1.0009800006269658,-0.000899857390664212,-0.0010153977535481207
2072,17,6.1194167137146,-5.812080745265275,-5.806619671853494,6.287761512535058,6.279812294573652,-0.0016608393183454098,-0.0016684099521967939,0.9981491006407919,0.9980035326023321,1.0008592809473438,1.0008559241788269,-0.0015478123520197055,-0.0010795252598994355
2073,17,5.935248374938965,-6.150261987946035,-5.72597124793229,6.456309613420738,6.26222326989375,-0.0016384632357763973,-0.001587327449969159,0.9981639688819579,0.9980720194019087,1.0006065643348259,1.0006652269404375,-0.0012979148082489732,-0.00106224172286183
2074,17,6.0659050941467285,-5.823669050194412,-5.521988610537086,6.095929427249219,6.211604138192342,-0.001526276843107568,-0.0014867054901306562,0.9980512156157308,0.9981261758259791,1.0006393054590204,1.0004583609339293,-0.0006577375548477837,-0.0009649757751864755
2075,17,5.541125774383545,-4.9308697310276095,-5.206739373297475,6.305385215468475,6.140958107996305,-0.0013091372880973823,-0.001393284240180105,0.9981622388738457,0.9981697294348177,0.9999851981778002,1.0002815306478616,-0.0009402426301954856,-0.0008782639566260672
2076,17,5.627320289611816,-5.035868953639518,-4.900201359293172,5.934426975065316,6.055737286639373,-0.0012822129032828667,-0.0013435692587349963,0.9983313333256509,0.9981892078756452,1.0001555299654499,1.0002093151615468,-0.0007489898698524237,-0.0008184801060064136
2077,17,5.653805255889893,-4.469184064857445,-4.665251706887156,5.953041154770625,5.997198949773674,-0.0013842198932721645,-0.0013438953297199839,0.9981769679014069,0.9981744505563105,1.0003065590723492,1.000226884540308,-0.0009596903767267735,-0.000792395441370137
2078,17,5.631974697113037,-4.445699328963032,-4.570516246460958,5.955766188586103,5.976334837994643,-0.001379428285584009,-0.0013764585101627969,0.9980419265113192,0.998162199170421,1.0002961079595027,1.0002832601525062,-0.0007613934497666601,-0.0008027356233812475
2079,17,5.5096540451049805,-4.873138490116651,-4.620399791936845,5.950197512596981,5.977659468878432,-0.0014668079688570895,-0.0014319894700767547,0.9981870129037652,0.9981918547566826,1.000461303656408,1.0003505211187511,-0.00080259377583903,-0.0008985731297660405
2080,17,5.39085578918457,-4.892025043175821,-4.7827439101184,5.935080513034184,5.97286463171244,-0.0014566824068684182,-0.0015084848813096624,0.9982260378311327,0.998262591143673,1.0004433443971348,1.0004209579683845,-0.0006954606645230782,-0.00112104000548221
2081,17,5.619292259216309,-4.319522474972297,-5.109337770555486,6.209352100742125,5.91947767069228,-0.0013835745433081266,-0.0016114995397225424,0.9983595677476889,0.998358837702491,0.9999310462144417,1.0005271095899646,-0.0016081397240353431,-0.0014393475131986308
2082,17,5.708655834197998,-5.812836830100725,-5.644607959378908,5.737367083309096,5.784011199718183,-0.0019625288033374563,-0.0017129127829486651,0.9985153771880819,0.9984522451664541,1.0011006630236272,1.0006687964816918,-0.0021019337254593517,-0.0016839494424352088
2083,17,5.7378973960876465,-6.688763102103657,-6.19301370581011,5.503680622511732,5.622494902979427,-0.001885138774833634,-0.0017248845764733002,0.9985382416059482,0.9985168167804749,1.0010216521809856,1.000684827684146,-0.0018153864456645688,-0.0017398969077676305
2084,17,5.679804801940918,-6.71077370097607,-6.589698059542604,5.456094770832293,5.489892031829588,-0.0017783915436708304,-0.0016363127734962107,0.9985443774452935,0.998549251827132,1.0008506314203005,1.0005348846973798,-0.0016984520977462237,-0.0016506944698824904
2085,17,5.497840404510498,-6.779763391961954,-6.857193200076098,5.400939841336528,5.395336299939832,-0.0012258217958905152,-0.0015213332538030618,0.9984321436915469,0.998558127086297,0.9997831568461444,1.0003515547801427,-0.0008837522955502771,-0.001523236118812248
2086,17,5.630948543548584,-6.59977234775241,-7.092500364854609,5.401603114630571,5.327438912514678,-0.0012126203472028376,-0.001489492857145863,0.9987495324428352,0.9985415610053566,0.9997576817281034,1.0003519661866112,-0.001742218912447243,-0.0014326153641071476
2087,17,5.7511210441589355,-7.389980801298294,-7.335570059718906,5.189272354930905,5.2800697361662925,-0.0017072868396421916,-0.001539531951724363,0.9985063710532067,0.9984721382218626,1.0008700421749621,1.0005384989909858,-0.0017065689748861992,-0.0012682442813124683
2088,17,5.999573230743408,-7.981033064482785,-7.460308315520543,5.291622341802272,5.264780410311171,-0.0017750473172607206,-0.001566961156847572,0.9982133688824559,0.9983838759698807,1.0010608166609993,1.0006951589108817,-0.0008947351419795336,-0.0010048241897631835
2089,17,6.180736064910889,-7.918405737400807,-7.359494618811457,5.202020255938736,5.27155436406677,-0.001820148226553673,-0.0015162642982195856,0.9983880728389986,0.9983256331830236,1.0013426712680054,1.0006951483684197,-0.0007623120018384246,-0.00077830248974317
2090,17,5.951756000518799,-6.69816652081979,-7.142550196221412,5.3713307601216185,5.286033805160662,-0.0010775425142624914,-0.0014369080274958515,0.9983278650756301,0.9982990890394997,0.999937229024303,1.0006081827078308,-0.0003207542662018809,-0.0007239663244442631
2091,17,5.766396999359131,-6.5256092836550685,-7.102260966260268,5.362911701022313,5.280858932282693,-0.0011206151965258235,-0.0014624834259736902,0.9981184033901177,0.9983143271345581,1.0000218011571669,1.0006846371554705,-0.00023501946130366873,-0.0009305369466961557
2092,17,6.360908031463623,-7.0221541872921405,-7.384529858652091,5.185725364967263,5.257503617367764,-0.0017863263502366914,-0.0016062839993156784,0.9985160908586399,0.998379587820832,1.0013429604858768,1.0009546257287927,-0.0023437864772457165,-0.001297794040152258
2093,17,6.151317119598389,-8.457047638224084,-7.881337679837864,5.230600851594729,5.245719990997155,-0.001869301094519198,-0.0017541613900315248,0.9984338148327051,0.9984516690336597,1.001428576239122,1.0012063254697696,-0.0013388139046966148,-0.0015458826229897374
2094,17,6.061659812927246,-8.488001903269467,-8.369774978643852,5.231189673882401,5.258369231089815,-0.001889145426913799,-0.001829289569649382,0.998544445549189,0.9985125049357435,1.0014584078261612,1.0013124678648369,-0.001563695094064177,-0.0016482280487368668
2095,17,6.21182918548584,-8.41633903164184,-8.791240745400525,5.289502874398407,5.295715692765312,-0.001998979293134808,-0.0018103372091247865,0.9986200910149723,0.9985515759317954,1.001568232130285,1.0012585291277905,-0.0024137615782011995,-0.0015873405285542035
2096,17,6.163974285125732,-9.837544973881643,-9.141157316615642,5.351653586272445,5.347616713316877,-0.0018030510499297335,-0.0017192446296558138,0.9985048180045458,0.9985726029349875,1.0011777737647058,1.001118950885029,-0.0009967061122472403,-0.001367553506964167
2097,17,5.881479263305664,-9.307094950599073,-9.361091151598899,5.564764138745951,5.400105743773326,-0.0012435042030126944,-0.0016491125641001224,0.9986302773818985,0.9985981664296644,1.0002382005615003,1.0010825651451318,-0.0005849874554024791,-0.0012185256732376486
2098,17,6.100099086761475,-8.677489215091565,-9.579851729692187,5.231149691431706,5.453410502954488,-0.0016058123013741772,-0.0017015845526481433,0.9986241371597819,0.9986373408399224,1.0013604437204995,1.0013126720255339,-0.0013170799921876667,-0.0012658869158083382
2099,17,6.698795318603516,-10.158423354843377,-9.89191274459543,5.602151642867142,5.543937271635505,-0.0020360038659710073,-0.0018452478757258342,0.9987009257471331,0.9987032157763721,1.0019648535119243,1.001706139867278,-0.002008503141063036,-0.0014036168766891157
2100,17,6.527637481689453,-11.043925998765838,-10.119284466211711,5.721594652826976,5.654902841194823,-0.0021725216473676033,-0.0019995693998448158,0.9987071180742723,0.9988071017840515,1.0023675193489718,1.0021260318768825,-0.0013767350340314506,-0.001536451956645731
2101,17,6.386970520019531,-10.15251497051843,-10.16417093925779,5.935284870527602,5.774605817739711,-0.001378206507953387,-0.0021476813176932153,0.998979693979149,0.9989508531161255,1.0010214893492044,1.0025364826505798,-0.0004981185898640825,-0.0017447843257004283
2102,17,6.801002025604248,-9.109314878393752,-10.2331588545094,5.587919351301275,5.928856043251612,-0.0026059879854228737,-0.0022805319554416257,0.9991231462948146,0.9991075769080296,1.003796117277031,1.0028776063016296,-0.002736456128932743,-0.002008536322085441
2103,17,7.059665203094482,-10.412695944703607,-10.515754660793482,5.926620515726456,6.173019448008246,-0.0035500838006153807,-0.002186943294660392,0.9993251468348097,0.9992528432415286,1.0053382902191499,1.0027048576671702,-0.0037937373271922253,-0.0019613728544544784
2104,16,6.707808494567871,-11.461835131193952,-10.854129343025406,6.823488653996463,6.454012094659736,-0.0010506645701827948,-0.0017945033468060377,0.9993524724015426,0.9993745031285978,1.0003795701666252,1.0019269123236976,-0.0006599505799307912,-0.0014944970549626113
2105,16,6.598922252655029,-11.896614621481948,-11.018748012015461,6.844247334872598,6.646692674908733,-0.0010998607477865827,-0.0014047391474162317,0.9994397203029761,0.9994813597346567,1.0004676377924573,1.0011888077030322,-3.994573507560242e-05,-0.0010354767841065497
2106,16,6.310652256011963,-10.17804793833725,-11.009508747475117,6.6670389962940355,6.727604166810699,-0.0008600532131046343,-0.0011851781574693718,0.9996753457193817,0.999578253486275,1.0002909163841338,1.0008356351723804,-0.0007545809984448698,-0.0008367881860678229
2107,16,6.239762783050537,-10.556496279104758,-11.061551223028566,6.704137285196424,6.752207245310172,-0.001219552408547753,-0.001138232074293438,0.9996360027550798,0.9996636102637301,1.0009496843120451,1.0008536478217738,-0.0014291394128674267,-0.0007980358646999558
2108,16,6.393148899078369,-11.809989605642608,-11.190170034472958,6.77969422763309,6.768745158917914,-0.0014007017550800422,-0.0011543229104459683,0.9997104988560003,0.9997594846210719,1.0014338128905669,1.0010233123340837,-0.0008184106634923964,-0.0007696390707088617
2109,16,6.566707611083984,-11.672345037842,-11.244622261621899,6.6409395275473155,6.807505813254092,-0.001284087018015218,-0.0011420988225130447,0.9998339560989834,0.9998833043814385,1.0015307947452357,1.0011435148065917,-0.0002903700024726001,-0.000787074753559425
2110,16,6.810153007507324,-10.820432348245548,-11.249412132860943,6.865969317166358,6.886375110086762,-0.0009709212621364239,-0.0010987993157865383,1.0000439829915082,1.0000325066634268,1.00103403200422,1.0011687116559267,-0.0008537945110352711,-0.000911104339797323
2111,16,6.5755510330200195,-10.576098870374153,-11.367796546610105,7.004588901606313,6.974423868464113,-0.0009075394124274927,-0.001071733872652973,1.0002820641065622,1.0001874774228199,1.0008684526233504,1.001185924289227,-0.0015786452119021888,-0.0010583548931083692
2112,16,6.448676109313965,-12.265598727745102,-11.615126139994972,7.12756670056435,7.0250735505293695,-0.0012668354533112497,-0.0010703567830903753,1.0001159355328413,1.0003351224135542,1.0015269524252062,1.001249051202401,-0.0007455493325392912,-0.0011308819445704776
2113,16,6.245290279388428,-12.219032922849122,-11.795037248195055,7.098645318216172,7.006499568940481,-0.001097336236444368,-0.0010619510769263904,1.0007105303278925,1.0004744934130192,1.0012757507074572,1.0013309857611536,-0.0014907144709978097,-0.0011489071705323031
2114,16,6.451766014099121,-11.486923228227162,-11.87541342748211,6.84052046820488,6.9258310042995,-0.0009394053203100521,-0.0010619431433942254,1.0006367157731373,1.0005649941512524,1.0013503447587293,1.0014587392731216,-0.0010906211452266668,-0.0010830950634859943
2115,16,6.586180686950684,-11.552390162741561,-11.969217040081451,6.7876920988277885,6.8188241830335725,-0.0010718813258387269,-0.0011016708590043795,1.0005350498626262,1.0006253737158917,1.0016346211891956,1.0016552933654794,-0.0011840365945578882,-0.0009780580642880757
2116,16,6.630721092224121,-12.856229771228502,-12.077384335639021,6.739426553435793,6.70092373040198,-0.0011734615846376144,-0.0011771733876804044,1.00060902259536,1.00070632912708,1.0018634242063824,1.0019063888596396,-0.0004630200655051317,-0.000920857423787062
2117,16,6.791499137878418,-12.38115719189745,-12.108156979085823,6.542394495153369,6.575127549373976,-0.0013083329609444262,-0.00126667740162794,1.0007213143368447,1.000830713399654,1.0023122361087922,1.0021807957859403,-0.0004259890710793233,-0.0010256494395170952
2118,16,6.5447492599487305,-11.560054809278405,-12.18313629300402,6.454473477045176,6.4509394732346745,-0.0013492574239571979,-0.001348148508224652,1.0012337189378315,1.0009790987401597,1.0024584135182684,1.0024427624141432,-0.0018926670612071591,-0.0012471722024649755
2119,16,6.799549579620361,-11.780368293795698,-12.512332056965054,6.367153126792612,6.331593538287638,-0.0013630545587810618,-0.001411194357278162,1.0010432106192484,1.0011124359147556,1.0025502674461684,1.002691904839099,-0.001547171119295961,-0.0013837069126120191
2120,16,6.692111968994141,-13.178412921913042,-13.092682131014149,6.246439673874232,6.221546697511944,-0.0014944444112450254,-0.0014452857743531503,1.0012370982126375,1.0012527684060255,1.0029298708931442,1.0029316563176622,-0.0016774765582673378,-0.0013895782924467324
2121,16,6.77044677734375,-14.567535584469102,-13.67441212174927,6.098749520014333,6.137384428302811,-0.001610131927634797,-0.0014298307986843977,1.0013801830892024,1.001419816078072,1.0033742368969447,1.0031262621068888,-0.0011922564582737833,-0.0013328564615931763
2122,16,6.294244289398193,-14.62835935679181,-14.043871078380358,6.114727434375329,6.102593387925033,-0.0011655743411361377,-0.0013677157383023297,1.0015480231739247,1.0016210835270678,1.002897828306368,1.0032470418196657,-0.0005200662004853378,-0.0013656232167347563
2123,16,6.865967750549316,-13.49171066925062,-14.290815475550911,5.904800226892287,6.132349481957286,-0.001381565724859889,-0.0013016815736850943,1.0018016963469838,1.0018462772439385,1.0037187325031238,1.0033098967633427,-0.0017655220053579392,-0.0015580369742513962
2124,16,6.697607040405273,-14.013446822920242,-14.685026509958751,6.2609516074773115,6.226613156554206,-0.0012191016024174675,-0.0012331303354735444,1.0022008675417604,1.002057526594187,1.0033094628363177,1.0032739079247766,-0.0022506631417021855,-0.001734765914355477
2125,16,6.715404510498047,-15.630165900791765,-15.265908482179189,6.4039388627329705,6.324468258966733,-0.001212472233981472,-0.001170060006995841,1.0022658558592794,1.0022092274268384,1.0032389853549977,1.003190275428829,-0.001917628131055686,-0.001753414950251194
2126,16,6.699468612670898,-16.17351331785827,-15.850334633573764,6.521390719773034,6.364442832556686,-0.0009951026109128848,-0.0011251212261454307,1.0023423483858127,1.0022976886488892,1.0027620971171902,1.0031527025224838,-0.0014454230236328072,-0.0016455737953636586
2127,16,6.574619293212891,-16.256514260758617,-16.334327156479382,6.352228393405753,6.321452472341876,-0.0011429065959450463,-0.0011127798616611775,1.002297778790669,1.0023488465137436,1.003203038700384,1.0032434162943904,-0.001407494306049883,-0.0015123388748456766
2128,16,6.657248497009277,-16.467793715446923,-16.726761568360256,6.145738394531736,6.2232136377591205,-0.0011091450676077126,-0.001115511475912566,1.0023173179518745,1.0024017688841502,1.0033948538792112,1.0034334587962315,-0.0014521420344794853,-0.0014017003518120169
2129,16,7.031707286834717,-17.380072778229422,-17.018552901374743,6.094061567113047,6.112002489595893,-0.0011982898306858913,-0.0011147427179713878,1.0025249368054279,1.0024778974890673,1.0038563736985573,1.0036514949728028,-0.001452022872237571,-0.0013206515387529864
2130,16,6.895063400268555,-17.620679830711776,-17.145828999214107,5.998144465530297,6.008828555334218,-0.0011876534194992115,-0.0010980678494786696,1.002504021804133,1.0025740167578243,1.0040184496840223,1.0038264582707874,-0.0011037893994374757,-0.0012922396613646433
2131,16,6.981125831604004,-16.904003386829086,-17.160272024830785,5.893935415846956,5.923391138640543,-0.0009750157278958285,-0.0010822051097607915,1.0027400747201882,1.0026890261601018,1.0038237705695798,1.0039551015476162,-0.0012974481619373523,-0.0013664606749534023
2132,16,6.956756591796875,-16.90995398772654,-17.254546754692036,5.889556103008926,5.859071697162107,-0.0009895259029259983,-0.0011074247396926187,1.0028064168119746,1.0028089590282594,1.0038540365768276,1.0040933303255961,-0.0014339650089149984,-0.0015445639644609999
2133,16,6.958919525146484,-17.094646740338174,-17.55893206937585,5.8324764464699745,5.812396718659325,-0.001036113250523177,-0.0011820646605348426,1.0028638268926686,1.0029290204425678,1.0039937044420473,1.0042570707136091,-0.001540277973145004,-0.0017874810170579484
2134,16,7.087437629699707,-17.74231530008164,-18.05670105472393,5.613693042775738,5.787782264404561,-0.0014706561966729983,-0.0012637056427126435,1.0030517870265994,1.0030427059739089,1.00493678826638,1.0043675605646245,-0.0024257065693030857,-0.002003008989042677
2135,16,7.276515960693359,-19.185636804753386,-18.55510189092888,5.7874044386493075,5.785335232798997,-0.0015821439517274146,-0.0012751249446503231,1.0032800031200415,1.003125696613665,1.004832744183268,1.0042949511277828,-0.0026466944066956813,-0.0020512432060366048
2136,16,7.049035549163818,-19.311864941346517,-18.784745387915535,5.988173882687809,5.758427052864114,-0.0010190158480569264,-0.0012072494748802032,1.0030873471481667,1.0031621676654667,1.003505410478981,1.0040855623124187,-0.0016541466833689571,-0.0019328791580036214
2137,16,7.032327175140381,-19.095834161525936,-18.663416278200557,5.736787519942589,5.664902068683373,-0.0010647667182987857,-0.001136166578239554,1.0030716945674147,1.003173889444142,1.0037776059594068,1.0039318028296687,-0.0011801951371591068,-0.0018212609115415075
2138,16,6.691507816314697,-17.95302971468542,-18.328729728690664,5.439469614941764,5.531665143535394,-0.0010948471572421248,-0.0011016023524745564,1.0032226104055055,1.0031652434599716,1.0039106889305216,1.003890693280406,-0.001977066875762103,-0.001808230104158239
2139,16,6.479067802429199,-17.678257830782567,-18.04852555484636,5.361708582194509,5.4150253614340915,-0.0011328460256398824,-0.0011098193789695514,1.0032898170366322,1.003111046208097,1.0040003241658166,1.003937384718152,-0.002203751520917904,-0.0017997533285453863
2140,16,6.468151092529297,-17.687719283260762,-17.98623984750788,5.265416360656559,5.34602210502606,-0.0010091199929322132,-0.0011618511067143786,1.0029115075181618,1.0030084389277838,1.0038127832806902,1.0040465978017976,-0.0012951392298239702,-0.001734908206682224
2141,16,6.760463714599609,-17.506089955382755,-18.14880217784956,5.294242590671984,5.327689911427949,-0.0011848035024317465,-0.001253822496585524,1.0028430584548933,1.002903679050923,1.0040958950475594,1.0041957755714028,-0.00195442858454496,-0.0016504852638389717
2142,16,6.859716415405273,-19.18323608420093,-18.38339845364261,5.368008326108325,5.333298423418025,-0.001596726321167793,-0.0013340926095545078,1.002780969811923,1.0028234670426055,1.0047486323119823,1.0042916644805335,-0.0017484156760324467,-0.0015061070541653638
2143,16,6.916233062744141,-19.53575714936827,-18.38896100661987,5.49911422694826,5.323170819864849,-0.0014225794106289128,-0.0013387824141422111,1.0027940303915737,1.0027671802830906,1.0043086788931517,1.0042277976424665,-0.0008616343888105886,-0.0013329741398031207
2144,16,7.013871669769287,-17.30017011163069,-18.12516596196685,5.159773107321887,5.277418407005488,-0.0013993640039708533,-0.0012791612033898811,1.0027705549696826,1.002719767286664,1.004399160634095,1.004025337324228,-0.0015415514341459253,-0.0012192213122527874
2145,16,7.139105319976807,-17.26252935722666,-17.873031676158593,5.150529280531725,5.2198627080041735,-0.0009353750057832873,-0.0012169824933242696,1.0026006839006731,1.002674266699397,1.0033225759549669,1.0037865185684394,-0.0008414511631404927,-0.0011600593506735494
2146,16,7.01521110534668,-17.877045362582493,-17.721875365779464,5.2618405741509635,5.14908462893463,-0.0010039882104780622,-0.0012339749303046884,1.0026901035233429,1.002634690895182,1.0030860454232076,1.0036915062185316,-0.0012611630964133483,-0.001185487817741763
2147,16,6.837675094604492,-18.074101734742197,-17.54566300804887,5.195428429075176,5.044171652413034,-0.0013747952997123403,-0.0013264254969953036,1.002583871797691,1.0025921329690348,1.003762858298002,1.003776162590159,-0.0011560076868656923,-0.0012652555684435933
2148,16,6.961775779724121,-17.274378474510236,-17.25685917433913,4.7754762564948425,4.921572920458293,-0.0016144665410067723,-0.0014104443461565373,1.0025211198965942,1.0025474768593183,1.0043853716233997,1.0038744871300604,-0.001276363722857689,-0.0013604911700899037
2149,16,6.65349006652832,-16.35040899931789,-16.92947708504417,4.657267544143061,4.838161551595102,-0.00155373132290355,-0.0014140758379779898,1.0025091809645963,1.0025012876730324,1.004214321934624,1.00381027157745,-0.0017836362614423594,-0.0014008014186113326
2150,16,6.438253879547119,-16.724156752846312,-16.638241665500672,4.876210998160414,4.807597884900204,-0.0013774658049875367,-0.0013359618287260408,1.0024915200162483,1.0024467297811108,1.0035886606137676,1.0035784820138844,-0.001643485858298961,-0.00131198409291167
2151,16,6.393311500549316,-17.05296048335268,-16.29909828842535,4.90273917585481,4.7863795319836155,-0.001136932923674535,-0.001232167859977386,1.002314011173369,1.0023806613028305,1.003022169172453,1.0033266319979006,-0.0006608206418185898,-0.0011481032380976045
2152,16,6.428683757781982,-15.525359823929657,-15.866825184080303,4.788530945294894,4.746606893847961,-0.0009698819508684928,-0.0011739313284024003,1.0025368074736758,1.0023087101366004,1.0028015376156263,1.0032118859232548,-0.0011762849069675305,-0.0010518601929298032
2153,16,6.37626838684082,-15.119764247205698,-15.498675776434172,4.664776381879467,4.702597594347036,-0.0012154629626375893,-0.0011926602444774673,1.0019401060636237,1.0022369039190522,1.0033772527334515,1.0032728198267813,-0.0005679289623594397,-0.0010563195872649459
2154,16,6.318649768829346,-15.023174448859537,-15.279479738856082,4.682107104286954,4.686689302126783,-0.0012276289583253372,-0.0012547641540089775,1.0022596672762658,1.0022113049768095,1.0033935547350823,1.0034133147922812,-0.0015554649288971201,-0.0011593308271554857
2155,16,6.074265956878662,-15.758139218703116,-15.138855843256597,4.715738057968788,4.722835615990098,-0.0014668115490084222,-0.0013164272257796179,1.0022293424190927,1.0022110271829971,1.003815975412046,1.0035364670079867,-0.0013519995226616956,-0.0012535907917436925
2156,16,6.227476596832275,-15.301471247016481,-14.94958778448287,4.8027024649407535,4.830324671075839,-0.0011984328961842769,-0.0013388287465371798,1.0021903319353476,1.0022090421204966,1.0032556381640405,1.0035682698490882,-0.0007062474113778576,-0.0013202843491425965
2157,16,6.459884166717529,-13.971817117344365,-14.778358030993596,4.754468657316533,5.023912971174548,-0.0015736712091476814,-0.0013160278381036043,1.0023409501175384,1.0021860191841876,1.0042026260688681,1.003494247762709,-0.0020330160037927546,-0.0013538245915649702
2158,16,6.917509078979492,-14.229721880280753,-14.784362008091707,5.3064977339825345,5.28995146744213,-0.0012703515934443107,-0.0012304411198284125,1.0020783025168085,1.0021297424722253,1.0032776321615373,1.0032796504916701,-0.0015344833961195342,-0.001222910912888894
2159,16,6.395864963531494,-15.342083821876706,-14.878668145089952,5.802863368097318,5.535285732213567,-0.0008332549892758881,-0.0011320192536882468,1.0020928431465363,1.0020681926191086,1.002317321805049,1.0030730133872787,-0.0007932546012445464,-0.0009706347665411471
2160,16,6.418534278869629,-15.657155193292006,-14.791582945797341,5.806337413864879,5.671380516875975,-0.0010957743386672725,-0.0010788165451072246,1.0019722297210507,1.0020279984190148,1.0029721512819092,1.0030185595554992,-0.0004179377647952452,-0.000764206933566204
2161,16,6.4230217933654785,-14.080060781406546,-14.413715022214571,5.637789768231561,5.69922646499571,-0.0011233302540039076,-0.0010453002741924878,1.0018655161372387,1.0020353222672502,1.0033046458893637,1.0030353155009155,-0.00029505128240357823,-0.0007153618965142631
2162,16,6.455444812774658,-13.377514091746932,-13.898653296422387,5.595661661757192,5.67445133953731,-0.001015270859021389,-0.0009947031267062065,1.0022346794049974,1.002089383300835,1.0031175269527839,1.0029930117831636,-0.00138188891410558,-0.0007906995826862367
2163,16,6.267680644989014,-13.928393132031417,-13.327666803646432,5.5956302971012635,5.638831650154818,-0.0011213021234621082,-0.0009158357071368459,1.0020585872514007,1.0021462259137996,1.0033110081076815,1.0028458891198333,-0.0008246207781022526,-0.0008516070368398011
2164,16,6.188548564910889,-12.936842655878051,-12.650034208754102,5.826358016790461,5.6034504675016725,-0.0006173879774528388,-0.000824450020625775,1.0023701915097474,1.0021853825720504,1.0020889967389635,1.0026387107306427,-0.0008511362060447537,-0.000899270021384431
2165,16,6.334679126739502,-11.510194521842983,-11.97651366249708,5.400492657611304,5.577466140510714,-0.0008035250359828479,-0.0007832655749326741,1.0020909581170905,1.0021847943092643,1.002623366805982,1.002522206714098,-0.0007935893570039465,-0.000966419372032633
2166,16,5.8804402351379395,-10.912181653158669,-11.513623216578194,5.455741961111572,5.620322323625437,-0.0007271929934495529,-0.000809922557896581,1.002190337398766,1.0021641500815661,1.002450460065391,1.0025249648584882,-0.0011519132842402048,-0.0010566807388073288
2167,16,6.034412384033203,-11.193445491301292,-11.30572062725247,5.808137566604917,5.743310399881889,-0.0007984345816233777,-0.0009062450564777714,1.0020676566627629,1.0021312704463583,1.0023927648950426,1.0026586702996476,-0.0011529423794534855,-0.0011264308683752453
2168,16,5.89831018447876,-11.72561072837505,-11.16998111132478,6.028406027995286,5.899140185523354,-0.0010449152268572058,-0.0010420452382021083,1.002185631002068,1.002090275884358,1.0028028053862648,1.0028995269401504,-0.0012421784921623782,-0.0011504984055518957
2169,16,5.98943567276001,-11.36291297942201,-10.88604962747299,5.992966121033959,6.057405406064037,-0.0013582595613606152,-0.001148412302442241,1.0020464621322522,1.0020353497771042,1.003575028990937,1.003130216282415,-0.0011222581760714195,-0.001126039477144512
2170,16,6.3497314453125,-10.365922320467583,-10.431295138487425,6.285758828020644,6.227264870335383,-0.0013070377951867082,-0.0011650896195006173,1.001924286015484,1.0019858875442005,1.003451888449091,1.00321748017137,-0.001176292958242824,-0.00107998122127969
2171,16,6.164854049682617,-9.661827193107882,-9.965550970371677,6.435452967108283,6.412508697290172,-0.0009815117313458014,-0.0011061971026414671,1.0019480621135095,1.0019674181289628,1.002919676478427,1.0031729581114002,-0.0008202225005772153,-0.001052205934230612
2172,16,6.328256130218506,-9.295886044806208,-9.642885693525267,6.41497360239862,6.6309751864584126,-0.0010045087502311926,-0.0010342557246769254,1.0018168728383927,1.0019867281558907,1.0032381171566866,1.0030921340129941,-0.000791790560381079,-0.001093322979408813
2173,16,5.821237564086914,-9.422885869904652,-9.496131431396437,6.965773980168727,6.895741502813575,-0.0009743537539126854,-0.000982752188559022,1.0023212744860308,1.0020277548825633,1.0029238446595516,1.003022763523106,-0.0019177953388882629,-0.0011694156327566488
2174,16,5.976678848266602,-9.930477228884222,-9.427413162514593,7.350126353544156,7.16327793921345,-0.0009337184502256863,-0.0009664292460077319,1.001899447046093,1.0020454898481053,1.0027419144040335,1.00302910877428,-0.0007728827005327992,-0.001197912556256763
2175,16,6.1984663009643555,-9.369913455282258,-9.328926224744654,7.3675410010567,7.4098968144155455,-0.0006684288264403927,-0.0009927633603178654,1.0021611201194534,1.0020617228386333,1.0026007578651908,1.0031339033103208,-0.0010310357478297467,-0.0012722550900313768
2176,16,6.168341159820557,-9.022691343547951,-9.24317490600051,7.4190989722491745,7.670934144889808,-0.0014903483697205281,-0.0010344618178967106,1.001952084725557,1.0020838732103337,1.0043153290697286,1.003225228165306,-0.0016323055912234037,-0.0013963588591530463
2177,16,6.2578887939453125,-9.035233975816576,-9.246630058149702,8.034254975918973,7.96446807606495,-0.0009953564175409356,-0.000999099056891074,1.0020381240529097,1.0021280553968017,1.00309832537184,1.0030918286720012,-0.0012960508252315133,-0.0014875447428662454
2178,16,5.926007270812988,-9.38184750136936,-9.337215980456536,8.364304414959088,8.235301644580202,-0.0008613139656923118,-0.0009060930369991018,1.0023521808104265,1.002171720733743,1.0026210254590127,1.0028091040718292,-0.001962848360546083,-0.0015014880170541379
2179,16,5.857128143310547,-9.71399981674721,-9.437055954581922,8.519616106980555,8.439966846295999,-0.0007798827949345236,-0.0008044093302402034,1.0022470674509205,1.0021695567226903,1.0023683763483429,1.0025215082691177,-0.0014384721291443203,-0.0013898872384297454
2180,16,6.098029136657715,-9.315762624710937,-9.487477638795399,8.491363020989654,8.585666929377613,-0.0005862353435228377,-0.0007271836249832241,1.0019908062765852,1.002130617623147,1.002108371993658,1.0023048077625165,-0.0007020251334307115,-0.0012348005613411499
2181,16,5.917059898376465,-9.183956171941867,-9.50535029773044,8.524962272429017,8.706818616926894,-0.0008035465463592602,-0.0006860038707448349,1.0021486692675905,1.0020910195116397,1.0024914164281558,1.002158619248728,-0.0015916060054879237,-0.001128353325649627
2182,16,6.067901611328125,-10.149058946696686,-9.452610942221536,8.969415324738481,8.801699991185133,-0.0007183471432193974,-0.0006571582902702833,1.0019631624569978,1.0020551801573785,1.0020235389633059,1.0020371367943022,-0.0008759600147371354,-0.0010415349582313736
2183,16,6.217921733856201,-9.48404448913193,-9.23260357479164,8.965025718367286,8.818585202486478,-0.0005046499197896439,-0.0006468584598939756,1.0020401389283877,1.0020276791116813,1.0016295328842486,1.0019804270599293,-0.0005742371820974203,-0.0010343131802165212
2184,16,5.794368743896484,-8.188823836007977,-8.952856927216583,8.615500297782784,8.753334142817959,-0.0005729579768152147,-0.0006781599316121179,1.0021406998213138,1.001990678128048,1.0019995025672348,1.0020237555185096,-0.001433708981859809,-0.0011178622327644384
2185,16,6.508190155029297,-8.553645259811061,-8.789284977847919,8.650202601523588,8.647409908125043,-0.0009132559722994863,-0.0007282704058404349,1.0018583355895068,1.0019346925803767,1.0024343043511736,1.0020950188545061,-0.001452660840050195,-0.0011782778704859348
2186,16,6.1026082038879395,-9.02024804036708,-8.683477892591341,8.504029113035998,8.510817738387313,-0.0008426634811636546,-0.0007447673919034092,1.0018122827956766,1.0018919419552208,1.002266885390467,1.0021131561321241,-0.0011155842430049853,-0.001184873163604659
2187,16,6.101556301116943,-9.066083254194405,-8.47488213814525,8.59971363693472,8.343224002823277,-0.0006382027295701484,-0.0007282224951047566,1.0018365837637901,1.001878049811289,1.0017377940246808,1.0021053857274922,-0.000819933629406134,-0.0012058708634324236
2188,16,5.856036186218262,-7.817033981042393,-8.131519525897819,7.932071498974831,8.161737625955766,-0.0007998797381150854,-0.0007153129824916481,1.0019196285256884,1.0018760250294327,1.0024856996802014,1.002142162825991,-0.001406212885398373,-0.0012795838041916407
2189,16,5.773066997528076,-7.362118198319655,-7.800344830146496,8.089068222696655,8.042446288968147,-0.0004863663329774616,-0.0007294998370490294,1.0018925870833184,1.001853768552694,1.0017468940300922,1.002221344812646,-0.0013287788496743637,-0.001332793347158136
2190,16,5.296034336090088,-7.769667511019197,-7.5422763988536445,8.02150565679606,8.013788564557,-0.0007897545688102957,-0.0007946455071373089,1.0018723729664156,1.0017924580840447,1.0022944502928446,1.0023819704246153,-0.0016194493552045303,-0.0013018494715246593
2191,16,5.933804035186768,-7.649156791353426,-7.2768717883330725,7.999157907250854,8.101615022674652,-0.0010308111183834753,-0.0008654949636485279,1.0017385906202518,1.001695078966828,1.0029115021140083,1.0025356145549624,-0.0012283718218653373,-0.0011572199968227217
2192,16,5.999619483947754,-6.583604853442182,-6.9916092129525795,8.176548030383888,8.330059971177375,-0.0010142998742106138,-0.0008890176154620681,1.0014051457291544,1.0015967404906934,1.002899699477372,1.002557565595064,-0.0006916793807798343,-0.0009770370014104152
2193,16,5.999032020568848,-6.423255967603005,-6.774949752907524,8.572833706355523,8.68098467623509,-0.0008562301223372535,-0.0008717187548065576,1.0015594619852346,1.0015377473059384,1.0024638147900284,1.0024566576867002,-0.0009392078016938744,-0.000865135777448622
2194,16,5.686763763427734,-7.205389339163607,-6.593317410955262,9.376443982254672,9.073670947572507,-0.0005907703262286362,-0.0008695379708789535,1.001534400516585,1.0015052535967912,1.001599432283077,1.0023747121293862,-0.0006831344567223685,-0.0008498389613254091
2195,16,6.322307109832764,-6.5403363572269635,-6.323212745162296,9.400596357927832,9.406548263705682,-0.0010388372689797397,-0.00092149231663007,1.0014461166124553,1.001480743041969,1.0027229103438204,1.0024212477246546,-0.0007290196018176568,-0.0009473078191869161
2196,16,6.141547679901123,-5.2097658673258085,-6.02128173150787,9.691391431221538,9.66378643298355,-0.0009586686906148562,-0.0009871840364274046,1.001399091794623,1.0014538770158468,1.0025200106322396,1.0024869110828418,-0.0011096150643606939,-0.0011112497510118897
2197,16,6.149109363555908,-5.965745925000986,-5.7951528110187525,9.849442358783588,9.853462035343961,-0.001102796209410709,-0.0010369861041739509,1.0015075576168928,1.0014022648995113,1.0026389565700513,1.002493438863768,-0.0016387975368840563,-0.0012178358588637462
2198,16,6.142446994781494,-6.0256022580115856,-5.5380643960349385,10.042003483912163,9.991183775311265,-0.0011352688775097207,-0.0010463114153848316,1.0014487190732333,1.001292427183419,1.0024606436408021,1.0024056381232573,-0.00152534218674487,-0.0011581582091698458
2199,16,6.1459150314331055,-5.179669622561384,-5.170068673147454,10.05940180823308,10.097231544631983,-0.0009621862073239391,-0.0010148086344431522,1.0010692452871062,1.0011300200171127,1.002107316685436,1.002238494374199,-0.0006248914310314201,-0.0009767579383830926
2200,16,6.070286750793457,-4.351961247917764,-4.770794834504892,10.116297179823812,10.20397893988749,-0.0009071290042430803,-0.0009697679463367507,1.0008013277125798,1.0009708626556542,1.0019628162779237,1.0020245459475874,-0.0005192987354751442,-0.0008333652195440548
2201,16,5.973664283752441,-4.399615854719345,-4.427700947285301,10.16204140608855,10.329665675365867,-0.001008105185552332,-0.0009246589211527465,1.00087055737808,1.000851498685779,1.0021119897799387,1.0017565043516814,-0.000939209320372865,-0.0007861416045587471
2202,16,5.860583305358887,-4.287077741444404,-4.100555039587065,10.672851916815427,10.450523569529443,-0.0007203737075636358,-0.0008764672801704512,1.0007093686521826,1.0007542556266416,1.0010126669741448,1.0014256638344827,-0.0005325822665233324,-0.0007838431798875051
2203,16,5.450201511383057,-3.7060299929818554,-3.723334146703674,10.516269384570945,10.50228078099499,-0.0009979445166864004,-0.0008308453351629217,1.0008182212826295,1.0006510315365957,1.0013965348741174,1.0010950376085976,-0.0012461630501544151,-0.0007788029871161391
2204,16,5.889311790466309,-3.1005528902474753,-3.2837660211610395,10.429889638150023,10.477294195433377,-0.0008793313465078591,-0.0007651671474976726,1.000457743115419,1.0005147003865351,1.0010310600837387,1.0007518641331377,-0.0006853050181491637,-0.0006950504854706039
2205,16,5.5552978515625,-2.927554820103069,-2.7643581260004964,10.578175620349409,10.385808996893477,-0.00037634452994793084,-0.0007067689971569769,1.0003363299408417,1.000363561524148,0.9997009501605757,1.0004690518869723,-0.0002655464845429951,-0.0005853860338168168
2206,16,5.813894271850586,-2.2636320119979354,-2.103002202658651,10.202349289699017,10.2398346199785,-0.0007129740622544407,-0.0007051954136443187,1.000249848822146,1.000209632655405,1.0003853686932274,1.000368443669288,-0.0006078556979725733,-0.0005116072804740991
2207,16,5.796987056732178,-1.4086758459821818,-1.2874130023166779,9.97495901777762,10.105533262005471,-0.0008887155286742772,-0.0007151176439903741,1.0000745318630426,1.0000550815289284,1.0006861521338701,1.0003523088713044,-0.0006189697326416881,-0.0004413084532168055
2208,16,6.122949600219727,-0.6619683239856622,-0.37704668394813773,10.053154874354528,10.042602333731484,-0.0008078115092857572,-0.0006809494115107868,0.9997913606336679,0.9999138267021728,1.000482140323543,1.0002933362803614,-0.00013661819333416506,-0.0003602456834838729
2209,16,5.844692707061768,0.9848396153927553,0.4974476699587202,10.08903196023632,10.06833252965042,-0.0005518108581897722,-0.0006108145869311727,0.9999631105338423,0.9997997012915617,1.0000437529942585,1.000182747053777,-0.0006282897368693123,-0.00029965864024289566
2210,16,5.630484104156494,1.340029742582826,1.148005559155961,10.122751028428333,10.194695211519695,-0.0005058616103874125,-0.0005597762983940892,0.9995566992374226,0.9997038418706145,1.0001358595354495,1.0000835123667646,2.6568984357427445e-05,-0.0002626368044471894
2211,16,5.544142246246338,1.410967908806324,1.5300600499258505,10.38305534933657,10.435182382454066,-0.0004130802482916144,-0.0005700547886507818,0.999626584649303,0.9996469078167356,0.9997682741478018,1.0000341396610712,-6.358965611101032e-05,-0.00031386892202622476
2212,16,5.489462375640869,1.784949577169248,1.687261746123296,10.706320679789469,10.778223871712896,-0.0005694647411769074,-0.0006500554798688242,0.9996721636991652,0.9996144163364911,0.999918622738236,1.000057869353679,-0.0005183633446772512,-0.0004329443995408063
2213,16,5.991954803466797,1.7963171185776254,1.6484506779095809,11.173248313299627,11.18445493034756,-0.0010462723609034905,-0.0007480112017410521,0.9996633347599144,0.9995785244275784,1.0006749026027226,1.0000870618667141,-0.000977959092751446,-0.0005045621044109579
2214,16,6.212360858917236,1.7184366614602307,1.4752802032964825,11.608594439197658,11.58673413568492,-0.0008296898822014665,-0.0007968294843629992,0.9994364327604613,0.9995345415715904,1.0001377040665707,1.0000335224054104,-0.0004050357786797592,-0.00045668935508623676
2215,16,5.905161380767822,0.8427524843217449,1.3001402881859816,12.206548287509849,11.91044342454606,-0.0007080390946473268,-0.0008160027301297903,0.9996038878532713,0.9995007937146942,0.9994924103560188,0.9999841946831555,-0.00045972512275903554,-0.00036391014353622853
2216,16,5.787633419036865,0.739384916016692,1.3041013063923348,12.117261517080989,12.109264016761848,-0.0006817998564817983,-0.0008491897650270384,0.999350889776016,0.99948070060707,0.9996841692358308,1.0000640626604684,0.00030440362612814544,-0.00032866984399524264
2217,16,6.274111747741699,1.7670474068735709,1.5028465523180072,12.054787288092609,12.229675328457029,-0.0010979415666875184,-0.0008965504131028358,0.9994725957863392,0.9994918768402974,1.0008164054143855,1.0002261311942533,-0.0006009379991914906,-0.0004299694132681042
2218,16,6.277996063232422,1.9163134548034657,1.7221852975644207,12.33290345130061,12.330310070259904,-0.000947683642205205,-0.0009131919286892296,0.999632155788391,0.9995182835622264,1.0003707165870719,1.0003121608505268,-0.0008666575591356995,-0.0005712032545674191
2219,16,6.141134738922119,1.8248377372999525,1.8369724165377332,12.40811124619307,12.418787560350463,-0.0008220523422069031,-0.0009035231447785237,0.9995434458972865,0.999536574736139,1.0001708154542646,1.000313816478815,-0.0006478415881506545,-0.0006794084562305064
2220,16,5.825040817260742,1.8022066086570205,1.798231475132082,12.526342234159577,12.489739692344454,-0.0008345016782410236,-0.0008909857028967228,0.9995626930450219,0.999556222583989,1.0001549816216613,1.0002731230160045,-0.0006658882941361037,-0.0007794436396400876
2221,16,5.986032962799072,1.916231502697491,1.568032048740609,12.550069288761437,12.53760898108237,-0.0008097029918306746,-0.0008728122701249846,0.9994056622382691,0.999597689545534,1.0000916356768246,1.0001844925978918,-0.0005428873361989499,-0.000899845449687155
2222,16,6.152007102966309,1.3410974901386314,1.1351941184125072,12.459443351040068,12.56825598985276,-0.0011372961247580603,-0.0008179460745558378,0.9997904444597797,0.9996693667008107,1.0007132669906333,0.9999881920668516,-0.001630290477724114,-0.0010047154060694738
2223,16,5.947051048278809,0.1371594771406061,0.6099968520475816,12.613341265285248,12.585998668320311,-0.0008054467097258228,-0.0006957197695171876,0.9997789327852549,0.999730890888523,0.9997661740822178,0.99964146520184,-0.0011645693012343865,-0.0009878351302435463
2224,16,5.525700092315674,0.08802217967099481,0.15478271590762963,12.679295465688309,12.56560562376851,-0.00021903351292277537,-0.0005746457826379877,0.9997797825549817,0.9997672301749998,0.998538463609684,0.999321091211427,-0.0005480506974028538,-0.000916644191169636
2225,16,5.426956653594971,0.045289112382905665,-0.20204770922389442,12.485264666034693,12.491020341081073,-0.0004064431655337883,-0.0005524602144512986,0.9996768811446209,0.9997880461489983,0.9990147232834721,0.9992342475781537,-0.0005122501900482971,-0.0009301176956813808
2226,16,5.465257167816162,-0.6735992908966022,-0.4694957483940304,12.342665973445502,12.38376210213954,-0.0007733634210054214,-0.0006111558318720023,0.9998609274869196,0.9998017624764729,0.9996210769748792,0.9993326117730528,-0.0013652076568390406,-0.0010308027701023885
2227,16,5.425580978393555,-0.7158216931706365,-0.5991499504585608,12.259582438379459,12.2692351377908,-0.0007815939425883299,-0.000670917526450171,0.9998461284742111,0.9997870301333032,0.9996827665119824,0.9994588777429114,-0.0013357070435050685,-0.0010853642903516409
2228,16,5.406502723693848,-0.8218593523737436,-0.5970732029888719,12.226175682767103,12.158547856796082,-0.000737216194009625,-0.0007006869593837469,0.9997750508393929,0.9997371593881922,0.9995824777699467,0.9995478085215773,-0.0010825709398970507,-0.0010534325783589315
2229,16,5.706374168395996,-0.22661577737190114,-0.54074506368446,12.062921946909556,12.061866145832166,-0.0005631605814428543,-0.0007205350763121279,0.9996238533959397,0.9996720495422688,0.9993582784234905,0.9996313095378668,-0.0007127382964240127,-0.0010034314286437437
2230,16,5.777698040008545,-0.13389244502527495,-0.5643673442092638,11.92129205616691,12.010285177234845,-0.0007434731979801652,-0.0007587954495919178,0.9995239960619766,0.9996246769481956,0.9997559764520979,0.9997489881565665,-0.0008474179751435102,-0.0010104549466627977
2231,16,5.859724044799805,-0.8025908546383815,-0.6890741594581662,11.851236509842819,12.033753038487276,-0.0009988517035785871,-0.0007965640787613381,0.9996381850371826,0.9996082646695256,1.0002761831494724,0.9998588000289533,-0.001508427663447194,-0.0010488630253210492
2232,16,5.444655895233154,-1.2796091728500036,-0.787157287442815,12.289601850996112,12.120771024462176,-0.0006475509455010754,-0.0008134825235493633,0.9995682383470239,0.9996034489185764,0.9994838088068327,0.9999316578192973,-0.0007029674722600562,-0.001055258604949568
2233,16,5.771066188812256,-0.6607725920610725,-0.7716986280152681,12.304397932739514,12.210368750057278,-0.0008693409977599808,-0.0008369006331463526,0.9996733108618369,0.9995894646215482,1.000130587379748,1.0000314957023955,-0.0012203108277059481,-0.0010666823581967349
2234,16,5.753255367279053,-0.5982842483269943,-0.7127814665557038,12.243740624361758,12.288620577968084,-0.0008712082562902237,-0.0008593474729732392,0.9995091901531785,0.99954311286951,1.000184442118273,1.0001192888125814,-0.0009536141670201813,-0.0010551118426309555
2235,16,6.021326541900635,-0.9958309393952696,-0.6765135546831023,12.372911898559476,12.38066289589245,-0.0009653857507112169,-0.0008710942996162471,0.9994666603756379,0.9994617057707726,1.0002981609738824,1.0001560552132234,-0.0011886668698999308,-0.0010041406688779638
2236,16,5.998672962188721,-0.4809277607993867,-0.7091086355059969,12.438818524185493,12.50441065724908,-0.0008143908491231777,-0.0008757343017030239,0.9995226725782342,0.9993389036353603,1.0000832577196004,1.0001414249777663,-0.0010746873682205753,-0.0008917588908184503
2237,17,6.233719825744629,-0.3669121027105664,-0.9272815135292903,12.68412809025571,12.666980718377776,-0.000731320529705612,-0.0009016750783105822,0.9990503695301703,0.9991811752547586,0.9998001664999902,1.0001186885278717,-0.0003919763724777326,-0.0007578329619446724
2238,17,6.443123817443848,-0.9314989793445256,-1.3584400479351824,12.639258171230642,12.856360163323526,-0.0010366883380270905,-0.0009523981831712568,0.9989959144702548,0.9990407798724961,1.0004013035162054,1.000099090696749,-0.0008850912009282191,-0.0006827925314104412
2239,17,6.2707600593566895,-2.7835482730267356,-1.8025243028047848,13.291574221441968,13.04413015902879,-0.0010821865794995932,-0.0009794569180093362,0.9990229826910889,0.998939107874806,1.0000012548496708,1.000012292917667,-0.0007655807812439845,-0.0006610601657870572
2240,17,6.351007461547852,-2.4743881446015212,-1.9599207816673945,13.309552121393859,13.155313331519901,-0.0009518706283525323,-0.0009552044765586457,0.9986493714699598,0.9988798949274603,0.9997418634661922,0.9998557467008096,-0.00015481883180688727,-0.0007291920727927124
2241,17,6.361783981323242,-1.634317224180188,-1.8470708740211195,13.164492341017423,13.1880736165647,-0.0008981128987253263,-0.0008906276114546913,0.9989369505900467,0.998871781569623,0.9997298468497119,0.9996379750317046,-0.0010369294518443107,-0.0009274423868529654
2242,16,6.377530574798584,-1.0390701489110485,-1.701966421164009,12.886713688312282,13.206463199898764,-0.0009534901773699054,-0.0008043432309117658,0.9989607778678694,0.9988629918814286,0.999916898591506,0.9993381853562102,-0.0015240978412606279,-0.0011331743369075032
2243,16,6.272147178649902,-1.3654501626200408,-1.6876553680015949,13.384554814021044,13.255743505316627,-0.0004232165210130894,-0.0007280005512048344,0.9988231352809104,0.99881127124151,0.9983068753471184,0.9989978939508644,-0.0011742524734126582,-0.0012417613243954828
2244,16,6.371872425079346,-2.402435489231829,-1.731952423611346,13.382095153953205,13.294945702463373,-0.0007948644352688207,-0.0007150657504872118,0.9987162204776949,0.9987090622654553,0.998780595629756,0.9987846025904467,-0.0013265357668884284,-0.0012669698094338354
2245,16,6.08989953994751,-1.9714544637724425,-1.6677604367277934,13.38201482058043,13.304197390414991,-0.0007134560504076562,-0.0007454927597950117,0.9986653708960361,0.99856003125019,0.9985855795256646,0.9987032223893235,-0.0012261326203705208,-0.0012356453400241573
2246,16,6.399790287017822,-0.9536018075079129,-1.5240195942236923,13.186725642223276,13.304639322442496,-0.0009125210046389652,-0.0007976958273558678,0.9982127784136242,0.9983787538015668,0.9990525808213427,0.998697435113337,-0.0009557207900957739,-0.0011864224986136806
2247,16,6.010091781616211,-1.0313622463493402,-1.4285274776924015,13.330109892212155,13.338593879313155,-0.000776673242770665,-0.0008547272489346776,0.9982310154750627,0.9981998702940874,0.9985225861061375,0.9987012534496902,-0.0012512005333464376,-0.0011425376384343005
2248,16,6.107556343078613,-1.6387529852202563,-1.3345838832560142,13.357130764969948,13.419021228612065,-0.0008424766186263043,-0.0009249843708447519,0.99805705074512,0.9980196394973668,0.9986077726573771,0.9987304381544136,-0.001158028273698468,-0.0010670970504417143
2249,16,6.124414920806885,-1.9750736461076133,-1.056165195867952,13.600357386431654,13.543016694202917,-0.0010946945332649491,-0.0009954283706911009,0.9978714662950567,0.9978344026943956,0.9988764357682763,0.9987634223902083,-0.0010380676088971622,-0.0009460577677451613
2250,16,6.714756011962891,-0.47911252699872975,-0.5375113101526174,13.75687477979989,13.69273473550882,-0.0011232177345848738,-0.001029758029835463,0.9976542373532138,0.9976568848168488,0.9989151599349861,0.9987367168368406,-0.0007068890316235487,-0.0008078402874107098
2251,17,6.264625549316406,0.9125143927001752,-0.01730883785139098,13.790665183448562,13.867469487218788,-0.0009204653996545364,-0.0010219390196950428,0.9972256196872451,0.9975135553188247,0.9985261818148006,0.9986242780505943,-9.052934907283489e-05,-0.0007080980332436527
2252,16,6.416347503662109,0.6209559000196445,0.28674604503591083,14.054310972791779,14.08309378713375,-0.000965760791965209,-0.0009920954513659784,0.9977105720140715,0.9974102262246288,0.998424909112013,0.9984518009110193,-0.0014575097592397313,-0.0006318945265729311
2253,16,6.312046527862549,-0.09476870045796072,0.4785758494671474,14.25189319973533,14.333754601060512,-0.0011499845223035903,-0.0009331260254385343,0.9974351943909777,0.9972837804880909,0.9986201857591545,0.9982248489061193,-0.0008878104516937557,-0.0004229290145030865
2254,17,6.074820518493652,0.030345734665926844,0.7908727897024936,14.756061341388804,14.593075563123383,-0.0008806321880997534,-0.0008382386286393509,0.9970015099650902,0.9971475474302594,0.997882726997837,0.9979625773317052,0.00029923603416239105,-0.00015233753783492734
2255,17,5.979844570159912,1.7061113775171306,1.2505584803348184,14.810056638499969,14.821440499973342,-0.0005013063048816621,-0.0007661626034538495,0.9968565618653191,0.9970698770074499,0.9972939266828482,0.9977925550865063,0.0006305973097282973,-5.286194622538686e-05
2256,17,6.337271213531494,2.252020700707055,1.6354545510798593,14.997450195500178,15.024459078900016,-0.0007179558706740846,-0.000783839940159558,0.997009769842983,0.9970663213924841,0.9978147220207692,0.9978057323970175,-8.285137004732514e-05,-0.00019181410276527806
2257,17,6.006664276123047,1.8743049899141495,1.857841820986176,15.097360960582952,15.214998646988523,-0.0008325071350503247,-0.0008709436470391439,0.9974433095222398,0.9970674492732072,0.9979418396883599,0.9979263974638501,-0.0012524441500331412,-0.0003711819693264486
2258,17,6.26377010345459,1.3838653202548814,2.0611888296067726,15.515236194213664,15.387076763392864,-0.0012121676394728964,-0.000962042199512327,0.9969422096160621,0.9969991673319544,0.9983866777684116,0.9980426538698933,-0.0003831788608685999,-0.0003746289109237533
2259,17,6.336620330810547,2.38171182886081,2.3891815854945517,15.534738912095042,15.504802949265708,-0.0010639969406585617,-0.0009938704232961891,0.9968568407600593,0.9968995275138187,0.9981519269647947,0.9980753846747377,-0.0001539397587130559,-0.00026180449826797324
2260,17,6.388743877410889,3.168962605744994,2.7728111902347035,15.623435183959945,15.565543386358774,-0.0007908976474099564,-0.0009843775915331064,0.9967557265108097,0.9968155561395835,0.9977148624116318,0.9980611170898709,0.00010789988188566969,-0.000157567804340603
2261,17,6.158022880554199,3.2066123135676325,3.1182538447074735,15.582556091955142,15.59064952452962,-0.0009108863583406967,-0.0009780974598316734,0.9967252771874943,0.9967717589061372,0.9979641645419601,0.9980604592896585,-6.461792325708281e-05,-0.00013297315282927196
2262,17,6.030238151550293,2.7753991220914256,3.4616582530791913,15.589984227796966,15.62122615982668,-0.0011180905278474118,-0.0009593783170724474,0.9967150276007062,0.9967669475082317,0.9983225182297398,0.998024383988968,-9.013401698506628e-05,-0.00016241361421210384
2263,17,6.281223297119141,4.228822778976544,3.843002861547746,15.63906582527015,15.697807416761307,-0.0009720501337467212,-0.0008888693669285408,0.9969186792474826,0.9967763184465921,0.9980160452644536,0.9978702114286618,-0.0005423778919049332,-0.00017204505942298434
2264,17,6.221974849700928,4.633105648026467,4.1190511191628385,15.721251525454306,15.845621004851518,-0.0007168339908155038,-0.0007794365025968828,0.9967995501364996,0.9967658832233558,0.9976276279875117,0.9976149105190696,-0.00013551346055324138,-8.848845043388584e-05
2265,17,5.906538963317871,4.006955741794168,4.253458915037593,15.986356312252095,16.059068480839628,-0.0007204259796774825,-0.0006779235411190722,0.9967075494081614,0.9967449371163954,0.9974350908250904,0.9973463005302236,-1.4992924443555456e-06,4.719919835782937e-05
2266,17,5.749820709228516,3.829433865707279,4.3827696056565975,16.48886601091979,16.282695539058476,-0.000492842574242196,-0.0006213729826134007,0.9966583085288783,0.9967415837604419,0.9967530653633149,0.9971749058659701,0.0005114058584121123,0.00014600315052256668
2267,17,5.911116600036621,4.928546412214564,4.558517943915,16.48586450492625,16.444568778865456,-0.0005188062450762658,-0.0006451032070131881,0.9968104824000955,0.9967675845905626,0.9970005692832327,0.9972063680371189,0.00020926383569499284,0.00012945741765425583
2268,17,6.005223751068115,4.924214474913326,4.66000901421765,16.53393953919985,16.538107570875983,-0.0007818729301906336,-0.0007352970236738428,0.9968317404040765,0.9968077190638974,0.9975003335727063,0.9973978911150962,-0.00010351856914737939,4.1971762651694417e-05
2269,17,6.243046760559082,4.662544827840536,4.662431897533159,16.501079169168527,16.586783191542935,-0.000863410765395814,-0.0008302887216987101,0.9969119927647648,0.9968557754937564,0.997700726442151,0.9976133591696625,-0.00028283138254744353,-2.7754981335188192e-05
2270,17,6.359724044799805,4.151578349917,4.656134926986137,16.655204813611036,16.609313573871095,-0.0009941774959745901,-0.0008757758824203263,0.9969287928109287,0.9969211994702433,0.9978875090844942,0.9977398418788127,-0.00012091014854470944,-5.1540819008546405e-05
2271,17,6.621620178222656,4.429679325315187,4.713349079848166,16.53861735451112,16.6006133566358,-0.0009107206087994063,-0.0008409152975268104,0.9967300380409636,0.9970337104102082,0.9979559621953997,0.997711777644391,0.0007014935247731984,-9.886064323278478e-05
2272,17,6.3307695388793945,5.695613296992795,4.726900616809769,16.575978858330288,16.558437737112907,-0.0007394377408162722,-0.0007398273161341071,0.9974014022820068,0.9972066144302075,0.9976268937273253,0.9975353331312651,-0.0007555477433070102,-0.00021979616794580512
2273,17,6.8558197021484375,4.849305356618768,4.539297299563507,16.491134627917784,16.466537715025172,-0.0005733114063107526,-0.0006172080865220604,0.9973490921910386,0.9973761766029406,0.9972530075028953,0.9973100836941164,-0.0003916550068691151,-0.00026699056871219945
2274,17,6.087418556213379,3.359452317256399,4.298160898125012,16.3443011473052,16.31126535199396,-0.0005511648500950845,-0.0005196760968794388,0.9977564841537298,0.9975144427731336,0.9970315870215732,0.9971786862157214,-0.000681416107327621,-0.00020911163850823586
2275,17,6.220902442932129,3.551220920550537,4.244985095887484,16.27129012618978,16.090371487024033,-0.0002794074210524569,-0.0004831615151233027,0.9974020043224637,0.9976199435334018,0.9966716879216132,0.9972620754576113,0.0007588805497804128,-0.0001319836420966125
2276,17,6.270775318145752,5.275354816097278,4.289414024393816,15.624511475920135,15.82832391075235,-0.000469325691235558,-0.0005342630068774061,0.9977125844068595,0.9977493664610246,0.9976895812438665,0.9975831726950012,-6.654157715354872e-05,-0.00021142362454872824
2277,17,6.821256637573242,4.9390167068648445,4.124244276571532,15.470707105892284,15.593402373837401,-0.0008125021276600122,-0.0006325458011512352,0.9979463096368555,0.9979069333957831,0.9984655307528894,0.99797479948394,-0.0009519982575484298,-0.00036786751399623237
2278,17,6.3586835861206055,3.0047094818810427,3.7592328723188406,15.450493358530382,15.394771573987864,-0.0007769696095675712,-0.0007145559460121868,0.9980892454984429,0.9980710141123237,0.9983910881654007,0.9982935363413001,-0.00046894211774259234,-0.0004496421744350169
2279,17,6.154383182525635,2.8589165399514767,3.4680314234471,15.405091894863457,15.192974384992272,-0.0007483920981601981,-0.0007707697665251041,0.9982995450322854,0.998230359157024,0.9983733072366296,0.9985596709231138,-0.00041532080604526347,-0.0004709933978929578
2280,17,6.331171035766602,3.9791323544509933,3.301291762672178,14.849832801076031,14.9736065578247,-0.0006756600166131792,-0.0008229372290040492,0.9982118033928752,0.9983878825634809,0.9986590406227691,0.9988460956558672,-6.150614970551379e-05,-0.0004917282670907032
2281,17,6.127930164337158,3.376025287915606,3.110068584730163,14.742155065354188,14.784385936493651,-0.0009338422862309748,-0.0008790322054757404,0.9987194225218841,0.998556134375223,0.9992327682307787,0.99915940214279,-0.0010426356650829608,-0.000521754574681265
2282,17,6.30598258972168,2.02716477130974,2.930572719830942,14.624251660932831,14.64774764255447,-0.0011740912627603343,-0.0009034695309919005,0.9986136548262858,0.9987110058375951,0.9998106487949362,0.9994385990299969,-0.0004502400886502348,-0.0004732576556408654
2283,17,5.943487167358398,2.9969940496047913,2.865972530671349,14.533300719745435,14.56112501324195,-0.0006845621538662405,-0.000887842327077299,0.9989990406432714,0.9988590030380654,0.9993361288564849,0.9996606343256471,-0.0003676151196173672,-0.0003889515978109559
2284,17,6.424503803253174,3.47086279725849,2.767567869717275,14.540835919153086,14.508955528859419,-0.0006971591195544866,-0.0008966289037507721,0.998863028979178,0.9990004140421012,0.999609358471268,0.9998988537538149,9.593333202765047e-05,-0.0003441047433588156
2285,17,6.575775146484375,2.9460207557048337,2.5128372924986433,14.382106258697908,14.467299356318344,-0.0011154288062875464,-0.0009342151997279899,0.9990910689465884,0.9991625572347991,1.0005961586127539,1.000128216721837,-0.000576898966417688,-0.0003710657975342222
2286,17,6.279338836669922,1.6030045517135432,2.241780357386023,14.448538653000703,14.413336197229347,-0.0009679871343510145,-0.0009404226330305937,0.9993819741872724,0.9993358868209531,1.0002446589135001,1.0002433237652877,-0.0004100531944764663,-0.0003794444603618306
2287,17,6.1731743812561035,1.5243314642346566,2.231814999321797,14.442227321900031,14.303334682346376,-0.000989724999297363,-0.0008973788749372606,0.9996303381979729,0.9994818538455555,1.0002879329005288,1.000260060849963,-0.0007438300001598347,-0.00031025693323369845
2288,17,6.513193130493164,2.581650910749201,2.536423074079899,14.107769367598104,14.109128059321558,-0.0008205959421646383,-0.0008171275644771209,0.9995103111614395,0.9995827129463964,1.000227495439528,1.0002328672458942,0.00012847789807859844,-0.00016437142589467496
2289,17,6.644614219665527,3.3829423169618305,2.9376668568407793,13.893678280077593,13.849318039280872,-0.0006507016814451264,-0.0007434720377894207,0.9996083899018225,0.9996659077342137,1.0000741514652594,1.0002247232239283,0.00021718884919810078,-6.014438081130817e-05
2290,17,6.380825042724609,3.4976675822737655,3.2093929340228096,13.49763982591988,13.556499014630589,-0.0005088102125524537,-0.0007215356282479807,0.9997912541632396,0.9997439329810323,0.9999523318337719,1.0002876703315389,-2.3994350576465045e-05,-3.879820054239759e-05
2291,17,6.359094619750977,3.387536909286304,3.28738060544956,13.161718074480357,13.272113293784347,-0.0009213732672490693,-0.0007517892192033408,0.9998703766668667,0.9998098268159968,1.000794717760538,1.000401202156771,-0.0004849126706715457,-3.3127205724923245e-05
2292,17,6.408055782318115,3.012415972486622,3.239178820244296,13.036858993109695,13.013995184544985,-0.0008574138570745555,-0.0007744965719850917,0.9997613838502994,0.9998717351821309,1.000566547733015,1.0004594334157062,0.00026323320466963023,1.4555127018965663e-05
2293,17,6.266299247741699,3.0987147471229766,3.1684847727598675,12.79698936624787,12.7626565576865,-0.0008512353240158539,-0.0007727936869767555,0.9998686571007482,0.999951834862142,1.0005891352727538,1.0004616720288457,0.0001613237952549051,4.1214118037104697e-05
2294,17,6.1794657707214355,3.293231618042189,3.110728706612041,12.46144407581215,12.499804112147356,-0.0004848419582418608,-0.0007750631401874201,1.0002339062707855,1.0000361272706793,0.999936034575093,1.0004813675963773,-8.412830738708384e-05,3.538938551019541e-05
2295,17,6.233119487762451,3.117385337018518,3.0761902767833624,12.201393848023477,12.216697075563516,-0.0008246088668609848,-0.0008178274538687666,0.9999835057503199,1.0000915119070048,1.0006716705827805,1.0005971960946702,0.00021693221669079267,3.333373161224889e-05
2296,17,6.4499945640563965,2.839992977355937,3.1308283179288154,12.05139147367744,11.893915836459373,-0.0010192200122154825,-0.0008522158725260743,1.0002402323194026,1.0001325752372914,1.0009092030601974,1.000730683342375,-0.00037380122510582324,5.733002856966898e-05
2297,17,6.412384510040283,2.7433865331482106,3.34553858104657,11.73921756840174,11.516376736314422,-0.0009752675268072736,-0.0008214266726290768,1.0000323917228378,1.0001638236112853,1.0009118694422143,1.000797462617875,0.00039834316301731547,0.00014474303745635285
2298,17,6.683104038238525,4.0941342535235465,3.6573873760565925,10.898771894110771,11.13398287043189,-0.0006444249583299374,-0.0007329768464520035,1.0004065945883645,1.0002044074576293,1.0007727599351635,1.0007833370546768,-1.1738011360220033e-05,0.00023341071363080368
2299,17,6.668972015380859,4.507488605308654,3.8267129727824765,10.586780961721312,10.860306839988683,-0.0005024015560512106,-0.0006484773111981601,0.9999408731421789,1.0002563078489612,1.0006921589800013,1.0007227574581534,0.0009099686895396232,0.00028800315197275393
2300,17,6.482189178466797,3.5542558055091824,3.751797776699088,10.746001319953864,10.733830744359572,-0.0006818249374138689,-0.0006034279099339208,1.0004857119133779,1.0003487897451293,1.0007268511309984,1.0006535257530358,-0.00022628681147134622,0.000265687291115622
2301,17,6.443005084991455,2.973222124882405,3.55632326349833,10.773896637141378,10.692731082861249,-0.0006448529418617309,-0.0005881424347521752,1.0005730094686875,1.0004409752079286,1.000630867849013,1.0006089872131563,6.57200876546825e-05,0.0002564447975063824
2302,17,6.460111141204834,3.835780236798481,3.3094545773830895,10.66100176189622,10.664412051577976,-0.0004896726904830467,-0.0006104658880421061,1.0003451435168982,1.0005205706448248,1.0004309881363918,1.0006445430430386,0.0007812084673114488,0.00023060726737976478
2303,17,6.018921375274658,3.6439916525746576,2.92485157914064,10.65897112327488,10.602151426869504,-0.0004313518394463341,-0.0006925513251857543,1.000625096596605,1.0006132667133436,1.0003292346956374,1.0008115090080447,0.00024110024981802914,0.00010391229225891483
2304,17,6.510053634643555,1.8501907885236177,2.491923285043775,10.48436257844003,10.469039333471775,-0.0011375041122290432,-0.0008024978895931102,1.0008179198590037,1.0007015714843885,1.0016659096323492,1.0010579058400366,-0.0006617112442373642,-4.098714084305795e-05
2305,17,6.288435935974121,1.288649689499121,2.3227219962935917,10.476809696356343,10.247365887925403,-0.0009378140025394625,-0.000840858340808003,1.0007600825034104,1.000767183644777,1.0011890665632883,1.0012069581811927,-6.396403300005057e-05,-8.25342680616859e-05
2306,17,7.115110397338867,2.6553457374351956,2.5077383772376045,9.790959985893226,9.946760057337334,-0.0008833426903702432,-0.0007982191544461124,1.0008574685792608,1.0008281137237127,1.001539802836817,1.0012293915243686,-7.593110974370872e-05,-7.830453713456752e-05
2307,17,7.084194660186768,3.837944972080489,2.773607792537044,9.395336552021243,9.63873216182937,-0.0005778850491748036,-0.000727768676364827,1.000543370235447,1.0009112767269885,1.0011375063519385,1.0011600486311287,0.0006089210044579128,-0.00012776604916745296
2308,16,6.3210062980651855,3.190835977556261,2.8875043129506226,9.482923197582913,9.34908300262884,-0.000423755086061811,-0.0007043025475098944,1.001363115504746,1.001024550133121,1.0005603866382908,1.001121978501066,-0.0007860740138139274,-0.00027394304902378326
2309,16,6.380585193634033,2.0461639655629735,2.9635570080746936,9.35651270038712,9.030293696641044,-0.0009177185462487754,-0.0007439930747333519,1.0010754283937877,1.0010945085746985,1.0012148252209416,1.0012129645465422,-0.0004965461632777486,-0.0003803309562495377
2310,16,7.538300514221191,2.659489948508691,3.2164983654168307,8.557705865494853,8.680365618196724,-0.0008920586056915125,-0.0007819173828522763,1.0011547452744882,1.0011191451575423,1.0015448452325066,1.0013635074351255,-0.0003233932843626497,-0.00041583146116802876
2311,16,6.798289775848389,4.218698234151669,3.5767152905256347,8.151155701347973,8.394770653743251,-0.0007246957501766557,-0.0007908479869120553,1.0010599879524014,1.0011182156432772,1.001507698908572,1.0014753571709862,-0.00033765959157850214,-0.00041507788731027725
2312,16,6.715304851531982,4.211717818812955,3.8035973272508388,8.114147819370713,8.24279430703832,-0.0008605160130907523,-0.0007811195411017949,1.0010813903702485,1.0011154786626963,1.0017757585093774,1.0015012648123514,-0.0004532139211828069,-0.0003909846773078703
2313,16,6.4782185554504395,3.6601251714647773,3.8305889439375944,8.212664639397593,8.207179491792536,-0.0008192343934425283,-0.0007573384678816951,1.0011408398519477,1.0011181161900986,1.0015939371242266,1.0014349097316952,-0.0004885306353125342,-0.00033274961071773357
2314,16,6.303586006164551,3.6162064095342967,3.7408775752723082,8.506192425638767,8.217026846432578,-0.0004691909558510367,-0.0007466105104411849,1.0011417663014468,1.0011210941129816,1.0006452628756017,1.0013622760642273,-0.00010924877473207162,-0.00025320310019590693
2315,16,6.173635482788086,3.7305370205843755,3.5879301180475527,8.111752177715816,8.21521431958618,-0.0008638184264647842,-0.0007792436827719878,1.0011503848000736,1.0011250908917562,1.001586776228182,1.0013822975735758,-0.00020066322467257805,-0.00020436496707377987
2316,16,6.152581691741943,3.803532985103321,3.3866015473835933,8.11605670567112,8.222763722298485,-0.0008583985588610874,-0.0008143703952148211,1.001027314433908,1.0011404401881916,1.001573148557823,1.0014088256229838,-2.427396811776339e-05,-0.00020677267486248721
2317,16,6.027994632720947,2.671699405887591,3.216357213623485,8.232466883594403,8.243159444856333,-0.0009508882930438788,-0.0008191927851456248,1.001270221402111,1.001178095344525,1.0016237058597617,1.0013761330640891,-0.0006679280246792437,-0.0002555603650128478
2318,16,6.1518235206604,2.348916348733103,3.250937383105728,8.366882802863913,8.239400958265803,-0.0007934855437273797,-0.0007903753002178481,1.0011163164126546,1.0012240006119806,1.0011952754566975,1.0013016931692766,0.00015855156231328152,-0.00032214288907608194
2319,16,6.134178161621094,4.34412751513597,3.4629652505672204,8.312287405144254,8.172807832359757,-0.0006374723525722314,-0.0007679597391103088,1.001363212195309,1.0012754491332978,1.0009550127676783,1.0012822247418534,-0.0006804693855896694,-0.00045307241507041484
2320,16,5.951450347900391,4.099115082620942,3.579850311545083,7.898375786889065,8.052514853228521,-0.0006268977408090925,-0.0007930997146938272,1.0012280445441115,1.0013110412013013,1.0012158826131878,1.0013767842185683,-0.00035198470903508207,-0.0005992208674016592
2321,16,6.092892646789551,2.8768709406180855,3.5652436732756043,7.896355753352814,7.927284771248151,-0.0011258701907893422,-0.0008553990089655562,1.0014394685918235,1.0013213128171317,1.0020332436542114,1.0015260954552756,-0.0011494797551990215,-0.0007248389512345703
2322,16,5.996392250061035,3.253142780432916,3.5552286755529168,8.00976711499794,7.807060410827005,-0.0007883353757910727,-0.0009044032538416743,1.0012864757804958,1.001286987640248,1.0013034490269612,1.0016354961034055,-0.00044414273452252485,-0.0007678629099303182
2323,16,6.618540287017822,4.831656973613264,3.4953778350748674,7.3963708210633206,7.696116325073048,-0.000976926974936867,-0.0009495854022565809,1.001242743439864,1.001217984657079,1.0020068311756334,1.0017254903954986,-0.0011269257706764124,-0.0007506258511945894
2324,16,6.476810455322266,3.0281908803537516,3.284028612912047,7.703467301696963,7.636323438737982,-0.0008986893259897724,-0.000987517527683982,1.0011676708798154,1.0011347385814195,1.0014850775164899,1.0017742426622802,-0.0007078883864067711,-0.0006562772027946081
2325,16,6.510178089141846,2.332472870167974,3.1627899940449185,7.684285454357134,7.603498725356771,-0.0010455025521746303,-0.0010073713473965522,1.0009561832952325,1.0010671740548798,1.0017731910574192,1.0017946885024347,-0.00035429065625344086,-0.0005555371997280585
2326,16,6.440877914428711,2.2933746109417346,3.3346238274160296,7.689645205496524,7.577309927550005,-0.001083873209509328,-0.000977176308081284,1.0008305245318416,1.0010485310293222,1.0018540500565332,1.0017342074541562,0.00018468177029618086,-0.0005466366662883368
2327,16,6.662700176239014,4.955595269308537,3.6665369294303183,7.36825701392896,7.573994999230013,-0.0009149731990164317,-0.0008773656788347621,1.001310381514546,1.0010662729032023,1.0017828737907601,1.001521625708073,-0.0011806473575385454,-0.0006196659663336623
2328,16,6.57277774810791,4.906662331890807,3.753418069259598,7.3839658181691705,7.6337282666638915,-0.0009200825975645133,-0.0007250196016789522,1.001115185349963,1.0010536057259187,1.0017812748417072,1.0011379695204377,-0.001295508874822983,-0.0005766316777470736
2329,16,6.453156471252441,2.8620177905819215,3.5673125844184104,7.94583020583869,7.727806575335626,-0.0003431044033030055,-0.0005699005060567366,1.0010322305321864,1.00100230427976,1.000024024223423,1.0006944722099462,-0.0002769427152750277,-0.00037903287704176453
2330,16,6.2258830070495605,2.2893792119273018,3.4546212150440896,7.9578495168850525,7.756483245052629,-0.000397916708291677,-0.0005043017041307721,1.0007487244860878,1.0009416389602945,1.0000955806174148,1.0004581317527372,0.0005772032338860982,-0.0002289592948324617
2331,16,6.274484157562256,4.044340585044932,3.5525170237208368,7.669387452431643,7.680587258684845,-0.000391570284653783,-0.000560491996759556,1.0009433875726397,1.0008997170457627,1.000284222438287,1.00051974630417,-8.919913653622645e-05,-0.0002906834563318394
2332,16,6.364614963531494,4.290137136208271,3.6364397255834016,7.544652366684104,7.535941924430195,-0.0007238377295622099,-0.0007100222433025949,1.0009375037237265,1.0008526672492342,1.0008286096471228,1.0007958671032728,-0.0007747530547862315,-0.00046624484107492525
2333,16,6.720768451690674,3.5338104622460405,3.588949688700136,7.224693034197229,7.37067038234408,-0.0010487735338366197,-0.000867492210289658,1.0008130408115608,1.000781446252837,1.0014528210474445,1.0011086965432292,-0.0010941141637547717,-0.0005606981395165644
2334,16,6.269185543060303,2.7703924398512005,3.5173453679833266,7.2412576769028965,7.224205201266085,-0.0011185586979601033,-0.0009519942957179413,1.0006718274441657,1.0006974505582873,1.001559265410818,1.001297188707961,-0.00047478330594476426,-0.0004929844671178955
2335,16,6.163325786590576,3.4723279018283524,3.505880657680209,7.047017296583348,7.096193105789774,-0.0009128333397231172,-0.0009477534861300886,1.0007125827401286,1.0006254381217468,1.0012851758139891,1.001320407113502,-0.00031181571729485845,-0.0003557173803392782
2336,16,6.4633307456970215,4.1689109573079355,3.410933245334137,6.973348441382523,6.977236198205436,-0.0008892113290712563,-0.0008987038425489701,1.0004168221800143,1.0005913432917637,1.0012943159702739,1.0012370419116425,9.495200753761041e-05,-0.00027091683729238056
2337,16,6.543715476989746,3.732843419094769,3.0787589638610457,6.7186257259344,6.844207921941561,-0.0007299851608355595,-0.000849986582491493,1.0005348760458368,1.0006325411578247,1.0010678668445732,1.001118844489413,-0.00026729113533481086,-0.00031944335661249755
2338,16,5.9929375648498535,1.8950501722364896,2.621571851356751,6.877653851293242,6.66007360371488,-0.0007855422803513909,-0.0008326702724491169,1.0008062269428522,1.0007349443322897,1.000802419387711,1.0010479447036902,-0.0005679924002764242,-0.0004683802871887323
2339,16,5.8207478523254395,1.4568743113714209,2.3412546153007843,6.649288321538408,6.367636372565809,-0.0008868846369162577,-0.0008387848821164427,1.0009202545677347,1.0008488493352112,1.0009063919604757,1.0010772487604844,-0.0005980041166089824,-0.0006505787415373391
2340,16,5.885379314422607,2.537286232212973,2.29845833387709,5.814079788664599,5.9883301888443485,-0.0009827106479032741,-0.0008410689169603027,1.0009649109738084,1.0009446117627383,1.0016012438666992,1.0011682942611448,-0.0009431591474883096,-0.0008212951483119573
2341,16,5.784959316253662,2.9977419171452437,2.244548769659678,5.463834049929875,5.633521522313144,-0.0006433087468055247,-0.0008343507197053686,1.0009960332574392,1.0010215481965423,1.0010049394703302,1.001244511014606,-0.0009016483796266645,-0.0009364802523648476
2342,16,5.6668524742126465,1.9568529930105383,1.9941322999086817,5.32484291706792,5.369779413720935,-0.0009386334765934522,-0.0008457937177209646,1.0011434571383016,1.001088721836444,1.001465810449211,1.0013302899142835,-0.0012859387038200406,-0.0009826761934456766
2343,16,5.384850978851318,1.0492597869336389,1.609960205694633,5.225639141436467,5.194380153517598,-0.000921887035673163,-0.0008616176763885366,1.000980209139332,1.0011531385082595,1.0015071343577873,1.0014197224701233,-0.0004415005328688716,-0.0009686688163349653
2344,16,5.583476543426514,1.8507291398236692,1.156438564560013,5.072776532653631,5.079960560615479,-0.0007201994589647625,-0.0008870996431923889,1.0013433668880676,1.0012230787129213,1.0012440375930771,1.0015377094390696,-0.0011463359164799382,-0.0009530432618446986
2345,16,5.392056941986084,0.9172707949110424,0.5700883770294658,4.966057986663119,5.005095907624713,-0.0009540137101454959,-0.0009409408734218547,1.0013821874362918,1.0012651710690614,1.001768059201421,1.0017246304482994,-0.0013155515737755597,-0.0008644214972086763
2346,16,5.382404327392578,-0.8443143750865879,-0.011261742557730214,5.0950144797297225,4.9454805796863806,-0.001110057136961463,-0.0009952080287026462,1.001177784617138,1.0012794034943862,1.0019717454524413,1.0019389507636434,-0.0005761157603843559,-0.00068612288754924
2347,16,5.954181671142578,-0.9740069685050269,-0.35077243854478957,4.867574345306563,4.875724908513881,-0.0010459049639384124,-0.0010222233508487759,1.0012968693841349,1.0013045393913236,1.0022042256483499,1.002132565171113,-0.0001422990538914822,-0.0005522516217443277
2348,16,6.096095085144043,0.2201677711644086,-0.4981383215338494,4.737965802048397,4.8145981712966215,-0.0009462276027997612,-0.0010339498775484323,1.0012935833108927,1.001355567991911,1.002277259975707,1.0022768047276225,-0.00027660767846952996,-0.0005665599457810135
2349,16,6.171539306640625,0.3074510587509475,-0.7055350128088004,4.669167879285968,4.784600186825982,-0.0010696939908434564,-0.0010521627678980788,1.001466473603841,1.0014323428285137,1.0025489600099933,1.0023674829844893,-0.0013040195404199879,-0.000677346169034433
2350,16,5.81060266494751,-1.8655648525802377,-0.9808033401516894,4.883632472988961,4.775931524661327,-0.0010326232922128304,-0.0010753608812754413,1.0015025285436638,1.001518037316424,1.0021653406201547,1.002419566808614,-0.000645866205241265,-0.0007613022250896116
2351,16,5.891396522521973,-2.0190524371479754,-1.043182934841139,4.864763983701489,4.746828895383368,-0.0010724706693411854,-0.0010973914137740925,1.0015902936888927,1.0016001694238368,1.00226520265696,1.0024827036985546,-0.00047174936261657797,-0.0008517284586369587
2352,16,5.665791034698486,-0.3167428092675811,-0.8837258627182825,4.604367026986486,4.689139491357861,-0.0012118562413156887,-0.0010983261777227445,1.001755771290319,1.0016632695845487,1.0028681231909249,1.0025250645287285,-0.001255813611589522,-0.0009640742225754652
2353,16,5.98366117477417,0.05354381453798458,-0.8162095039153254,4.509078031672092,4.632503253915285,-0.0011633486065485373,-0.001056176240506099,1.001615669136853,1.001694871102738,1.0028429461649724,1.002455413270021,-0.0010371828263687844,-0.0010113266829128143
2354,16,5.315981388092041,-0.9324283975862141,-0.9859935814584153,4.609243388301675,4.579740438238563,-0.0008853927171656437,-0.0009906389823895398,1.0018735758038952,1.0017046255512945,1.0020624856674647,1.0023024308100963,-0.0013913290994027338,-0.0009704618270744614
2355,16,5.445094108581543,-1.8171780738508216,-1.2256731287719365,4.655940353409547,4.491940308533261,-0.0008257045286253945,-0.0009543484005796529,1.001422777366267,1.0016989626123014,1.0018146605376441,1.0022199594393713,-0.00017859984845244674,-0.00088299795560845
2356,16,5.205427169799805,-1.7555348201987462,-1.3316375926094548,4.4516774898347995,4.343388339730289,-0.0010347352902171612,-0.0009639118437232666,1.0018233473733922,1.0017107561867997,1.0023345802942338,1.0022816601976987,-0.0010528957123319854,-0.0008719671283215958
2357,16,5.867863178253174,-1.0647724353203847,-1.3188789543435926,3.9976460901885718,4.171801207968381,-0.0009988843654596127,-0.0009922439449020573,1.0018208212642734,1.001707683455996,1.002534678092548,1.0024170668754389,-0.0010456027426630722,-0.0008846648469925583
2358,16,5.728296756744385,-1.0055611689880368,-1.3680189403373608,3.997144440312655,4.049855340777453,-0.0009998491361517226,-0.0010255836808035195,1.0015888099496209,1.0016807643578682,1.0025380394994785,1.002549689085953,-0.000735086495527264,-0.0008835455698048579
2359,16,5.678038597106934,-1.7173863802193365,-1.5880789004577933,3.9862518681443646,4.001517049334552,-0.0011092421895085856,-0.0010559740266467656,1.0016381997568249,1.001657754984565,1.0027551573686908,1.0026425232813716,-0.0009297978301523313,-0.0008836404254626268
2360,16,5.584202766418457,-1.7744167639686286,-1.9661021570978716,3.9878042669135048,4.019833145319724,-0.0010924113912435891,-0.00107212905511385,1.0016542243817539,1.0016450048508907,1.002724586450727,1.0026727531506379,-0.0008718272487029728,-0.0008698160109076522
2361,16,5.266385078430176,-2.0229453228597047,-2.486253125923105,4.079216308837463,4.086476627198005,-0.0009697021743079689,-0.0010789774699171586,1.0016375661790087,1.0016363482022688,1.0024713627389557,1.0026558719297853,-0.0008691144555871739,-0.000829969366832884
2362,16,5.150209426879883,-3.607293054360023,-3.0449804004625562,4.155790086028928,4.171266736171345,-0.0011907226688050725,-0.0010831378683959368,1.001638188235999,1.0016270929948354,1.0028207774525153,1.002617528421969,-0.0008746711241249389,-0.0007593985334050222
2363,16,5.023468971252441,-3.763271968159376,-3.419660090715626,4.272528083171898,4.237886963852341,-0.0011121568815047394,-0.0010662464082417022,1.0016712164674166,1.0016145743431255,1.002590618745842,1.0025443389146875,-0.0007489122836569599,-0.0006756645682255804
2364,16,5.408045768737793,-3.4870495555523773,-3.5626372665583568,4.268381211634579,4.247236184707726,-0.0009377040999957924,-0.001040103427301221,1.0013880332167424,1.0016045463517125,1.002286925136649,1.002478331959711,0.00013382201492265048,-0.0006432852024510924
2365,16,5.068429946899414,-2.9904745014419456,-3.5800130208776055,4.217350417330225,4.172108266848059,-0.0010302174986790622,-0.0010323331271409463,1.0019212697054278,1.0016051287602241,1.0024986913151215,1.0024781972488412,-0.0016981865236772899,-0.0006983740438909562
2366,16,5.72007942199707,-4.1076242556794,-3.5335755081246476,4.217012710236256,3.99865286784938,-0.0009602845823734923,-0.0010414589170319316,1.001317541292542,1.0015859951513328,1.0022072559443587,1.002546971032354,-2.5162869514575522e-05,-0.0007171676122087472
2367,16,5.650859355926514,-3.6330639184503806,-3.3292687379282024,3.6677802936002215,3.7465953194781125,-0.0011388810714833618,-0.0010508173545640746,1.0016122424438474,1.0015829123510689,1.0028623107983998,1.002652757780111,-0.0007600545337833551,-0.0007897438402724816
2368,16,5.923423767089844,-2.7293066186289585,-3.0266026988325025,3.2879580835130655,3.501096665928314,-0.0011762162144289261,-0.0010252258334447306,1.0016294447087506,1.0015765661244813,1.003105572351074,1.0026761486316504,-0.0011949683225257175,-0.0008712060305308365
2369,16,5.691097259521484,-2.7263643278509555,-2.8020001645424593,3.3521931352056673,3.323368816410137,-0.0009425146291401032,-0.0009622587133943256,1.001634872353375,1.0015399912814467,1.0025044816990691,1.0025696477187076,-0.0009716973466346938,-0.0008783168090660054
2370,16,5.209019184112549,-2.475289001739348,-2.75896924593201,3.1504069321429506,3.2056301534763985,-0.000852013675369603,-0.0009109386730668085,1.0014849168810902,1.0014720522703153,1.002437299548353,1.0024281806331836,-0.000833301083061942,-0.0008316459904051273
2371,16,5.105557918548584,-2.817762103403677,-2.931673303530368,3.174584971295318,3.128317944630433,-0.0007416462973495603,-0.0009208667462608757,1.001214157062896,1.0014062618851731,1.00198398200801,1.002359887884431,-0.000404961054011641,-0.0008057091708751808
2372,16,5.310908794403076,-3.54607529536373,-3.246692497210578,3.207611546184436,3.0599418561805516,-0.0010138743966773207,-0.0010062029157458935,1.001527241662529,1.0013719289133678,1.0022752373985044,1.002439918737258,-0.0011580562538257735,-0.0008499113251171268
2373,16,5.582370758056641,-3.5730588113862347,-3.5942237150436696,2.8474252207308823,2.991626295041867,-0.0012427697377306898,-0.001118034913664359,1.001348364616603,1.001348798927687,1.0029374465342502,1.0026073580407784,-0.0008725842055412526,-0.0009069371976714369
2374,16,5.581010818481445,-3.424057670800043,-3.9499754317991993,2.9436406135571334,2.9545698335378243,-0.0011245314446728764,-0.0012050114197852573,1.0012556922761482,1.0013508808241676,1.0026305345947526,1.0027432708110762,-0.0007488800027158689,-0.0009832058148531544
2375,16,5.524044036865234,-4.591032510184729,-4.265758519649022,2.910114331729267,2.945645370529929,-0.0013847202066253983,-0.0012493135749812707,1.0013023012571873,1.0013970786789694,1.0030682797974022,1.0028104335529666,-0.0011891689062950325,-0.0010807341584719644
2376,16,5.484532833099365,-5.017770839850689,-4.351949299318202,3.0137139681525738,2.9441348901575517,-0.0012748138425605151,-0.0012283158991514924,1.0015304478309734,1.0014688157669136,1.0027967529539816,1.0027824998988937,-0.001314218206216543,-0.0011336763691497374
2377,16,5.56505012512207,-4.461467631874368,-4.133261558815138,2.9970258936456937,2.922744125898769,-0.0011630595810203043,-0.0011595773418324163,1.0018122155647176,1.001514941890057,1.0026187936317883,1.0027069365001877,-0.001342275501318258,-0.001106374359063545
2378,16,5.374917984008789,-2.9536118706548757,-3.797317062642839,2.8187768823829873,2.8793057929952375,-0.0009722974355672206,-0.0010863961947437878,1.0012377274235211,1.001519793963034,1.0025374108071998,1.0026491778030429,-0.0004547945792547098,-0.0010476322816822755
2379,16,5.505853652954102,-3.0011263905483365,-3.6203776511986554,2.7921301955680122,2.8357302141110767,-0.0009975794510120842,-0.0010477135928273654,1.0014906865984219,1.0015436697767035,1.0025996366768037,1.002639056775892,-0.0012365026179218983,-0.0010474054258784763
2380,16,5.451198101043701,-4.342642440357413,-3.585052360009107,2.803158228572202,2.7969228759127183,-0.0011494695954939779,-0.0010421980478412375,1.001755948077002,1.0015756683702233,1.002868535737627,1.0026605116512404,-0.0014260142966933177,-0.0010391645515888505
2381,16,5.809927463531494,-3.8855987818460305,-3.4704554826925396,2.8589226028272097,2.749622423633996,-0.0010201147395263975,-0.0010520294930114527,1.0014688743029063,1.0015798470616988,1.0025691945348694,1.002692591943489,-0.000431335343099707,-0.0009995631829983983
2382,16,5.62532901763916,-2.790753755699855,-3.2798462097151115,2.6709714385394108,2.6875255267027014,-0.000979671883961925,-0.0010871077727005766,1.001726848312802,1.0015649055703895,1.0025764899485567,1.0027679385709,-0.0013232771941576566,-0.0009995828854525803
2383,16,5.495803356170654,-2.8461850238060187,-3.1664707185646783,2.6097766176534485,2.637231999575229,-0.001181162425003289,-0.0011476108314682281,1.001419055928334,1.0015323615113896,1.0029413969540832,1.0028826967006115,-0.0010316665990277698,-0.0009911382406557665
2384,16,5.680683135986328,-3.6625027410721076,-3.1368953564052484,2.56684630739736,2.626402783450877,-0.0013113061493950958,-0.0012002427112559257,1.001391522076065,1.001516952913094,1.0032036381075058,1.0029681469069005,-0.0007777577764726924,-0.000987005834589462
2385,16,5.720136642456055,-3.0506012645482032,-3.0987896104281676,2.6494513860790576,2.6680523744883433,-0.0012103647639042368,-0.001222587589923191,1.0016452594678968,1.0015203999727038,1.0029583495957328,1.0029775430406065,-0.0010300747878565764,-0.0010218609502788292
2386,16,5.668107986450195,-2.601325175510325,-3.0946213911177294,2.685197330739768,2.752998484164669,-0.0011212457951870064,-0.0012285791455576493,1.0015180008415325,1.0015060222336662,1.0027847006155255,1.0029407481558748,-0.0010372910837753888,-0.0010689673710114803
2387,16,5.513147354125977,-3.4199376276128706,-3.154357966834573,2.9342405743960445,2.85634126271355,-0.0013342572546992909,-0.0012286336631780977,1.0015753389379103,1.001467101019488,1.003036216891498,1.0028878407597077,-0.001655249070769605,-0.001085353542760781
2388,16,5.608518600463867,-4.146067807366328,-3.1712163002077443,3.026782663385967,2.936730917052256,-0.0012546339648498452,-0.001207063908856308,1.0012178559138654,1.0014189262004856,1.00284097793988,1.0028104275178114,-0.000317262493688473,-0.0010639008199492164
2389,16,5.514803409576416,-2.099922435870555,-3.1604860925996094,2.9580931872537644,2.9792536665699325,-0.0010683649255987678,-0.0011769762111240288,1.001455338023003,1.0013962105159209,1.0025593463551539,1.0027373053087718,-0.0011084422115675897,-0.0011168471711409242
2390,16,5.900053977966309,-2.20368177083056,-3.3805509587895934,2.865170857812493,3.001753504731062,-0.0010964136622048756,-0.001166173743392066,1.001495172120024,1.001383797312777,1.0026712817057444,1.0027045213742034,-0.0018905745672254735,-0.0011665041740181303
2391,16,5.595969200134277,-4.816046888571391,-3.740570161696107,3.108606408220233,3.011996221434212,-0.001237346823776574,-0.0011664772629232465,1.0012185976327537,1.0013779860463448,1.0027436065975983,1.0026916470564522,-0.0008987618839000815,-0.001129313296596188
2392,16,5.485265254974365,-4.966817438546187,-3.790205917949801,3.1150894337734187,2.981875729700586,-0.0011996529889612,-0.0011453372723730264,1.001410805770818,1.0014013082977127,1.0026443963676945,1.002658083387172,-0.0008765590883939816,-0.0011244663889546475
2393,16,5.920215606689453,-3.4808623153317098,-3.4204290753471387,2.9617575405820875,2.913768476823143,-0.0011190200600725965,-0.0010914487728260324,1.0014110361541464,1.001435480630035,1.0025971775241174,1.0025759311224987,-0.0008171280103836062,-0.0012344169492615573
2394,16,5.587466239929199,-1.9161537662611365,-2.984750357096935,2.57644690880848,2.8635844138479225,-0.0010164222482535316,-0.0010184183443003921,1.0015174124319965,1.0014508456752544,1.0026843810502402,1.0024186512834998,-0.0015573342742261213,-0.0014129634498363346
2395,16,6.209491729736328,-1.8017076915908026,-2.864481639608658,2.783115501433222,2.889884728175078,-0.0010708377248377875,-0.0009524259678662847,1.001497075998953,1.0014162675439247,1.0024618369831726,1.0021859998675926,-0.0025177948712685042,-0.001478139078010214
2396,16,5.426067352294922,-3.7807594658706334,-3.0303298198335726,2.99926959629327,2.956641402498456,-0.0009836361874033107,-0.0009299489856745365,1.0012907838669116,1.0013256972573377,1.001985766226361,1.0019834690985436,-0.0012256050563668412,-0.0013389572932725195
2397,16,5.457347393035889,-3.9149231460407323,-3.1122051032481095,3.127910535590518,2.9768407713024736,-0.0009064935107709471,-0.001026870246414908,1.0011394958419275,1.0011996105330283,1.0016854650727918,1.002019809807174,-0.0005789944632816164,-0.0012164966032796938
2398,16,4.843436241149902,-2.4312054672808943,-2.9641582874291714,2.9998407146619543,2.8811352450000887,-0.0008413588449225606,-0.0013354477986814448,1.0012629306094623,1.00104858002888,1.0015606485690094,1.0024984560618473,-0.001346194138906038,-0.0013223955849508628
2399,16,5.377423286437988,-2.725974720648436,-2.7106298741702597,2.7929801804933905,2.661642063765964,-0.0012602953372438752,-0.001872311098637239,1.0006207383363162,1.000879317461454,1.002236786713779,1.003437665596283,-0.0006674605976436898,-0.0016584135069609486
2400,17,5.264812469482422,-2.600523265975161,-2.3616121873936637,2.181814839520868,2.373005712770573,-0.003542514499390003,-0.002429038718847741,1.0007670005939384,1.0007452403804002,1.0066069427508535,1.0044169724493557,-0.0032974580501425434,-0.0021042172353331673
2401,17,5.356619358062744,-2.3557290493969947,-1.9076823318103284,2.1406669426118796,2.105515805419238,-0.002912934351889349,-0.0026552246650856414,1.000602678221703,1.0006368161956947,1.0051909512662176,1.0047404229103851,-0.002051693824344606,-0.0023265162578980135
2402,17,5.063446998596191,-0.6314536792278952,-1.461059587710055,1.6434384847548373,1.8972040695158583,-0.0026393929621532893,-0.002556498729062145,1.0005947401939692,1.0005283688812698,1.004792614955634,1.00440773175096,-0.0027308472704220886,-0.0022997159935995684
2403,17,5.142682075500488,-0.6184675032120285,-1.2346711743552274,1.8845103903465212,1.7594113093353443,-0.0015883332006901376,-0.0023294513162638083,1.000343064708965,1.000390263586006,1.0022440240267712,1.0037944154371996,-0.0016669770807575214,-0.0020448760985593787
2404,17,5.169106483459473,-2.110498856588854,-1.1352475511994407,1.7979567362734534,1.628404096206194,-0.0022868836492862077,-0.0021572420204219616,1.0004381458152067,1.0002091136502682,1.0033741019885507,1.0033144664759597,-0.0020652375384319125,-0.0016778708753378564
2405,17,5.075606822967529,-1.3315966479436014,-0.8670331913134514,1.4346418663276495,1.4764525009783331,-0.002211159781567467,-0.0019836676416892384,0.9997970143175207,0.9999808001746945,1.0033341943878393,1.0028813123965166,-0.0007072224699488396,-0.0012544783200523564
2406,17,5.202029705047607,0.17112699578542193,-0.4598487305729735,1.0877733908739344,1.3419013703738565,-0.0018804176004022911,-0.0017529683843047724,0.9998667412521642,0.9997605087653895,1.0028655689585664,1.0023338562141453,-0.0014036444979131288,-0.0008841558104656827
2407,17,4.7930192947387695,0.24179753992160605,-0.13621852295407316,1.392828995023645,1.2411839911283615,-0.0011659971183416921,-0.001511314181605885,0.9994491566061614,0.9995681391360656,1.001033213617443,1.0017207474001615,-0.00015296724001821128,-0.0005633006924426896
2408,17,5.0231146812438965,-0.22278651016331702,0.0930031913888764,1.255508799809453,1.1127680620042977,-0.0015396804645140085,-0.0013378439197133968,0.9993852096909336,0.9994335668751516,1.0014456833239762,1.0012524589728204,-0.000524554390479132,-0.00038328027260124627
2409,17,4.1969075202941895,-0.1728357996975075,0.37972232333121514,0.9723777662644314,0.9402313087576659,-0.0011481348163070793,-0.0012162850878510612,0.9994310242019208,0.9993488124142536,1.0007430486743585,1.000955191385518,-0.00022427359966036117,-0.0003452561008156459
2410,17,4.200606822967529,0.9784415703670809,0.7460167542328281,0.6492941789438319,0.7740779221398544,-0.0010815105358767663,-0.001163837085632341,0.9991834821061526,0.9992860238333784,1.000795152566753,1.0008410841578579,-0.00013726212716390893,-0.0004516670976621623
2411,17,4.135799884796143,1.4796490244288703,0.9975446810550999,0.6307942018588457,0.6777356631260791,-0.0011729491477009718,-0.00118160618940402,0.9992893153459406,0.999234682817125,1.0008694900583446,1.000853963150013,-0.0007632804383309829,-0.0006412501898083541
2412,17,4.196559429168701,1.2144310531464362,1.0221690993657877,0.6480055499684125,0.6656063970289919,-0.001302013154781456,-0.0012319724928806855,0.9992494145112022,0.9991582504626316,1.0010503964849404,1.000901395189337,-0.001336084606939307,-0.0007330155986544854
2413,17,3.9881954193115234,0.45014313283771135,0.9333239427485838,0.7666133822729713,0.7204962718046405,-0.0013424526446874862,-0.0012728241865258578,0.9990597203033208,0.999040079529306,1.0010008089575675,1.000906740076701,-0.0006392940703495118,-0.0006203640831155428
2414,17,4.296755790710449,0.8147036828206798,0.9169771526302106,0.891957618194063,0.818485430659452,-0.001218797365314577,-0.001294725035617083,0.9987790350219738,0.9989054600308852,1.0006772308846743,1.0008608601990485,7.986694982839971e-05,-0.00044033020370325945
2415,17,4.303549766540527,1.0427373390344585,0.9794394338918664,0.8960270900433496,0.9588880218584008,-0.0013085840015690066,-0.001314890958982288,0.9989000776381987,0.9987840965317762,1.0008239026971486,1.0007881593052388,-0.00047995356770483077,-0.0003457329384548234
2416,17,3.9841482639312744,1.2862602699291767,1.047284860492664,0.964046096298607,1.1673284213046529,-0.001369871084662324,-0.0013280535051295246,0.9986997153269608,0.9986708052628366,1.0008853378544167,1.0006562318268764,-0.00046542780167326133,-0.0003074447365585573
2417,17,3.728656530380249,1.1593135011868005,1.0846171987178932,1.5510353568967516,1.4328266541422763,-0.001306770607823036,-0.0013234721278247202,0.9984334794460819,0.998595055388981,1.0003355809428196,1.00045115968081,-0.00014951827713632963,-0.0003132801722674517
2418,17,4.047901153564453,0.8724515119921271,1.1621828125387514,1.7789945813567383,1.6710402853383546,-0.0013318943729824465,-0.0013044454191901865,0.9985092657756649,0.9985923498388176,1.000220747121356,1.0002401621843386,-0.00023986105380482167,-0.0004089220301251104
2419,17,3.7655320167541504,1.169449976240765,1.3758909273371203,1.897204948469328,1.8356204806096543,-0.0013008510555932798,-0.0012743160879658867,0.9987261565925735,0.9986282335691736,1.0000874070435177,1.0000646107755826,-0.000613033354278607,-0.0005734760658749458
2420,17,4.055594444274902,1.8679617777427227,1.6963009090992296,1.8875842312076767,1.9400206353201246,-0.001243431671422291,-0.0012480344556395383,0.9986806673057509,0.9986296526967985,0.9999819534023997,0.999949054334234,-0.0007802011046989305,-0.0007081018575724058
2421,17,4.046376705169678,2.411343187851067,2.0001457080688807,1.8890274328941545,2.0276496231711296,-0.0013049415301322619,-0.0012533523100541314,0.9986897953192054,0.9985595190454726,1.000098020917223,0.9999284417375311,-0.0012636889928888115,-0.0007203481734052688
2422,17,4.098265647888184,2.144272054370245,2.2498376329158103,2.341834301658366,2.1143363057093776,-0.0009852015086833626,-0.0013238839267631227,0.9983878786169162,0.9984228782752804,0.9992110871920217,1.0000691558825279,-0.00034726162990626774,-0.0006022459426668252
2423,17,4.738567352294922,1.7447521633737824,2.5735449498718976,2.1966471676848864,2.179045163661197,-0.001666087207116791,-0.0014801563152611803,0.9982314214290228,0.9982768151582607,1.0008080871967084,1.000423796397738,-0.0002672344729817893,-0.0005387500778097627
2424,17,5.150475025177002,3.125006796525809,3.0236725712653794,2.1142506569048463,2.2765760034536417,-0.0017362784678574955,-0.0016339799657593187,0.9980089525828194,0.9981734423027154,1.001107594415415,1.00076544664249,-0.00010178916992576592,-0.000644639068769762
2425,17,5.039750576019287,4.384832117330645,3.3516230555325555,2.245466101672424,2.4758999553119994,-0.0018722434541304054,-0.0017406492589862657,0.9981844537613326,0.9981307903009115,1.0013694294363156,1.000953198530822,-0.0014108368737644288,-0.0008647742423075549
2426,17,4.913879871368408,3.69034017223865,3.3598695465919404,2.842187864712663,2.770898897074048,-0.0016002027845209087,-0.0018193914046086839,0.9980821109562361,0.9981103062287945,1.000494424449489,1.0010364017424136,-0.001279013057984365,-0.0009786850378387378
2427,17,4.8861918449401855,2.2926724852687825,3.2520510924492974,3.2752051561542577,3.066724895502263,-0.0018476308632960263,-0.0019250760807667778,0.9982880193372605,0.9980754856666064,1.0008642242548058,1.0011922063587222,-0.0009216899994420395,-0.0009372478259199844
2428,17,5.058318614959717,3.1379343494143597,3.354547407858037,3.229125053626031,3.29221414734527,-0.0022192210608318877,-0.0020393037987882184,0.9979313870233588,0.9980034532095355,1.0018606111074524,1.0014124091829146,-0.000706265373129766,-0.0008446851270501656
2429,17,5.183450222015381,3.7034384271823337,3.662142323076287,3.528591263967435,3.451321529025386,-0.002111025112821548,-0.002112362443737865,0.9978368853166436,0.9979382677929103,1.0015502571562198,1.001563022078033,-0.0006108878883863547,-0.0008142306197046664
2430,17,5.1120285987854,4.226332225458624,4.011736678365201,3.572957017414432,3.5511508766943534,-0.0021261998548990435,-0.0021506208121850998,0.9979067420575144,0.9979088680651952,1.0015997027274466,1.001636910490848,-0.0008583130996401625,-0.0008915649469852116
2431,17,5.0684356689453125,4.383717027303336,4.254275218359692,3.581196558285813,3.6219619061625856,-0.0021685702293585954,-0.0021736282585024893,0.9979470212070355,0.9979025451563146,1.0016716476829812,1.001658565971346,-0.001098580481711253,-0.0010368444156783892
2432,17,5.028929710388184,4.424516319348574,4.330503063818625,3.592875640739364,3.7047490712960385,-0.0021197775439357534,-0.0021918534734904913,0.9979003828859866,0.9979009582669277,1.0015713625646712,1.0016395360411492,-0.0010935916932746205,-0.0011864079283397451
2433,17,4.530666351318359,4.399153151505404,4.253504872521904,3.8046568293614107,3.818290204271924,-0.0022770556779508275,-0.002205525678413561,0.9979222147279233,0.9979011138361158,1.0017058208682945,1.001586712069822,-0.0016675786637637205,-0.001287164043767128
2434,17,4.70780611038208,3.8230541967026204,4.094199878059713,4.001756149412847,3.9371917120823006,-0.002235284128174001,-0.0021956814077904183,0.9978928300766823,0.9979056580578304,1.0015043041854526,1.0014951425811323,-0.0012301182350143598,-0.0012938760530842733
2435,17,4.664071559906006,3.816845461536626,3.9609289511058896,4.069193771331643,4.027047243386583,-0.0020887043997956677,-0.0021670013008075212,0.9979009694189933,0.9979238087473781,1.0012303075694624,1.0013986577608633,-0.0010986100451420156,-0.0012877199694271975
2436,17,4.5732421875,3.8437679130914737,3.8640280627184147,4.065851636138646,4.079442041475296,-0.002253075027153675,-0.002137996143942599,0.9979543852074487,0.9979599990847239,1.0015620216256227,1.0013300696051686,-0.0013777410480638227,-0.0013446239341948394
2437,17,4.530663013458252,3.831829874974774,3.7349225737249427,4.153278885822384,4.105914100136755,-0.001948556152757681,-0.0021128245175250594,0.9979111372528999,0.9980086665598287,1.0009522982853336,1.0012830195598281,-0.000987285733341753,-0.0014689120136191362
2438,17,4.746520519256592,3.8078049195680954,3.493415265424563,4.075313322842092,4.121214009745469,-0.0021156920864956034,-0.0021156458817251146,0.9983524596942422,0.9980511110141642,1.0013311123699276,1.0012905382554163,-0.0023992239468764477,-0.0016154354878237874
2439,17,4.9517011642456055,3.102223238139677,3.1215958623411466,4.070799295750761,4.152173644617878,-0.002207573110759266,-0.0021205876423322006,0.9978886329938566,0.9980593498431964,1.0015066078420845,1.0012886071507736,-0.0015755604875351751,-0.0016351807848137027
2440,17,5.026127338409424,2.342537544196484,2.722353538518174,4.249954602908948,4.20620490233596,-0.002207356258650702,-0.0020943458622688935,0.998012662032277,0.9980901512156612,1.0013799312061653,1.0012166673203104,-0.0013918996452166644,-0.001612582724584437
2441,17,4.876237392425537,2.3562344120405467,2.386707187548826,4.2459054793740725,4.26159506403495,-0.002028157127218051,-0.002044373376922168,0.9981675086070966,0.9981602093919718,1.0011286542758917,1.001109407885134,-0.0014539416620261087,-0.0016623366065289203
2442,17,4.847751617431641,2.602225577875731,2.06763477701261,4.27562398046936,4.303415039810148,-0.0019362592032979198,-0.002024133562901924,0.9982358340882601,0.998244492560373,1.0009617358694638,1.0010799721924957,-0.0017607920179758855,-0.0017976398962238516
2443,17,4.8016581535339355,1.605934287991504,1.7216545169220512,4.4717399810988825,4.312499556527953,-0.0019393541846724196,-0.0020833826954741413,0.9983719684538218,0.998312984245014,1.0008401134138678,1.0012521531235454,-0.002298239934172281,-0.0019346329534224984
2444,17,4.819658279418945,0.821332001512148,1.4834286322510406,4.491771864071218,4.27264687917857,-0.0020183496789110624,-0.0022260530638885424,0.998464281193951,0.9983385203203228,1.0010320042464842,1.0016721429634117,-0.001962155076690162,-0.0019903501392870893
2445,17,5.730470180511475,1.2778638719859317,1.4344717079374272,3.985443889844404,4.24204403306907,-0.002444075761731977,-0.0023778336185017466,0.9982399189163316,0.9983256366373185,1.0025621396495317,1.0021700838500285,-0.001333691733399591,-0.002006663159378474
2446,17,5.163431167602539,2.1894118342859508,1.395471922196882,4.1368458491348,4.350625211424908,-0.002596562260983426,-0.002382428834823146,0.9982973986929012,0.9983222118638141,1.0029282085800657,1.0023418029654518,-0.0021966287467085604,-0.001992486554331001
2447,17,5.5919575691223145,1.694616532441154,1.1450009285836578,4.508052382010216,4.644755688414506,-0.0029794244241664173,-0.00210536253126066,0.998399357688637,0.998356968089957,1.0035391322426552,1.001905981781737,-0.0032290130864443814,-0.001749897431831176
2448,16,5.880103588104248,0.14485221353278768,0.7703317198360562,5.177678258078193,5.063978065382974,-0.0011449212536952834,-0.0015649737243318992,0.9981816811079672,0.9984464795330688,1.0000626205698746,1.0009536612440662,-0.0002888465514276308,-0.0012198693087069246
2449,16,5.083093643188477,-0.023252648125734646,0.563319812473279,5.833300376508268,5.492326089093674,-0.00036309219250005867,-0.001057951260131955,0.9986321608153584,0.9985990357065616,0.9985023496988562,1.0001040072588705,-0.00010116709194040344,-0.0007837997895250787
2450,16,5.625455379486084,0.3246165775679478,0.6217266657660674,5.742366694057569,5.865337086615278,-0.0009703236897719566,-0.0007680258275369614,0.9990964705825217,0.9987480376500442,1.0002025438090334,0.9997076096119409,-0.001029699725352459,-0.0006050561709106968
2451,16,5.392462253570557,1.4233739315117988,0.7789435488280964,6.068685834285556,6.229911843513126,-0.0004878229965096413,-0.0006337689739069272,0.9986090741095239,0.9988448078132115,0.9994894345521568,0.9995581212846376,5.8145661717082665e-05,-0.0005841445089790967
2452,16,6.214664459228516,1.574424369065717,0.7785128717798625,6.527747424490435,6.609580864183252,-0.0008563757083608688,-0.0005882727161135868,0.9988525137853129,0.9989337404801227,1.0000711224481948,0.9994669613254342,-0.0015548258611302978,-0.0006470714618979163
2453,16,6.202724456787109,-0.18613776543757518,0.6062090972029872,7.108286404783304,6.9605449831347554,-0.000723528677230301,-0.0005537302374199417,0.9992174016508227,0.9990050358439295,0.9994980853389165,0.9993073274936389,-0.000850658342400599,-0.000615132294907738
2454,16,5.534183979034424,0.027001914397606925,0.4773496223258886,7.334614826905038,7.212744617039543,-0.0003017849765406759,-0.0005331557827976514,0.999079670427098,0.9990216690258268,0.9986532802445797,0.9991410643936312,2.8631942836054493e-05,-0.0005461226347280538
2455,16,5.734513759613037,0.8905417359762772,0.3947253130206209,7.316087462677172,7.343698357502521,-0.0003748261956219193,-0.0005818659601190578,0.9988252414754047,0.999008458355738,0.9987850810625355,0.9990933317983708,-4.199529664226599e-05,-0.0005902321767673153
2456,16,5.979413986206055,1.1350186466568783,0.19824698269671293,7.184298597704647,7.3783025777704,-0.0010611595194848365,-0.0006786547613944105,0.9989545082169908,0.9990101590194714,0.9999887518439988,0.9991254510159383,-0.0017109974857636972,-0.0006910434091441568
2457,16,5.341043472290039,-0.7467393220444383,-0.08268349905381984,7.467251980984699,7.327773105658842,-0.0006932755366937281,-0.0007488275706748057,0.9991614610217899,0.9990150082176148,0.9988138488283719,0.9991301048031808,-0.0008579682161006142,-0.0006540354918192698
2458,16,5.5594587326049805,-1.2496932670824012,-0.14892905619054775,7.4498832950532785,7.1534468803422575,-0.000654599359815796,-0.0008133827128354782,0.9990578672513697,0.9989918886168953,0.9987392748900384,0.9992129484888198,4.9806912500327676e-05,-0.0005684541604103186
2459,16,5.466940402984619,0.5776220287784903,0.06951409256065191,6.644736299848019,6.870138985117109,-0.001002636783130271,-0.0008919965917609379,0.9987999274576047,0.9989577490278045,0.9997815138092419,0.999406187535399,-0.00026531115837744924,-0.0006178704947657967
2460,16,5.3757100105285645,1.1282355948611884,0.282606980485136,6.566323765631073,6.579421590994075,-0.0009115094258010989,-0.0009586128636099096,0.9989026806997546,0.9989495697995608,0.9995448974813734,0.9995970964101071,-0.0010034257706497927,-0.0007793080130439103
2461,16,5.8407697677612305,0.11285467692548433,0.34284613217602883,6.232789359022608,6.333525062236486,-0.0010918910196050582,-0.001006058610945592,0.9991059433349627,0.9989556016848006,0.999951896710419,0.9997507507928414,-0.0014550137757591767,-0.0008869391023457844
2462,16,5.8353657722473145,-0.14549067053085443,0.39649021293608666,6.327852651285672,6.154822257679366,-0.0010160597450199575,-0.0010274544877353704,0.9988105040770183,0.9989480809720478,0.9997170366785653,0.9998607885562123,-0.0005882208603373061,-0.0008624309910235207
2463,16,5.855008602142334,0.354862502399844,0.5451450185415831,6.003063604155169,6.046966374245012,-0.0008952505288286075,-0.0010376661555966172,0.9990932695153321,0.9989311389336692,0.9997043200796202,0.999967465987322,-0.0006570051506264161,-0.0007990197220928163
2464,16,5.698139190673828,1.0478980260866178,0.6913677470506617,5.883616457600325,6.055731994439672,-0.0012235746111711949,-0.0010437166912598344,0.9988321936615897,0.9988905859309062,1.0004358138824891,1.000062068649499,-0.0007981732429207498,-0.0007383435585053458
2465,16,5.535341739654541,1.165925939175544,0.6653383205474535,6.017759285464856,6.213318752999149,-0.00101470795857611,-0.0010220121101158215,0.9988377332933304,0.9988469024258124,1.0001902075512044,1.0000730965245737,-0.0009079113316820581,-0.0006619868789937665
2466,16,5.547560691833496,-0.012820176451902693,0.4331929280790562,6.891120002400119,6.479509763727292,-0.0007664543191857402,-0.0009934551039601815,0.9988095296235273,0.9988141103412637,0.9993353224856681,1.0000344813550017,-0.0003048490862637776,-0.0005786859297976635
2467,16,5.689197063446045,-0.07546595569050714,0.11179641004554289,6.545532414761059,6.77137749548496,-0.0012177261747723463,-0.0009727319959171485,0.9988078105864031,0.9987984271627727,1.0006963802307844,0.9999910883240606,-0.0003455636888493483,-0.0005579296616294016
2468,16,5.914849758148193,0.8819374046555986,-0.29780195630921097,6.90772826877754,7.102859168245117,-0.0009263933422832755,-0.0009213969149799478,0.9987601061646938,0.9988046314947381,1.000044061127398,0.9998313236630864,-0.0009680656354504813,-0.0005856604940706999
2469,16,5.450679779052734,-1.35619300346034,-0.7979867368847559,7.639228830749722,7.435077425253263,-0.0008734471382689686,-0.0008598284610385814,0.9987451445539546,0.9988366636641665,0.9994405528102777,0.9996244869467737,-0.0006796565026098464,-0.0005892409852125615
2470,16,5.463177680969238,-2.020252396081868,-1.0896863580285086,8.051806450295688,7.668184205963904,-0.000618262671807961,-0.0008301043049420788,0.99894154948247,0.9988783058279785,0.9987766172292496,0.999545192924584,-0.00032428913537389906,-0.0006035299385424551
2471,16,5.750903129577637,-1.330945222546561,-1.035411365978778,7.520967825090321,7.782921237538714,-0.0009079009936107137,-0.0008621774626030863,0.9991180023738613,0.9988858297695793,1.0000046244436187,0.9996646429999613,-0.0005334782688841289,-0.0006991829161257793
2472,16,5.893451690673828,0.1522653355132956,-0.8609358808492298,7.7393646663489415,7.877977561942778,-0.0009237679982617621,-0.000923259469610894,0.9986666382222023,0.9988463265689524,0.9999506209997503,0.9998213263183084,-0.000788976719307209,-0.0008524088997080466
2473,16,6.220523357391357,-0.3664970170918727,-0.8800806459862291,7.988780251367975,7.990737437003302,-0.0010213278765955599,-0.00097793124393044,0.9988709473863425,0.9988101286403376,0.9999928397765918,0.9999079043555663,-0.0017979642558052745,-0.0009609993915283644
2474,16,5.989002704620361,-1.742056040630962,-1.0811838246584873,8.213204926558104,8.095707801425526,-0.000987582008711318,-0.0009977019304909082,0.9987302322734083,0.9987950786578165,0.9997660519874509,0.9998892847385706,-0.0004364540302079326,-0.000952770745916313
2475,16,5.982165336608887,-1.4000698623286731,-1.2723277858645232,8.074004679069725,8.165122954259328,-0.001042776605302568,-0.0009662690888173311,0.9987868810931054,0.9988184492295596,1.0000310552801503,0.9997561988795035,-0.000631834873833561,-0.0009606301067852834
2476,16,6.140048503875732,-0.825906150277202,-1.4337202493595673,8.261435829980627,8.199823997052448,-0.0009749098217595313,-0.000873297642123968,0.9987491460506791,0.9988799538398875,0.9996720273157065,0.999489159019014,-0.0012569587089170343,-0.000998042380412044
2477,16,5.696866989135742,-1.8027038583659014,-1.5889946271252318,8.245168029619395,8.186506356700733,-0.000671020028147429,-0.0007385393385212759,0.9991658050403781,0.9989549934287735,0.9989359098706996,0.9991565218283428,-0.00149784168579138,-0.0009588010262620671
2478,16,5.580474376678467,-2.2636432424779063,-1.6059624839640612,8.114733692365224,8.127978062489598,-0.0006295757156310158,-0.0006127525446939458,0.9989340685858842,0.9989937821666313,0.9988572293727607,0.9988851469475271,-0.000500044938019126,-0.0008312968771365395
2479,16,5.453496932983398,-1.6057497310112738,-1.4251931626498522,8.069375881725227,8.048891315722411,-0.00045256596409816875,-0.0005346039706072488,0.9991315548444794,0.9989976916932892,0.9985680222995692,0.9987446909589907,-0.0004963142453006995,-0.0007651413616128687
2480,16,5.597477912902832,-0.6402358852537994,-1.2252232921537625,7.887328263835885,7.975928027829026,-0.00041511577961567743,-0.0005362691426669855,0.9988748176460556,0.9989763687574447,0.9986360796281981,0.9987647901678112,-0.0005264451583801347,-0.0008262857593510558
2481,16,5.683081150054932,-0.31355012085308737,-1.2478478395916643,7.885758092825983,7.934288628775139,-0.000553507763456132,-0.0006156182882271803,0.9988427962002645,0.9989693930325032,0.9988928650599699,0.9989065419923309,-0.0013995264680734803,-0.0009455032296222431
2482,16,5.664714813232422,-1.9801968283389093,-1.4925893123523466,7.931085580660888,7.919181859574139,-0.0009011579501756643,-0.0007210847800606014,0.9990697207961963,0.9989852192697912,0.9993393816983905,0.9990754781377903,-0.0012307031939816694,-0.0009733580516177193
2483,16,5.797386646270752,-2.2818812290677455,-1.6597561880251037,7.930663805728494,7.904653339819709,-0.0008536228029971268,-0.0007862783427164704,0.9990674938531706,0.9989914474639118,0.9992516978758077,0.9991833615121286,-0.0008091861979094756,-0.0008985312531547326
2484,16,5.247406482696533,-1.6229721737339338,-1.5771307254182458,7.873845043645856,7.866690714534069,-0.0008291245208085215,-0.0008014066917024384,0.9989824314450524,0.9989780700257952,0.9992554306365277,0.9992285881411448,-0.0008036915663300175,-0.000818579517794649
2485,16,5.139776706695557,-1.265247793187822,-1.306336353461846,7.92208917821148,7.790820646507092,-0.0007210113625816033,-0.0007937748991368957,0.9987820131232386,0.9989655066975426,0.9990260344482662,0.9992534323559783,-0.0005164290550526047,-0.0008223657581101268
2486,16,5.579275131225586,-1.2876216503284708,-0.9685119939003397,7.729698550779273,7.677647673500267,-0.0006818480488438758,-0.0007989161961099425,0.9991399890298468,0.99896643358478,0.999089450706233,0.9992955256295174,-0.0007286500456644844,-0.0009619745767307915
2487,16,5.602100849151611,-0.04702051846430836,-0.7001610497328283,7.207716483241703,7.57545229671854,-0.0009342349655337655,-0.0008215647908667905,0.9988828459868596,0.9989474272903472,0.9998241922032999,0.9993039718032896,-0.0011386718501672653,-0.0011697078437760944
2488,16,5.888935089111328,0.4734259618831146,-0.6835669942179479,7.485006973602773,7.530772208831019,-0.0008520667225800745,-0.0008324995251516316,0.9989751151742292,0.9989095871098798,0.9992662892196394,0.9991852442130659,-0.002376804530328823,-0.0012769451783031136
2489,16,5.589489936828613,-1.9279519640129572,-0.8324047477323533,7.747702536406399,7.475239879592288,-0.0007947998237658029,-0.000830173437667128,0.9986652765449618,0.9988524009991021,0.9987008638699778,0.9989991956539621,-0.000774386320915203,-0.0011711671510132677
2490,16,6.027629375457764,-2.088379359869609,-0.7408612483160377,7.550133166212695,7.319015800007207,-0.0010777948042428628,-0.0008250980090445638,0.9990685936434559,0.9987756443128458,0.9991788339320098,0.9988478945225191,-0.0008134115769504783,-0.0010430528305289297
2491,16,5.659314155578613,0.5431626335788946,-0.36095268686546494,6.630323727761217,7.071910486631956,-0.0010019518193201194,-0.0008372765595706525,0.998501130792637,0.998647433294011,0.9994417248764796,0.9987708452263725,-0.0008928548210401497,-0.001025356199408769
2492,16,5.573339939117432,1.075331205426917,-0.0679364154104295,6.9594459356259915,6.8005901752926965,-0.00034660159167063174,-0.0009732612175587466,0.9985750243728322,0.9984983908440952,0.997612272535882,0.9989366513073789,-0.001594480025106823,-0.001139801931314654
2493,16,5.733492374420166,-0.8151690686750573,0.033509858810430365,6.736596994216911,6.463722494054933,-0.0013282321881267038,-0.001360847237066945,0.9982489046950669,0.9983416170032561,0.9993670083450239,0.9996443329120903,-0.0010386827253692425,-0.0013851309397815924
2494,16,5.983788967132568,-1.028454935993021,0.20346758130519527,6.313328013544456,6.0566767858682296,-0.001181850188492044,-0.0019408389068035455,0.9982635532525644,0.998195717803122,0.9992726647147764,1.0008067726335361,-9.943854171760722e-05,-0.0018660155665137963
2495,17,5.904205322265625,2.04573135103453,0.4350082973618794,5.2595298497453875,5.691527210834867,-0.003144019358198352,-0.0025369507966441903,0.9980782661251636,0.9980617014983411,1.0034016125327343,1.002030012569363,-0.0038351188801523245,-0.0024812250027089144
2496,17,5.586512088775635,0.7588346124991718,0.4120066968110394,5.269637917705344,5.544386032254834,-0.0033493080923321086,-0.00278914862093293,0.9978874593357567,0.9979553309488104,1.0037149018105704,1.0025440290559093,-0.0036299535507940462,-0.0026760495791146176
2497,17,5.536465644836426,-0.7496833200168753,0.2771753986263076,5.4338380249230624,5.647522435857506,-0.003520937786029244,-0.002523830057385753,0.9977842253716513,0.9978972326580839,1.0039193122202799,1.0020058288644904,-0.0028183366318860364,-0.002281277835663555
2498,16,5.738683223724365,-0.14332020845894242,0.33380732997870977,6.326235751317791,5.888366716563299,-0.0008711660061744861,-0.0018875726092105242,0.9980343439902777,0.9978772149364049,0.998634991885101,1.0007356891303134,-0.0005021504660224412,-0.0016015201624899951
2499,16,5.4225969314575195,0.7233643322417446,0.5324727166892422,6.242645871375826,6.09363616218902,-0.0009127888191508453,-0.0013296021136102805,0.997871968859616,0.9978536720499865,0.998817880395707,0.9996310417190795,-0.00037818483885625117,-0.0011160696171076073
2500,16,5.602863311767578,1.7952345091115707,0.6047517988960381,6.191786221483777,6.219875959491732,-0.0009523611115994577,-0.0010341712957330016,0.9978319290200958,0.9978257316542172,0.9989255120140696,0.9990331662961801,-0.001388277542443849,-0.0009492767574778773
2501,16,5.580065727233887,0.27344417998830767,0.3996103390121686,6.198956169554246,6.302954604942929,-0.0010999494468118967,-0.0009672229601330874,0.9977379375413561,0.9978110371757959,0.9991528807704189,0.998852382895185,-0.0012879794806654765,-0.0009391564834865622
2502,16,5.575956344604492,-0.5354847224685099,0.14519620963851781,6.377268084280843,6.373627346971291,-0.0010757240891751832,-0.0010461891986389808,0.997615314839557,0.9978248873631572,0.9989754782754197,0.998923956630971,-0.0004517111222327329,-0.0010301565550525347
2503,16,5.272271156311035,-0.5235291550797022,0.0698514280220307,6.508107981654972,6.428002923409458,-0.0010092686995137685,-0.0012261715150104276,0.998212683703043,0.997843569740591,0.9987632269329874,0.999173319877841,-0.0010464939973688803,-0.0012654395490651607
2504,16,5.424655437469482,0.9875109263035562,0.12970456129518296,6.526497219007589,6.461634611178061,-0.0008922470857974,-0.0014644643794665536,0.9978006965059291,0.9978015059665527,0.998530330715163,0.9995325901214775,-0.0012853095291944984,-0.00151579913351371
2505,17,5.295470237731934,0.7212287954266119,0.10373734827657288,6.23973066804861,6.501458250951799,-0.003191190684223678,-0.0016048470275441874,0.9976029575865349,0.9977360010439834,1.0026545195683616,0.9997252763873302,-0.0034859869008544097,-0.001517266663865991
2506,16,4.979619026184082,-0.353251653010882,0.04963757803147724,6.800821352250027,6.579140562491094,-0.0008018477134907481,-0.0014270058908810355,0.9976078916234794,0.9977025508331633,0.9979853898818721,0.9993731114233688,-0.00048168716882997025,-0.0010834656264023786
2507,16,5.906439304351807,-1.3810431603519673,0.271887793269173,6.492467022420993,6.660157414761623,-0.001136018057697184,-0.0011572532941767687,0.9979043278594684,0.9977030723263055,0.998988820791979,0.9989074780901389,7.297623123594741e-05,-0.0006350395538737782
2508,16,5.921766757965088,1.488518986133461,0.8676031762897616,6.811289345500079,6.74843236271124,-0.0006908575883274794,-0.0009484570649794708,0.9976417871229727,0.9977119792094221,0.9981578004865334,0.9985557634367881,7.028095317206677e-05,-0.0005072580180950576
2509,16,5.887670516967773,2.4273301062937636,1.4423774754728431,6.856715382368076,6.819840355327236,-0.0006942596501886485,-0.0008753549680597257,0.9975392733609191,0.9977519968895504,0.9981282476607516,0.9984244811579736,-0.0005109464918952409,-0.0007247761563406432
2510,16,5.896211624145508,1.7364071673564907,1.7404744543902189,6.818668919132867,6.859455590962659,-0.0011829874930707693,-0.0009185313284363461,0.9978967020456786,0.9978235128487868,0.9989555123888588,0.9984821538577314,-0.001835200611905002,-0.0010653878349652056
2511,16,5.715096473693848,1.5780914245073936,1.8549182162634306,6.841592393340234,6.865324264798957,-0.0011839223021001377,-0.0010036733189284412,0.998154931540629,0.9978620033354868,0.9989331169367172,0.9986124106227358,-0.002086112422113209,-0.0012562049399522796
2512,16,5.803746223449707,1.315083548741655,1.9313859720331747,6.849735542711038,6.8239884829870245,-0.001149621608450106,-0.0011375504276804906,0.9976655664001236,0.9978318270422445,0.9988436818084806,0.9988459999789353,-0.00042492256546710255,-0.0013080814335738027
2513,16,5.501934051513672,2.518343435210022,1.981629689586407,6.713358388493807,6.713476330390498,-0.0010745463201612103,-0.00140414456604617,0.9978986193248959,0.9977812024270148,0.9988017392155575,0.9993494308481115,-0.0013579199596963222,-0.0014807054302928195
2514,16,5.376036643981934,2.9700339177219575,1.8482568702232287,6.749199409825337,6.517905441074774,-0.0010143105944830546,-0.00187906088196646,0.9975373823188616,0.9977391252531024,0.9985446327727359,1.0002700356772607,-0.0014645642193671965,-0.0018160707848103573
2515,17,5.293683052062988,0.42059048628656087,1.5863179467142348,6.144803134029446,6.2418764724191,-0.003431308944287257,-0.0024650884419481454,0.9977923449872291,0.9977428108297587,1.0032140845255633,1.0014431386245617,-0.0030549457633760827,-0.0022209724624472882
2516,17,5.36497688293457,0.5549693518127705,1.5529524665582888,6.024563446752315,5.955791193926514,-0.002972913961503882,-0.002844607650748029,0.9978229601043112,0.9977783605192697,1.0024217132734374,1.002259540234092,-0.0018619556567521698,-0.002551349705950796
2517,17,5.148080825805664,2.5990060824585406,1.7101285153781682,5.439858086918441,5.721137424439174,-0.00303834437571908,-0.0029731873188535867,0.9977245488469774,0.9978365075300539,1.002957283017563,1.0025932819044236,-0.0028443529260747534,-0.002862388113373859
2518,17,5.2707200050354,2.639012794173332,1.6568719080289154,5.632904265588777,5.590064842684956,-0.002766966998334461,-0.0029386897339732506,0.9979508462521057,0.9979177045783569,1.0022421434673654,1.0025572605985675,-0.003637508957182741,-0.003044224990939687
2519,17,5.489381790161133,0.8410513342922917,1.3007187977894272,5.573527582639654,5.52644325469971,-0.0028229786340461176,-0.0028478106189398014,0.9980937267575536,0.997990117340088,1.0022495660747712,1.0023776986891455,-0.003163096033869915,-0.0029729719034443844
2520,17,5.372004985809326,0.31655421981594106,0.9254744039307237,5.505071801974279,5.488385356466474,-0.002700216414871471,-0.002751768903384798,0.9980769461011827,0.9980323048944764,1.0020799746033213,1.0021933112980448,-0.0026130664087547027,-0.00274320359106681
2521,17,5.400260925292969,0.619019190552863,0.6925603875326352,5.467522740948312,5.454979587734444,-0.0026724938532305693,-0.002674259630368641,0.9979688115284157,0.9980644035701672,1.0020506043543156,1.002062878391805,-0.0018968137827070854,-0.0025535021892268916
2522,17,5.292723178863525,1.2806687872752485,0.510957798886698,5.39321581277246,5.416032901818483,-0.0026114668915956465,-0.0026191715509062984,0.9980681485953458,0.9981223691468512,1.0020127754677777,1.0019947259569257,-0.0027829514671864285,-0.0025183463224928166
2523,17,5.539337635040283,0.06319470047929025,0.27882856574778225,5.349746778159715,5.3650783699623705,-0.002641002091161279,-0.0025847414646132253,0.9982268244211516,0.9982088238608938,1.0021072486767728,1.0019849042555178,-0.0027764657852278047,-0.002540675800409063
2524,17,5.547295093536377,-0.5551605488677223,0.13413803220871645,5.334491894016365,5.287598267989216,-0.002641088264148236,-0.0025711321729263827,0.9983443882406283,0.9983011722242537,1.0021235932904935,1.0020448790295227,-0.002529442849964434,-0.002578227849681617
2525,17,5.209556579589844,0.3055266354062473,0.15073608589658133,5.25072452039547,5.165903686517964,-0.0024350461617315263,-0.0026025903939115454,0.9983598553058987,0.9983818307572871,1.0018582178879205,1.0022353202770788,-0.0023838097334834903,-0.0026864779419361277
2526,17,5.244728088378906,0.1856791981688064,0.16661203954559095,4.946115215085496,5.004077837923062,-0.0027507251986205604,-0.0027170576950149,0.9984239598661961,0.9984473185400641,1.002731163594684,1.0026209573202745,-0.0026169613826578023,-0.0028981573895687424
2527,17,4.927367687225342,0.8626528820155259,0.017137960043913103,4.828900952788088,4.83447219174058,-0.0027566633684778185,-0.002903303708730485,0.9986424621487283,0.99848816558458,1.002881998924248,1.0031522106174355,-0.0038398638854071935,-0.003113011676516363
2528,17,5.437255382537842,-0.5650522404210455,-0.36730710527837,4.672375414895339,4.676297633038204,-0.0031453806473659518,-0.0031342016688707636,0.9984207348736698,0.9984986469281084,1.0037804392583571,1.003760900555634,-0.0032129241801496173,-0.003172215195118633
2529,17,5.678260803222656,-1.635073996503775,-0.7712327693547854,4.569141399213443,4.541460067863677,-0.0034564351110737963,-0.0033344058945413138,0.9984625203183837,0.9985192129696788,1.0045135791622193,1.0042940562308151,-0.0027199369708882522,-0.0031542367343300503
2530,17,5.623488903045654,-1.0333929539568498,-1.0426495405914402,4.395527899749709,4.442336254970005,-0.0033069212512167752,-0.003429451948292401,0.9985564404987076,0.9985729251860005,1.004466670197642,1.0045995290332947,-0.0026675870582223227,-0.0031798645301334243
2531,17,5.601596832275391,-0.5087897113879989,-1.3318642955327025,4.400771199371657,4.396248342380242,-0.0033197288495266353,-0.0033760662211048545,0.9985973769806913,0.9986560845304197,1.0044898658795447,1.004588523724108,-0.003371948576767148,-0.0031867270810181573
2532,17,5.595496654510498,-1.650141978211657,-1.7890127172656416,4.393590002276127,4.407599145065538,-0.0034011623803220526,-0.003095575383170532,0.9988899247042966,0.9987499056788416,1.0046588633401996,1.0041379532358898,-0.003806651203528851,-0.0029212941177356403
2533,17,5.4757280349731445,-2.749065138503057,-2.277191068303281,4.227035772248723,4.477233814571545,-0.003613804727931623,-0.0025058113730437852,0.998870396450721,0.9988263269325115,1.005241226915248,1.003124226764877,-0.003322743441706339,-0.0022230969430573184
2534,16,5.214799880981445,-3.0464841519558474,-2.584272623634289,4.9681208768375,4.580586246776115,-0.0005120133148468005,-0.001715430852284308,0.9988375750910953,0.9989028596321997,0.9993585891410436,1.001768080960733,0.00032518429220055174,-0.0013355266486075581
2535,16,5.318454742431641,-2.4606529213314707,-2.6833896163285136,4.724728113435615,4.638994226435671,-0.0007686603873847065,-0.0011346851910855494,0.9988512004531735,0.9990182676569098,1.0001292703284632,1.0008522823154964,-0.00021233424266279074,-0.0008119581634880591
2536,16,5.290555953979492,-2.6248070242653467,-2.719907760825887,4.592925123918346,4.685658993843589,-0.0008915877690727571,-0.0008463482764997948,0.9992884302365548,0.9991803375211246,1.000594667013041,1.0004961539542603,-0.0011139048144427422,-0.0007100057905835048
2537,16,5.739322662353516,-3.115679140861943,-2.7973314902740767,4.494758653448825,4.805434897648641,-0.0012142598090575925,-0.0007210355651727918,0.9992752722531254,0.9993464431443012,1.0015049722893787,1.0003980470579485,-0.0008191037173613456,-0.0007916300507045278
2538,16,5.597019195556641,-2.2794314269356084,-2.9951945697428646,4.947352045028425,5.036026071122416,-0.00041300376724531633,-0.0006527509070014045,0.9996941741623502,0.9994898986080663,1.0000098326547193,1.0003157583788067,-0.0009789728519976205,-0.0009030980808880137
2539,16,6.152755260467529,-2.4168481322606983,-3.427900602507856,5.4384357360516296,5.30428512612726,-0.0004798055457148405,-0.0006733558816759848,0.9995447090900954,0.9995867116591448,0.9998642490643139,1.0003344649914594,-0.0016959381900293917,-0.000937781505962916
2540,16,5.830291271209717,-5.102555687263722,-3.933970301003113,5.7434581058334615,5.495143070993838,-0.0008895430242671074,-0.0007631524526672121,0.9995599560230197,0.9996684126329649,1.0005251545137166,1.0004938876651512,-0.000624142141168221,-0.0008717681260736462
2541,16,6.336073398590088,-5.874074091823165,-4.082937624661495,5.577016105575148,5.545835580627849,-0.0010081985851603428,-0.0008353908448719036,0.999678095659457,0.9997616578683115,1.00103668793286,1.000671349131697,0.0002970294349820105,-0.0008950258578178839
2542,16,6.070350170135498,-2.573229895892125,-3.8603710630427606,5.5018856127424804,5.482371281949586,-0.0009132731214046255,-0.0008404750910831097,1.000078992809929,0.9998504174402121,1.0009313694513347,1.0007455275531738,-0.001747914430399464,-0.0010901937435829076
2543,16,6.104543685913086,-2.681020751519535,-3.7727521690787453,5.225067666788044,5.360529870895072,-0.000858794857532958,-0.0007949636001733129,0.9998398807058676,0.99990291064574,1.0009897415251006,1.0007192111682384,-0.0017901961313445064,-0.0012190282819178194
2544,16,5.880723476409912,-4.433556641159483,-3.9884572979996222,5.261016448762283,5.234091987604127,-0.0005878724721355176,-0.0007548949944779684,0.9997862599780283,0.9999453747247976,1.0002411535519602,1.0006984727332102,-0.0008640298178954637,-0.0011966561557526425
2545,16,5.784587860107422,-4.645070129003719,-4.284764572732879,5.256100274751153,5.119650703735897,-0.0005826073756061028,-0.0007881866025663982,1.000103058729627,0.999990137084709,1.0002370019138147,1.0008496785597825,-0.001272540011638341,-0.0011339921604743002
2546,16,6.217118263244629,-4.902470629766153,-4.521150062535966,4.73513543018076,5.042412462963283,-0.0010081724551105843,-0.0009004832340577162,1.0000845881669773,1.0000047500809877,1.0016470117813188,1.0011720382027953,-0.0004485270460345978,-0.0010936426332719734
2547,16,6.354283332824707,-3.7361020613150195,-4.730927355196654,5.043448160506716,5.048943016080908,-0.0009544679543686004,-0.0010291155652626931,1.000002726393832,0.9999854164457352,1.0013877188522948,1.0014757331562512,-0.0016232934073618006,-0.001107526650573138
2548,16,6.145415306091309,-5.2067654482969665,-5.015582363840348,5.1894341817954155,5.104454552444872,-0.00128253580741736,-0.0011221023633434864,0.9999291247424433,0.9999621089282473,1.0019061783511354,1.0016585550578319,-0.001385037032720002,-0.0010641372717319056
2549,16,6.122852325439453,-5.984612595899788,-5.226489341876805,5.203468306122274,5.156033257352535,-0.0012426930834394828,-0.0011255219846417145,0.9997921701469823,0.9999733679500756,1.0018234414625313,1.0016462902523486,-0.00042882535552494735,-0.0009797887711250005
2550,16,5.930820465087891,-5.051357695178142,-5.255976675715441,5.217303414643303,5.1793771911657585,-0.0009190849188165873,-0.0010368120738469227,1.0000571032269134,1.0000355305589839,1.0012296328403327,1.0014457204297116,-0.0007281264252815446,-0.0009635364162714649
2551,16,6.047095775604248,-4.64920377285779,-5.222625362451137,5.0317484203752825,5.173678967431747,-0.0010890660849713469,-0.0008916125450154816,1.000257324346819,1.0001097243674326,1.0016509606341109,1.0011188585271857,-0.0015745385344709732,-0.0009651436511733492
2552,16,6.129037857055664,-5.31081065653788,-5.196160030815253,5.159565394220303,5.142544067968155,-0.0006978887038154231,-0.0007133450495505043,1.0000805000141828,1.0001612104460853,1.0005941823343611,1.0007152603727731,-0.0010508892686237799,-0.0008672240487496262
2553,16,5.86453104019165,-5.828961913576191,-5.066069395653106,5.341043561856035,5.050871764063595,-0.00033914186258630306,-0.000574940312837351,1.0000897410451617,1.0001954311184078,0.9997107442606528,1.0004196606035378,-0.00010395209138317686,-0.0007322998522139967
2554,16,5.468208312988281,-4.817105239336019,-4.771461034384869,4.715069795011008,4.880211528010801,-0.0006443480551592693,-0.0005415132952004454,1.0005253604584372,1.0001966551789576,1.0006595184331404,1.0003662675799658,-0.0010175335379370904,-0.0006758035944187031
2555,16,5.660400867462158,-3.6018824233430653,-4.4977959250087896,4.486458654168095,4.689318239486438,-0.0005623445983712883,-0.0006128264504154481,1.0000919826531702,1.0001367840898023,1.0006652778785878,1.0004859503570123,-0.0007653612535789161,-0.0006612615244224875
2556,16,5.509699821472168,-4.158169638743698,-4.433593606255227,4.442162512063847,4.490870382550306,-0.0011188888674436238,-0.0007992956549119266,0.9998980477776003,1.000080596215269,1.0013965054927652,1.0007624105723374,-0.000946037904277917,-0.0007207477712196971
2557,16,5.678519248962402,-4.828244906287464,-4.469266006096663,4.502562927870372,4.217183087256693,-0.0005781728396538439,-0.0011290381926268248,0.9999881445404185,1.00009054046723,1.0000919162279645,1.001308886768691,-0.0003662775686964952,-0.0009638553803518358
2558,16,5.8277106285095215,-5.360919711415201,-4.366016242009204,4.30520621419161,3.791556605263962,-0.000806316706417236,-0.0016844775191498624,1.0001548001287852,1.0001597704265062,1.0003876081544796,1.0023585245025044,-0.0002854467742124289,-0.0015330511079485176
2559,17,5.601919651031494,-3.9604460933580525,-4.051803627211208,2.9004627657593702,3.261995088697689,-0.0034415498390018163,-0.0023339046118054387,1.000470684489425,1.0002346621654425,1.0059456184502886,1.0036633347265234,-0.003444333614500944,-0.0023061949144654093
2560,17,5.56749963760376,-2.8171470362136137,-3.781274994456107,2.449691538945523,2.8267407211638567,-0.003000287665419553,-0.002724687627100699,1.0001217657909318,1.0002717666578995,1.0052112624233764,1.0044640146073978,-0.0031666021048141956,-0.0028253797429646068
2561,17,5.427851676940918,-3.688093717835952,-3.7744861332727155,2.634391889418302,2.5713714417430107,-0.002726515376824338,-0.0028292981518881124,1.0003558076682073,1.0002934626598516,1.0043712030990004,1.0046737131562635,-0.003433136283692318,-0.002945033213911707
2562,17,5.458258152008057,-4.483252431946773,-3.9138201956150267,2.4954391093146766,2.4304314497453676,-0.0026655880483239655,-0.0027961595023456016,1.0003621018931466,1.0002968920659399,1.0043062378846233,1.0046204811196346,-0.002554855083725688,-0.0027701181780132853
2563,17,5.43845796585083,-4.182134852439753,-4.019816094533479,2.3161051637524546,2.333767703445271,-0.0025641442004619396,-0.002750883467475627,1.0002905129936939,1.0002932880567192,1.0042488657826618,1.0045658034634242,-0.0019088772464385577,-0.0025814132431343484
2564,17,5.380895137786865,-3.5048536430699913,-4.111924568094041,2.2835102371808818,2.2370475316870237,-0.00261229864921358,-0.002750423783815962,1.000025828696212,1.0003209756796263,1.0043623128365609,1.0046124705070054,-0.0019859567029073435,-0.002571354847544608
2565,17,5.44158411026001,-4.022119184942368,-4.261023055582448,2.1561087236292855,2.0994049091927347,-0.0029157185471354046,-0.0027657061094045567,1.0005854100092078,1.0003977327406395,1.004967500386455,1.0047080968086222,-0.0036631560923598414,-0.002636616220396102
2566,17,5.5354509353637695,-5.145685744110348,-4.324852851082983,2.063241047373909,1.8990944970837906,-0.002795844985446943,-0.002717522841583236,1.0004838215838636,1.0004565131866143,1.004693181018229,1.0047102615474666,-0.0025369702076828275,-0.0025045362170851683
2567,17,5.45236873626709,-4.2373773713095675,-4.097498220363164,1.4544306240543676,1.6512981898253907,-0.0027185124365788314,-0.002572271142892737,1.0006250170701296,1.0004709825449094,1.004967785820551,1.0045416418647928,-0.002397770212139522,-0.002202890430574011
2568,17,5.773315906524658,-3.524095895354964,-3.6402039942376327,1.2581308793992383,1.4144549560709154,-0.0024206863151983614,-0.002347702983073505,1.0003311144153322,1.0004528826648884,1.0045167669886716,1.0041771688074452,-0.001521606513296336,-0.0018737042780626661
2569,17,5.2970099449157715,-2.848295492477305,-3.1208724009106845,1.395601931503359,1.1813497886293547,-0.0017452054408286916,-0.0021236023931347795,1.0003241359761044,1.000458338845508,1.0029404303305438,1.0037623757022034,-0.0013348660811816613,-0.0016987048455156134
2570,17,4.978002071380615,-2.974801671086084,-2.657693959036781,1.1628866939280764,0.8951137648229429,-0.002052780659206708,-0.0019836566709120307,1.0005609327523552,1.0005049679579792,1.0034306074601895,1.0035199611259733,-0.0015468065920971356,-0.0017291646710246023
2571,17,5.19173526763916,-1.8836056663423733,-2.2938286347840835,0.2580101248913193,0.5831840484955098,-0.0020152724929793837,-0.001893853284428243,1.000541565728432,1.0005592886303027,1.003796144766088,1.0034106791307429,-0.0022396009410609354,-0.0018465043849232039
2572,17,5.045431613922119,-2.0503102431963236,-2.125592705009817,0.3677929938146643,0.35783552351369663,-0.0017013746437632945,-0.0018226691130834515,1.00065751460852,1.000594551774854,1.0030535870582191,1.0033265992450122,-0.0020067327611048968,-0.0018705429592448038
2573,17,4.951014041900635,-2.1626223647580574,-2.128615858627856,0.15583019864512937,0.24323981895042865,-0.0019180751325785577,-0.0017760968372164422,1.0006221895948135,1.0005883405636269,1.0035816040128893,1.0032614480924043,-0.0020745833228974016,-0.0017531043625314776
2574,17,4.801387310028076,-2.4535146585029497,-2.2195826684494424,0.2826546294130073,0.23116510760457493,-0.0016395150259776148,-0.0017406277172598939,1.0005565492517796,1.0005418095856566,1.0029391933233873,1.0031748236872948,-0.0010216754891948314,-0.001556345443818144
2575,17,4.896345138549805,-2.0119629122753753,-2.3416329812313568,0.24294037714332736,0.2879129433044464,-0.001672445777546485,-0.0017333200251875088,1.0004147463181376,1.0004749563425615,1.0030242903343214,1.0030946106389047,-0.0013791581691561601,-0.0014202336742761426
2576,17,4.523384094238281,-2.531864126831844,-2.495634005112559,0.3471420370363561,0.3865426113166149,-0.0017688613077821008,-0.0017420515006938714,1.000338023798659,1.0004107126967836,1.0030602049731843,1.002986112761723,-0.0012927275700735884,-0.0013174142546105005
2577,17,4.493999481201172,-2.4831790625116605,-2.589414143646586,0.3388009959477957,0.4850871498884419,-0.0017968291206119753,-0.0017264125816907378,1.0004341436920596,1.0003451838279704,1.0031155073666458,1.0027752620311567,-0.001518151566485632,-0.001155591795992184
2578,17,4.500155448913574,-2.612516116764248,-2.5049942557667153,0.853859872110152,0.5094867008459836,-0.0016067005134985466,-0.0016569912668796918,1.0002500624669097,1.000250512051845,1.0021158410244009,1.0024405826867273,-0.0009858658137812688,-0.0008632620758014796
2579,17,4.537347793579102,-2.863908809736819,-2.0983494298290757,0.5009367712434941,0.3597366664865251,-0.0018274328294715656,-0.0015282717549567114,1.0001038650415939,1.0001250292310588,1.0025270637263746,1.0020633823347915,-0.00045132089410768867,-0.0005122355313533128
2580,17,4.916238784790039,-1.5893631951738816,-1.3259762605271916,0.15362611790507918,0.06274459881731242,-0.000993103898961314,-0.0013502216985029254,1.0000553808783899,0.9999731851593565,1.0009049772527865,1.0016790319571784,0.0003729354829866231,-0.0002476411398916814
2581,17,4.387335300445557,0.06013072350673677,-0.45998832510970644,-0.5549704262150185,-0.26258545062038285,-0.0013923619976911232,-0.0012067247310035742,0.9997366813049424,0.9997988885926526,1.0019499343517768,1.0013950381658754,-0.00028381785408109405,-0.00014834683197516041
2582,17,4.286062717437744,0.9721721539957671,0.11197820883367027,-0.6408485815273001,-0.47938646981397737,-0.0009259749091667204,-0.0010996744528302689,0.9996674013114242,0.999627492969876,1.0009396997546702,1.001138434202885,-0.0002503036290505803,-7.970317856304386e-05
2583,17,4.208493232727051,0.6876650100797662,0.2548308491200625,-0.48186122339249376,-0.5673969339298679,-0.0009080873743586925,-0.0010522856193857697,0.999400421121723,0.9994721474713258,1.0006169773213094,1.0009563487706161,-2.8128118858155295e-05,8.126117746793292e-05
2584,17,3.915865659713745,-0.27927815077585305,0.24857827644323088,-0.6139211512971238,-0.5866048915200976,-0.0012758236539299772,-0.0010257350840467405,0.9995112365650046,0.9993484363011648,1.0012335565555504,1.0008403626794757,-0.00027880677185362744,0.00036992487119523655
2585,17,3.806004285812378,-0.4949061882622373,0.5676328115506457,-0.5042561180152372,-0.5823479844734979,-0.0010670322291650297,-0.0009343913885075511,0.9989388199493758,0.9992643693123493,1.0007878443801848,1.0006725629917883,0.0013828567093728946,0.0007001626348528291
2586,17,4.685924053192139,1.02424702493207,1.4147809756957002,-0.4984932507720915,-0.5947869359411466,-0.0007016541391620417,-0.0007902836340200184,0.9994262184196879,0.9992527255324563,1.0002910456877034,1.0004685846718089,0.0011290141665208993,0.0007884540805258426
2587,17,4.703731060028076,3.2403626698038877,2.483325785313094,-0.6988968191248676,-0.6269885524305864,-0.0006165545986432921,-0.0006746465520520901,0.9992709298731468,0.9992486802676953,1.0003446300095007,1.0003123448693108,0.0006756868146639533,0.000589773890458297
2588,17,4.436166763305664,4.043588583356644,3.2877670535503336,-0.743034699617017,-0.6457921745647598,-0.00035983283066660633,-0.0006444152695013889,0.999159705708123,0.999220134098655,0.9998549993992053,1.0002376245804514,0.00036388384305379633,0.00025845632067260626
2589,17,4.278491497039795,3.812711963171731,3.65211794540903,-0.5783610592815662,-0.6444282403788142,-0.0007214295261968963,-0.000700904075087359,0.9993255530645688,0.9991531939528623,1.0001861182878968,1.0002381637764417,-0.0008709095653572354,2.075575059534685e-05
2590,17,4.552608489990234,2.815078608754782,3.7657175164396985,-0.5802438920536231,-0.6526140606910342,-0.0010024941817124385,-0.0007361172762723765,0.9991029737329207,0.9990297831507986,1.0006116147629291,1.000163211689426,0.00013522251459681294,6.5640125670464e-05
2591,17,5.01453971862793,3.9418397073343674,3.8615412113094245,-0.6546000091479455,-0.6774632015165716,-0.0008398883647050677,-0.0006478459758642871,0.9987014999231334,0.9988981475421481,1.0002126209946673,0.9998479721130559,0.0005282728167795314,0.0002609342525426521
2592,17,4.760644912719727,4.303265294491628,3.844845384731017,-0.9427144564568104,-0.6911840953261561,-0.0005252031739463225,-0.0004507966633294538,0.9987121783473807,0.9988324688113026,0.9996839427303905,0.9993199089177024,0.0006872667878489974,0.0004392749166763449
2593,17,4.281638145446777,4.056402999839303,3.603014902880208,-0.5229582264779798,-0.6739591751234665,-1.164398866606078e-05,-0.0002585314741372221,0.9988494563725667,0.9988335659060701,0.9981565995868986,0.9988090006865898,0.00039864947101687253,0.0005562137487936697
2594,17,4.050630569458008,2.952219960034399,3.238759086765871,-0.6311108098755852,-0.6804241073951568,-5.073028695933318e-05,-0.0002050179716044537,0.9989948858933078,0.9988430508182488,0.9982810791527656,0.998646971432245,0.00031788599103969395,0.0006654071698569787
2595,17,4.371897220611572,2.116709796732197,3.0398766940660753,-0.6510755021419021,-0.7260129495666416,-0.00017070870022775406,-0.0003226162136267571,0.9988471447465267,0.9988123968889039,0.9985404355301377,0.9989161947294366,0.0014251734359055303,0.000749636541177862
2596,17,4.335396766662598,3.5812832078997707,3.139565751046523,-0.8575412768453891,-0.7857619226593531,-0.0006849441527230535,-0.0005463556719532304,0.9987155441339813,0.9987566374020828,0.9998357434751527,0.9994604450325159,0.000551029433659471,0.000705499240393128
2597,17,4.363987922668457,3.6435994979349355,3.3388095151112336,-0.861922979295942,-0.8085959489910374,-0.0008662827959956789,-0.0007524249468882271,0.9986595768342249,0.9987146652367438,1.0002272064111208,0.9999825281765746,0.0003578343175500034,0.000634618904588627
2598,17,4.799069404602051,3.2098603839149376,3.546838709692991,-0.7374945493025626,-0.7684214663394542,-0.0010116365132710695,-0.000865591020771125,0.998679446595487,0.9987080044178445,1.000559810684839,1.0003141681725813,0.0006978810755369539,0.0006178533257963551
2599,17,4.951859474182129,3.8944904761397354,3.798475305476086,-0.7249544839026948,-0.6631199665721712,-0.0009534391534583956,-0.0008794874887167254,0.9987839825024857,0.9987310838730399,1.0005914307219015,1.0004362392648158,0.0005223717504298132,0.0006248994740029784
2600,17,4.786401271820068,4.2134203170779525,4.044504033409759,-0.5909422862390095,-0.48993358198946335,-0.0006220530896198538,-0.0008574687093947942,0.9987586997741205,0.998767586422097,1.000169297239786,1.0004545980228639,0.000961449721160521,0.0006191832961000942
2601,17,4.437280178070068,4.468931257963385,4.254638605413462,-0.15443428864073022,-0.27431730375906205,-0.0006980147992361817,-0.0008810291973437314,0.9988065210453635,0.998816568008422,1.0000465770202973,1.0005264812191466,0.000404627384510639,0.0005657958636784966
2602,17,4.998196125030518,4.098890445442729,4.4878340204434,-0.05124123771296213,-0.07239242019425329,-0.001288260497973521,-0.0009364547766409865,0.9988507500199756,0.9988776358865846,1.0012671675292677,1.0006755205052178,0.00011773998429948119,0.0005289179848052485
2603,17,5.409939765930176,4.200808200834722,4.8637451977078285,0.16612962048277663,0.09713853354153787,-0.0008904509873314951,-0.0009517211405043048,0.9989723999776432,0.9989434859321488,1.00060086245239,1.0007731426161304,0.0010986990886447067,0.0005072537284107854
2604,17,5.4508819580078125,5.774569160241992,5.328528014382006,0.1793603467026185,0.2400492594593946,-0.0007988723812890948,-0.000956645571310731,0.9990476193980398,0.9989988504664984,1.0006650887172184,1.000840145280693,0.0006778018017025915,0.00038968553745283736
2605,17,5.354857444763184,6.597578270184104,5.606682555136486,0.14752430947893458,0.3822701504836193,-0.001034224243907227,-0.0009779204506248239,0.9989977212725524,0.9990400323390278,1.0011715751159316,1.0008761970916085,-0.0005148866300602441,0.0002540141962547758
2606,17,5.004418849945068,5.170796936259223,5.60184871932548,0.7097106361105568,0.5150332715246728,-0.0010731297243203783,-0.0009884714244039624,0.9991334155538608,0.9990786760558584,1.0008347605507142,1.000832325577873,0.0001857133232516512,0.00026011000175070405
2607,17,4.991222381591797,5.0649736954201465,5.555521136714024,0.6278864787004366,0.5614923009998579,-0.0009822152878505466,-0.0009745544211298307,0.9990521393773877,0.9991209364235402,1.0007252954314314,1.0007457597210143,0.0008559437830732696,0.0003232829865106584
2608,17,5.139858722686768,5.863164767051099,5.598502439001995,0.44541814816420017,0.4992548780466599,-0.0007607915561634925,-0.0009577453478217048,0.9991357209197538,0.9991825837442851,1.0003811209827091,1.0006779788970743,0.000411928465491183,0.00031402443101153526
2609,17,5.206394672393799,5.788126756400048,5.6735121725846005,0.3770392514006981,0.3418317341678612,-0.0010520393393116225,-0.0009526467261489429,0.9993340401577727,0.9992558541850531,1.0008133858328352,1.00065762447985,-0.00021471321654643638,0.00029277818934926147
2610,17,5.661567211151123,5.280081668260799,5.782014896525997,0.2744744369564934,0.09289852806778798,-0.0010077204307429226,-0.0009145828055969141,0.9993791937921629,0.9993173646247534,1.0006729006145967,1.0006216812156061,0.00047131270945150334,0.0003571745225266225
2611,17,5.7119951248168945,6.082148609640284,5.946496499303626,-0.33036446940520303,-0.22130665702744065,-0.0009227531446836309,-0.0008238503293859156,0.9993036212981921,0.9993718304343487,1.0007734142911324,1.000539433244111,0.000697451556009109,0.00044728911392344123
2612,17,5.700836181640625,6.878644065503103,6.043947280027871,-0.6797207178636079,-0.5202378790268314,-0.00048224843444843237,-0.0007084288225339774,0.9993594660935329,0.9994456169383359,1.0000893283765353,1.000429967268216,0.0004938076474210767,0.0005178665474099165
2613,17,5.174464225769043,5.899433018814375,6.023560525531928,-0.8053007443603558,-0.757509872579558,-0.0006614122501072287,-0.0006180063617841566,0.9996580229843258,0.9995405550257777,1.0004530306519157,1.000365773308217,4.5827854498221584e-05,0.000613804157389003
2614,17,5.823994159698486,4.9730160427569805,6.111082647224264,-0.8061512845529838,-0.952648240802946,-0.0006007937000884468,-0.000539387869159939,0.9995851340486273,0.9996345306003711,1.0003478554422822,1.0003335592438152,0.0013488711729679574,0.0007434461399375488
2615,17,5.831829071044922,6.711099817918831,6.465121472286131,-1.1299569143142898,-1.1429631044470143,-0.0004266135220131049,-0.0004607558967243833,0.9996936852094125,0.9997350173670109,1.000262507297879,1.0003233045839823,0.0008523698427256778,0.0007656266324403817
2616,17,5.5422043800354,7.14021827274278,6.8812168656206465,-1.3732280010714253,-1.320907930589476,-0.0004225014751926,-0.00039136043323939856,0.9998452233750578,0.9998401342813247,1.0004360674091592,1.0003322647955617,0.0007116484896384522,0.0006951230776922992
2617,17,5.5054192543029785,7.50158807019686,7.16396616174702,-1.4933015659194857,-1.467086760174151,-0.0002767351363031214,-0.00033692206245906144,0.9999973037157516,0.9999308701904678,1.0002531358617595,1.0003476900705313,0.00037714405888941336,0.0006259931834369562
2618,17,5.39098596572876,7.348411803905452,7.253381342928743,-1.5644807908974492,-1.5807995672518542,-0.0003364507100422952,-0.00030575304946440216,1.0000087971910891,0.9999921328180507,1.000427396450657,1.000378728830317,0.00037089921148827584,0.0006439892512103716
2619,17,5.354224681854248,6.851989248198908,7.2329236598114255,-1.6306376393977355,-1.6731711632643333,-0.00029788085372367697,-0.00029112840700112115,1.0000443891208928,1.000033035584851,1.000402294890738,1.0004155463499234,0.0010317283896628658,0.0007292655623596932
2620,17,5.378542900085449,7.361419951344337,7.214288133043705,-1.8025689730805474,-1.7483536604506817,-0.000298890145694076,-0.0002922748499032339,1.0000436799458499,1.0000749186404216,1.0005249585727436,1.0004557726771457,0.0006579282427222221,0.0007739593014966346
2621,17,5.010855197906494,7.1093892547503135,7.199781807441065,-1.8074731994093964,-1.799212203962804,-0.00031046889966700593,-0.00031389656726834073,0.9999700112071946,1.000141754272807,1.0004698865929855,1.00050254318808,0.0010735736326096318,0.00074032510374345
2622,17,4.981225967407227,7.049586981205274,7.201349992801754,-1.8280815880547467,-1.834170707235594,-0.00034790671945311735,-0.000363224390102964,1.0003483454529678,1.0002327217187206,1.0005550201161675,1.000578543928119,0.0005048443147074273,0.000606262284094423
2623,17,5.360271453857422,7.415160483261353,7.198216453170365,-1.866580348427255,-1.8686404148023459,-0.00035498247386941777,-0.00044549200967563954,1.0003878657633385,1.0002940518059382,1.0005798429232027,1.000698768683112,0.0004947701562612197,0.00044823125140931947
2624,17,5.338407516479492,7.612081046724845,7.126530242199504,-1.8288412638154274,-1.9164334189684913,-0.0005353906845100987,-0.0005525028964276284,1.0003021076162957,1.0003056943160331,1.0007982879213941,1.0008568850865305,0.00019916261295824326,0.0003401824184197474
2625,17,5.847319602966309,6.787766067423005,7.0245109047566014,-2.060779800666659,-1.9826380411223958,-0.0007442921640508217,-0.0006423767653950059,1.0002861488670325,1.0002894998779337,1.001162669167696,1.0009989164576285,-2.1487163121907352e-05,0.00035093398345069447
2626,17,5.812924385070801,6.3690386139132595,7.095478997999647,-2.0433624850059378,-2.0486129131373993,-0.0008157385948432148,-0.0006679886879315388,1.0001928548270353,1.0002738188255498,1.0012824571653023,1.001054090041156,0.00046499320717435224,0.0004746753396257942
2627,17,6.2926106452941895,7.016116490155084,7.447439155635596,-2.1315825352795654,-2.113321720657075,-0.0006532420212055877,-0.0006261326299633635,1.0003383022515053,1.0002789708311743,1.001092832404306,1.001018803168278,0.0012479135576967365,0.0005711351375301188
2628,17,5.736726760864258,8.975023470114175,7.897226505340033,-2.12606747431125,-2.181823066980998,-0.00033747359200913624,-0.0005724488064409043,1.0001955916132685,1.0003031451061868,1.0005686587299008,1.0009834412975969,0.0006962202477675731,0.0005196525228984408
2629,17,5.81166410446167,8.85760635537188,8.155452596662718,-2.2446669654540083,-2.2598896435147275,-0.00048506844368096107,-0.0005638275622786775,1.000388463454327,1.000347685601787,1.0009216684143032,1.0010461681836886,-0.000334659902316031,0.0004260768427663608
2630,17,5.740636825561523,7.13055084987427,8.31173627905221,-2.3517807405956863,-2.3350972991370003,-0.0009116757880696791,-0.0005753572391974235,1.0004125151118304,1.0003864731103098,1.0017488658336746,1.0011639959759657,0.00035622792884458765,0.00044536558699566825
2631,17,6.008739471435547,8.237455419871615,8.677221667677793,-2.28168358161897,-2.3868137114797476,-0.00042843974757872795,-0.0005646707783838916,1.0004517438632081,1.000400026334737,1.0008353130578014,1.0012671574670118,0.0010227215284195617,0.0004904805968543328
2632,17,5.723390579223633,9.659726638703996,9.195793596841739,-2.6357878388257907,-2.390195529927471,-0.00039714193025919406,-0.0005828453275893929,1.0002771124285144,1.0003849515001473,1.0012804414504524,1.0014337154251125,0.0008025588445362856,0.0004255489677868933
2633,17,6.3543877601623535,10.089432685929934,9.610669349906063,-2.3181394549669534,-2.3081888244168316,-0.0007469128647642864,-0.0006494761852616651,1.00048950696701,1.0003477551610334,1.0018824783775164,1.0016382135305937,-0.0004919151175677612,0.000309865877555239
2634,17,6.501664638519287,9.311745937760787,9.820253225697048,-2.0908097794322473,-2.1771324859200223,-0.0008629085595030078,-0.0007195016756826333,1.0003262917925362,1.000274588598638,1.0020117772072579,1.0017889248720162,0.00032000271023854577,0.0003073547567595032
2635,17,6.540508270263672,10.314895653177617,9.871690392374019,-1.9647949565552556,-2.0500800269864023,-0.0006357410264281506,-0.0007740803932967772,1.00004856034077,1.0001910260065316,1.001578885777068,1.0018750727385273,0.0005937875166036868,0.00036329050092803896
2636,17,6.36168909072876,9.855838932353016,9.726584618174602,-1.9774428259653143,-1.9476296075864152,-0.0007404499061158652,-0.0008356412401628728,1.0001515106145753,1.0001387289454287,1.0017792931297305,1.001951021185728,0.0006076094726314853,0.00038191490255041615
2637,17,6.424234390258789,9.426903178047853,9.453847269893732,-1.870141729760255,-1.8597790878510247,-0.0009568666018710032,-0.0008876504915262522,1.0001595872958167,1.0001204796690486,1.0021041978913923,1.0019837193021999,9.453358237171427e-05,0.0003570609310080095
2638,17,6.364731311798096,9.014975198420752,9.19481288150928,-1.8821354482865689,-1.780083912763504,-0.0010654571312702454,-0.0008785533105953291,0.9999665544664702,1.0001351272210377,1.002303731692131,1.0018730068937947,0.0003662554427677188,0.00035043904034038
2639,17,6.261180877685547,8.781622152799935,9.078489871927587,-1.6716349733957392,-1.7156226640248764,-0.0008233861946017164,-0.0007854775113444483,1.0003026275296654,1.0001815104507155,1.00163333008575,1.0015764106625518,0.00016643687917012673,0.00036100583038742307
2640,17,6.477912425994873,9.009746530913844,9.152208082368158,-1.6539262664101075,-1.7027004121752531,-0.0005172389665686966,-0.000652318136466209,1.00011732655909,1.0002183792470227,1.0009413862109455,1.0011998915267657,0.0010397732370591836,0.0003569225998751856
2641,17,5.937488079071045,9.870113448534491,9.344656810950731,-1.6906189916260865,-1.7679553974843547,-0.00043854853312955437,-0.0005390655264917199,1.0004824886701766,1.0002216698420394,1.0006355351848937,1.0008809925007782,-0.0003400876669517634,0.0002991026478074342
2642,17,5.912545204162598,9.281687362572141,9.559600476804484,-1.7935949305068586,-1.9131978710476938,-0.00039839160035556897,-0.0004587429232570821,1.0000329270021944,1.0001667099994316,1.0003975707967734,1.000661841871273,0.00043943625220148086,0.00029271776901286376
2643,17,6.020176410675049,9.338042210976965,9.837475088383025,-2.2219928669558504,-2.1016961699681693,-0.00069799661356921,-0.0003764521438961401,1.0001213383805252,1.0000946568185556,1.0011790322400984,1.0004635781357736,0.00032538472839714735,0.000300583738532386
2644,17,6.566509246826172,10.634787640304443,10.130868901940918,-2.5262375776421595,-2.261292147328976,-0.0004086328818889814,-0.00025541689269288354,0.9999038822523719,1.0000264990547245,1.0007290553788266,1.0001591861008587,0.00036007681900177593,0.00028337605991719057
2645,17,5.829287052154541,10.793378040783482,10.247846527508058,-2.111764529325484,-2.3691728821241265,0.00040629862033821263,-0.00016917711020736608,0.999914577697481,0.9999715292972536,0.9985831591797418,0.9998741466757328,0.000680235905581811,0.00022755182099950654
2646,17,5.736240863800049,10.21086662590303,10.155758594815126,-2.539136264301516,-2.472566109286691,-0.00022680752368385514,-0.00021715831530790412,1.0002115674457381,0.9998988508946427,0.9999009479479392,0.9998610316361112,-0.000755057273759048,0.00018214777388886642
2647,17,5.933314800262451,9.482823752263837,10.043642999374377,-2.494813160806525,-2.5603478894507794,-0.0005563704279500659,-0.00032312506708586866,0.9996007786295772,0.9997753003470308,1.0003248324746488,0.9999972251408557,0.0005071898011998724,0.0002728933919485503
2648,17,6.173190116882324,9.568464101219265,10.117873161062798,-2.578829679829706,-2.61698775174079,-0.00036851842772296715,-0.00038586786029218636,0.9997045886296358,0.9996520369448392,1.0000345337354197,1.000094257257332,0.0008115129442381404,0.0003724660266196504
2649,17,6.110937118530273,10.936749452132593,10.363970695643872,-2.8386176485479107,-2.608172121334104,-0.0004182644960454727,-0.00037919807415732023,0.9993335548666767,0.999553603852792,1.0003229663473165,1.0000683962170716,0.0008050121867324305,0.0003870763866837741
2650,17,6.358418941497803,10.944389042846646,10.59326513784222,-2.4930312384258477,-2.500551205106987,-0.00042609026991072464,-0.0002934363882800629,0.999678712183061,0.9994895280799252,1.0000934226699036,0.9998638091201051,-0.0007281294183717403,0.0004146887210676588
2651,17,6.1180620193481445,10.139317869844682,10.783758537542006,-2.2763441054219795,-2.3307219687550274,-0.00023373989431615852,-0.000140364869213264,0.9993277914658383,0.9994180495255823,0.9996038659242046,0.9995191324881137,0.0007419064181149673,0.0006322172825056612
2652,17,5.986103057861328,10.848690376788035,11.017535333317085,-2.095096586000361,-2.1469843197830554,0.00022222602664852156,1.619837987258518e-05,0.9994580133997514,0.9993317918592476,0.9988322223844549,0.9991718601561426,0.001429675480465506,0.0009014047787801766
2653,17,6.130239009857178,11.979281398559415,11.184906953639207,-2.0553707730418505,-1.9755167699994454,0.0002612620557261197,8.889726232312457e-05,0.9991733642978623,0.9992195512978516,0.9987336819966081,0.9989770674209856,0.0012721002747246078,0.001072282348495948
2654,17,6.2295637130737305,11.34255289624422,11.133598173648439,-1.7715881982994368,-1.8277811094907428,1.2450539877814826e-05,6.313806703439453e-05,0.999150875757071,0.99909997185096,0.9989904271352651,0.9989676089401279,0.0004839157912165933,0.0011900012462187904
2655,17,6.247722148895264,10.647731373664488,10.967389059424908,-1.5846877576695155,-1.7320633986778642,-2.8673008723541507e-05,-8.125929951240574e-06,0.998983097661185,0.9989911811434224,0.9989752078855515,0.9990731787031435,0.0012251249540490635,0.001350221874855104
2656,17,6.445113182067871,9.960049194003112,10.894170053338124,-1.747190484695596,-1.6936277797462238,-0.00016190935408393504,-7.584779713602077e-05,0.9988330364813457,0.9989230761687132,0.9994302965138439,0.9992035616883455,0.002339081980152759,0.0014315151032897595
2657,17,6.248029708862305,11.32916565215618,10.964992167826672,-1.7511715492819644,-1.6709516598598997,-0.00015068897119007487,-0.00010814663134113914,0.9987763208366852,0.9989200383998129,0.9994300092873387,0.9992570250626343,0.0016095872489303319,0.0012876151544019706
2658,17,6.232508659362793,12.082952753189108,10.944486885610777,-1.7702474688215553,-1.633839335136531,-0.00017640919141839173,-0.00010482989504203775,0.9991448407030334,0.9989665283528104,0.9994883733046754,0.9992081265928506,-0.00010155100508955058,0.001069474893176482
2659,17,6.049192428588867,10.265578482050602,10.729636300710812,-1.4654291402311272,-1.5923378709919325,2.1100388374128787e-05,-9.146035476712352e-05,0.9990490656974006,0.9990087564724993,0.99873153796443,0.9991257357260522,0.0010901973482551112,0.0010075668657466273
2660,17,6.110517978668213,9.832387164277739,10.568615025176902,-1.467765839936211,-1.5957385383919478,-1.6434096682719823e-05,-0.00011054142784434178,0.99903563924827,0.9990411675842396,0.9988057488549943,0.9991492850220579,0.0013529093540993302,0.000994408175719163
2661,17,5.967317581176758,10.644662559872863,10.591841792921503,-1.7911805421279825,-1.6531670094408313,-0.00023525457860538223,-0.00016659751547615445,0.9989876480906398,0.9990847854261199,0.9995897274892164,0.999286422312633,0.0011752443100492317,0.0008851489244359554
2662,17,6.065405368804932,11.212674594212684,10.661742716025206,-1.7971288191104757,-1.7338647861337657,-0.0002061653921464202,-0.00023062728318017667,0.9990768561661791,0.9991542545799855,0.9995324036666977,0.999428006516614,0.0008455818946186099,0.0006794530525155903
2663,17,6.433711051940918,11.01123725615665,10.643196215880074,-1.8091696734585516,-1.8465320524534348,-0.00032086011316248867,-0.0002863477260356953,0.9993948378997741,0.9992261844445665,0.9995104400537024,0.9995438661405809,-0.00031323550430400863,0.0005126594021409865
2664,17,6.3488898277282715,9.937740730025013,10.61048941124395,-1.7866089739221909,-2.028392108080863,-0.00028860559033856356,-0.0003178642731410883,0.9992837546587592,0.9992576314017118,0.9994031506793927,0.999659195202143,0.000607878695447584,0.000532638677672383
2665,17,6.18112850189209,10.230632232454145,10.743766893405137,-2.272625328889918,-2.291217417163398,-0.0003767038402914577,-0.0003157559865877409,0.9992291584165935,0.9992538900671365,0.9998812558597158,0.9997771397342072,0.0010052619202828334,0.0006498744012963222
2666,17,6.414586067199707,11.435199062394096,11.000564990480793,-2.765718414492222,-2.5667559369694315,-0.00027158784377975505,-0.0002689631988345988,0.9992618761454015,0.9992395653244147,0.9999502488381676,0.9998263995309981,0.000676232249628004,0.0007624384867305924
2667,17,6.413945198059082,11.671675344902946,11.156779422259648,-2.9027274254110544,-2.7774215447030763,-0.0002511879544447517,-0.0001836820632259707,0.9992351316492953,0.9992351930235212,1.0000102261348112,0.9997583199083722,0.0005776487359782749,0.0008803549100549221
2668,17,6.380610466003418,10.926099033450155,11.122898161808887,-2.833136286814022,-2.9158116908708833,-4.301713657938412e-05,-7.701214316768615e-05,0.9992152025754721,0.9992662846115498,0.9994478074492043,0.9995906406326708,0.0010458348299961376,0.0009914673007281713
2669,17,6.312083721160889,10.541893319496458,10.988093729140692,-2.9841341503711902,-3.022544690164475,1.445933561546253e-05,1.5388206430329843e-05,0.9992968485060075,0.9993560830290721,0.9994410038483377,0.999417981927905,0.0014944423129771157,0.0009869577440783696
2670,17,5.950266361236572,11.258389750538235,10.785175826718799,-3.132538293846893,-3.119174802867536,0.00024519007414158133,6.314413104270615e-05,0.9993592840370327,0.9995072389139108,0.9990040709669841,0.9993117968444125,0.0012640280855144763,0.0007912415714852132
2671,17,6.2849931716918945,11.08672005353367,10.429856003970837,-3.2375932310183635,-3.2098331844565937,5.942754386178315e-05,5.2971450629527906e-05,0.9997708720817761,0.999687856039476,0.9993473592753893,0.9993147214360674,-0.00013535646350534172,0.0005304996273782195
2672,17,6.064291954040527,9.266265466634174,10.007651538157056,-3.2365756996975983,-3.302145520070175,-0.000218387776322639,3.094153244785115e-05,1.000200291651761,0.9998200320414871,0.9997038507208744,0.9993741665330268,-0.0006955474246816303,0.0004713894023183516
2673,17,6.582690238952637,8.511962787608631,9.789585753590233,-3.327169868806594,-3.408297080393512,-9.04090497156424e-06,3.990929660960064e-05,0.9995863373181563,0.9998704740564687,0.9993941568939594,0.9994493256357571,0.00203227257752208,0.0006158754553142453
2674,17,5.942028045654297,10.790547724046602,9.762705374791846,-3.5266199637121134,-3.5154170942777596,0.00033614317496651817,3.957225380275532e-05,0.999900006638565,0.999912491382384,0.9990620925998778,0.9996033896403834,0.0007882346375732965,0.0006482237333643286
2675,17,6.479390621185303,10.729792215563945,9.545807485065218,-3.849244855849437,-3.581392077585479,2.6406286217536574e-06,-2.1357162288714184e-05,0.9999341801667961,0.9999616555267598,1.000131822358662,0.9998652051723345,0.0002589093320899775,0.0006051965292389064
2676,17,6.534920692443848,8.473579456625307,9.084188292306642,-3.4383945625064594,-3.582238003208043,-0.0002025431469649056,-0.00010000897815726059,1.0000205640061943,1.0000055696698253,1.0002068964281996,1.0001046954223727,0.0004239837744210685,0.0006507752862015017
2677,17,6.598212718963623,7.858726841805081,8.725782263875532,-3.453737081290805,-3.566698962610153,-0.00026126096628726226,-0.00012996918551507237,1.0002057454525362,1.0000234773764796,1.0003324810649694,1.0002383426505232,0.0004756883449183731,0.0008356355115735456
2678,17,6.881821155548096,8.402625699742014,8.655580277718666,-3.6318360009630695,-3.551272892272876,-0.0001591197707282138,-8.461585939081051e-05,0.9999458110883361,1.0000110815254182,1.0004304382324285,1.000241958003985,0.0015688173711827017,0.0010862083722439188
2679,17,6.5528669357299805,9.367831123623949,8.7268604226042,-3.634736792244522,-3.5127902226331615,-2.7392842454034855e-05,8.957367921951426e-06,0.9998994850218478,1.00001621503186,1.0002984085696092,1.000142190369618,0.0012154966162467198,0.0012372773422086518
2680,17,6.236042022705078,9.019916151703192,8.69999302276807,-3.3568812101677588,-3.4529357943175323,0.00029113684189289475,8.848521558862584e-05,0.9999977631766181,1.0000721485863655,0.9996242340812436,1.000041371714479,0.001439726070971839,0.0012389274753126628
2681,17,5.969336986541748,8.174497318332078,8.538849976703306,-3.3308948742747075,-3.4093567679596304,0.00014648417660279955,9.09430169916526e-05,1.0002289032420528,1.0001654819617816,0.9998804066524318,1.0000710666060735,0.0010614898147581879,0.0010865382926878197
2682,17,5.906850337982178,8.246379915782523,8.328214454759694,-3.472369672327869,-3.392401434283365,-2.7231678489409977e-05,1.9005451192944204e-05,1.0003016691245101,1.0002554659026603,1.0004045729446884,1.0002276977203646,0.0009092443598005736,0.0008352137281600755
2683,17,5.91094970703125,8.60337983013278,8.053753564738164,-3.4789614807449056,-3.3859752151946783,-4.1762469263953593e-05,-9.44593221596902e-05,1.0002049734966167,1.000319723080552,1.0004322774150574,1.0004275077167144,0.0008156311555615114,0.00055383238287614
2684,17,5.871281147003174,7.8558216470574465,7.68973974780658,-3.3838922461657126,-3.4011748220966305,-0.0001771800844232476,-0.00022283939209397164,1.0006115013737167,1.0003466932536331,1.0005107185974875,1.0006291876297846,-0.00043063655995641617,0.00035455595995686275
2685,17,6.165538311004639,6.929823115372789,7.395827831405558,-3.2922045754166627,-3.4843823865057826,-0.00037183853797936926,-0.00032244432447056366,1.0002703507848574,1.0003128766067415,1.0007114894548577,1.0007976914415482,0.0003396776973672683,0.0003766108861354747
2686,17,6.355402946472168,6.450319555722685,7.3934030936395185,-3.5719993538114285,-3.6686317009208884,-0.0006120921222402758,-0.00033434922102496353,1.0000953319570156,1.000268375450785,1.0012940580077105,1.0008529056538265,0.0007877882122766274,0.0005216634855164575
2687,17,6.535563945770264,7.9438213523615975,7.695584983849757,-3.9493397375125516,-3.9169308539391405,-0.00022180706661062755,-0.0002333168157033816,1.0003649295716077,1.000257826123919,1.0007862389978017,1.000712162336269,0.0007581108674916501,0.0006364788785098357
2688,17,6.191312313079834,8.707271339625944,8.002687762512753,-4.388651775738574,-4.1493008039112915,-2.151814905699308e-05,-8.399839935530293e-05,1.000087414460073,1.0002766242538352,1.0005518229967165,1.000429601283006,0.0010642610870304423,0.0006574743430465533
2689,17,6.367597579956055,8.579094769648565,8.07361980064292,-4.302520225252616,-4.30716386971854,0.00023665195167968143,3.5740029286325e-05,1.000438533160018,1.0003246354325388,0.999690419662903,1.0001263580214719,0.00013061191587632634,0.0006115855276866218
2690,17,6.667068958282471,7.562364319137638,7.949272079136942,-4.41357724851655,-4.409962045270285,3.1279757048375136e-05,8.441880469141039e-05,1.0004088278674506,1.0003588800045269,0.9999984100534569,0.9999339784239166,0.0005573529548867023,0.0006265253216976012
2691,17,6.681656360626221,7.465594971581812,7.854806535612051,-4.351632997580485,-4.494933740659522,0.00012181889891328545,8.422385412934047e-05,1.0003533788514964,1.0003607667247978,0.9996310602268033,0.9998624242139749,0.0008269036209832204,0.0007067298718095861
2692,17,6.672019958496094,7.6109379355393925,7.907323841675176,-4.644516773880636,-4.58915107260368,-9.591756648878387e-05,5.9697543726587695e-05,1.0003690533347538,1.0003352596700656,1.0002482468296527,0.9998896414109599,0.0007016876488648835,0.0008071368612562787
2693,17,6.78303861618042,8.46013840885245,8.053393365055484,-4.698414549813468,-4.6805565731625185,5.903690724571849e-05,3.092578444389438e-05,1.000257548332519,1.000291453407028,0.9999856866548329,0.9999553682880964,0.0010992550210271216,0.0009059641596308775
2694,17,6.301486015319824,8.551942191323699,8.150372930362003,-4.6692883466285995,-4.764402175403343,0.00017675758274344512,-2.4430152286982458e-05,1.0001944621102894,1.0002456162360593,0.9996336237025996,1.0000932719829163,0.0010316177289933235,0.0009730398945323831
2695,17,6.083401203155518,7.943331309305828,8.18738588202891,-4.801990915857994,-4.838078923769723,-0.0001295178036824569,-0.00011627440279023356,1.0003934487977337,1.0002023365665393,1.0002693334840753,1.0003373891485583,0.0006324280174479794,0.001033119085208044
2696,17,6.5130510330200195,7.825126956717941,8.290874121220302,-4.989394572316162,-4.867561904692145,-0.00034841813397398156,-0.0001902518062892868,0.9999901860415533,1.0001628629769905,1.0009150780110747,1.000574216602409,0.0014898179196746806,0.0011118938641906829
2697,17,6.539339065551758,8.74123699875077,8.5047863563529,-4.92062441826507,-4.809210263827133,-0.0003335080884315655,-0.0001926496216620293,1.0000866949430502,1.0001722543480138,1.0010006480027827,1.0006586797897261,0.0010878470505293698,0.0011406058784172624
2698,17,6.384328842163086,8.93748082710097,8.72800565929388,-4.731704303712924,-4.662676763502162,-3.248905215127274e-05,-0.0001304759225145856,1.0002895252565147,1.000230975012649,1.00049839051607,1.0005717924333193,0.0011267716158398448,0.0011310241027294658
2699,17,6.10301399230957,8.95857462208456,8.912634685663686,-4.387509617835577,-4.47671043354558,7.212212017271642e-05,-5.8681515551279784e-05,1.0003626404167636,1.0003043819103523,1.0000977958228783,1.0004204611146217,0.0010713940317499215,0.0011074981914408163
2700,17,5.908024787902832,9.007299708678222,9.097995686404545,-4.2386642008064515,-4.323047992079649,-0.00011738136456944116,-2.049326955615326e-06,1.0003213808150353,1.000374161789434,1.000503917099792,1.0002892557929937,0.0010187359437801168,0.0010861059064447532
2701,17,5.8440656661987305,9.223658190193754,9.347056858768449,-4.160431510969194,-4.243462272119868,4.2100711413912914e-05,5.469705147405188e-05,1.0004649037566666,1.000440891242715,1.0001565985202665,1.000171382889815,0.0012073391890385227,0.001065589075735251
2702,17,6.072825908660889,9.9797931428168,9.686915715043328,-4.277041451495534,-4.238410210720225,0.00014096238165470023,9.878626768108139e-05,1.0004060558707855,1.0004946147106808,1.000048804934894,1.0001028051327712,0.0010968213746545671,0.0010314974149675902
2703,17,6.007745265960693,9.900288040246133,10.120444598417128,-4.3303432012233,-4.277466198394267,0.0001401265858378216,0.0001073428878272495,1.0006873726070575,1.0005218435463346,1.0000474628896625,1.000127765143345,0.0006168401792124487,0.001015443524712571
2704,17,6.029748439788818,10.164573329504195,10.716511017361414,-4.24166429425838,-4.340053534736506,0.00022381645433482004,7.26098791939166e-05,1.0005584122886644,1.000496015303613,0.9998356400584986,1.0002655383417625,0.0012381575529501543,0.001049443576806367
2705,17,6.682220935821533,11.53692592693283,11.452173885771506,-4.4637454775473815,-4.4178112407002095,-0.00011954808066696322,1.2916649426107532e-05,1.0003164122837649,1.0004418012805532,1.0008138787977034,1.0004706669572452,0.0013016930724516057,0.0010575361213402172
2706,17,6.6291069984436035,12.821652119965762,12.11579581147205,-4.518403185047262,-4.478504062311291,-0.00014348747232784242,-1.2242918085578924e-05,1.0004023990779027,1.000407715841579,1.0009204296141008,1.0005791550423375,0.0008882002920501157,0.0010109082778824773
2707,17,6.409666538238525,12.989684799623674,12.531129816511287,-4.619507804110343,-4.499021450311216,1.3790879354283195e-05,1.842420393437141e-05,1.0001394962364936,1.0004087138143805,1.000680260432285,1.0005230134272143,0.0012679139444524256,0.0009608539900686388
2708,17,6.171818256378174,12.04736265129395,12.779854523279225,-4.343327346746532,-4.4813227127275175,3.2943127110481936e-05,7.564687422883951e-05,1.0008670478991022,1.0004276313553153,1.000265236201334,1.0003769405305798,-0.0001365747920182072,0.0009636300152674981
2709,17,7.173939228057861,12.461936830315306,13.082185692171,-4.381792359272005,-4.456967164617115,0.0002676518976471721,0.00011529041124408188,1.0002239238935138,1.0003979796569846,0.9998796132712301,1.0002817990932706,0.0020915595683848568,0.0010743510016433416
2710,17,6.741939544677734,14.14851794692591,13.416019383025889,-4.580787115143211,-4.417566206369594,0.00015230495180405666,9.044656711565227e-05,1.0003596012199032,1.0003591300427939,1.0003687683576572,1.0003257859874242,0.0011173781705791444,0.001097062301114535
2711,17,6.513645648956299,14.104589806617524,13.575028741799118,-4.4494412981152465,-4.334133223568072,5.460154825607205e-05,9.582532720969663e-08,1.000191109166098,1.0003344321575467,1.0004567425657245,1.0004737690720695,0.0010362812512024644,0.0010477245269307576
2712,17,6.8820929527282715,13.135309412343489,13.57025064299196,-4.017024108181274,-4.230520807978883,-0.000200336177083156,-0.00012268897585225328,1.0005999490516635,1.0003235840826095,1.000633558116003,1.0006728939478085,0.000294213063495939,0.001022001006635573
2713,17,6.974758148193359,13.056142901727387,13.599060812569242,-4.152968050246349,-4.162542313578865,-0.0003160393344987353,-0.0002291429686522013,1.0001687380475206,1.0003027811952467,1.0010646482823902,1.0008653609897011,0.0015902656732251518,0.0010590643137275903
2714,17,7.351774215698242,13.9900637044441,13.729063065209177,-4.129669746402574,-4.130248616394625,-0.00028266041760068207,-0.0002960121026597015,1.0002828607570105,1.000309975347953,1.0009857203162282,1.0009950878477207,0.00112329759870741,0.0010186978421031314
2715,17,7.27734375,14.10260786252685,13.852708035266247,-4.153707650120112,-4.114815312592312,-0.00030423299802228383,-0.000330729095289383,1.0003088512498983,1.0003620023896587,1.0010416343876238,1.0010616227162237,0.0009771905909877776,0.0008716730000167342
2716,17,7.1949028968811035,14.149072366311387,13.915574710227549,-4.1673319322466025,-4.099362254336674,-0.0003236759772488965,-0.00034140814322431795,1.0003805928905918,1.000454049439544,1.0010880654305823,1.0010751717814534,0.0007865450306138878,0.0006660997679742328
2717,17,6.869169235229492,13.868213976812884,13.971692097859368,-4.070635773303767,-4.083224942071796,-0.0003220019479006621,-0.0003262115679978394,1.0006959406259388,1.0005585486118815,1.00101714739401,1.0010404036565062,4.587894534728973e-05,0.0004970719467916716
2718,17,6.90055513381958,13.622740316021133,14.153702113602769,-4.0481106786707395,-4.087479662131812,-0.00042827062343111263,-0.0002758813925773813,1.000735114325862,1.0006329079922578,1.0011999724987117,1.0009625604909205,4.980502458606336e-05,0.00046871687852704537
2719,17,7.388040065765381,14.031039033703795,14.540577545932774,-4.020554728505749,-4.131449742733133,-0.00016328946721184303,-0.00018999632020713224,1.0006236546368195,1.0006780064206224,1.0006860983325234,1.0008586047765176,0.0010157668632812169,0.0005273550520632398
2720,17,7.2555341720581055,15.665791680104308,15.008062841291764,-4.219505950599091,-4.213759424013498,7.5092838133526e-05,-0.00011147448589199794,1.0005724729112755,1.0007316780631916,1.0005105822442562,1.0008023467520313,0.0010013479501215494,0.0004953465314709038
2721,17,7.139728546142578,15.772522253749646,15.29334369582938,-4.3838820928399445,-4.298583787835325,-5.275896585706228e-05,-7.337516335237231e-05,1.0006812397854106,1.0008121773318057,1.0008713259790099,1.000814474980014,0.0005832397449410167,0.0003411186446120359
2722,17,7.179113864898682,15.233978181408304,15.323381945979605,-4.395327714956328,-4.35004658227949,-0.0001829008876780672,-5.106296370000632e-05,1.0011820798670394,1.0008779381593653,1.0010993383746785,1.0008225793105265,-0.0007939608616815116,0.00023317480419983146
2723,17,7.211307048797607,14.791786569356063,15.207049225493416,-4.380329505735178,-4.361034225308484,-0.00016665359674566856,-9.930143326269101e-06,1.0010740333270884,1.0008596378666088,1.0010480162931497,1.0007699630794173,-5.626918102553188e-05,0.0003727378165856123
2724,17,7.13608455657959,15.297740966651396,15.03191967978531,-4.347109019432086,-4.345347058711171,0.00021432812073186064,3.613727771514219e-05,1.0004672153041063,1.0007829721863533,1.000396211762449,1.0007053588646995,0.0016417124135048265,0.0006469846039452254
2725,17,7.242767333984375,15.329096428149379,14.777347913856596,-4.321552955907837,-4.325857786649969,0.00010967901898590296,3.0950012924540514e-05,1.0006395321918884,1.000735277773504,1.0005902591873639,1.0007562000718304,0.0007089941519869014,0.0008157673084218095
2726,17,6.979337692260742,13.935648404154172,14.510581945164297,-4.18667272733087,-4.327050810022404,-3.8015138332145266e-05,-3.507630091869406e-05,1.000960984838333,1.0007198719420025,1.0007793699984204,1.00096737667792,0.00045931560544079197,0.0008918775956717984
2727,17,6.793567180633545,13.72912125730348,14.43628539862692,-4.333020782445184,-4.361856097249705,-9.229105952829209e-05,-0.00013574726463640662,1.0005651743567052,1.000706940467367,1.0011669267274372,1.001298811921454,0.0014576022070751946,0.0008978850559466128
2728,17,7.023935317993164,14.948135301672623,14.575070328413121,-4.483045024932185,-4.39899364481584,-0.00030303863849473516,-0.00023673472380579682,1.0007636870249466,1.0007206709756111,1.001913008606441,1.001632527763586,0.0006075596820358793,0.0007622369924085627
2729,17,6.924248218536377,14.873863810831663,14.719127240256547,-4.483863906414485,-4.394277661453163,-0.00037900094618394076,-0.0002957290117253411,1.000646648314557,1.000763586041976,1.0020746832363567,1.0018175590261915,0.0007700047124329705,0.0005386328331879433
2730,17,6.683402061462402,15.044959700442233,14.729351555893842,-4.352120560163964,-4.332926418342427,-0.00036095807611610033,-0.0002929945054556475,1.0008426242448336,1.00083152966449,1.0019664133088013,1.0017952514706345,9.879010380558892e-05,0.0002944407399192679
2731,17,6.624096870422363,14.632642742251456,14.564467257634025,-4.261854494330183,-4.234584997478972,-0.00026261253100704607,-0.00024373433683666122,1.0008687111062156,1.0008894669990982,1.0016851313842638,1.0016174978791774,6.91076362700338e-05,0.0001397577979730388
2732,17,6.483551502227783,14.393275529832952,14.296018637883599,-4.032019925765435,-4.133511272471613,-3.8701096703009737e-05,-0.00019149525405175605,1.0011370010546572,1.0008954260070984,1.0010300854747156,1.0014126467912436,-0.00018576925404337603,0.00013699735871617488
2733,17,6.694209575653076,13.840741189874114,14.047938248699026,-4.029004218820462,-4.065913541630046,-0.0001710838431263681,-0.00017895079144099763,1.0007387943002461,1.0008206162211708,1.0012377613320582,1.0013131652394278,0.00038402373162201297,0.00028711263502296115
2734,17,6.513313293457031,13.552759166819826,13.963709813135067,-4.027752716756599,-4.035878536107194,-0.00022484967905358797,-0.00020234657651265478,1.0007480019157102,1.0007031810644738,1.0013396128985304,1.0013325976642053,0.00043994242065383536,0.0004931612130078491
2735,17,6.68118953704834,13.713415140668504,14.099623555915212,-3.9663010919903754,-4.027791865607854,-0.00018686812433406816,-0.0002454539086737709,1.0005353753776451,1.0005785258093114,1.0012249272157872,1.0014325093830845,0.0008614045744036477,0.0006585994286550588
2736,17,6.9428558349609375,14.82907848056102,14.33999273074862,-4.08093537257075,-4.016045512188416,-0.00029801007536620907,-0.0002939325458271616,1.000432165584406,1.0004863845059275,1.0016479826929359,1.001555100350629,0.0008453467006225237,0.0006932605742056408
2737,17,6.829985618591309,14.862390244332927,14.456299454391795,-4.11482097108954,-3.9605210614154185,-0.00041192986216905203,-0.00031764778821167866,1.000343415433292,1.0004527733684279,1.0019308520787464,1.0015868413971156,0.0008664883242292486,0.000575942637733801
2738,17,6.791525363922119,14.684595220027918,14.366953868717635,-3.8841220463693626,-3.8473649693280203,-0.0004494964179315556,-0.00029031120864971726,1.000416322155415,1.0004760401986013,1.0018331787739263,1.0014519591016435,2.828379089940632e-05,0.0003680586521659711
2739,17,6.569311618804932,13.670623235227724,14.172914733845905,-3.5369483843262843,-3.7167418644784624,-0.00012708769433437093,-0.00022630328017989607,1.0007405960973135,1.0005130955113457,1.0008600069023164,1.0012138272343345,-0.00022768035760655536,0.00020411645082250092
2740,17,6.507944583892822,13.645977736964156,14.062934928880177,-3.5445348948264623,-3.617700169833322,-9.684378362499923e-05,-0.00018750186057198704,1.0003776274165879,1.000512081915778,1.0008090040458706,1.0010495309907337,0.0007567223640157807,0.00010479394840801239
2741,17,6.4588165283203125,14.37255665502778,14.06322947104499,-3.5120934996297377,-3.5411779468261413,-2.516965320146138e-05,-0.00021031328049994874,1.0005182595877464,1.0004761501305566,1.0006555304028724,1.001037644753855,6.620823290959152e-05,-1.7189589132443758e-05
2742,17,6.423852443695068,14.214742525055094,14.05666694102879,-3.655784239012973,-3.439459076404967,-0.00040626990588291584,-0.0002811815313463691,1.0005047537353418,1.0003876720624978,1.0014963128497134,1.001125684654389,-0.000667752007793039,-7.451913676501234e-05
2743,17,6.755608558654785,13.571176616645854,14.002116833381164,-3.1749707560538227,-3.2669780015651955,-0.00047776920752309356,-0.0003318765447039211,1.0002450306632564,1.0002407967111413,1.0013089715619077,1.0011529442562783,-7.662447749134673e-05,5.018675577759152e-05
2744,17,6.946310520172119,14.230661440025166,13.898974030223878,-3.1445916805891745,-3.036215999896319,-0.0003608508196626954,-0.0003297479838947409,1.000011873679746,1.0000696608517983,1.0012553841129896,1.0010561417364143,0.0005367153411219541,0.00028672900135948533
2745,17,6.731908321380615,14.484083832880259,13.653233988880784,-2.8500689343824592,-2.7567032132864875,-9.613920311824162e-05,-0.00029833119784671935,0.9998460631730438,0.9999144782859232,1.000597829659022,1.0008628598686948,0.0007965220615212356,0.0004990477276967647
2746,17,6.458439350128174,12.662408383522354,13.300105360867104,-2.264618541742418,-2.470381340751107,-0.00038315064470244536,-0.00026614174823039107,0.9997823219688867,0.9997933775846377,1.0007175254387033,1.0006517701264717,0.00036817349338892917,0.0006385306546207126
2747,17,6.16736364364624,12.379620879573485,13.101967033198624,-2.1213645877580007,-2.239622971685883,-0.0003277695030274408,-0.00021178335434494567,0.9997580871496462,0.9996985840793244,1.0005236105198685,1.0004411351077747,0.0006464394550847805,0.0007444187502885008
2748,17,6.283506870269775,13.305777140684597,13.129089741126707,-2.1108574728054093,-2.0606908304161053,-2.4571801400286128e-05,-0.00014402412546316072,0.9995669722983551,0.999618436102981,1.0000493046583028,1.0002560671987453,0.0011423324222314152,0.0007868970346401002
2749,17,6.085465431213379,13.575494705851726,13.186727675958474,-2.1132832905865477,-1.8802746672536934,-4.526214363866072e-05,-0.00010815484975716604,0.9994908298020673,0.9995552713485978,1.0002030785323808,1.0001367158659047,0.0009953080707941543,0.0007120223781040817
2750,17,6.489498138427734,13.645081040692217,13.10944180176506,-1.6468575617345789,-1.6700897648522817,-7.967844724177673e-05,-0.00011606929258864345,0.9996604904891729,0.9994948092681605,0.9999775173760032,1.0000700425709017,-8.252167626169232e-05,0.0005925445537604017
2751,17,6.460494041442871,12.51292741484384,12.911473284486084,-1.282911728811709,-1.4785446343392128,-8.782197986846306e-05,-0.00014733256801310142,0.9994488970379014,0.9994109145255858,0.9997947452413921,1.0000408247651038,0.0005293967541720559,0.0005676067823916495
2752,17,6.386242866516113,12.32217668959683,12.77291210960292,-1.4010739560229941,-1.3503387168563932,-0.00033721964447673417,-0.00016061434824455277,0.9991823131773543,0.9993264764686802,1.0003881922373707,0.9999914650075143,0.0009917215078707204,0.000587290960305041
2753,17,6.344631671905518,12.874370800449704,12.756570100050878,-1.3723482773627735,-1.2716886779802838,-0.00029038352556445563,-0.00010709450660322624,0.9991620968147941,0.9992777260161316,1.0002830391446669,0.9998118672380094,0.0006823071597888078,0.0005691807331989105
2754,17,6.405643463134766,13.121203525500123,12.763006425451385,-1.0162501644248947,-1.2373510839511477,0.0002515892969533373,-2.7660830968086634e-06,0.9993651464236678,0.9992498254017663,0.9989181834876267,0.9995334722165627,0.000259919341847818,0.0005628924368709788
2755,17,5.8439836502075195,12.424428901372334,12.722389420925312,-1.301956528986601,-1.2603310561566023,-5.851136790247247e-05,8.50416069860996e-05,0.9994380277195112,0.9991894830845316,0.9995750121193626,0.9993182258341258,3.584054361203366e-05,0.0006613986423952699
2756,17,5.999514579772949,12.519210722865083,12.661313424603982,-1.3067212968131914,-1.296059150416386,0.00024090701449898107,0.00014213977290267036,0.9988453999599968,0.999090568012268,0.9990071064753537,0.9991943129051445,0.0016321502758479514,0.0008210924381383507
2757,17,5.872593402862549,12.812376346797587,12.525476752538085,-1.295377522757625,-1.29720984844703,0.00025715959939423143,0.00013520572565501674,0.9990714584583397,0.9990173629672394,0.9989711618166676,0.9992108169316063,0.0008987787347232654,0.0008357836594699848
2758,17,6.126828193664551,12.548545496226767,12.213818345295678,-1.3622885625418295,-1.2231439800667447,3.821229530084726e-05,6.095938977974258e-05,0.9989126859042818,0.9989798406189525,0.9994605519602251,0.9993579351436346,0.0006214635472143646,0.000714720224491966
2759,17,6.33076810836792,11.473933897974744,11.73399014263476,-1.082565125259912,-1.0445739118313309,-6.764700391217593e-05,-3.7996068105736674e-05,0.9989696787255459,0.9989804948383072,0.9995417435476296,0.9995408686947368,0.0005125801119070711,0.0005455926233068015
2760,17,6.432999134063721,11.126328755795054,11.203351531619603,-1.0089782387542972,-0.7793969888465511,-0.00042462825597949896,-0.00011869725757203514,0.9990168347016334,0.9990039705505266,1.0004357187344652,0.9996780779179012,0.00015292736871215943,0.00038890748677167014
2761,17,5.599584579467773,10.864365504772234,10.678468054236552,-0.24818783528622662,-0.4863367380393886,7.276871699678294e-05,-0.0001730471943637528,0.9989946564904262,0.999027170565491,0.9992388230420776,0.9997553234724362,0.0006445748028454893,0.0002690654878265382
2762,17,5.6618852615356445,10.16245152582499,10.187115166407015,-0.12088767465094866,-0.2785490802034922,-7.985846382568804e-05,-0.00026980926105115685,0.999233092413759,0.9990274340162241,0.9994533400808969,0.9999507265967149,-0.00018571174213010403,0.00016589889101935548
2763,17,6.078169822692871,9.520180092164823,9.811087896658872,-0.1646118779865564,-0.19444943428603434,-0.00045451967932294573,-0.00040369802058769254,0.9988433612244971,0.9989893130266889,1.000374143793099,1.000287583895702,0.0004171422643884552,0.00013707018172754072
2764,17,6.148598670959473,9.550259913539094,9.616225514698034,-0.2630288564639352,-0.1978595628437671,-0.0007905078613551139,-0.0004899317247103517,0.9989834527299598,0.9989512314935202,1.001177942554435,1.000587919633807,-0.0002041058025894893,0.0001772781185252705
2765,17,5.863448619842529,9.49309745669321,9.567948142028497,-0.2626144274643259,-0.23515056498422507,-0.0006379107751985553,-0.0004681456470292205,0.9989487391246352,0.9989245210426282,1.001053288311167,1.0007071289382283,8.67260648916475e-05,0.00031136035292418554
2766,17,5.3469367027282715,9.495448362888231,9.581301998590511,-0.23337845847334893,-0.27328166122032227,-0.00027614734246440414,-0.000391526472511832,0.9989397950329628,0.9989210601108734,1.0005133585576278,1.0007235017121616,0.0006479948309720473,0.00044689793776864006
2767,17,5.469326019287109,9.926320357843268,9.534347235685056,-0.230848919853008,-0.28994599712459124,-8.307897671009603e-06,-0.00038268366004883995,0.99876993056045,0.9989647873918001,1.000129456541768,1.0008572097364445,0.0012094868925995271,0.0004050452370353688
2768,17,5.299727916717529,9.541350837001865,9.302817548302757,-0.478151627851521,-0.2464605864824376,-0.0005346800508460568,-0.0005070613096586584,0.9991035217306784,0.9990715625639788,1.0013511597837566,1.0012234468206689,-0.0001823215199772193,0.00012522753592534593
2769,17,5.921421051025391,8.359126555036381,8.907938950603441,-0.060533876660145314,-0.10064336119240562,-0.0010512216730171925,-0.0006961941917977167,0.9993751490702711,0.9991957811596683,1.002289004166421,1.0016846530412244,-0.0009204658456480305,-0.00019066922992560625
2770,17,5.924205780029297,8.394413518093497,8.441316997280309,0.23399322436087425,0.11847218641068491,-0.0005348448271823773,-0.0008882807790605069,0.9992009991792934,0.9993008979824414,1.0013893618767429,1.0021346497615953,0.00036417459778609074,-0.0004375164756692991
2771,17,5.754770278930664,8.623475948421016,7.833132754696378,0.1546944274784181,0.38437065051132396,-0.0011815253390374582,-0.0011104197790432827,0.9994508717539948,0.9994032055240052,1.0029856818933711,1.002613859747149,-0.0009871822620729591,-0.0007083345903374176
2772,17,7.276232719421387,7.498451306180227,7.018884255134251,0.5868132365324661,0.6923602792323578,-0.001459848763555374,-0.0013097101326876345,0.9994728837879996,0.9995050631436131,1.0033414294120748,1.0030005684699799,-0.0012934055795874168,-0.0009182334680669574
2773,17,5.339216232299805,5.147485108310923,6.225278193344627,1.2350271033611142,0.9638410456592033,-0.0014918360905786872,-0.0014388965092258668,0.9996486395206006,0.999614085575865,1.0031282565309836,1.0032597768893667,-0.0009768057064039493,-0.0010363456281633427
2774,17,5.04420804977417,5.14418031969895,5.791247373334158,1.1666318426158069,1.0938288470782631,-0.0017269373939998729,-0.0015046937877014196,0.9996833112858167,0.9997354188463355,1.0037955361260216,1.0034748282284809,-0.0012551797616462978,-0.001158605493408755
2775,17,5.505195140838623,5.989751061579114,5.665432765744195,1.1602048754231327,1.068737290086198,-0.0012424044108113005,-0.001562317231967576,0.9998692138257188,0.9998791059098352,1.0031883595305013,1.003737022935387,-0.0008978492736795433,-0.0013963147836730352
2776,17,5.366474151611328,6.219986984626387,5.504462238538749,0.9578824695252124,0.9314105932278218,-0.0012386577579225127,-0.0017226285287051525,0.9999705446660877,1.000039010476304,1.0033343650790294,1.0041928774937818,-0.0012112889695485075,-0.0018476554369937395
2777,17,5.330873012542725,5.352668788869985,5.07829997688806,0.5213493337091873,0.7641295744406719,-0.002381570679462325,-0.001967071715763183,1.000209680330026,1.0001952573747046,1.0056804012065084,1.00475921770014,-0.0029696885641652022,-0.0023972691085241775
2778,17,5.4414591789245605,4.40527186512236,4.451556973860809,0.5859234112964895,0.6451395562771294,-0.002295875648648627,-0.0021206372203852173,1.0004478088853883,1.0003050344279345,1.005420803665287,1.0050928155989516,-0.003317911178632016,-0.0027198728141511965
2779,17,5.528962135314941,3.300308284225403,3.83972814813575,0.6320672882538173,0.5669051916539277,-0.0022719144058568046,-0.002123653045729311,1.0003938594889137,1.0003367115291164,1.0053203816569982,1.0051200651994854,-0.0028684436566332734,-0.002682324358907749
2780,17,5.457749366760254,3.0982807232663623,3.420798062710318,0.6146666345420415,0.4865590684791011,-0.001963770301275854,-0.0020236618260993213,1.0002015694238975,1.0003130273686225,1.0047666155291763,1.0049739785799792,-0.002051731271741427,-0.002418516846645509
2781,17,5.364446640014648,3.4946100581850374,3.1603881055662213,0.30030150523035365,0.3889363101745039,-0.0017364200739946984,-0.0019277766947050612,1.0002825941669249,1.0002785808151287,1.0045731721349176,1.0048650884646984,-0.001992583702782235,-0.0021444784788410393
2782,17,5.532672882080078,3.2676068051348284,2.8982802317181813,0.2910906784141236,0.30009687874520186,-0.0017736942198740386,-0.0019190044720887418,1.0003463316430172,1.0002454327686643,1.004650392296652,1.0049257680629158,-0.00213936036798997,-0.001954926429105151
2783,17,5.190321445465088,2.176580963807535,2.5919483638972154,0.24180328283817665,0.22595345283802343,-0.002104845893806204,-0.0019978532341027714,1.0001653009472828,1.0002260626923718,1.0053222421379946,1.0051482263414742,-0.0017322441763988207,-0.0018772766333621158
2784,17,5.244594573974609,2.328942657070539,2.3153933963990996,0.1400868149017886,0.163212735079878,-0.0021436216778053046,-0.002108994744986564,0.9999577389973618,1.0002619099629695,1.005533491114065,1.0054223957965331,-0.0013112308495181872,-0.0019753679281686227
2785,17,5.133556365966797,2.579943519405399,2.0308946092013054,0.15078988144025748,0.1113233081615083,-0.00207491983735158,-0.002224951144453127,1.0006289711206353,1.0003556235025304,1.0053986741813767,1.0056849486593176,-0.002780736799069207,-0.002221048563351891
2786,17,5.223361968994141,1.2262108108156522,1.7172302962856623,0.007198118326534369,0.06657121904492536,-0.0025458058039501364,-0.002326384155655337,1.0004546881661076,1.000423543362923,1.00634259213957,1.0059009975561708,-0.0026304059602710404,-0.002393412157426213
2787,17,5.207242012023926,1.206330167495624,1.5031583521921932,0.06439703197464026,0.03186763798986389,-0.0024450159946880147,-0.0023636359006622373,1.0004457210071667,1.0004536813102314,1.0061001282074664,1.0059836608033166,-0.002493198778981954,-0.002429696813637203
2788,17,5.13508415222168,1.6736148542917106,1.3699900989593283,0.03769979516530482,-0.004132836214473412,-0.002264423598972093,-0.0023568041421049373,1.0003939486319466,1.0004679156200738,1.0057834727006778,1.0059837156900602,-0.002058695467345442,-0.0024032095108955935
2789,17,5.4396443367004395,1.7378049698865055,1.180404996431181,-0.11291196511422012,-0.043009121080227856,-0.002172114711879858,-0.0023650378891177273,1.000598914412893,1.0004816214694803,1.0057097979021767,1.0060129200519075,-0.0026017424134208785,-0.0023996935952545406
2790,17,5.325251579284668,0.46571945827255845,0.9243238153640247,-0.06632071084423981,-0.0748785147681115,-0.0025067922229411992,-0.0024060245729329984,1.0003740788569158,1.0004936593241824,1.006269543582654,1.0060977175753891,-0.002278529133949491,-0.0024075266498299773
2791,17,5.158964157104492,0.4950885958555593,0.7676109280854784,-0.07468028513390035,-0.10915448570333264,-0.0024821110290609194,-0.002432703698384322,1.0004945089356825,1.0005259386281895,1.0062208640875698,1.0061591782978236,-0.002352409304438185,-0.002442477541274484
2792,17,5.28851842880249,0.8171100021120986,0.742733837121788,-0.07619791573041178,-0.15524553692272391,-0.002414649522752887,-0.0024204524210650904,1.0006473852616267,1.0005666535976927,1.0060964244258017,1.0061568603939268,-0.002572390471124425,-0.0024854594362846596
2793,17,5.311850070953369,1.0779371216780327,0.7546329294159962,-0.32971695874497353,-0.20306644813934596,-0.002334774981956599,-0.002369934894943358,1.0006512586258838,1.0005897790436022,1.0061234832154031,1.0060812641845944,-0.002598586067330049,-0.0024825198148894514
2794,17,5.029029369354248,0.9004734590835192,0.7377999883712907,-0.2392686892520982,-0.2232470511837858,-0.0022976712997324214,-0.002281103353446249,1.0004816785047472,1.0005995405058394,1.0059441355279488,1.0059111157942036,-0.002357916072910068,-0.002411666868103165
2795,17,5.117597579956055,0.11356225206479985,0.7581662488711295,-0.19090888204549109,-0.22442805249326003,-0.0022307342408143635,-0.0021428239019314504,1.0006743838631516,1.0006177912010727,1.0057690585074224,1.0056373203723583,-0.002382228298589523,-0.0022934047852757084
2796,17,5.21673583984375,0.7439883000949388,0.910354583312327,-0.1460206083188284,-0.22880855132781325,-0.0019081227178638406,-0.0019544430738736487,1.0006730586465848,1.0006351352752445,1.005118176809818,1.0052774975020908,-0.002044930341294362,-0.0021470200294492667
2797,17,5.112371444702148,1.511264085205459,1.0640981781438343,-0.3376434410341317,-0.24115334232874977,-0.0018138648095129863,-0.0017434226875728928,1.0004901075076262,1.0006548288659665,1.0050912242384524,1.0048843516794463,-0.0018012955732501282,-0.0020092323915425563
2798,17,5.137949466705322,1.6441841630195297,1.0144416227198465,-0.2761908097165085,-0.24311224520306546,-0.001524763722664878,-0.0015350274170420947,1.0008587768871118,1.0006837985745378,1.0044986419504907,1.0044850628206947,-0.002416257660131933,-0.0018710871262610615
2799,17,5.041210174560547,0.051718524535527555,0.7528952864849443,-0.19063400081333276,-0.24573064819289556,-0.0013868485023380403,-0.0013742069571045059,1.0008647418286616,1.0006899974386367,1.0041479190905287,1.0041664142624405,-0.0019630156693674567,-0.0016896968667109089
2800,17,4.770819187164307,0.16642215847407504,0.4676219819689475,-0.1881099615637151,-0.27514777099205195,-0.0011327821541060722,-0.0013095932753138396,1.0002205982120524,1.000703266322445,1.0036609959984883,1.0040363386897149,-0.0002757382398768416,-0.0016178162786757806
2801,17,4.57741117477417,0.6907809924812928,0.12814766689854273,-0.3228090095010862,-0.33318532171169457,-0.0012131349634161362,-0.0013774343384074985,1.0008454869896624,1.0007865662046733,1.0038730831298772,1.0041636338954265,-0.0018437949766419296,-0.0018307270731397155
2802,17,4.731342315673828,0.0773834711809762,-0.41447696763029396,-0.5010918899305444,-0.38450407733076664,-0.0016740973670713029,-0.0015362778174879278,1.0012163367020666,1.0008496522710402,1.004776724429611,1.0044535175207365,-0.003181766910499373,-0.0020452069926568182
2803,17,4.694812774658203,-1.5364833126040487,-1.0852229100600759,-0.43530610243548634,-0.3926567164176945,-0.0018013046762970326,-0.001680865693869143,1.0007762553665525,1.00081359414979,1.0049184840809753,1.0046999144454594,-0.0019899544487202835,-0.001964705804097068
2804,17,4.5287885665893555,-1.9878192835089223,-1.620413126681394,-0.38902182075279995,-0.3662948485546261,-0.0018405718787280847,-0.0017516488953209356,1.0007068506416814,1.000734145127921,1.0049466865163532,1.0048068454851804,-0.0015984364024934034,-0.0017073619091154358
2805,17,4.918930530548096,-1.757801211638935,-1.9096179693456559,-0.3084989180407556,-0.3421966715636198,-0.0016878051530645382,-0.0017534754296565204,1.0005394854481924,1.000684149545183,1.0046965896892062,1.0047998223643262,-0.0010680129069090502,-0.0014932312677238282
2806,17,4.882798671722412,-1.74206279920105,-2.005459524508484,-0.31919667818226766,-0.36640459092466554,-0.001584956271920081,-0.0017291053485927993,1.000499289724212,1.0007101389569226,1.0045036220965327,1.0047666286155084,-0.0009501702124390233,-0.001466691298811639
2807,17,4.457634449005127,-2.1374849570781604,-1.9170268489466744,-0.4149474033176386,-0.4708749945750309,-0.0018097329125691013,-0.001693316554600002,1.0011270862512276,1.0007859251334474,1.0049318486662988,1.0047478200111746,-0.0023708056350339197,-0.001564926061042058
2808,17,4.438414573669434,-2.291407166354087,-1.5664842175346747,-0.4805811441479966,-0.662541705211356,-0.0016859526888802691,-0.0016144693528824128,1.0007855168271622,1.0008289813809548,1.0046593264597161,1.004698098240907,-0.0015504430855554812,-0.0015780387855633894
2809,17,5.128626346588135,-0.7677807685073037,-1.0019213280019286,-0.9828431890706683,-0.9064088824147027,-0.0014984420893690736,-0.0014979910279770065,1.0007588972097674,1.0008607226150037,1.004681221542874,1.0046135000367096,-0.0012587292436874735,-0.0015470027912279573
2810,17,5.313533306121826,0.34585443640943403,-0.5414279783451245,-1.3845595274525728,-1.1011924557557746,-0.0013205827742591764,-0.0013867794807091102,1.000813070785005,1.0009092069505168,1.0046353181670251,1.0044986221586407,-0.0013166432667735001,-0.0015522778501418444
2811,17,5.167598724365234,0.08137500085028389,-0.4130175132427738,-1.2144053925582359,-1.1795659895517574,-0.001261925422381165,-0.0013248752970414592,1.0010497133285634,1.0009547374384682,1.0043058700776486,1.0043897525092162,-0.001920508158942257,-0.0015511399085237614
2812,17,5.331048488616943,-1.43381961227585,-0.4774925016766306,-1.0093890042689888,-1.1809422999492099,-0.00129211472211956,-0.001328221572847944,1.0011907791750467,1.00094406237454,1.0040857484681098,1.004368618398605,-0.001900638857846328,-0.0014271034369436725
2813,17,5.945775032043457,-0.9876217092428492,-0.4298070840689935,-1.0819796491210794,-1.1664268189245934,-0.0013888162434345127,-0.001382152972284347,1.0007457894429668,1.0008697614671755,1.0043822352181468,1.0044753491437903,-0.000654855661852766,-0.0012122164075009268
2814,17,4.974651336669922,0.41149167371926165,-0.2941947313986311,-1.276432683267885,-1.1346471199738388,-0.0015094943150051408,-0.0014547328137718028,1.0007803152668717,1.000806991552791,1.0048916674251962,1.0046385242235476,-0.001128216378720121,-0.0010874016497879003
2815,17,5.37499475479126,0.3471481264951523,-0.29489783177124185,-1.1338287467203676,-1.054751169630365,-0.0013565312719425943,-0.0015179342733531304,1.0005568028097445,1.0008095042502807,1.0045244265160655,1.0047547612722472,-0.0005905292831777417,-0.0010972076672931923
2816,17,4.9349517822265625,-0.9613702014973251,-0.3971966356822292,-0.9124594174356044,-0.9459028290748995,-0.0017261028804968041,-0.0015498833718111619,1.0009940223984708,1.0008900690513354,1.0050853106246056,1.0047830082153126,-0.0016355900949918312,-0.00121235010571386
2817,17,4.836657524108887,-1.3639088456152837,-0.3353720333360034,-0.7688609373673398,-0.8637628901775434,-0.0017631079325914505,-0.0014942023721157694,1.0011523321360207,1.0009822485668238,1.0050559631550822,1.0046529456966624,-0.001682018607068707,-0.0012721184367657885
2818,17,5.063978672027588,0.6423163695934138,-0.08129934209198744,-0.7663734375743969,-0.8503624538807494,-0.0011391760997043097,-0.001367370971675708,1.000927756447833,1.0010501999694763,1.003992141854945,1.00441798537285,-0.000735400161872895,-0.0012595283120998679
2819,17,5.068953990936279,1.0927758878430012,0.03814787977384504,-0.9179074251427332,-0.9034174589285507,-0.0010086312154244353,-0.0012778103582555742,1.0010767118171058,1.001117486163253,1.0038597403959888,1.0042653757298636,-0.00108081361399631,-0.0012960119244875203
2820,17,5.094861030578613,-0.5939306364932286,-0.049978359318044355,-1.1045724423644645,-0.9839759140163065,-0.0014289735907210763,-0.001254454133103051,1.0012384682241218,1.0011764082554657,1.0045957714207951,1.0042336533881429,-0.001733305491301442,-0.0013371352896905274
2821,17,5.004885673522949,-0.8656864445158949,-0.033247344633066334,-1.0066442648433214,-1.061339955364145,-0.001325109959424788,-0.0012271791558919178,1.0013738704285795,1.0011996746269247,1.004258528432607,1.0042135616211167,-0.0016955175053507553,-0.001251754884578582
2822,17,6.073429584503174,0.03289399134967566,0.22967618617904362,-1.095930048304435,-1.1434109574459956,-0.0012120661801290034,-0.0011719108469018347,1.0010546497513095,1.0011934626301122,1.0042023103510263,1.0041908407103686,-0.0005856300403579318,-0.0010674471186757051
2823,17,5.204501152038574,1.4085236281432598,0.5234322706233029,-1.2800574282004713,-1.2255476314883091,-0.0009359498167306318,-0.0011175564682549379,1.0010649974106947,1.001219657718265,1.0039715882136342,1.0041996397512722,-0.0005348291579359556,-0.0009642433188535396
2824,17,5.086879253387451,1.274460671811694,0.5728424685660828,-1.35769989987476,-1.2877980201172439,-0.0010492957242677495,-0.0010988048615389679,1.0013755111565632,1.001297663672178,1.0042346375509887,1.0042620186897073,-0.0013099570775470279,-0.0009698363561708412
2825,17,4.972084045410156,-0.3007658322453305,0.4545387118001963,-1.3600438347359816,-1.331379834768803,-0.0012399615768927674,-0.0010864003918636264,1.0015142197816072,1.0013890702446435,1.0045781282682205,1.004319662828147,-0.0012916144845441654,-0.0009545211978026794
2826,17,4.779195785522461,-0.3736490187737433,0.5003500341417692,-1.3044075470351435,-1.3892087485156521,-0.00120187503308786,-0.0010316364337271226,1.0013235310518478,1.0014803811747222,1.004545667728107,1.004307801681693,-0.0005643680202431807,-0.0009002122547193695
2827,17,4.944783687591553,1.2947125853789876,0.7577213132911684,-1.4318429049203205,-1.502812637639663,-0.0007815114626696629,-0.000951097619832007,1.0016714468821544,1.0015950343222855,1.0039741791300796,1.0042720698881302,-0.0009428359796371408,-0.0009075125149925219
2828,17,5.110770225524902,1.406977573028224,0.9401741354237493,-1.5873887761977676,-1.6794246658336944,-0.0006359395432648444,-0.0009212205768681607,1.0017101095083465,1.001717815589752,1.003818101350879,1.0043402107281392,-0.0007301786603117978,-0.0009890053311391877
2829,17,4.972150802612305,0.7654326757800965,0.9136220010002811,-1.985216450285355,-1.885456087668445,-0.0012676822668929689,-0.0009487639968698478,1.0018619245330116,1.001845803680583,1.0051625516865077,1.0045102341955905,-0.0014582852191744658,-0.001116976842011666
2830,17,5.0536651611328125,0.6732196122957754,0.7413784253996555,-2.112054966334105,-2.0577269293562335,-0.000982334470589691,-0.00095408645930061,1.0019291628451032,1.0019815845066735,1.0046812154594484,1.0046291979846955,-0.001164885797698221,-0.0012066834858399484
2831,17,5.3612470626831055,0.5861813768823034,0.46911198821693867,-2.151009988068103,-2.165064082554398,-0.000931451703011958,-0.0009478913564187913,1.0021772088482983,1.0021281731866696,1.0046176673667777,1.0047338038864437,-0.0012943683292620405,-0.0012678068251597394
2832,17,5.316174507141113,0.5993353945571085,0.11545953004714749,-2.3820021503401416,-2.202975624039109,-0.0008401412293966391,-0.0009775808931679652,1.0022513460240277,1.00227579773118,1.0048201775400378,1.004926761696433,-0.0013306362983024325,-0.001327796215106074
2833,17,5.290019989013672,-0.9263580913034757,-0.22557287689717248,-2.14109726115228,-2.182268368040352,-0.0012315466575074671,-0.0010756626710470352,1.0023720501025444,1.0024247172300778,1.0054717577551466,1.0052666136448154,-0.0013423664191846538,-0.001419736070265952
2834,17,5.244277000427246,-1.0995781879670308,-0.3444397243854741,-2.029581983967706,-2.1703226255072003,-0.0014566759561937732,-0.0012395556932251273,1.002782518247716,1.002566478742246,1.0059877368709291,1.0057831066862242,-0.002208751434939297,-0.001573308513713467
2835,17,5.400954723358154,0.19800072611828237,-0.29579410840043235,-1.9810658247330004,-2.2235843309025336,-0.00047935405042135766,-0.0015271313613664985,1.0024901321343116,1.0026910750548446,1.004607764523603,1.0065849141263037,-0.000285702302484044,-0.0018466407501968873
2836,17,5.440746307373047,0.3683895343097076,-0.41277563548247953,-2.5729439406469186,-2.32585105017933,-0.0023378364024816216,-0.0019954714256621886,1.0026681596766835,1.0028413784441563,1.0086067759208548,1.0077008916665438,-0.002398730741976148,-0.002377657438205133
2837,17,5.575673580169678,-0.48477421700006995,-0.8596866750517778,-2.4631340531843335,-2.387299471346947,-0.0027705428093464856,-0.002393314063844987,1.0032918821625234,1.0029959364688765,1.0093469990259483,1.008582374310402,-0.004047343709845315,-0.002830422044667478
2838,17,5.447800636291504,-2.1797431190825245,-1.463047237833879,-2.4391242601092205,-2.3875055327101657,-0.0029390843928440344,-0.0025278506289264802,1.0032077895903873,1.0030823269975329,1.0096276007889278,1.0088833894869167,-0.003437598434302889,-0.0028452947773206327
2839,17,5.598574638366699,-2.520573974719542,-1.9184761351871424,-2.417920765269631,-2.3566926211309305,-0.0028615471243871485,-0.002396218138931519,1.0029049351833417,1.0031230706185161,1.0094668375950513,1.0086533564865665,-0.0023707067181326846,-0.002521574214979848
2840,16,5.560208320617676,-1.7381478986690764,-2.1829881633440404,-1.943874907349363,-2.354000981624691,-0.0003925686741739474,-0.00220507638921479,1.0032313963917918,1.0031896833772038,1.0048112240333693,1.0083253329386437,-0.000458838868235605,-0.00224814316186942
2841,17,5.7041015625,-1.7945043823755173,-2.440150245232531,-2.6016285031068773,-2.431052508143386,-0.002900163635829298,-0.0022083533288308425,1.0031462036759737,1.003294765963146,1.0097663498090519,1.0083899191997319,-0.0028673736786996237,-0.0022726055415737308
2842,17,5.516685485839844,-3.1148457718092883,-2.7301604009720304,-2.7118391522745258,-2.5293876874581467,-0.0029573884516311062,-0.002184606972555249,1.0035891955410932,1.003433582964409,1.009944826045585,1.0084115662028506,-0.0034130501098832166,-0.0023150642664262625
2843,16,5.623016357421875,-3.3931210075771476,-2.8769829278065893,-2.220077853259174,-2.6299707940699406,-0.00043370286474798855,-0.002063290879649261,1.0034975334624114,1.0035686390916998,1.0050464013449356,1.008261844866764,-0.00034513519336676335,-0.0022435936677271577
2844,17,5.4940972328186035,-2.609226928183242,-2.821011287661028,-2.882868794445462,-2.757096117346503,-0.002679335731086542,-0.001963198272780533,1.0037443305682683,1.0036969111694223,1.009524526012858,1.0081897013265613,-0.0030435967347975665,-0.002195867771650706
2845,17,5.4857707023620605,-2.506129581067823,-2.6789423605021305,-3.1901800986929256,-2.832493137520657,-0.0028777726822616966,-0.0016175522443816815,1.0038247917857055,1.0038101613440942,1.010153134151568,1.0076774079629867,-0.0031851311360459023,-0.0018781257763230482
2846,16,5.410871982574463,-2.6078766185599465,-2.5219953375868163,-2.6127667623969564,-2.818299148931362,-0.00025102710370798157,-0.0009794000051843719,1.003879698266656,1.0039117903129702,1.00510397483693,1.0066137075661812,-0.0006030191027862011,-0.0012436425664249483
2847,16,5.495954513549805,-2.7727109316367797,-2.352136686747429,-2.7817037202557957,-2.7914409235431656,-0.00021213617356050668,-0.00042888031296771476,1.0039590293019751,1.0040115631385211,1.0053288701276226,1.0057140065579104,-0.00012613197540407397,-0.0007066549454259417
2848,16,5.532286643981934,-1.6126291694852464,-2.2175441540633387,-2.8277395278508677,-2.79255432839514,0.00012264624047262021,-0.00020245647723872098,1.0041114112159775,1.004106059801314,1.0049077435193579,1.0053894932712921,-0.00022730753037363463,-0.0005408698281396112
2849,16,5.4770188331604,-1.746567338881456,-2.258814958105911,-2.798784618577088,-2.845549741320172,5.678586028754961e-06,-0.0003839980420761403,1.0042431629605633,1.0041730623605603,1.00510931741567,1.0057705768573084,-0.0006889193568531662,-0.0007599762121673812
2850,16,5.317599773406982,-2.8958147812544497,-2.4180314309858217,-2.7353277674705354,-2.980972342826884,-0.0003003026770791422,-0.0009065052802541071,1.0042670890645105,1.0041934461341042,1.005510379408694,1.0067523769960887,-0.00073810154973163,-0.0012269044921417041
2851,17,5.403998374938965,-2.7586776285333325,-2.4652739062135236,-3.3489294327026387,-3.1975042515869854,-0.002695248191351054,-0.0015046869581939108,1.0040909032452583,1.0041767072407373,1.010057146936323,1.0078818647197823,-0.0026775972105033932,-0.0017178624241722168
2852,17,5.443276882171631,-2.2707943024530324,-2.3088307924539273,-3.466151060244261,-3.423815539097954,-0.0018918929930222927,-0.0017880716019029127,1.0041773437358499,1.0041543524250491,1.008640899853389,1.0084380104082207,-0.0020796939843807497,-0.0019274059870833938
2853,17,5.5386738777160645,-1.944128436634973,-1.9919335286447586,-3.62052127637811,-3.62380905748249,-0.0018416591104001411,-0.0017305756278722824,1.0040912134519364,1.004136618886926,1.008596847058473,1.0083558490778783,-0.0018868591652567424,-0.001849625690409205
2854,17,5.662524223327637,-1.9826671588079017,-1.5658450482446993,-3.7613560839371347,-3.788302252050253,-0.0016276166843353097,-0.001451688517579867,1.0041113442116079,1.0041304297887654,1.0081196992732187,1.007844051597982,-0.0016792882095605962,-0.0016147916900180342
2855,17,5.7910685539245605,-0.8834371581931749,-1.0971535271545496,-3.861012540507454,-3.908355829191613,-0.00048116132526106745,-0.0011315638737623046,1.0041184069486198,1.0041278320309817,1.006061015737304,1.007232210834661,-0.0006542020518786835,-0.0013839089561155894
2856,17,5.87616491317749,0.1314866902062532,-0.7692524094331401,-4.170857647084263,-3.961926525813123,-0.0008507335767177954,-0.0009647071605382483,1.0040768387330583,1.0041099548710417,1.006839986764721,1.0068655420971022,-0.0012311283894427556,-0.0012826457614633728
2857,17,6.007672309875488,-0.9309413636427334,-0.6566331184875847,-3.9095938116678624,-3.926212777169359,-0.0012346671746786566,-0.0009374940384566109,1.0042663131709686,1.0040505539126827,1.0071716356252527,1.006725694329464,-0.002076066423730387,-0.0011983544799082785
2858,17,5.9067606925964355,-1.2649444748735683,-0.54492689946095,-3.7867537184045497,-3.841249137029918,-0.0010821593508893224,-0.0009697389986770767,1.0039210411405677,1.0039291958982937,1.0068055696040186,1.0067258073237535,-0.0010444192944252383,-0.0010124067835426858
2859,17,6.211502552032471,-0.2980112917662364,-0.2932356589498152,-3.5098533023412872,-3.7543063358153654,-0.0005501032683369778,-0.0010768132859650516,1.0038030754592757,1.0037915757875235,1.0058458158189787,1.006927037859807,-0.00023336491337653395,-0.0008872548498655042
2860,17,5.912189483642578,0.38055269505445394,-0.017044941902920635,-3.772782315877911,-3.6742696198994897,-0.0011477896031546746,-0.001292861122441652,1.003443455406125,1.003699021006002,1.007184678858225,1.0073668067683943,-0.00028012325946591497,-0.0010146795480230355
2861,17,5.946290016174316,0.4797129440229214,0.1404459608675947,-3.7941092370502085,-3.536223969809684,-0.0021356881651324036,-0.0014826718771338292,1.0036012090136337,1.0036950890897816,1.0090782199024788,1.007732011169257,-0.001979579049064662,-0.0013224670529478925
2862,17,5.605030059814453,-0.18811210489143715,0.19223195685471384,-3.4724875082624402,-3.308775142608897,-0.002211544989204415,-0.0014751058108365563,1.0039823746277317,1.003733659393187,1.0090946874490114,1.0076738175328306,-0.0028068060579994557,-0.0015013205070382486
2863,16,5.793446063995361,-0.12983677661286736,0.2617077443477449,-2.7293050331437643,-3.065676168256672,-0.000412755221870058,-0.0013600953070698823,1.0037932907271372,1.0037382123762693,1.0054460238420155,1.0073829755463073,-0.00047995701366107004,-0.0015039467274656799
2864,16,5.865692138671875,0.732379906302493,0.3426116421993563,-2.632634659407436,-2.9302028395796116,-0.0002439552845754794,-0.001452982324326077,1.003593373194009,1.003711857585217,1.0051811576813772,1.0074836916249157,-0.00019125273948457965,-0.0016927201162303793
2865,17,6.020591735839844,0.8369259899448018,0.30594924562498726,-3.1878368990925843,-2.9125832013094306,-0.0027198274312242522,-0.0017452339193754483,1.0035848214067677,1.003686367470545,1.0099551792571257,1.0079438931291858,-0.0029386955019064308,-0.002107496359345913
2866,17,5.957328796386719,0.028333997495853417,0.15480813351743727,-3.0901189048635938,-2.927901331789788,-0.002356911466477932,-0.0018625562304980243,1.0037382767385994,1.0036532411448953,1.0090594676022933,1.0080371654625802,-0.00306609890953735,-0.002315180767881792
2867,17,5.270201683044434,-0.35124624241315383,0.08276642097979925,-2.818348383382308,-2.9700805901371408,-0.0017844988860436677,-0.0016914088456989065,1.0037067700744737,1.0035690968965112,1.007581021123962,1.007590156992821,-0.0025155318342512858,-0.0020956139808283865
2868,17,5.4885478019714355,-0.23592101764820714,0.2478847874828058,-2.8730925144121335,-3.0946084106796015,-0.0010203911865886992,-0.0013645412096681055,1.003480127205075,1.0034217275843498,1.006088171659568,1.0069211644301015,-0.001246810464544514,-0.0015744794261197948
2869,17,5.830331325531006,0.9474527090561053,0.6079733015713468,-3.4226881718816293,-3.299243055563295,-0.0009133977085305167,-0.0010576859854392864,1.0030906697167856,1.0032580674617144,1.0061877274900677,1.0063578074085129,-0.0006142905793223684,-0.0010549694091966416
2870,17,5.682465553283691,0.9607491202320882,0.9481871338539872,-3.5712360403405174,-3.5041146148286995,-0.0009780530228351916,-0.0008267623368192961,1.0030784874833587,1.0031428872300945,1.0063207729896912,1.0059321973476667,-0.000669513586883633,-0.0007298825455526824
2871,17,5.250516414642334,1.1772083151577524,1.1249739562526941,-3.7299789686719294,-3.6566165568892854,-0.000656962790925562,-0.0006640269607353335,1.0030729467666428,1.0030857975899963,1.0056162776122073,1.0055828036126297,-0.0005000345278775889,-0.0006152770338686
2872,17,5.144874572753906,1.4225874113516823,1.031199051860494,-3.6619628434856852,-3.74279334650732,-0.0004110199551409655,-0.0005994580603336476,1.003058137795561,1.0030602779519937,1.0049881666364087,1.0053658195279294,-0.0005982812360242984,-0.0006612525769619294
2873,17,5.526410102844238,1.0391645060160513,0.6128027630165721,-3.8625257017509864,-3.7724929450646267,-0.0005922984730423708,-0.0006567432996345562,1.0031488767321601,1.0030298600356276,1.005268872909306,1.0053483120933235,-0.000983156283738182,-0.0007677302244307808
2874,17,5.519134044647217,-0.26652908473885695,-0.00780599907532345,-3.7224566049152443,-3.7413240531426672,-0.0008228684784172699,-0.0007879940875866632,1.0029671142277377,1.0029662208137269,1.0054647702578048,1.0054621788861626,-0.0009087670569710958,-0.0008208931224111002
2875,17,5.667308330535889,-0.9462325910145936,-0.5526782189114435,-3.6854284606892636,-3.666528146426089,-0.0010016305973991773,-0.0009102125589839156,1.0028567330278757,1.0028809124995708,1.0057074789819138,1.0055800009223763,-0.0008160213511471056,-0.0007812104633037712
2876,17,5.571494102478027,-0.99656368135532,-0.8276769926364167,-3.6364741792081827,-3.5681334135386806,-0.0010801102426393006,-0.0009542949921540157,1.0027870301992494,1.0027937786926238,1.0058284857188662,1.0055791316236047,-0.0007279285859590981,-0.0006596755582823223
2877,17,5.308712005615234,-0.829280255608373,-0.805110629706243,-3.3897265963121876,-3.4765699588789785,-0.000896629445055588,-0.000894924119436686,1.0026803785517264,1.0027161513683494,1.005387256673781,1.0054002959791501,-0.00039760268977495665,-0.0004919264326827959
2878,17,5.302351951599121,-0.5699494529617283,-0.5485134850864184,-3.3921688571788273,-3.439263995473532,-0.0008821426606840714,-0.0007566113867462669,1.002654390095111,1.0026520342435312,1.0053642705736097,1.0050771138440346,-0.0003429786550932714,-0.00033124672745260525
2879,17,5.680208683013916,-0.07047224221602609,-0.1456676217352377,-3.4739868610313405,-3.475563470932745,-0.00042434145415789104,-0.0005857377592448646,1.0025708727034641,1.0025928102348527,1.0043752396277568,1.0046842106891785,-0.00010310576724723701,-0.00020531366468731326
2880,17,5.346070289611816,0.1697504949796118,0.3124545469067954,-3.4927217934677017,-3.581098712451791,-0.00029380753509485654,-0.00045849931449271623,1.002588944807336,1.0025257879461493,1.004021635772018,1.004367953619725,-7.933622695455212e-05,-0.0001292786814701232
2881,17,5.453583240509033,1.0959973171578217,0.7457793663258463,-3.707707772620535,-3.739395537530461,-0.00037364345177361814,-0.00039430543715046097,1.0024827405858534,1.0024365998966172,1.0040847424919346,1.0041673648934726,-0.0001492960939969983,-8.116359171226332e-05
2882,17,5.416670799255371,1.2517799808044598,1.0613390572534969,-4.111483539853224,-3.9009893689734314,-0.0006593847760605622,-0.00034120483082916817,1.0022340387102382,1.0023345301546085,1.0047409902571247,1.0039706158499535,-9.07843637852972e-05,-1.9227320765156607e-05
2883,17,5.586549758911133,1.11754774932005,1.2885749660396528,-3.9938971739221727,-4.016010119225292,-0.00016683939397055714,-0.00025318886788150137,1.0022711180203394,1.0022413342404155,1.0034725051432603,1.0036737192478424,-4.895289813639559e-05,7.342372705434052e-05
2884,17,5.495085716247559,1.2037153536636267,1.5368692165778284,-4.0806444953577925,-4.1014849597043135,-5.291414560554106e-05,-0.0001832512339672809,1.0021437524969994,1.002151058683403,1.0031209611876248,1.003410291696694,0.0004658581858899332,0.00017341891696341793
2885,17,5.57070779800415,2.0983373341671956,1.8465454138905306,-4.210081673920594,-4.183152150717142,-8.34433912754206e-05,-0.00017154284713320905,1.0020720375530316,1.0020585628599041,1.00313266672468,1.0032876899548473,0.0002367535075127975,0.00023505526758249787
2886,17,5.648159027099609,2.224996929533658,2.152458224574992,-4.119733009315719,-4.280133970211004,-0.00020960837024049025,-0.00019971729446582358,1.002082198008765,1.0019598600465651,1.0031919245692589,1.003286010596881,2.7877625840982038e-06,0.000301076724554906
2887,17,5.354188442230225,2.4894362436341666,2.4516877245914173,-4.557258956911838,-4.405482119514253,-0.00037380885761366747,-0.00020978995960915106,1.0017765499508866,1.0018650217692868,1.003700549276435,1.0033012855894161,0.00039184900696876096,0.0004146442903891849
2888,17,5.256610870361328,2.4783880401029537,2.7897069195006035,-4.412642033812528,-4.534141894409062,-0.00016164733377735044,-0.0001536857415421394,1.0016789806082183,1.0018183569898134,1.0031461909349015,1.0032193709258335,0.0008037856942186732,0.000517982912229394
2889,17,5.675833702087402,2.949778816795585,3.2040997121568306,-4.663379950438991,-4.669066674932784,-8.283204332653405e-05,-4.08076381323148e-05,1.001889852473768,1.0018321511946637,1.00314812887149,1.0030482539049879,0.0005387627349363168,0.0005453565530664319
2890,17,5.60378885269165,3.981006895515061,3.607401684468993,-4.888893864794433,-4.783853239323636,4.336399308570629e-06,9.922430820903915e-05,1.0018619942821114,1.0018679358449534,1.003112228758293,1.0028130648919158,0.0004236458496304193,0.0005269427556260939
2891,17,5.470995903015137,4.190862485688399,3.8322007482417506,-4.914919206723875,-4.848516487172462,0.0003440968365619594,0.00021425762514591713,1.0019766509370072,1.0018938790716378,1.002395088491457,1.0025907005650763,0.0004043352529517051,0.0005067178666273207
2892,17,5.546395778656006,3.50622864526978,3.8449371388491405,-4.7667433687834455,-4.87325253546206,0.00034315028085676007,0.0002279571040959748,1.001959746392351,1.0018879359493758,1.0022105624877575,1.0025496406289254,0.00038574326470502924,0.00048500382072813304
2893,17,5.529947757720947,3.6839097247691304,3.7359193406419418,-4.785616667356029,-4.890510296269757,0.00034521388103853003,0.00010957108732741319,1.0018091164679532,1.0018615347638298,1.0022176187651333,1.0027888412402708,0.00080967420360739,0.0004106142723807541
2894,17,5.553704738616943,3.599289279482172,3.507771633666076,-5.103031057946893,-4.893816365443669,-0.0003476922269419786,-0.00010227353117692734,1.0017306374722477,1.0018527725379986,1.0038408590120367,1.0032290661294572,0.00034955740488720527,0.0002239390156598953
2895,17,5.789339542388916,3.8553666070896826,3.1249199205515867,-4.8329659661959665,-4.8500668178322295,-0.00022749414529854104,-0.00030071057742288564,1.0018461600993835,1.0018779281568593,1.0035375655755208,1.0036220567081358,-7.651982046908142e-05,1.6012848489754892e-06
2896,17,5.513406753540039,2.262699088481847,2.6380331481207775,-4.763876513123512,-4.786065461497457,-0.0006915371467587909,-0.0004353322403878933,1.0020577290848665,1.0019053386739591,1.0043530290830478,1.0038697008462198,-0.0007433847727352992,-0.0001105772989009868
2897,17,5.36146879196167,1.6883878661168137,2.313637545159473,-4.661194621608173,-4.738666894089119,-0.0004400455436242749,-0.0004738068269577178,1.0020002687807763,1.0018954953098944,1.003783035358805,1.0039380586120321,-6.187636004528876e-05,-3.510471627596567e-05
2898,17,5.541828155517578,2.0407970724629707,2.2986423206194715,-4.610822377064625,-4.729253985678248,-0.0002726758839711653,-0.0004610947081751247,1.0016585702338507,1.0018664737400917,1.003430671939109,1.0039356150191905,0.0008272953637610488,8.396422985077075e-05
2899,17,5.695669651031494,3.0172243455013703,2.473543980296502,-4.8770862671491475,-4.740990373799021,-0.00045601478610755023,-0.00043638352893100293,1.0017932179816602,1.0018674559524048,1.0040878820473838,1.0039162794788183,0.00022105530328534844,0.00010257987126527552
2900,17,5.459794044494629,3.136906208802151,2.624006128542205,-4.881317817779678,-4.721960096489936,-0.0005509196172059069,-0.0003743908478392317,1.0020631244793385,1.0018806610267619,1.0042677822361705,1.0037655302697033,-0.0006070634719856237,0.0001336056550772763
2901,17,5.584461212158203,2.3447969980082353,2.737332120605558,-4.6227005038325855,-4.668819106122458,-0.0002958795519956174,-0.00025544345387969517,1.0019378819170102,1.0018617189530021,1.003521455178012,1.0034257228813457,3.553553632719676e-05,0.0003288768708495162
2902,17,5.653975963592529,2.317328918929211,2.986364623360702,-4.408192177956575,-4.639491629070869,-2.5886777835242904e-05,-0.0001245365864763317,1.001663589508079,1.0018281529362956,1.002639049678543,1.0030311673482881,0.001265710834520074,0.0005751790894670482
2903,17,6.384795188903809,3.944325145840443,3.400530073668393,-4.758896171532765,-4.670745488879561,0.0001653652808098777,-4.690474210510413e-05,1.0018821483037006,1.0018246943080333,1.0024396787035255,1.002758047473475,0.0008526570383092976,0.0006560122607823669
2904,17,6.437337398529053,4.4612768400417755,3.7966304927946948,-4.853065915783148,-4.725538902960331,-6.334598240689139e-05,-4.18390100823127e-05,1.0016906210649161,1.0018522561015628,1.0027328753550238,1.0026354691804706,0.0005904991144128346,0.0005750736943248729
2905,17,5.9933929443359375,3.8564250719947313,4.157146260093374,-4.7659476773360945,-4.785021808577665,-0.0001592459551868091,-5.5893184671722726e-05,1.0020146690903273,1.0019034576575772,1.0027233769705837,1.002568227810137,9.44181276434651e-05,0.0004559426445696168
2906,17,5.715373992919922,3.845625852607697,4.689147620087708,-4.715194863527497,-4.8752879890401735,-0.00019563462467029648,-3.407856293544004e-05,1.0020125868977001,1.001934163733575,1.0025871150918069,1.0024790502938437,0.00010511036830282776,0.0004131804659836913
2907,17,6.46903657913208,4.983912590153513,5.484673308688106,-4.948557226450046,-5.012959996163392,7.051614955336496e-05,3.0253665014597124e-05,1.001880351725158,1.0019300269528753,1.002261642028359,1.0023571807165146,0.0010123360043378508,0.0004205262553927518
2908,17,6.44118070602417,7.594355292874377,6.294067251444233,-5.451592972263721,-5.155245587521256,0.00023651061181696569,8.516553211457751e-05,1.0019103544844092,1.0019077268016703,1.0023067975630833,1.0022326729838524,0.00036534589866757763,0.0003666287139323991
2909,17,5.84510612487793,7.542154993640193,6.743815827866721,-5.231088527308225,-5.249182882649906,0.0003018479032993014,8.959502225530866e-05,1.0018532963876114,1.001875236298296,1.0017717696027488,1.0021206654529848,0.00025351024963724006,0.0002979137840636093
2910,17,6.3035783767700195,6.263471139805511,6.8905284666530315,-5.2919637476369275,-5.327354735526656,-0.00035930094941963607,6.99195326595905e-05,1.0018400524402709,1.0018357058593974,1.0027350248994025,1.0020234221751414,-0.0001242021711488464,0.0003026135014217844
2911,17,5.9748921394348145,6.272507577689988,7.103269090093551,-5.167455295893609,-5.436657527195091,0.0002344830103885707,9.989104712080034e-05,1.0019301130220724,1.0017856649348647,1.0013091987239526,1.0018908735232108,0.00029628445951627026,0.00042084502932630515
2912,17,6.304811954498291,7.39258318806103,7.552277799216302,-5.752430537192564,-5.589658960036502,0.00019175474498605254,0.00014665823158234708,1.0016108301808735,1.0017328796575835,1.0018122618127496,1.0018209826642712,0.001075570245073658,0.0005449949659486134
2913,17,6.268051624298096,8.643105068952886,8.077711676476122,-5.8573102102539245,-5.721982349463335,0.00010303347852035525,0.00019067880952251812,1.0014794663424011,1.001722528118712,1.0020958464014416,1.0017790362696304,0.0009114829419143869,0.0005353629493011597
2914,17,5.764074325561523,8.717086562511419,8.447025886297293,-5.838248572317054,-5.809287420609632,0.00023850645258304942,0.00023053740943013238,1.001881276480663,1.0017539829046425,1.0017952500791267,1.0017055654070957,-4.3632594231177e-05,0.00043842819725582554
2915,17,5.725040912628174,8.410333973989648,8.615448227429088,-5.62977296998999,-5.885023116211181,0.0004343252600293312,0.00024140593084908513,1.0020629499828078,1.0017509380869882,1.001101750863495,1.0016475881036024,1.594872440457111e-05,0.0004211590344129267
2916,17,6.597888946533203,8.558525157233628,8.654642951246755,-6.171673856198905,-5.981758758915768,8.264127766464155e-05,0.00021009563742815154,1.0014559422715406,1.0016855680379273,1.0020659873580742,1.001661530150216,0.0010707978566728317,0.00048812868402983223
2917,17,6.782776832580566,8.847285916488085,8.583413282756657,-6.004138152727746,-6.064742655722645,0.0001498141057230467,0.00017798728385783765,1.0016001593492772,1.0016259118597486,1.0016546311191126,1.0016620101493896,0.0004728329576280793,0.0005151579910108748
2918,17,6.751612186431885,8.453794902149722,8.394093810117937,-6.148992095290522,-6.131792981579829,0.00015566707928316503,0.00016119098659589,1.001569510856918,1.0015934334217547,1.0016140302254646,1.0016420104380026,0.00035335202628514797,0.0005200196491147752
2919,17,6.831006050109863,7.929442147310499,8.155841405534455,-6.198763865795804,-6.178283436006383,9.81813210735307e-05,0.00015712666222204207,1.0015251162352412,1.0015824162426206,1.0017582251220485,1.0016211591855666,0.0006858485232619075,0.0005397417613648475
2920,17,6.64362907409668,7.800644673509412,7.958778324451831,-6.1179101969079,-6.20175903608445,0.0002524444261179433,0.0001549836672711608,1.001759746241929,1.0015736507063533,1.0013823222268743,1.001620364179891,0.0003745159049439584,0.000568695442484566
2921,17,6.552451133728027,7.934484590267931,7.817382369974532,-6.2551902237863946,-6.200825011445047,0.00018527217319635892,0.00013324524520425977,1.0014448461163645,1.0015430898646107,1.0016023891796753,1.0016814674504395,0.0008288416013579028,0.0006177588250484134
2922,17,6.522496223449707,7.986257008100676,7.689828696561806,-6.297955520478818,-6.154204344802959,6.298474195434187e-05,9.972379696191472e-05,1.00158046321349,1.0015116470881467,1.0018781345301022,1.0017778484539073,0.00037214183662027755,0.0006657369530811224
2923,17,6.376808166503906,7.242841760399123,7.581100714013687,-6.09990674905308,-6.062027254808917,-7.90406163124057e-05,8.284464701685517e-05,1.0014349157187281,1.001489523910802,1.002159525684344,1.0018481194471776,0.0007217082416645662,0.0007189129552141449
2924,17,5.961150169372559,7.266140542454278,7.570209813791189,-5.7472021935176105,-5.975893882231702,0.00019412140166642257,9.107126745327153e-05,1.0015657830930609,1.0014963273398123,1.0015490891452137,1.0018800399464431,0.0007760114737340145,0.0007094780209107246
2925,17,6.170841217041016,7.940784156144864,7.628855289004971,-5.990787774086762,-5.951824365605922,0.0001386922646853832,8.783317307535935e-05,1.0013521432361283,1.0015455390718504,1.0020084251308095,1.0019395520707135,0.001169546582607405,0.0005532382367377068
2926,17,6.018543243408203,8.173902066009745,7.628785041272167,-5.959171592648011,-5.977940099551656,0.0001967738161864922,6.128684994608971e-05,1.0015790437066234,1.0016534825085408,1.001848407912836,1.002015353168353,0.00025867426000100393,0.0002366667370438365
2927,17,6.416717052459717,7.1479316786744,7.560084444681643,-6.0190695123624725,-6.034740455369936,-0.00022576047069816288,3.4970644144871054e-05,1.0018185192718114,1.0017746852037477,1.0024483542027456,1.0020778321212782,-0.0004972983050842672,-5.0874441098032165e-05
2928,17,6.4060378074646,6.9261973676600705,7.580946135133722,-6.153356362266171,-6.098560725226007,-0.00020577611756960487,5.977622995473054e-05,1.0021850415577354,1.001827776990529,1.002498657588348,1.0020779485383848,-0.0009961490143929367,-9.872888314894478e-05
2929,17,6.483738899230957,7.975184063036975,7.714216767419754,-6.047971454240303,-6.1436167335211405,0.0005460585239850858,9.570527682688994e-05,1.001769598965054,1.0017668489680578,1.001144582337655,1.0021012570881633,0.0007042447320576172,9.678179106183218e-05
2930,17,6.134424209594727,8.268800695467277,7.76699157844564,-6.35415276260807,-6.152570244826268,0.00013199855890400932,3.462426734150844e-05,1.001448028797907,1.001660861722292,1.0023507921114618,1.0023191383397332,0.0007774868673501973,0.0002721546647188539
2931,17,5.807325839996338,7.78799368250861,7.616102915925423,-6.118276588970977,-6.0988125965957565,-0.00018345739584065338,-0.00010518376807304131,1.0016085378305115,1.0015904871532604,1.0027916357914903,1.0026422621053057,-9.764133582864754e-06,0.00032221459586802054
2932,17,6.264967918395996,6.923772809820624,7.3325197131465645,-5.911010402941364,-6.014153162856988,-0.0003867259136782394,-0.0002459931569941411,1.001562330524576,1.001570283235626,1.0031606487722287,1.002929624734388,0.00022915960486304712,0.00032256509552179493
2933,17,5.969466686248779,6.964254381436104,7.051310869762978,-5.897422721931655,-5.944710485153736,-0.000347694206711242,-0.00033905937086291065,1.0015225668968075,1.0016031455018242,1.0031133704348023,1.0031098928122573,0.0005863013711429613,0.0002729074679352913
2934,17,5.955358505249023,6.960934506131251,6.785805528868223,-5.904276981426323,-5.901879118013956,-0.0003250861308421544,-0.00038709086546690754,1.0015204696263595,1.0016844333683,1.0030825721789256,1.0031970437244577,0.0006165898727995036,0.000141630411587963
2935,17,6.163788318634033,6.799640906499392,6.503169762754873,-5.954831069716952,-5.873843159120501,-0.0004623114456557503,-0.00040165699883714523,1.002095509445779,1.0017695818505372,1.003377098299829,1.0032151182308926,-0.0010655127503043068,2.9443727174576287e-05
2936,17,6.038272380828857,5.690883005095189,6.243748200778495,-5.850948465168176,-5.852176834344938,-0.0004403255518738873,-0.0003797839869075415,1.0019046231734132,1.0017803660986233,1.0032573557795734,1.003164273585627,-7.881129180794203e-06,0.00012903849918319152
2937,17,6.333430290222168,6.045250573025955,6.11186861452532,-5.777683157498671,-5.8542869086481035,-0.00021525078469198896,-0.0003376203143716325,1.0015932387512936,1.001738855237469,1.0027911060585115,1.0030943593649804,0.0009055320719356046,0.00031255741607199384
2938,17,6.352749347686768,6.193827418733523,6.052607095199085,-5.905914578164744,-5.897620300130207,-0.0003031604764031355,-0.000305996184566392,1.001549303810375,1.0017215211081116,1.003090397990776,1.0030742426971524,0.0007224117732668686,0.00036761239722626747
2939,17,5.9392290115356445,6.268917773239139,5.956815145772006,-5.90757634382293,-5.976175488195951,-0.00033533319413016214,-0.00028204595474949206,1.0017870672302143,1.0017557289893955,1.0031641308680554,1.0030865258568022,-0.0001306072656102758,0.0002843297399660724
2940,17,6.195007801055908,5.076017096606894,5.7795745114253,-6.106559729224831,-6.0749896153869285,-0.0002773863200680865,-0.0002567489312378702,1.00194801915452,1.0018061126718145,1.0031614187167817,1.003101398714263,0.00021462566634392066,0.0001766426230166983
2941,17,5.833235263824463,5.927256470021733,5.532372291069679,-6.169042622163229,-6.160026016309496,-0.0001886140118292406,-0.00023976129484214485,1.0018314946238949,1.0018452366331796,1.0030425669989165,1.00312021174875,9.488624758509163e-05,5.481065540241618e-05
2942,17,5.973520755767822,5.718329322885926,5.061258646456979,-6.23224845384895,-6.202435263741204,-0.00015805278765864596,-0.00024741523355068575,1.0017538382852917,1.0018920576135517,1.0030331732719948,1.0031632774010428,0.0002108343027045992,-8.919848707006998e-05
2943,17,5.6608734130859375,4.410525655224333,4.3387095850313,-6.204181710665618,-6.181225094074467,-0.00032316393194563195,-0.00027373848597867585,1.001960135970178,1.0019611219946596,1.003323348643247,1.0032197704641606,-0.0005442444658195326,-0.00022307570018670846
2944,17,5.723769187927246,2.9341698427808227,3.5876795681473723,-6.177158841072697,-6.0876754092941106,-0.0003411843438776254,-0.0002838149237429415,1.0020793483873025,1.0020211249338526,1.0033382753946745,1.0032390901893278,-0.0002995058797196589,-0.0002409769531425482
2945,17,5.80170202255249,2.710536241936533,3.0540886454807175,-5.8866609859018215,-5.930479555959767,-0.00042008119808540164,-0.00025665449651136396,1.002185257251945,1.00203407797854,1.0034265957973938,1.0032026998596923,-0.00040375867733853914,-0.00012427728377508996
2946,17,5.734703063964844,3.073194129071434,2.745917553645699,-5.721572139647403,-5.746185008396244,4.380940289547761e-06,-0.00020770375939861834,1.0018702852803287,1.001993523608994,1.002761456857579,1.0031517544873634,0.0004787878038703723,7.676380708243337e-05
2947,17,5.517643451690674,2.8255434741081737,2.5315559784631523,-5.507475575863671,-5.56232821660259,-0.00011653788604346295,-0.00019324010820667546,1.0019266213139724,1.001937215576787,1.0030218308601813,1.003176823176761,0.0001838603731036626,0.00024857015818533184
2948,17,5.730399131774902,1.9103582191260906,2.3838835484026744,-5.465884620266414,-5.390125589056127,-0.00038357802741965864,-0.0002065423088455697,1.001979777882333,1.0018737641548991,1.0036079945235856,1.0032450762319698,0.00012470075981962006,0.0003818076541526498
2949,17,5.593759536743164,2.326177889567621,2.362556015809392,-5.162211259625266,-5.226569514591828,-0.00015360058056601935,-0.00021221472746960163,1.0016947474051014,1.0018068005590515,1.003186104181959,1.0032693237478894,0.0009388172985583525,0.0004573249693057367
2950,17,5.45974588394165,2.922667732539636,2.392673594204881,-5.1314940914711045,-5.08366361365799,-0.00015438368936482932,-0.00022193019892912592,1.0016892530089507,1.0017646875571016,1.0031827244451026,1.0032621374652375,0.0005134029074175009,0.0004059027492240467
2951,17,5.358012676239014,2.320446237300457,2.392913996781278,-4.881466752811969,-4.962209283516552,-0.0002717831700095106,-0.0002366819838033322,1.0018341641183035,1.0017407375937435,1.0032133358687465,1.0032315218975274,-0.00016225031191878948,0.0003069942890508409
2952,17,5.353484153747559,1.9817215457913449,2.4518726916228926,-4.881559358966419,-4.866915308620381,-0.00031832921487871157,-0.00023273289937930257,1.0017774680690428,1.0017013791292264,1.0032927985003144,1.0031501415914685,0.00014871490097697048,0.00027656818162722285
2953,17,5.727822780609131,2.5488228898599647,2.6380961118025077,-4.825863320540187,-4.780237916614675,-0.0001368941509032287,-0.0001999150253196723,1.0015945034131217,1.0016450286340124,1.0029019866942426,1.0029899181328836,0.0006414108745962308,0.0002686959611682185
2954,17,5.7033514976501465,3.0626745292260704,2.846137267038003,-4.777398216662936,-4.686509172213864,-0.00017092238110179414,-0.00015506600108387407,1.0014489666129958,1.001599868580202,1.0028912115882342,1.0027626520809558,0.0005205768608301183,0.00018454818838730335
2955,17,5.631654739379883,3.467622270048648,2.918879730032669,-4.5184032832651475,-4.5938818856794335,-6.559343260523876e-05,-0.00010284004470198645,1.0016945948502718,1.0015714229541919,1.0023791512172917,1.0024739264731755,-0.00043463393705285444,6.516831757654679e-05
2956,17,5.469661712646484,2.4943583155287032,2.8091142220979237,-4.601798843549333,-4.53805147004948,-0.00015600670808854812,-4.4836893580342766e-05,1.001582302568751,1.0015213898649116,1.002434769288364,1.0021567010513486,-0.00021209514780710622,5.1893561890156215e-05
2957,17,5.022560119628906,2.3983905551654563,2.643598952637664,-4.300677643328292,-4.542488392213123,0.00013133119649775965,1.9044131994938155e-05,1.0014899276719365,1.0014451283488972,1.0014405395651267,1.0018464963525338,0.00031512746669158453,0.0001252090571947629
2958,17,5.433269500732422,2.485299238493345,2.466889400650838,-4.655190235117167,-4.624637302889433,0.0001034277761462839,6.43397804220584e-05,1.0011717317264166,1.0013727570101012,1.0015609113778892,1.001629135776751,0.0007285963353293031,0.00015157339614782034
2959,17,5.836347579956055,2.674250620067363,2.2122423240275135,-4.937776372251872,-4.7248226455077225,4.591057492688038e-05,0.00010002455250885458,1.0013827209710875,1.0013382740751018,1.0017038639244324,1.0014652888869042,-0.0001892810285795478,9.0862569860102e-05
2960,17,5.5543036460876465,1.8994125261191521,1.8353356042184177,-4.849425569019028,-4.789850375369107,4.079089791468572e-05,0.00015377202688300032,1.001414933744304,1.0013151427453886,1.0015350156872787,1.0012762941424362,-0.0003741784394809619,9.226472351935976e-05
2961,17,5.22898530960083,1.2674667587629225,1.4497955860345721,-4.77520812365041,-4.8437157033011085,0.00025198865984584244,0.0002294119605145623,1.0012114520644066,1.0012826887007855,1.000936947372381,1.001077372889168,0.0003274958912168626,0.00022318946733473896
2962,17,5.078256130218506,0.790005391370545,1.2127436444905555,-4.815177420160908,-4.941869961997701,0.0004058393921968802,0.0002904365318055187,1.0012549152967352,1.0012511655637995,1.0006588432615122,1.0009778305793886,0.0007298468520000332,0.00038083400982182633
2963,17,4.779276371002197,1.345388521300283,1.1867369173158255,-5.183973046685303,-5.110020659961855,0.00026903797533476214,0.00030876446698883166,1.0013245397669523,1.0012149259398875,1.00115625836575,1.0010322604623645,0.00010481690204128433,0.0004898639512559449
2964,17,4.711567401885986,1.1481561134782405,1.2849007874832525,-5.236184337860344,-5.330272174247037,0.0003483563874690376,0.0002950833241003066,1.0010977779624306,1.0011733561438636,1.0010463656478463,1.0011826386029818,0.0009018705839105344,0.0005714532300842704
2965,17,4.719671726226807,1.5446882819587069,1.4281074927697766,-5.700483194374531,-5.591747185573483,0.00020361556547032704,0.0002607011994802356,1.001199410861002,1.0011587960727975,1.0016120784178126,1.0013753306794126,0.0003142518294183359,0.0005685977015644845
2966,17,4.825639724731445,1.3722889889309633,1.5125014239602346,-5.651206670076324,-5.865967072546662,0.00033892924914800645,0.0002274911124002953,1.0010082876976796,1.001189736024082,1.0012042801921759,1.0015399067213886,0.0010294119063077214,0.0004863671379182606
2967,17,5.361468315124512,1.6608415055832542,1.4514931910779463,-6.341944542118279,-6.136061866717334,9.833607246880767e-06,0.0002114656385750717,1.0013717832122582,1.001276264627233,1.0021233301460677,1.0016492550120557,-1.1158934060635538e-05,0.0003163236318517382
2968,17,5.212590217590332,1.6690225795334406,1.1366284063081045,-6.447383573647204,-6.33556362015322,0.00024332684015552003,0.00024623123071935857,1.001369858522348,1.001375238202314,1.001737377531763,1.0016177887970688,0.00016341843763939255,0.00019377283052502174
2969,17,5.258883476257324,0.6036126720427303,0.5642909643828824,-6.427274821351136,-6.458629840264659,0.00032887988549221587,0.00030637088755529123,1.001514791580915,1.0014593585870615,1.0014106024028975,1.0015018441027226,-0.00026643365132809145,0.00018839208281160077
2970,17,4.706264495849609,-1.0978415313572618,-0.06384920710778097,-6.474147618134105,-6.552929482679654,0.00030338255655546533,0.0003502104640922008,1.0015595109036295,1.0015123818048832,1.0014191431929103,1.0014316651326283,0.0005330675641431224,0.00029230323237386385
2971,17,4.768820285797119,-0.18064777873412255,-0.5803221485304538,-6.550962726138699,-6.657859273440287,0.0006642356847945623,0.0003393274829226817,1.0015292009929022,1.0015409541562672,1.0008034763802485,1.0015152876379085,0.0007354633523299967,0.00036026579406378583
2972,17,4.988195419311523,-0.5619670396699437,-1.1532527240573152,-6.894563852468578,-6.771912069522356,0.0001570366852511675,0.00024953464183771995,1.0014955303661515,1.0015725255797516,1.0020803986201046,1.0017842044880427,0.00038782942013287,0.0003290284669439206
2973,17,4.715561389923096,-1.5068473710059789,-1.8482537752031933,-6.928455532225223,-6.858727997841083,3.981884519056147e-05,0.000161359864377453,1.001626565218847,1.0016277869135872,1.0023249085009251,1.0020383169908094,-0.0003722645474541582,0.00029761213828141984
2974,17,4.764216423034668,-3.5084009214138425,-2.455252852341333,-6.871483173437706,-6.921929196255625,9.535400803013376e-05,0.00014094807833529242,1.0017074035079776,1.001699077765795,1.0021704075822202,1.00214390265522,0.0005611748168216169,0.0003589278868441497
2975,17,4.591521263122559,-3.351540042513922,-2.6832393357842905,-6.875920799650286,-6.996679685411207,0.00019863875363498914,0.00019813022506948196,1.0018139381925764,1.001772250392384,1.0019865836586928,1.0020996144029501,0.000795990879460705,0.0003865856686312238
2976,17,4.797212600708008,-2.014890552503453,-2.6513629255565183,-7.183173404600013,-7.0951947131299615,0.0002705881843686334,0.00031533069674661034,1.0017152672696636,1.0018398712405459,1.0020869809852793,1.0019292617428375,0.0005420548416810801,0.0003039904623944463
2977,17,4.476198673248291,-1.971584764372227,-2.7616206885855616,-7.305238619696821,-7.188760380397954,0.0004228952650386254,0.00046702831291202764,1.0019269764937806,1.0018993474612148,1.0018923822515227,1.0016317652730387,-0.00025474197362763723,0.00022432651247405834
2978,17,4.668955326080322,-3.127867192934395,-3.1752072243174894,-7.227077385942626,-7.280020879288834,0.0007762796974896847,0.0006075708299384042,1.0021868803962461,1.0019096752152363,1.000920539472467,1.0012765507816652,-0.00025434433105749396,0.00033947350056327905
2979,17,5.396538257598877,-4.1810288740468815,-3.6987511711133827,-7.3310197727989275,-7.417916149949479,0.0006019308321395535,0.0006862659992447431,1.0017033873994137,1.0018541251814728,1.0011452394702467,1.0010114963169745,0.0009877758320385838,0.0006309669082504073
2980,17,5.084985733032227,-4.324948904555329,-4.08937207394353,-7.583008714398991,-7.6355322524745795,0.000685217224852221,0.0007025694241208037,1.001725783752793,1.0018066187007824,1.0008797722986822,1.0008904310903313,0.0011501710686485256,0.0008500976441582738
2981,17,5.100183010101318,-4.298536624386633,-4.284427765193813,-7.852257743673919,-7.927004867052679,0.0009074808869096045,0.0006411025723657244,1.0017009468092128,1.0018079911145772,1.000394823622635,1.000979320289232,0.0013997844398265069,0.0008416569347842926
2982,17,5.291525840759277,-4.184967141124356,-4.345906538681219,-8.30691861708681,-8.254182454615142,0.0004013727910247056,0.0004965133643636022,1.0019278777815501,1.0018486401544997,1.0014495390740608,1.0013007197412378,6.772931620426317e-05,0.0006344781378697981
2983,17,5.050190448760986,-4.89926097137795,-4.347519651858471,-8.544058637856153,-8.552732805479295,0.00021292133099479042,0.0003468246259454615,1.001885855520821,1.0018812980990373,1.0018999519963916,1.0016848358743107,0.00047514697262944803,0.0004299848181670218
2984,17,5.123770236968994,-4.087741380293254,-4.357386647261178,-8.863238639229294,-8.769134092012955,0.00027948444102781007,0.00024892097264113183,1.002036979959537,1.0018769434579438,1.0020168206426334,1.001980779591776,0.0003276323360221426,0.0002877942057073576
2985,17,5.214312553405762,-3.6937712653766965,-4.599967677694846,-8.926198908015268,-8.859545435250801,0.0002691770323254562,0.00020719052277899094,1.0017479177251243,1.0018288989822859,1.0020798955193704,1.0021290717318443,0.000275254250149664,0.00023821771678562
2986,17,5.396008491516113,-5.031105652776349,-5.175836719435596,-8.94140289350685,-8.81792660185778,0.00012429208499614345,0.00023028221784350203,1.0018255845906077,1.0017796732505109,1.0023618949536193,1.0020974215017509,-0.0003785594127859427,0.000332616278731247
2987,17,5.432986259460449,-6.528086067439663,-5.836538516575733,-8.678358662137379,-8.67997093249819,8.198389946507527e-05,0.0003419264558783806,1.0016825757127161,1.0017616311247146,1.0022908656497087,1.0018621578138573,0.0006101534806500401,0.0005781830396963726
2988,17,5.148326873779297,-6.774652208307699,-6.264684858874184,-8.370864540906892,-8.52897087564081,0.000734410964854751,0.0005131606725536408,1.0018025681569687,1.0018090509269004,1.0010849374998,1.0015215810760634,0.0014510641281945968,0.0007462546889136401
2989,17,4.986935138702393,-6.135181986178056,-6.409230968009507,-8.363345482135827,-8.444420270424033,0.0008681432429702384,0.0006371787556897164,1.0016620598381576,1.001932764229642,1.000827265836279,1.0013037572351695,0.0014032811646911387,0.0006198373202788015
2990,17,4.7459025382995605,-6.093922793957053,-6.430872380406154,-8.424826113494545,-8.443534854202209,0.0006084905979155019,0.0006824883078319832,1.00226377245166,1.0021107575142933,1.0013875826806151,1.0012791533253769,-0.0006163226429521729,0.00029891187825359963
2991,17,4.815637111663818,-6.877570484015695,-6.407451447899307,-8.496421982412848,-8.499469302135509,0.0004963871730820542,0.000711695977836171,1.0024750836837466,1.0022386968420143,1.0016661912619063,1.0013218323529331,-0.0004511858326550187,0.0001386827196635449
2992,17,4.939059257507324,-6.500369425645153,-6.313064582889075,-8.634148355535615,-8.571189515706779,0.0008808190536873585,0.0007617441036291967,1.0022171777128506,1.0022648434495982,1.0012003561586007,1.0013338671871022,0.0008854797405126201,0.00017992726107120418
2993,17,4.819638252258301,-5.812483590183279,-6.276692770657279,-8.673237780506192,-8.620460434221352,0.0008147126675706001,0.0007961823622546927,1.0023343448913085,1.0022318840103732,1.001354036437152,1.0013388650576158,9.663313049477529e-05,0.00023163361670566006
2994,17,5.359274387359619,-5.624523698542933,-6.49429461642856,-8.662133701518298,-8.635836418817439,0.0008375526335664126,0.0008031377962596387,1.0018722413165992,1.0021959963750795,1.0013219697409663,1.0013453361847082,0.0003641506079237696,0.0002880000548280426
2995,17,5.123437881469727,-7.311494725237699,-6.937743783934912,-8.61867460487942,-8.632629449576767,0.0007701207214516071,0.0007908775265829178,1.0023486763474914,1.0022182803967954,1.001358910330757,1.0013534026048705,7.3153040276916706e-06,0.00036384933214736573
2996,17,4.9659342765808105,-7.876338224109465,-7.27318381468501,-8.62300577888718,-8.638638321205821,0.000721180045838314,0.0007792601851887954,1.0022351117646973,1.0022699589312705,1.0014498620159946,1.0013570568934331,0.0005864787912508964,0.00045680098158851364
2997,17,4.883204460144043,-8.136122692174624,-7.2762174955919345,-8.575407766859598,-8.677657295404952,0.0007096970918847936,0.0007787068802463968,1.002228200616287,1.0023370190000378,1.001398344607187,1.0013584269010793,0.0009497488181541172,0.00045815635045409346
2998,17,4.854660511016846,-6.696513766270978,-7.045047009818365,-8.670058169845001,-8.757619773184244,0.0009002799973794629,0.0007711314137142032,1.0026455666711802,1.002394783136228,1.0011133495991273,1.00139651028685,0.00027253938983479154,0.00031784284035421453
2999,17,4.688837051391602,-5.5585996740970485,-7.006671599532435,-9.060020160827435,-8.840792309515727,0.0008821183260172796,0.0007202485098246532,1.0023969848922287,1.0023991075476313,1.0014342689212432,1.0015074359918916,-0.00012004056230368588,0.00016848837117001565
3000,17,5.4724931716918945,-7.3527398758824525,-7.408615861771395,-8.882137085546509,-8.868931625578785,0.00047415821662749114,0.0006444969727038516,1.0023398266272354,1.0023856181399025,1.0018838317180814,1.0016230078413557,-0.00032918580345450764,0.00014413931505781225
3001,17,5.056873321533203,-8.76578316412262,-7.936475136439955,-8.861902205455241,-8.856724386264483,0.00048188048934675427,0.0006182869877173199,1.0022232726428653,1.0024077204405963,1.0018606924693472,1.001645153631793,0.000702404207116347,0.00023002560009044635
3002,17,5.041468143463135,-8.855128228853266,-8.198186463054418,-8.738111644338272,-8.843679994534401,0.0006361274915120163,0.0006612612274032402,1.0025706068752687,1.002486993734865,1.001489935664856,1.0015761120489264,0.00036018197834259037,0.0002667975983876797
3003,17,4.893028736114502,-7.791532097697596,-8.145544047791468,-8.896045346153516,-8.862968029470633,0.0008555472551616864,0.0007286331917568628,1.0026320053671138,1.0025837990527204,1.001356186559157,1.0015081693136005,0.00029100115978792295,0.00022904588281334685
3004,17,4.868259429931641,-7.5806969159393045,-8.002294554718626,-8.943043512363202,-8.914075726928807,0.0007460407615558547,0.0007661290171655954,1.002572389042402,1.0026759865957777,1.001591473491666,1.0015087065262742,2.0230691003539173e-05,0.00017110310065071625
3005,17,4.632972717285156,-8.189880026320981,-7.886132262223698,-8.932941151317925,-9.001588573357932,0.0007555663207114715,0.00076068432036109,1.0028745036056308,1.0027566735472386,1.0015498714317173,1.0015907855997528,-4.5499054704342794e-05,0.0001641045989117201
3006,17,4.701612949371338,-7.793806054332915,-7.760423603491095,-9.091240465680944,-9.137112580070685,0.0007636835440836997,0.0007028969929989469,1.0027863205103333,1.0027970387984384,1.0016443162873405,1.0017797505914348,0.0004721614883235215,0.00021169171292384568
3007,17,4.623058319091797,-7.451503804831641,-7.664876660176656,-9.332115675500086,-9.30560420096783,0.0007310648115398389,0.0005852161501052854,1.002858880227418,1.0028010802838305,1.0018643251219432,1.0020811043736335,0.0002752478831607075,0.00025110409712703546
3008,17,4.666841506958008,-7.469473202731681,-7.659545588842802,-9.485686365482328,-9.471530608978522,0.0002868272204301033,0.0004350101587770398,1.0026804680720784,1.0027849499177472,1.0026806331123177,1.0024276590200212,0.0001704676602732625,0.00029715526077041504
3009,17,4.507808208465576,-8.060607824471093,-7.712200279626435,-9.683679108035452,-9.6061794413504,0.0001970656578416705,0.0003249991777449476,1.002865269460243,1.0027754506203816,1.0029589284474947,1.0026837077478987,0.00013428176214780506,0.0003855824059560407
3010,17,4.960649490356445,-7.865353712117135,-7.734118104566294,-9.696383536566568,-9.695579617845992,0.00031761149665073717,0.000275460177289487,1.002826966582439,1.0027749340672114,1.0027387233611527,1.0028112699037905,0.0006679879774345868,0.00048497610644628465
3011,17,4.816448211669922,-7.574115025841929,-7.759723820956429,-9.735887142483202,-9.755777437962177,0.0003299342663287581,0.0002496057539688656,1.0026804563534253,1.0028140599223885,1.0027502327844586,1.0028907411312402,0.000806560771832225,0.00047566448240695796
3012,17,4.776379585266113,-7.6026838713567715,-7.885450157354133,-9.779342066262421,-9.808483855012657,0.00027549926149882505,0.000220947224436752,1.0026590140718168,1.0029382223189762,1.00288499702525,1.0029896773417268,0.0008093711217937977,0.00030920510509246794
3013,17,4.654159069061279,-7.808290324525961,-8.127274015233995,-9.841245097106501,-9.86571915837763,0.00012363460677064007,0.00020046346143578312,1.003384163058097,1.003124333087251,1.0032179590717831,1.003109368108488,-0.0009362185407565003,0.00011713095579980021
3014,17,4.75383186340332,-8.964511511153157,-8.353594300487323,-9.796922526121923,-9.924991484912663,0.00014524002581635755,0.00021898925245315487,1.0034244742180505,1.0032604190029915,1.0031481715440782,1.0032106854243825,-0.00013713585647122053,0.00014484168583330144
3015,17,5.155724048614502,-9.367895568407642,-8.346208600130534,-10.117310237824633,-9.960705120033426,0.0002528948765972196,0.000277611220982174,1.0032356940018625,1.0033188794693062,1.003477984937823,1.0032790147671529,0.001263651516912069,0.00027337415851961584
3016,17,5.211925029754639,-7.348425210391759,-8.167159253739586,-9.96491766131295,-9.912406855347765,0.0004327758411027462,0.0003416433878147237,1.003293665552222,1.0033477890340095,1.003236698570785,1.003304356637748,0.0005231388503953291,0.0002720195217473261
3017,17,5.175005912780762,-6.719137783306192,-8.217931637765648,-10.036021566555988,-9.76704952656633,0.00034875609549183507,0.000369030823844138,1.00340387770772,1.003376440549041,1.0035094151154402,1.003334370846682,-0.0008668918732451605,0.0002504813165273965
3018,17,4.846767902374268,-9.24251324698474,-8.575729032726377,-9.332332020952506,-9.566674605523055,0.0005250056839983769,0.0003453200876418628,1.0034342938695102,1.0034105668011355,1.0028862813822161,1.0034257943244727,0.00046910451616856397,0.0003944138013705785
3019,17,4.883240699768066,-10.009839070170706,-8.786679998400063,-9.261830999887945,-9.430210560877224,0.0001573944982442115,0.00027297381551252364,1.0033060956933768,1.0034628632543126,1.0037667017650873,1.0036419821646085,0.001216066321240885,0.0005302245796521898
3020,17,4.639349937438965,-8.573573312430652,-8.614530816858565,-9.434369084208106,-9.40105667091427,0.00017739477785242195,0.00020668496411791178,1.0036566884280325,1.0035429203783677,1.0040287221097253,1.0038795509388654,0.0005842255214875195,0.00047527260047566306
3021,17,4.704359531402588,-7.65055803756392,-8.315058403083448,-9.475400143484869,-9.444653646511085,0.0001374753149804866,0.00017333583062348985,1.0036593110288985,1.0036169369900905,1.0041432627596731,1.004044940666311,-7.123235129949021e-05,0.00030808180969167984
3022,17,4.473886489868164,-7.96839833596214,-8.1778601431402,-9.521180589390614,-9.526381489052987,0.0001479667565844413,0.00017556211200210655,1.0035787799692206,1.0036825099721853,1.0041563133600981,1.0041190779593472,0.00019441486185669375,0.00017368539483863184
3023,17,4.623022079467773,-8.392481099195145,-8.228328015973855,-9.649476279872518,-9.625330739302703,0.00020294927047054392,0.00019775894024023707,1.0037017598076698,1.003753367641662,1.0041421977852671,1.004135621528024,7.675615169857801e-05,9.139101680679559e-05
3024,17,4.546818256378174,-8.819100329705355,-8.368883358217388,-9.624729969862768,-9.723657519811912,0.00023682234508082237,0.00021130535291398575,1.0040025596284718,1.0038038774811366,1.0040524824018853,1.0041515626644701,0.0001376495750348726,5.246194962679337e-05
3025,17,4.478292942047119,-7.9628188885649,-8.583996714752752,-9.83069496370297,-9.802753347092363,0.0003100543321778448,0.00018926830212713858,1.0037073568492507,1.0037982132791778,1.0040057855417703,1.0042206265484053,0.00021693736964952716,5.257841026694082e-05
3026,17,4.469976425170898,-8.592704219962805,-8.981392494884684,-9.922753363807166,-9.81236634461787,0.00012176046889791195,0.00012578734890699556,1.0039230226425775,1.0037605945402435,1.0044037044714949,1.004340723101174,-0.0006296411773659804,0.00013270131176433358
3027,17,4.383358955383301,-9.95698010749741,-9.443817463615305,-9.889174256818892,-9.713739876065464,-3.2204109906958174e-05,6.177317457960229e-05,1.003493547768174,1.0037149142837236,1.0046748544440773,1.0044268057746093,0.0009210438639969575,0.0003318517572319354
3028,17,4.480091094970703,-9.975293861590872,-9.700186994003158,-9.474805386469736,-9.528099928334989,3.1029655946045816e-05,3.904466345791314e-05,1.0036367347587254,1.0037162108056252,1.0043842566308696,1.004420501899495,0.0007157786034902549,0.0004764785499606373
3029,17,4.6338605880737305,-9.583959429115266,-9.660970917910037,-9.211993591585157,-9.347654846895681,2.7130491328665303e-05,6.312053929470101e-05,1.0038588474685985,1.0037443511659894,1.0043732586600485,1.0043587883239247,0.0002473104394170965,0.0005650577696122474
3030,17,4.521664619445801,-9.449252179382418,-9.379645604029285,-9.115570358847155,-9.248884547500388,0.00012483717809541408,0.00012446553547841677,1.0037882072148505,1.0037394685083654,1.0041958489005307,1.0042897398786192,0.0005910645022476945,0.0007109299384308397
3031,17,4.551219940185547,-8.961481562213272,-8.913488444467228,-9.286399424803053,-9.241473344740028,0.00027059504878516676,0.00019969098780471572,1.0037428755948679,1.0036806458647445,1.0041799237160733,1.0042546886350194,0.0010584905357031956,0.0009225010532274022
3032,17,4.53790283203125,-8.145982407015886,-8.342866803569574,-9.348917389982667,-9.27762446787752,0.0002458989647675619,0.0002687860306021639,1.0034972367718553,1.003581146947678,1.0043306418950175,1.004254734208905,0.001148917391226279,0.001147418802373458
